pc,kappa_0.0735436,kappa_0.735436,kappa_7.35436,kappa_73.5436,kappa_735.436
1.000000000000000000e+00,3.056562183288588598e-04,3.428040015376183870e-04,7.377751914664595250e-04,6.954659104528321083e-03,8.404603078319891618e-02
2.000000000000000000e+00,6.024313762398124774e-04,6.751653418112265985e-04,1.442919495210534227e-03,1.281691393227332547e-02,1.254873360691265982e-01
3.000000000000000000e+00,8.970300982197114935e-04,1.004640852226803887e-03,2.132696826102217346e-03,1.795648743211486834e-02,1.510022365172934977e-01
4.000000000000000000e+00,1.305471838173743191e-03,1.461329385647412151e-03,3.086610166961071752e-03,2.493579768399347210e-02,1.839099897763500913e-01
5.000000000000000000e+00,1.640962311998151856e-03,1.835914191847083481e-03,3.858264620661364455e-03,3.001295302347468247e-02,2.022123454389647135e-01
6.000000000000000000e+00,2.015627545039430993e-03,2.254128251564155999e-03,4.717600870483786360e-03,3.556127748241185577e-02,2.213745453921658335e-01
7.000000000000000000e+00,2.448115663326584906e-03,2.736234479381802198e-03,5.695433901979672121e-03,4.131344308591754222e-02,2.377446482067757660e-01
8.000000000000000000e+00,2.898385274833644408e-03,3.237671416235344060e-03,6.703008018515080844e-03,4.687271758076143324e-02,2.517979576367011529e-01
9.000000000000000000e+00,3.579629507730840848e-03,3.996144359934844167e-03,8.223509047704307892e-03,5.513189487610767325e-02,2.721133653475869552e-01
1.000000000000000000e+01,4.170622458620463352e-03,4.652999216557505979e-03,9.518914235688060929e-03,6.146159450025211191e-02,2.852381052092602398e-01
1.100000000000000000e+01,4.716706427753826480e-03,5.259549514969077445e-03,1.070787633479734248e-02,6.705658408874465293e-02,2.962143835731104180e-01
1.200000000000000000e+01,5.114792454883817195e-03,5.701506051389650630e-03,1.157037297117312000e-02,7.100733093820893460e-02,3.036749763296362481e-01
1.300000000000000000e+01,5.817196614994527698e-03,6.480905022131827967e-03,1.308387878434794441e-02,7.773724311030681677e-02,3.158780726043081133e-01
1.400000000000000000e+01,6.572549327374727600e-03,7.318100344301924770e-03,1.469239932591471370e-02,8.445916178778607730e-02,3.271242234732337772e-01
1.500000000000000000e+01,7.096775631186117740e-03,7.899031275299292845e-03,1.580685137381707822e-02,8.907597802427461020e-02,3.347650525010267275e-01
1.600000000000000000e+01,7.692004063005756544e-03,8.557987013194321910e-03,1.705935373901208349e-02,9.400251492015018751e-02,3.424250433371594515e-01
1.700000000000000000e+01,9.025523432439945537e-03,1.003348935682580115e-02,1.985009909624011609e-02,1.046867836999771512e-01,3.585275884861415796e-01
1.800000000000000000e+01,1.005584610368711121e-02,1.117295682743277112e-02,2.199561097797042911e-02,1.127039887044646443e-01,3.702861768615213212e-01
1.900000000000000000e+01,1.073524330305082597e-02,1.192377244671568789e-02,2.339982299398812859e-02,1.177667920105113508e-01,3.774284321468375225e-01
2.000000000000000000e+01,1.140973516677545874e-02,1.266876253564836602e-02,2.478623579472819666e-02,1.226378116776387084e-01,3.841155322000915362e-01
2.100000000000000000e+01,1.214977249040155236e-02,1.348579657708571557e-02,2.630074891213474847e-02,1.278524451837441955e-01,3.911270940995142942e-01
2.200000000000000000e+01,1.292168741898543083e-02,1.433757379673426292e-02,2.787207064955702501e-02,1.331321167155477547e-01,3.980538358512470953e-01
2.300000000000000000e+01,1.357414717541380322e-02,1.505730175007547432e-02,2.919585675986916679e-02,1.375144113569993221e-01,4.037195598140169706e-01
2.400000000000000000e+01,1.450878438567050795e-02,1.608803036070186390e-02,3.108717746481111377e-02,1.437022518057232690e-01,4.116285341978199175e-01
2.500000000000000000e+01,1.522747144465453305e-02,1.688018849203765451e-02,3.253380729337287947e-02,1.483253221052437676e-01,4.174062275962640012e-01
2.600000000000000000e+01,1.602996780807304858e-02,1.776416783694552068e-02,3.413898386897681186e-02,1.533160632463533013e-01,4.234855667083488595e-01
2.700000000000000000e+01,1.677155312373577317e-02,1.858044798872695441e-02,3.561140628648754025e-02,1.577515900138476423e-01,4.287358610059158193e-01
2.800000000000000000e+01,1.749871372473986789e-02,1.938066899334054891e-02,3.705192517009692904e-02,1.620497218218277247e-01,4.337804440083819491e-01
2.900000000000000000e+01,1.890242059497598479e-02,2.092480243699090109e-02,3.982179622984535761e-02,1.701793773270194043e-01,4.431849782628977108e-01
3.000000000000000000e+01,1.969977353074743587e-02,2.180171811981570021e-02,4.139153491938541568e-02,1.747424350150178773e-01,4.484196534155072689e-01
3.100000000000000000e+01,2.047231542930795165e-02,2.265085634455087787e-02,4.290372892570882418e-02,1.790356720246698841e-01,4.532464357090435492e-01
3.200000000000000000e+01,2.197321307616282096e-02,2.430010581480568366e-02,4.583351975829810798e-02,1.872605537807149056e-01,4.624064264558599979e-01
3.300000000000000000e+01,2.269029146060341090e-02,2.508751905893535916e-02,4.722377099882458379e-02,1.910579564755928439e-01,4.665409012370189679e-01
3.400000000000000000e+01,2.362667409823823381e-02,2.611522044098217241e-02,4.903005272754303728e-02,1.958939196906771263e-01,4.717215638903625163e-01
3.500000000000000000e+01,2.452782849845161137e-02,2.710377966916751799e-02,5.076012256399662498e-02,2.004403073620950326e-01,4.765204069168194057e-01
3.600000000000000000e+01,2.550798597012024146e-02,2.817892484223177493e-02,5.264049318856699189e-02,2.053676676331515627e-01,4.817097791171716659e-01
3.700000000000000000e+01,2.623124872285818865e-02,2.897171194864251245e-02,5.401831889080864479e-02,2.088818036336613782e-01,4.853338469566739199e-01
3.800000000000000000e+01,2.709046268404063929e-02,2.991308478863805020e-02,5.564776785075090104e-02,2.129671055177212169e-01,4.894923308510502613e-01
3.900000000000000000e+01,2.813244396101953135e-02,3.105440872904274840e-02,5.761888082730432653e-02,2.178626047118468467e-01,4.944402565492542201e-01
4.000000000000000000e+01,2.924526359026440731e-02,3.227285459446529309e-02,5.971608858878344611e-02,2.229984718085918083e-01,4.995769704468398520e-01
4.100000000000000000e+01,3.049277435676832695e-02,3.363823234238718513e-02,6.205803167878790050e-02,2.286518258600915565e-01,5.051717639537970372e-01
4.200000000000000000e+01,3.130244290265159907e-02,3.452360535746331477e-02,6.356483238146787285e-02,2.321752951500712647e-01,5.085796304643552812e-01
4.300000000000000000e+01,3.218890717260198403e-02,3.549234121757462862e-02,6.520447296117282132e-02,2.359259896382319976e-01,5.121514594406054721e-01
4.400000000000000000e+01,3.336240369178429532e-02,3.677457900040131955e-02,6.737225026666128491e-02,2.408623175226058954e-01,5.168375136752981769e-01
4.500000000000000000e+01,3.446860837274737938e-02,3.798268324922361022e-02,6.940585112007451041e-02,2.454145406095218918e-01,5.211081674074791170e-01
4.600000000000000000e+01,3.527167023552209985e-02,3.885916657490211257e-02,7.087321729188268693e-02,2.486302534663331620e-01,5.240817706033086276e-01
4.700000000000000000e+01,3.643615762529691521e-02,4.012994649493625138e-02,7.299820374530620326e-02,2.532660876684867390e-01,5.283555418208589760e-01
4.800000000000000000e+01,3.769400572765523039e-02,4.150166223913944602e-02,7.527841191413665867e-02,2.581288047071899072e-01,5.327712844746657073e-01
4.900000000000000000e+01,3.875883644687545815e-02,4.266279567230352177e-02,7.720725837129602254e-02,2.622316155525145631e-01,5.364906525680490645e-01
5.000000000000000000e+01,3.961754146406020610e-02,4.359860103334926157e-02,7.875384309070042332e-02,2.654582541677828478e-01,5.393790584567642599e-01
5.100000000000000000e+01,4.088505583116445324e-02,4.497981079765559637e-02,8.103497500068571058e-02,2.702051763721758926e-01,5.436213437862206233e-01
5.200000000000000000e+01,4.185601378060771482e-02,4.603772606478308271e-02,8.278023660822234064e-02,2.738219610046517816e-01,5.468450185222549775e-01
5.300000000000000000e+01,4.270556940285048786e-02,4.696306080551823636e-02,8.430247975928480131e-02,2.769436319899093446e-01,5.496087550740635930e-01
5.400000000000000000e+01,4.355176634347975723e-02,4.788416002148459388e-02,8.580968963980915853e-02,2.799742373503106285e-01,5.522586778852753842e-01
5.500000000000000000e+01,4.444183749528343719e-02,4.885287242299430482e-02,8.739279911974365267e-02,2.831427066176856466e-01,5.550211013172259289e-01
5.600000000000000000e+01,4.545750296340517194e-02,4.995804220335611084e-02,8.919567159826322089e-02,2.867274591362140579e-01,5.581337269640311849e-01
5.700000000000000000e+01,4.665073296790311214e-02,5.125615688262129960e-02,9.130959936590894721e-02,2.909041124083456276e-01,5.617460552985423794e-01
5.800000000000000000e+01,4.765861539517556728e-02,5.235227942840584708e-02,9.308973194371668314e-02,2.943867949024940867e-01,5.647399601185595364e-01
5.900000000000000000e+01,4.859610952306817055e-02,5.337114405131741096e-02,9.473471609066275168e-02,2.975382322579830374e-01,5.674147337751660469e-01
6.000000000000000000e+01,4.960716357196701815e-02,5.446939333908361325e-02,9.650026393601633667e-02,3.008696263449559538e-01,5.702165924503385108e-01
6.100000000000000000e+01,5.078437832949436737e-02,5.574794412688292844e-02,9.855310546260716287e-02,3.047261903960288287e-01,5.734517052344150212e-01
6.200000000000000000e+01,5.187194032470139604e-02,5.692874563798987209e-02,1.004438894018776229e-01,3.082449174011764881e-01,5.763869712196549866e-01
6.300000000000000000e+01,5.284417367022940792e-02,5.798427603829366117e-02,1.021333399379110857e-01,3.113841672840924057e-01,5.790033282345473653e-01
6.400000000000000000e+01,5.377506471878014394e-02,5.899451059910712503e-02,1.037447735380131325e-01,3.143431341369301579e-01,5.814523436233152154e-01
6.500000000000000000e+01,5.488608582821299930e-02,6.019974578501437884e-02,1.056608167883835020e-01,3.178210171843867671e-01,5.843115977663778660e-01
6.600000000000000000e+01,5.587679151829098856e-02,6.127415472746110259e-02,1.073647849831182999e-01,3.208886665586796472e-01,5.868216882922774325e-01
6.700000000000000000e+01,5.704614503094384420e-02,6.254172076225857080e-02,1.093673700224085943e-01,3.244470527362626200e-01,5.897116390967959143e-01
6.800000000000000000e+01,5.823949043506774365e-02,6.383487163518140883e-02,1.114048263045323145e-01,3.280343189067609355e-01,5.926099371905643176e-01
6.900000000000000000e+01,5.943351280270547932e-02,6.512822573673351934e-02,1.134356637832946851e-01,3.315692758713476573e-01,5.954476829164210283e-01
7.000000000000000000e+01,6.066147821344995694e-02,6.645788137084975011e-02,1.155174446670644423e-01,3.351580190932771930e-01,5.983131182969123607e-01
7.100000000000000000e+01,6.164669163867265295e-02,6.752450579796619168e-02,1.171851196924347666e-01,3.380198482563014362e-01,6.005923973470345123e-01
7.200000000000000000e+01,6.268753885338497478e-02,6.865086115233966224e-02,1.189397215022533344e-01,3.409945776833420150e-01,6.029458393454779630e-01
7.300000000000000000e+01,6.372066104017891364e-02,6.976880793082684828e-02,1.206805942956745981e-01,3.439425261034939063e-01,6.052765762757689183e-01
7.400000000000000000e+01,6.489803184328796215e-02,7.104257270044382622e-02,1.226605807386811908e-01,3.472759004385983506e-01,6.079036663206157654e-01
7.500000000000000000e+01,6.598486687868539147e-02,7.221808586382959250e-02,1.244839493530224134e-01,3.503243340108731507e-01,6.102971270775318091e-01
7.600000000000000000e+01,6.700710302469210788e-02,7.332335849699556096e-02,1.261936287213344943e-01,3.531571514294661873e-01,6.125105387604757867e-01
7.700000000000000000e+01,6.828702033485252454e-02,7.470685256784545536e-02,1.283286936628856290e-01,3.566683185604483941e-01,6.152429323602346400e-01
7.800000000000000000e+01,6.930551086113441450e-02,7.580737707965368166e-02,1.300221649692309411e-01,3.594275560710566420e-01,6.173795748631941693e-01
7.900000000000000000e+01,7.060955298724122531e-02,7.721606332811729867e-02,1.321849144831331868e-01,3.629259615405772132e-01,6.200782143447136630e-01
8.000000000000000000e+01,7.178671143584032521e-02,7.848731256755271668e-02,1.341319864268121220e-01,3.660516154982692560e-01,6.224796663233038707e-01
8.100000000000000000e+01,7.299694030423693747e-02,7.979404694244761342e-02,1.361305414146887494e-01,3.692454018027610529e-01,6.249276354858464000e-01
8.200000000000000000e+01,7.422370794026349194e-02,8.111826649964178071e-02,1.381511827222792477e-01,3.724511497853324471e-01,6.273754850673205485e-01
8.300000000000000000e+01,7.511134201114377795e-02,8.207604621801228850e-02,1.396081107373047525e-01,3.747400507789410695e-01,6.291143933245515463e-01
8.400000000000000000e+01,7.657331039896524139e-02,8.365346081377622589e-02,1.420065239320993933e-01,3.785028090927322064e-01,6.319709483755177049e-01
8.500000000000000000e+01,7.793518243043921767e-02,8.512258750784824912e-02,1.442367271770072235e-01,3.819843221380656018e-01,6.346072294336113639e-01
8.600000000000000000e+01,7.941445175288770753e-02,8.671786140900308859e-02,1.466523029144621570e-01,3.857257087975533572e-01,6.374289009805421680e-01
8.700000000000000000e+01,8.057086072823435585e-02,8.796473896839850093e-02,1.485376585702628538e-01,3.886330922125328380e-01,6.396166862015441046e-01
8.800000000000000000e+01,8.160639943517003503e-02,8.908105617032374690e-02,1.502227221202726282e-01,3.912179926383669848e-01,6.415566144143837191e-01
8.900000000000000000e+01,8.259006017148430578e-02,9.014078855641287358e-02,1.518143059010151064e-01,3.936220356324186542e-01,6.433467871719020792e-01
9.000000000000000000e+01,8.378023483052492171e-02,9.142268717053576854e-02,1.537356837386783248e-01,3.965065368731229833e-01,6.454881701174608466e-01
9.100000000000000000e+01,8.471301116941920561e-02,9.242697136242111755e-02,1.552363696911601421e-01,3.987387812202512483e-01,6.471377419146197019e-01
9.200000000000000000e+01,8.616786837342475802e-02,9.399296177496328786e-02,1.575716042788794236e-01,4.021910280172364405e-01,6.496810832552050163e-01
9.300000000000000000e+01,8.713301285264866969e-02,9.503176485478595503e-02,1.591198858245545800e-01,4.044763507836193206e-01,6.513634392094650449e-01
9.400000000000000000e+01,8.826268081811750044e-02,9.624740534741098308e-02,1.609288230032191735e-01,4.071335961325395769e-01,6.533149606298194190e-01
9.500000000000000000e+01,8.929832156512212959e-02,9.736156234810564025e-02,1.625831487384749585e-01,4.095480362692240917e-01,6.550825408880391887e-01
9.600000000000000000e+01,9.043514913265675303e-02,9.858442404761059985e-02,1.643970470754472779e-01,4.121874284395409260e-01,6.570119724251505255e-01
9.700000000000000000e+01,9.171489455952294700e-02,9.996064180694241852e-02,1.664339198669657072e-01,4.151319522346163526e-01,6.591576185774326024e-01
9.800000000000000000e+01,9.331747474689375266e-02,1.016834915931136701e-01,1.689774212309709533e-01,4.187817052900672521e-01,6.618076272609034749e-01
9.900000000000000000e+01,9.442920680271341127e-02,1.028782737043286433e-01,1.707367925384948859e-01,4.212873314509240630e-01,6.636203188803955211e-01
1.000000000000000000e+02,9.573536673097580996e-02,1.042817270206294611e-01,1.728001277371916666e-01,4.242121071540211341e-01,6.657314932454496681e-01
1.010000000000000000e+02,9.680732646500721239e-02,1.054334502721911843e-01,1.744923758283927484e-01,4.266067504956008172e-01,6.674585856748938006e-01
1.020000000000000000e+02,9.806503355334787730e-02,1.067843545476490213e-01,1.764727323095585665e-01,4.293904472173556419e-01,6.694598973208546466e-01
1.030000000000000000e+02,9.927184925167557850e-02,1.080805146208468348e-01,1.783718789587503684e-01,4.320560927896985870e-01,6.713750063760046682e-01
1.040000000000000000e+02,1.005907649541206844e-01,1.094963961800156649e-01,1.804385299092149952e-01,4.349250250159714670e-01,6.734254337649833166e-01
1.050000000000000000e+02,1.020168655327228918e-01,1.110267908455061653e-01,1.826659148916006115e-01,4.379917035324267793e-01,6.756087174439608933e-01
1.060000000000000000e+02,1.032383570896858171e-01,1.123374051262075596e-01,1.845710178075126440e-01,4.406052197938039039e-01,6.774662414156329415e-01
1.070000000000000000e+02,1.042517170491383399e-01,1.134245526819612632e-01,1.861495637099932765e-01,4.427640114533329396e-01,6.789983460850040897e-01
1.080000000000000000e+02,1.057387565353401226e-01,1.150190960505988735e-01,1.884559342729322240e-01,4.458838257660669435e-01,6.812012693928926055e-01
1.090000000000000000e+02,1.068632354914051813e-01,1.162247435578300792e-01,1.901983728238925975e-01,4.482353686347573807e-01,6.828599377335891063e-01
1.100000000000000000e+02,1.080808126118676660e-01,1.175296639082420991e-01,1.920780467897708899e-01,4.507485951734393481e-01,6.846250678404480761e-01
1.110000000000000000e+02,1.091011334731531585e-01,1.186230544475451315e-01,1.936516167659476095e-01,4.528472878470391483e-01,6.860973678094178796e-01
1.120000000000000000e+02,1.102129796728760075e-01,1.198144132317909838e-01,1.953649085187301182e-01,4.551275955619228930e-01,6.876955600754034448e-01
1.130000000000000000e+02,1.112586093382362668e-01,1.209344938256826235e-01,1.969719904348105344e-01,4.572528507050861446e-01,6.891807263553645369e-01
1.140000000000000000e+02,1.123782950192164232e-01,1.221337326416358227e-01,1.986907141611388150e-01,4.595186504790069737e-01,6.907618605649389343e-01
1.150000000000000000e+02,1.135098380686096892e-01,1.233454859182626095e-01,2.004252776728197016e-01,4.617976858055469203e-01,6.923498183323942845e-01
1.160000000000000000e+02,1.147718319514570012e-01,1.246963771051864678e-01,2.023527016744391394e-01,4.643073649885934295e-01,6.940913738484906226e-01
1.170000000000000000e+02,1.158798053566155589e-01,1.258820794876548965e-01,2.040408610721872462e-01,4.664927518902442505e-01,6.956039377656050293e-01
1.180000000000000000e+02,1.171314782964081869e-01,1.272214076422995832e-01,2.059460136338544523e-01,4.689529050426891610e-01,6.973047766261977198e-01
1.190000000000000000e+02,1.182847384333355345e-01,1.284552754791963569e-01,2.076994129907483444e-01,4.712109644281403664e-01,6.988640071523929409e-01
1.200000000000000000e+02,1.194329102976538076e-01,1.296836202360995005e-01,2.094440800628872001e-01,4.734546723421468872e-01,7.004123722595324564e-01
1.210000000000000000e+02,1.205483460014005609e-01,1.308767282518097097e-01,2.111363057263100362e-01,4.756225676166148664e-01,7.019058555007239297e-01
1.220000000000000000e+02,1.216646625419891270e-01,1.320703681814206776e-01,2.128247282814616781e-01,4.777698090709775469e-01,7.033803156890648944e-01
1.230000000000000000e+02,1.229903582822996916e-01,1.334875311196953018e-01,2.148253521295350466e-01,4.803004658709072450e-01,7.051139454238114501e-01
1.240000000000000000e+02,1.240904478317695486e-01,1.346631815360169737e-01,2.164812739242845951e-01,4.823823496401733468e-01,7.065363215491774485e-01
1.250000000000000000e+02,1.252955301827412826e-01,1.359506515542378002e-01,2.182904661329870821e-01,4.846427270154379796e-01,7.080764206680973949e-01
1.260000000000000000e+02,1.264531316502584268e-01,1.371870440826678250e-01,2.200240436816883749e-01,4.867958705742456704e-01,7.095396846453717599e-01
1.270000000000000000e+02,1.276793999535064672e-01,1.384965724555713706e-01,2.218579302048828417e-01,4.890662184390296985e-01,7.110804269027645175e-01
1.280000000000000000e+02,1.286388308832323579e-01,1.395211150931805755e-01,2.232923807515575509e-01,4.908409563891310001e-01,7.122845037255410849e-01
1.290000000000000000e+02,1.298316614255749235e-01,1.407946457504934412e-01,2.250726988648393267e-01,4.930346413883795464e-01,7.137701903150566185e-01
1.300000000000000000e+02,1.310664109645645614e-01,1.421126861265122054e-01,2.269125722892467167e-01,4.952930317491648360e-01,7.152971691853893255e-01
1.310000000000000000e+02,1.321791971930436072e-01,1.433001383283624419e-01,2.285658454651688654e-01,4.973084833245529635e-01,7.166558692918763018e-01
1.320000000000000000e+02,1.333219676605637005e-01,1.445193794930010600e-01,2.302611397480849309e-01,4.993680053666335050e-01,7.180422175719162192e-01
1.330000000000000000e+02,1.346110784298368834e-01,1.458946278440444166e-01,2.321719976618056014e-01,5.016850848826849285e-01,7.196006967740966598e-01
1.340000000000000000e+02,1.359608104069552348e-01,1.473343818175787412e-01,2.341706926120074028e-01,5.041029922983841782e-01,7.212253643797253977e-01
1.350000000000000000e+02,1.371625200882743700e-01,1.486154494265488624e-01,2.359406081136434241e-01,5.062175968483796362e-01,7.226387271805905232e-01
1.360000000000000000e+02,1.386242181588308309e-01,1.501733025790765452e-01,2.380889615152042837e-01,5.087720969320096431e-01,7.243426658934877249e-01
1.370000000000000000e+02,1.397495982771113088e-01,1.513726644269157706e-01,2.397424131862252172e-01,5.107365197122206713e-01,7.256525495775764112e-01
1.380000000000000000e+02,1.408055049302616712e-01,1.524978538733222644e-01,2.412922074621375312e-01,5.125734915624841070e-01,7.268762445545943196e-01
1.390000000000000000e+02,1.419735553305506992e-01,1.537423174557002170e-01,2.430038649762963077e-01,5.145949416421102818e-01,7.282207708789681933e-01
1.400000000000000000e+02,1.430878927386813326e-01,1.549292077986043070e-01,2.446326665691528623e-01,5.165074504175865000e-01,7.294897630714338721e-01
1.410000000000000000e+02,1.442901323202884778e-01,1.562093699606200425e-01,2.463857358045731805e-01,5.185546979385375899e-01,7.308450788961992073e-01
1.420000000000000000e+02,1.455605014482407866e-01,1.575618660097389545e-01,2.482356337155083026e-01,5.207084017069424364e-01,7.322690531461820695e-01
1.430000000000000000e+02,1.467342212478436325e-01,1.588113655318559025e-01,2.499436155386050296e-01,5.226937979960631919e-01,7.335809015043129877e-01
1.440000000000000000e+02,1.476889938488759602e-01,1.598273647854986657e-01,2.513280471737824318e-01,5.242902602771778442e-01,7.346322760523499307e-01
1.450000000000000000e+02,1.488537697035676177e-01,1.610666913015718349e-01,2.530152984915914338e-01,5.262315705351418016e-01,7.359095771798997987e-01
1.460000000000000000e+02,1.499815402263562636e-01,1.622663142353247268e-01,2.546450587743991911e-01,5.280967875086324259e-01,7.371341333512635430e-01
1.470000000000000000e+02,1.512892583194062335e-01,1.636570478845004728e-01,2.565313189953245532e-01,5.302465609567215132e-01,7.385430942572933644e-01
1.480000000000000000e+02,1.525921512451893503e-01,1.650423538392934431e-01,2.584071465352991703e-01,5.323756901523588603e-01,7.399361888910446217e-01
1.490000000000000000e+02,1.537316433066791554e-01,1.662539114501049298e-01,2.600475817757905705e-01,5.342372953650544876e-01,7.411541497269370504e-01
1.500000000000000000e+02,1.550025602973422456e-01,1.676049204748175647e-01,2.618738826676886289e-01,5.363014769320147979e-01,7.425024294118361956e-01
1.510000000000000000e+02,1.561500615942277848e-01,1.688245398158215171e-01,2.635205435364663673e-01,5.381569175340431554e-01,7.437128546099144311e-01
1.520000000000000000e+02,1.572676633860926598e-01,1.700123149157639346e-01,2.651235339874449259e-01,5.399612543519244356e-01,7.448894401631087625e-01
1.530000000000000000e+02,1.586964054989164208e-01,1.715301877569190558e-01,2.671660677516838334e-01,5.422437986100762108e-01,7.463735185098108182e-01
1.540000000000000000e+02,1.597824653015354757e-01,1.726834798748076161e-01,2.687126795165891147e-01,5.439575433288981188e-01,7.474839759299577446e-01
1.550000000000000000e+02,1.611610058818731539e-01,1.741472735561171437e-01,2.706748180827238670e-01,5.461293510569255050e-01,7.488906307718626865e-01
1.560000000000000000e+02,1.623150111415459229e-01,1.753723813092538664e-01,2.723143168271259240e-01,5.479367358678832733e-01,7.500593652438081183e-01
1.570000000000000000e+02,1.635493855610923586e-01,1.766827089988642630e-01,2.740668341128580932e-01,5.498659385715402026e-01,7.513061570535405354e-01
1.580000000000000000e+02,1.647038451144010596e-01,1.779080993680570433e-01,2.757046833005684094e-01,5.516660368734834785e-01,7.524687717196567593e-01
1.590000000000000000e+02,1.659871232390867091e-01,1.792697120989263926e-01,2.775194348798282751e-01,5.536467456217312177e-01,7.537445044065278488e-01
1.600000000000000000e+02,1.674071278333829349e-01,1.807760939764958275e-01,2.795240727112235368e-01,5.558265952986352065e-01,7.551464353739621993e-01
1.610000000000000000e+02,1.684897651632101812e-01,1.819243031961884915e-01,2.810492128303645476e-01,5.574775295108840290e-01,7.562063023571252707e-01
1.620000000000000000e+02,1.698158504797449564e-01,1.833303284037951786e-01,2.829130238054669566e-01,5.594852062818448379e-01,7.574927065487433442e-01
1.630000000000000000e+02,1.711141139839411074e-01,1.847066840810760169e-01,2.847357983296966433e-01,5.614442508463843851e-01,7.587468373353791762e-01
1.640000000000000000e+02,1.725395043540632611e-01,1.862176459259992367e-01,2.867351638868906871e-01,5.635887598641590168e-01,7.601186125537334748e-01
1.650000000000000000e+02,1.737755909222573336e-01,1.875278147554477193e-01,2.884675882117746504e-01,5.654437438516874970e-01,7.613043855867606124e-01
1.660000000000000000e+02,1.751821155584492029e-01,1.890184448249042082e-01,2.904367239794690136e-01,5.675472789453690492e-01,7.626478167812336117e-01
1.670000000000000000e+02,1.763533262913067889e-01,1.902592849084613624e-01,2.920718576984838721e-01,5.692837546788647174e-01,7.637542787311387693e-01
1.680000000000000000e+02,1.776620444356981632e-01,1.916452739164493102e-01,2.938929830226612583e-01,5.712044451475098983e-01,7.649748443148748356e-01
1.690000000000000000e+02,1.789850165393284120e-01,1.930460623933529518e-01,2.957306331064138427e-01,5.731352661094779588e-01,7.662000583168211421e-01
1.700000000000000000e+02,1.801870847770589423e-01,1.943185539184400790e-01,2.973972034617654581e-01,5.748794562910323203e-01,7.673051655666165427e-01
1.710000000000000000e+02,1.815286462212990226e-01,1.957385128660039109e-01,2.992549661227479341e-01,5.768189427413568104e-01,7.685328422976456242e-01
1.720000000000000000e+02,1.829105512817020274e-01,1.972010998132364967e-01,3.011677818912621429e-01,5.788141358261207348e-01,7.697953506841054283e-01
1.730000000000000000e+02,1.839877677286789193e-01,1.983410300349006949e-01,3.026568636252731093e-01,5.803630425921402214e-01,7.707744164169649803e-01
1.740000000000000000e+02,1.851520376357407571e-01,1.995727177851243928e-01,3.042622506955514061e-01,5.820242627273699565e-01,7.718223856172103936e-01
1.750000000000000000e+02,1.863949349538003841e-01,2.008873446479949032e-01,3.059733901400600309e-01,5.837892251313090419e-01,7.729344327667739822e-01
1.760000000000000000e+02,1.875911508528337324e-01,2.021523512949888191e-01,3.076175637865769530e-01,5.854793910296099968e-01,7.739979820979658864e-01
1.770000000000000000e+02,1.892419564486808037e-01,2.038979900609403373e-01,3.098854644528610258e-01,5.878084113480999129e-01,7.754629802986106046e-01
1.780000000000000000e+02,1.904268146130862205e-01,2.051506210330905355e-01,3.115100167564784917e-01,5.894699637915087331e-01,7.765065131848042368e-01
1.790000000000000000e+02,1.917341465661354383e-01,2.065325289296995326e-01,3.133002741219973464e-01,5.912963535625354039e-01,7.776524690506880777e-01
1.800000000000000000e+02,1.933970436681784755e-01,2.082900946689879573e-01,3.155753575823420087e-01,5.936130093942224573e-01,7.791050089698099423e-01
1.810000000000000000e+02,1.947163848824751686e-01,2.096840718100493328e-01,3.173752281017429011e-01,5.954350538828457884e-01,7.802449037322858327e-01
1.820000000000000000e+02,1.957831503328186229e-01,2.108109199334616268e-01,3.188276456238463563e-01,5.968994459877553505e-01,7.811596580192887718e-01
1.830000000000000000e+02,1.970495554476284772e-01,2.121484624094263360e-01,3.205498168101819090e-01,5.986316130219433429e-01,7.822406985729583040e-01
1.840000000000000000e+02,1.984862195666302065e-01,2.136652521683586603e-01,3.224972849480924331e-01,6.005777648464352136e-01,7.834523535777065950e-01
1.850000000000000000e+02,1.999514493127282355e-01,2.152120542941134695e-01,3.244818929774169192e-01,6.025578484764655407e-01,7.846843958326789048e-01
1.860000000000000000e+02,2.011824862074207410e-01,2.165110730582147647e-01,3.261433410473372763e-01,6.042036411166223919e-01,7.857057038975749919e-01
1.870000000000000000e+02,2.025517581333364792e-01,2.179557366365662552e-01,3.279889498857286867e-01,6.060270986116853553e-01,7.868361701490150795e-01
1.880000000000000000e+02,2.040293425030838825e-01,2.195141820044374248e-01,3.299752556245235668e-01,6.079791662833259336e-01,7.880439951598519066e-01
1.890000000000000000e+02,2.053067512443554621e-01,2.208612613013430093e-01,3.316899477360666926e-01,6.096593878950847811e-01,7.890824992630450785e-01
1.900000000000000000e+02,2.064280451372479952e-01,2.220436980991374321e-01,3.331949442575930509e-01,6.111338580186415070e-01,7.899937716180848168e-01
1.910000000000000000e+02,2.075212175153848537e-01,2.231964057955385383e-01,3.346614051981591786e-01,6.125690362478022344e-01,7.908804106906918152e-01
1.920000000000000000e+02,2.088787777020877368e-01,2.246275279644853462e-01,3.364785722593535144e-01,6.143397766319345088e-01,7.919726228553756187e-01
1.930000000000000000e+02,2.100508575166442626e-01,2.258627904543588361e-01,3.380439740699875406e-01,6.158584877030146565e-01,7.929078722710681815e-01
1.940000000000000000e+02,2.114827316020594095e-01,2.273717099675361675e-01,3.399548480000044726e-01,6.177094957227228234e-01,7.940471105439995680e-01
1.950000000000000000e+02,2.127410608971034567e-01,2.286976599796053111e-01,3.416332037739444605e-01,6.193335203431769020e-01,7.950462545311436369e-01
1.960000000000000000e+02,2.142499182230418464e-01,2.302874346207261502e-01,3.436439531049737539e-01,6.212758325662682823e-01,7.962404675462393389e-01
1.970000000000000000e+02,2.157486769664412052e-01,2.318659026979598692e-01,3.456342167451958436e-01,6.231851139406739959e-01,7.974114239266233417e-01
1.980000000000000000e+02,2.172097908044112458e-01,2.334045231969949508e-01,3.475723812423266446e-01,6.250404689414389425e-01,7.985484307992039010e-01
1.990000000000000000e+02,2.182793696449875365e-01,2.345306359047938383e-01,3.489890413601806074e-01,6.263926256901634071e-01,7.993761852323680861e-01
2.000000000000000000e+02,2.195305322681032345e-01,2.358477015397411614e-01,3.506438141131877906e-01,6.279676128630087284e-01,8.003393702115528807e-01
2.010000000000000000e+02,2.208411420627872657e-01,2.372269013410788219e-01,3.523725694491765537e-01,6.296044776142865063e-01,8.013385216687600732e-01
2.020000000000000000e+02,2.219975702908991155e-01,2.384435799500106701e-01,3.538951333490245044e-01,6.310409635824091312e-01,8.022142347414616959e-01
2.030000000000000000e+02,2.234009223872751582e-01,2.399197822865257457e-01,3.557400455893844349e-01,6.327765727800512829e-01,8.032712090280806905e-01
2.040000000000000000e+02,2.248597434371990833e-01,2.414539620303398637e-01,3.576540327293287747e-01,6.345702208752187490e-01,8.043620201702673667e-01
2.050000000000000000e+02,2.259161494674472304e-01,2.425647917558627631e-01,3.590385228619805691e-01,6.358649246825340828e-01,8.051488035975917779e-01
2.060000000000000000e+02,2.272567231233821594e-01,2.439740576698412322e-01,3.607916015340610905e-01,6.374974722301008923e-01,8.061394159985210139e-01
2.070000000000000000e+02,2.284084108900565624e-01,2.451845004572118514e-01,3.622950100205871715e-01,6.388927923609986070e-01,8.069850655242247761e-01
2.080000000000000000e+02,2.298351883707670795e-01,2.466837280905404550e-01,3.641540370092147261e-01,6.406120242741260018e-01,8.080257098654342052e-01
2.090000000000000000e+02,2.311889356297747167e-01,2.481058785472286810e-01,3.659144393839111609e-01,6.422339710176708794e-01,8.090061706771310979e-01
2.100000000000000000e+02,2.323641326543956498e-01,2.493402605597066779e-01,3.674406492983142147e-01,6.436366471229949537e-01,8.098533385571724530e-01
2.110000000000000000e+02,2.338563102684663997e-01,2.509071535043849721e-01,3.693740960797389228e-01,6.454059442303781147e-01,8.109203105075758478e-01
2.120000000000000000e+02,2.351379702629372570e-01,2.522527983397918061e-01,3.710328409321284604e-01,6.469205381321951887e-01,8.118329811876772162e-01
2.130000000000000000e+02,2.364542348188775345e-01,2.536345779820677881e-01,3.727343661598263025e-01,6.484707542257769353e-01,8.127663912811057267e-01
2.140000000000000000e+02,2.374873857473954464e-01,2.547190633082348499e-01,3.740690078206697078e-01,6.496851643587043812e-01,8.134972810361572604e-01
2.150000000000000000e+02,2.388374867686990088e-01,2.561360813400837544e-01,3.758114102882716967e-01,6.512677352054039304e-01,8.144491443873037584e-01
2.160000000000000000e+02,2.400219427538092531e-01,2.573788641887115869e-01,3.773361914445874099e-01,6.526461320191471183e-01,8.152768400106532587e-01
2.170000000000000000e+02,2.413092841458081561e-01,2.587294038720159839e-01,3.789914516918077014e-01,6.541391644939358319e-01,8.161726789423433548e-01
2.180000000000000000e+02,2.427011353622249290e-01,2.601891248980248705e-01,3.807764691321259831e-01,6.557415016760723692e-01,8.171324944351733288e-01
2.190000000000000000e+02,2.437489236443375618e-01,2.612878128790088184e-01,3.821182978387649976e-01,6.569427856574778790e-01,8.178514076172299641e-01
2.200000000000000000e+02,2.451695286197081713e-01,2.627771699440429320e-01,3.839349774879603494e-01,6.585648966125676740e-01,8.188212801115934969e-01
2.210000000000000000e+02,2.465370562146401712e-01,2.642105367245609626e-01,3.856803404964775916e-01,6.601176641759612940e-01,8.197485250158671466e-01
2.220000000000000000e+02,2.479229533810210773e-01,2.656631239968569314e-01,3.874488141879637859e-01,6.616904434249973876e-01,8.206876070438238191e-01
2.230000000000000000e+02,2.490270819966466376e-01,2.668202028436830187e-01,3.888559316165420832e-01,6.629388971078360449e-01,8.214324322334286554e-01
2.240000000000000000e+02,2.505274794405863981e-01,2.683924542991627527e-01,3.907670643300393820e-01,6.646329088419157261e-01,8.224427430403034034e-01
2.250000000000000000e+02,2.516049970696480065e-01,2.695212318017832231e-01,3.921361487478928209e-01,6.658409264222078239e-01,8.231620774916987848e-01
2.260000000000000000e+02,2.528375109899877460e-01,2.708122290125218323e-01,3.937006810821087610e-01,6.672189927214549066e-01,8.239821799078728137e-01
2.270000000000000000e+02,2.542708203421031876e-01,2.723131312972297824e-01,3.955159600254177232e-01,6.688112721912551351e-01,8.249284132115304313e-01
2.280000000000000000e+02,2.554620189126295404e-01,2.735603681059268211e-01,3.970232527740883421e-01,6.701312351458816874e-01,8.257123799901016081e-01
2.290000000000000000e+02,2.564855023889255903e-01,2.746316578901079053e-01,3.983149550409329498e-01,6.712570470317974491e-01,8.263799544085075333e-01
2.300000000000000000e+02,2.578277787925247755e-01,2.760364936115192735e-01,4.000076412583545848e-01,6.727302054824194633e-01,8.272530644714453096e-01
2.310000000000000000e+02,2.591178330124495610e-01,2.773865903031369484e-01,4.016336575098261585e-01,6.741440545543133656e-01,8.280907643530828199e-01
2.320000000000000000e+02,2.604669710007707084e-01,2.787982269209244301e-01,4.033312623271881892e-01,6.756156214648290081e-01,8.289617531943497264e-01
2.330000000000000000e+02,2.615894386810358463e-01,2.799724313274227216e-01,4.047410914526391457e-01,6.768337312239869341e-01,8.296819266369394041e-01
2.340000000000000000e+02,2.627736430828948588e-01,2.812110702016736297e-01,4.062270181408950132e-01,6.781153422935124464e-01,8.304391948188603045e-01
2.350000000000000000e+02,2.640719307949819794e-01,2.825687188874119737e-01,4.078529982117860553e-01,6.795129533247180609e-01,8.312640502386416941e-01
2.360000000000000000e+02,2.651366805037973506e-01,2.836820141052274757e-01,4.091851559051818965e-01,6.806559452105899188e-01,8.319382223003202181e-01
2.370000000000000000e+02,2.662691308427070913e-01,2.848657719223502971e-01,4.105988629369486387e-01,6.818640707054264283e-01,8.326498559687847134e-01
2.380000000000000000e+02,2.675135764422372220e-01,2.861664449048235137e-01,4.121508857236493850e-01,6.831881164567721321e-01,8.334293208718097645e-01
2.390000000000000000e+02,2.687487395997268380e-01,2.874569212073614932e-01,4.136865484789070124e-01,6.844909589910914693e-01,8.341948809840981083e-01
2.400000000000000000e+02,2.700625089945922763e-01,2.888294886279084150e-01,4.153196011958563694e-01,6.858759129187328440e-01,8.350085896315717626e-01
2.410000000000000000e+02,2.711344596179227073e-01,2.899490517081785290e-01,4.166485722790878032e-01,6.869977392769489599e-01,8.356666776258701024e-01
2.420000000000000000e+02,2.725498350347805299e-01,2.914266417110515373e-01,4.183970624344863776e-01,6.884644144425616785e-01,8.365252602790003156e-01
2.430000000000000000e+02,2.737338136851805714e-01,2.926625275076509269e-01,4.198583943512962935e-01,6.896882926992120577e-01,8.372413387031941712e-01
2.440000000000000000e+02,2.748301499639240197e-01,2.938067272254324958e-01,4.212096311141236837e-01,6.908171376898184501e-01,8.379012675673072064e-01
2.450000000000000000e+02,2.760201836473764048e-01,2.950486029071039962e-01,4.226752820459723781e-01,6.920399996103638873e-01,8.386158568089788767e-01
2.460000000000000000e+02,2.770736347652479892e-01,2.961478603584614122e-01,4.239719015029743687e-01,6.931206366086599679e-01,8.392471055182811890e-01
2.470000000000000000e+02,2.783540692610939615e-01,2.974837091898780983e-01,4.255454099160451698e-01,6.944284114915162398e-01,8.400103378412483446e-01
2.480000000000000000e+02,2.796844174676740846e-01,2.988714246767650295e-01,4.271782896302818155e-01,6.957826753955066446e-01,8.408001536504321471e-01
2.490000000000000000e+02,2.809013876694957390e-01,3.001407086553360970e-01,4.286704498425577547e-01,6.970179757120232855e-01,8.415201571494986821e-01
2.500000000000000000e+02,2.822424530070808957e-01,3.015392842691412278e-01,4.303134603121125390e-01,6.983762743515514737e-01,8.423114905578192868e-01
2.510000000000000000e+02,2.834752708502243368e-01,3.028246346794256638e-01,4.318206796442891626e-01,6.996177603035623749e-01,8.430339021711878988e-01
2.520000000000000000e+02,2.845692577075865648e-01,3.039649612932970313e-01,4.331555566419694192e-01,7.007135654790850321e-01,8.436708358460650592e-01
2.530000000000000000e+02,2.857321803953425943e-01,3.051771009974501569e-01,4.345741463387672865e-01,7.018775181214675918e-01,8.443472713253438178e-01
2.540000000000000000e+02,2.870011921168807989e-01,3.064994540572520410e-01,4.361187142249370319e-01,7.031399731215307591e-01,8.450800320300924096e-01
2.550000000000000000e+02,2.882552241023724204e-01,3.078060567090092903e-01,4.376437274893609231e-01,7.043845807510471513e-01,8.458020815400874026e-01
2.560000000000000000e+02,2.897095245937469921e-01,3.093207362333868504e-01,4.394067942123341397e-01,7.058157842755757860e-01,8.466309391434396758e-01
2.570000000000000000e+02,2.908188857321009624e-01,3.104759753918620580e-01,4.407500085066822226e-01,7.069038287933250286e-01,8.472606240515390130e-01
2.580000000000000000e+02,2.920595950977952215e-01,3.117677988848119308e-01,4.422504359788443362e-01,7.081166926782545001e-01,8.479620727807480884e-01
2.590000000000000000e+02,2.932039873963041554e-01,3.129590722566895633e-01,4.436319218149919474e-01,7.092300127572579438e-01,8.486053174472530936e-01
2.600000000000000000e+02,2.944507655251144551e-01,3.142565995368737930e-01,4.451339818691759653e-01,7.104363542092143602e-01,8.493015361452790346e-01
2.610000000000000000e+02,2.957192781606378662e-01,3.155764118707141130e-01,4.466591379546674401e-01,7.116570339592338534e-01,8.500052498030103987e-01
2.620000000000000000e+02,2.970012514921651081e-01,3.169099361491918287e-01,4.481977753408348253e-01,7.128848397839198103e-01,8.507123947520929264e-01
2.630000000000000000e+02,2.983041746689341633e-01,3.182649666824169388e-01,4.497589254616114474e-01,7.141270616055797049e-01,8.514271887307514053e-01
2.640000000000000000e+02,2.995288536232805776e-01,3.195385845321757068e-01,4.512259633018484983e-01,7.152939119093598697e-01,8.520985233501874312e-01
2.650000000000000000e+02,3.008601960622138138e-01,3.209227969882026965e-01,4.528177338557610732e-01,7.165558993280756184e-01,8.528238464991129142e-01
2.660000000000000000e+02,3.019797494456543663e-01,3.220865512343980552e-01,4.541539193226288296e-01,7.176120987930192374e-01,8.534303162426091216e-01
2.670000000000000000e+02,3.030042677608240642e-01,3.231512128701625186e-01,4.553738918132902991e-01,7.185727436684272718e-01,8.539812451539867677e-01
2.680000000000000000e+02,3.041413233790679627e-01,3.243326443332750775e-01,4.567262590917726683e-01,7.196355156745749548e-01,8.545903572051288810e-01
2.690000000000000000e+02,3.053170317222976271e-01,3.255540404880321592e-01,4.581228111661896363e-01,7.207306640356452299e-01,8.552175991004153932e-01
2.700000000000000000e+02,3.066571647611032181e-01,3.269460698835177648e-01,4.597130301399530716e-01,7.219755317392879679e-01,8.559302022851289493e-01
2.710000000000000000e+02,3.078640470435641818e-01,3.281995052093705789e-01,4.611434709832201162e-01,7.230931541014973263e-01,8.565695739905069273e-01
2.720000000000000000e+02,3.091576804383199817e-01,3.295428306693951037e-01,4.626748564784446960e-01,7.242872078786567469e-01,8.572522304358489720e-01
2.730000000000000000e+02,3.105844288515515195e-01,3.310238378771132028e-01,4.643588871317435030e-01,7.255939144271812413e-01,8.579981473940430092e-01
2.740000000000000000e+02,3.116668603172503271e-01,3.321472100478690126e-01,4.656344962470427284e-01,7.265811262061874221e-01,8.585612214664332109e-01
2.750000000000000000e+02,3.128716083724765173e-01,3.333973760234427708e-01,4.670529109899967390e-01,7.276771439341768177e-01,8.591860482547296618e-01
2.760000000000000000e+02,3.140991028781597860e-01,3.346710006558686890e-01,4.684968020722520832e-01,7.287911847258881082e-01,8.598208525578567851e-01
2.770000000000000000e+02,3.153716526113275465e-01,3.359910041116750956e-01,4.699903805101582899e-01,7.299393638920480543e-01,8.604743618455475973e-01
2.780000000000000000e+02,3.166853318028272635e-01,3.373536114230297756e-01,4.715317016099602743e-01,7.311235740896577795e-01,8.611482594861407103e-01
2.790000000000000000e+02,3.180725629434519308e-01,3.387923211346250962e-01,4.731576316143055738e-01,7.323706601176538378e-01,8.618575592628092696e-01
2.800000000000000000e+02,3.193068490533500503e-01,3.400722166174888761e-01,4.746025725902837666e-01,7.334767568077910083e-01,8.624862840008231668e-01
2.810000000000000000e+02,3.206031025744914276e-01,3.414159836815356397e-01,4.761166242596732157e-01,7.346314665161497448e-01,8.631418827645945813e-01
2.820000000000000000e+02,3.218840156383779849e-01,3.427434436970539511e-01,4.776091703306751257e-01,7.357653211563152107e-01,8.637848566124269878e-01
2.830000000000000000e+02,3.232177480776332601e-01,3.441255743168249448e-01,4.791626588106790430e-01,7.369447251904919227e-01,8.644535286055443635e-01
2.840000000000000000e+02,3.246537533040732559e-01,3.456135003705150255e-01,4.808336022629428608e-01,7.382112400395294260e-01,8.651712266448294830e-01
2.850000000000000000e+02,3.258296804008947722e-01,3.468313902136034299e-01,4.821970242815884489e-01,7.392386718398429313e-01,8.657523960410761221e-01
2.860000000000000000e+02,3.270635128119962487e-01,3.481091629633385476e-01,4.836268033725721338e-01,7.403151561309411210e-01,8.663611458807964905e-01
2.870000000000000000e+02,3.282061399577481109e-01,3.492922937233352565e-01,4.849492348164912148e-01,7.413088027454071138e-01,8.669227000141787043e-01
2.880000000000000000e+02,3.294842588961872099e-01,3.506156227444214291e-01,4.864276327144328449e-01,7.424186127523645373e-01,8.675497245811297775e-01
2.890000000000000000e+02,3.307187552761501337e-01,3.518934206126607678e-01,4.878523693521559235e-01,7.434842746840790717e-01,8.681511356557151116e-01
2.900000000000000000e+02,3.318661482644485461e-01,3.530809199139179899e-01,4.891753562255193866e-01,7.444723601719374084e-01,8.687085113683136184e-01
2.910000000000000000e+02,3.331273290458039993e-01,3.543858400862415770e-01,4.906265400318424730e-01,7.455525969824152721e-01,8.693172487734613929e-01
2.920000000000000000e+02,3.342376633473332914e-01,3.555345996256539798e-01,4.919034319897931939e-01,7.465022357991913937e-01,8.698522432650015457e-01
2.930000000000000000e+02,3.355695086731760313e-01,3.569124195629698182e-01,4.934340495365401869e-01,7.476393667647737162e-01,8.704926565775846781e-01
2.940000000000000000e+02,3.368666315183091453e-01,3.582541377014432094e-01,4.949231910641365695e-01,7.487438189772060992e-01,8.711143447881762869e-01
2.950000000000000000e+02,3.380379957517064549e-01,3.594656381427149272e-01,4.962667808208705011e-01,7.497389268867030721e-01,8.716742445166266728e-01
2.960000000000000000e+02,3.392886662076408655e-01,3.607584891232820112e-01,4.976955109729255811e-01,7.507902554366124859e-01,8.722646093540361578e-01
2.970000000000000000e+02,3.405135359649932303e-01,3.620243734812036429e-01,4.990922168405222403e-01,7.518150481436327581e-01,8.728395672556115148e-01
2.980000000000000000e+02,3.416561803731108515e-01,3.632050929218353930e-01,5.003935591090449275e-01,7.527680109749461668e-01,8.733739090318802800e-01
2.990000000000000000e+02,3.429181223555393676e-01,3.645088767578916200e-01,5.018289772986272990e-01,7.538170867846952783e-01,8.739617917329159935e-01
3.000000000000000000e+02,3.441149856943248597e-01,3.657453988265019773e-01,5.031901532113004505e-01,7.548116516333919224e-01,8.745190849238718700e-01
3.010000000000000000e+02,3.453249304874435599e-01,3.669950269672214160e-01,5.045627032517736588e-01,7.558105039044611395e-01,8.750781006887371483e-01
3.020000000000000000e+02,3.466072348472414300e-01,3.683191930961058902e-01,5.060156721450401740e-01,7.568659761707061673e-01,8.756684831664560686e-01
3.030000000000000000e+02,3.477953866308992614e-01,3.695459010668657451e-01,5.073599786017066737e-01,7.578402599290167130e-01,8.762130732350343898e-01
3.040000000000000000e+02,3.489114921493572941e-01,3.706980689574211341e-01,5.086214420701664629e-01,7.587529963303286662e-01,8.767230072389137208e-01
3.050000000000000000e+02,3.501275381174071555e-01,3.719531211289073269e-01,5.099934355353743509e-01,7.597429654776237662e-01,8.772756306410554039e-01
3.060000000000000000e+02,3.513554196358210646e-01,3.732202303544249755e-01,5.113774400309099022e-01,7.607400898043048532e-01,8.778319952448271346e-01
3.070000000000000000e+02,3.527576679294322504e-01,3.746666090298630403e-01,5.129523291327922063e-01,7.618684239597710572e-01,8.784605194998285072e-01
3.080000000000000000e+02,3.542161133233848180e-01,3.761709164054013455e-01,5.145900218934341686e-01,7.630414063740533770e-01,8.791138566405727328e-01
3.090000000000000000e+02,3.554919497722831556e-01,3.774865886256520420e-01,5.160202684240225990e-01,7.640631512146007775e-01,8.796825152629126343e-01
3.100000000000000000e+02,3.566505405091779379e-01,3.786808455121836725e-01,5.173148028130247766e-01,7.649832378746277417e-01,8.801938175723752478e-01
3.110000000000000000e+02,3.578263999014740238e-01,3.798928018500295489e-01,5.186277870275339819e-01,7.659155113942673898e-01,8.807117393361515445e-01
3.120000000000000000e+02,3.591561602580320423e-01,3.812631734765269953e-01,5.201108597446711945e-01,7.669666312338764280e-01,8.812953688155205079e-01
3.130000000000000000e+02,3.604494138358246280e-01,3.825956972153052860e-01,5.215513259357423825e-01,7.679854946333928289e-01,8.818607493406612763e-01
3.140000000000000000e+02,3.615393489700665652e-01,3.837185272969917404e-01,5.227636493259505412e-01,7.688411660283570592e-01,8.823352732315064006e-01
3.150000000000000000e+02,3.627549240350060877e-01,3.849705015285865839e-01,5.241133250443161806e-01,7.697911949857360048e-01,8.828617007572943098e-01
3.160000000000000000e+02,3.640261564751733347e-01,3.862794148366393010e-01,5.255216013129728747e-01,7.707790402822123355e-01,8.834085228710969462e-01
3.170000000000000000e+02,3.651053104546035377e-01,3.873903399512697576e-01,5.267153002522547700e-01,7.716144541576092086e-01,8.838706547339097996e-01
3.180000000000000000e+02,3.666517044552982107e-01,3.889821556832441796e-01,5.284249621915202422e-01,7.728100374455507682e-01,8.845318729276515635e-01
3.190000000000000000e+02,3.677985856323353064e-01,3.901624789039818131e-01,5.296909069938029457e-01,7.736931751994717832e-01,8.850199438738507451e-01
3.200000000000000000e+02,3.692156000260635729e-01,3.916205770105724016e-01,5.312530892469140564e-01,7.747809189656508222e-01,8.856207587954216809e-01
3.210000000000000000e+02,3.703050719132319202e-01,3.927413397151878760e-01,5.324517340157746137e-01,7.756129636162912844e-01,8.860799232938451064e-01
3.220000000000000000e+02,3.715727980963021149e-01,3.940452355908531379e-01,5.338445182222981700e-01,7.765776982606577006e-01,8.866119785962564004e-01
3.230000000000000000e+02,3.728993975924710380e-01,3.954096133879566599e-01,5.353014001669703648e-01,7.775862210046091683e-01,8.871680848617500281e-01
3.240000000000000000e+02,3.742361880208677216e-01,3.967839113182309863e-01,5.367648831001885501e-01,7.785945401866651849e-01,8.877233130300025143e-01
3.250000000000000000e+02,3.754621818209027406e-01,3.980441901079884159e-01,5.381061399459833305e-01,7.795176854792675858e-01,8.882314862362247210e-01
3.260000000000000000e+02,3.766529477710123253e-01,3.992679709645958197e-01,5.394065348980632280e-01,7.804103118025969010e-01,8.887224763836220065e-01
3.270000000000000000e+02,3.780400607686639214e-01,4.006933791324527316e-01,5.409200227557392493e-01,7.814478424417222735e-01,8.892929527616856289e-01
3.280000000000000000e+02,3.792248305188731794e-01,4.019105233686567913e-01,5.422100172101175231e-01,7.823293846268413176e-01,8.897772179181847596e-01
3.290000000000000000e+02,3.804139995096119664e-01,4.031321188945877765e-01,5.435042490866518472e-01,7.832132586254273443e-01,8.902626742820179961e-01
3.300000000000000000e+02,3.815687428612960508e-01,4.043182904358075258e-01,5.447605307971131738e-01,7.840707227593036732e-01,8.907335470387527376e-01
3.310000000000000000e+02,3.826143393621811439e-01,4.053918715312871401e-01,5.458942454776295472e-01,7.848406583780050960e-01,8.911557410300290361e-01
3.320000000000000000e+02,3.837710980147765460e-01,4.065793319821597862e-01,5.471464124686421515e-01,7.856889461290313958e-01,8.916205689640794851e-01
3.330000000000000000e+02,3.849912169020514030e-01,4.078317693817467005e-01,5.484666431148425003e-01,7.865828191767191280e-01,8.921102929711908214e-01
3.340000000000000000e+02,3.863095502498236633e-01,4.091848892044264718e-01,5.498920732724149607e-01,7.875468419469395798e-01,8.926382799643182153e-01
3.350000000000000000e+02,3.876446764816323109e-01,4.105549427965184406e-01,5.513332348311021924e-01,7.885190807422285397e-01,8.931703855545704007e-01
3.360000000000000000e+02,3.888894327507665949e-01,4.118321744048023536e-01,5.526761446950024803e-01,7.894243346709850506e-01,8.936657199769754145e-01
3.370000000000000000e+02,3.901428284421518122e-01,4.131176503808035028e-01,5.540234161324102402e-01,7.903276225312516612e-01,8.941592112089602473e-01
3.380000000000000000e+02,3.914939231918073137e-01,4.145031633545939731e-01,5.554744079522625499e-01,7.912991743785026122e-01,8.946897975670154990e-01
3.390000000000000000e+02,3.925998788591538169e-01,4.156372121340667913e-01,5.566614958422025916e-01,7.920933932005772560e-01,8.951234401826450027e-01
3.400000000000000000e+02,3.937803231262383963e-01,4.168475268598608729e-01,5.579276236359193009e-01,7.929395976346086394e-01,8.955853271469160770e-01
3.410000000000000000e+02,3.948066335165611451e-01,4.178995853477914246e-01,5.590266655483573377e-01,7.936724072586918144e-01,8.959850509969373711e-01
3.420000000000000000e+02,3.960458405877769206e-01,4.191697030898736687e-01,5.603522754755650981e-01,7.945549062506982452e-01,8.964662111168255620e-01
3.430000000000000000e+02,3.972564803374850628e-01,4.204100740912924961e-01,5.616436340610286848e-01,7.954110277468506851e-01,8.969324361269387369e-01
3.440000000000000000e+02,3.985972720942954073e-01,4.217834426744196397e-01,5.630710571676342813e-01,7.963546929944134156e-01,8.974459245547681263e-01
3.450000000000000000e+02,4.000656120024773665e-01,4.232873142526770716e-01,5.646331349752852224e-01,7.973862891570763223e-01,8.980070919595040113e-01
3.460000000000000000e+02,4.013229012044176036e-01,4.245748882845059025e-01,5.659695901318356759e-01,7.982678319954544799e-01,8.984864712747909765e-01
3.470000000000000000e+02,4.025521269647487355e-01,4.258331941446451552e-01,5.672720681840034418e-01,7.991230177042590865e-01,8.989509124075196755e-01
3.480000000000000000e+02,4.037809328940240028e-01,4.270907200956478578e-01,5.685713648750991833e-01,7.999735277766626407e-01,8.994124184900064156e-01
3.490000000000000000e+02,4.051142101775503934e-01,4.284549692244205565e-01,5.699796447599265736e-01,8.008939824290083331e-01,8.999116649453123840e-01
3.500000000000000000e+02,4.063642843507049851e-01,4.297340417925962774e-01,5.712997241966358830e-01,8.017564911031423991e-01,9.003794364986957843e-01
3.510000000000000000e+02,4.075708007313406100e-01,4.309683604323237827e-01,5.725723606583644765e-01,8.025866447447019825e-01,9.008294537322227846e-01
3.520000000000000000e+02,4.088948272712256693e-01,4.323225681746056814e-01,5.739663913786976490e-01,8.034935969021974600e-01,9.013207392755532288e-01
3.530000000000000000e+02,4.102296577244805009e-01,4.336875449932324211e-01,5.753696175807438973e-01,8.044045036905707047e-01,9.018138591047074604e-01
3.540000000000000000e+02,4.115647257076353038e-01,4.350527195126474567e-01,5.767727434769273076e-01,8.053150202886401043e-01,9.023067183614980058e-01
3.550000000000000000e+02,4.127012230407995919e-01,4.362143899939448510e-01,5.779636557698747401e-01,8.060845757648424925e-01,9.027227843425870146e-01
3.560000000000000000e+02,4.139825629182151134e-01,4.375239823010050322e-01,5.793053514256878422e-01,8.069506511584074726e-01,9.031908963713825012e-01
3.570000000000000000e+02,4.151518761215872710e-01,4.387187280392948474e-01,5.805270517199253577e-01,8.077368031390155245e-01,9.036154386534998029e-01
3.580000000000000000e+02,4.166544652846643215e-01,4.402538070550255922e-01,5.820954891972165424e-01,8.087447353137958705e-01,9.041595461063898220e-01
3.590000000000000000e+02,4.178364474332601497e-01,4.414611733924482251e-01,5.833279403984841238e-01,8.095355411953352176e-01,9.045862615109037108e-01
3.600000000000000000e+02,4.190049415892383999e-01,4.426543887458653792e-01,5.845434708508085997e-01,8.103129027775569648e-01,9.050053350214727343e-01
3.610000000000000000e+02,4.203117389289522388e-01,4.439885014563265120e-01,5.859003393306549956e-01,8.111783723357164355e-01,9.054715665130229629e-01
3.620000000000000000e+02,4.216741275537090883e-01,4.453790662455920923e-01,5.873126356832293338e-01,8.120771394159732592e-01,9.059554288677528211e-01
3.630000000000000000e+02,4.227836062216592805e-01,4.465113067139810932e-01,5.884613602740310645e-01,8.128069243170323865e-01,9.063481317330869258e-01
3.640000000000000000e+02,4.242856434739744054e-01,4.480439264831694302e-01,5.900147619910456331e-01,8.137922258207495041e-01,9.068780959693690802e-01
3.650000000000000000e+02,4.253632287244637489e-01,4.491432100694490726e-01,5.911273634588080084e-01,8.144963065104028344e-01,9.072565585850961289e-01
3.660000000000000000e+02,4.268453729843592059e-01,4.506550029784234246e-01,5.926561885869331414e-01,8.154624725765300397e-01,9.077757050627219826e-01
3.670000000000000000e+02,4.279569974984199221e-01,4.517886680080376860e-01,5.938013420386082375e-01,8.161848636235828902e-01,9.081636714425259660e-01
3.680000000000000000e+02,4.292006602140963079e-01,4.530565493939215371e-01,5.950792036624139580e-01,8.169880649015154317e-01,9.085946094235297643e-01
3.690000000000000000e+02,4.304195496047404923e-01,4.542991031788388145e-01,5.963310706357897173e-01,8.177744548551582060e-01,9.090164581057682547e-01
3.700000000000000000e+02,4.316218059171936794e-01,4.555244341906496408e-01,5.975638518550816514e-01,8.185471098295438175e-01,9.094306821680716579e-01
3.710000000000000000e+02,4.329255717985552865e-01,4.568530025601815758e-01,5.988990679392882654e-01,8.193825315430555145e-01,9.098783451205254558e-01
3.720000000000000000e+02,4.340319506959884333e-01,4.579801312366798549e-01,6.000299096721848358e-01,8.200881547978386976e-01,9.102561733662105636e-01
3.730000000000000000e+02,4.353426639872787218e-01,4.593151179151876984e-01,6.013673015727389881e-01,8.209206795767401976e-01,9.107016618886056847e-01
3.740000000000000000e+02,4.366724310896933914e-01,4.606692124118134668e-01,6.027219105897472229e-01,8.217620152786995202e-01,9.111515871680925249e-01
3.750000000000000000e+02,4.380429482896925353e-01,4.620644990258450657e-01,6.041157767800652278e-01,8.226258091580772591e-01,9.116132425331402445e-01
3.760000000000000000e+02,4.394155785684475957e-01,4.634616293599874703e-01,6.055095124644211957e-01,8.234875844886185847e-01,9.120735376981862208e-01
3.770000000000000000e+02,4.408559899478079469e-01,4.649272612590863440e-01,6.069684539177570004e-01,8.243866203582167484e-01,9.125532920058725406e-01
3.780000000000000000e+02,4.420237915938121653e-01,4.661151778078190255e-01,6.081488284994407412e-01,8.251119371258822666e-01,9.129400468895223497e-01
3.790000000000000000e+02,4.432959428209310992e-01,4.674091953574065483e-01,6.094343378940130229e-01,8.259015734676261600e-01,9.133610574334868337e-01
3.800000000000000000e+02,4.446122946974078727e-01,4.687479543096675361e-01,6.107629019838151097e-01,8.267163093152560815e-01,9.137952560923171541e-01
3.810000000000000000e+02,4.460948191393345752e-01,4.702554460350775734e-01,6.122572101410730383e-01,8.276310438104070855e-01,9.142825107554276576e-01
3.820000000000000000e+02,4.477179050252380055e-01,4.719057496293558307e-01,6.138923408107919144e-01,8.286312695347713975e-01,9.148152018176225475e-01
3.830000000000000000e+02,4.491222228183555654e-01,4.733330462125284188e-01,6.153029076286130605e-01,8.294906737467906410e-01,9.152724006328252226e-01
3.840000000000000000e+02,4.505134986200058922e-01,4.747466291919881232e-01,6.166970342151341100e-01,8.303373146420981454e-01,9.157224169944840897e-01
3.850000000000000000e+02,4.518793715223609064e-01,4.761342509855117089e-01,6.180646074788628264e-01,8.311669295864314577e-01,9.161632550118629092e-01
3.860000000000000000e+02,4.530799071065700345e-01,4.773538275714257484e-01,6.192660909061504793e-01,8.318953414736234286e-01,9.165502522461472790e-01
3.870000000000000000e+02,4.542959553124147898e-01,4.785888708295650273e-01,6.204809798610985139e-01,8.326301517224080628e-01,9.169404027580180250e-01
3.880000000000000000e+02,4.555632669345158203e-01,4.798758845182493626e-01,6.217464039961854150e-01,8.333949745921286345e-01,9.173464099286836593e-01
3.890000000000000000e+02,4.567811800434447567e-01,4.811123065789790765e-01,6.229594279889267838e-01,8.341256359837297962e-01,9.177339292110151536e-01
3.900000000000000000e+02,4.580757098360737078e-01,4.824262052437531256e-01,6.242465650216941775e-01,8.348991691105834834e-01,9.181439357734716422e-01
3.910000000000000000e+02,4.593758023178697858e-01,4.837453530684772685e-01,6.255363782465859224e-01,8.356720214999915353e-01,9.185532584238692566e-01
3.920000000000000000e+02,4.605012961045892861e-01,4.848872772043241186e-01,6.266524997872872094e-01,8.363404195979686762e-01,9.189072059393497138e-01
3.930000000000000000e+02,4.616179271056897737e-01,4.860198678852495902e-01,6.277573851118376513e-01,8.370001394036404863e-01,9.192562836193939324e-01
3.940000000000000000e+02,4.629380677876216432e-01,4.873585695006766305e-01,6.290614403845572467e-01,8.377770386348665221e-01,9.196671196268133563e-01
3.950000000000000000e+02,4.642108512335731407e-01,4.886489237458346846e-01,6.303164011823381152e-01,8.385228627051136696e-01,9.200612666619845115e-01
3.960000000000000000e+02,4.654318465179029252e-01,4.898866451653295373e-01,6.315193748062880585e-01,8.392370632061570968e-01,9.204385996767965317e-01
3.970000000000000000e+02,4.668652061166965739e-01,4.913391600361558531e-01,6.329281658008474309e-01,8.400707830499948292e-01,9.208787050845596012e-01
3.980000000000000000e+02,4.679536547157333026e-01,4.924420180229540644e-01,6.339969892120091988e-01,8.407025544413738727e-01,9.212121001525473973e-01
3.990000000000000000e+02,4.693609893721271131e-01,4.938677338255434979e-01,6.353771793957101455e-01,8.415169939936754107e-01,9.216417000735768195e-01
4.000000000000000000e+02,4.706054133534069428e-01,4.951282403674683863e-01,6.365963928065195843e-01,8.422355041593243552e-01,9.220205687603830746e-01
4.010000000000000000e+02,4.720617726443903095e-01,4.966029361418149435e-01,6.380198242857069157e-01,8.430717191947775246e-01,9.224611361174572810e-01
4.020000000000000000e+02,4.732795661460879044e-01,4.978357469970040028e-01,6.392078636107877410e-01,8.437679427374389363e-01,9.228277115172893730e-01
4.030000000000000000e+02,4.748965681241524295e-01,4.994723275748750857e-01,6.407828178788350648e-01,8.446889644764494776e-01,9.233123790419562882e-01
4.040000000000000000e+02,4.763052693304417051e-01,5.008978780027323330e-01,6.421534347345897453e-01,8.454893819028751478e-01,9.237334281735302133e-01
4.050000000000000000e+02,4.775577303580501587e-01,5.021648682871808766e-01,6.433688795664032067e-01,8.461967850966141125e-01,9.241052188642703280e-01
4.060000000000000000e+02,4.788970612349681133e-01,5.035196260132054347e-01,6.446678580240431389e-01,8.469522237501636575e-01,9.245021756066528207e-01
4.070000000000000000e+02,4.804696885642319448e-01,5.051100583293155477e-01,6.461909497054418861e-01,8.478363720812122084e-01,9.249665416628848336e-01
4.080000000000000000e+02,4.816541722420709104e-01,5.063077025421097721e-01,6.473363846053202808e-01,8.484999840089363365e-01,9.253148999959226462e-01
4.090000000000000000e+02,4.827934342727976946e-01,5.074594550166201534e-01,6.484369242290777269e-01,8.491367123155234564e-01,9.256490264902976772e-01
4.100000000000000000e+02,4.840665879879073041e-01,5.087461363471692533e-01,6.496638193352186619e-01,8.498443167816941424e-01,9.260200417090810321e-01
4.110000000000000000e+02,4.853340625923195928e-01,5.100267159937178496e-01,6.508827385601133608e-01,8.505454628657590499e-01,9.263874177448173652e-01
4.120000000000000000e+02,4.864977723451591185e-01,5.112022815087394756e-01,6.520006515073630826e-01,8.511876080171806302e-01,9.267237570036553906e-01
4.130000000000000000e+02,4.879979489801005710e-01,5.127176249176120804e-01,6.534409847907451940e-01,8.520143612642701036e-01,9.271567084857732510e-01
4.140000000000000000e+02,4.892300806731897378e-01,5.139618438854755000e-01,6.546214242166117359e-01,8.526900654831321980e-01,9.275103057825945241e-01
4.150000000000000000e+02,4.903900510218755504e-01,5.151330542880362406e-01,6.557317735375953749e-01,8.533249476026416591e-01,9.278424458622775983e-01
4.160000000000000000e+02,4.916639955391475802e-01,5.164190420209311405e-01,6.569491572968595428e-01,8.540195218928158249e-01,9.282056102238508410e-01
4.170000000000000000e+02,4.927354118271843886e-01,5.175003086630162175e-01,6.579711023654486457e-01,8.546012050166085228e-01,9.285095618105305704e-01
4.180000000000000000e+02,4.940189820943169385e-01,5.187955044850409703e-01,6.591942092939513387e-01,8.552965200619195851e-01,9.288727735279020958e-01
4.190000000000000000e+02,4.955604876313407514e-01,5.203508284536505490e-01,6.606621245012150867e-01,8.561302969919900585e-01,9.293082183832089838e-01
4.200000000000000000e+02,4.967386471176802321e-01,5.215392799742857299e-01,6.617822066939711423e-01,8.567651815387266057e-01,9.296396128315668195e-01
4.210000000000000000e+02,4.982769794110933348e-01,5.230906348597491595e-01,6.632418833484990950e-01,8.575905257599661935e-01,9.300701506902702143e-01
4.220000000000000000e+02,4.995074767862735521e-01,5.243313009606413999e-01,6.644077848793513708e-01,8.582485582133835278e-01,9.304132500329750366e-01
4.230000000000000000e+02,5.007432854343001338e-01,5.255772413497948881e-01,6.655781715104615026e-01,8.589087309119096680e-01,9.307574129877420610e-01
4.240000000000000000e+02,5.020079351371998788e-01,5.268517707856348320e-01,6.667725734794164305e-01,8.595801041900676953e-01,9.311071023449910555e-01
4.250000000000000000e+02,5.031266322800054258e-01,5.279790406679871761e-01,6.678280065490506123e-01,8.601725671321863720e-01,9.314155847156120327e-01
4.260000000000000000e+02,5.043502537170405642e-01,5.292117811545880013e-01,6.689806967504304813e-01,8.608184010003239184e-01,9.317516934231722114e-01
4.270000000000000000e+02,5.055402253716448913e-01,5.304105489422477060e-01,6.701012031822984882e-01,8.614458612680925276e-01,9.320781946413521091e-01
4.280000000000000000e+02,5.065737637272225147e-01,5.314512325128287751e-01,6.710710940835303839e-01,8.619866583411722738e-01,9.323592930470363527e-01
4.290000000000000000e+02,5.080169006684425170e-01,5.329042951656058902e-01,6.724250173411285836e-01,8.627413471576628190e-01,9.327515376015934612e-01
4.300000000000000000e+02,5.093706990809031554e-01,5.342671452953740019e-01,6.736933917299727792e-01,8.634471425086109875e-01,9.331182104922737253e-01
4.310000000000000000e+02,5.104355501449865384e-01,5.353390805003322983e-01,6.746908135343943069e-01,8.640019990942577888e-01,9.334064462303499621e-01
4.320000000000000000e+02,5.116327062045897822e-01,5.365437723963151218e-01,6.758093090453718421e-01,8.646222310034186176e-01,9.337283825850073438e-01
4.330000000000000000e+02,5.132826117588992210e-01,5.382038170192477988e-01,6.773491664482114150e-01,8.654749863080256622e-01,9.341708631606060464e-01
4.340000000000000000e+02,5.146995224484820497e-01,5.396288186432024458e-01,6.786674859985539765e-01,8.662022539482155947e-01,9.345478627718561970e-01
4.350000000000000000e+02,5.159096687388798896e-01,5.408456063864551799e-01,6.797916524993615761e-01,8.668212017762413346e-01,9.348685529833024033e-01
4.360000000000000000e+02,5.170623780751263388e-01,5.420042911165089405e-01,6.808601508775196098e-01,8.674079278916811964e-01,9.351723431515054363e-01
4.370000000000000000e+02,5.184123061900500762e-01,5.433610291665561531e-01,6.821102251799882055e-01,8.680935226586206088e-01,9.355272154969853649e-01
4.380000000000000000e+02,5.197489654395210934e-01,5.447043926159058636e-01,6.833477571463016931e-01,8.687720660518186699e-01,9.358784154454525828e-01
4.390000000000000000e+02,5.208054793678733585e-01,5.457657320697160142e-01,6.843228142154890170e-01,8.693046026147709382e-01,9.361537735268433691e-01
4.400000000000000000e+02,5.218978747457228007e-01,5.468627296469420473e-01,6.853284565552334451e-01,8.698521510499923615e-01,9.364366743666919790e-01
4.410000000000000000e+02,5.232329364812747796e-01,5.482033283354952324e-01,6.865569226821515159e-01,8.705206405822839555e-01,9.367820122234730151e-01
4.420000000000000000e+02,5.246009136916414128e-01,5.495767660677025601e-01,6.878142890767776629e-01,8.712039328481681055e-01,9.371348775188739211e-01
4.430000000000000000e+02,5.257663854354771571e-01,5.507466842417916286e-01,6.888841857513819944e-01,8.717844594341640496e-01,9.374345577592133605e-01
4.440000000000000000e+02,5.269667716416497338e-01,5.519513052011810750e-01,6.899838952720275254e-01,8.723796821837865867e-01,9.377416335636290512e-01
4.450000000000000000e+02,5.282796054290539445e-01,5.532685627667502937e-01,6.911852762218865243e-01,8.730290483515532607e-01,9.380765277661949897e-01
4.460000000000000000e+02,5.295358002097090289e-01,5.545285968902351481e-01,6.923322826429375576e-01,8.736473547058560829e-01,9.383951891127695344e-01
4.470000000000000000e+02,5.311014592908926968e-01,5.560987953496766556e-01,6.937602695156470656e-01,8.744160897354725792e-01,9.387912449486230937e-01
4.480000000000000000e+02,5.322605287518785699e-01,5.572610763623395691e-01,6.948164595398189647e-01,8.749840472810890279e-01,9.390837789775536848e-01
4.490000000000000000e+02,5.334537471003973907e-01,5.584574090584254469e-01,6.959025334328912127e-01,8.755672713038777921e-01,9.393840733092597706e-01
4.500000000000000000e+02,5.352073028336010729e-01,5.602153722882305953e-01,6.974975413575684735e-01,8.764230869309610483e-01,9.398246309452169545e-01
4.510000000000000000e+02,5.366177863424855810e-01,5.616289050918202852e-01,6.987773161563203272e-01,8.771077046069907235e-01,9.401767965747386269e-01
4.520000000000000000e+02,5.382711286540091677e-01,5.632853557645330911e-01,7.002744649321995807e-01,8.779066892121270005e-01,9.405875479846989018e-01
4.530000000000000000e+02,5.395169730411889519e-01,5.645331644351104794e-01,7.014002025109792315e-01,8.785059186335252290e-01,9.408954106724845001e-01
4.540000000000000000e+02,5.408240509044540678e-01,5.658421149559156316e-01,7.025800728137477913e-01,8.791331981572437781e-01,9.412175874009222065e-01
4.550000000000000000e+02,5.420560923166996004e-01,5.670757197157405560e-01,7.036909269160603886e-01,8.797229682508151960e-01,9.415203953306713336e-01
4.560000000000000000e+02,5.432884956972654500e-01,5.683094627426882317e-01,7.048006850899942721e-01,8.803112531338884716e-01,9.418223262903588910e-01
4.570000000000000000e+02,5.445061048171315754e-01,5.695277024224456586e-01,7.058927391167563181e-01,8.808873902754020824e-01,9.421176741718877423e-01
4.580000000000000000e+02,5.457358516506127799e-01,5.707580046836105980e-01,7.069951659019662049e-01,8.814686772280261318e-01,9.424156213583133601e-01
4.590000000000000000e+02,5.470497891202451557e-01,5.720720286079121752e-01,7.081698765360321390e-01,8.820860829192200825e-01,9.427318309621423031e-01
4.600000000000000000e+02,5.482581046888458376e-01,5.732801700390376398e-01,7.092485654042192111e-01,8.826520301164885174e-01,9.430215612345534959e-01
4.610000000000000000e+02,5.494217248804286191e-01,5.744434015877615263e-01,7.102859697225187841e-01,8.831954576340349528e-01,9.432996551065503388e-01
4.620000000000000000e+02,5.507468297611963770e-01,5.757677230971436355e-01,7.114652122899396414e-01,8.838118672155763633e-01,9.436149320068150104e-01
4.630000000000000000e+02,5.521767782420701209e-01,5.771966636491001612e-01,7.127367430392761438e-01,8.844758913737179595e-01,9.439544842203759778e-01
4.640000000000000000e+02,5.535459034027504499e-01,5.785644243016753174e-01,7.139517003705578846e-01,8.851088421916765148e-01,9.442779561404892608e-01
4.650000000000000000e+02,5.548649433232334394e-01,5.798819967090194094e-01,7.151212613202394541e-01,8.857175601991513769e-01,9.445889711336563632e-01
4.660000000000000000e+02,5.560708892927982427e-01,5.810862720677033577e-01,7.161885028576970846e-01,8.862717773579735780e-01,9.448719846415823964e-01
4.670000000000000000e+02,5.572847621992346179e-01,5.822982307338435692e-01,7.172613184904590433e-01,8.868280119827243180e-01,9.451559194013327003e-01
4.680000000000000000e+02,5.586574242799057233e-01,5.836683474636399360e-01,7.184721180555501130e-01,8.874543620507207020e-01,9.454754683097400525e-01
4.690000000000000000e+02,5.598554648851709059e-01,5.848638434473997227e-01,7.195268951673197133e-01,8.879987987470548960e-01,9.457530781501194417e-01
4.700000000000000000e+02,5.611831736306039931e-01,5.861885178139258912e-01,7.206945153966322071e-01,8.886006869981175615e-01,9.460598845670553647e-01
4.710000000000000000e+02,5.623924343084680810e-01,5.873943878734717572e-01,7.217541228755881555e-01,8.891445968004166867e-01,9.463368538592613621e-01
4.720000000000000000e+02,5.638166073161422487e-01,5.888143937410956763e-01,7.230009819128674353e-01,8.897839913038061432e-01,9.466623677819713256e-01
4.730000000000000000e+02,5.652709265338564659e-01,5.902644317001486396e-01,7.242740754469810804e-01,8.904367446681199505e-01,9.469946710585344096e-01
4.740000000000000000e+02,5.668620585890007391e-01,5.918506791709926551e-01,7.256657077890341645e-01,8.911495480542700465e-01,9.473574550120335003e-01
4.750000000000000000e+02,5.681453555903950292e-01,5.931297781280177039e-01,7.267865251490575051e-01,8.917227035423640480e-01,9.476490499014889046e-01
4.760000000000000000e+02,5.694635169418735821e-01,5.944435102956097117e-01,7.279370792152747294e-01,8.923106435235277356e-01,9.479481146700518002e-01
4.770000000000000000e+02,5.709037880751477445e-01,5.958783683558800393e-01,7.291907292141122099e-01,8.929492131603640193e-01,9.482726818405093905e-01
4.780000000000000000e+02,5.723214889579398834e-01,5.972901705519573223e-01,7.304212776890116610e-01,8.935739938437512464e-01,9.485899938197909220e-01
4.790000000000000000e+02,5.736203275180407068e-01,5.985834477095186568e-01,7.315477044660472217e-01,8.941453549107825083e-01,9.488801075959876208e-01
4.800000000000000000e+02,5.749767128826840379e-01,5.999338661935688100e-01,7.327230787122616107e-01,8.947409846441446435e-01,9.491824758986437960e-01
4.810000000000000000e+02,5.762665500838002330e-01,6.012175459772181041e-01,7.338378742780601316e-01,8.953042286640046088e-01,9.494681988154484165e-01
4.820000000000000000e+02,5.777088038645987744e-01,6.026527978241887906e-01,7.350836993606821856e-01,8.959332683368317340e-01,9.497872492734313887e-01
4.830000000000000000e+02,5.788942783082013932e-01,6.038322277566706697e-01,7.361059811708348111e-01,8.964484365382758835e-01,9.500484225666456783e-01
4.840000000000000000e+02,5.803317898682214260e-01,6.052620150339559357e-01,7.373432407195485982e-01,8.970705839487731481e-01,9.503636666510778541e-01
4.850000000000000000e+02,5.815870672505887296e-01,6.065103321024454264e-01,7.384223655432655686e-01,8.976124783220632564e-01,9.506381572992579354e-01
4.860000000000000000e+02,5.828560780357469051e-01,6.077718528319432378e-01,7.395105916083142272e-01,8.981574027030175822e-01,9.509139970710309697e-01
4.870000000000000000e+02,5.841475742913884162e-01,6.090554070145883792e-01,7.406162008298134980e-01,8.987099548521571002e-01,9.511935684006022074e-01
4.880000000000000000e+02,5.855807125117665768e-01,6.104796023520212556e-01,7.418422945751530495e-01,8.993222856421431155e-01,9.515033330877099571e-01
4.890000000000000000e+02,5.869307658548447160e-01,6.118208420954920346e-01,7.429949994720105311e-01,8.998966639738924522e-01,9.517937422805254899e-01
4.900000000000000000e+02,5.881211939550388124e-01,6.130032014407811314e-01,7.440096548917374264e-01,9.004012666829597222e-01,9.520487541561377665e-01
4.910000000000000000e+02,5.892560584272165114e-01,6.141302704094339093e-01,7.449763405542584316e-01,9.008816712437917040e-01,9.522914959931273460e-01
4.920000000000000000e+02,5.904995712584552026e-01,6.153649334703332752e-01,7.460337578532211245e-01,9.014061512930958697e-01,9.525563872434587021e-01
4.930000000000000000e+02,5.915628580777444467e-01,6.164203652780539944e-01,7.469362270394328540e-01,9.018528345082720277e-01,9.527818743209744978e-01
4.940000000000000000e+02,5.928567069362298270e-01,6.177041793235094058e-01,7.480315912966085667e-01,9.023934448122586938e-01,9.530545918058436206e-01
4.950000000000000000e+02,5.945433640595567670e-01,6.193774705638092071e-01,7.494578393698350105e-01,9.030964419996514447e-01,9.534091180486690131e-01
4.960000000000000000e+02,5.959086558473151163e-01,6.207313446213044150e-01,7.506088456558350774e-01,9.036618557341357105e-01,9.536940326996726780e-01
4.970000000000000000e+02,5.971247830305597137e-01,6.219372179890217955e-01,7.516336126292989528e-01,9.041649901499365649e-01,9.539475329414515148e-01
4.980000000000000000e+02,5.982909367814326362e-01,6.230934293368655119e-01,7.526156298229448316e-01,9.046467857909449295e-01,9.541902403745138317e-01
4.990000000000000000e+02,5.996916354280950046e-01,6.244815099787502932e-01,7.537912337561860632e-01,9.052214260904897225e-01,9.544794670304713735e-01
5.000000000000000000e+02,6.011004066466363316e-01,6.258772354457446951e-01,7.549715589273231497e-01,9.057972628912911439e-01,9.547691648781165830e-01
5.010000000000000000e+02,6.022432222946270119e-01,6.270093375396516011e-01,7.559283011476725100e-01,9.062636145098711404e-01,9.550037338035869405e-01
5.020000000000000000e+02,6.036433204327905644e-01,6.283962181449066486e-01,7.570999038964555394e-01,9.068344107227870321e-01,9.552908032976048514e-01
5.030000000000000000e+02,6.050527478547330640e-01,6.297919587605315117e-01,7.582771164757297067e-01,9.074067593184168556e-01,9.555785147221016462e-01
5.040000000000000000e+02,6.063260233524012666e-01,6.310522060163107350e-01,7.593367982286710616e-01,9.079199312273390499e-01,9.558362405384918103e-01
5.050000000000000000e+02,6.076641502534932959e-01,6.323759762199853141e-01,7.604466510446776795e-01,9.084553852604686508e-01,9.561049216885886270e-01
5.060000000000000000e+02,6.091735478483182309e-01,6.338690501226140750e-01,7.616978189414617129e-01,9.090586274700437341e-01,9.564075721905159755e-01
5.070000000000000000e+02,6.106875913721321325e-01,6.353662934314779909e-01,7.629504109158375957e-01,9.096612783510985567e-01,9.567097771115814497e-01
5.080000000000000000e+02,6.119376655892927452e-01,6.366020133146311766e-01,7.639818739592333374e-01,9.101561022921541566e-01,9.569577442180616789e-01
5.090000000000000000e+02,6.132396776329593902e-01,6.378886998136962250e-01,7.650540705307952161e-01,9.106693612558427464e-01,9.572148211870138423e-01
5.100000000000000000e+02,6.150088699835855044e-01,6.396365535452043227e-01,7.665080842029559083e-01,9.113638888177040265e-01,9.575625160036524974e-01
5.110000000000000000e+02,6.163944239292785676e-01,6.410048983105992582e-01,7.676440021147332704e-01,9.119050265949966150e-01,9.578332534908957641e-01
5.120000000000000000e+02,6.176876592095857932e-01,6.422818602915116859e-01,7.687030507029191106e-01,9.124089351378144030e-01,9.580852943898440222e-01
5.130000000000000000e+02,6.189311497951776042e-01,6.435091532400022407e-01,7.697182799864927816e-01,9.128904149043166605e-01,9.583259352999061731e-01
5.140000000000000000e+02,6.201884234105138338e-01,6.447497084300350956e-01,7.707428565437935974e-01,9.133753560321730136e-01,9.585681945193597064e-01
5.150000000000000000e+02,6.215745905306828689e-01,6.461172103325292237e-01,7.718711730918171865e-01,9.139087383604835857e-01,9.588345774736179994e-01
5.160000000000000000e+02,6.228022027811268568e-01,6.473279081787306488e-01,7.728682918592097995e-01,9.143790182292960145e-01,9.590693216805323829e-01
5.170000000000000000e+02,6.242306369450895120e-01,6.487365422568335260e-01,7.740278676568455030e-01,9.149255860670107987e-01,9.593421075322730029e-01
5.180000000000000000e+02,6.254601397692742815e-01,6.499488179205409333e-01,7.750249311771543193e-01,9.153950371894600258e-01,9.595763462257143050e-01
5.190000000000000000e+02,6.270446605995217970e-01,6.515106385939271050e-01,7.763071356911723786e-01,9.159973553973991267e-01,9.598767223009616600e-01
5.200000000000000000e+02,6.286054014997813910e-01,6.530488506650100611e-01,7.775691616446186449e-01,9.165897256546149396e-01,9.601720838065046504e-01
5.210000000000000000e+02,6.300044870508825223e-01,6.544273360371885007e-01,7.786982392424168786e-01,9.171185772457541852e-01,9.604356472511820231e-01
5.220000000000000000e+02,6.314322860693261097e-01,6.558339662657932667e-01,7.798496859359349553e-01,9.176575061035850966e-01,9.607041873287401890e-01
5.230000000000000000e+02,6.326037021248107628e-01,6.569877955243889067e-01,7.807931675546728734e-01,9.180984985511401186e-01,9.609238590185115170e-01
5.240000000000000000e+02,6.338218619240085783e-01,6.581874933033079467e-01,7.817733450394392936e-01,9.185561704034370667e-01,9.611517855293268964e-01
5.250000000000000000e+02,6.351999642702488291e-01,6.595444729312818222e-01,7.828809205137926552e-01,9.190726854254980260e-01,9.614089437839343777e-01
5.260000000000000000e+02,6.363893389192877281e-01,6.607151659656421705e-01,7.838343456701138967e-01,9.195160954893565330e-01,9.616295673126989962e-01
5.270000000000000000e+02,6.380082098453178086e-01,6.623081863484721055e-01,7.851297565817505486e-01,9.201174212858775903e-01,9.619286355908756025e-01
5.280000000000000000e+02,6.394631014789498025e-01,6.637396339196585116e-01,7.862927977988750650e-01,9.206567364144022658e-01,9.621967991493247663e-01
5.290000000000000000e+02,6.406144888671692073e-01,6.648720308917482891e-01,7.872108430585015304e-01,9.210812871995268658e-01,9.624077680788664102e-01
5.300000000000000000e+02,6.419392808659779570e-01,6.661746861602568792e-01,7.882655990544266134e-01,9.215683067979036913e-01,9.626496944109035336e-01
5.310000000000000000e+02,6.432706646564596564e-01,6.674837294310842495e-01,7.893250963520761498e-01,9.220572699295502828e-01,9.628925585464502834e-01
5.320000000000000000e+02,6.446419050189579059e-01,6.688318067050439408e-01,7.904154792672219987e-01,9.225600843357484315e-01,9.631422572368054658e-01
5.330000000000000000e+02,6.460027241537295017e-01,6.701687337281613255e-01,7.914926969049581595e-01,9.230544835964870076e-01,9.633875145136162610e-01
5.340000000000000000e+02,6.473952010443444482e-01,6.715365477646283443e-01,7.925938202771227736e-01,9.235593021572970907e-01,9.636378786950948738e-01
5.350000000000000000e+02,6.490289962778035271e-01,6.731411552743417070e-01,7.938844249049170632e-01,9.241503475297734305e-01,9.639309351628444489e-01
5.360000000000000000e+02,6.501494633862712202e-01,6.742412736578444754e-01,7.947677544692406393e-01,9.245540324908395613e-01,9.641309989641259071e-01
5.370000000000000000e+02,6.518923477372171593e-01,6.759516356959390793e-01,7.961371306442567297e-01,9.251776479621437455e-01,9.644398148627623124e-01
5.380000000000000000e+02,6.536820614999236945e-01,6.777077478379127662e-01,7.975422071481396147e-01,9.258170059523986861e-01,9.647563691848259904e-01
5.390000000000000000e+02,6.552578316998235453e-01,6.792534517360222512e-01,7.987767627174986451e-01,9.263775697788801944e-01,9.650337781966795703e-01
5.400000000000000000e+02,6.566407943995822283e-01,6.806098485096131467e-01,7.998593148578045930e-01,9.268686713417600975e-01,9.652767628989217252e-01
5.410000000000000000e+02,6.583408543517900169e-01,6.822762092687663094e-01,8.011845769967897990e-01,9.274673155006598613e-01,9.655726738040283363e-01
5.420000000000000000e+02,6.596992243905884790e-01,6.836075936637823203e-01,8.022431648950318905e-01,9.279453525385449320e-01,9.658089522921122771e-01
5.430000000000000000e+02,6.611384874110765031e-01,6.850174361354166575e-01,8.033604423005963335e-01,9.284478847950230485e-01,9.660571169655332024e-01
5.440000000000000000e+02,6.626987895772193937e-01,6.865454041327350154e-01,8.045693796095687578e-01,9.289905875441015759e-01,9.663250028271050951e-01
5.450000000000000000e+02,6.640605936887753469e-01,6.878788490465793659e-01,8.056237946173220310e-01,9.294635920319452849e-01,9.665584481702383934e-01
5.460000000000000000e+02,6.654779222882043488e-01,6.892664206095138191e-01,8.067199397059185983e-01,9.299547395858499543e-01,9.668007844837143150e-01
5.470000000000000000e+02,6.668489544955673587e-01,6.906082421693534590e-01,8.077780619297389997e-01,9.304278399084879858e-01,9.670341054489909327e-01
5.480000000000000000e+02,6.682236774736872720e-01,6.919534811198531088e-01,8.088380197606800381e-01,9.309013006858188888e-01,9.672675537930154332e-01
5.490000000000000000e+02,6.695594646574017927e-01,6.932601664621230730e-01,8.098656063269402683e-01,9.313592379607439353e-01,9.674932317575263285e-01
5.500000000000000000e+02,6.710158944110071744e-01,6.946843943088576445e-01,8.109835588582912091e-01,9.318563461212746590e-01,9.677380937181185860e-01
5.510000000000000000e+02,6.727342615736321418e-01,6.963640020068579961e-01,8.122986223849133491e-01,9.324393308038206873e-01,9.680250635146391280e-01
5.520000000000000000e+02,6.741198895543948355e-01,6.977179104210504690e-01,8.133566487253115485e-01,9.329073007765865677e-01,9.682553023678541759e-01
5.530000000000000000e+02,6.754873168538544359e-01,6.990538832182912055e-01,8.143999997350966913e-01,9.333684337412769816e-01,9.684821398963930905e-01
5.540000000000000000e+02,6.769816385901754607e-01,7.005134384938312975e-01,8.155381579824673155e-01,9.338705758252283662e-01,9.687290535968433591e-01
5.550000000000000000e+02,6.784634099667075091e-01,7.019602915742206850e-01,8.166644888868840324e-01,9.343664976610712714e-01,9.689728002741793134e-01
5.560000000000000000e+02,6.797065446362777763e-01,7.031739372534181465e-01,8.176084354494186357e-01,9.347816793634027288e-01,9.691768158130883437e-01
5.570000000000000000e+02,6.811872729885604105e-01,7.046186902998605728e-01,8.187284700333232745e-01,9.352724176719092730e-01,9.694177550859333081e-01
5.580000000000000000e+02,6.825609061874300387e-01,7.059589087384156025e-01,8.197672870031131875e-01,9.357274790803118414e-01,9.696411680791000576e-01
5.590000000000000000e+02,6.839140576913870229e-01,7.072787128686258695e-01,8.207884326315783019e-01,9.361738492044919813e-01,9.698602119106608521e-01
5.600000000000000000e+02,6.854874554676713139e-01,7.088129682442343427e-01,8.219739300566119011e-01,9.366912566365672710e-01,9.701140288705906167e-01
5.610000000000000000e+02,6.867707216415261939e-01,7.100640387682413124e-01,8.229394571766210920e-01,9.371120670733438240e-01,9.703203962185528164e-01
5.620000000000000000e+02,6.880335379320555722e-01,7.112948172734459007e-01,8.238878103545695941e-01,9.375246216646664354e-01,9.705226323134464872e-01
5.630000000000000000e+02,6.896324694063385996e-01,7.128526442250595618e-01,8.250858725993062137e-01,9.380446425833669499e-01,9.707774246077484070e-01
5.640000000000000000e+02,6.910528122699048925e-01,7.142356093235366910e-01,8.261457996116119418e-01,9.385028636480120534e-01,9.710017408990302412e-01
5.650000000000000000e+02,6.926684744011467609e-01,7.158085411765747752e-01,8.273504241953434368e-01,9.390231895174201426e-01,9.712564119006035224e-01
5.660000000000000000e+02,6.941129519019696437e-01,7.172140849170398624e-01,8.284237824362404856e-01,9.394852810403599985e-01,9.714824174165183068e-01
5.670000000000000000e+02,6.955364359668158025e-01,7.185989575447911948e-01,8.294803341108960559e-01,9.399396288484090922e-01,9.717045816172482642e-01
5.680000000000000000e+02,6.968738806547638553e-01,7.198993930827006782e-01,8.304694107732090158e-01,9.403634472389690302e-01,9.719116577168003257e-01
5.690000000000000000e+02,6.983784637611747392e-01,7.213616625089293022e-01,8.315787475541954743e-01,9.408374058155763997e-01,9.721430853651208404e-01
5.700000000000000000e+02,7.000486184436232051e-01,7.229845332963726889e-01,8.328086213605140342e-01,9.413622246453828835e-01,9.723992800857689245e-01
5.710000000000000000e+02,7.014939788585452529e-01,7.243883731451519203e-01,8.338700198955847354e-01,9.418139368849437476e-01,9.726196595623678443e-01
5.720000000000000000e+02,7.031113808295028633e-01,7.259592035948715383e-01,8.350572257607979942e-01,9.423189716466991994e-01,9.728660307997170076e-01
5.730000000000000000e+02,7.043755343654750645e-01,7.271866968667067832e-01,8.359838707799618351e-01,9.427126426271688064e-01,9.730580206188109704e-01
5.740000000000000000e+02,7.057703853983847697e-01,7.285408242950123237e-01,8.370049889634531004e-01,9.431459036915075256e-01,9.732692609494951741e-01
5.750000000000000000e+02,7.069913040446685892e-01,7.297253879186341718e-01,8.378953336696813858e-01,9.435222742676350194e-01,9.734526170782967780e-01
5.760000000000000000e+02,7.084748790666463014e-01,7.311644271102528680e-01,8.389754780540955581e-01,9.439781717545810968e-01,9.736746425102654756e-01
5.770000000000000000e+02,7.101387864848001108e-01,7.327777273756945764e-01,8.401837428227987292e-01,9.444868632968838051e-01,9.739222454301502685e-01
5.780000000000000000e+02,7.114009509505061501e-01,7.340006809018867484e-01,8.410963259607340259e-01,9.448694860978990029e-01,9.741083205567615533e-01
5.790000000000000000e+02,7.129651073881952961e-01,7.355160924482468943e-01,8.422265299447622144e-01,9.453430606359456423e-01,9.743385966268089948e-01
5.800000000000000000e+02,7.145085990727948477e-01,7.370113320194638939e-01,8.433410788521935597e-01,9.458097866819188404e-01,9.745655126415269098e-01
5.810000000000000000e+02,7.161073056641509282e-01,7.385596849965433419e-01,8.444937046965357297e-01,9.462917437467698312e-01,9.747997597655219115e-01
5.820000000000000000e+02,7.175364795932468454e-01,7.399433937646272552e-01,8.455219510308193964e-01,9.467208399399920093e-01,9.750082264781158026e-01
5.830000000000000000e+02,7.187285366468897374e-01,7.410969210046132183e-01,8.463767116198820384e-01,9.470764005688199205e-01,9.751808501058508716e-01
5.840000000000000000e+02,7.199856012282169759e-01,7.423132587938356952e-01,8.472776316953091191e-01,9.474509839092633001e-01,9.753626907778981669e-01
5.850000000000000000e+02,7.214595077720997729e-01,7.437386554146513395e-01,8.483303771320641617e-01,9.478872911924447475e-01,9.755743509730240293e-01
5.860000000000000000e+02,7.230813666620753422e-01,7.453068672693881069e-01,8.494875368002458016e-01,9.483663805354337617e-01,9.758067148827719306e-01
5.870000000000000000e+02,7.247022856889974163e-01,7.468732761958125632e-01,8.506398238430389336e-01,9.488418227474274547e-01,9.760371428182900155e-01
5.880000000000000000e+02,7.261458194220629103e-01,7.482678798615273186e-01,8.516642058956215289e-01,9.492637935017750328e-01,9.762415839064214618e-01
5.890000000000000000e+02,7.278761063082526128e-01,7.499388389003995847e-01,8.528889114101595448e-01,9.497670654733385565e-01,9.764852903099799919e-01
5.900000000000000000e+02,7.291878024865231511e-01,7.512053865320375001e-01,8.538165288067327552e-01,9.501479443898592780e-01,9.766696969852570742e-01
5.910000000000000000e+02,7.305953530615726388e-01,7.525640241540673125e-01,8.548097699976636710e-01,9.505549415833250970e-01,9.768666648166183242e-01
5.920000000000000000e+02,7.318594754838728678e-01,7.537838031042849440e-01,8.556998770806888421e-01,9.509189456676037100e-01,9.770427514461240692e-01
5.930000000000000000e+02,7.330989193084576083e-01,7.549793384039955590e-01,8.565706147215753630e-01,9.512742736056557513e-01,9.772145642726760562e-01
5.940000000000000000e+02,7.344170743611831975e-01,7.562506387217023951e-01,8.574959203356116166e-01,9.516515939913192668e-01,9.773969831983216894e-01
5.950000000000000000e+02,7.356659406797916301e-01,7.574545323874958269e-01,8.583699122477287391e-01,9.520069828951864821e-01,9.775686971560837435e-01
5.960000000000000000e+02,7.373739481840029253e-01,7.591006141882200575e-01,8.595632999903841664e-01,9.524915253103308777e-01,9.778027414555774399e-01
5.970000000000000000e+02,7.386766601312869662e-01,7.603553671945899595e-01,8.604701766498480398e-01,9.528584963532439334e-01,9.779798710240682480e-01
5.980000000000000000e+02,7.399758960233479010e-01,7.616065651652157431e-01,8.613736891240032501e-01,9.532237551604199055e-01,9.781561387441873867e-01
5.990000000000000000e+02,7.415584012655801471e-01,7.631300654449792997e-01,8.624719450182476432e-01,9.536669097646041093e-01,9.783699138687832475e-01
6.000000000000000000e+02,7.429569972375261733e-01,7.644760840259119394e-01,8.634406165460727367e-01,9.540570560796969302e-01,9.785580457293570067e-01
6.010000000000000000e+02,7.442539861785625321e-01,7.657240715789789265e-01,8.643378099477023735e-01,9.544180070433272434e-01,9.787320585115855121e-01
6.020000000000000000e+02,7.457756142998240856e-01,7.671877216650423437e-01,8.653881829654892499e-01,9.548397718588540473e-01,9.789353079386146073e-01
6.030000000000000000e+02,7.471471946407771680e-01,7.685064993744376016e-01,8.663325348758473821e-01,9.552180732869854918e-01,9.791175229970129346e-01
6.040000000000000000e+02,7.483094346668235364e-01,7.696234788734347410e-01,8.671304292425088267e-01,9.555368611171131121e-01,9.792709881078904832e-01
6.050000000000000000e+02,7.496540335310755143e-01,7.709154708721104310e-01,8.680524179245301397e-01,9.559048318464352656e-01,9.794480903184484832e-01
6.060000000000000000e+02,7.511060537023248607e-01,7.723101588047782684e-01,8.690457276463489089e-01,9.563004243765594881e-01,9.796384027881631651e-01
6.070000000000000000e+02,7.529080285574516473e-01,7.740406400234941531e-01,8.702769035710689050e-01,9.567901973564969520e-01,9.798739688982540663e-01
6.080000000000000000e+02,7.542875832210461651e-01,7.753650625499656224e-01,8.712176931738835339e-01,9.571638164986617792e-01,9.800536053331213582e-01
6.090000000000000000e+02,7.556715327882745914e-01,7.766932311840335501e-01,8.721593777447383955e-01,9.575370406497233366e-01,9.802329773960866133e-01
6.100000000000000000e+02,7.569753680410286067e-01,7.779441133015237986e-01,8.730447719625954450e-01,9.578873225948302261e-01,9.804012607548489022e-01
6.110000000000000000e+02,7.588567605537746008e-01,7.797482984797340366e-01,8.743188436977771261e-01,9.583901270006659479e-01,9.806426960348423316e-01
6.120000000000000000e+02,7.600896649776551772e-01,7.809302251178577015e-01,8.751520763723636964e-01,9.587183629315380040e-01,9.808002488277516306e-01
6.130000000000000000e+02,7.613904116246842380e-01,7.821765896852090894e-01,8.760285281483458641e-01,9.590627016224805290e-01,9.809654400337470825e-01
6.140000000000000000e+02,7.630458760421774400e-01,7.837622305057696526e-01,8.771413161230636746e-01,9.594989578617699744e-01,9.811746354357665512e-01
6.150000000000000000e+02,7.644533537684601310e-01,7.851098284108909420e-01,8.780851599382221151e-01,9.598681995051475679e-01,9.813516189495604669e-01
6.160000000000000000e+02,7.661608988855584945e-01,7.867441513146258281e-01,8.792277197927383936e-01,9.603143132648688240e-01,9.815653634545258299e-01
6.170000000000000000e+02,7.674717275789232351e-01,7.879982485801542147e-01,8.801025674128050147e-01,9.606551199151083242e-01,9.817285764491935351e-01
6.180000000000000000e+02,7.688247242091198475e-01,7.892922426437829486e-01,8.810036287861706672e-01,9.610054764422193418e-01,9.818962982208520041e-01
6.190000000000000000e+02,7.704766722760653108e-01,7.908714614208225413e-01,8.821008105777725650e-01,9.614310741651939107e-01,9.820999402288792535e-01
6.200000000000000000e+02,7.718056366076887498e-01,7.921413605520363221e-01,8.829810873642538471e-01,9.617717228582763900e-01,9.822628564545430319e-01
6.210000000000000000e+02,7.734443999221364274e-01,7.937071128145363197e-01,8.840658094847372306e-01,9.621912302998667510e-01,9.824634620701374610e-01
6.220000000000000000e+02,7.747389364223720154e-01,7.949437977851985249e-01,8.849219261387110125e-01,9.625220702457093491e-01,9.826216425799982890e-01
6.230000000000000000e+02,7.760410223899080195e-01,7.961871285214207061e-01,8.857806157191127072e-01,9.628530885952462093e-01,9.827798292282357018e-01
6.240000000000000000e+02,7.773313841462814455e-01,7.974188933786242606e-01,8.866299941943845964e-01,9.631799870737846048e-01,9.829359956686721800e-01
6.250000000000000000e+02,7.789559336384617172e-01,7.989692701359190075e-01,8.876976509402757509e-01,9.635903244120113120e-01,9.831319675283338722e-01
6.260000000000000000e+02,7.804707190175007581e-01,8.004148204090231200e-01,8.886928566747018809e-01,9.639727113294521699e-01,9.833145804624675579e-01
6.270000000000000000e+02,7.821207535830161373e-01,8.019875127028535111e-01,8.897687853228438692e-01,9.643834216714163299e-01,9.835104604564068875e-01
6.280000000000000000e+02,7.834024702183088884e-01,8.032087763635709088e-01,8.906029723100755691e-01,9.647013345722700306e-01,9.836620327589341573e-01
6.290000000000000000e+02,7.848578540366681899e-01,8.045947437963790749e-01,8.915469551863988151e-01,9.650600330602361332e-01,9.838329490471661165e-01
6.300000000000000000e+02,7.862795867298502106e-01,8.059482740517721622e-01,8.924674796401469434e-01,9.654092856399891787e-01,9.839993134804053687e-01
6.310000000000000000e+02,7.878959049972746875e-01,8.074860532677321512e-01,8.935098256229950797e-01,9.658034080857996750e-01,9.841869224657545656e-01
6.320000000000000000e+02,7.892933980738242594e-01,8.088148667547321313e-01,8.944078528254565397e-01,9.661419315876825786e-01,9.843479672182382512e-01
6.330000000000000000e+02,7.910431027852852237e-01,8.104784429464384488e-01,8.955316348293992368e-01,9.665653713971539274e-01,9.845493913176651679e-01
6.340000000000000000e+02,7.925150873555317776e-01,8.118771244761546768e-01,8.964735665034041512e-01,9.669191784473274431e-01,9.847175864998388706e-01
6.350000000000000000e+02,7.940596828196601065e-01,8.133442867741927929e-01,8.974598533983757509e-01,9.672889751939368619e-01,9.848933193039209888e-01
6.360000000000000000e+02,7.954882294617112715e-01,8.147008125561989722e-01,8.983703797408714165e-01,9.676298404674056330e-01,9.850552536028733819e-01
6.370000000000000000e+02,7.971538884366078381e-01,8.162816162530791564e-01,8.994284468634394791e-01,9.680248070675336880e-01,9.852427826865490790e-01
6.380000000000000000e+02,7.989158171064567604e-01,8.179532712887481738e-01,9.005455776853270589e-01,9.684411652699607131e-01,9.854404064608581759e-01
6.390000000000000000e+02,8.003698924398140457e-01,8.193323476645955061e-01,9.014654969800343087e-01,9.687833896862941829e-01,9.856027831108767900e-01
6.400000000000000000e+02,8.019400890968776396e-01,8.208203543372876165e-01,9.024540300855865560e-01,9.691496329423677780e-01,9.857764145066635342e-01
6.410000000000000000e+02,8.033356541926961469e-01,8.221421378637140398e-01,9.033296809935645877e-01,9.694731466049107960e-01,9.859297032146643325e-01
6.420000000000000000e+02,8.046168080458441230e-01,8.233554765236611450e-01,9.041332142360161139e-01,9.697699143620388540e-01,9.860703095231281301e-01
6.430000000000000000e+02,8.061994564496750559e-01,8.248534422092252960e-01,9.051222129892447787e-01,9.701340672763297812e-01,9.862427383642259349e-01
6.440000000000000000e+02,8.075581907145819027e-01,8.261382559438524842e-01,9.059664460612840697e-01,9.704434468456201168e-01,9.863890947216064076e-01
6.450000000000000000e+02,8.088343066939515102e-01,8.273447069803518961e-01,9.067583992633606593e-01,9.707333816442815788e-01,9.865262258108332682e-01
6.460000000000000000e+02,8.100945903668151926e-01,8.285357314299315323e-01,9.075387171319349022e-01,9.710185112173819189e-01,9.866610334498038259e-01
6.470000000000000000e+02,8.115832137864413820e-01,8.299418725329105184e-01,9.084577601392551660e-01,9.713535351370982118e-01,9.868193569906860141e-01
6.480000000000000000e+02,8.129888774035081145e-01,8.312695427772411882e-01,9.093251627144371962e-01,9.716696076412613126e-01,9.869687128399313725e-01
6.490000000000000000e+02,8.144779270762109169e-01,8.326750734260490727e-01,9.102405015299981361e-01,9.720020994121257862e-01,9.871257304220760753e-01
6.500000000000000000e+02,8.159719483930348849e-01,8.340845662290697904e-01,9.111560485003236121e-01,9.723338233234269934e-01,9.872823075063322795e-01
6.510000000000000000e+02,8.176704360526335646e-01,8.356865547057259480e-01,9.121953298765295148e-01,9.727099173387191433e-01,9.874597851359315781e-01
6.520000000000000000e+02,8.189626173531540099e-01,8.369051256644290948e-01,9.129852397996217617e-01,9.729955456730515762e-01,9.875945516849873318e-01
6.530000000000000000e+02,8.205801818556446303e-01,8.384295008020234974e-01,9.139700204582781318e-01,9.733504562147375916e-01,9.877618986077547625e-01
6.540000000000000000e+02,8.223854203854088496e-01,8.401296929248209810e-01,9.150650349447014831e-01,9.737439236071857573e-01,9.879473184024772925e-01
6.550000000000000000e+02,8.239559120470707487e-01,8.416081353214022176e-01,9.160151162909185851e-01,9.740845766929445704e-01,9.881077822840786951e-01
6.560000000000000000e+02,8.256656275804986622e-01,8.432168569820115422e-01,9.170464245664559089e-01,9.744534898417326341e-01,9.882814790364370383e-01
6.570000000000000000e+02,8.273294034825450227e-01,8.447817736512980291e-01,9.180478161760454725e-01,9.748110682183883657e-01,9.884497812000687667e-01
6.580000000000000000e+02,8.289942119832102163e-01,8.463470281665725903e-01,9.190474234805173781e-01,9.751673216066693017e-01,9.886173970387911458e-01
6.590000000000000000e+02,8.307547031969365614e-01,8.480004234023280629e-01,9.200976065049727426e-01,9.755396529691637841e-01,9.887924008559202393e-01
6.600000000000000000e+02,8.324217255688094452e-01,8.495655077086305962e-01,9.210900486412538779e-01,9.758909538731044275e-01,9.889574692228572106e-01
6.610000000000000000e+02,8.340302399864654159e-01,8.510754243272050656e-01,9.220467681260107184e-01,9.762293593514125289e-01,9.891164556266561769e-01
6.620000000000000000e+02,8.356358219610121596e-01,8.525813552539285300e-01,9.229971359064655934e-01,9.765642312563959093e-01,9.892736657081778739e-01
6.630000000000000000e+02,8.373132372038007976e-01,8.541530705078113073e-01,9.239841189528442689e-01,9.769103718361810129e-01,9.894360191018598538e-01
6.640000000000000000e+02,8.390349437909484509e-01,8.557661324468890385e-01,9.249965946183807963e-01,9.772652960914142151e-01,9.896024782794733410e-01
6.650000000000000000e+02,8.404769465980288512e-01,8.571162113225987422e-01,9.258411603389643529e-01,9.775604196495482068e-01,9.897408066681682159e-01
6.660000000000000000e+02,8.421608523760536480e-01,8.586923390613776519e-01,9.268258140253571309e-01,9.779040601488593332e-01,9.899018365897359617e-01
6.670000000000000000e+02,8.437276595664948697e-01,8.601579665496300597e-01,9.277387125487901454e-01,9.782217659411340804e-01,9.900506336929003615e-01
6.680000000000000000e+02,8.452369125258419880e-01,8.615689570157378796e-01,9.286151626191666564e-01,9.785259990533626828e-01,9.901930505540543770e-01
6.690000000000000000e+02,8.466339765272359319e-01,8.628743865595275286e-01,9.294240070674566478e-01,9.788061044958654699e-01,9.903241139888729894e-01
6.700000000000000000e+02,8.481500727547457430e-01,8.642905592706978668e-01,9.303000229206190852e-01,9.791090043918093677e-01,9.904658015389103953e-01
6.710000000000000000e+02,8.497267242150196020e-01,8.657612684472273390e-01,9.312037338357973537e-01,9.794195477343814460e-01,9.906108933892289192e-01
6.720000000000000000e+02,8.511653199480867515e-01,8.671020920724534786e-01,9.320243648777277734e-01,9.797005054206122665e-01,9.907420707124640069e-01
6.730000000000000000e+02,8.529443095223457894e-01,8.687594622853577198e-01,9.330366372163115818e-01,9.800464131474670992e-01,9.909035144389060079e-01
6.740000000000000000e+02,8.546143662280460962e-01,8.703141281176044464e-01,9.339826145620018227e-01,9.803685482432457077e-01,9.910537645350104841e-01
6.750000000000000000e+02,8.563839964310634434e-01,8.719605564605367176e-01,9.349817163776510398e-01,9.807079282353111660e-01,9.912119837759046925e-01
6.760000000000000000e+02,8.579898738692541826e-01,8.734538062898939970e-01,9.358854695552923930e-01,9.810141761989635834e-01,9.913546917123386981e-01
6.770000000000000000e+02,8.598641708111225412e-01,8.751951800845446661e-01,9.369351553140909949e-01,9.813685687154517501e-01,9.915197203494245937e-01
6.780000000000000000e+02,8.613837583223700189e-01,8.766060059241647107e-01,9.377827399209176518e-01,9.816538556524725401e-01,9.916524928211990497e-01
6.790000000000000000e+02,8.630296555628195199e-01,8.781331603282507281e-01,9.386975282979846957e-01,9.819609455145289489e-01,9.917953413272216912e-01
6.800000000000000000e+02,8.648174109519957131e-01,8.797911252113516101e-01,9.396883640037304586e-01,9.822928638378122246e-01,9.919496784613452967e-01
6.810000000000000000e+02,8.663699545967344928e-01,8.812299447089874116e-01,9.405453784934230121e-01,9.825790931119349203e-01,9.920826963414065558e-01
6.820000000000000000e+02,8.680177655088482380e-01,8.827561668326946442e-01,9.414519596543476920e-01,9.828811293353805212e-01,9.922229954907770821e-01
6.830000000000000000e+02,8.698814304095343619e-01,8.844819134078349965e-01,9.424759310412619273e-01,9.832219380150326593e-01,9.923812757418561947e-01
6.840000000000000000e+02,8.715183599532549952e-01,8.859952451044266208e-01,9.433670214551839184e-01,9.835164966551108723e-01,9.925179025613468653e-01
6.850000000000000000e+02,8.731845368358389647e-01,8.875345318354551649e-01,9.442704025153612069e-01,9.838142405307265248e-01,9.926559315916704263e-01
6.860000000000000000e+02,8.749888019883607093e-01,8.892006596379006256e-01,9.452462151616998209e-01,9.841352702901546845e-01,9.928047053415293144e-01
6.870000000000000000e+02,8.765253420515851657e-01,8.906190031850470534e-01,9.460753808354103178e-01,9.844076111828566900e-01,9.929308774217894262e-01
6.880000000000000000e+02,8.779189133165938852e-01,8.919034275910067144e-01,9.468209595082335284e-01,9.846509726472283397e-01,9.930434940113589404e-01
6.890000000000000000e+02,8.795963476174034623e-01,8.934490303145486978e-01,9.477169242869921684e-01,9.849430709978178600e-01,9.931786340529800139e-01
6.900000000000000000e+02,8.812929589251773388e-01,8.950112249169152046e-01,9.486196049021730081e-01,9.852365315351171438e-01,9.933143341579852015e-01
6.910000000000000000e+02,8.827396718424919131e-01,8.963423815791892180e-01,9.493862725896434762e-01,9.854850624140312210e-01,9.934291979385213578e-01
6.920000000000000000e+02,8.843302385859662662e-01,8.978042601566526004e-01,9.502238625180265963e-01,9.857553576470270418e-01,9.935540171742004434e-01
6.930000000000000000e+02,8.858887089079439114e-01,8.992357720191550552e-01,9.510417617332767026e-01,9.860186585364364431e-01,9.936755526343300504e-01
6.940000000000000000e+02,8.875431486009657256e-01,9.007547667997770624e-01,9.519078844733505074e-01,9.862969941291709342e-01,9.938039867198927846e-01
6.950000000000000000e+02,8.893544892248405054e-01,9.024158635922199245e-01,9.528499208639782392e-01,9.865983151145587549e-01,9.939429090352398521e-01
6.960000000000000000e+02,8.910030218661397772e-01,9.039265109693236377e-01,9.537036577594273368e-01,9.868705770819372614e-01,9.940683657290301234e-01
6.970000000000000000e+02,8.927107973288849196e-01,9.054896076646885561e-01,9.545822943641422142e-01,9.871494923770174346e-01,9.941967810824513530e-01
6.980000000000000000e+02,8.942158795617877187e-01,9.068661054698353707e-01,9.553532818428508433e-01,9.873934915338056229e-01,9.943090589165759496e-01
6.990000000000000000e+02,8.956502303783814289e-01,9.081760254132418275e-01,9.560821802899748256e-01,9.876228905279271775e-01,9.944145125633416793e-01
7.000000000000000000e+02,8.973173950080259864e-01,9.096968107181224727e-01,9.569240062525049551e-01,9.878866657466801593e-01,9.945356728495939880e-01
7.010000000000000000e+02,8.989531673513759813e-01,9.111868536958678266e-01,9.577435651380482584e-01,9.881420919248333767e-01,9.946528855761928023e-01
7.020000000000000000e+02,9.007579559950580350e-01,9.128306307680686960e-01,9.586471241491069106e-01,9.884235526773222924e-01,9.947820334162630340e-01
7.030000000000000000e+02,9.023759924556289391e-01,9.143029031834045695e-01,9.594529201407239194e-01,9.886736566577052354e-01,9.948967193383058127e-01
7.040000000000000000e+02,9.041969681261231573e-01,9.159594426163145675e-01,9.603586089911814172e-01,9.889545179726588753e-01,9.950254888817956500e-01
7.050000000000000000e+02,9.060475779994359158e-01,9.176415735449343636e-01,9.612749421731755506e-01,9.892378209209226059e-01,9.951553077712608220e-01
7.060000000000000000e+02,9.078017525934511944e-01,9.192343952340057411e-01,9.621386023323124093e-01,9.895038144193737395e-01,9.952771115679714953e-01
7.070000000000000000e+02,9.097241663683627300e-01,9.209783369794772856e-01,9.630802314759053795e-01,9.897928170877254850e-01,9.954093702843673785e-01
7.080000000000000000e+02,9.116495774817179321e-01,9.227217908933862400e-01,9.640139312668010163e-01,9.900774724874483734e-01,9.955394851499077546e-01
7.090000000000000000e+02,9.133686613318818814e-01,9.242762978366846349e-01,9.648414341561806218e-01,9.903285158362630236e-01,9.956541367227851325e-01
7.100000000000000000e+02,9.154031412806481471e-01,9.261139470505967974e-01,9.658148353268500852e-01,9.906226404141359465e-01,9.957883688821386192e-01
7.110000000000000000e+02,9.171074561298431238e-01,9.276522264396567241e-01,9.666269893392690493e-01,9.908673927741459275e-01,9.959000166588849456e-01
7.120000000000000000e+02,9.189359032184327702e-01,9.293008984335056066e-01,9.674936171220753778e-01,9.911276417731529342e-01,9.960186601109867199e-01
7.130000000000000000e+02,9.203865457619851975e-01,9.306046033827821695e-01,9.681691054467079782e-01,9.913281729880701887e-01,9.961098959883243342e-01
7.140000000000000000e+02,9.223741043660347305e-01,9.323896416768481243e-01,9.690912951159924571e-01,9.916013113522803568e-01,9.962341162125130101e-01
7.150000000000000000e+02,9.243086622296083910e-01,9.341254966596318488e-01,9.699845380524730887e-01,9.918650524625175491e-01,9.963539978005943043e-01
7.160000000000000000e+02,9.263319341906500748e-01,9.359363710950909798e-01,9.709062744607053208e-01,9.921348897995024840e-01,9.964764692134837620e-01
7.170000000000000000e+02,9.285799237794732930e-01,9.379479005889106435e-01,9.719291111734950084e-01,9.924340885519963296e-01,9.966122485003302556e-01
7.180000000000000000e+02,9.303766766627288298e-01,9.395527598856089346e-01,9.727388715465163926e-01,9.926695395992267690e-01,9.967189880430428195e-01
7.190000000000000000e+02,9.323678272207966966e-01,9.413296299729575489e-01,9.736319271280848842e-01,9.929284275490758427e-01,9.968362917079867103e-01
7.200000000000000000e+02,9.347959667334454492e-01,9.434937260082526533e-01,9.747137626531814369e-01,9.932407446616355884e-01,9.969777040913394561e-01
7.210000000000000000e+02,9.365987759635764354e-01,9.450984202999457295e-01,9.755115683964209472e-01,9.934701003626327243e-01,9.970814784068833259e-01
7.220000000000000000e+02,9.388117173721713948e-01,9.470675236575739619e-01,9.764891732637174249e-01,9.937508441114586422e-01,9.972084805351278947e-01
7.230000000000000000e+02,9.404751680789538160e-01,9.485438681423217222e-01,9.772141941357613826e-01,9.939573367633106615e-01,9.973017617742926388e-01
7.240000000000000000e+02,9.424952968169563183e-01,9.503328267504959070e-01,9.780846561176250731e-01,9.942035343325424934e-01,9.974128484441360243e-01
7.250000000000000000e+02,9.445316711421717359e-01,9.521341732583272766e-01,9.789570945866219454e-01,9.944494373454090264e-01,9.975237373062119106e-01
7.260000000000000000e+02,9.466976963888976693e-01,9.540480988168505982e-01,9.798798164941987521e-01,9.947086260492650212e-01,9.976405500173832763e-01
7.270000000000000000e+02,9.487785687790900591e-01,9.558840798696213170e-01,9.807595715427465111e-01,9.949546290241426671e-01,9.977513357290971330e-01
7.280000000000000000e+02,9.507770886838124991e-01,9.576440655449649508e-01,9.815963377005727519e-01,9.951872655053869421e-01,9.978560006975075725e-01
7.290000000000000000e+02,9.528336534682148029e-01,9.594519420118006181e-01,9.824495905552829145e-01,9.954232148001909142e-01,9.979620609018939881e-01
7.300000000000000000e+02,9.546383325091354344e-01,9.610355885551565835e-01,9.831916200758374913e-01,9.956273289136148286e-01,9.980537305463097475e-01
7.310000000000000000e+02,9.567183207734611949e-01,9.628586973227289958e-01,9.840417948820940897e-01,9.958603867472963778e-01,9.981583392009245603e-01
7.320000000000000000e+02,9.588585152590405336e-01,9.647312143443653731e-01,9.849086644334158480e-01,9.960967762537275005e-01,9.982643509759352440e-01
7.330000000000000000e+02,9.606393427302436505e-01,9.662853475859685126e-01,9.856207691302525387e-01,9.962895385034064022e-01,9.983506925907910112e-01
7.340000000000000000e+02,9.629380256159131291e-01,9.682894416425410489e-01,9.865354159243504562e-01,9.965364319655578562e-01,9.984612293210185507e-01
7.350000000000000000e+02,9.649930428890604039e-01,9.700776493500389286e-01,9.873452539316612819e-01,9.967538436892284803e-01,9.985584795319694118e-01
7.360000000000000000e+02,9.674057165433721517e-01,9.721739072651875979e-01,9.882888884022508202e-01,9.970061027993886160e-01,9.986712389564199599e-01
7.370000000000000000e+02,9.696536760561510482e-01,9.741236549979187531e-01,9.891605138363435135e-01,9.972379870490289955e-01,9.987748089564681964e-01
7.380000000000000000e+02,9.718144868483967747e-01,9.759929041724947352e-01,9.899875244781246586e-01,9.974564237481027273e-01,9.988722584117321057e-01
7.390000000000000000e+02,9.740251831418530459e-01,9.779018752106303225e-01,9.908261609398844039e-01,9.976768557397199810e-01,9.989705204195550303e-01
7.400000000000000000e+02,9.760790867075509469e-01,9.796731270262929447e-01,9.916003031983577909e-01,9.978796199496887676e-01,9.990608551410191662e-01
7.410000000000000000e+02,9.786506264374708053e-01,9.818829711059531284e-01,9.925529543973982127e-01,9.981268198286504800e-01,9.991708209951269959e-01
7.420000000000000000e+02,9.809630878395990683e-01,9.838622952298267110e-01,9.933932382618850809e-01,9.983426273871838230e-01,9.992666637384829409e-01
7.430000000000000000e+02,9.833698099296714901e-01,9.859189129128861362e-01,9.942608429403552162e-01,9.985645179786528658e-01,9.993651420110846173e-01
7.440000000000000000e+02,9.857445525103977202e-01,9.879455505610973409e-01,9.951115383196728059e-01,9.987813651575990770e-01,9.994613312340823175e-01
7.450000000000000000e+02,9.879201426404099484e-01,9.897956915732103456e-01,9.958778123870786203e-01,9.989749804852527948e-01,9.995470953292692196e-01
7.460000000000000000e+02,9.905283641078299617e-01,9.920109579020728319e-01,9.967909622909086886e-01,9.992049932292242920e-01,9.996489321515804605e-01
7.470000000000000000e+02,9.928463102965988663e-01,9.939711289857476872e-01,9.975858690628914838e-01,9.994031179804112597e-01,9.997365049167358242e-01
7.480000000000000000e+02,9.950288971294047879e-01,9.958153611670277350e-01,9.983315371151156858e-01,9.995886158966784674e-01,9.998184719545905041e-01
7.490000000000000000e+02,9.973292206451876973e-01,9.977540370870189301e-01,9.991078677047100509e-01,9.997805565748627554e-01,9.999032041839996943e-01
7.500000000000000000e+02,1.000000000000000888e+00,9.999999999999997780e-01,1.000000000000001998e+00,9.999999999999984457e-01,1.000000000000001110e+00
