method,sigma,ratio,alpha,lam,kappa,at_boundary,E_gen_DE,E_gen_MC_mean,E_gen_distribution,E_acc_DE,E_acc_MC_mean,E_acc_distribution,R2_gen_DE,R2_gen_MC_mean,R2_gen_distribution,R2_acc_DE,R2_acc_MC_mean,R2_acc_distribution,slope_gen_DE,slope_gen_MC_mean,slope_gen_distribution,slope_acc_DE,slope_acc_MC_mean,slope_acc_distribution,weight_error_DE,weight_error_MC_mean,weight_error_distribution
gen_DE,0.0,0.0,9.999999999999999e-06,9.999999999999999e-09,0.002412214863468124,True,5.671668049584451e-05,6.0126716958698756e-05,5.6733080649769226e-05,6.994120108865785e-14,9.332336113696382e-13,1.768662135019246e-06,0.9999432833195041,0.9999398732830413,0.9999432669193502,0.9999999999999301,0.999999999999067,0.9999982312249434,1.0008337730363603,1.0006012237523856,1.0008300624087427,1.0000002644639883,1.0000009376494021,1.000004020591812,52.046522216010246,51.39194432356475,52.04699738438049
gen_DE,0.004166947281934956,1e-08,9.999999999999999e-06,9.999999999999999e-09,0.002412214863468124,True,5.672543072089135e-05,6.01519593688383e-05,5.674183425662455e-05,1.2063140297846618e-10,8.825243053271533e-09,1.7693865334489204e-06,0.9999432745692791,0.9999398480406309,0.9999432581657434,0.9999999998793659,0.9999999911722786,0.9999982303810895,1.000833764263736,1.000601270117483,1.0008300530410483,0.9999890167671891,0.9999248846684288,0.9999927721446138,52.053720295645164,51.43455807354512,52.0541967492743
gen_DE,0.004675391748434425,1.2589254117941661e-08,9.999999999999999e-06,9.999999999999999e-09,0.002412214863468124,True,5.6727696376514884e-05,6.015952442792552e-05,5.674410078782931e-05,1.9308508987334957e-10,1.2930211690903766e-08,1.7696153510360525e-06,0.9999432723036235,0.999939840475572,0.9999432558992122,0.9999999998069096,0.9999999870654688,0.9999982301213248,1.0008337619922878,1.000601271348118,1.000830050615531,0.9999861044938965,0.9999065036332847,0.9999898596769936,52.05558406137876,51.4455906823449,52.05606084782447
gen_DE,0.005245875822834551,1.584893192461114e-08,9.999999999999999e-06,9.999999999999999e-09,0.002412214863468124,True,5.6730548667953736e-05,6.016917384927749e-05,5.674695418152748e-05,3.0841741050276663e-10,1.912727857213217e-08,1.769927542714211e-06,0.999943269451332,0.9999398308261509,0.9999432530458184,0.9999999996915717,0.9999999808650941,0.9999982297701622,1.0008337591326875,1.0006012715827086,1.0008300475619962,0.9999824381831662,0.9998835240852861,0.9999861931215941,52.05793040342242,51.459479770676246,52.05840760887712
gen_DE,0.005885969482196862,1.9952623149688786e-08,9.999999999999999e-06,9.999999999999999e-09,0.002412214863468124,True,5.673413949012795e-05,6.01814626498689e-05,5.675054639131308e-05,4.91836643191186e-10,2.854561126605845e-08,1.7703588072524027e-06,0.9999432658605099,0.9999398185373503,0.9999432494536087,0.9999999995081416,0.9999999714407458,0.9999982292898177,1.000833755532675,1.0006012704029332,1.0008300437178388,0.9999778226096397,0.9998547754477994,0.9999815772400215,52.06088427304593,51.4769649361997,52.06136200602987
gen_DE,0.006604166380483055,2.511886431509582e-08,9.999999999999999e-06,9.999999999999999e-09,0.002412214863468124,True,5.67386600674123e-05,6.0197091424315e-05,5.675506871541599e-05,7.833277277926151e-10,4.294423489338999e-08,1.7709623393717678e-06,0.9999432613399326,0.999939802908576,0.9999432449312846,0.9999999992166284,0.9999999570310573,0.9999982286244675,1.0008337510005274,1.000601267262586,1.0008300388783566,0.9999720120074355,0.9998187867751686,0.9999757662499433,52.06460297457811,51.49897727507177,52.065081371726606
gen_DE,0.007409996554182586,3.162277660168379e-08,9.999999999999999e-06,9.999999999999999e-09,0.002412214863468124,True,5.6744351137031544e-05,6.021694426675351e-05,5.676076198402173e-05,1.2463026091958743e-09,6.506983196857606e-08,1.7718181859540743e-06,0.999943255648863,0.9999397830557335,0.999943239238016,0.9999999987536093,0.9999999348848909,0.9999982276907451,1.0008337452948928,1.0006012614520678,1.0008300327858493,0.9999646969886667,0.9997737094676666,0.9999684507428007,52.069284542435845,51.5266889655119,52.06976377578866
gen_DE,0.008314152880106817,3.981071705534969e-08,9.999999999999999e-06,9.999999999999999e-09,0.002412214863468124,True,5.67515157691955e-05,6.024213653950026e-05,5.676792938434316e-05,1.981311214351796e-09,9.921981093857026e-08,1.7730478466975358e-06,0.9999432484842308,0.9999397578634599,0.9999432320706156,0.9999999980185124,0.9999999006963052,0.9999982263629558,1.0008337381119174,1.000601252053403,1.0008300251158997,0.9999554880778403,0.9997172201249432,0.9999592412170013,52.075178287178986,51.561575689782664,52.07565857336263
gen_DE,0.009328632963367675,5.011872336272725e-08,9.999999999999999e-06,9.999999999999999e-09,0.002412214863468124,True,5.676053550669287e-05,6.027407504145799e-05,5.677695260642355e-05,3.1477724651700964e-09,1.5212899257419693e-07,1.7748371268045184e-06,0.9999432394644933,0.9999397259249585,0.9999432230473935,0.9999999968518742,0.9999998477140335,0.9999982244499853,1.000833729069084,1.00060123788328,1.0008300154601044,0.9999438949871654,0.9996463984656522,0.9999476473519064,52.08259807220675,51.605495218771736,52.08307968400331
gen_DE,0.010466898338308139,6.30957344480193e-08,9.999999999999999e-06,9.999999999999999e-09,0.002412214863468124,True,5.6771890683436025e-05,6.0314533790697264e-05,5.6788312169488676e-05,4.99841464661167e-09,2.343666129528963e-07,1.7774719920670278e-06,0.9999432281093166,0.9999396854662095,0.9999432116878305,0.9999999950008785,0.9999997653369944,0.9999982216591321,1.0008337176848539,1.0006012174209673,1.0008300033043365,0.9999293005329114,0.9995575739663656,0.9999330519224074,52.09193902812826,51.66078634407871,52.09242230905359
gen_DE,0.011744053094884296,7.943282347242822e-08,9.999999999999999e-06,9.999999999999999e-09,0.002412214863468124,True,5.6786186003993385e-05,6.0365749468394154e-05,5.6802613011293415e-05,7.933855151386295e-09,3.6253811722624167e-07,1.7813949337796377e-06,0.999943213813996,0.9999396342505316,0.9999431973869887,0.9999999920647313,0.999999636897789,0.9999982175393296,1.000833703352952,1.0006011887171686,1.0008299880013807,0.9999109278093264,0.9994461332904336,0.9999146779705435,52.103698594908295,51.730393426088646,52.104183977587354
gen_DE,0.01317704430076226,1e-07,9.999999999999999e-06,9.999999999999999e-09,0.002412214863468124,True,5.6804182746312806e-05,6.043054161974565e-05,5.682061670317695e-05,1.2589091164173926e-08,5.627560565432312e-07,1.7872937133641725e-06,0.9999431958172537,0.9999395694583795,0.9999431793832968,0.9999999874080834,0.9999994361629173,0.9999982113918429,1.000833685310149,1.000601149278801,1.0008299687364959,0.9998877988807356,0.9993062786202812,0.9998915474947963,52.118503012359376,51.81802319065653,52.11899104169444
gen_DE,0.014784886878609762,1.2589254117941662e-07,9.999999999999999e-06,9.999999999999999e-09,0.002412214863468124,True,5.682683930254821e-05,6.0512464027456866e-05,5.684328200637738e-05,1.997054927353388e-08,8.761118100711331e-07,1.7962412599074672e-06,0.9999431731606975,0.9999394875359721,0.9999431567179937,0.9999999800238052,0.9999991218041344,0.9999982021295919,1.0008336625955994,1.000601095923426,1.0008299444840685,0.9998586828061645,0.9991307245977287,0.9998624294711671,52.13714066969534,51.928342124381295,52.137632032088845
gen_DE,0.016588915922567116,1.584893192461114e-07,9.999999999999999e-06,9.999999999999999e-09,0.002412214863468124,True,5.6855362216936726e-05,6.061599533521192e-05,5.6871815929348504e-05,3.16732315571376e-08,1.3673004024232742e-06,1.809916418069005e-06,0.9999431446377831,0.9999393840046648,0.9999431281840707,0.9999999683154916,0.9999986286613886,0.9999981880552784,1.000833633999687,1.000601024595416,1.0008299139530625,0.9998220302510056,0.9989103186310244,0.999825774460227,52.160604090131905,52.06722498046887,52.16109965036371
gen_DE,0.01861306980198398,1.9952623149688787e-07,9.999999999999999e-06,9.999999999999999e-09,0.002412214863468124,True,5.6891270438678844e-05,6.074677909072226e-05,5.690773800502123e-05,5.022473689668089e-08,2.1382110654163395e-06,1.8309525299340889e-06,0.9999431087295613,0.9999392532209095,0.999943092261995,0.999999949752744,0.9999978539305967,0.9999981665111031,1.0008335979995726,1.0006009301338457,1.00082987551837,0.9997758912386883,0.9986335657547316,0.9997796323529917,52.190142786367105,52.24206762900752,52.19064363415909
gen_DE,0.02088420780903663,2.5118864315095823e-07,9.999999999999999e-06,9.999999999999999e-09,0.002412214863468124,True,5.693647621152234e-05,6.091192601194169e-05,5.6952961210936833e-05,7.963022633400666e-08,3.3493311188655888e-06,1.8634881831627062e-06,0.9999430635237885,0.9999390880739881,0.9999430470387891,0.9999999203248132,0.9999966353216972,0.9999981333253207,1.0008335526781102,1.0006008059795715,1.0008298271344382,0.9997178117182908,0.9982860349448203,0.9997215489311443,52.22732980168887,52.4621809120495,52.22783731054518
gen_DE,0.023432466565216265,3.162277660168379e-07,9.999999999999999e-06,9.999999999999999e-09,0.002412214863468124,True,5.6993386907714825e-05,6.112039459613865e-05,5.700989384143111e-05,1.26235582701776e-07,5.253428506464663e-06,1.914037716368028e-06,0.9999430066130923,0.9999388796054041,0.9999429901061586,0.9999998736746674,0.9999947165099252,0.9999980819372523,1.000833495621775,1.0006006438056338,1.0008297662265955,0.9996447035284417,0.9978496187327525,0.9996484358215287,52.27414548026621,52.739286477692495,52.27466138189354
gen_DE,0.02629165991598638,3.981071705534969e-07,9.999999999999999e-06,9.999999999999999e-09,0.002412214863468124,True,5.706503322935442e-05,6.138347036635487e-05,5.7081567756759485e-05,2.0009431191355831e-07,8.248498853979185e-06,1.992867472395925e-06,0.9999429349667707,0.9999386165296339,0.9999429184322433,0.999999799726556,0.9999916924755997,0.9999980020132382,1.0008334237921148,1.000600433051034,1.0008296895543551,0.999552680973003,0.9973016121161546,0.9995564070596011,52.33308292769762,53.088140998104215,52.333609406236704
gen_DE,0.029499727619967945,5.011872336272725e-07,9.999999999999999e-06,9.999999999999999e-09,0.002412214863468124,True,5.71552306043281e-05,6.171536930571707e-05,5.717179983862175e-05,3.1713169731613085e-07,1.2960873472981518e-05,2.116171891134905e-06,0.9999428447693957,0.9999382846306947,0.9999428282001614,0.9999996825108188,0.9999869230080978,0.999997877256497,1.000833333363938,1.0006001603327608,1.0008295930394953,0.999436855527137,0.9966135702155448,0.9994405737800185,52.4072807779753,53.527322013343834,52.40782058948184
gen_DE,0.03309923878648536,6.30957344480193e-07,9.999999999999999e-06,9.999999999999999e-09,0.002412214863468124,True,5.7268782371759596e-05,6.213399764704437e-05,5.7285395249756526e-05,5.025702704131024e-07,2.037541915691114e-05,2.309514272035204e-06,0.9999427312176282,0.9999378660023531,0.9999427146047501,0.999999496716405,0.9999793958082868,0.999997681940291,1.000833219521651,1.0005998087044037,1.0008294715498933,0.999291078092867,0.9957498971393438,0.9992947864518862,52.50069033719038,54.08021724999151,52.50124696138324
gen_DE,0.03713795674178392,7.943282347242821e-07,9.999999999999999e-06,9.999999999999999e-09,0.002412214863468124,True,5.741173557733324e-05,6.266190851563204e-05,5.742840332126287e-05,7.96349857542435e-07,3.203900788671324e-05,2.6132664873020593e-06,0.9999425882644226,0.9999373380914843,0.9999425715966788,0.9999992022269374,0.999967509787831,0.9999973754187785,1.0008330762027142,1.0005993567214975,1.0008293186278105,0.9991076156335175,0.9946661116552313,0.9991113114870608,52.61828600499072,54.7762700993701,52.61886383836733
gen_DE,0.04166947281934956,1e-06,9.999999999999999e-06,9.999999999999999e-09,0.002412214863468124,True,5.759170300052733e-05,6.332750641067335e-05,5.760843969357462e-05,1.2616998952178828e-06,5.037747870593465e-05,3.0912067148778198e-06,0.9999424082969994,0.9999366724935896,0.9999423915603064,0.9999987354609027,0.9999487320001745,0.9999968934341147,1.0008328957749422,1.0005987772633937,1.0008291261484625,0.9988767458456708,0.9933067295727,0.9988804258778683,52.76633017950149,55.652547581568776,52.766934781680405
gen_DE,0.04675391748434425,1.2589254117941661e-06,9.999999999999999e-06,9.999999999999999e-09,0.002412214863468124,True,5.7818268562881495e-05,6.416656371406403e-05,5.7835091864737576e-05,1.9986899893448784e-06,7.91873963741407e-05,3.844103041642106e-06,0.9999421817314371,0.9999358334362861,0.9999421649081353,0.9999979956467064,0.9999190544503946,0.9999961343476869,1.000832668629918,1.0005980360484283,1.0008288838911759,0.9985862496722034,0.9916027000267923,0.9985899096650956,52.952706752861175,56.75571429501915,52.95334516169285
gen_DE,0.05245875822834551,1.584893192461114e-06,9.999999999999999e-06,9.999999999999999e-09,0.002412214863468124,True,5.8103497706766584e-05,6.522413003750749e-05,5.81204297406119e-05,3.1656351116068167e-06,0.000124395079973976,5.031161914804718e-06,0.9999418965022933,0.9999347758699628,0.9999418795702594,0.9999968230700105,0.9998721339635034,0.9999949373288353,1.0008323826714207,1.0005970897627907,1.0008285790010025,0.9982207768235528,0.9894683360697941,0.9982244114002046,53.18734095722681,58.14451747157694,53.18802209314954
gen_DE,0.058297689037868805,1.957341781489163e-06,9.999999999999999e-06,9.999999999999999e-09,0.002412214863468124,True,5.8429398604003475e-05,6.643372380015365e-05,5.8446454468367266e-05,4.824536112657675e-06,0.00018803367717276347,6.713166220687029e-06,0.999941570601396,0.9999335662761996,0.9999415535455316,0.9999951541998339,0.9998054939431879,0.9999932402848857,1.000832055937375,1.000595995706896,1.000828230761449,0.9978035173315827,0.98704373277757,0.9978071226175675,53.45543241760028,59.73135322193013,53.45616259769362
gen_DE,0.058859694821968615,1.9952623149688787e-06,9.999999999999999e-06,9.999999999999999e-09,0.002412214863468124,True,5.846257992418781e-05,6.655693614517065e-05,5.847964837224479e-05,5.012879281949215e-06,0.00019522053095803355,6.903868901671873e-06,0.9999415374200759,0.9999334430638547,0.9999415203516278,0.9999949645979732,0.999797930065901,0.9999930477997573,1.0008320226712388,1.0005958837028261,1.0008281953131832,0.9977610539796705,0.9867976937405122,0.9977646562687613,53.48272791957881,59.89291547529041,53.483463106337595
gen_DE,0.06604166380483055,2.5118864315095823e-06,9.999999999999999e-06,9.999999999999999e-09,0.002412214863468124,True,5.89146376526228e-05,6.823642053411432e-05,5.893187710354424e-05,7.936058277528804e-06,0.0003059475418702845,9.859327397657116e-06,0.9999410853623474,0.9999317635794661,0.9999410681228964,0.9999920190387112,0.999680547754673,0.999990062686188,1.000831569458222,1.0005943488045745,1.0008277125060296,0.9971828989585872,0.9834603849948549,0.9971864601553033,53.854598072796435,62.094016348747374,53.8554017105925
gen_DE,0.07409996554182587,3.162277660168379e-06,9.999999999999999e-06,9.999999999999999e-09,0.002412214863468124,True,5.948374461454755e-05,7.035253992139711e-05,5.950119821221849e-05,1.2559957737576137e-05,0.00047858762141052996,1.452421894267014e-05,0.9999405162553855,0.9999296474600792,0.9999404988017879,0.9999873505417011,0.9994948208089757,0.9999853436665149,1.0008309988974289,1.0005923979015818,1.0008271050393152,0.9964559969331875,0.979296868400114,0.9964595057224459,54.322754858569894,64.86503614887492,54.32364529775213
gen_DE,0.081561400161846,3.8311868495543465e-06,9.999999999999999e-06,9.999999999999999e-09,0.002412214863468124,True,6.0069055208849405e-05,7.253040018795103e-05,6.008672776902455e-05,1.8408363226005125e-05,0.0006935843517691843,2.041519580744547e-05,0.9999399309447912,0.9999274695998122,0.9999399132722309,0.9999814326522746,0.9992597112418538,0.9999793729652949,1.0008304120922968,1.00059037583675,1.0008264806743012,0.9957095031492839,0.9750574845879334,0.9957129572923409,54.804241019942374,67.71495081665968,54.80522144059272
gen_DE,0.08314152880106818,3.981071705534969e-06,9.999999999999999e-06,9.999999999999999e-09,0.002412214863468124,True,6.0200207830943596e-05,7.301856664148456e-05,6.021792928047838e-05,1.9870313653465638e-05,0.0007468361441799208,2.1886742642034314e-05,0.9999397997921691,0.9999269814333585,0.9999397820707195,0.9999799513464421,0.9992009000469764,0.9999778797068244,1.0008302806048779,1.0005899210109177,1.0008263408247027,0.9955423870004827,0.9741133605694162,0.9955458287990474,54.912129332883964,68.35354112155954,54.913130012419074
gen_DE,0.09328632963367675,5.011872336272725e-06,9.999999999999999e-06,9.999999999999999e-09,0.002412214863468124,True,6.110218158068037e-05,7.637712852408403e-05,6.112023757323834e-05,3.142051338731776e-05,0.0011618491283784662,3.350350708099612e-05,0.9999388978184193,0.9999236228714757,0.9999388797624267,0.9999682242534597,0.9987356812080525,0.9999660692254864,1.0008293763295866,1.0005867793954524,1.0008253795614963,0.9943945996229245,0.967676667336206,0.9943979555850926,55.654107835660795,72.74530613354578,55.65524877200865
gen_DE,0.10466898338308138,6.30957344480193e-06,9.999999999999999e-06,9.999999999999999e-09,0.002412214863468124,True,6.223769925499526e-05,8.060781300027253e-05,6.225617237849506e-05,4.965487120089148e-05,0.0018004983357916729,5.182307086174566e-05,0.999937762300745,0.9999193921870001,0.9999377438276216,0.999949637863724,0.9979992263576193,0.9999473748859765,1.0008282379167752,1.0005827980852753,1.000824170654333,0.9929533787386513,0.9597094643155138,0.9929566244589987,56.58820342781152,78.27420785164965,56.58952316780899
gen_DE,0.11410850251795197,7.498942093324558e-06,9.999999999999999e-06,9.999999999999999e-09,0.002412214863468124,True,6.327842358881675e-05,8.44871099379625e-05,6.329727526081065e-05,6.99542276824648e-05,0.0024930542106790772,7.220189107359933e-05,0.9999367215764112,0.9999155128900619,0.9999367027247392,0.9999288607507403,0.9971767258154307,0.9999264958958476,1.0008271945412541,1.0005791303695981,1.0008230638338507,0.9916361356011432,0.9525360655466167,0.9916392783476036,57.44432045254493,83.34155322844026,57.44580614912431
gen_DE,0.11744053094884295,7.943282347242822e-06,9.999999999999999e-06,9.999999999999999e-09,0.002412214863468124,True,6.36672313107317e-05,8.593674049813106e-05,6.368622351916386e-05,7.841246717234303e-05,0.0027768442018539447,8.069015266616449e-05,0.9999363327686893,0.9999140632595018,0.9999363137764808,0.9999201801694995,0.9968332541982629,0.9999177765265651,1.0008268047436308,1.0005777564590184,1.0008226506082258,0.9911449185677181,0.9498868758299119,0.9911480224068102,57.76416010581501,85.23467951702644,57.765708293084266
gen_DE,0.1317704430076226,9.999999999999999e-06,9.999999999999999e-06,9.999999999999999e-09,0.002412214863468124,True,6.546690554267265e-05,9.26486170749594e-05,6.548654226405823e-05,0.00012370895033239583,0.004257511076311029,0.00012612795738376956,0.9999345330944573,0.999907351382925,0.999934513457736,0.9998734925536367,0.9949870660750161,0.9998709041661277,1.0008250004913843,1.0005713763825848,1.0008207397692404,0.9888775474677391,0.9378356098453091,0.9888804684288144,59.244601850922635,93.99739057648995,59.24644260037962
gen_DE,0.14784886878609763,1.2589254117941661e-05,9.999999999999999e-06,9.999999999999999e-09,0.002412214863468124,True,6.773256116621424e-05,0.00010110190827725543,6.775299614138986e-05,0.00019494289978031864,0.00648131083576808,0.00019754527562863654,0.9999322674388338,0.9998988980917227,0.9999322470038586,0.9997994972702294,0.9920635677186038,0.9997966639713987,1.000822729081623,1.0005633072728555,1.0008183382440867,0.9860378046217538,0.9231373753732456,0.9860404897302195,61.10836758451953,105.02898616826496,61.11058391469163
gen_DE,0.15964353629353814,1.4677992676231963e-05,9.999999999999999e-06,9.999999999999999e-09,0.002412214863468124,True,6.956025441111697e-05,0.00010792325770844789,6.95813234926572e-05,0.00026377476299629623,0.008537130799498256,0.00026652941887836347,0.9999304397455889,0.9998920767422915,0.9999304186765074,0.9997274438840991,0.9892186301218502,0.999724402844189,1.0008208967540604,1.0005567757543588,1.0008164040008234,0.983758855859383,0.9116450544878887,0.9837613469943078,62.61185823242808,113.92811763929552,62.61438298407488
gen_DE,0.16588915922567116,1.584893192461114e-05,9.999999999999999e-06,9.999999999999999e-09,0.002412214863468124,True,7.058485260506515e-05,0.00011174794245404239,7.060627357115979e-05,0.0003067441352341535,0.009782634389491581,0.00030958583262460953,0.999929415147395,0.9998882520575461,0.9999293937264289,0.999682222147155,0.9874337588458908,0.9996790606258197,1.000819869560821,1.0005531072904894,1.0008153207868222,0.9824858875407815,0.9053387555630502,0.9824882687395591,63.45470962817586,118.91693766158168,63.45740926690059
gen_DE,0.18613069801983978,1.9952623149688786e-05,9.999999999999999e-06,9.999999999999999e-09,0.002412214863468124,True,7.417567477927747e-05,0.0001251549610266406,7.419831014913661e-05,0.0004817800860182683,0.014616588789067964,0.0004849360993102789,0.9999258243252207,0.9998748450389741,0.9999258016898509,0.9994963529708084,0.980101270119938,0.9994927460776575,1.0008162696606488,1.000540219660446,1.0008115303829324,0.9780505105749981,0.8839699737961262,0.9780525012705888,66.40857925169587,136.4008276317573,66.41190220810923
gen_DE,0.20884207809036628,2.5118864315095822e-05,9.999999999999999e-06,9.999999999999999e-09,0.002412214863468124,True,7.869625206362737e-05,0.00014203839668365696,7.872037881193496e-05,0.0007549678052570283,0.021581455058577195,0.0007585392616813436,0.9999213037479364,0.9998579616033169,0.999921279621188,0.9992017693827108,0.968487766902303,0.9991975497194152,1.000811737691665,1.0005239428605186,1.0008067701874908,0.9725233225215087,0.8585748174461003,0.9725248141243015,70.12728078387211,158.4117353095376,70.13140917008585
gen_DE,0.22334933960129155,2.8729848333514593e-05,9.999999999999999e-06,9.999999999999999e-09,0.002412214863468124,True,8.18559443437938e-05,0.00015384167009636562,8.18810915744574e-05,0.0009798779344357196,0.02692169111127775,0.0009837521693180833,0.9999181440556562,0.9998461583299038,0.9999181189084255,0.9989557702301166,0.9587942908490997,0.9989510871359167,1.00080857006145,1.0005125403411526,1.0008034498282363,0.9686969979964266,0.8417385547396384,0.9686981385270482,72.72649583636955,173.79642579868192,72.7311993107611
gen_DE,0.23432466565216264,3.1622776601683795e-05,9.999999999999999e-06,9.999999999999999e-09,0.002412214863468124,True,8.438732168287492e-05,0.00016329899215460897,8.441327473623626e-05,0.0011797023018132557,0.03143091194976705,0.0011838260953928904,0.9999156126783171,0.9998367010078453,0.9999155867252638,0.9987348848574464,0.9500929949351405,0.9987298093120057,1.0008060323391155,1.0005033930936316,1.000800793381737,0.9656532053633348,0.8287530465121518,0.9656540644859386,74.80884864160664,186.12181992322982,74.81401933497162
gen_DE,0.2629165991598638,3.9810717055349695e-05,9.999999999999999e-06,9.999999999999999e-09,0.002412214863468124,True,9.155195384683537e-05,0.0001900707897829651,9.15801373904709e-05,0.001836890459563132,0.04506529989784396,0.001841751965927055,0.9999084480461532,0.9998099292102173,0.9999084198626096,0.9979949214904017,0.9209562453734175,0.9979886313486752,1.0007988498183027,1.0004774570520343,1.0007932903978745,0.9571410399150524,0.7942145961964154,0.9571411073363494,80.70259338474742,221.0067424271157,80.70911425335277
gen_DE,0.29499727619967947,5.011872336272725e-05,0.021379620895022326,2.1379620895022326e-05,0.0024520914287572484,False,0.00010054824754397475,0.00015946198930796732,0.00010057915711570426,0.0026279072909813966,0.015744358081744233,0.002633627000059209,0.999899451752456,0.9998405380106925,0.9998994208428842,0.9970804328264679,0.9793233216789886,0.9970726611765129,1.0008040686994593,1.0005464990527242,1.0007981337251595,0.9487368817668941,0.8750855621479964,0.9487362580226986,86.96442727894406,143.3772637922533,86.97247642276685
gen_DE,0.312476963731664,5.623413251903491e-05,0.06918309709189366,6.918309709189365e-05,0.002539980981444855,False,0.00010567848952798626,0.00014881769316999266,0.00010571096089464532,0.0027608423244827036,0.008491280791938534,0.00276685227073146,0.999894321510472,0.9998511823068302,0.9998942890391053,0.9969244467905694,0.9896784961661643,0.9969162155552337,1.000830264241872,1.000621308672147,1.000824121731768,0.947456281779049,0.9081065080985509,0.9474557514108282,88.61252422929084,118.05890249033484,88.62108351151879
gen_DE,0.3309923878648536,6.309573444801929e-05,0.12022644346174127,0.00012022644346174127,0.002632002830535582,False,0.00011119045554905602,0.00014946463368258997,0.00011122460618786842,0.002908921989707948,0.006656823665639241,0.002915244309543665,0.9998888095444509,0.9998505353663171,0.9998887753938122,0.9967499533617926,0.9920963155546514,0.9967412188680194,1.0008574901737057,1.0006777991815545,1.0008511282794137,0.9460655769502635,0.918618296992696,0.9460651618996421,90.36068649077323,111.23872813783244,90.36978144332377
gen_DE,0.37137956741783923,7.943282347242822e-05,0.23988329190194904,0.00023988329190194904,0.0028414032735181163,False,0.00012347084209215676,0.00015805725462857435,0.00012350875683735075,0.003187911133129903,0.005126205692000606,0.0031948898194805887,0.9998765291579078,0.9998419427453716,0.9998764912431626,0.9964191425079834,0.9940454956902325,0.9964093434044343,1.0009194826731767,1.0007843617447687,1.0009126441624283,0.9435384101080221,0.9285764807869579,0.9435383943850804,93.83778207556753,106.24950268531347,93.84795408924127
gen_DE,0.4166947281934956,0.0001,0.36307805477010135,0.00036307805477010135,0.003049326112487986,False,0.00013762530819505967,0.00017192655474085919,0.00013766754628657897,0.0036551454808155595,0.0048081902601231,0.0036629479307477503,0.999862374691805,0.9998280734452599,0.9998623324537135,0.9958593160432457,0.9944423483406948,0.9958480820186515,1.000978771425116,1.0008750779667366,1.0009714028435657,0.9395422008272253,0.9308230556593711,0.9395425676733491,98.29877125026599,106.72555724573078,98.3102498459705
gen_DE,0.43717099426962,0.00011006941712530544,0.4249534679573374,0.0004249534679573374,0.003151302202578351,False,0.0001441418794548573,0.00017847494578155932,0.0001441861328324657,0.0038219301942897096,0.004676024549286342,0.003830077471851486,0.9998558581205451,0.999821525054219,0.9998558138671676,0.9956577778289001,0.9946063621677552,0.9956459421383839,1.0010081703250149,1.0009173750817921,1.0010005637218031,0.9381782385054445,0.9317798168180608,0.938178881613686,100.04128622431912,106.99875590526898,100.05328346805906
gen_DE,0.46753917484344276,0.00012589254117941674,0.5128613839913648,0.0005128613839913648,0.0032937367249389346,False,0.0001539358923827979,0.00018863260647186648,0.00015398316901174232,0.0041212015957402285,0.004640744841871294,0.004129886862877982,0.9998460641076172,0.9998113673935284,0.9998460168309882,0.9952939708994266,0.9946500955887566,0.9952811585474903,1.0010484246609126,1.0009737815724156,1.0010404672053725,0.9358034144541921,0.9320364064642646,0.9358044492481992,102.79512576882007,108.1032438153756,102.80792372808244
gen_DE,0.5245875822834551,0.00015848931924611142,0.6760829753919817,0.0006760829753919818,0.0035516193049435906,False,0.00017272703810789812,0.00020843398539255746,0.00017278013160711457,0.004745848458821563,0.004774426140514854,0.0047555658629417855,0.9998272729618921,0.9997915660146078,0.9998272198683928,0.9945259092187418,0.9944844513520885,0.9945111301989468,1.0011199136523485,1.0010705370305246,1.001111303978064,0.931109881268635,0.9310621196142425,0.931111723838743,108.02039355383252,110.99350777429409,108.03468521965107
gen_DE,0.5885969482196861,0.00019952623149688788,0.8912509381337456,0.0008912509381337456,0.003880812312933678,False,0.00019434652996726796,0.00023116517243199376,0.000194406599784996,0.005195512756582019,0.004719807934232082,0.005206230170971273,0.9998056534700327,0.9997688348275681,0.999805593400215,0.9939659729041632,0.99455214107793,0.9939492961427809,1.0012129496872963,1.0011899901606938,1.001203618147689,0.9279200946408639,0.9314599997916274,0.9279233690152483,112.56951668695697,113.28833677871691,112.58508604011351
gen_DE,0.6116242168641555,0.000215443469003023,0.9660348324982373,0.0009660348324982373,0.003992817660295354,False,0.0002022589044516975,0.00023953630021060555,0.00020232154318023575,0.005395539180411149,0.004771145906392161,0.005406631111918205,0.9997977410955483,0.9997604636997893,0.9997976784568198,0.9937150591799523,0.9944884198509223,0.9936976325441733,1.0012438978403375,1.00122898615546,1.0012343095003091,0.926545666020233,0.9310887455769101,0.9265494575493052,114.30721620845466,114.3891254541171,114.32325926332493
gen_DE,0.6604166380483051,0.00025118864315095795,1.096478196143185,0.0010964781961431851,0.0041856130896459525,False,0.00021925804092615491,0.00025753729471531347,0.00021932599731821096,0.006107647655203337,0.005203640260879697,0.0061196668844430615,0.9997807419590738,0.9997424627052842,0.9997806740026818,0.9928128813874313,0.993948851128513,0.9927934038846551,1.001293604147855,1.001292334375007,1.0012834776299693,0.9218485594809454,0.9280299036883877,0.9218531754488923,118.98970372516031,117.97482294231295,119.00702595525644
gen_DE,0.7409996554182586,0.00031622776601683794,1.3489628825916535,0.0013489628825916536,0.0045507056239010284,False,0.00024792240203732447,0.00028767888444960273,0.0002479997901312156,0.00697996014202037,0.005620546812977668,0.006993309055982618,0.9997520775979627,0.99971232111555,0.9997520002098688,0.9916894120857154,0.9934235754741279,0.9916669380499612,1.0013906919957876,1.0014117516845003,1.0013796900664609,0.916453844241519,0.9252028875013474,0.9164604214626205,125.23202568639282,122.50364609499971,125.25098728244481
gen_DE,0.8314152880106822,0.00039810717055349735,1.6595869074375607,0.0016595869074375606,0.004987789911427231,False,0.00028088408120354017,0.00032221165838932703,0.0002809729547008398,0.007753691503512274,0.005944024807329584,0.007768371630644707,0.9997191159187965,0.9996777883416105,0.9997190270452991,0.9906766654031777,0.9930124976639267,0.9906510786334504,1.001507323157916,1.0015510341816252,1.0014953593565035,0.9119449518567375,0.923085194252694,0.9119542618330928,131.15650482737377,126.82238576820633,131.17690322275106
gen_DE,0.8556930527381014,0.00042169650342858224,1.7649871801849728,0.0017649871801849728,0.0051335459628609114,False,0.0002898662322210483,0.0003316765371278455,0.0002899586237945267,0.007761272432812379,0.0058625174614546525,0.0077762115037756045,0.999710133767779,0.9996683234628729,0.9997100413762054,0.9906666689181135,0.9931160896433444,0.9906405660638252,1.0015480108202244,1.0015979837086004,1.001535791436166,0.911901915839149,0.9236188324014278,0.9119122440482019,132.0179749208132,127.33166290648569,132.0385104775388
gen_DE,0.9328632963367676,0.0005011872336272725,2.041737944669529,0.0020417379446695293,0.0055109935849419565,False,0.00031882453107400405,0.0003619089374670366,0.0003189276954833947,0.008370692486362592,0.006149465244214769,0.008386687306059246,0.999681175468926,0.9996380910625328,0.9996810723045166,0.9898584721684747,0.9927495938528044,0.9898297441324259,1.0016471414777965,1.0017134193972728,1.0016341227427499,0.9085085113993515,0.9217769758849448,0.9085215009905707,136.64363454355438,130.88967815946154,136.66517531503223
gen_DE,1.046689833830814,0.000630957344480193,2.344228815319922,0.002344228815319922,0.005915952262017347,False,0.00036254781978289024,0.00040670594455421115,0.0003626659003691325,0.010342452310638113,0.007499043275787868,0.010360323084648954,0.9996374521802172,0.9995932940554458,0.999637334099631,0.9871832283448314,0.9909984293421732,0.987148685850937,1.0017399805301714,1.0018254336025878,1.0017258174355919,0.8983021518878688,0.9136096702952728,0.8983181147947876,146.49984481687872,139.07216543402973,146.5238235247366
gen_DE,1.1744053094884288,0.0007943282347242813,2.884031503126606,0.002884031503126606,0.006622529731713608,False,0.00041274842281202443,0.00045890299843706,0.00041288858880329923,0.01068109559616162,0.007501805857151097,0.010700237843391388,0.999587251577188,0.9995410970015628,0.9995871114111967,0.9867147631435256,0.9909936014907069,0.986676871301148,1.001926316561219,1.0020338536322049,1.0019108975407618,0.89665061395363,0.913612769202436,0.8966724295542572,151.31194653578586,142.80000553726452,151.33643720895608
gen_DE,1.1971576342388,0.000825404185268652,2.922879975751917,0.002922879975751917,0.006672695393193622,False,0.00042181511952419764,0.0004679300328242174,0.00042195810547236137,0.011289584649569565,0.007945892544135177,0.011309122362080955,0.9995781848804758,0.9995320699671757,0.9995780418945277,0.9858665481843601,0.9904072781466376,0.9858270649304054,1.0019339213230825,1.0020445133582867,1.00191828676365,0.8937475428539671,0.9110871944494912,0.8937697957590591,153.76974862810403,144.88618327935177,153.79488094157136
gen_DE,1.3177044300762262,0.001,3.311311214825911,0.0033113112148259113,0.007169918573995359,False,0.00047055112576711297,0.0005174591597898763,0.00047071400494627885,0.012834400174211525,0.008968251422383385,0.012855391227130575,0.9995294488742329,0.9994825408402102,0.9995292859950538,0.9836765709587101,0.9890383543324417,0.9836316050126812,1.002050065352994,1.00217762517999,1.002033297740289,0.886710988290075,0.9055391673228838,0.8867376858267828,161.54077458616578,151.38959474515687,161.56742786666575
gen_DE,1.4784886878609769,0.0012589254117941675,3.8018939632056115,0.0038018939632056114,0.007787891632074628,False,0.0005371295663081026,0.0005844661762190053,0.0005373201333068347,0.015239780086240164,0.010623682474668598,0.015262556869193348,0.9994628704336919,0.9994155338237813,0.9994626798666931,0.9801653372466025,0.9867695546027407,0.9801121923647016,1.0021868476699312,1.0023351875405961,1.0021686270896313,0.8765504958039921,0.8971840655844031,0.8765830820455923,172.25820248200802,160.43904040881807,172.2869355595396
gen_DE,1.6588915922567116,0.001584893192461114,4.576871450797577,0.004576871450797577,0.008745546733184366,False,0.0006135541401959599,0.0006625286371285358,0.0006137863444483224,0.01578411374282959,0.010858074120018981,0.015808159195729334,0.9993864458598041,0.9993374713628721,0.9993862136555517,0.9793540668891756,0.9864409247118349,0.9792958049887253,1.0024225921917886,1.0025911112527046,1.002402796890682,0.8743651571305572,0.8960782495820295,0.874407103674754,178.0538690076717,165.4541216718705,178.08257111854928
gen_DE,1.674883764252367,0.001615598098438634,4.576871450797577,0.004576871450797577,0.008745546733184366,False,0.0006204028416492753,0.0006689789398122504,0.0006206364687071897,0.016491931830836075,0.01138471627467106,0.016516196562240293,0.9993795971583507,0.9993310210601878,0.9993793635312928,0.978290094528616,0.9857036017809314,0.9782300506175836,1.0024156894474165,1.0025863511171926,1.0023957646074706,0.871579083359306,0.8935803173602804,0.8716211177662411,180.2480786735543,167.3036864170457,180.2773895108186
gen_DE,1.861306980198398,0.001995262314968879,5.370317963702527,0.005370317963702527,0.009707212962580201,False,0.0007016385039394587,0.0007513818494743837,0.000701920180729784,0.017235280925521346,0.011821089389804222,0.01726071384173989,0.9992983614960605,0.9992486181505257,0.9992980798192702,0.9771617966961281,0.9850852457111883,0.9770960132043178,1.0026442284040886,1.002832734278986,1.002622762103567,0.8687167911516429,0.8915787147291862,0.8687686422339639,186.35614130297722,172.72370803117505,186.38536035584204
gen_DE,2.088420780903662,0.0025118864315095794,6.165950018614822,0.006165950018614822,0.01065631242925075,False,0.000802763838025066,0.0008520121046351377,0.0008031030068443583,0.019777004388758457,0.013637066046709495,0.019803756158120772,0.999197236161975,0.9991479878953645,0.9991968969931557,0.9732205977897914,0.9824754620683201,0.9731442491381823,1.0028452212222096,1.0030551480598944,1.0028220028904535,0.8593692622903568,0.8835451421894746,0.8594313911590089,197.3698307655132,182.35236573807273,197.40017691491724
gen_DE,2.343246656521626,0.0031622776601683794,6.914469100007887,0.006914469100007887,0.011537807724527447,False,0.0009188824617540149,0.0009657320542975835,0.0009192853406298264,0.02403840021102647,0.01679003274826294,0.024066182106779105,0.999081117538246,0.9990342679457023,0.9990807146593702,0.9663305073985817,0.9777805302441138,0.9662386990028061,1.0030065588397579,1.003241486274319,1.002981533821714,0.844956779538651,0.8707597929184197,0.8450289323311128,212.19678794202403,195.21423478041208,212.22922610926196
gen_DE,2.629165991598639,0.003981071705534973,8.128305161640993,0.008128305161640993,0.012948140897767808,False,0.001052699406073838,0.0010990599816628258,0.0010532030601373425,0.025319109802782926,0.017730049921078544,0.025347593313885215,0.9989473005939261,0.9989009400183371,0.9989467969398627,0.9641919908042224,0.9763366492259015,0.9640902912258542,1.0033116062128564,1.0035668309576424,1.0032846815162952,0.8408802029828377,0.8672096187530002,0.840967765763958,220.24003073454222,202.69013365899403,220.2716710827259
gen_DE,2.9499727619967944,0.005011872336272725,9.33254300796991,0.00933254300796991,0.014328323275062295,False,0.0012063115157449858,0.001250012695552429,0.001206931948076933,0.02827770897291009,0.019994463940944306,0.02830650835182521,0.998793688484255,0.9987499873044476,0.998793068051923,0.9591337881140602,0.9727929882651154,0.9590169398080921,1.0035809527008617,1.0038604540584017,1.0035521329714505,0.8318402278399792,0.8589833681220429,0.8319431516183515,232.01950157261876,213.36002852564525,232.0512660423248
gen_DE,3.2783199709090027,0.006189658188917356,10.19518511628477,0.01019518511628477,0.015307436630908663,False,0.0013664416436256809,0.001403724977853581,0.001367167187875358,0.03474302234382074,0.02500697129195739,0.034771101626243736,0.9986335583563744,0.9985962750221465,0.9986328328121246,0.947514399929091,0.9646001326653487,0.9473721682849477,1.0037166362341956,1.0040286013167952,1.0036861728909359,0.8136051976480547,0.8422539159937636,0.8137192138351297,250.351161434289,229.39231594164772,250.38518997285166
gen_DE,3.3099238786485357,0.006309573444801929,10.19518511628477,0.01019518511628477,0.015307436630908663,False,0.0013821373640160689,0.0014181119188969137,0.0013828672182318877,0.036197030729509166,0.026136688909694186,0.03622488749366305,0.998617862635984,0.9985818880811033,0.9986171327817681,0.9447952329418832,0.9626882213178949,0.9446481356815657,1.003700743609289,1.0040177048205328,1.003670148527034,0.8097448273252231,0.8387187761524566,0.8098588959971564,253.7081107106644,232.23031706347433,253.74288353666083
gen_DE,3.71379567417839,0.007943282347242814,11.481536214968829,0.011481536214968828,0.016755052200200068,False,0.0015845267320370416,0.0016133431395125904,0.0015854160970625614,0.042099442197265774,0.03084629553314454,0.042125962458106264,0.998415473267963,0.9983866568604874,0.9984145839029374,0.9333591708198332,0.954450319089334,0.9331834400002432,1.0039308342900142,1.0042831740422413,1.0038985439574235,0.7948185139997622,0.824768531169286,0.7949479863659421,270.81777387017496,247.5672544627176,270.8534596315065
gen_DE,4.166947281934956,0.01,13.182567385564074,0.013182567385564073,0.018650299819295165,False,0.0018162106294810614,0.0018379034792552562,0.0018173213701406215,0.04607559958480176,0.03415409770802889,0.04610059732078125,0.998183789370519,0.998162096520745,0.9981826786298593,0.9252954564538498,0.9484102765322484,0.9250932450543825,1.0042567880831925,1.004643080454436,1.0042229778929739,0.785347724016721,0.8156112141365368,0.7854965711381812,284.0880584099366,259.9685490109841,284.1230381405942
gen_DE,4.586534585139283,0.012115276586276584,14.784849388823313,0.014784849388823313,0.020419230012694096,False,0.0020350853513713798,0.002049439488078392,0.002036424458786279,0.04948521181634978,0.03705789048409765,0.04950866241762025,0.9979649146486286,0.9979505605119213,0.9979635755412137,0.9181494091899325,0.9429388486564351,0.9179216159767406,1.0045496307641788,1.0049671959011581,1.0045148069745948,0.7775472818409499,0.8079320604613798,0.7777133685272988,295.31108902474915,270.57931274407935,295.34536941159865
gen_DE,4.675391748434428,0.012589254117941675,15.13561248436208,0.01513561248436208,0.020804651274379922,False,0.0020819389015325628,0.0020947150739842784,0.0020833300056698114,0.0500988524438334,0.0375925696694152,0.05012199323181334,0.9979180610984675,0.9979052849260154,0.9979166699943302,0.9168405646559876,0.9419138395367296,0.9166074822391579,1.004613213038993,1.005037214529172,1.0045782214035301,0.776172270610111,0.8065519709250534,0.7763420161095875,297.4321127881582,272.6159529047989,297.4662113872559
gen_DE,5.245875822834551,0.015848931924611134,17.378008287493753,0.01737800828749375,0.023255279510556177,False,0.002386656742500454,0.0023883943050736415,0.0023884011269645605,0.054143573902403146,0.041144865726155076,0.05416471177645525,0.9976133432574995,0.9976116056949264,0.9976115988730354,0.9080392257399885,0.9349693562160669,0.9077696590755058,1.0050019718861207,1.0054685510688621,1.004966313415778,0.7673122824418892,0.7976195865275052,0.7675042496812828,310.81751310517814,285.4811599850562,310.85073447223203
gen_DE,5.885969482196863,0.0199526231496888,19.952623149688797,0.0199526231496888,0.026044864954774136,False,0.002736003050398515,0.002724200697168066,0.0027381897555101113,0.05818719074109051,0.0447942010522642,0.05820646626796469,0.9972639969496014,0.997275799302832,0.9972618102444899,0.8989361397595608,0.9275879119979238,0.8986227966134455,1.005424748439722,1.005940207377772,1.0053891722286952,0.7587797878678271,0.7888382043355249,0.7589949999579543,324.2174536975808,298.53700210227834,324.25004069936773
gen_DE,6.4167926521431395,0.023713737056616554,21.211852646034554,0.021211852646034556,0.02740142099355413,False,0.0030287952546471414,0.002998989831933455,0.003031274342206994,0.06903713560114004,0.05397376913975032,0.06905252725201162,0.9969712047453528,0.9970010101680665,0.996968725657793,0.8729858095892687,0.9079697842933906,0.872595134866732,1.005498727794547,1.0060782834100797,1.0054641107666917,0.7372508123682586,0.7681538585110197,0.7374722101228319,347.3284923046454,319.2523982079663,347.36341100644506
gen_DE,6.604166380483051,0.025118864315095794,22.126357489544354,0.022126357489544356,0.02838378856440604,False,0.0031336501734145817,0.00310043273896025,0.003136293163248958,0.06870999930275305,0.053837748603487556,0.06872549751771206,0.9968663498265854,0.9968995672610396,0.9968637068367511,0.8738011382751002,0.908262292585619,0.873401925813506,1.0056590715331104,1.0062502942464426,1.0056248277191366,0.7378740773926526,0.7684572507774224,0.7381032272676631,348.3859848730249,320.6895948522097,348.420399241122
gen_DE,7.4099965541825865,0.03162277660168379,24.547089156850298,0.024547089156850298,0.030973955649186487,False,0.003588958071733206,0.0035301973337161885,0.0035921520246116616,0.08043946057714345,0.06410275657794197,0.08045200332890808,0.9964110419282668,0.9964698026662844,0.9964078479753884,0.8432597841123419,0.884459941299419,0.842742732553413,1.0058896812490647,1.0065705718318043,1.0058583017513976,0.7163814875979647,0.747303828720542,0.7166221360321225,374.0400077804945,344.345464328629,374.07662492396025
gen_DE,8.314152880106823,0.039810717055349734,28.183829312644534,0.028183829312644532,0.034841549626682275,False,0.004108803330614472,0.004025654226205836,0.004112785135062025,0.085389945229235,0.06890814619086544,0.08540342518574695,0.9958911966693855,0.9959743457737941,0.9958872148649379,0.8295469652053618,0.8725880416452978,0.8289272552331814,1.0063726594143636,1.0071381808219062,1.006345965380052,0.7077844199409706,0.738011032100606,0.7080452561142607,388.411350113993,358.8191524470529,388.44918303227377
gen_DE,8.977415775738184,0.04641588833616342,30.26112010170831,0.03026112010170831,0.03703999770430808,False,0.00449506045362246,0.004389547792524903,0.004499574293120594,0.09379933300309543,0.07648774134659331,0.0938135916390346,0.9955049395463775,0.9956104522074751,0.9955004257068794,0.8050986929179758,0.8529849306392079,0.8043519903009795,1.006541824401267,1.007386915456768,1.0065198779410933,0.6937332322907113,0.7239539001656047,0.6939984686844144,406.0018502602604,375.3025699392819,406.0420704615062
gen_DE,9.328632963367673,0.05011872336272722,31.622776601683793,0.03162277660168379,0.0384774099958616,False,0.004701259585041046,0.004585202741817198,0.004706099745199813,0.096055574978732,0.07866235152446585,0.09607135849929888,0.9952987404149589,0.995414797258183,0.9952939002548002,0.7982868600303131,0.8471363609168595,0.7974846209930319,1.0066952058112215,1.0075778703647904,1.0066760993158999,0.6900716615429754,0.7200581492827552,0.6903416228936317,411.6669311394211,380.94837639067924,411.7082481109943
gen_DE,10.466898338308141,0.06309573444801933,34.673685045253166,0.034673685045253165,0.041688706857092486,False,0.005377747939049282,0.005218712670002703,0.005383498348421119,0.11399715669949737,0.09487400074518743,0.11401870243387274,0.9946222520609507,0.9947812873299976,0.9946165016515788,0.7401643072822044,0.8005760571308645,0.7390318581274177,1.0068036318784683,1.0078433744843656,1.006795998753743,0.6623653502682265,0.6925056105225461,0.6626296047747327,445.8655880478878,412.6181739945181,445.912283511415
gen_DE,11.74405309488429,0.07943282347242814,39.810717055349734,0.039810717055349734,0.04707089533094233,False,0.006143657354405183,0.005944889477840915,0.0061507299462595436,0.11992364078055096,0.10095081708496358,0.11995920397384506,0.9938563426455949,0.994055110522159,0.9938492700537405,0.7193611833072548,0.7815878076528322,0.7179499024743846,1.0073250921586614,1.0085152738942342,1.0073333117768617,0.6537000710647619,0.6828278417108933,0.653972357973948,460.96997807993523,428.3119388344596,461.0228421279103
gen_DE,12.55985636117796,0.09085175756509895,43.132838848177755,0.04313283884817776,0.05053766126573049,False,0.006638265605882584,0.0064135262039626915,0.006646215054670848,0.1235139497181436,0.1046523665657764,0.12356126633456573,0.9933617343941175,0.9935864737960379,0.9933537849453291,0.7063546856789633,0.7696065941569239,0.7047395941174057,1.0076365118364328,1.0089286533800468,1.0076567733453698,0.6485544854203662,0.6770774316059672,0.6488287133560546,469.9166874369536,437.6377056697749,469.97450826566126
gen_DE,13.177044300762262,0.1,45.195361166630285,0.04519536116663028,0.05268527297202312,False,0.007014823420229242,0.0067678763059462995,0.007023386175685021,0.12941794476857926,0.11024509830916619,0.1294753892365793,0.9929851765797708,0.9932321236940531,0.992976613824315,0.6842878241424939,0.7509835121471603,0.6824441472054952,1.0077485278775478,1.009129376169902,1.0077790186991735,0.6402529433496651,0.668553317187195,0.6405217839729881,481.31230897200066,448.6381974353579,481.3741868704757
gen_DE,14.78488687860977,0.12589254117941673,52.48074602497726,0.05248074602497726,0.06024668449693466,False,0.008004529586490136,0.007708111004865888,0.008014974061373822,0.13179818965498755,0.11336674014504176,0.13188861147089662,0.9919954704135099,0.9922918889951347,0.9919850259386263,0.6751481065018538,0.7400848461125139,0.6728846808998851,1.008440267917119,1.0100309141760906,1.0085010004139012,0.636959796090037,0.6639443806907671,0.6372295042808576,490.74217807483797,459.6412766481619,490.8169582214163
gen_DE,16.588915922567114,0.15848931924611134,56.23413251903491,0.05623413251903491,0.06412952670143511,False,0.009125090241282476,0.008752278714893322,0.009137126214895423,0.16236564282427157,0.14171781555563392,0.16250373516579242,0.9908749097587175,0.9912477212851069,0.9908628737851046,0.5445222069864348,0.632022725641791,0.5408632535351775,1.008134228965702,1.0100507475600553,1.0082369050232804,0.59705379661266,0.6241706597927251,0.5972700833764577,541.8637576643238,507.15460300824526,541.9515193890318
gen_DE,17.571870987632057,0.1778279410038923,61.71404481657353,0.06171404481657353,0.06978549456865324,False,0.00973344739203916,0.009334936493915291,0.009746787355464135,0.15708502171440164,0.13754368564794128,0.1572520774410353,0.9902665526079608,0.9906650635060847,0.9902532126445358,0.5689285116716157,0.6489465117693325,0.565084375300587,1.0087154904479454,1.0107637861108192,1.008843407255837,0.6036604716730848,0.6298111830581361,0.6038782059062182,536.3390521653538,503.8008806470716,536.4375247277883
gen_DE,18.613069801983983,0.19952623149688797,64.66830490778774,0.06466830490778774,0.07282903948863244,False,0.010385485152451447,0.00994689264368717,0.010399864071936629,0.1689072635572117,0.1487812209139352,0.16910978891881284,0.9896145148475486,0.9900531073563127,0.9896001359280633,0.5131523333615533,0.6014427945714754,0.5084271546717134,1.0086772214274884,1.0109134017429284,1.008834858842231,0.5890167113407022,0.6149641462248225,0.5892068558619881,556.3357564296563,522.8809315093101,556.4432744069991
gen_DE,20.88420780903662,0.251188643150958,74.13102413009177,0.07413102413009177,0.08255529305574391,False,0.011809139323002123,0.011296953713447888,0.011826109713057493,0.17680357961951312,0.15711125810505577,0.1770922218816584,0.9881908606769979,0.9887030462865526,0.9881738902869425,0.47355323378618475,0.5634816176480213,0.4673425253101089,1.009174942956727,1.011799580536331,1.0094055477053612,0.5795198225605479,0.6043822923829646,0.579669470855491,572.447888688849,540.0884793390826,572.5797079281506
gen_DE,23.432466565216263,0.31622776601683794,85.11380382023764,0.08511380382023763,0.0938086997648394,False,0.013412844674266842,0.01282089657588411,0.013432666986499751,0.18429905722727064,0.16510759218878174,0.18470019207080368,0.9865871553257332,0.9871791034241154,0.9865673330135003,0.43414080944406275,0.5248471732891354,0.42597206047222413,1.0096849881697474,1.0127759202989548,1.01001173687186,0.5706993393584507,0.5945053718484515,0.5707948252392275,587.5026455980221,556.373686542694,587.663813489281
gen_DE,24.583931625236062,0.3480700588431082,89.05344737581292,0.08905344737581292,0.09783781750178125,False,0.01413778248167083,0.013506806134212963,0.014158777903409484,0.1926159345004913,0.17322893041431434,0.1930735579144024,0.9858622175183291,0.9864931938657873,0.9858412220965904,0.3882398143728163,0.4840232703544826,0.3786751353735848,1.0096837121980544,1.0130061456025992,1.0100588955463536,0.5611196808918275,0.5846521099997708,0.5611807744869771,601.1319549931601,569.7764403707141,601.3054684085831
gen_DE,26.291659915986386,0.3981071705534972,97.72372209558107,0.09772372209558107,0.106693064186448,False,0.015215445975711415,0.01453776724078013,0.015238326584545433,0.1920655863074645,0.17336891611021993,0.19261134453959383,0.9847845540242885,0.9854622327592201,0.9847616734154546,0.391349691652473,0.48255322310342486,0.3805480238837402,1.0101740860666222,1.013826233315558,1.010626836275917,0.5617471205942116,0.5845645289830553,0.5617718137965235,602.432354189943,572.5370611851143,602.627794657952
gen_DE,29.49972761996794,0.5011872336272722,112.2018454301963,0.1122018454301963,0.12144925398726795,False,0.017236509306546376,0.016468290579680932,0.017262590146561903,0.20017404164533228,0.1819528409424017,0.20090305675988812,0.9827634906934536,0.9835317094203185,0.982737409853438,0.3444606172765703,0.43584979704564136,0.33010830403131897,1.0106294690429272,1.01495614002668,1.0112465614764539,0.5525918623389464,0.5745001563875567,0.5525270770036824,617.2572883301932,588.5779407964553,617.4917193530935
gen_DE,33.099238786485365,0.6309573444801932,128.82495516931337,0.12882495516931336,0.13835388364695902,False,0.019496509909368624,0.018634742420162834,0.019525843880440263,0.20869794229418515,0.19092255707372136,0.2096562102550458,0.9805034900906314,0.9813652575798375,0.9804741561195598,0.29261779424370393,0.3837962040821709,0.27346155395425653,1.0110365162795314,1.0161726034491958,1.0118670719131035,0.5431653009083207,0.5642523078568137,0.5429903595002088,631.9913190014043,604.493378085685,632.269051568864
gen_DE,34.394157262989864,0.6812920690574383,130.22475288661605,0.13022475288661606,0.13977584504304422,False,0.020296358798792123,0.01938907944282924,0.020326732013150203,0.22763102566210547,0.20901842178809066,0.22867220925075854,0.9797036412012079,0.9806109205571707,0.9796732679868498,0.16745888883783155,0.27327802222886155,0.1436578883376178,1.0104207109454448,1.0158797227783705,1.0113340255582495,0.5228930668475824,0.543982136474316,0.5226615597764415,659.0447526349448,630.1727804887163,659.3338451366789
gen_DE,37.13795674178391,0.7943282347242815,138.03842646028852,0.13803842646028852,0.1477093679019817,False,0.022012986147811,0.021026589230430503,0.022045557357383387,0.2497538038476379,0.23057463194810934,0.2509779648996895,0.977987013852189,0.9789734107695693,0.9779544426426166,0.0019681152337666097,0.12327497962445337,-0.030494679893658255,1.009856446585039,1.015993520034301,1.0109588692847478,0.5002462567947711,0.5210078683779523,0.49991581956972053,691.6359796524316,661.8810204394765,691.9533995925619
gen_DE,41.66947281934956,1.0,158.48931924611142,0.15848931924611143,0.16844673149981007,False,0.024812180962888435,0.023731875419098047,0.024848010537445463,0.2600002057808614,0.24131582630490755,0.26155714951422365,0.9751878190371116,0.9762681245809014,0.9751519894625547,-0.08245064270355584,0.03685617826498111,-0.12612609839067856,1.0100060016978862,1.0172891132935662,1.0114620995840995,0.49009784685602537,0.5101127402706798,0.4896189783389955,706.3199465237744,677.945795817973,706.6887115440989
gen_DE,46.75391748434427,1.2589254117941673,181.97008586099827,0.18197008586099828,0.1922171815590011,False,0.02792002347792546,0.026752878570901452,0.02795880061915802,0.2708128265208228,0.25258603855835704,0.27276976626013655,0.9720799765220746,0.9732471214290989,0.972041199380842,-0.17734862424110087,-0.06185007850761149,-0.23637906430624805,1.0100454469024773,1.0186967810390757,1.0119561484872355,0.4796032028145996,0.4989594657878769,0.4789529974958826,720.8072924120019,693.7501039147272,721.2300450869018
gen_DE,48.11915652329192,1.333521432163324,194.02996611131016,0.19402996611131015,0.20441270148906773,False,0.028738187880424565,0.027568745382623563,0.028777326576369812,0.2591816749921858,0.24170866842243796,0.2612757179342762,0.9712618121195754,0.9724312546173765,0.9712226734236301,-0.0755144647541619,0.025082842310528743,-0.1331844633722582,1.0108031944459461,1.0198364365017463,1.0128515021484477,0.49090111472113224,0.5100485719482427,0.49020335604094306,704.2835098857391,678.7726126737663,704.7216443363226
gen_DE,52.45875822834551,1.5848931924611136,208.92961308540387,0.20892961308540386,0.21946959374655867,False,0.03136165876157734,0.03012075693420625,0.03140287628494952,0.282249512810203,0.2644487658925614,0.2846823891204142,0.9686383412384226,0.9698792430657939,0.9685971237150506,-0.28466728525885454,-0.17578845253421438,-0.36485890286099987,1.0099514468646382,1.020234665556012,1.01244493425317,0.46872840014715356,0.4875077374395169,0.4678834739366282,735.0843458727086,709.2763562273846,735.5626843826817
gen_DE,58.859694821968624,1.9952623149688795,257.03957827688646,0.25703957827688645,0.26802500673412216,False,0.035154476216893334,0.03391076802489388,0.03519585002391175,0.26006133291883177,0.24398884864955783,0.2631698363835765,0.9648455237831066,0.9660892319751062,0.9648041499760882,-0.08296999894350532,-0.010993722241455537,-0.17007097449211728,1.011702606528501,1.0239750145210926,1.0149645223418018,0.49003791031211763,0.5083543288217827,0.4889480872139319,704.1658055164849,681.7738974261779,704.6982600145727
gen_DE,66.04166380483052,2.51188643150958,295.1209226666387,0.2951209226666387,0.3064075795395428,False,0.03932336427473547,0.038065648519331946,0.0393648958425204,0.27251883277454,0.25673711525837284,0.276327568557095,0.9606766357252645,0.961934351480668,0.9606351041574795,-0.1928926294338984,-0.1350421611369283,-0.3129212374849629,1.0114079278621655,1.0260272867056923,1.0156303658510648,0.47796663633964936,0.49593996283408914,0.47661750175277384,718.1429219340226,696.6145246870008,718.7271089048056
gen_DE,67.321121049959,2.61015721568454,296.9043962442207,0.2969043962442207,0.308204271040975,False,0.04005314433875271,0.038782818404267345,0.04009513985693129,0.28318875215536743,0.26715334114402284,0.28708347747470214,0.9599468556612473,0.9612171815957324,0.9599048601430687,-0.2938135057852618,-0.23436251201998395,-0.42784450515153516,1.0108105805971404,1.0258422374399723,1.0152085057161786,0.46784518027610855,0.4857265553106677,0.4664621500183066,730.8841577996387,709.0528130210479,731.4784803003951
gen_DE,74.09996554182587,3.1622776601683795,338.84415613920237,0.3388441561392024,0.3504356903468908,False,0.043897247353289696,0.042669712445699656,0.043937571753935256,0.2858074717940916,0.27034623127709545,0.2904278466424579,0.9561027526467103,0.9573302875543002,0.9560624282460648,-0.3195894051905708,-0.2846956885954755,-0.48636519716078985,1.0109119668123956,1.0283288076192818,1.0163579835659204,0.4653903556854856,0.4830527968736017,0.4637600681207338,731.8745329190476,711.1751930968087,732.508315498166
gen_DE,83.1415288010682,3.9810717055349722,389.04514499428046,0.38904514499428045,0.4009454959704331,False,0.04890392291590291,0.047765229012169355,0.04894133279069916,0.2999429376906607,0.28486346439428484,0.30549155878050727,0.951096077084097,0.9522347709878309,0.9510586672093008,-0.4659823704740378,-0.46835841418179824,-0.7000404655579242,1.010187104268474,1.0309414119534812,1.017188612431912,0.45232953549542154,0.46969074958585383,0.4504012200811943,745.3070361621277,725.4155148728491,745.9873860916111
gen_DE,93.28632963367673,5.011872336272722,473.6510454185424,0.4736510454185424,0.485998804609132,False,0.05434606844006608,0.05344970725552746,0.0543746247620235,0.2851206400544402,0.2714187698772198,0.2920371051340224,0.9456539315599339,0.9465502927444724,0.9456253752379764,-0.3127895539363388,-0.36941430792806257,-0.5877832891364141,1.0114256097466923,1.036347729084249,1.0204728698498644,0.46603310958970484,0.48343801748659365,0.46370268602529974,725.8048543422866,707.6630606315625,726.511522869685
gen_DE,94.18563555294763,5.108969774503006,473.6510454185424,0.4736510454185424,0.485998804609132,False,0.05481719210820904,0.05392462140336167,0.05484593472223362,0.292237028750867,0.2783936829757717,0.29918830220502735,0.945182807891791,0.946075378596638,0.9451540652777664,-0.3846290751634498,-0.4482089597392751,-0.6788048042991548,1.0109104666899364,1.0361657675720155,1.0201317751410013,0.45941048035420906,0.4767209203536823,0.4570710449314747,732.9781856618313,714.71970761172,733.6912880135446
gen_DE,104.66898338308141,6.309573444801933,549.5408738576248,0.5495408738576247,0.5622331850799137,False,0.06024167768589093,0.05963736261268262,0.06026095149810993,0.2955137935683427,0.28254453704730853,0.30375141432608144,0.939758322314109,0.9403626373873172,0.9397390485018902,-0.4187600489947698,-0.5560079244798858,-0.8031199294346947,1.0107695401781283,1.0405637668272651,1.0223599385971571,0.4563881958894355,0.4735792263918007,0.4537096062601294,733.4040227388481,716.085826632367,734.1419790319524
gen_DE,117.4405309488429,7.943282347242816,676.0829753919819,0.6760829753919819,0.6892668983835603,False,0.06659716734258427,0.06651833347020633,0.06659758647907162,0.2769944233903233,0.26590393423907943,0.28722179947671583,0.9334028326574157,0.933481666529794,0.9334024135209283,-0.23443724830357238,-0.46294550990578215,-0.6889773656850198,1.0124710846759368,1.0484441559419126,1.027415730559412,0.47369740320769527,0.49112614193662624,0.47055230509979595,713.8082118047877,697.915465224248,714.5478344831149
gen_DE,131.77044300762262,10.0,810.1522070007605,0.8101522070007605,0.8237777571219034,False,0.07340711594742737,0.07399201467709543,0.07338477302740193,0.27267465334808283,0.2633365868906589,0.2849824484494443,0.9265928840525727,0.9260079853229044,0.926615226972598,-0.19432032456968673,-0.5821655531156888,-0.8031322624794038,1.0131630513360472,1.0565450383865584,1.0323341453058013,0.4778174137831837,0.49527241417565354,0.47427181326614243,708.6921978616094,693.8283034096719,709.4338730186031
gen_DE_LOOCV_proxy,0.0,0.0,9.999999999999999e-06,9.999999999999999e-09,0.002412214863468124,True,5.671668049584451e-05,6.0126716958698756e-05,5.6733080649769226e-05,6.994120108865785e-14,9.332336113696382e-13,1.768662135019246e-06,0.9999432833195041,0.9999398732830413,0.9999432669193502,0.9999999999999301,0.999999999999067,0.9999982312249434,1.0008337730363603,1.0006012237523856,1.0008300624087427,1.0000002644639883,1.0000009376494021,1.000004020591812,52.046522216010246,51.39194432356475,52.04699738438049
gen_DE_LOOCV_proxy,0.004166947281934956,1e-08,9.999999999999999e-06,9.999999999999999e-09,0.002412214863468124,True,5.672543072089135e-05,6.01519593688383e-05,5.674183425662455e-05,1.2063140297846618e-10,8.825243053271533e-09,1.7693865334489204e-06,0.9999432745692791,0.9999398480406309,0.9999432581657434,0.9999999998793659,0.9999999911722786,0.9999982303810895,1.000833764263736,1.000601270117483,1.0008300530410483,0.9999890167671891,0.9999248846684288,0.9999927721446138,52.053720295645164,51.43455807354512,52.0541967492743
gen_DE_LOOCV_proxy,0.004675391748434425,1.2589254117941661e-08,9.999999999999999e-06,9.999999999999999e-09,0.002412214863468124,True,5.6727696376514884e-05,6.015952442792552e-05,5.674410078782931e-05,1.9308508987334957e-10,1.2930211690903766e-08,1.7696153510360525e-06,0.9999432723036235,0.999939840475572,0.9999432558992122,0.9999999998069096,0.9999999870654688,0.9999982301213248,1.0008337619922878,1.000601271348118,1.000830050615531,0.9999861044938965,0.9999065036332847,0.9999898596769936,52.05558406137876,51.4455906823449,52.05606084782447
gen_DE_LOOCV_proxy,0.005245875822834551,1.584893192461114e-08,9.999999999999999e-06,9.999999999999999e-09,0.002412214863468124,True,5.6730548667953736e-05,6.016917384927749e-05,5.674695418152748e-05,3.0841741050276663e-10,1.912727857213217e-08,1.769927542714211e-06,0.999943269451332,0.9999398308261509,0.9999432530458184,0.9999999996915717,0.9999999808650941,0.9999982297701622,1.0008337591326875,1.0006012715827086,1.0008300475619962,0.9999824381831662,0.9998835240852861,0.9999861931215941,52.05793040342242,51.459479770676246,52.05840760887712
gen_DE_LOOCV_proxy,0.005885969482196862,1.9952623149688786e-08,9.999999999999999e-06,9.999999999999999e-09,0.002412214863468124,True,5.673413949012795e-05,6.01814626498689e-05,5.675054639131308e-05,4.91836643191186e-10,2.854561126605845e-08,1.7703588072524027e-06,0.9999432658605099,0.9999398185373503,0.9999432494536087,0.9999999995081416,0.9999999714407458,0.9999982292898177,1.000833755532675,1.0006012704029332,1.0008300437178388,0.9999778226096397,0.9998547754477994,0.9999815772400215,52.06088427304593,51.4769649361997,52.06136200602987
gen_DE_LOOCV_proxy,0.006604166380483055,2.511886431509582e-08,9.999999999999999e-06,9.999999999999999e-09,0.002412214863468124,True,5.67386600674123e-05,6.0197091424315e-05,5.675506871541599e-05,7.833277277926151e-10,4.294423489338999e-08,1.7709623393717678e-06,0.9999432613399326,0.999939802908576,0.9999432449312846,0.9999999992166284,0.9999999570310573,0.9999982286244675,1.0008337510005274,1.000601267262586,1.0008300388783566,0.9999720120074355,0.9998187867751686,0.9999757662499433,52.06460297457811,51.49897727507177,52.065081371726606
gen_DE_LOOCV_proxy,0.007409996554182586,3.162277660168379e-08,9.999999999999999e-06,9.999999999999999e-09,0.002412214863468124,True,5.6744351137031544e-05,6.021694426675351e-05,5.676076198402173e-05,1.2463026091958743e-09,6.506983196857606e-08,1.7718181859540743e-06,0.999943255648863,0.9999397830557335,0.999943239238016,0.9999999987536093,0.9999999348848909,0.9999982276907451,1.0008337452948928,1.0006012614520678,1.0008300327858493,0.9999646969886667,0.9997737094676666,0.9999684507428007,52.069284542435845,51.5266889655119,52.06976377578866
gen_DE_LOOCV_proxy,0.008314152880106817,3.981071705534969e-08,9.999999999999999e-06,9.999999999999999e-09,0.002412214863468124,True,5.67515157691955e-05,6.024213653950026e-05,5.676792938434316e-05,1.981311214351796e-09,9.921981093857026e-08,1.7730478466975358e-06,0.9999432484842308,0.9999397578634599,0.9999432320706156,0.9999999980185124,0.9999999006963052,0.9999982263629558,1.0008337381119174,1.000601252053403,1.0008300251158997,0.9999554880778403,0.9997172201249432,0.9999592412170013,52.075178287178986,51.561575689782664,52.07565857336263
gen_DE_LOOCV_proxy,0.009328632963367675,5.011872336272725e-08,9.999999999999999e-06,9.999999999999999e-09,0.002412214863468124,True,5.676053550669287e-05,6.027407504145799e-05,5.677695260642355e-05,3.1477724651700964e-09,1.5212899257419693e-07,1.7748371268045184e-06,0.9999432394644933,0.9999397259249585,0.9999432230473935,0.9999999968518742,0.9999998477140335,0.9999982244499853,1.000833729069084,1.00060123788328,1.0008300154601044,0.9999438949871654,0.9996463984656522,0.9999476473519064,52.08259807220675,51.605495218771736,52.08307968400331
gen_DE_LOOCV_proxy,0.010466898338308139,6.30957344480193e-08,9.999999999999999e-06,9.999999999999999e-09,0.002412214863468124,True,5.6771890683436025e-05,6.0314533790697264e-05,5.6788312169488676e-05,4.99841464661167e-09,2.343666129528963e-07,1.7774719920670278e-06,0.9999432281093166,0.9999396854662095,0.9999432116878305,0.9999999950008785,0.9999997653369944,0.9999982216591321,1.0008337176848539,1.0006012174209673,1.0008300033043365,0.9999293005329114,0.9995575739663656,0.9999330519224074,52.09193902812826,51.66078634407871,52.09242230905359
gen_DE_LOOCV_proxy,0.011744053094884296,7.943282347242822e-08,9.999999999999999e-06,9.999999999999999e-09,0.002412214863468124,True,5.6786186003993385e-05,6.0365749468394154e-05,5.6802613011293415e-05,7.933855151386295e-09,3.6253811722624167e-07,1.7813949337796377e-06,0.999943213813996,0.9999396342505316,0.9999431973869887,0.9999999920647313,0.999999636897789,0.9999982175393296,1.000833703352952,1.0006011887171686,1.0008299880013807,0.9999109278093264,0.9994461332904336,0.9999146779705435,52.103698594908295,51.730393426088646,52.104183977587354
gen_DE_LOOCV_proxy,0.01317704430076226,1e-07,9.999999999999999e-06,9.999999999999999e-09,0.002412214863468124,True,5.6804182746312806e-05,6.043054161974565e-05,5.682061670317695e-05,1.2589091164173926e-08,5.627560565432312e-07,1.7872937133641725e-06,0.9999431958172537,0.9999395694583795,0.9999431793832968,0.9999999874080834,0.9999994361629173,0.9999982113918429,1.000833685310149,1.000601149278801,1.0008299687364959,0.9998877988807356,0.9993062786202812,0.9998915474947963,52.118503012359376,51.81802319065653,52.11899104169444
gen_DE_LOOCV_proxy,0.014784886878609762,1.2589254117941662e-07,9.999999999999999e-06,9.999999999999999e-09,0.002412214863468124,True,5.682683930254821e-05,6.0512464027456866e-05,5.684328200637738e-05,1.997054927353388e-08,8.761118100711331e-07,1.7962412599074672e-06,0.9999431731606975,0.9999394875359721,0.9999431567179937,0.9999999800238052,0.9999991218041344,0.9999982021295919,1.0008336625955994,1.000601095923426,1.0008299444840685,0.9998586828061645,0.9991307245977287,0.9998624294711671,52.13714066969534,51.928342124381295,52.137632032088845
gen_DE_LOOCV_proxy,0.016588915922567116,1.584893192461114e-07,9.999999999999999e-06,9.999999999999999e-09,0.002412214863468124,True,5.6855362216936726e-05,6.061599533521192e-05,5.6871815929348504e-05,3.16732315571376e-08,1.3673004024232742e-06,1.809916418069005e-06,0.9999431446377831,0.9999393840046648,0.9999431281840707,0.9999999683154916,0.9999986286613886,0.9999981880552784,1.000833633999687,1.000601024595416,1.0008299139530625,0.9998220302510056,0.9989103186310244,0.999825774460227,52.160604090131905,52.06722498046887,52.16109965036371
gen_DE_LOOCV_proxy,0.01861306980198398,1.9952623149688787e-07,9.999999999999999e-06,9.999999999999999e-09,0.002412214863468124,True,5.6891270438678844e-05,6.074677909072226e-05,5.690773800502123e-05,5.022473689668089e-08,2.1382110654163395e-06,1.8309525299340889e-06,0.9999431087295613,0.9999392532209095,0.999943092261995,0.999999949752744,0.9999978539305967,0.9999981665111031,1.0008335979995726,1.0006009301338457,1.00082987551837,0.9997758912386883,0.9986335657547316,0.9997796323529917,52.190142786367105,52.24206762900752,52.19064363415909
gen_DE_LOOCV_proxy,0.02088420780903663,2.5118864315095823e-07,9.999999999999999e-06,9.999999999999999e-09,0.002412214863468124,True,5.693647621152234e-05,6.091192601194169e-05,5.6952961210936833e-05,7.963022633400666e-08,3.3493311188655888e-06,1.8634881831627062e-06,0.9999430635237885,0.9999390880739881,0.9999430470387891,0.9999999203248132,0.9999966353216972,0.9999981333253207,1.0008335526781102,1.0006008059795715,1.0008298271344382,0.9997178117182908,0.9982860349448203,0.9997215489311443,52.22732980168887,52.4621809120495,52.22783731054518
gen_DE_LOOCV_proxy,0.023432466565216265,3.162277660168379e-07,9.999999999999999e-06,9.999999999999999e-09,0.002412214863468124,True,5.6993386907714825e-05,6.112039459613865e-05,5.700989384143111e-05,1.26235582701776e-07,5.253428506464663e-06,1.914037716368028e-06,0.9999430066130923,0.9999388796054041,0.9999429901061586,0.9999998736746674,0.9999947165099252,0.9999980819372523,1.000833495621775,1.0006006438056338,1.0008297662265955,0.9996447035284417,0.9978496187327525,0.9996484358215287,52.27414548026621,52.739286477692495,52.27466138189354
gen_DE_LOOCV_proxy,0.02629165991598638,3.981071705534969e-07,9.999999999999999e-06,9.999999999999999e-09,0.002412214863468124,True,5.706503322935442e-05,6.138347036635487e-05,5.7081567756759485e-05,2.0009431191355831e-07,8.248498853979185e-06,1.992867472395925e-06,0.9999429349667707,0.9999386165296339,0.9999429184322433,0.999999799726556,0.9999916924755997,0.9999980020132382,1.0008334237921148,1.000600433051034,1.0008296895543551,0.999552680973003,0.9973016121161546,0.9995564070596011,52.33308292769762,53.088140998104215,52.333609406236704
gen_DE_LOOCV_proxy,0.029499727619967945,5.011872336272725e-07,9.999999999999999e-06,9.999999999999999e-09,0.002412214863468124,True,5.71552306043281e-05,6.171536930571707e-05,5.717179983862175e-05,3.1713169731613085e-07,1.2960873472981518e-05,2.116171891134905e-06,0.9999428447693957,0.9999382846306947,0.9999428282001614,0.9999996825108188,0.9999869230080978,0.999997877256497,1.000833333363938,1.0006001603327608,1.0008295930394953,0.999436855527137,0.9966135702155448,0.9994405737800185,52.4072807779753,53.527322013343834,52.40782058948184
gen_DE_LOOCV_proxy,0.03309923878648536,6.30957344480193e-07,9.999999999999999e-06,9.999999999999999e-09,0.002412214863468124,True,5.7268782371759596e-05,6.213399764704437e-05,5.7285395249756526e-05,5.025702704131024e-07,2.037541915691114e-05,2.309514272035204e-06,0.9999427312176282,0.9999378660023531,0.9999427146047501,0.999999496716405,0.9999793958082868,0.999997681940291,1.000833219521651,1.0005998087044037,1.0008294715498933,0.999291078092867,0.9957498971393438,0.9992947864518862,52.50069033719038,54.08021724999151,52.50124696138324
gen_DE_LOOCV_proxy,0.03713795674178392,7.943282347242821e-07,9.999999999999999e-06,9.999999999999999e-09,0.002412214863468124,True,5.741173557733324e-05,6.266190851563204e-05,5.742840332126287e-05,7.96349857542435e-07,3.203900788671324e-05,2.6132664873020593e-06,0.9999425882644226,0.9999373380914843,0.9999425715966788,0.9999992022269374,0.999967509787831,0.9999973754187785,1.0008330762027142,1.0005993567214975,1.0008293186278105,0.9991076156335175,0.9946661116552313,0.9991113114870608,52.61828600499072,54.7762700993701,52.61886383836733
gen_DE_LOOCV_proxy,0.04166947281934956,1e-06,9.999999999999999e-06,9.999999999999999e-09,0.002412214863468124,True,5.759170300052733e-05,6.332750641067335e-05,5.760843969357462e-05,1.2616998952178828e-06,5.037747870593465e-05,3.0912067148778198e-06,0.9999424082969994,0.9999366724935896,0.9999423915603064,0.9999987354609027,0.9999487320001745,0.9999968934341147,1.0008328957749422,1.0005987772633937,1.0008291261484625,0.9988767458456708,0.9933067295727,0.9988804258778683,52.76633017950149,55.652547581568776,52.766934781680405
gen_DE_LOOCV_proxy,0.04675391748434425,1.2589254117941661e-06,9.999999999999999e-06,9.999999999999999e-09,0.002412214863468124,True,5.7818268562881495e-05,6.416656371406403e-05,5.7835091864737576e-05,1.9986899893448784e-06,7.91873963741407e-05,3.844103041642106e-06,0.9999421817314371,0.9999358334362861,0.9999421649081353,0.9999979956467064,0.9999190544503946,0.9999961343476869,1.000832668629918,1.0005980360484283,1.0008288838911759,0.9985862496722034,0.9916027000267923,0.9985899096650956,52.952706752861175,56.75571429501915,52.95334516169285
gen_DE_LOOCV_proxy,0.05245875822834551,1.584893192461114e-06,9.999999999999999e-06,9.999999999999999e-09,0.002412214863468124,True,5.8103497706766584e-05,6.522413003750749e-05,5.81204297406119e-05,3.1656351116068167e-06,0.000124395079973976,5.031161914804718e-06,0.9999418965022933,0.9999347758699628,0.9999418795702594,0.9999968230700105,0.9998721339635034,0.9999949373288353,1.0008323826714207,1.0005970897627907,1.0008285790010025,0.9982207768235528,0.9894683360697941,0.9982244114002046,53.18734095722681,58.14451747157694,53.18802209314954
gen_DE_LOOCV_proxy,0.058297689037868805,1.957341781489163e-06,9.999999999999999e-06,9.999999999999999e-09,0.002412214863468124,True,5.8429398604003475e-05,6.643372380015365e-05,5.8446454468367266e-05,4.824536112657675e-06,0.00018803367717276347,6.713166220687029e-06,0.999941570601396,0.9999335662761996,0.9999415535455316,0.9999951541998339,0.9998054939431879,0.9999932402848857,1.000832055937375,1.000595995706896,1.000828230761449,0.9978035173315827,0.98704373277757,0.9978071226175675,53.45543241760028,59.73135322193013,53.45616259769362
gen_DE_LOOCV_proxy,0.058859694821968615,1.9952623149688787e-06,9.999999999999999e-06,9.999999999999999e-09,0.002412214863468124,True,5.846257992418781e-05,6.655693614517065e-05,5.847964837224479e-05,5.012879281949215e-06,0.00019522053095803355,6.903868901671873e-06,0.9999415374200759,0.9999334430638547,0.9999415203516278,0.9999949645979732,0.999797930065901,0.9999930477997573,1.0008320226712388,1.0005958837028261,1.0008281953131832,0.9977610539796705,0.9867976937405122,0.9977646562687613,53.48272791957881,59.89291547529041,53.483463106337595
gen_DE_LOOCV_proxy,0.06604166380483055,2.5118864315095823e-06,9.999999999999999e-06,9.999999999999999e-09,0.002412214863468124,True,5.89146376526228e-05,6.823642053411432e-05,5.893187710354424e-05,7.936058277528804e-06,0.0003059475418702845,9.859327397657116e-06,0.9999410853623474,0.9999317635794661,0.9999410681228964,0.9999920190387112,0.999680547754673,0.999990062686188,1.000831569458222,1.0005943488045745,1.0008277125060296,0.9971828989585872,0.9834603849948549,0.9971864601553033,53.854598072796435,62.094016348747374,53.8554017105925
gen_DE_LOOCV_proxy,0.07409996554182587,3.162277660168379e-06,9.999999999999999e-06,9.999999999999999e-09,0.002412214863468124,True,5.948374461454755e-05,7.035253992139711e-05,5.950119821221849e-05,1.2559957737576137e-05,0.00047858762141052996,1.452421894267014e-05,0.9999405162553855,0.9999296474600792,0.9999404988017879,0.9999873505417011,0.9994948208089757,0.9999853436665149,1.0008309988974289,1.0005923979015818,1.0008271050393152,0.9964559969331875,0.979296868400114,0.9964595057224459,54.322754858569894,64.86503614887492,54.32364529775213
gen_DE_LOOCV_proxy,0.081561400161846,3.8311868495543465e-06,9.999999999999999e-06,9.999999999999999e-09,0.002412214863468124,True,6.0069055208849405e-05,7.253040018795103e-05,6.008672776902455e-05,1.8408363226005125e-05,0.0006935843517691843,2.041519580744547e-05,0.9999399309447912,0.9999274695998122,0.9999399132722309,0.9999814326522746,0.9992597112418538,0.9999793729652949,1.0008304120922968,1.00059037583675,1.0008264806743012,0.9957095031492839,0.9750574845879334,0.9957129572923409,54.804241019942374,67.71495081665968,54.80522144059272
gen_DE_LOOCV_proxy,0.08314152880106818,3.981071705534969e-06,9.999999999999999e-06,9.999999999999999e-09,0.002412214863468124,True,6.0200207830943596e-05,7.301856664148456e-05,6.021792928047838e-05,1.9870313653465638e-05,0.0007468361441799208,2.1886742642034314e-05,0.9999397997921691,0.9999269814333585,0.9999397820707195,0.9999799513464421,0.9992009000469764,0.9999778797068244,1.0008302806048779,1.0005899210109177,1.0008263408247027,0.9955423870004827,0.9741133605694162,0.9955458287990474,54.912129332883964,68.35354112155954,54.913130012419074
gen_DE_LOOCV_proxy,0.09328632963367675,5.011872336272725e-06,9.999999999999999e-06,9.999999999999999e-09,0.002412214863468124,True,6.110218158068037e-05,7.637712852408403e-05,6.112023757323834e-05,3.142051338731776e-05,0.0011618491283784662,3.350350708099612e-05,0.9999388978184193,0.9999236228714757,0.9999388797624267,0.9999682242534597,0.9987356812080525,0.9999660692254864,1.0008293763295866,1.0005867793954524,1.0008253795614963,0.9943945996229245,0.967676667336206,0.9943979555850926,55.654107835660795,72.74530613354578,55.65524877200865
gen_DE_LOOCV_proxy,0.10466898338308138,6.30957344480193e-06,9.999999999999999e-06,9.999999999999999e-09,0.002412214863468124,True,6.223769925499526e-05,8.060781300027253e-05,6.225617237849506e-05,4.965487120089148e-05,0.0018004983357916729,5.182307086174566e-05,0.999937762300745,0.9999193921870001,0.9999377438276216,0.999949637863724,0.9979992263576193,0.9999473748859765,1.0008282379167752,1.0005827980852753,1.000824170654333,0.9929533787386513,0.9597094643155138,0.9929566244589987,56.58820342781152,78.27420785164965,56.58952316780899
gen_DE_LOOCV_proxy,0.11410850251795197,7.498942093324558e-06,9.999999999999999e-06,9.999999999999999e-09,0.002412214863468124,True,6.327842358881675e-05,8.44871099379625e-05,6.329727526081065e-05,6.99542276824648e-05,0.0024930542106790772,7.220189107359933e-05,0.9999367215764112,0.9999155128900619,0.9999367027247392,0.9999288607507403,0.9971767258154307,0.9999264958958476,1.0008271945412541,1.0005791303695981,1.0008230638338507,0.9916361356011432,0.9525360655466167,0.9916392783476036,57.44432045254493,83.34155322844026,57.44580614912431
gen_DE_LOOCV_proxy,0.11744053094884295,7.943282347242822e-06,9.999999999999999e-06,9.999999999999999e-09,0.002412214863468124,True,6.36672313107317e-05,8.593674049813106e-05,6.368622351916386e-05,7.841246717234303e-05,0.0027768442018539447,8.069015266616449e-05,0.9999363327686893,0.9999140632595018,0.9999363137764808,0.9999201801694995,0.9968332541982629,0.9999177765265651,1.0008268047436308,1.0005777564590184,1.0008226506082258,0.9911449185677181,0.9498868758299119,0.9911480224068102,57.76416010581501,85.23467951702644,57.765708293084266
gen_DE_LOOCV_proxy,0.1317704430076226,9.999999999999999e-06,9.999999999999999e-06,9.999999999999999e-09,0.002412214863468124,True,6.546690554267265e-05,9.26486170749594e-05,6.548654226405823e-05,0.00012370895033239583,0.004257511076311029,0.00012612795738376956,0.9999345330944573,0.999907351382925,0.999934513457736,0.9998734925536367,0.9949870660750161,0.9998709041661277,1.0008250004913843,1.0005713763825848,1.0008207397692404,0.9888775474677391,0.9378356098453091,0.9888804684288144,59.244601850922635,93.99739057648995,59.24644260037962
gen_DE_LOOCV_proxy,0.14784886878609763,1.2589254117941661e-05,9.999999999999999e-06,9.999999999999999e-09,0.002412214863468124,True,6.773256116621424e-05,0.00010110190827725543,6.775299614138986e-05,0.00019494289978031864,0.00648131083576808,0.00019754527562863654,0.9999322674388338,0.9998988980917227,0.9999322470038586,0.9997994972702294,0.9920635677186038,0.9997966639713987,1.000822729081623,1.0005633072728555,1.0008183382440867,0.9860378046217538,0.9231373753732456,0.9860404897302195,61.10836758451953,105.02898616826496,61.11058391469163
gen_DE_LOOCV_proxy,0.15964353629353814,1.4677992676231963e-05,9.999999999999999e-06,9.999999999999999e-09,0.002412214863468124,True,6.956025441111697e-05,0.00010792325770844789,6.95813234926572e-05,0.00026377476299629623,0.008537130799498256,0.00026652941887836347,0.9999304397455889,0.9998920767422915,0.9999304186765074,0.9997274438840991,0.9892186301218502,0.999724402844189,1.0008208967540604,1.0005567757543588,1.0008164040008234,0.983758855859383,0.9116450544878887,0.9837613469943078,62.61185823242808,113.92811763929552,62.61438298407488
gen_DE_LOOCV_proxy,0.16588915922567116,1.584893192461114e-05,9.999999999999999e-06,9.999999999999999e-09,0.002412214863468124,True,7.058485260506515e-05,0.00011174794245404239,7.060627357115979e-05,0.0003067441352341535,0.009782634389491581,0.00030958583262460953,0.999929415147395,0.9998882520575461,0.9999293937264289,0.999682222147155,0.9874337588458908,0.9996790606258197,1.000819869560821,1.0005531072904894,1.0008153207868222,0.9824858875407815,0.9053387555630502,0.9824882687395591,63.45470962817586,118.91693766158168,63.45740926690059
gen_DE_LOOCV_proxy,0.18613069801983978,1.9952623149688786e-05,9.999999999999999e-06,9.999999999999999e-09,0.002412214863468124,True,7.417567477927747e-05,0.0001251549610266406,7.419831014913661e-05,0.0004817800860182683,0.014616588789067964,0.0004849360993102789,0.9999258243252207,0.9998748450389741,0.9999258016898509,0.9994963529708084,0.980101270119938,0.9994927460776575,1.0008162696606488,1.000540219660446,1.0008115303829324,0.9780505105749981,0.8839699737961262,0.9780525012705888,66.40857925169587,136.4008276317573,66.41190220810923
gen_DE_LOOCV_proxy,0.20884207809036628,2.5118864315095822e-05,9.999999999999999e-06,9.999999999999999e-09,0.002412214863468124,True,7.869625206362737e-05,0.00014203839668365696,7.872037881193496e-05,0.0007549678052570283,0.021581455058577195,0.0007585392616813436,0.9999213037479364,0.9998579616033169,0.999921279621188,0.9992017693827108,0.968487766902303,0.9991975497194152,1.000811737691665,1.0005239428605186,1.0008067701874908,0.9725233225215087,0.8585748174461003,0.9725248141243015,70.12728078387211,158.4117353095376,70.13140917008585
gen_DE_LOOCV_proxy,0.22334933960129155,2.8729848333514593e-05,9.999999999999999e-06,9.999999999999999e-09,0.002412214863468124,True,8.18559443437938e-05,0.00015384167009636562,8.18810915744574e-05,0.0009798779344357196,0.02692169111127775,0.0009837521693180833,0.9999181440556562,0.9998461583299038,0.9999181189084255,0.9989557702301166,0.9587942908490997,0.9989510871359167,1.00080857006145,1.0005125403411526,1.0008034498282363,0.9686969979964266,0.8417385547396384,0.9686981385270482,72.72649583636955,173.79642579868192,72.7311993107611
gen_DE_LOOCV_proxy,0.23432466565216264,3.1622776601683795e-05,9.999999999999999e-06,9.999999999999999e-09,0.002412214863468124,True,8.438732168287492e-05,0.00016329899215460897,8.441327473623626e-05,0.0011797023018132557,0.03143091194976705,0.0011838260953928904,0.9999156126783171,0.9998367010078453,0.9999155867252638,0.9987348848574464,0.9500929949351405,0.9987298093120057,1.0008060323391155,1.0005033930936316,1.000800793381737,0.9656532053633348,0.8287530465121518,0.9656540644859386,74.80884864160664,186.12181992322982,74.81401933497162
gen_DE_LOOCV_proxy,0.2629165991598638,3.9810717055349695e-05,9.999999999999999e-06,9.999999999999999e-09,0.002412214863468124,True,9.155195384683537e-05,0.0001900707897829651,9.15801373904709e-05,0.001836890459563132,0.04506529989784396,0.001841751965927055,0.9999084480461532,0.9998099292102173,0.9999084198626096,0.9979949214904017,0.9209562453734175,0.9979886313486752,1.0007988498183027,1.0004774570520343,1.0007932903978745,0.9571410399150524,0.7942145961964154,0.9571411073363494,80.70259338474742,221.0067424271157,80.70911425335277
gen_DE_LOOCV_proxy,0.29499727619967947,5.011872336272725e-05,0.0199526231496888,1.99526231496888e-05,0.002449440357307021,False,0.00010054830283013263,0.00016075978567223477,0.0001005792113604914,0.002641967473284354,0.01645107900739917,0.002647695492845888,0.9998994516971699,0.9998392402143275,0.9998994207886396,0.9970639645674825,0.9782504022210844,0.9970561756046701,1.0008031224693275,1.0005429930725154,1.0007971875292667,0.9485999273027328,0.8723353825968077,0.948599284920751,87.03930128028126,145.65053047747023,87.04736478368159
gen_DE_LOOCV_proxy,0.312476963731664,5.623413251903491e-05,0.06700884260855025,6.700884260855025e-05,0.002536020823679304,False,0.00010567853624809584,0.00014933842521000411,0.00010571100522746712,0.0027820999761969415,0.00870358344678033,0.0027881224566368725,0.9998943214637519,0.99985066157479,0.9998942889947725,0.9968994446799082,0.9893933026914596,0.9968911868676904,1.0008288533264904,1.0006182383989448,1.0008227108708951,0.9472543842940767,0.9069661638279632,0.9472538257808556,88.72330783873969,118.8870660493869,88.7318891888566
gen_DE_LOOCV_proxy,0.3309923878648536,6.309573444801929e-05,0.12022644346174127,0.00012022644346174127,0.002632002830535582,False,0.00011119045554905602,0.00014946463368258997,0.00011122460618786842,0.002908921989707948,0.006656823665639241,0.002915244309543665,0.9998888095444509,0.9998505353663171,0.9998887753938122,0.9967499533617926,0.9920963155546514,0.9967412188680194,1.0008574901737057,1.0006777991815545,1.0008511282794137,0.9460655769502635,0.918618296992696,0.9460651618996421,90.36068649077323,111.23872813783244,90.36978144332377
gen_DE_LOOCV_proxy,0.37137956741783923,7.943282347242822e-05,0.23988329190194904,0.00023988329190194904,0.0028414032735181163,False,0.00012347084209215676,0.00015805725462857435,0.00012350875683735075,0.003187911133129903,0.005126205692000606,0.0031948898194805887,0.9998765291579078,0.9998419427453716,0.9998764912431626,0.9964191425079834,0.9940454956902325,0.9964093434044343,1.0009194826731767,1.0007843617447687,1.0009126441624283,0.9435384101080221,0.9285764807869579,0.9435383943850804,93.83778207556753,106.24950268531347,93.84795408924127
gen_DE_LOOCV_proxy,0.4166947281934956,0.0001,0.36307805477010135,0.00036307805477010135,0.003049326112487986,False,0.00013762530819505967,0.00017192655474085919,0.00013766754628657897,0.0036551454808155595,0.0048081902601231,0.0036629479307477503,0.999862374691805,0.9998280734452599,0.9998623324537135,0.9958593160432457,0.9944423483406948,0.9958480820186515,1.000978771425116,1.0008750779667366,1.0009714028435657,0.9395422008272253,0.9308230556593711,0.9395425676733491,98.29877125026599,106.72555724573078,98.3102498459705
gen_DE_LOOCV_proxy,0.43717099426962,0.00011006941712530544,0.4249534679573374,0.0004249534679573374,0.003151302202578351,False,0.0001441418794548573,0.00017847494578155932,0.0001441861328324657,0.0038219301942897096,0.004676024549286342,0.003830077471851486,0.9998558581205451,0.999821525054219,0.9998558138671676,0.9956577778289001,0.9946063621677552,0.9956459421383839,1.0010081703250149,1.0009173750817921,1.0010005637218031,0.9381782385054445,0.9317798168180608,0.938178881613686,100.04128622431912,106.99875590526898,100.05328346805906
gen_DE_LOOCV_proxy,0.46753917484344276,0.00012589254117941674,0.5128613839913648,0.0005128613839913648,0.0032937367249389346,False,0.0001539358923827979,0.00018863260647186648,0.00015398316901174232,0.0041212015957402285,0.004640744841871294,0.004129886862877982,0.9998460641076172,0.9998113673935284,0.9998460168309882,0.9952939708994266,0.9946500955887566,0.9952811585474903,1.0010484246609126,1.0009737815724156,1.0010404672053725,0.9358034144541921,0.9320364064642646,0.9358044492481992,102.79512576882007,108.1032438153756,102.80792372808244
gen_DE_LOOCV_proxy,0.5245875822834551,0.00015848931924611142,0.6760829753919817,0.0006760829753919818,0.0035516193049435906,False,0.00017272703810789812,0.00020843398539255746,0.00017278013160711457,0.004745848458821563,0.004774426140514854,0.0047555658629417855,0.9998272729618921,0.9997915660146078,0.9998272198683928,0.9945259092187418,0.9944844513520885,0.9945111301989468,1.0011199136523485,1.0010705370305246,1.001111303978064,0.931109881268635,0.9310621196142425,0.931111723838743,108.02039355383252,110.99350777429409,108.03468521965107
gen_DE_LOOCV_proxy,0.5885969482196861,0.00019952623149688788,0.8912509381337456,0.0008912509381337456,0.003880812312933678,False,0.00019434652996726796,0.00023116517243199376,0.000194406599784996,0.005195512756582019,0.004719807934232082,0.005206230170971273,0.9998056534700327,0.9997688348275681,0.999805593400215,0.9939659729041632,0.99455214107793,0.9939492961427809,1.0012129496872963,1.0011899901606938,1.001203618147689,0.9279200946408639,0.9314599997916274,0.9279233690152483,112.56951668695697,113.28833677871691,112.58508604011351
gen_DE_LOOCV_proxy,0.6116242168641555,0.000215443469003023,0.9660348324982373,0.0009660348324982373,0.003992817660295354,False,0.0002022589044516975,0.00023953630021060555,0.00020232154318023575,0.005395539180411149,0.004771145906392161,0.005406631111918205,0.9997977410955483,0.9997604636997893,0.9997976784568198,0.9937150591799523,0.9944884198509223,0.9936976325441733,1.0012438978403375,1.00122898615546,1.0012343095003091,0.926545666020233,0.9310887455769101,0.9265494575493052,114.30721620845466,114.3891254541171,114.32325926332493
gen_DE_LOOCV_proxy,0.6604166380483051,0.00025118864315095795,1.096478196143185,0.0010964781961431851,0.0041856130896459525,False,0.00021925804092615491,0.00025753729471531347,0.00021932599731821096,0.006107647655203337,0.005203640260879697,0.0061196668844430615,0.9997807419590738,0.9997424627052842,0.9997806740026818,0.9928128813874313,0.993948851128513,0.9927934038846551,1.001293604147855,1.001292334375007,1.0012834776299693,0.9218485594809454,0.9280299036883877,0.9218531754488923,118.98970372516031,117.97482294231295,119.00702595525644
gen_DE_LOOCV_proxy,0.7409996554182586,0.00031622776601683794,1.3489628825916535,0.0013489628825916536,0.0045507056239010284,False,0.00024792240203732447,0.00028767888444960273,0.0002479997901312156,0.00697996014202037,0.005620546812977668,0.006993309055982618,0.9997520775979627,0.99971232111555,0.9997520002098688,0.9916894120857154,0.9934235754741279,0.9916669380499612,1.0013906919957876,1.0014117516845003,1.0013796900664609,0.916453844241519,0.9252028875013474,0.9164604214626205,125.23202568639282,122.50364609499971,125.25098728244481
gen_DE_LOOCV_proxy,0.8314152880106822,0.00039810717055349735,1.6595869074375607,0.0016595869074375606,0.004987789911427231,False,0.00028088408120354017,0.00032221165838932703,0.0002809729547008398,0.007753691503512274,0.005944024807329584,0.007768371630644707,0.9997191159187965,0.9996777883416105,0.9997190270452991,0.9906766654031777,0.9930124976639267,0.9906510786334504,1.001507323157916,1.0015510341816252,1.0014953593565035,0.9119449518567375,0.923085194252694,0.9119542618330928,131.15650482737377,126.82238576820633,131.17690322275106
gen_DE_LOOCV_proxy,0.8556930527381014,0.00042169650342858224,1.7649871801849728,0.0017649871801849728,0.0051335459628609114,False,0.0002898662322210483,0.0003316765371278455,0.0002899586237945267,0.007761272432812379,0.0058625174614546525,0.0077762115037756045,0.999710133767779,0.9996683234628729,0.9997100413762054,0.9906666689181135,0.9931160896433444,0.9906405660638252,1.0015480108202244,1.0015979837086004,1.001535791436166,0.911901915839149,0.9236188324014278,0.9119122440482019,132.0179749208132,127.33166290648569,132.0385104775388
gen_DE_LOOCV_proxy,0.9328632963367676,0.0005011872336272725,2.041737944669529,0.0020417379446695293,0.0055109935849419565,False,0.00031882453107400405,0.0003619089374670366,0.0003189276954833947,0.008370692486362592,0.006149465244214769,0.008386687306059246,0.999681175468926,0.9996380910625328,0.9996810723045166,0.9898584721684747,0.9927495938528044,0.9898297441324259,1.0016471414777965,1.0017134193972728,1.0016341227427499,0.9085085113993515,0.9217769758849448,0.9085215009905707,136.64363454355438,130.88967815946154,136.66517531503223
gen_DE_LOOCV_proxy,1.046689833830814,0.000630957344480193,2.344228815319922,0.002344228815319922,0.005915952262017347,False,0.00036254781978289024,0.00040670594455421115,0.0003626659003691325,0.010342452310638113,0.007499043275787868,0.010360323084648954,0.9996374521802172,0.9995932940554458,0.999637334099631,0.9871832283448314,0.9909984293421732,0.987148685850937,1.0017399805301714,1.0018254336025878,1.0017258174355919,0.8983021518878688,0.9136096702952728,0.8983181147947876,146.49984481687872,139.07216543402973,146.5238235247366
gen_DE_LOOCV_proxy,1.1744053094884288,0.0007943282347242813,2.884031503126606,0.002884031503126606,0.006622529731713608,False,0.00041274842281202443,0.00045890299843706,0.00041288858880329923,0.01068109559616162,0.007501805857151097,0.010700237843391388,0.999587251577188,0.9995410970015628,0.9995871114111967,0.9867147631435256,0.9909936014907069,0.986676871301148,1.001926316561219,1.0020338536322049,1.0019108975407618,0.89665061395363,0.913612769202436,0.8966724295542572,151.31194653578586,142.80000553726452,151.33643720895608
gen_DE_LOOCV_proxy,1.1971576342388,0.000825404185268652,2.922879975751917,0.002922879975751917,0.006672695393193622,False,0.00042181511952419764,0.0004679300328242174,0.00042195810547236137,0.011289584649569565,0.007945892544135177,0.011309122362080955,0.9995781848804758,0.9995320699671757,0.9995780418945277,0.9858665481843601,0.9904072781466376,0.9858270649304054,1.0019339213230825,1.0020445133582867,1.00191828676365,0.8937475428539671,0.9110871944494912,0.8937697957590591,153.76974862810403,144.88618327935177,153.79488094157136
gen_DE_LOOCV_proxy,1.3177044300762262,0.001,3.311311214825911,0.0033113112148259113,0.007169918573995359,False,0.00047055112576711297,0.0005174591597898763,0.00047071400494627885,0.012834400174211525,0.008968251422383385,0.012855391227130575,0.9995294488742329,0.9994825408402102,0.9995292859950538,0.9836765709587101,0.9890383543324417,0.9836316050126812,1.002050065352994,1.00217762517999,1.002033297740289,0.886710988290075,0.9055391673228838,0.8867376858267828,161.54077458616578,151.38959474515687,161.56742786666575
gen_DE_LOOCV_proxy,1.4784886878609769,0.0012589254117941675,3.8018939632056115,0.0038018939632056114,0.007787891632074628,False,0.0005371295663081026,0.0005844661762190053,0.0005373201333068347,0.015239780086240164,0.010623682474668598,0.015262556869193348,0.9994628704336919,0.9994155338237813,0.9994626798666931,0.9801653372466025,0.9867695546027407,0.9801121923647016,1.0021868476699312,1.0023351875405961,1.0021686270896313,0.8765504958039921,0.8971840655844031,0.8765830820455923,172.25820248200802,160.43904040881807,172.2869355595396
gen_DE_LOOCV_proxy,1.6588915922567116,0.001584893192461114,4.576871450797577,0.004576871450797577,0.008745546733184366,False,0.0006135541401959599,0.0006625286371285358,0.0006137863444483224,0.01578411374282959,0.010858074120018981,0.015808159195729334,0.9993864458598041,0.9993374713628721,0.9993862136555517,0.9793540668891756,0.9864409247118349,0.9792958049887253,1.0024225921917886,1.0025911112527046,1.002402796890682,0.8743651571305572,0.8960782495820295,0.874407103674754,178.0538690076717,165.4541216718705,178.08257111854928
gen_DE_LOOCV_proxy,1.674883764252367,0.001615598098438634,4.576871450797577,0.004576871450797577,0.008745546733184366,False,0.0006204028416492753,0.0006689789398122504,0.0006206364687071897,0.016491931830836075,0.01138471627467106,0.016516196562240293,0.9993795971583507,0.9993310210601878,0.9993793635312928,0.978290094528616,0.9857036017809314,0.9782300506175836,1.0024156894474165,1.0025863511171926,1.0023957646074706,0.871579083359306,0.8935803173602804,0.8716211177662411,180.2480786735543,167.3036864170457,180.2773895108186
gen_DE_LOOCV_proxy,1.861306980198398,0.001995262314968879,5.370317963702527,0.005370317963702527,0.009707212962580201,False,0.0007016385039394587,0.0007513818494743837,0.000701920180729784,0.017235280925521346,0.011821089389804222,0.01726071384173989,0.9992983614960605,0.9992486181505257,0.9992980798192702,0.9771617966961281,0.9850852457111883,0.9770960132043178,1.0026442284040886,1.002832734278986,1.002622762103567,0.8687167911516429,0.8915787147291862,0.8687686422339639,186.35614130297722,172.72370803117505,186.38536035584204
gen_DE_LOOCV_proxy,2.088420780903662,0.0025118864315095794,6.165950018614822,0.006165950018614822,0.01065631242925075,False,0.000802763838025066,0.0008520121046351377,0.0008031030068443583,0.019777004388758457,0.013637066046709495,0.019803756158120772,0.999197236161975,0.9991479878953645,0.9991968969931557,0.9732205977897914,0.9824754620683201,0.9731442491381823,1.0028452212222096,1.0030551480598944,1.0028220028904535,0.8593692622903568,0.8835451421894746,0.8594313911590089,197.3698307655132,182.35236573807273,197.40017691491724
gen_DE_LOOCV_proxy,2.343246656521626,0.0031622776601683794,6.914469100007887,0.006914469100007887,0.011537807724527447,False,0.0009188824617540149,0.0009657320542975835,0.0009192853406298264,0.02403840021102647,0.01679003274826294,0.024066182106779105,0.999081117538246,0.9990342679457023,0.9990807146593702,0.9663305073985817,0.9777805302441138,0.9662386990028061,1.0030065588397579,1.003241486274319,1.002981533821714,0.844956779538651,0.8707597929184197,0.8450289323311128,212.19678794202403,195.21423478041208,212.22922610926196
gen_DE_LOOCV_proxy,2.629165991598639,0.003981071705534973,8.128305161640993,0.008128305161640993,0.012948140897767808,False,0.001052699406073838,0.0010990599816628258,0.0010532030601373425,0.025319109802782926,0.017730049921078544,0.025347593313885215,0.9989473005939261,0.9989009400183371,0.9989467969398627,0.9641919908042224,0.9763366492259015,0.9640902912258542,1.0033116062128564,1.0035668309576424,1.0032846815162952,0.8408802029828377,0.8672096187530002,0.840967765763958,220.24003073454222,202.69013365899403,220.2716710827259
gen_DE_LOOCV_proxy,2.9499727619967944,0.005011872336272725,9.33254300796991,0.00933254300796991,0.014328323275062295,False,0.0012063115157449858,0.001250012695552429,0.001206931948076933,0.02827770897291009,0.019994463940944306,0.02830650835182521,0.998793688484255,0.9987499873044476,0.998793068051923,0.9591337881140602,0.9727929882651154,0.9590169398080921,1.0035809527008617,1.0038604540584017,1.0035521329714505,0.8318402278399792,0.8589833681220429,0.8319431516183515,232.01950157261876,213.36002852564525,232.0512660423248
gen_DE_LOOCV_proxy,3.2783199709090027,0.006189658188917356,10.19518511628477,0.01019518511628477,0.015307436630908663,False,0.0013664416436256809,0.001403724977853581,0.001367167187875358,0.03474302234382074,0.02500697129195739,0.034771101626243736,0.9986335583563744,0.9985962750221465,0.9986328328121246,0.947514399929091,0.9646001326653487,0.9473721682849477,1.0037166362341956,1.0040286013167952,1.0036861728909359,0.8136051976480547,0.8422539159937636,0.8137192138351297,250.351161434289,229.39231594164772,250.38518997285166
gen_DE_LOOCV_proxy,3.3099238786485357,0.006309573444801929,10.19518511628477,0.01019518511628477,0.015307436630908663,False,0.0013821373640160689,0.0014181119188969137,0.0013828672182318877,0.036197030729509166,0.026136688909694186,0.03622488749366305,0.998617862635984,0.9985818880811033,0.9986171327817681,0.9447952329418832,0.9626882213178949,0.9446481356815657,1.003700743609289,1.0040177048205328,1.003670148527034,0.8097448273252231,0.8387187761524566,0.8098588959971564,253.7081107106644,232.23031706347433,253.74288353666083
gen_DE_LOOCV_proxy,3.71379567417839,0.007943282347242814,11.481536214968829,0.011481536214968828,0.016755052200200068,False,0.0015845267320370416,0.0016133431395125904,0.0015854160970625614,0.042099442197265774,0.03084629553314454,0.042125962458106264,0.998415473267963,0.9983866568604874,0.9984145839029374,0.9333591708198332,0.954450319089334,0.9331834400002432,1.0039308342900142,1.0042831740422413,1.0038985439574235,0.7948185139997622,0.824768531169286,0.7949479863659421,270.81777387017496,247.5672544627176,270.8534596315065
gen_DE_LOOCV_proxy,4.166947281934956,0.01,13.182567385564074,0.013182567385564073,0.018650299819295165,False,0.0018162106294810614,0.0018379034792552562,0.0018173213701406215,0.04607559958480176,0.03415409770802889,0.04610059732078125,0.998183789370519,0.998162096520745,0.9981826786298593,0.9252954564538498,0.9484102765322484,0.9250932450543825,1.0042567880831925,1.004643080454436,1.0042229778929739,0.785347724016721,0.8156112141365368,0.7854965711381812,284.0880584099366,259.9685490109841,284.1230381405942
gen_DE_LOOCV_proxy,4.586534585139283,0.012115276586276584,14.784849388823313,0.014784849388823313,0.020419230012694096,False,0.0020350853513713798,0.002049439488078392,0.002036424458786279,0.04948521181634978,0.03705789048409765,0.04950866241762025,0.9979649146486286,0.9979505605119213,0.9979635755412137,0.9181494091899325,0.9429388486564351,0.9179216159767406,1.0045496307641788,1.0049671959011581,1.0045148069745948,0.7775472818409499,0.8079320604613798,0.7777133685272988,295.31108902474915,270.57931274407935,295.34536941159865
gen_DE_LOOCV_proxy,4.675391748434428,0.012589254117941675,15.13561248436208,0.01513561248436208,0.020804651274379922,False,0.0020819389015325628,0.0020947150739842784,0.0020833300056698114,0.0500988524438334,0.0375925696694152,0.05012199323181334,0.9979180610984675,0.9979052849260154,0.9979166699943302,0.9168405646559876,0.9419138395367296,0.9166074822391579,1.004613213038993,1.005037214529172,1.0045782214035301,0.776172270610111,0.8065519709250534,0.7763420161095875,297.4321127881582,272.6159529047989,297.4662113872559
gen_DE_LOOCV_proxy,5.245875822834551,0.015848931924611134,17.378008287493753,0.01737800828749375,0.023255279510556177,False,0.002386656742500454,0.0023883943050736415,0.0023884011269645605,0.054143573902403146,0.041144865726155076,0.05416471177645525,0.9976133432574995,0.9976116056949264,0.9976115988730354,0.9080392257399885,0.9349693562160669,0.9077696590755058,1.0050019718861207,1.0054685510688621,1.004966313415778,0.7673122824418892,0.7976195865275052,0.7675042496812828,310.81751310517814,285.4811599850562,310.85073447223203
gen_DE_LOOCV_proxy,5.885969482196863,0.0199526231496888,19.952623149688797,0.0199526231496888,0.026044864954774136,False,0.002736003050398515,0.002724200697168066,0.0027381897555101113,0.05818719074109051,0.0447942010522642,0.05820646626796469,0.9972639969496014,0.997275799302832,0.9972618102444899,0.8989361397595608,0.9275879119979238,0.8986227966134455,1.005424748439722,1.005940207377772,1.0053891722286952,0.7587797878678271,0.7888382043355249,0.7589949999579543,324.2174536975808,298.53700210227834,324.25004069936773
gen_DE_LOOCV_proxy,6.4167926521431395,0.023713737056616554,21.211852646034554,0.021211852646034556,0.02740142099355413,False,0.0030287952546471414,0.002998989831933455,0.003031274342206994,0.06903713560114004,0.05397376913975032,0.06905252725201162,0.9969712047453528,0.9970010101680665,0.996968725657793,0.8729858095892687,0.9079697842933906,0.872595134866732,1.005498727794547,1.0060782834100797,1.0054641107666917,0.7372508123682586,0.7681538585110197,0.7374722101228319,347.3284923046454,319.2523982079663,347.36341100644506
gen_DE_LOOCV_proxy,6.604166380483051,0.025118864315095794,22.126357489544354,0.022126357489544356,0.02838378856440604,False,0.0031336501734145817,0.00310043273896025,0.003136293163248958,0.06870999930275305,0.053837748603487556,0.06872549751771206,0.9968663498265854,0.9968995672610396,0.9968637068367511,0.8738011382751002,0.908262292585619,0.873401925813506,1.0056590715331104,1.0062502942464426,1.0056248277191366,0.7378740773926526,0.7684572507774224,0.7381032272676631,348.3859848730249,320.6895948522097,348.420399241122
gen_DE_LOOCV_proxy,7.4099965541825865,0.03162277660168379,24.547089156850298,0.024547089156850298,0.030973955649186487,False,0.003588958071733206,0.0035301973337161885,0.0035921520246116616,0.08043946057714345,0.06410275657794197,0.08045200332890808,0.9964110419282668,0.9964698026662844,0.9964078479753884,0.8432597841123419,0.884459941299419,0.842742732553413,1.0058896812490647,1.0065705718318043,1.0058583017513976,0.7163814875979647,0.747303828720542,0.7166221360321225,374.0400077804945,344.345464328629,374.07662492396025
gen_DE_LOOCV_proxy,8.314152880106823,0.039810717055349734,28.183829312644534,0.028183829312644532,0.034841549626682275,False,0.004108803330614472,0.004025654226205836,0.004112785135062025,0.085389945229235,0.06890814619086544,0.08540342518574695,0.9958911966693855,0.9959743457737941,0.9958872148649379,0.8295469652053618,0.8725880416452978,0.8289272552331814,1.0063726594143636,1.0071381808219062,1.006345965380052,0.7077844199409706,0.738011032100606,0.7080452561142607,388.411350113993,358.8191524470529,388.44918303227377
gen_DE_LOOCV_proxy,8.977415775738184,0.04641588833616342,30.26112010170831,0.03026112010170831,0.03703999770430808,False,0.00449506045362246,0.004389547792524903,0.004499574293120594,0.09379933300309543,0.07648774134659331,0.0938135916390346,0.9955049395463775,0.9956104522074751,0.9955004257068794,0.8050986929179758,0.8529849306392079,0.8043519903009795,1.006541824401267,1.007386915456768,1.0065198779410933,0.6937332322907113,0.7239539001656047,0.6939984686844144,406.0018502602604,375.3025699392819,406.0420704615062
gen_DE_LOOCV_proxy,9.328632963367673,0.05011872336272722,31.622776601683793,0.03162277660168379,0.0384774099958616,False,0.004701259585041046,0.004585202741817198,0.004706099745199813,0.096055574978732,0.07866235152446585,0.09607135849929888,0.9952987404149589,0.995414797258183,0.9952939002548002,0.7982868600303131,0.8471363609168595,0.7974846209930319,1.0066952058112215,1.0075778703647904,1.0066760993158999,0.6900716615429754,0.7200581492827552,0.6903416228936317,411.6669311394211,380.94837639067924,411.7082481109943
gen_DE_LOOCV_proxy,10.466898338308141,0.06309573444801933,34.673685045253166,0.034673685045253165,0.041688706857092486,False,0.005377747939049282,0.005218712670002703,0.005383498348421119,0.11399715669949737,0.09487400074518743,0.11401870243387274,0.9946222520609507,0.9947812873299976,0.9946165016515788,0.7401643072822044,0.8005760571308645,0.7390318581274177,1.0068036318784683,1.0078433744843656,1.006795998753743,0.6623653502682265,0.6925056105225461,0.6626296047747327,445.8655880478878,412.6181739945181,445.912283511415
gen_DE_LOOCV_proxy,11.74405309488429,0.07943282347242814,39.810717055349734,0.039810717055349734,0.04707089533094233,False,0.006143657354405183,0.005944889477840915,0.0061507299462595436,0.11992364078055096,0.10095081708496358,0.11995920397384506,0.9938563426455949,0.994055110522159,0.9938492700537405,0.7193611833072548,0.7815878076528322,0.7179499024743846,1.0073250921586614,1.0085152738942342,1.0073333117768617,0.6537000710647619,0.6828278417108933,0.653972357973948,460.96997807993523,428.3119388344596,461.0228421279103
gen_DE_LOOCV_proxy,12.55985636117796,0.09085175756509895,43.132838848177755,0.04313283884817776,0.05053766126573049,False,0.006638265605882584,0.0064135262039626915,0.006646215054670848,0.1235139497181436,0.1046523665657764,0.12356126633456573,0.9933617343941175,0.9935864737960379,0.9933537849453291,0.7063546856789633,0.7696065941569239,0.7047395941174057,1.0076365118364328,1.0089286533800468,1.0076567733453698,0.6485544854203662,0.6770774316059672,0.6488287133560546,469.9166874369536,437.6377056697749,469.97450826566126
gen_DE_LOOCV_proxy,13.177044300762262,0.1,45.195361166630285,0.04519536116663028,0.05268527297202312,False,0.007014823420229242,0.0067678763059462995,0.007023386175685021,0.12941794476857926,0.11024509830916619,0.1294753892365793,0.9929851765797708,0.9932321236940531,0.992976613824315,0.6842878241424939,0.7509835121471603,0.6824441472054952,1.0077485278775478,1.009129376169902,1.0077790186991735,0.6402529433496651,0.668553317187195,0.6405217839729881,481.31230897200066,448.6381974353579,481.3741868704757
gen_DE_LOOCV_proxy,14.78488687860977,0.12589254117941673,52.48074602497726,0.05248074602497726,0.06024668449693466,False,0.008004529586490136,0.007708111004865888,0.008014974061373822,0.13179818965498755,0.11336674014504176,0.13188861147089662,0.9919954704135099,0.9922918889951347,0.9919850259386263,0.6751481065018538,0.7400848461125139,0.6728846808998851,1.008440267917119,1.0100309141760906,1.0085010004139012,0.636959796090037,0.6639443806907671,0.6372295042808576,490.74217807483797,459.6412766481619,490.8169582214163
gen_DE_LOOCV_proxy,16.588915922567114,0.15848931924611134,56.23413251903491,0.05623413251903491,0.06412952670143511,False,0.009125090241282476,0.008752278714893322,0.009137126214895423,0.16236564282427157,0.14171781555563392,0.16250373516579242,0.9908749097587175,0.9912477212851069,0.9908628737851046,0.5445222069864348,0.632022725641791,0.5408632535351775,1.008134228965702,1.0100507475600553,1.0082369050232804,0.59705379661266,0.6241706597927251,0.5972700833764577,541.8637576643238,507.15460300824526,541.9515193890318
gen_DE_LOOCV_proxy,17.571870987632057,0.1778279410038923,61.71404481657353,0.06171404481657353,0.06978549456865324,False,0.00973344739203916,0.009334936493915291,0.009746787355464135,0.15708502171440164,0.13754368564794128,0.1572520774410353,0.9902665526079608,0.9906650635060847,0.9902532126445358,0.5689285116716157,0.6489465117693325,0.565084375300587,1.0087154904479454,1.0107637861108192,1.008843407255837,0.6036604716730848,0.6298111830581361,0.6038782059062182,536.3390521653538,503.8008806470716,536.4375247277883
gen_DE_LOOCV_proxy,18.613069801983983,0.19952623149688797,64.66830490778774,0.06466830490778774,0.07282903948863244,False,0.010385485152451447,0.00994689264368717,0.010399864071936629,0.1689072635572117,0.1487812209139352,0.16910978891881284,0.9896145148475486,0.9900531073563127,0.9896001359280633,0.5131523333615533,0.6014427945714754,0.5084271546717134,1.0086772214274884,1.0109134017429284,1.008834858842231,0.5890167113407022,0.6149641462248225,0.5892068558619881,556.3357564296563,522.8809315093101,556.4432744069991
gen_DE_LOOCV_proxy,20.88420780903662,0.251188643150958,74.13102413009177,0.07413102413009177,0.08255529305574391,False,0.011809139323002123,0.011296953713447888,0.011826109713057493,0.17680357961951312,0.15711125810505577,0.1770922218816584,0.9881908606769979,0.9887030462865526,0.9881738902869425,0.47355323378618475,0.5634816176480213,0.4673425253101089,1.009174942956727,1.011799580536331,1.0094055477053612,0.5795198225605479,0.6043822923829646,0.579669470855491,572.447888688849,540.0884793390826,572.5797079281506
gen_DE_LOOCV_proxy,23.432466565216263,0.31622776601683794,85.11380382023764,0.08511380382023763,0.0938086997648394,False,0.013412844674266842,0.01282089657588411,0.013432666986499751,0.18429905722727064,0.16510759218878174,0.18470019207080368,0.9865871553257332,0.9871791034241154,0.9865673330135003,0.43414080944406275,0.5248471732891354,0.42597206047222413,1.0096849881697474,1.0127759202989548,1.01001173687186,0.5706993393584507,0.5945053718484515,0.5707948252392275,587.5026455980221,556.373686542694,587.663813489281
gen_DE_LOOCV_proxy,24.583931625236062,0.3480700588431082,89.05344737581292,0.08905344737581292,0.09783781750178125,False,0.01413778248167083,0.013506806134212963,0.014158777903409484,0.1926159345004913,0.17322893041431434,0.1930735579144024,0.9858622175183291,0.9864931938657873,0.9858412220965904,0.3882398143728163,0.4840232703544826,0.3786751353735848,1.0096837121980544,1.0130061456025992,1.0100588955463536,0.5611196808918275,0.5846521099997708,0.5611807744869771,601.1319549931601,569.7764403707141,601.3054684085831
gen_DE_LOOCV_proxy,26.291659915986386,0.3981071705534972,97.72372209558107,0.09772372209558107,0.106693064186448,False,0.015215445975711415,0.01453776724078013,0.015238326584545433,0.1920655863074645,0.17336891611021993,0.19261134453959383,0.9847845540242885,0.9854622327592201,0.9847616734154546,0.391349691652473,0.48255322310342486,0.3805480238837402,1.0101740860666222,1.013826233315558,1.010626836275917,0.5617471205942116,0.5845645289830553,0.5617718137965235,602.432354189943,572.5370611851143,602.627794657952
gen_DE_LOOCV_proxy,29.49972761996794,0.5011872336272722,112.2018454301963,0.1122018454301963,0.12144925398726795,False,0.017236509306546376,0.016468290579680932,0.017262590146561903,0.20017404164533228,0.1819528409424017,0.20090305675988812,0.9827634906934536,0.9835317094203185,0.982737409853438,0.3444606172765703,0.43584979704564136,0.33010830403131897,1.0106294690429272,1.01495614002668,1.0112465614764539,0.5525918623389464,0.5745001563875567,0.5525270770036824,617.2572883301932,588.5779407964553,617.4917193530935
gen_DE_LOOCV_proxy,33.099238786485365,0.6309573444801932,128.82495516931337,0.12882495516931336,0.13835388364695902,False,0.019496509909368624,0.018634742420162834,0.019525843880440263,0.20869794229418515,0.19092255707372136,0.2096562102550458,0.9805034900906314,0.9813652575798375,0.9804741561195598,0.29261779424370393,0.3837962040821709,0.27346155395425653,1.0110365162795314,1.0161726034491958,1.0118670719131035,0.5431653009083207,0.5642523078568137,0.5429903595002088,631.9913190014043,604.493378085685,632.269051568864
gen_DE_LOOCV_proxy,34.394157262989864,0.6812920690574383,130.22475288661605,0.13022475288661606,0.13977584504304422,False,0.020296358798792123,0.01938907944282924,0.020326732013150203,0.22763102566210547,0.20901842178809066,0.22867220925075854,0.9797036412012079,0.9806109205571707,0.9796732679868498,0.16745888883783155,0.27327802222886155,0.1436578883376178,1.0104207109454448,1.0158797227783705,1.0113340255582495,0.5228930668475824,0.543982136474316,0.5226615597764415,659.0447526349448,630.1727804887163,659.3338451366789
gen_DE_LOOCV_proxy,37.13795674178391,0.7943282347242815,138.03842646028852,0.13803842646028852,0.1477093679019817,False,0.022012986147811,0.021026589230430503,0.022045557357383387,0.2497538038476379,0.23057463194810934,0.2509779648996895,0.977987013852189,0.9789734107695693,0.9779544426426166,0.0019681152337666097,0.12327497962445337,-0.030494679893658255,1.009856446585039,1.015993520034301,1.0109588692847478,0.5002462567947711,0.5210078683779523,0.49991581956972053,691.6359796524316,661.8810204394765,691.9533995925619
gen_DE_LOOCV_proxy,41.66947281934956,1.0,158.48931924611142,0.15848931924611143,0.16844673149981007,False,0.024812180962888435,0.023731875419098047,0.024848010537445463,0.2600002057808614,0.24131582630490755,0.26155714951422365,0.9751878190371116,0.9762681245809014,0.9751519894625547,-0.08245064270355584,0.03685617826498111,-0.12612609839067856,1.0100060016978862,1.0172891132935662,1.0114620995840995,0.49009784685602537,0.5101127402706798,0.4896189783389955,706.3199465237744,677.945795817973,706.6887115440989
gen_DE_LOOCV_proxy,46.75391748434427,1.2589254117941673,181.97008586099827,0.18197008586099828,0.1922171815590011,False,0.02792002347792546,0.026752878570901452,0.02795880061915802,0.2708128265208228,0.25258603855835704,0.27276976626013655,0.9720799765220746,0.9732471214290989,0.972041199380842,-0.17734862424110087,-0.06185007850761149,-0.23637906430624805,1.0100454469024773,1.0186967810390757,1.0119561484872355,0.4796032028145996,0.4989594657878769,0.4789529974958826,720.8072924120019,693.7501039147272,721.2300450869018
gen_DE_LOOCV_proxy,48.11915652329192,1.333521432163324,194.02996611131016,0.19402996611131015,0.20441270148906773,False,0.028738187880424565,0.027568745382623563,0.028777326576369812,0.2591816749921858,0.24170866842243796,0.2612757179342762,0.9712618121195754,0.9724312546173765,0.9712226734236301,-0.0755144647541619,0.025082842310528743,-0.1331844633722582,1.0108031944459461,1.0198364365017463,1.0128515021484477,0.49090111472113224,0.5100485719482427,0.49020335604094306,704.2835098857391,678.7726126737663,704.7216443363226
gen_DE_LOOCV_proxy,52.45875822834551,1.5848931924611136,208.92961308540387,0.20892961308540386,0.21946959374655867,False,0.03136165876157734,0.03012075693420625,0.03140287628494952,0.282249512810203,0.2644487658925614,0.2846823891204142,0.9686383412384226,0.9698792430657939,0.9685971237150506,-0.28466728525885454,-0.17578845253421438,-0.36485890286099987,1.0099514468646382,1.020234665556012,1.01244493425317,0.46872840014715356,0.4875077374395169,0.4678834739366282,735.0843458727086,709.2763562273846,735.5626843826817
gen_DE_LOOCV_proxy,58.859694821968624,1.9952623149688795,257.03957827688646,0.25703957827688645,0.26802500673412216,False,0.035154476216893334,0.03391076802489388,0.03519585002391175,0.26006133291883177,0.24398884864955783,0.2631698363835765,0.9648455237831066,0.9660892319751062,0.9648041499760882,-0.08296999894350532,-0.010993722241455537,-0.17007097449211728,1.011702606528501,1.0239750145210926,1.0149645223418018,0.49003791031211763,0.5083543288217827,0.4889480872139319,704.1658055164849,681.7738974261779,704.6982600145727
gen_DE_LOOCV_proxy,66.04166380483052,2.51188643150958,295.1209226666387,0.2951209226666387,0.3064075795395428,False,0.03932336427473547,0.038065648519331946,0.0393648958425204,0.27251883277454,0.25673711525837284,0.276327568557095,0.9606766357252645,0.961934351480668,0.9606351041574795,-0.1928926294338984,-0.1350421611369283,-0.3129212374849629,1.0114079278621655,1.0260272867056923,1.0156303658510648,0.47796663633964936,0.49593996283408914,0.47661750175277384,718.1429219340226,696.6145246870008,718.7271089048056
gen_DE_LOOCV_proxy,67.321121049959,2.61015721568454,296.9043962442207,0.2969043962442207,0.308204271040975,False,0.04005314433875271,0.038782818404267345,0.04009513985693129,0.28318875215536743,0.26715334114402284,0.28708347747470214,0.9599468556612473,0.9612171815957324,0.9599048601430687,-0.2938135057852618,-0.23436251201998395,-0.42784450515153516,1.0108105805971404,1.0258422374399723,1.0152085057161786,0.46784518027610855,0.4857265553106677,0.4664621500183066,730.8841577996387,709.0528130210479,731.4784803003951
gen_DE_LOOCV_proxy,74.09996554182587,3.1622776601683795,338.84415613920237,0.3388441561392024,0.3504356903468908,False,0.043897247353289696,0.042669712445699656,0.043937571753935256,0.2858074717940916,0.27034623127709545,0.2904278466424579,0.9561027526467103,0.9573302875543002,0.9560624282460648,-0.3195894051905708,-0.2846956885954755,-0.48636519716078985,1.0109119668123956,1.0283288076192818,1.0163579835659204,0.4653903556854856,0.4830527968736017,0.4637600681207338,731.8745329190476,711.1751930968087,732.508315498166
gen_DE_LOOCV_proxy,83.1415288010682,3.9810717055349722,389.04514499428046,0.38904514499428045,0.4009454959704331,False,0.04890392291590291,0.047765229012169355,0.04894133279069916,0.2999429376906607,0.28486346439428484,0.30549155878050727,0.951096077084097,0.9522347709878309,0.9510586672093008,-0.4659823704740378,-0.46835841418179824,-0.7000404655579242,1.010187104268474,1.0309414119534812,1.017188612431912,0.45232953549542154,0.46969074958585383,0.4504012200811943,745.3070361621277,725.4155148728491,745.9873860916111
gen_DE_LOOCV_proxy,93.28632963367673,5.011872336272722,473.6510454185424,0.4736510454185424,0.485998804609132,False,0.05434606844006608,0.05344970725552746,0.0543746247620235,0.2851206400544402,0.2714187698772198,0.2920371051340224,0.9456539315599339,0.9465502927444724,0.9456253752379764,-0.3127895539363388,-0.36941430792806257,-0.5877832891364141,1.0114256097466923,1.036347729084249,1.0204728698498644,0.46603310958970484,0.48343801748659365,0.46370268602529974,725.8048543422866,707.6630606315625,726.511522869685
gen_DE_LOOCV_proxy,94.18563555294763,5.108969774503006,473.6510454185424,0.4736510454185424,0.485998804609132,False,0.05481719210820904,0.05392462140336167,0.05484593472223362,0.292237028750867,0.2783936829757717,0.29918830220502735,0.945182807891791,0.946075378596638,0.9451540652777664,-0.3846290751634498,-0.4482089597392751,-0.6788048042991548,1.0109104666899364,1.0361657675720155,1.0201317751410013,0.45941048035420906,0.4767209203536823,0.4570710449314747,732.9781856618313,714.71970761172,733.6912880135446
gen_DE_LOOCV_proxy,104.66898338308141,6.309573444801933,549.5408738576248,0.5495408738576247,0.5622331850799137,False,0.06024167768589093,0.05963736261268262,0.06026095149810993,0.2955137935683427,0.28254453704730853,0.30375141432608144,0.939758322314109,0.9403626373873172,0.9397390485018902,-0.4187600489947698,-0.5560079244798858,-0.8031199294346947,1.0107695401781283,1.0405637668272651,1.0223599385971571,0.4563881958894355,0.4735792263918007,0.4537096062601294,733.4040227388481,716.085826632367,734.1419790319524
gen_DE_LOOCV_proxy,117.4405309488429,7.943282347242816,676.0829753919819,0.6760829753919819,0.6892668983835603,False,0.06659716734258427,0.06651833347020633,0.06659758647907162,0.2769944233903233,0.26590393423907943,0.28722179947671583,0.9334028326574157,0.933481666529794,0.9334024135209283,-0.23443724830357238,-0.46294550990578215,-0.6889773656850198,1.0124710846759368,1.0484441559419126,1.027415730559412,0.47369740320769527,0.49112614193662624,0.47055230509979595,713.8082118047877,697.915465224248,714.5478344831149
gen_DE_LOOCV_proxy,131.77044300762262,10.0,810.1522070007605,0.8101522070007605,0.8237777571219034,False,0.07340711594742737,0.07399201467709543,0.07338477302740193,0.27267465334808283,0.2633365868906589,0.2849824484494443,0.9265928840525727,0.9260079853229044,0.926615226972598,-0.19432032456968673,-0.5821655531156888,-0.8031322624794038,1.0131630513360472,1.0565450383865584,1.0323341453058013,0.4778174137831837,0.49527241417565354,0.47427181326614243,708.6921978616094,693.8283034096719,709.4338730186031
acc_leading,0.0,0.0,9.999999999999999e-06,9.999999999999999e-09,0.002412214863468124,True,5.671668049584451e-05,6.0126716958698756e-05,5.6733080649769226e-05,6.994120108865785e-14,9.332336113696382e-13,1.768662135019246e-06,0.9999432833195041,0.9999398732830413,0.9999432669193502,0.9999999999999301,0.999999999999067,0.9999982312249434,1.0008337730363603,1.0006012237523856,1.0008300624087427,1.0000002644639883,1.0000009376494021,1.000004020591812,52.046522216010246,51.39194432356475,52.04699738438049
acc_leading,0.004166947281934956,1e-08,0.0004168693834703355,4.168693834703355e-07,0.0024129776818923865,False,5.67419616578216e-05,6.021463224702405e-05,5.675836978772533e-05,4.830125874631523e-14,3.793172295553679e-09,1.769504492010082e-06,0.9999432580383422,0.9999397853677529,0.9999432416302123,0.9999999999999517,0.9999999962061621,0.999998230377424,1.0008340201918087,1.0006011287175478,1.0008303084369774,0.9999997802245265,0.9999659509200867,1.000003537443689,52.05371697643791,51.43188189273994,52.05419375210069
acc_leading,0.004675391748434425,1.2589254117941661e-08,0.0005495408738576248,5.495408738576248e-07,0.002413226390216044,False,5.6749616593454905e-05,6.0241658913669234e-05,5.67660270967582e-05,1.4327475247947098e-13,4.736756598969023e-09,1.7697386623826395e-06,0.9999432503834066,0.9999397583410864,0.9999432339729033,0.9999999999998567,0.9999999952623106,0.999998230149602,1.0008341013623159,1.0006011385514597,1.0008303892799901,1.0000003785165155,0.9999615601166524,1.000004136142106,52.05557860589168,51.44142747392428,52.05605581909689
acc_leading,0.005245875822834551,1.584893192461114e-08,0.0006760829753919819,6.760829753919819e-07,0.002413463594259344,False,5.675760822395495e-05,6.026933373376971e-05,5.677402125788868e-05,3.823676875730336e-15,6.297668773246279e-09,1.7700094305058389e-06,0.999943242391776,0.9999397306662665,0.9999432259787422,0.9999999999999962,0.9999999937008667,0.9999982298754635,1.0008341780852201,1.0006011655175246,1.0008304656435878,1.0000000618358866,0.999952703712576,1.0000038197899936,52.057921839566376,51.45331502137524,52.05839957145064
acc_leading,0.005885969482196862,1.9952623149688786e-08,0.0008317637711026709,8.317637711026709e-07,0.00241375540021426,False,5.676752083501774e-05,6.0303315105729285e-05,5.678393701360286e-05,1.8636728112590934e-13,8.438692696417828e-09,1.7703484867419322e-06,0.999943232479165,0.9999396966848942,0.9999432160629864,0.9999999999998136,0.9999999915590035,0.999998229531155,1.0008342723867656,1.000601215354752,1.00083055949762,0.9999995682972306,0.9999418373942399,1.0000033266486532,52.0608708470658,51.467921254504624,52.0613492288691
acc_leading,0.006604166380483055,2.511886431509582e-08,0.0010964781961431851,1.096478196143185e-06,0.002414251529788925,False,5.6782790083361656e-05,6.035546334784261e-05,5.679921099631489e-05,5.866804387391101e-13,1.03832284820344e-08,1.770815690147874e-06,0.9999432172099166,0.9999396445366523,0.9999432007890037,0.9999999999994134,0.9999999896136356,0.9999982290766668,1.0008344343054225,1.0006013293467442,1.00083072076321,1.0000007659506764,0.9999354011238267,1.0000045251136986,52.0645809956607,51.485404591860885,52.0650602494993
acc_leading,0.007409996554182586,3.162277660168379e-08,0.0013489628825916532,1.348962882591653e-06,0.002414724682569953,False,5.679872941845583e-05,6.040868623577216e-05,5.681515537893048e-05,1.9714758796287728e-14,1.4001239978602885e-08,1.7713553153526297e-06,0.9999432012705816,0.9999395913137645,0.9999431848446211,0.9999999999999802,0.9999999859938317,0.9999982285303805,1.000834587342818,1.0006014715019884,1.0008308730842337,1.0000001404092547,0.9999207730619156,1.0000039002287107,52.06925013253141,51.50713463324997,52.06973041997476
acc_leading,0.008314152880106817,3.981071705534969e-08,0.0016595869074375613,1.6595869074375613e-06,0.002415306713058113,False,5.6818498279979964e-05,6.047371285766335e-05,5.6834930512121455e-05,6.960893060356545e-13,1.9016717568337118e-08,1.7720316060461042e-06,0.99994318150172,0.9999395262871427,0.9999431650694879,0.9999999999993039,0.9999999809755116,0.9999982278437072,1.0008347754314142,1.0006016766683552,1.0008310602807482,0.9999991656803334,0.9999030409432599,1.000002926294032,52.0751244605493,51.533600686589764,52.07560604275649
acc_leading,0.009328632963367675,5.011872336272725e-08,0.002187761623949552,2.187761623949552e-06,0.0024162961894797228,False,5.684894714164083e-05,6.057273580881628e-05,5.6865388815382524e-05,2.467384410132388e-12,2.277822205330819e-08,1.7729638242594956e-06,0.9999431510528584,0.9999394272641912,0.9999431346111847,0.9999999999975326,0.9999999772116333,0.9999982269370525,1.0008350983513414,1.0006020770298345,1.000831381899152,1.0000015707910141,0.9998951553505363,1.0000053330267644,52.08251015444,51.564639510919605,52.082993472707116
acc_leading,0.010466898338308139,6.30957344480193e-08,0.0026915348039269166,2.6915348039269168e-06,0.0024172397310776536,False,5.68807262359782e-05,6.067330619197494e-05,5.68971779739115e-05,1.2090558542637868e-13,3.089258423842314e-08,1.7740379557255549e-06,0.999943119273764,0.9999393266938081,0.9999431028220261,0.9999999999998791,0.999999969091524,0.9999982258498823,1.00083540352266,1.000602510835817,1.0008316856432258,1.0000003477148047,0.9998726659027622,1.0000041112641158,52.091801604525486,51.60306442436533,52.09228697995526
acc_leading,0.011744053094884296,7.943282347242822e-08,0.003311311214825911,3.311311214825911e-06,0.002418400244875134,False,5.6920133042027296e-05,6.0795390049718764e-05,5.693659728274236e-05,2.425797864469196e-12,4.197228358045441e-08,1.7753861964754138e-06,0.999943079866958,0.9999392046099502,0.9999430634027173,0.9999999999975742,0.9999999580028441,0.9999982244813104,1.0008357785398512,1.0006030900485374,1.000832058883738,0.999998442502692,0.9998460899129655,1.0000022076425317,52.10348393456681,51.64923715677838,52.10397188547816
acc_leading,0.01317704430076226,1e-07,0.004365158322401661,4.365158322401661e-06,0.002420372795529097,False,5.698081804113679e-05,6.097955263580038e-05,5.699730110172798e-05,1.0906126419737351e-11,4.7504123606411066e-08,1.7772474109314558e-06,0.9999430191819588,0.9999390204473643,0.9999430026988982,0.999999999989094,0.9999999524658449,0.9999982226718691,1.0008364222535941,1.0006041517531226,1.0008327000066204,1.000003302442493,0.99984119784619,1.0000070708294617,52.11815298427476,51.7017838944263,52.11864438369966
acc_leading,0.014784886878609762,1.2589254117941662e-07,0.005370317963702527,5.370317963702527e-06,0.0024222533388314413,False,5.704413052521941e-05,6.116522073818296e-05,5.7060633639138994e-05,9.232802510292185e-13,6.334317727009294e-08,1.7793799560464631e-06,0.9999429558694748,0.9999388347792617,0.9999429393663608,0.9999999999990767,0.9999999366109986,0.9999982205143081,1.0008370304431056,1.0006052338362996,1.0008333053567293,1.0000009608747322,0.9998110458688733,1.0000047318975231,52.13659427120895,51.76654490702812,52.13708975481795
acc_leading,0.016588915922567116,1.584893192461114e-07,0.006606934480075957,6.606934480075958e-06,0.0024245657424006007,False,5.7122610330797396e-05,6.138875828527252e-05,5.713913834836237e-05,7.206637591565563e-12,8.395804798991793e-08,1.7820634728512e-06,0.9999428773896692,0.9999386112417151,0.9999428608616516,0.9999999999927933,0.9999999159726909,0.9999982177917527,1.0008377776358377,1.000606623706578,1.0008340490174041,0.9999973154818698,0.9997769027115398,1.0000010897013425,52.159751769281776,51.843084454062456,52.16025236034662
acc_leading,0.01861306980198398,1.9952623149688787e-07,0.008709635899560805,8.709635899560804e-06,0.0024284947233157088,False,5.724342324906079e-05,6.172250044399878e-05,5.7259988744321154e-05,5.258682029451236e-11,8.599876697974796e-08,1.7857907759710708e-06,0.9999427565767509,0.9999382774995559,0.9999427400112557,0.999999999947414,0.9999999139284127,0.9999982141707866,1.000839059655953,1.0006090791988398,1.0008353258917275,1.0000072516770677,0.9997879705438527,1.0000110324175606,52.18875565771346,51.927333444307635,52.189263068756745
acc_leading,0.02088420780903663,2.5118864315095823e-07,0.010715193052376065,1.0715193052376065e-05,0.0024322387369167158,False,5.736937449540298e-05,6.205624682686876e-05,5.738597989524925e-05,8.79621666155426e-12,1.0991634688036809e-07,1.7900009552263803e-06,0.9999426306255046,0.9999379437531727,0.9999426140201048,0.9999999999912038,0.9999998899786601,0.9999982099146495,1.000840270361363,1.000611488725537,1.0008365309645257,1.0000029658416447,0.9997558478836253,1.0000067519001008,52.22516819662811,52.031290784048196,52.2256836763209
acc_leading,0.023432466565216265,3.162277660168379e-07,0.013182567385564075,1.3182567385564074e-05,0.0024368402850264413,False,5.7525386145836805e-05,6.245499040939878e-05,5.7542041068706784e-05,1.3691826163741542e-11,1.3906379990140748e-07,1.7953152633162594e-06,0.9999424746138542,0.9999375450095904,0.9999424579589313,0.9999999999863081,0.9999998607869947,0.9999982045284839,1.0008417570109833,1.0006144962916415,1.0008380106172279,0.9999962997532293,0.9997213869903112,1.0000000922806767,52.270780281410744,52.15275927393381,52.27130582874003
acc_leading,0.02629165991598638,3.981071705534969e-07,0.0162181009735893,1.62181009735893e-05,0.0024424945149065596,False,5.771858785996656e-05,6.293056130744317e-05,5.773530422988705e-05,1.842333022703586e-10,1.7423478128394966e-07,1.8021095458381722e-06,0.99994228141214,0.9999370694386925,0.9999422646957701,0.9999999998157617,0.9999998255560594,0.9999981976271134,1.0008435820387387,1.0006182204229375,1.0008398269580043,0.9999864267431222,0.9996846664486236,0.999990227147035,52.32784973290903,52.29447815161477,52.32838783041475
acc_leading,0.029499727619967945,5.011872336272725e-07,0.021379620895022326,2.1379620895022326e-05,0.0024520914287572484,False,5.801524612427087e-05,6.363311671172058e-05,5.8032054752103644e-05,9.958561636758188e-11,1.5111555177838307e-07,1.81109664126538e-06,0.9999419847538757,0.999936366883288,0.9999419679452479,0.9999999999004163,0.999999848713453,0.9999981888950678,1.0008467104583922,1.0006245364935615,1.0008429427781882,1.0000099792593096,0.9997494114671618,1.0000137958019937,52.39879726086633,52.44741900569913,52.39935196373813
acc_leading,0.03309923878648536,6.30957344480193e-07,0.026302679918953815,2.6302679918953814e-05,0.0024612248288547953,False,5.832430943504517e-05,6.433157580336494e-05,5.834121624020043e-05,1.0137472123224369e-12,1.8209068670538197e-07,1.8214668693929397e-06,0.9999416756905649,0.9999356684241968,0.9999416587837597,0.9999999999989863,0.9999998176820393,0.9999981784051374,1.0008496603480241,1.0006304927994432,1.0008458789017605,0.9999989931498561,0.9997262611329789,1.0000028229511138,52.487529100097525,52.638112080927584,52.48810341253645
acc_leading,0.03713795674178392,7.943282347242821e-07,0.03235936569296283,3.235936569296283e-05,0.0024724347458183337,False,5.8706403700908995e-05,6.516163455094686e-05,5.872343213552505e-05,2.927788865158909e-10,2.1837932160215755e-07,1.8347832807296296e-06,0.9999412935962991,0.9999348383654492,0.9999412765678645,0.9999999997072111,0.9999997813209007,0.9999981649110341,1.0008532772971297,1.0006376946759346,1.0008494788155486,0.9999828892172442,0.9997026615542366,0.999986735272067,52.59790463025657,52.86093214788405,52.59850325626924
acc_leading,0.04166947281934956,1e-06,0.041991615598057586,4.199161559805759e-05,0.0024902029491523205,False,5.926559944844303e-05,6.633086215191157e-05,5.928280288947542e-05,3.138856235620549e-10,1.9017642051106324e-07,1.8521996175112937e-06,0.9999407344005515,0.9999336691378476,0.9999407171971105,0.9999999996861255,0.9999998096146746,0.9999981478796441,1.0008590549911416,1.0006488439737808,1.0008552327375793,1.0000177168175348,0.9998114070254706,1.0000215929522138,52.733812053154466,53.10806043129612,52.73444203418404
acc_leading,0.04675391748434425,1.2589254117941661e-06,0.05248074602497726,5.248074602497726e-05,0.0025094704505514175,False,5.9900585384523515e-05,6.760061595733035e-05,5.991798985964965e-05,4.739711702579878e-10,2.0750603645831606e-07,1.87315095476543e-06,0.9999400994146155,0.9999323993840425,0.9999400820101404,0.9999999995260495,0.9999997922972951,0.999998126975665,1.0008652889233507,1.000660579230156,1.000861439100755,1.00002177087895,0.9998551048590669,1.0000256778742673,52.90212101633543,53.40636039861128,52.90278870104231
acc_leading,0.05245875822834551,1.584893192461114e-06,0.06456542290346556,6.456542290346556e-05,0.0025315663079706267,False,6.065044970985165e-05,6.904070511674619e-05,6.066809337396741e-05,6.450282308771835e-12,2.447768480189909e-07,1.8979639280891196e-06,0.9999393495502902,0.9999309592948833,0.9999393319066261,0.9999999999935497,0.9999997549930795,0.9999981019464719,1.0008724129066915,1.0006736265786902,1.0008685301929603,1.0000025397405987,0.9998630812350686,1.000006481167448,53.10960529578908,53.758601747982645,53.11031876328439
acc_leading,0.058297689037868805,1.957341781489163e-06,0.07943282347242814,7.943282347242814e-05,0.0025586038984852133,False,6.154275067381377e-05,7.069603394531706e-05,6.156067769181484e-05,2.226605713650861e-10,2.705866212791934e-07,1.92727138986062e-06,0.9999384572493262,0.9999293039660552,0.9999384393223083,0.9999999997773461,0.9999997292742074,0.9999980727821491,1.0008811506870423,1.0006890774160533,1.0008772296723243,1.0000149218152838,0.9999446040752856,1.00001890858622,53.33941512801411,54.125958002364705,53.34017998819336
acc_leading,0.058859694821968615,1.9952623149688787e-06,0.07960052114773702,7.960052114773702e-05,0.0025589079692134855,False,6.158019515009455e-05,7.07606311700386e-05,6.159813593022963e-05,3.499149250320009e-10,2.8632498895886875e-07,1.9296269787741826e-06,0.9999384198048499,0.99992923936883,0.9999384018640698,0.999999999650072,0.9999997134320742,0.9999980700373317,1.0008812214403418,1.0006892451220972,1.000877298169856,0.9999812939869285,0.9998856323361309,0.9999852790852565,53.36355801610737,54.16741229175405,53.36432747061116
acc_leading,0.06604166380483055,2.5118864315095823e-06,0.1,0.0001,0.0025957504318907827,False,6.279746109835756e-05,7.293387292466564e-05,6.281578930914935e-05,1.8675316153100382e-11,3.2723705766387634e-07,1.9688686478255266e-06,0.9999372025389016,0.9999270661270749,0.9999371842106908,0.9999999999813248,0.9999996727155249,0.9999980310627488,1.0008931179213074,1.0007095246942723,1.0008891428177327,1.0000043214946666,1.0000093709546798,1.0000083703280458,53.67078530198373,54.633234497043944,53.67162335440142
acc_leading,0.07409996554182587,3.162277660168379e-06,0.12022644346174127,0.00012022644346174127,0.002632002830535582,False,6.410106164929769e-05,7.516573747304135e-05,6.41198127849577e-05,8.615593337017894e-09,4.004881151156018e-07,2.0235833509119923e-06,0.9999358989383507,0.9999248342625268,0.9999358801872151,0.999999991382807,0.99999959927997,0.999997975171804,1.0009047082504194,1.0007287458579024,1.000900675645107,0.999907179779482,0.9999391397821509,0.9999112853872791,54.04737093748211,55.1874408817218,54.04829019426132
acc_leading,0.081561400161846,3.8311868495543465e-06,0.14791083881682077,0.00014791083881682076,0.0026811957887949156,False,6.569178775081634e-05,7.782646063496077e-05,6.571104565468946e-05,1.748940172458569e-11,4.965089061397964e-07,2.064882563478062e-06,0.9999343082122492,0.9999221735393656,0.9999342889543452,0.9999999999825108,0.9999995039696892,0.9999979350484992,1.0009205995829609,1.00075393883619,1.0009165014795043,1.0000041820332046,1.0002044245917912,1.000008381981754,54.40900961777391,55.68339212856861,54.41001011025637
acc_leading,0.08314152880106818,3.981071705534969e-06,0.14860006378264154,0.00014860006378264153,0.002682414409876095,False,6.583346388453864e-05,7.80432831516258e-05,6.585277373995455e-05,1.3274074240718168e-08,4.7507134906056063e-07,2.0864978740737194e-06,0.9999341665361154,0.9999219567168484,0.9999341472262601,0.9999999867228665,0.9999995249096747,0.9999979119438636,1.0009208904703553,1.0007545282592547,1.0009167840548585,0.9998847868313051,1.0000301529726665,0.9998889814907663,54.49558526584971,55.808203884975974,54.496602693318984
acc_leading,0.09328632963367675,5.011872336272725e-06,0.19498445997580455,0.00019498445997580456,0.002763781927044194,False,6.838846552650169e-05,8.21718013452642e-05,6.840858849664218e-05,2.6988289236197833e-08,9.263900257166654e-07,2.1767033916559126e-06,0.9999316115344735,0.9999178281986548,0.9999315914115035,0.9999999730205759,0.9999990759866774,0.9999978253018934,1.000947213774538,1.0007943523043137,1.0009430058387918,1.0001642811286673,1.0006140111707473,1.0001686458541847,55.009648104755996,56.475758966519244,55.01078167663438
acc_leading,0.10466898338308138,6.30957344480193e-06,0.22387211385683395,0.00022387211385683394,0.0028138456261478104,False,7.043535234617555e-05,8.529322096051182e-05,7.04561610757722e-05,3.8979551083680597e-08,7.274294228769753e-07,2.2684741727183507e-06,0.9999295646476538,0.9999147067790396,0.9999295438389243,0.9999999610050527,0.9999992734197043,0.999997728744646,1.0009629107989002,1.0008178336677447,1.0009586107851742,0.9998025676037635,1.0002389046946092,0.9998070084806918,55.660865173061595,57.31374451422783,55.66213505995586
acc_leading,0.11410850251795197,7.498942093324558e-06,0.27045526935106573,0.0002704552693510657,0.0028936620072446554,False,7.303325079047562e-05,8.924778553516608e-05,7.30549014493766e-05,6.971350614644436e-10,1.2555967227492032e-06,2.3102294665531225e-06,0.9999269667492096,0.9999107522144647,0.9999269450985506,0.9999999993029017,0.9999987481895958,0.9999976900151928,1.0009885682696134,1.0008543123196518,1.0009841662237764,1.0000264033153499,1.0007138899517707,1.000031020733649,56.18198594984009,57.94188236650852,56.183369652352134
acc_leading,0.11744053094884295,7.943282347242822e-06,0.2754228703338166,0.0002754228703338166,0.002902110168819104,False,7.353010257037037e-05,8.995234782771942e-05,7.355192793069001e-05,3.9456335637543876e-08,9.904167112486391e-07,2.3729538227500006e-06,0.9999264698974296,0.9999100476521723,0.9999264480720693,0.9999999605279848,0.9999990117424749,0.9999976241247779,1.0009910588877386,1.0008580381612484,1.0009866320176113,0.9998013638108563,1.0004487018298283,0.9998059857201088,56.39478980220284,58.20226007875718,56.39621721155673
acc_leading,0.1317704430076226,9.999999999999999e-06,0.33884415613920255,0.00033884415613920257,0.0030089634015952873,False,7.72876427852551e-05,9.544635176731686e-05,7.73107130827198e-05,2.3982117904148108e-08,1.4812429553314459e-06,2.4828524534801387e-06,0.9999227123572147,0.9999045536482326,0.9999226892869173,0.9999999760104525,0.9999985235892107,0.9999975147330236,1.0010250532943605,1.000904898206146,1.0010204756419845,0.9998451383911224,1.0007471564125063,0.9998499949917903,57.24016173321708,59.18634920692048,57.24176830492306
acc_leading,0.14784886878609763,1.2589254117941661e-05,0.4168693834703354,0.0004168693834703354,0.0031380635756744924,False,8.184066208843577e-05,0.00010192505816597297,8.186525738225982e-05,1.537150448004837e-09,2.420209964141001e-06,2.610958055626706e-06,0.9999181593379116,0.9998980749418338,0.9999181347426178,0.999999998462729,0.9999975902720325,0.9999973883100419,1.0010660107695022,1.0009594555788486,1.0010612549701738,0.9999607934897242,1.001160520483095,0.9999659553118747,58.201961446187944,60.26806591066241,58.20376790163532
acc_leading,0.15964353629353814,1.4677992676231963e-05,0.4761009495639197,0.0004761009495639197,0.003234505000575921,False,8.530369553360234e-05,0.00010674184686426497,8.5329465919166e-05,1.0797589395013472e-09,3.2549757620397493e-06,2.7260382553570297e-06,0.9999146963044664,0.9998932581531355,0.9999146705340809,0.999999998920312,0.9999967611178839,0.9999972743840244,1.0010964740093753,1.0009990153779733,1.0010915846296173,1.000032859685627,1.0014379879030961,1.0000382613270258,58.91623978396781,61.05186736330762,58.91819164210537
acc_leading,0.16588915922567116,1.584893192461114e-05,0.5128613839913648,0.0005128613839913648,0.0032937367249389346,False,8.734831785198093e-05,0.00010956901812354744,8.737478375181549e-05,3.3535288861659646e-08,4.197895774418138e-06,2.8231585078566077e-06,0.999912651682148,0.9998904309818765,0.9999126252162482,0.9999999664769902,0.9999958249911739,0.9999971798034629,1.0011152365609226,1.0010229157883486,1.0011102715451106,1.000183126428627,1.001719063649576,1.0001886858176943,59.2824967851514,61.448865652920446,59.28452117550907
acc_leading,0.18613069801983978,1.9952623149688786e-05,0.5888436553555889,0.0005888436553555889,0.0034147727314253174,False,9.250062429291508e-05,0.00011640064900957333,9.252889910831252e-05,2.0387937087054292e-07,3.101460963860486e-06,3.1929753912875456e-06,0.9999074993757071,0.9998835993509906,0.9999074711008917,0.999999795936389,0.9999969139958725,0.9999967986157386,1.0011525295388246,1.0010705631605996,1.0011473542154514,0.9995484699668122,1.0012707736520838,0.9995543193628712,60.61390865290451,62.858254894893804,60.61620510719571
acc_leading,0.20884207809036628,2.5118864315095822e-05,0.72443596007499,0.00072443596007499,0.003626573945788737,False,0.0001002002775471246,0.00012663591992465522,0.00010023126014873645,4.211060932540808e-09,5.989512568231456e-06,3.245974377977907e-06,0.9998997997224529,0.9998733640800761,0.9998997687398512,0.9999999957883925,0.9999940495331658,0.9999967526665857,1.0012188897234906,1.001152019147738,1.0012134361285767,0.9999351073121797,1.0020680180923995,0.9999415749576797,61.95960194416931,64.25435508832385,61.962152346244146
acc_leading,0.22334933960129155,2.8729848333514593e-05,0.8078003271511898,0.0008078003271511897,0.0037544296007351752,False,0.00010506280491109817,0.00013296401775168384,0.00010509553541379762,1.7484658289899332e-09,7.606433874034137e-06,3.4090009540263704e-06,0.9998949371950889,0.9998670359822485,0.9998949044645862,0.9999999982516804,0.9999924480887882,0.9999965917672189,1.0012586007330724,1.0011999005122107,1.0012529722410086,1.0000418146604553,1.0023945883322558,1.000048672475668,62.83057805118683,65.14424733171403,62.83328929236945
acc_leading,0.23432466565216264,3.1622776601683795e-05,0.8912509381337456,0.0008912509381337456,0.003880812312933678,False,0.00010948743861198887,0.0001387515418081104,0.00010952177334090345,3.1210704445216146e-07,1.165993740733728e-05,3.854721161722765e-06,0.9998905125613881,0.9998612484581918,0.9998904782266591,0.9999996882413904,0.9999884372462742,0.9999961573922007,1.0012981416213858,1.0012465935866333,1.0012923664872007,1.0005586654136889,1.0031115944569946,1.0005659383649217,63.418386488510635,65.75169985530387,63.421190730057305
acc_leading,0.2629165991598638,3.9810717055349695e-05,1.023292992280754,0.0010232929922807542,0.004077830886779239,False,0.00011813385325364945,0.0001495493344496897,0.00011817141672548308,1.4293826874538927e-08,9.912506461683961e-06,3.887563401526461e-06,0.9998818661467463,0.9998504506655503,0.9998818285832745,0.9999999857027546,0.9999901683882341,0.9999961095969025,1.0013578393292417,1.0013174427564848,1.0013517431224772,0.9998804432064894,1.0027482292383219,0.9998883502055904,65.2380524596304,67.55050689719488,65.24120218201512
acc_leading,0.29499727619967947,5.011872336272725e-05,1.1748975549395295,0.0011748975549395295,0.004300078253284842,False,0.00012816655364320643,0.00016186570893560805,0.00012820794729183322,8.232810005349799e-07,8.213776038308747e-06,5.085024939569083e-06,0.9998718334463568,0.9998381342910637,0.9998717920527083,0.9999991752229583,0.9999918516335928,0.9999948901448373,1.001424633627337,1.0013955442317457,1.0014181734133087,0.9990926516652713,1.0023228959172248,0.9991013301998604,67.26486535685382,69.5171365176056,67.26839381610876
acc_leading,0.312476963731664,5.623413251903491e-05,1.3225256712923534,0.0013225256712923535,0.004512927262249829,False,0.000135953455014861,0.0001716660541098616,0.00013599789670392032,2.876782999018463e-09,1.54403073223497e-05,4.50568172924703e-06,0.9998640465449852,0.9998283339458902,0.9998640021032961,0.9999999971235256,0.9999847118258646,0.9999954957677739,1.001490173826343,1.0014695633955424,1.0014834763053484,1.0000536356504484,1.003524046622204,1.0000631302113807,68.0969889153529,70.35994132441559,68.10060971071147
acc_leading,0.3309923878648536,6.309573444801929e-05,1.4454397707459274,0.0014454397707459273,0.004687758524505277,False,0.00014310907091652362,0.00018044503615832847,0.00014315637387619977,8.36744453852551e-08,1.9008662360387348e-05,4.835285092111961e-06,0.9998568909290835,0.9998195549638413,0.9998568436261237,0.9999999163739418,0.9999811947589831,0.999995173025531,1.00154305946143,1.0015291323214535,1.0015361325893282,1.0002892653546231,1.0039656232191858,1.0002994479936824,69.10351666446968,71.34603603678343,69.10728344024777
acc_leading,0.37137956741783923,7.943282347242822e-05,1.6595869074375607,0.0016595869074375606,0.004987789911427231,False,0.000157054079029689,0.00019707284720949962,0.00015710709214559392,1.7511984221742455e-07,1.741999848812488e-05,5.46385290797894e-06,0.9998429459209703,0.9998029271527911,0.9998428929078544,0.9999998247334998,0.9999827673357224,0.9999945227819645,1.0016317640877144,1.0016289690298263,1.0016243706270627,0.9995815267724006,1.0036725911364068,0.9995929539613957,71.47499554649696,73.60066822443633,71.47915726619678
acc_leading,0.4166947281934956,0.0001,1.9054607179632472,0.0019054607179632473,0.0053260352855020055,False,0.0001732152565793261,0.00021608049211297554,0.00017327511798522852,1.4068622219148065e-06,1.5962477284466283e-05,7.323626617016033e-06,0.9998267847434207,0.9997839195078874,0.9998267248820147,0.9999985897944379,0.9999842107222265,0.9999926308374264,1.0017307633059531,1.001738969258196,1.0017228463589964,0.9988138877701015,1.0033537260654248,0.9988268285294557,74.06110477233474,76.0354440977404,74.06567755694655
acc_leading,0.43717099426962,0.00011006941712530544,2.097729918460222,0.002097729918460222,0.0055865122034449,False,0.000183421815877884,0.00022842186212575918,0.00018348623229240936,4.710475856443506e-09,2.761834627112214e-05,6.248904850808043e-06,0.9998165781841221,0.9997715781378743,0.9998165137677075,0.9999999952901707,0.9999727411169995,0.9999937538949399,1.0018088585924276,1.0018230518513354,1.001800667135251,1.0000686329065132,1.0047524617838284,1.0000827676048198,74.8660737788161,76.86051417222738,74.87066169558501
acc_leading,0.46753917484344276,0.00012589254117941674,2.344228815319922,0.002344228815319922,0.005915952262017347,False,0.0001973759319062757,0.00024498607238407523,0.00019744673542867864,1.108562099857926e-06,4.0845205151780756e-05,7.835383331154347e-06,0.9998026240680937,0.999755013927616,0.9998025532645713,0.9999988937685904,0.9999597706578462,0.9999922095150044,1.0019061033675654,1.00192729600732,1.0018975280922167,1.0010528827569383,1.0059402109204068,1.0010685903979046,76.21199642788481,78.19031711121619,76.21667207426091
acc_leading,0.5245875822834551,0.00015848931924611142,2.6915348039269156,0.0026915348039269157,0.006372672994074958,False,0.0002199017959828905,0.00027088144358865864,0.0002199832024754181,3.484973112451608e-07,4.169266852658925e-05,7.950157651252814e-06,0.9997800982040171,0.9997291185564111,0.9997800167975246,0.9999996519137861,0.9999589582386057,0.9999920775649245,1.0020368655254561,1.0020677894546557,1.0020276321467603,1.0005903366084237,1.0059176736959585,1.0006084239097883,79.11669430050382,80.91823345354999,79.12172782671622
acc_leading,0.5885969482196861,0.00019952623149688788,3.0902954325135905,0.0030902954325135903,0.006887944916299739,False,0.0002460338587850695,0.0003005829597674047,0.00024612818441518725,2.4116687061298235e-08,4.318340954036677e-05,8.650372492641858e-06,0.9997539661412149,0.9996994170402328,0.9997538718155848,0.9999999758908016,0.999957519189357,0.9999913583543565,1.0021825167029503,1.002222540667092,1.0021725511695796,1.000155295483068,1.0059310269018338,1.0001762534411287,82.23113069809293,83.83465363855936,82.23650536846844
acc_leading,0.6116242168641555,0.000215443469003023,3.2396622471515557,0.0032396622471515557,0.007078769391970734,False,0.00025577875472544486,0.00031159991411537305,0.0002558780751685052,7.55122854174534e-09,4.459601764358582e-05,9.015601066401605e-06,0.9997442212452745,0.9996884000858843,0.9997441219248315,0.9999999924500836,0.9999561445719476,0.9999909898709887,1.0022360883932973,1.0022789791346844,1.002225859795542,1.0000868978051607,1.0060077476522604,1.0001089594326387,83.30109979850793,84.83924496022007,83.30657485259661
acc_leading,0.6604166380483051,0.00025118864315095795,3.548133892335755,0.003548133892335755,0.00746951977347644,False,0.0002763655681014223,0.0003346868973736262,0.0002764757091704811,5.1530158172730535e-08,4.555879386289099e-05,9.878586286324386e-06,0.9997236344318986,0.9996653131026269,0.9997235242908296,0.9999999484464389,0.9999552188530028,0.9999901089671479,1.002344656238922,1.0023929788227464,1.0023338781925708,0.9997729974489731,1.0059972009077374,0.999797409722852,85.55585090182933,86.94437700068734,85.5615388592106
acc_leading,0.7409996554182586,0.00031622776601683794,4.073802778041127,0.004073802778041127,0.008126256682265728,False,0.0003115938608927921,0.00037388881492998407,0.00031172345206037836,2.7909966590850187e-07,4.911450352832057e-05,1.151514306032723e-05,0.9996884061391073,0.9996261111850697,0.9996882765479396,0.9999997206052041,0.9999517708528154,0.99998845020475,1.0025250404922978,1.002580673914088,1.0025133630004153,0.9994717011585206,1.0061353874773658,0.999500257960755,89.09089117587264,90.2520832383002,89.09685298399401
acc_leading,0.8314152880106822,0.00039810717055349735,4.677351412871983,0.004677351412871983,0.008868288493300893,False,0.00035253804951499145,0.0004190005761040793,0.0003526916640182732,5.146872306330731e-07,5.422759570011481e-05,1.3406877743339124e-05,0.999647461950485,0.999580999423896,0.9996473083359818,0.9999994845734831,0.9999468115693412,0.9999865385387505,1.0027255918875935,1.0027873482465304,1.0027129212580712,0.9992825829451197,1.0063670951631285,0.9993160961721641,92.83602653755713,93.76242058374332,92.84221150505122
acc_leading,0.8556930527381014,0.00042169650342858224,4.894766810459195,0.004894766810459195,0.009132877498853683,False,0.00036575784019372116,0.00043375527757317454,0.0003659197286664505,1.1656695882128568e-08,6.629509522831529e-05,1.3417149043974333e-05,0.9996342421598062,0.9995662447224266,0.9996340802713335,0.9999999883458208,0.9999350666684579,0.9999865935631926,1.0027979715653843,1.0028604881661018,1.0027850199478983,1.000107966179344,1.0072129440590656,1.0001431734073865,93.60021343235444,94.53122406054804,93.60633837854631
acc_leading,0.9328632963367676,0.0005011872336272725,5.370317963702527,0.005370317963702527,0.009707212962580201,False,0.00040016208233199996,0.0004709702274348757,0.00040034548342273324,5.781761313604205e-07,6.139728681543376e-05,1.542149389044994e-05,0.999599837917668,0.9995290297725649,0.9995996545165773,0.9999994209435988,0.9999398617469707,0.9999845121628732,1.0029484061692833,1.0030148877586123,1.002934641893861,0.9992396210606806,1.0067162038307524,0.9992790406027936,96.7910464036637,97.48010599006075,96.7973939779032
acc_leading,1.046689833830814,0.000630957344480193,6.165950018614822,0.006165950018614822,0.01065631242925075,False,0.0004556006888009282,0.0005309051552678497,0.0004558211426069906,3.8506105903270385e-07,7.130328828160832e-05,1.7533493353058916e-05,0.9995443993111991,0.9994690948447322,0.999544178857393,0.9999996144606097,0.9999302718693466,0.9999824053933086,1.0031957570431642,1.0032653527313165,1.0031807919324742,0.9993794671168804,1.0072090200283512,0.9994258982373545,100.95605764596365,101.41003794064665,100.96250019944443
acc_leading,1.1744053094884288,0.0007943282347242813,7.079457843841379,0.007079457843841379,0.011730806252907901,False,0.0005201899411159752,0.0006000989767105397,0.0005204566017092268,6.692524017512234e-08,8.488600746372971e-05,1.9947565689034146e-05,0.999479810058884,0.9993999010232889,0.9994795433982908,0.9999999330401194,0.9999171477354298,0.9999800261079586,1.0034700972192756,1.0035409873356058,1.0034538178134993,0.9997413008693963,1.0078743319163568,0.9997960224830142,105.33181537971744,105.55742391974746,105.33828273170451
acc_leading,1.1971576342388,0.000825404185268652,7.2656879246456185,0.007265687924645619,0.011948131326027093,False,0.0005328034186803432,0.0006136455706665755,0.000533079566741949,1.697217626443211e-08,9.200027895253277e-05,2.0435103221096025e-05,0.9994671965813197,0.9993863544293338,0.999466920433258,0.999999983032245,0.9999102702290092,0.9999795856953849,1.0035255608861693,1.0035960939094795,1.0035090451670814,1.0001302773052547,1.0082757493364287,1.000186640980544,106.00628104047667,106.21788109036598,106.01270869991839
acc_leading,1.3177044300762262,0.001,8.128305161640993,0.008128305161640993,0.012948140897767808,False,0.0005955027557660983,0.0006800626310258452,0.0005958271330899022,1.344395400305998e-07,0.00010345340070345777,2.326516559763714e-05,0.9994044972442339,0.9993199373689747,0.9994041728669101,0.999999865658993,0.9998992526172849,0.999976791872654,1.0037740547063814,1.0038442273406674,1.0037563420736424,1.0003666599787686,1.008743458189145,1.0004311435892008,109.9200821337551,109.92792619841921,109.92650814650105
acc_leading,1.4784886878609769,0.0012589254117941675,9.33254300796991,0.00933254300796991,0.014328323275062295,False,0.000683389801814041,0.0007725601180068888,0.0006837863219179472,1.688001945158496e-06,0.00012881965182498192,2.869949070614012e-05,0.999316610198186,0.9992274398819931,0.999316213678082,0.9999983163757314,0.9998748826011139,0.9999715220680412,1.0041104230603073,1.00417770518006,1.0040911541317596,1.0012992312900937,1.00985027992992,1.0013751602655274,114.7240156935918,114.52783109917632,114.73034724566303
acc_leading,1.6588915922567116,0.001584893192461114,10.634641572190626,0.010634641572190625,0.01580354980544972,False,0.0007825141416570739,0.0008756501842094381,0.0007829972805737215,2.496521905589708e-06,0.00014429232278095688,3.396287648297054e-05,0.9992174858583429,0.9991243498157902,0.9992170027194263,0.9999975113486377,0.9998601076910337,0.9999663514179941,1.004458326202419,1.0045221960301218,1.0044373949487202,1.0015800385772473,1.0103395204872918,1.0016688817825306,119.99414976249231,119.53676544561587,120.00046215461558
acc_leading,1.674883764252367,0.001615598098438634,10.634641572190626,0.010634641572190625,0.01580354980544972,False,0.0007864137135267842,0.0008791626262451655,0.0007868998228136832,2.2607984908238133e-08,0.00012056744112245009,3.1609643839281316e-05,0.9992135862864732,0.999120837373755,0.9992131001771862,0.9999999773988122,0.9998829016645203,0.9999684298912643,1.0044543712395801,1.0045204274599673,1.0044333233647218,1.0001503595188481,1.0090887388799379,1.0002397196858577,120.8092360844278,120.22340321649821,120.8156991265775
acc_leading,1.861306980198398,0.001995262314968879,12.302687708123818,0.012302687708123818,0.017672416422517576,False,0.0009059638364075818,0.001003727742322636,0.0009065629818822182,1.823139928034826e-05,0.00021083383706324059,5.5489807617949645e-05,0.9990940361635924,0.9989962722576777,0.9990934370181177,0.9999819232989569,0.9997966101880597,0.999945610408104,1.0048922822088469,1.0049468919547169,1.0048695262764302,1.0042698242680874,1.012925270469214,1.0043746369718556,125.0010073368667,124.44534342793078,125.00710322956697
acc_leading,2.088420780903662,0.0025118864315095794,13.182567385564074,0.013182567385564073,0.018650299819295165,False,0.0010030012189577106,0.0010996141508968302,0.0010036926980840433,2.055882543715857e-05,7.949963719195146e-05,6.159683970591171e-05,0.9989969987810423,0.9989003858491032,0.9989963073019159,0.9999792534638587,0.9999223016110548,0.9999370872651931,1.0050825890400754,1.005149055154257,1.005058112161985,0.995465815901713,1.0052708003268847,0.9955834151363372,133.21931656732198,131.74273995040497,133.22629533583142
acc_leading,2.343246656521626,0.0031622776601683794,15.39886915538719,0.01539886915538719,0.02109352356706552,False,0.0011709298299012931,0.0012715686956754426,0.0011717985621061706,2.6108620361052542e-08,0.00015125402098627944,4.926935648765562e-05,0.9988290701700987,0.9987284313043251,0.9988282014378937,0.999999973899815,0.9998536378118259,0.9999508025458306,1.005622974034706,1.0056748741340842,1.005596432611333,1.0001615816213592,1.0095440417636776,1.0003006561793502,138.34375785423543,136.9041380727891,138.35050294740594
acc_leading,2.629165991598639,0.003981071705534973,17.378008287493753,0.01737800828749375,0.023255279510556177,False,0.0013405103415249225,0.001441784302999993,0.0013415668455223177,3.609742137101474e-07,0.00014985796723311366,5.7434534420874375e-05,0.9986594896584751,0.9985582156970007,0.9986584331544777,0.9999996385916403,0.9998549388622081,0.9999423897161653,1.0060675380510116,1.0061154329133633,1.0060389559614615,0.9993991887037429,1.0089242993199827,0.9995597617392897,145.24209975961273,143.44723156208303,145.24924473570414
acc_leading,2.9499727619967944,0.005011872336272725,19.952623149688797,0.0199526231496888,0.026044864954774136,False,0.0015529554610796618,0.001654788026379641,0.0015542609851086817,4.624096728731546e-06,0.00021116007435319128,7.230089540265878e-05,0.9984470445389203,0.9983452119736205,0.9984457390148913,0.9999953957263576,0.9997967268065703,0.9999286214116051,1.0066318651102089,1.0066686192677057,1.006601135181547,1.0021503713002018,1.0113778484834275,1.00233712310692,151.64712091127532,149.71668790655116,151.65473951966618
acc_leading,3.2783199709090027,0.006189658188917356,22.126357489544354,0.022126357489544356,0.02838378856440604,False,0.0017521640253177837,0.0018514982830864512,0.0017537142792273237,2.3187652962020347e-08,0.00018524314431761686,7.677336932033119e-05,0.9982478359746823,0.998148501716914,0.9982462857207727,0.9999999768194072,0.9998211490191368,0.9999233459745316,1.0070704947896718,1.0071081656834497,1.00703788593017,1.0001522749255853,1.009559416015839,1.0003633198416881,158.98160809259682,156.6329955432299,158.99016605004374
acc_leading,3.3099238786485357,0.006309573444801929,22.126357489544354,0.022126357489544356,0.02838378856440604,False,0.0017609156477495838,0.0018593204757625878,0.0017624770418925772,4.388050941023599e-06,0.00015205698754143653,8.095796518884977e-05,0.9982390843522504,0.9981406795242376,0.9982375229581074,0.9999955935072391,0.9998524255397946,0.9999180994188179,1.007061541048354,1.0071040055597897,1.0070288021115446,0.997905232485209,1.0075498561479928,0.9981174629015844,160.18147216274775,157.6684624125771,160.19018808836262
acc_leading,3.71379567417839,0.007943282347242814,24.547089156850298,0.024547089156850298,0.030973955649186487,False,0.0019983166702373964,0.0020914831128275423,0.0020001839268226776,4.6537647765549315e-05,0.00012066459285649906,0.00013278647940353843,0.9980016833297626,0.9979085168871723,0.9979998160731773,0.9999528208495952,0.9998806993294993,0.9998629604610347,1.0075169974532732,1.0075687303466938,1.0074823359166403,0.9931781492419176,1.0032227367348714,0.9934185763981609,169.2747476167852,166.1589158207733,169.2848980740941
acc_leading,4.166947281934956,0.01,28.183829312644534,0.028183829312644532,0.034841549626682275,False,0.0023183693453417047,0.0024061586157983813,0.0023206652746862607,1.1623608851601247e-05,0.00016523705393746462,0.00011412624826316262,0.9976816306546583,0.9975938413842017,0.9976793347253138,0.9999882967262712,0.9998387010211398,0.9998837308773274,1.0082083393003523,1.0082547645020694,1.008171778371244,0.9965906585897565,1.0061177146218798,0.9968674178630241,176.7056609959649,173.46684954601469,176.71770078571632
acc_leading,4.586534585139283,0.012115276586276584,31.622776601683793,0.03162277660168379,0.0384774099958616,False,0.002624851904474576,0.0027058517747367734,0.0026275708274527063,8.78536853383277e-09,0.00022440173870704312,0.00011862862145453352,0.9973751480955254,0.9972941482252632,0.9973724291725472,0.9999999912129843,0.9997831125948841,0.9998813913813109,1.0088280203834723,1.0088727264476898,1.0087900939606143,0.9999062697032234,1.0089321294139986,1.00021647021392,183.16081288746085,179.81532104378678,183.17510952724456
acc_leading,4.675391748434428,0.012589254117941675,32.359365692962825,0.03235936569296283,0.039253861778179,False,0.0026909148835465224,0.002770271256018988,0.0026937262285897075,3.8673625050126063e-07,0.0002392715563084407,0.00012254778582272626,0.9973090851164534,0.9972297287439812,0.9973062737714103,0.9999996137443092,0.9997691796283503,0.9998779960602664,1.0089568069577333,1.009001575139325,1.0089186402914512,1.000621881218965,1.0095404955751073,1.0009391263103198,184.4823811212392,181.11454449944867,184.4972150856613
acc_leading,5.245875822834551,0.015848931924611134,37.15352290971726,0.03715352290971726,0.04429045029864488,False,0.003123908974784636,0.0031911536997627477,0.0031273340856609283,2.7953709995730395e-05,0.00035492869482790443,0.0001738808035344771,0.9968760910252153,0.996808846300237,0.9968726659143392,0.9999723395518113,0.9996613423892198,0.9998310121467338,1.0097640034956195,1.0098129058522078,1.00972470573876,1.0052871268185783,1.0135185082611209,1.0056491981722704,192.63978036823806,189.12684813838356,192.6585227886316
acc_leading,5.885969482196863,0.0199526231496888,42.65795188015925,0.04265795188015925,0.050042691565524204,False,0.0036261925289431942,0.0036769787221547128,0.0036303407923830317,0.00011216226428461939,0.0005268814549737123,0.00028679048433262857,0.9963738074710569,0.9963230212778456,0.996369659207617,0.999890176267338,0.9995026322263217,0.9997261469218315,1.010630932715627,1.0106924204616872,1.0105912228928826,1.0105906687364217,1.0180712950012711,1.011002041635619,201.21604478791988,197.53181718869058,201.24002305521398
acc_leading,6.4167926521431395,0.023713737056616554,45.195361166630285,0.04519536116663028,0.05268527297202312,False,0.003929641293325597,0.003964827365411396,0.0039342720876765075,2.5356021563861427e-10,0.0002893814614166686,0.00018185008556729953,0.9960703587066744,0.9960351726345891,0.9960657279123235,0.9999999997464317,0.9997193300762216,0.9998182397850652,1.0109381651853433,1.011048494269651,1.010899105227681,0.9999840764257895,1.0082496035396225,1.0004232913450115,211.11411877365265,206.67523363217606,211.14177998850585
acc_leading,6.604166380483051,0.025118864315095794,45.708818961487495,0.04570881896148749,0.05321939568751155,False,0.004015731045036545,0.0040452237635883355,0.004020509713132115,4.1936563825243966e-05,0.00023343307865780207,0.00022271400171215952,0.9959842689549635,0.995954776236411,0.9959794902868679,0.9999575149648771,0.9997664436451452,0.9997695609159079,1.0109734168519464,1.0111075238673966,1.0109347893844094,0.9935241553581603,1.002303433185209,0.993970346470689,215.1854957056359,210.37219328271672,215.21428051354206
acc_leading,7.4099965541825865,0.03162277660168379,52.48074602497726,0.05248074602497726,0.06024668449693466,False,0.004653287065128802,0.004657359133060318,0.004659018801935882,1.9629116551807356e-06,0.0003087500811099084,0.00021778914392168075,0.9953467129348712,0.9953426408669398,0.9953409811980641,0.9999980315765307,0.9996980407546667,0.9997804606288484,1.0119165162025008,1.0120910473114768,1.0118800204142038,0.9985989605090574,1.0066017348496343,0.9991005955545874,224.6608836298583,219.65335909372442,224.69761469586916
acc_leading,8.314152880106823,0.039810717055349734,60.25595860743578,0.06025595860743578,0.06828194644947976,False,0.005387322764002648,0.005359839031202283,0.00539414322824349,1.752088467520247e-05,0.00043906596102473065,0.0002754411553470573,0.9946126772359973,0.994640160968797,0.9946058567717566,0.9999826248771772,0.9995793093771167,0.9997310821294615,1.0129171145083455,1.0131512047397697,1.012884791303744,1.004185795584498,1.0114016222853228,1.0047467331404305,234.63424577188277,229.38922963315497,234.6808361674611
acc_leading,8.977415775738184,0.04641588833616342,64.66830490778774,0.06466830490778774,0.07282903948863244,False,0.00585212835119621,0.0058012557906692444,0.005859674899928369,6.165253084988216e-08,0.00038999733547539036,0.0002761588882991845,0.9941478716488038,0.994198744209331,0.9941403251000716,0.9999999383168412,0.9996192877049224,0.9997234028660696,1.0134001032161613,1.0137019988135576,1.013372202839129,0.9997517007232192,1.007132252148865,1.0003452162473683,243.27120982399066,237.57421371122834,243.3245000067081
acc_leading,9.328632963367673,0.05011872336272722,69.18309709189366,0.06918309709189366,0.07747355418279603,False,0.006229670373197292,0.006163841307400002,0.006237716249196886,0.0001045906409548224,0.000639214699497537,0.0004129514822836109,0.9937703296268027,0.9938361586926002,0.9937622837508031,0.9998975162711744,0.9993982552438707,0.9996070862202394,1.013973278874136,1.0142912999467641,1.0139479163802878,1.010226956583208,1.0166703359886011,1.010850685201429,245.14327406267603,239.61144100148186,245.20178302902124
acc_leading,10.466898338308141,0.06309573444801933,74.13102413009177,0.07413102413009177,0.08255529305574391,False,0.006875321338359282,0.006770779957662588,0.006884481738404974,0.0001593491156491548,0.0004286188577579496,0.0004698514179296776,0.9931246786616407,0.9932292200423372,0.9931155182615949,0.9998365503640337,0.9995525253289049,0.9995006795994439,1.0143322088868578,1.0148100218384812,1.0143180173593083,0.9873766440417314,0.9953087980005606,0.9880305001010032,261.93668108319855,255.24779685828014,262.0054642735846
acc_leading,11.74405309488429,0.07943282347242814,85.11380382023764,0.08511380382023763,0.0938086997648394,False,0.007923924859828933,0.007768541856779925,0.007934581384535604,5.6748144520286485e-05,0.000476018290371513,0.00042747825967164857,0.992076075140171,0.9922314581432197,0.9920654186154645,0.9999423871134345,0.9995150900956875,0.999553705782759,1.0154438836379687,1.01606951518771,1.0154453870228541,0.992466863566861,0.9997336994038819,0.9931826428344281,273.43898274943797,266.4356750178638,273.52372233694314
acc_leading,12.55985636117796,0.09085175756509895,93.0295216825771,0.0930295216825771,0.10190064821382155,False,0.008646176847476579,0.008456251321856047,0.008657786292882056,4.240400434905455e-07,0.0005615355605854853,0.0004205081795188387,0.9913538231525234,0.9915437486781444,0.991342213707118,0.9999995754071608,0.999448688309047,0.9995770760949632,1.0162119659965245,1.0169387596916493,1.0162255245534024,0.9993488164287311,1.0059985876075859,1.0001063388993994,279.6856150827714,272.56751062015326,279.781239426048
acc_leading,13.177044300762262,0.1,97.72372209558107,0.09772372209558107,0.106693064186448,False,0.009114939712521091,0.008900776773991098,0.009127206624825928,5.342914370664524e-06,0.0005781045947642629,0.00044804522954074405,0.9908850602874789,0.9910992232260089,0.9908727933751741,0.9999946322997038,0.9994273059371378,0.9995447274951804,1.0165998249044814,1.017417153684917,1.0166236600550878,0.9976885254985909,1.0043754151779702,0.9984662030133843,285.52061529939397,278.1521045024072,285.6236097313967
acc_leading,14.78488687860977,0.12589254117941673,112.2018454301963,0.1122018454301963,0.12144925398726795,False,0.010461947149047076,0.010180937763018753,0.010475909000009293,8.453123555338499e-06,0.0007418213563883787,0.0005369968740330257,0.989538052850953,0.9898190622369816,0.9895240909999907,0.9999915958165623,0.9992844265763715,0.9994704917995986,1.017794668091081,1.018856632353371,1.0178495874180253,1.0029074255889598,1.009128905487191,1.0037453093013824,298.19366692522084,290.41207939159324,298.3171179476416
acc_leading,16.588915922567114,0.15848931924611134,128.82495516931337,0.12882495516931336,0.13835388364695902,False,0.011978568744994209,0.011622819036254475,0.01199426797306362,6.349867830235105e-05,0.0009701734609033866,0.0006942253664119716,0.9880214312550057,0.9883771809637453,0.9880057320269364,0.9999375013445752,0.999085689463394,0.9993332342193254,1.0190222601978054,1.0203920862286266,1.0191197430647605,1.0079686057941368,1.0138689153886946,1.0088627745275558,311.4584247113652,303.2214974741404,311.6043476888005
acc_leading,17.571870987632057,0.1778279410038923,135.0277952786786,0.13502779527867861,0.14465331286025912,False,0.012633703205809423,0.012243552450100125,0.012650266488891292,1.6578299172515184e-06,0.0008572141668558499,0.0006536533131629458,0.9873662967941905,0.9877564475498999,0.9873497335111088,0.9999983378926878,0.9991564566214002,0.9993377433419407,1.0193415060148852,1.020897745783923,1.0194655499191687,0.9987124325581735,1.0051787637319918,0.9996096241089429,320.13627315947997,311.47730542985386,320.2928887675309
acc_leading,18.613069801983983,0.19952623149688797,147.91083881682073,0.14791083881682074,0.15772461131414978,False,0.013678236184857532,0.013240427820917347,0.013695659470422773,0.00016120957915278405,0.0012611873876223069,0.0009133280062219903,0.9863217638151425,0.986759572179083,0.9863043405295773,0.9998428074568643,0.9988348869195182,0.9991408370731144,1.0202758138859043,1.02202834214624,1.0204308451051505,1.0126968334301425,1.0184500891565769,1.0136403679092634,325.3021061823966,316.5755463026147,325.4722416304987
acc_leading,20.88420780903662,0.251188643150958,169.82436524617444,0.16982436524617445,0.17992621960976596,False,0.0155739369685741,0.01504785148625668,0.015593000614175966,0.000285523019789351,0.0016072427409987797,0.0011815738180665982,0.9844260630314259,0.9849521485137426,0.984406999385824,0.9997238870145377,0.9985404617765775,0.9989062543017868,1.0215481324851872,1.0237712584571774,1.0217801918180516,1.0168974264250314,1.0227071531589866,1.017879362633035,339.69822899526315,330.45765994421765,339.8939612731649
acc_leading,23.432466565216263,0.31622776601683794,194.02996611131016,0.19402996611131015,0.20441270148906773,False,0.017627634236171176,0.017010559092648172,0.017648196355682832,0.0003055061311725874,0.0018511973670935719,0.0013603160027193962,0.9823723657638288,0.9829894409073516,0.9823518036443173,0.99970489997325,0.9983296650970991,0.9987434661820352,1.0227555869876104,1.0255505042674526,1.0230897881628374,1.0174787336833246,1.0237062696862704,1.0184756351526039,354.95339976857036,345.15840168346864,355.17558233433516
acc_leading,24.583931625236062,0.3480700588431082,198.4598599985392,0.1984598599985392,0.2088904761032069,False,0.01820213140390158,0.017558007002134963,0.01822346812005316,4.827105693701618e-06,0.0013660809769107415,0.0010556501755753058,0.9817978685960984,0.9824419929978648,0.9817765318799467,0.9999951516132438,0.9986574538936255,0.9989173190702864,1.0227356255526938,1.025791237718142,1.0231205636202687,0.9978029324785748,1.0051163925628912,0.9987496283776802,363.95003082097725,353.7348880894467,364.1829018649501
acc_leading,26.291659915986386,0.3981071705534972,208.92961308540387,0.20892961308540386,0.21946959374655867,False,0.019253310802997768,0.018564205918105647,0.019275615521016202,0.00036088686933011667,0.0015543169127207055,0.0014591439003938734,0.9807466891970023,0.9814357940818945,0.9807243844789838,0.9996250007234903,0.9983280092742429,0.9983739173010084,1.0229937728620149,1.0264507550217667,1.0234604915479362,0.9810029773561719,0.9893218055475503,0.9818954066408065,375.35955701629103,364.67807124035926,375.60843293539324
acc_leading,29.49972761996794,0.5011872336272722,239.88329190194898,0.239883291901949,0.250719404999258,False,0.021738412632995367,0.02095666582711857,0.021761787850185076,0.00036401219577226215,0.0018098732712044634,0.0016861493271256886,0.9782615873670046,0.9790433341728817,0.978238212149815,0.9996216898776604,0.9980549935118361,0.9981092457264783,1.0242262808878257,1.0284948871424546,1.0248686006409198,0.9809208963582599,0.9898846419843085,0.9817693247639129,390.8792178121391,379.7308876477372,391.15676175626396
acc_leading,33.099238786485365,0.6309573444801932,275.4228703338166,0.2754228703338166,0.286558471951192,False,0.024462606416871348,0.023593104935418694,0.02448656864509701,0.00042064665341265775,0.002137399979070139,0.002015919272493441,0.9755373935831286,0.9764068950645808,0.975513431354903,0.9995615529680673,0.9976892572058997,0.9977118546512176,1.025448025802248,1.0306858086125246,1.0263194201005001,0.9794903278082594,0.9893532030022432,0.9802536237079633,406.7347321481333,395.1370688710424,407.04066181742337
acc_leading,34.394157262989864,0.6812920690574383,296.9043962442207,0.2969043962442207,0.308204271040975,False,0.02579691098599484,0.024890794686240874,0.025820422893838853,6.416213792587755e-06,0.0022514724301310424,0.0017865128305718846,0.9742030890140052,0.9751092053137589,0.9741795771061611,0.9999935511574304,0.9978025992747535,0.9981399434326803,1.0263830307120798,1.0320134413237139,1.0273475100307639,0.9974669753667625,1.0071697094631846,0.9982448542110273,409.8418550434494,398.2331125107066,410.155619028484
acc_leading,37.13795674178391,0.7943282347242815,338.84415613920237,0.3388441561392024,0.3504356903468908,False,0.028378761569448553,0.027410882719520697,0.028401182993489874,0.0004847972189515144,0.003575516656794694,0.0026233701880787772,0.9716212384305515,0.9725891172804788,0.9715988170065101,0.9995358664786204,0.996887069049534,0.9976045447919446,1.0279609092608446,1.0344390720559715,1.0291368684582416,1.02201811115767,1.031964168993429,1.0227743565917007,418.13221452424045,406.3904040956734,418.4605822059716
acc_leading,41.66947281934956,1.0,389.04514499428046,0.38904514499428045,0.4009454959704331,False,0.03166017420964617,0.030636655795711606,0.031681321115765236,0.0003285879475624413,0.0039048823620524394,0.0028915197905916568,0.9683398257903538,0.9693633442042884,0.9683186788842348,0.9996830084215615,0.9965668761043515,0.9972951485058151,1.029227597320283,1.0370894097961552,1.0307911030155912,1.0181269949953775,1.0297203529315064,1.0186805347302696,434.59149956740475,422.45936259771673,434.943928371663
acc_leading,46.75391748434427,1.2589254117941673,446.683592150963,0.44668359215096304,0.45889707365837606,False,0.03519042837847193,0.03413865715354269,0.03520921389606821,0.00014463652256731992,0.004228302674866762,0.0032393603118632012,0.964809571621528,0.9658613428464574,0.9647907861039318,0.9998587806498282,0.9961904693515697,0.9968361787772907,1.030493976219883,1.0399859777972464,1.0325573307096758,1.0120264925297162,1.0254937748597357,1.0122981918377558,451.0978839478897,438.64448016773053,451.4725557650291
acc_leading,48.11915652329192,1.333521432163324,452.4713779909035,0.4524713779909035,0.4647142741195202,False,0.03577103419347024,0.03471985149158285,0.03578982014355822,2.2652768757663186e-05,0.0037538341267325946,0.0032005981661047235,0.9642289658065297,0.9652801485084167,0.9642101798564418,0.9999771300506053,0.996296723544734,0.9965332822791328,1.0303413987582193,1.040240709875187,1.0325464572693226,0.9952405075104941,1.00934130352016,0.9953918338370453,456.42065564446057,443.82728821432966,456.80383636700583
acc_leading,52.45875822834551,1.5848931924611136,512.8613839913648,0.5128613839913648,0.5253927754014792,False,0.03896879055609564,0.03792573903932297,0.03898386924122815,1.2379966558885009e-05,0.0046105672237565344,0.0037853687909218904,0.9610312094439044,0.962074260960677,0.9610161307587719,0.99998770669406,0.9956514516015947,0.9960548220877687,1.0317714376744285,1.043182374240817,1.0344776302820289,1.0035185176649954,1.0190310520650252,1.0034236798444165,467.55062759153,454.85754557129644,467.9454231949402
acc_leading,58.859694821968624,1.9952623149688795,588.843655355589,0.588843655355589,0.601698301749894,False,0.042992935397795584,0.04200641915169991,0.04300264784217977,5.685689358636074e-05,0.005167006663007047,0.004704159370122899,0.9570070646022044,0.9579935808482997,0.9569973521578202,0.9999422758679926,0.9947601842398166,0.9946711883647084,1.033077446308578,1.0467485235040221,1.036608312860339,0.9924596489745927,1.0101166358648006,0.9919161119498803,483.8463906398094,471.00603159149017,484.2589710056812
acc_leading,66.04166380483052,2.51188643150958,708.6064837952597,0.7086064837952597,0.7219038994502268,False,0.04806619717525929,0.04721574758932552,0.04806555300427621,0.00013363214932314872,0.00730894956341035,0.006090847864193815,0.9519338028247407,0.9527842524106747,0.9519344469957238,0.9998694046505058,0.9932844284637402,0.9936949237241447,1.0357302656180327,1.052204919648374,1.0403357679019711,1.0115599372542912,1.031704700614207,1.0105485116085058,497.84363809003526,485.12623973556066,498.26026667122375
acc_leading,67.321121049959,2.61015721568454,708.6064837952597,0.7086064837952597,0.7219038994502268,False,0.04840238416374666,0.04756930067695521,0.048401680002820316,4.995096150966979e-05,0.006558470970324425,0.006134188105337635,0.9515976158362534,0.9524306993230444,0.9515983199971797,0.9999493354152559,0.9932577683409205,0.9928716924527292,1.0353384942514952,1.052237087143752,1.0401377569193868,0.9929324005836727,1.0132826651102154,0.9918045199556496,501.403729803822,488.6078656920106,501.82806977523177
acc_leading,74.09996554182587,3.1622776601683795,810.1522070007605,0.8101522070007605,0.8237777571219034,False,0.05249818806982006,0.05184678918992711,0.05248734123681145,6.169689105277256e-05,0.00778849111446886,0.007463787330902907,0.9475018119301799,0.9481532108100725,0.9475126587631886,0.9999373223429584,0.9918080747744545,0.9910636030769445,1.0371836507566219,1.056819107531863,1.0431418123740768,0.9921452631455425,1.0145365286935246,0.9905623929026433,513.6483726404894,500.9894713660031,514.0775884506079
acc_leading,83.1415288010682,3.9810717055349722,954.9925860214358,0.9549925860214359,0.9690316479628287,False,0.05768961046608207,0.057355097478730695,0.05766264276194416,7.78423030159962e-05,0.009651284227149582,0.00946569525174248,0.9423103895339179,0.9426449025212693,0.9423373572380559,0.9999207657239014,0.9894791428873482,0.9881767929530363,1.039814682572806,1.0633211998247976,1.0475196046240631,0.9911771714843823,1.0161203243949952,0.9890551309801627,527.8368990846338,515.4721378267466,528.2675755646849
acc_leading,93.28632963367673,5.011872336272722,1142.4841819029282,1.142484181902928,1.1569892901040417,False,0.06335746825560294,0.06348460581421675,0.06330767090377798,7.153311689970798e-06,0.012477000351589641,0.011980595933838496,0.936642531744397,0.9365153941857836,0.9366923290962221,0.9999928082702202,0.9864186693067556,0.9849002431942634,1.0434850926195334,1.071692579130362,1.0534375733053785,0.9973254324293503,1.0251500470756163,0.994760077401933,541.0880313143305,529.2100420549431,541.5121371619495
acc_leading,94.18563555294763,5.108969774503006,1174.897554939529,1.174897554939529,1.189477030611676,False,0.06406562569337398,0.06425654485375289,0.06401211858366021,4.2182634598947024e-05,0.013432720876814519,0.012362115301641094,0.935934374306626,0.9357434551462467,0.9359878814163397,0.9999583600100299,0.9861827598467037,0.9851886099880736,1.0443598308311959,1.0730555358586729,1.0545377074809712,1.0064948159788363,1.034873850231705,1.0039241652820672,541.850173213488,530.0788261056841,542.2695458753594
acc_leading,104.66898338308141,6.309573444801933,1348.9628825916532,1.348962882591653,1.3639168575336968,False,0.06902017292638958,0.06974356633939671,0.06894222484377102,6.893919768357601e-05,0.01528190988120557,0.015090622884456372,0.9309798270736104,0.9302564336606035,0.931057775156229,0.9999299015857387,0.9818277567581675,0.9793564813489275,1.04729866969297,1.0811250447348089,1.0601168935870038,0.9916970368130663,1.0221056245641378,0.9888365318742242,554.0846079185235,542.7550336553404,554.5028364669447
acc_leading,117.4405309488429,7.943282347242816,1659.5869074375614,1.6595869074375613,1.6751282634571474,False,0.0756215956996506,0.07720554610286241,0.07550010180305966,0.00010489218906063989,0.02113245720812491,0.019278076253119468,0.9243784043003493,0.9227944538971374,0.9244998981969403,0.9998972237951682,0.9764990820877106,0.9750800309212955,1.0541521044803785,1.0950608073979142,1.0707081009796777,1.0102416887797199,1.0445232707454304,1.0075440809588032,565.529754000471,555.0642029964145,565.9258428554626
acc_leading,131.77044300762262,10.0,1905.4607179632462,1.9054607179632461,1.9214137187045828,False,0.0813651871868211,0.08386331374623586,0.08120105189266191,0.000315730004675125,0.023412536768343692,0.02323535521921052,0.9186348128131789,0.9161366862537643,0.9187989481073381,0.999672743410869,0.9653887068110256,0.9623940683263184,1.0581639443919875,1.1073413456583405,1.079399997198095,0.9822312070000485,1.0179431198454194,0.9796989201649855,577.3312022737666,567.4552229871181,577.7252711583355
acc_distribution,0.0,0.0,0.0005997939022821607,5.997939022821607e-07,0.0024133205915031616,False,5.674064875639246e-05,6.021912502589e-05,5.675705557169967e-05,2.513825754032523e-10,2.838506978361098e-09,1.7692597369199148e-06,0.9999432593512436,0.9999397808749738,0.9999432429444284,0.9999999997486254,0.9999999971618095,0.9999982307928497,1.0008341440041388,1.0006010282660176,1.0008304326048645,1.0000158550488931,1.0000525927731854,1.0000196138452595,52.04652476420047,51.39297606739712,52.04700040030326
acc_distribution,0.004166947281934956,1e-08,0.0010232929922807535,1.0232929922807535e-06,0.0024141143715666635,False,5.676660114348895e-05,6.0304871237150624e-05,5.67830161218664e-05,2.4995620135078585e-10,2.7976246082336896e-09,1.7701102342071432e-06,0.9999432333988565,0.9999396951287629,0.9999432169838781,0.9999999997500517,0.9999999972026764,0.9999982299419334,1.0008344015404633,1.000601250431727,1.0008306889926133,1.0000158100032053,1.000020235715199,1.0000195699668666,52.05371638702387,51.43079255956071,52.05419364225273
acc_distribution,0.004675391748434425,1.2589254117941661e-08,0.001174897554939529,1.1748975549395291e-06,0.0024143984923978437,False,5.6775024176612383e-05,6.0333599770747674e-05,5.6791441742082345e-05,2.858721434843803e-10,3.2641944649983932e-09,1.7703912975716046e-06,0.9999432249758234,0.9999396664002291,0.9999432085582579,0.9999999997141376,0.9999999967361082,0.9999982296725487,1.0008344945887415,1.0006013289439237,1.000830781688752,1.0000169077539456,1.000017398279603,1.0000206682098622,52.05557744949441,51.440057038380566,52.056055156848274
acc_distribution,0.005245875822834551,1.584893192461114e-08,0.0012589254117941675,1.2589254117941674e-06,0.002414555959845759,False,5.678128702409018e-05,6.035417227436104e-05,5.679770663978914e-05,2.3925746185554584e-10,3.735215626383296e-09,1.770590561407972e-06,0.9999432187129759,0.9999396458277254,0.9999432022933603,0.9999999997607499,0.9999999962648579,0.9999982294580063,1.0008345445596953,1.0006013833625473,1.0008308313561112,1.000015467949504,1.0000050847769086,1.0000192285417766,52.05791951097846,51.45160135963125,52.05839770301749
acc_distribution,0.005885969482196862,1.9952623149688786e-08,0.001445439770745928,1.445439770745928e-06,0.0024149054645511508,False,5.67924503970869e-05,6.039148160702516e-05,5.680887350532531e-05,2.4930007444761787e-10,4.629157606680366e-09,1.7709574735747797e-06,0.9999432075496029,0.9999396085183929,0.9999431911264947,0.9999999997507077,0.9999999953706936,0.9999982290945324,1.0008346582156438,1.0006015001464015,1.0008309445244008,1.0000157892391979,0.9999970918525277,1.0000195503686322,52.06086707369173,51.465722723417656,52.061345939430836
acc_distribution,0.006604166380483055,2.511886431509582e-08,0.0016595869074375613,1.6595869074375613e-06,0.002415306713058113,False,5.680566327959498e-05,6.0435110336147635e-05,5.6822090550892745e-05,2.449067896442585e-10,5.965299067939665e-09,1.771390138691001e-06,0.9999431943367204,0.9999395648896642,0.9999431779094492,0.9999999997551009,0.9999999940341017,0.9999982286604123,1.0008347882993032,1.0006016482482563,1.0008310740212938,1.0000156494980637,0.9999859845469732,1.0000194112105074,52.06457620052965,51.48308754020393,52.065055897760956
acc_distribution,0.007409996554182586,3.162277660168379e-08,0.0019054607179632462,1.9054607179632462e-06,0.0024157673597810002,False,5.6821331336512355e-05,6.048618067927362e-05,5.6837763580213515e-05,2.2050639241213616e-10,8.067436643019174e-09,1.77190191375977e-06,0.9999431786686634,0.9999395138193208,0.9999431622364198,0.9999999997795002,0.9999999919310879,0.9999982281401677,1.0008349371377376,1.000601833411555,1.0008312221522209,1.000014849457647,0.999970906751921,1.0000186117970316,52.06924332678017,51.50441013342865,52.06972405162078
acc_distribution,0.008314152880106817,3.981071705534969e-08,0.0023442288153199225,2.3442288153199226e-06,0.002416589267703533,False,5.684630056708943e-05,6.0567229307780566e-05,5.686274052870105e-05,2.9792105363687396e-10,1.0203041186201054e-08,1.772729858446929e-06,0.9999431536994329,0.9999394327706922,0.9999431372594714,0.9999999997020892,0.9999999897947431,0.9999982273379164,1.0008352056925853,1.0006021873033533,1.0008314896479806,1.0000172603897302,0.9999644837244647,1.0000210241042093,52.07511348420902,51.52984571870202,52.07559560325588
acc_distribution,0.009328632963367675,5.011872336272725e-08,0.0026915348039269166,2.6915348039269168e-06,0.0024172397310776536,False,5.686940074396687e-05,6.0640141978406695e-05,5.688584810460822e-05,2.2155334798559803e-10,1.48136021184885e-08,1.7734778136264924e-06,0.999943130599256,0.9999393598580211,0.9999431141518954,0.9999999997784532,0.9999999851816228,0.9999982265647434,1.0008354148771985,1.0006024959611022,1.0008316977675755,1.0000148846682189,0.9999402374301621,1.0000186491861736,52.082499431597526,51.561535151835315,52.082983143723176
acc_distribution,0.010466898338308139,6.30957344480193e-08,0.003311311214825911,3.311311214825911e-06,0.002418400244875134,False,5.690588369337712e-05,6.075432903455929e-05,5.692234242682537e-05,2.797655207738828e-10,1.9146383157106137e-08,1.7746801383886823e-06,0.9999430941163067,0.9999392456709651,0.9999430776575733,0.9999999997202439,0.9999999808464303,0.9999982253821023,1.0008357928257532,1.0006030756586306,1.0008320741380385,1.0000167261926562,0.9999278707497714,1.000020492550552,52.091784421551765,51.59882553263894,52.0922702797335
acc_distribution,0.011744053094884296,7.943282347242822e-08,0.004073802778041126,4.0738027780411255e-06,0.0024198275415159365,False,5.6951074227346204e-05,6.089255559529604e-05,5.6967547072999144e-05,3.456291838710025e-10,2.4747281623389313e-08,1.776174987112852e-06,0.9999430489257727,0.9999391074444047,0.9999430324529269,0.9999999996543837,0.9999999752419697,0.999998223907237,1.0008362573231384,1.0006038393603354,1.0008325366734325,1.0000185911049664,0.9999136219225043,1.0000223597015556,52.10345646728062,51.643488658967,52.1039450093409
acc_distribution,0.01317704430076226,1e-07,0.005011872336272725,5.011872336272725e-06,0.0024215828244049586,False,5.700705145491606e-05,6.105948814141704e-05,5.702354181263039e-05,4.1562350840692927e-10,3.191144233482391e-08,1.7780296773038656e-06,0.999942992948545,0.9999389405118587,0.9999429764581873,0.9999999995843935,0.9999999680726189,0.9999982220718596,1.0008368281360194,1.00060483357194,1.0008331050472252,1.0000203868464557,0.9998974868199633,1.0000241581666292,52.11812412379618,51.69671309654836,52.11861602155986
acc_distribution,0.014784886878609762,1.2589254117941662e-07,0.005754399373371567,5.754399373371567e-06,0.0024229716875865163,False,5.7059702929928976e-05,6.121139832358612e-05,5.70762103761807e-05,1.2342419337566202e-10,5.119664335440678e-08,1.7797262586559909e-06,0.9999429402970701,0.9999387886016763,0.9999429237896237,0.9999999998765785,0.999999948769748,0.9999982202763901,1.0008372713929725,1.0006056561054806,1.0008335458072577,1.0000111096441606,0.9998445309008441,1.000014882410226,52.136570935339165,51.7631168550713,52.137066712826304
acc_distribution,0.016588915922567116,1.584893192461114e-07,0.00707945784384138,7.07945784384138e-06,0.0024254489945027663,False,5.714175718567162e-05,6.14437257412188e-05,5.715829053130547e-05,9.606585404774854e-11,6.663476918345048e-08,1.7824270994770297e-06,0.9999428582428144,0.999938556274259,0.9999428417094687,0.9999999999039361,0.9999999333154374,0.9999982175616697,1.0008380738825629,1.0006071646064858,1.0008343446507983,1.0000098013189953,0.9998175893531182,1.0000135776849535,52.15971474092525,51.838593598248096,52.16021569021644
acc_distribution,0.01861306980198398,1.9952623149688787e-07,0.009332543007969915,9.332543007969914e-06,0.002429657938316395,False,5.726864591363758e-05,6.179202692244615e-05,5.72852184308295e-05,5.615387610311345e-10,6.587218167288795e-08,1.7866613506496274e-06,0.9999427313540864,0.9999382079730776,0.9999427147815692,0.9999999994384878,0.9999999340795465,0.9999982134764983,1.0008394497616135,1.0006098195400381,1.0008357151906218,1.0000236968090896,0.9998392123278369,1.000027480381511,52.188698181964895,51.92183039891018,52.18920605931718
acc_distribution,0.02088420780903663,2.5118864315095823e-07,0.01148153621496883,1.1481536214968829e-05,0.002433668475764401,False,5.740037649644302e-05,6.213865051513877e-05,5.741699053065949e-05,5.380630271253896e-10,8.231517255020324e-08,1.7909737202416395e-06,0.9999425996235035,0.9999378613494855,0.9999425830094694,0.9999999994619619,0.9999999176170742,0.9999982091592605,1.0008407498096072,1.0006124167547659,1.0008370094227383,1.0000231961856159,0.9998174311592645,1.0000269857325488,52.22507710411018,52.02436540866345,52.22559314901523
acc_distribution,0.023432466565216265,3.162277660168379e-07,0.01412537544622754,1.412537544622754e-05,0.0024385972493999168,False,5.756348291813901e-05,6.25525053896745e-05,5.758014845662723e-05,4.4892631205915356e-10,1.0177096153673686e-07,1.7962939365946435e-06,0.9999424365170818,0.9999374474946103,0.9999424198515434,0.9999999995510928,0.9999998981354561,0.9999982038180215,1.0008423461298173,1.0006156497267924,1.0008385985218728,1.0000211878812546,0.9997950425864549,1.0000249847073697,52.27063635583059,52.14420761721443,52.27116258558016
acc_distribution,0.02629165991598638,3.981071705534969e-07,0.017378008287493755,1.7378008287493754e-05,0.0024446530497218787,False,5.776538967688787e-05,6.304582852712954e-05,5.7782119096098194e-05,2.906140451267718e-10,1.245571697268396e-07,1.8028810986012066e-06,0.9999422346103232,0.9999369541714729,0.9999422178809039,0.9999999997093959,0.9999998753155037,0.9999981971867646,1.0008443057152057,1.0006196424766833,1.0008405491465373,1.000017047405818,0.9997723237289422,1.0000208531089663,52.32762308305189,52.2841163801406,52.328162000382406
acc_distribution,0.029499727619967945,5.011872336272725e-07,0.021379620895022326,2.1379620895022326e-05,0.0024520914287572484,False,5.801524612427087e-05,6.363311671172058e-05,5.8032054752103644e-05,9.958561636758188e-11,1.5111555177838307e-07,1.81109664126538e-06,0.9999419847538757,0.999936366883288,0.9999419679452479,0.9999999999004163,0.999999848713453,0.9999981888950678,1.0008467104583922,1.0006245364935615,1.0008429427781882,1.0000099792593096,0.9997494114671618,1.0000137958019937,52.39879726086633,52.44741900569913,52.39935196373813
acc_distribution,0.03309923878648536,6.30957344480193e-07,0.026302679918953815,2.6302679918953814e-05,0.0024612248288547953,False,5.832430943504517e-05,6.433157580336494e-05,5.834121624020043e-05,1.0137472123224369e-12,1.8209068670538197e-07,1.8214668693929397e-06,0.9999416756905649,0.9999356684241968,0.9999416587837597,0.9999999999989863,0.9999998176820393,0.9999981784051374,1.0008496603480241,1.0006304927994432,1.0008458789017605,0.9999989931498561,0.9997262611329789,1.0000028229511138,52.487529100097525,52.638112080927584,52.48810341253645
acc_distribution,0.03713795674178392,7.943282347242821e-07,0.034673685045253165,3.467368504525317e-05,0.0024767104943365552,False,5.879917588391885e-05,6.536412064539632e-05,5.8816230274031005e-05,1.921386613983103e-09,1.4910563100992571e-07,1.837711576216596e-06,0.9999412008241161,0.9999346358793544,0.9999411837697261,0.9999999980787818,0.9999998507602063,0.9999981626541243,1.0008547097580052,1.0006404062115055,1.0008509083628958,1.0000438336242397,0.999850384821126,1.0000476903446804,52.59705249404624,52.845993388063214,52.59765256814562
acc_distribution,0.04166947281934956,1e-06,0.041991615598057586,4.199161559805759e-05,0.0024902029491523205,False,5.926559944844303e-05,6.633086215191157e-05,5.928280288947542e-05,3.138856235620549e-10,1.9017642051106324e-07,1.8521996175112937e-06,0.9999407344005515,0.9999336691378476,0.9999407171971105,0.9999999996861255,0.9999998096146746,0.9999981478796441,1.0008590549911416,1.0006488439737808,1.0008552327375793,1.0000177168175348,0.9998114070254706,1.0000215929522138,52.733812053154466,53.10806043129612,52.73444203418404
acc_distribution,0.04675391748434425,1.2589254117941661e-06,0.05248074602497726,5.248074602497726e-05,0.0025094704505514175,False,5.9900585384523515e-05,6.760061595733035e-05,5.991798985964965e-05,4.739711702579878e-10,2.0750603645831606e-07,1.87315095476543e-06,0.9999400994146155,0.9999323993840425,0.9999400820101404,0.9999999995260495,0.9999997922972951,0.999998126975665,1.0008652889233507,1.000660579230156,1.000861439100755,1.00002177087895,0.9998551048590669,1.0000256778742673,52.90212101633543,53.40636039861128,52.90278870104231
acc_distribution,0.05245875822834551,1.584893192461114e-06,0.06456542290346556,6.456542290346556e-05,0.0025315663079706267,False,6.065044970985165e-05,6.904070511674619e-05,6.066809337396741e-05,6.450282308771835e-12,2.447768480189909e-07,1.8979639280891196e-06,0.9999393495502902,0.9999309592948833,0.9999393319066261,0.9999999999935497,0.9999997549930795,0.9999981019464719,1.0008724129066915,1.0006736265786902,1.0008685301929603,1.0000025397405987,0.9998630812350686,1.000006481167448,53.10960529578908,53.758601747982645,53.11031876328439
acc_distribution,0.058297689037868805,1.957341781489163e-06,0.07960052114773702,7.960052114773702e-05,0.0025589079692134855,False,6.154936012484202e-05,7.070854524110648e-05,6.15672890106454e-05,3.7292532270072465e-10,2.695226156141395e-07,1.9275106221416463e-06,0.9999384506398752,0.9999292914547588,0.9999384327109894,0.9999999996270891,0.9999997303521448,0.9999980725936898,1.0008812523588315,1.000689248641093,1.000877331143278,1.000019311274497,0.9999530543769822,1.0000232988359974,53.33927834561734,54.12528011245741,53.340043275488114
acc_distribution,0.058859694821968615,1.9952623149688787e-06,0.07960052114773702,7.960052114773702e-05,0.0025589079692134855,False,6.158019515009455e-05,7.07606311700386e-05,6.159813593022963e-05,3.499149250320009e-10,2.8632498895886875e-07,1.9296269787741826e-06,0.9999384198048499,0.99992923936883,0.9999384018640698,0.999999999650072,0.9999997134320742,0.9999980700373317,1.0008812214403418,1.0006892451220972,1.000877298169856,0.9999812939869285,0.9998856323361309,0.9999852790852565,53.36355801610737,54.16741229175405,53.36432747061116
acc_distribution,0.06604166380483055,2.5118864315095823e-06,0.1,0.0001,0.0025957504318907827,False,6.279746109835756e-05,7.293387292466564e-05,6.281578930914935e-05,1.8675316153100382e-11,3.2723705766387634e-07,1.9688686478255266e-06,0.9999372025389016,0.9999270661270749,0.9999371842106908,0.9999999999813248,0.9999996727155249,0.9999980310627488,1.0008931179213074,1.0007095246942723,1.0008891428177327,1.0000043214946666,1.0000093709546798,1.0000083703280458,53.67078530198373,54.633234497043944,53.67162335440142
acc_distribution,0.07409996554182587,3.162277660168379e-06,0.1288249551693134,0.0001288249551693134,0.002647333398671186,False,6.44350421770855e-05,7.575662319656184e-05,6.44538886992398e-05,1.7098160600333754e-08,4.902067829577854e-07,2.036402630642328e-06,0.9999355649578229,0.9999242433768033,0.9999355461113008,0.99999998290631,0.999999510530325,0.9999979650651583,1.0009098246969255,1.0007367317316238,1.0009057822501202,1.0001307599349967,1.0003222191790746,1.0001349068765162,54.03714867920509,55.157930338184194,54.038069923767395
acc_distribution,0.081561400161846,3.8311868495543465e-06,0.14860006378264154,0.00014860006378264153,0.002682414409876095,False,6.571836827384337e-05,7.787231951432788e-05,6.573763381379901e-05,4.858773573259191e-10,5.084906850441885e-07,2.065689781773504e-06,0.9999342816317262,0.9999221276804857,0.9999342623661862,0.9999999995141441,0.9999994920758459,0.9999979344626494,1.0009210058917482,1.0007545538689206,1.0009169070172728,1.0000220426259172,1.000233711077631,1.0000262459195075,54.408065832071486,55.68110911096696,54.409066421317085
acc_distribution,0.08314152880106818,3.981071705534969e-06,0.15848931924611134,0.00015848931924611134,0.002699867979180577,False,6.621427766505023e-05,7.869705926547103e-05,6.623369706620002e-05,1.983749267352038e-08,6.61210852187039e-07,2.0978968730361766e-06,0.9999337857223349,0.9999213029407347,0.9999337663029337,0.9999999801680942,0.9999993401106301,0.9999979037431548,1.000926708520666,1.0007632812345297,1.0009225910969235,1.0001408456342011,1.0004464231204282,1.0001450883862075,54.48167377837905,55.77561806326887,54.48269240251323
acc_distribution,0.09328632963367675,5.011872336272725e-06,0.19498445997580455,0.00019498445997580456,0.002763781927044194,False,6.838846552650169e-05,8.21718013452642e-05,6.840858849664218e-05,2.6988289236197833e-08,9.263900257166654e-07,2.1767033916559126e-06,0.9999316115344735,0.9999178281986548,0.9999315914115035,0.9999999730205759,0.9999990759866774,0.9999978253018934,1.000947213774538,1.0007943523043137,1.0009430058387918,1.0001642811286673,1.0006140111707473,1.0001686458541847,55.009648104755996,56.475758966519244,55.01078167663438
acc_distribution,0.10466898338308138,6.30957344480193e-06,0.23988329190194904,0.00023988329190194904,0.0028414032735181163,False,7.103964257763284e-05,8.627489708504684e-05,7.106062873052371e-05,4.490215313129237e-08,1.355811072352491e-06,2.2816740691016782e-06,0.9999289603574224,0.999913725102915,0.9999289393712695,0.9999999551168705,0.9999986485268552,0.9999977210650202,1.0009720678449985,1.0008306511773386,1.0009677511996018,1.0002119012815707,1.0008403164096225,1.000216422152238,55.63052986540555,57.26322511555084,55.631797472746776
acc_distribution,0.11410850251795197,7.498942093324558e-06,0.27045526935106573,0.0002704552693510657,0.0028936620072446554,False,7.303325079047562e-05,8.924778553516608e-05,7.30549014493766e-05,6.971350614644436e-10,1.2555967227492032e-06,2.3102294665531225e-06,0.9999269667492096,0.9999107522144647,0.9999269450985506,0.9999999993029017,0.9999987481895958,0.9999976900151928,1.0009885682696134,1.0008543123196518,1.0009841662237764,1.0000264033153499,1.0007138899517707,1.000031020733649,56.18198594984009,57.94188236650852,56.183369652352134
acc_distribution,0.11744053094884295,7.943282347242822e-06,0.2754228703338166,0.0002754228703338166,0.002902110168819104,False,7.353010257037037e-05,8.995234782771942e-05,7.355192793069001e-05,3.9456335637543876e-08,9.904167112486391e-07,2.3729538227500006e-06,0.9999264698974296,0.9999100476521723,0.9999264480720693,0.9999999605279848,0.9999990117424749,0.9999976241247779,1.0009910588877386,1.0008580381612484,1.0009866320176113,0.9998013638108563,1.0004487018298283,0.9998059857201088,56.39478980220284,58.20226007875718,56.39621721155673
acc_distribution,0.1317704430076226,9.999999999999999e-06,0.33884415613920255,0.00033884415613920257,0.0030089634015952873,False,7.72876427852551e-05,9.544635176731686e-05,7.73107130827198e-05,2.3982117904148108e-08,1.4812429553314459e-06,2.4828524534801387e-06,0.9999227123572147,0.9999045536482326,0.9999226892869173,0.9999999760104525,0.9999985235892107,0.9999975147330236,1.0010250532943605,1.000904898206146,1.0010204756419845,0.9998451383911224,1.0007471564125063,0.9998499949917903,57.24016173321708,59.18634920692048,57.24176830492306
acc_distribution,0.14784886878609763,1.2589254117941661e-05,0.4168693834703354,0.0004168693834703354,0.0031380635756744924,False,8.184066208843577e-05,0.00010192505816597297,8.186525738225982e-05,1.537150448004837e-09,2.420209964141001e-06,2.610958055626706e-06,0.9999181593379116,0.9998980749418338,0.9999181347426178,0.999999998462729,0.9999975902720325,0.9999973883100419,1.0010660107695022,1.0009594555788486,1.0010612549701738,0.9999607934897242,1.001160520483095,0.9999659553118747,58.201961446187944,60.26806591066241,58.20376790163532
acc_distribution,0.15964353629353814,1.4677992676231963e-05,0.4761009495639197,0.0004761009495639197,0.003234505000575921,False,8.530369553360234e-05,0.00010674184686426497,8.5329465919166e-05,1.0797589395013472e-09,3.2549757620397493e-06,2.7260382553570297e-06,0.9999146963044664,0.9998932581531355,0.9999146705340809,0.999999998920312,0.9999967611178839,0.9999972743840244,1.0010964740093753,1.0009990153779733,1.0010915846296173,1.000032859685627,1.0014379879030961,1.0000382613270258,58.91623978396781,61.05186736330762,58.91819164210537
acc_distribution,0.16588915922567116,1.584893192461114e-05,0.5128613839913648,0.0005128613839913648,0.0032937367249389346,False,8.734831785198093e-05,0.00010956901812354744,8.737478375181549e-05,3.3535288861659646e-08,4.197895774418138e-06,2.8231585078566077e-06,0.999912651682148,0.9998904309818765,0.9999126252162482,0.9999999664769902,0.9999958249911739,0.9999971798034629,1.0011152365609226,1.0010229157883486,1.0011102715451106,1.000183126428627,1.001719063649576,1.0001886858176943,59.2824967851514,61.448865652920446,59.28452117550907
acc_distribution,0.18613069801983978,1.9952623149688786e-05,0.5888436553555889,0.0005888436553555889,0.0034147727314253174,False,9.250062429291508e-05,0.00011640064900957333,9.252889910831252e-05,2.0387937087054292e-07,3.101460963860486e-06,3.1929753912875456e-06,0.9999074993757071,0.9998835993509906,0.9999074711008917,0.999999795936389,0.9999969139958725,0.9999967986157386,1.0011525295388246,1.0010705631605996,1.0011473542154514,0.9995484699668122,1.0012707736520838,0.9995543193628712,60.61390865290451,62.858254894893804,60.61620510719571
acc_distribution,0.20884207809036628,2.5118864315095822e-05,0.72443596007499,0.00072443596007499,0.003626573945788737,False,0.0001002002775471246,0.00012663591992465522,0.00010023126014873645,4.211060932540808e-09,5.989512568231456e-06,3.245974377977907e-06,0.9998997997224529,0.9998733640800761,0.9998997687398512,0.9999999957883925,0.9999940495331658,0.9999967526665857,1.0012188897234906,1.001152019147738,1.0012134361285767,0.9999351073121797,1.0020680180923995,0.9999415749576797,61.95960194416931,64.25435508832385,61.962152346244146
acc_distribution,0.22334933960129155,2.8729848333514593e-05,0.8078003271511898,0.0008078003271511897,0.0037544296007351752,False,0.00010506280491109817,0.00013296401775168384,0.00010509553541379762,1.7484658289899332e-09,7.606433874034137e-06,3.4090009540263704e-06,0.9998949371950889,0.9998670359822485,0.9998949044645862,0.9999999982516804,0.9999924480887882,0.9999965917672189,1.0012586007330724,1.0011999005122107,1.0012529722410086,1.0000418146604553,1.0023945883322558,1.000048672475668,62.83057805118683,65.14424733171403,62.83328929236945
acc_distribution,0.23432466565216264,3.1622776601683795e-05,0.8912509381337456,0.0008912509381337456,0.003880812312933678,False,0.00010948743861198887,0.0001387515418081104,0.00010952177334090345,3.1210704445216146e-07,1.165993740733728e-05,3.854721161722765e-06,0.9998905125613881,0.9998612484581918,0.9998904782266591,0.9999996882413904,0.9999884372462742,0.9999961573922007,1.0012981416213858,1.0012465935866333,1.0012923664872007,1.0005586654136889,1.0031115944569946,1.0005659383649217,63.418386488510635,65.75169985530387,63.421190730057305
acc_distribution,0.2629165991598638,3.9810717055349695e-05,1.023292992280754,0.0010232929922807542,0.004077830886779239,False,0.00011813385325364945,0.0001495493344496897,0.00011817141672548308,1.4293826874538927e-08,9.912506461683961e-06,3.887563401526461e-06,0.9998818661467463,0.9998504506655503,0.9998818285832745,0.9999999857027546,0.9999901683882341,0.9999961095969025,1.0013578393292417,1.0013174427564848,1.0013517431224772,0.9998804432064894,1.0027482292383219,0.9998883502055904,65.2380524596304,67.55050689719488,65.24120218201512
acc_distribution,0.29499727619967947,5.011872336272725e-05,1.2589254117941673,0.0012589254117941673,0.004421631943214572,False,0.00013107752813019648,0.00016588720486406452,0.00013112005284082252,8.577060145337292e-07,2.0600276802563403e-05,5.150619127868831e-06,0.9998689224718698,0.9998341127951368,0.9998688799471591,0.9999991438804657,0.9999796199708062,0.9999948746924485,1.0014636357917697,1.001438535087205,1.001457123546691,1.0009261241895846,1.0042257007408377,1.0009352833990992,66.94188790610858,69.26541871536513,66.94528129454439
acc_distribution,0.312476963731664,5.623413251903491e-05,1.3225256712923534,0.0013225256712923535,0.004512927262249829,False,0.000135953455014861,0.0001716660541098616,0.00013599789670392032,2.876782999018463e-09,1.54403073223497e-05,4.50568172924703e-06,0.9998640465449852,0.9998283339458902,0.9998640021032961,0.9999999971235256,0.9999847118258646,0.9999954957677739,1.001490173826343,1.0014695633955424,1.0014834763053484,1.0000536356504484,1.003524046622204,1.0000631302113807,68.0969889153529,70.35994132441559,68.10060971071147
acc_distribution,0.3309923878648536,6.309573444801929e-05,1.4454397707459274,0.0014454397707459273,0.004687758524505277,False,0.00014310907091652362,0.00018044503615832847,0.00014315637387619977,8.36744453852551e-08,1.9008662360387348e-05,4.835285092111961e-06,0.9998568909290835,0.9998195549638413,0.9998568436261237,0.9999999163739418,0.9999811947589831,0.999995173025531,1.00154305946143,1.0015291323214535,1.0015361325893282,1.0002892653546231,1.0039656232191858,1.0002994479936824,69.10351666446968,71.34603603678343,69.10728344024777
acc_distribution,0.37137956741783923,7.943282347242822e-05,1.6595869074375607,0.0016595869074375606,0.004987789911427231,False,0.000157054079029689,0.00019707284720949962,0.00015710709214559392,1.7511984221742455e-07,1.741999848812488e-05,5.46385290797894e-06,0.9998429459209703,0.9998029271527911,0.9998428929078544,0.9999998247334998,0.9999827673357224,0.9999945227819645,1.0016317640877144,1.0016289690298263,1.0016243706270627,0.9995815267724006,1.0036725911364068,0.9995929539613957,71.47499554649696,73.60066822443633,71.47915726619678
acc_distribution,0.4166947281934956,0.0001,1.9054607179632472,0.0019054607179632473,0.0053260352855020055,False,0.0001732152565793261,0.00021608049211297554,0.00017327511798522852,1.4068622219148065e-06,1.5962477284466283e-05,7.323626617016033e-06,0.9998267847434207,0.9997839195078874,0.9998267248820147,0.9999985897944379,0.9999842107222265,0.9999926308374264,1.0017307633059531,1.001738969258196,1.0017228463589964,0.9988138877701015,1.0033537260654248,0.9988268285294557,74.06110477233474,76.0354440977404,74.06567755694655
acc_distribution,0.43717099426962,0.00011006941712530544,2.097729918460222,0.002097729918460222,0.0055865122034449,False,0.000183421815877884,0.00022842186212575918,0.00018348623229240936,4.710475856443506e-09,2.761834627112214e-05,6.248904850808043e-06,0.9998165781841221,0.9997715781378743,0.9998165137677075,0.9999999952901707,0.9999727411169995,0.9999937538949399,1.0018088585924276,1.0018230518513354,1.001800667135251,1.0000686329065132,1.0047524617838284,1.0000827676048198,74.8660737788161,76.86051417222738,74.87066169558501
acc_distribution,0.46753917484344276,0.00012589254117941674,2.344228815319922,0.002344228815319922,0.005915952262017347,False,0.0001973759319062757,0.00024498607238407523,0.00019744673542867864,1.108562099857926e-06,4.0845205151780756e-05,7.835383331154347e-06,0.9998026240680937,0.999755013927616,0.9998025532645713,0.9999988937685904,0.9999597706578462,0.9999922095150044,1.0019061033675654,1.00192729600732,1.0018975280922167,1.0010528827569383,1.0059402109204068,1.0010685903979046,76.21199642788481,78.19031711121619,76.21667207426091
acc_distribution,0.5245875822834551,0.00015848931924611142,2.6915348039269156,0.0026915348039269157,0.006372672994074958,False,0.0002199017959828905,0.00027088144358865864,0.0002199832024754181,3.484973112451608e-07,4.169266852658925e-05,7.950157651252814e-06,0.9997800982040171,0.9997291185564111,0.9997800167975246,0.9999996519137861,0.9999589582386057,0.9999920775649245,1.0020368655254561,1.0020677894546557,1.0020276321467603,1.0005903366084237,1.0059176736959585,1.0006084239097883,79.11669430050382,80.91823345354999,79.12172782671622
acc_distribution,0.5885969482196861,0.00019952623149688788,3.0902954325135905,0.0030902954325135903,0.006887944916299739,False,0.0002460338587850695,0.0003005829597674047,0.00024612818441518725,2.4116687061298235e-08,4.318340954036677e-05,8.650372492641858e-06,0.9997539661412149,0.9996994170402328,0.9997538718155848,0.9999999758908016,0.999957519189357,0.9999913583543565,1.0021825167029503,1.002222540667092,1.0021725511695796,1.000155295483068,1.0059310269018338,1.0001762534411287,82.23113069809293,83.83465363855936,82.23650536846844
acc_distribution,0.6116242168641555,0.000215443469003023,3.2396622471515557,0.0032396622471515557,0.007078769391970734,False,0.00025577875472544486,0.00031159991411537305,0.0002558780751685052,7.55122854174534e-09,4.459601764358582e-05,9.015601066401605e-06,0.9997442212452745,0.9996884000858843,0.9997441219248315,0.9999999924500836,0.9999561445719476,0.9999909898709887,1.0022360883932973,1.0022789791346844,1.002225859795542,1.0000868978051607,1.0060077476522604,1.0001089594326387,83.30109979850793,84.83924496022007,83.30657485259661
acc_distribution,0.6604166380483051,0.00025118864315095795,3.548133892335755,0.003548133892335755,0.00746951977347644,False,0.0002763655681014223,0.0003346868973736262,0.0002764757091704811,5.1530158172730535e-08,4.555879386289099e-05,9.878586286324386e-06,0.9997236344318986,0.9996653131026269,0.9997235242908296,0.9999999484464389,0.9999552188530028,0.9999901089671479,1.002344656238922,1.0023929788227464,1.0023338781925708,0.9997729974489731,1.0059972009077374,0.999797409722852,85.55585090182933,86.94437700068734,85.5615388592106
acc_distribution,0.7409996554182586,0.00031622776601683794,4.073802778041127,0.004073802778041127,0.008126256682265728,False,0.0003115938608927921,0.00037388881492998407,0.00031172345206037836,2.7909966590850187e-07,4.911450352832057e-05,1.151514306032723e-05,0.9996884061391073,0.9996261111850697,0.9996882765479396,0.9999997206052041,0.9999517708528154,0.99998845020475,1.0025250404922978,1.002580673914088,1.0025133630004153,0.9994717011585206,1.0061353874773658,0.999500257960755,89.09089117587264,90.2520832383002,89.09685298399401
acc_distribution,0.8314152880106822,0.00039810717055349735,4.677351412871983,0.004677351412871983,0.008868288493300893,False,0.00035253804951499145,0.0004190005761040793,0.0003526916640182732,5.146872306330731e-07,5.422759570011481e-05,1.3406877743339124e-05,0.999647461950485,0.999580999423896,0.9996473083359818,0.9999994845734831,0.9999468115693412,0.9999865385387505,1.0027255918875935,1.0027873482465304,1.0027129212580712,0.9992825829451197,1.0063670951631285,0.9993160961721641,92.83602653755713,93.76242058374332,92.84221150505122
acc_distribution,0.8556930527381014,0.00042169650342858224,4.894766810459195,0.004894766810459195,0.009132877498853683,False,0.00036575784019372116,0.00043375527757317454,0.0003659197286664505,1.1656695882128568e-08,6.629509522831529e-05,1.3417149043974333e-05,0.9996342421598062,0.9995662447224266,0.9996340802713335,0.9999999883458208,0.9999350666684579,0.9999865935631926,1.0027979715653843,1.0028604881661018,1.0027850199478983,1.000107966179344,1.0072129440590656,1.0001431734073865,93.60021343235444,94.53122406054804,93.60633837854631
acc_distribution,0.9328632963367676,0.0005011872336272725,5.370317963702527,0.005370317963702527,0.009707212962580201,False,0.00040016208233199996,0.0004709702274348757,0.00040034548342273324,5.781761313604205e-07,6.139728681543376e-05,1.542149389044994e-05,0.999599837917668,0.9995290297725649,0.9995996545165773,0.9999994209435988,0.9999398617469707,0.9999845121628732,1.0029484061692833,1.0030148877586123,1.002934641893861,0.9992396210606806,1.0067162038307524,0.9992790406027936,96.7910464036637,97.48010599006075,96.7973939779032
acc_distribution,1.046689833830814,0.000630957344480193,6.165950018614822,0.006165950018614822,0.01065631242925075,False,0.0004556006888009282,0.0005309051552678497,0.0004558211426069906,3.8506105903270385e-07,7.130328828160832e-05,1.7533493353058916e-05,0.9995443993111991,0.9994690948447322,0.999544178857393,0.9999996144606097,0.9999302718693466,0.9999824053933086,1.0031957570431642,1.0032653527313165,1.0031807919324742,0.9993794671168804,1.0072090200283512,0.9994258982373545,100.95605764596365,101.41003794064665,100.96250019944443
acc_distribution,1.1744053094884288,0.0007943282347242813,7.079457843841379,0.007079457843841379,0.011730806252907901,False,0.0005201899411159752,0.0006000989767105397,0.0005204566017092268,6.692524017512234e-08,8.488600746372971e-05,1.9947565689034146e-05,0.999479810058884,0.9993999010232889,0.9994795433982908,0.9999999330401194,0.9999171477354298,0.9999800261079586,1.0034700972192756,1.0035409873356058,1.0034538178134993,0.9997413008693963,1.0078743319163568,0.9997960224830142,105.33181537971744,105.55742391974746,105.33828273170451
acc_distribution,1.1971576342388,0.000825404185268652,7.2656879246456185,0.007265687924645619,0.011948131326027093,False,0.0005328034186803432,0.0006136455706665755,0.000533079566741949,1.697217626443211e-08,9.200027895253277e-05,2.0435103221096025e-05,0.9994671965813197,0.9993863544293338,0.999466920433258,0.999999983032245,0.9999102702290092,0.9999795856953849,1.0035255608861693,1.0035960939094795,1.0035090451670814,1.0001302773052547,1.0082757493364287,1.000186640980544,106.00628104047667,106.21788109036598,106.01270869991839
acc_distribution,1.3177044300762262,0.001,8.128305161640993,0.008128305161640993,0.012948140897767808,False,0.0005955027557660983,0.0006800626310258452,0.0005958271330899022,1.344395400305998e-07,0.00010345340070345777,2.326516559763714e-05,0.9994044972442339,0.9993199373689747,0.9994041728669101,0.999999865658993,0.9998992526172849,0.999976791872654,1.0037740547063814,1.0038442273406674,1.0037563420736424,1.0003666599787686,1.008743458189145,1.0004311435892008,109.9200821337551,109.92792619841921,109.92650814650105
acc_distribution,1.4784886878609769,0.0012589254117941675,9.33254300796991,0.00933254300796991,0.014328323275062295,False,0.000683389801814041,0.0007725601180068888,0.0006837863219179472,1.688001945158496e-06,0.00012881965182498192,2.869949070614012e-05,0.999316610198186,0.9992274398819931,0.999316213678082,0.9999983163757314,0.9998748826011139,0.9999715220680412,1.0041104230603073,1.00417770518006,1.0040911541317596,1.0012992312900937,1.00985027992992,1.0013751602655274,114.7240156935918,114.52783109917632,114.73034724566303
acc_distribution,1.6588915922567116,0.001584893192461114,10.634641572190626,0.010634641572190625,0.01580354980544972,False,0.0007825141416570739,0.0008756501842094381,0.0007829972805737215,2.496521905589708e-06,0.00014429232278095688,3.396287648297054e-05,0.9992174858583429,0.9991243498157902,0.9992170027194263,0.9999975113486377,0.9998601076910337,0.9999663514179941,1.004458326202419,1.0045221960301218,1.0044373949487202,1.0015800385772473,1.0103395204872918,1.0016688817825306,119.99414976249231,119.53676544561587,120.00046215461558
acc_distribution,1.674883764252367,0.001615598098438634,10.634641572190626,0.010634641572190625,0.01580354980544972,False,0.0007864137135267842,0.0008791626262451655,0.0007868998228136832,2.2607984908238133e-08,0.00012056744112245009,3.1609643839281316e-05,0.9992135862864732,0.999120837373755,0.9992131001771862,0.9999999773988122,0.9998829016645203,0.9999684298912643,1.0044543712395801,1.0045204274599673,1.0044333233647218,1.0001503595188481,1.0090887388799379,1.0002397196858577,120.8092360844278,120.22340321649821,120.8156991265775
acc_distribution,1.861306980198398,0.001995262314968879,12.302687708123818,0.012302687708123818,0.017672416422517576,False,0.0009059638364075818,0.001003727742322636,0.0009065629818822182,1.823139928034826e-05,0.00021083383706324059,5.5489807617949645e-05,0.9990940361635924,0.9989962722576777,0.9990934370181177,0.9999819232989569,0.9997966101880597,0.999945610408104,1.0048922822088469,1.0049468919547169,1.0048695262764302,1.0042698242680874,1.012925270469214,1.0043746369718556,125.0010073368667,124.44534342793078,125.00710322956697
acc_distribution,2.088420780903662,0.0025118864315095794,13.182567385564074,0.013182567385564073,0.018650299819295165,False,0.0010030012189577106,0.0010996141508968302,0.0010036926980840433,2.055882543715857e-05,7.949963719195146e-05,6.159683970591171e-05,0.9989969987810423,0.9989003858491032,0.9989963073019159,0.9999792534638587,0.9999223016110548,0.9999370872651931,1.0050825890400754,1.005149055154257,1.005058112161985,0.995465815901713,1.0052708003268847,0.9955834151363372,133.21931656732198,131.74273995040497,133.22629533583142
acc_distribution,2.343246656521626,0.0031622776601683794,15.39886915538719,0.01539886915538719,0.02109352356706552,False,0.0011709298299012931,0.0012715686956754426,0.0011717985621061706,2.6108620361052542e-08,0.00015125402098627944,4.926935648765562e-05,0.9988290701700987,0.9987284313043251,0.9988282014378937,0.999999973899815,0.9998536378118259,0.9999508025458306,1.005622974034706,1.0056748741340842,1.005596432611333,1.0001615816213592,1.0095440417636776,1.0003006561793502,138.34375785423543,136.9041380727891,138.35050294740594
acc_distribution,2.629165991598639,0.003981071705534973,17.378008287493753,0.01737800828749375,0.023255279510556177,False,0.0013405103415249225,0.001441784302999993,0.0013415668455223177,3.609742137101474e-07,0.00014985796723311366,5.7434534420874375e-05,0.9986594896584751,0.9985582156970007,0.9986584331544777,0.9999996385916403,0.9998549388622081,0.9999423897161653,1.0060675380510116,1.0061154329133633,1.0060389559614615,0.9993991887037429,1.0089242993199827,0.9995597617392897,145.24209975961273,143.44723156208303,145.24924473570414
acc_distribution,2.9499727619967944,0.005011872336272725,19.952623149688797,0.0199526231496888,0.026044864954774136,False,0.0015529554610796618,0.001654788026379641,0.0015542609851086817,4.624096728731546e-06,0.00021116007435319128,7.230089540265878e-05,0.9984470445389203,0.9983452119736205,0.9984457390148913,0.9999953957263576,0.9997967268065703,0.9999286214116051,1.0066318651102089,1.0066686192677057,1.006601135181547,1.0021503713002018,1.0113778484834275,1.00233712310692,151.64712091127532,149.71668790655116,151.65473951966618
acc_distribution,3.2783199709090027,0.006189658188917356,22.126357489544354,0.022126357489544356,0.02838378856440604,False,0.0017521640253177837,0.0018514982830864512,0.0017537142792273237,2.3187652962020347e-08,0.00018524314431761686,7.677336932033119e-05,0.9982478359746823,0.998148501716914,0.9982462857207727,0.9999999768194072,0.9998211490191368,0.9999233459745316,1.0070704947896718,1.0071081656834497,1.00703788593017,1.0001522749255853,1.009559416015839,1.0003633198416881,158.98160809259682,156.6329955432299,158.99016605004374
acc_distribution,3.3099238786485357,0.006309573444801929,22.126357489544354,0.022126357489544356,0.02838378856440604,False,0.0017609156477495838,0.0018593204757625878,0.0017624770418925772,4.388050941023599e-06,0.00015205698754143653,8.095796518884977e-05,0.9982390843522504,0.9981406795242376,0.9982375229581074,0.9999955935072391,0.9998524255397946,0.9999180994188179,1.007061541048354,1.0071040055597897,1.0070288021115446,0.997905232485209,1.0075498561479928,0.9981174629015844,160.18147216274775,157.6684624125771,160.19018808836262
acc_distribution,3.71379567417839,0.007943282347242814,24.547089156850298,0.024547089156850298,0.030973955649186487,False,0.0019983166702373964,0.0020914831128275423,0.0020001839268226776,4.6537647765549315e-05,0.00012066459285649906,0.00013278647940353843,0.9980016833297626,0.9979085168871723,0.9979998160731773,0.9999528208495952,0.9998806993294993,0.9998629604610347,1.0075169974532732,1.0075687303466938,1.0074823359166403,0.9931781492419176,1.0032227367348714,0.9934185763981609,169.2747476167852,166.1589158207733,169.2848980740941
acc_distribution,4.166947281934956,0.01,28.183829312644534,0.028183829312644532,0.034841549626682275,False,0.0023183693453417047,0.0024061586157983813,0.0023206652746862607,1.1623608851601247e-05,0.00016523705393746462,0.00011412624826316262,0.9976816306546583,0.9975938413842017,0.9976793347253138,0.9999882967262712,0.9998387010211398,0.9998837308773274,1.0082083393003523,1.0082547645020694,1.008171778371244,0.9965906585897565,1.0061177146218798,0.9968674178630241,176.7056609959649,173.46684954601469,176.71770078571632
acc_distribution,4.586534585139283,0.012115276586276584,31.64590772246232,0.03164590772246232,0.0385018045576639,False,0.0026261176907459655,0.0027071521055279076,0.0026288381888710938,1.0633604753776698e-08,0.00022760710667622366,0.0001187856440477793,0.9973738823092541,0.9972928478944715,0.997371161811129,0.9999999893685879,0.9997801382970789,0.9998813745992586,1.0088329154401228,1.0088771750217709,1.0087949851943185,1.0001031193713799,1.0091090293778278,1.0004134488792522,183.11388400352615,179.7786434750185,183.12818563587302
acc_distribution,4.675391748434428,0.012589254117941675,32.359365692962825,0.03235936569296283,0.039253861778179,False,0.0026909148835465224,0.002770271256018988,0.0026937262285897075,3.8673625050126063e-07,0.0002392715563084407,0.00012254778582272626,0.9973090851164534,0.9972297287439812,0.9973062737714103,0.9999996137443092,0.9997691796283503,0.9998779960602664,1.0089568069577333,1.009001575139325,1.0089186402914512,1.000621881218965,1.0095404955751073,1.0009391263103198,184.4823811212392,181.11454449944867,184.4972150856613
acc_distribution,5.245875822834551,0.015848931924611134,37.15352290971726,0.03715352290971726,0.04429045029864488,False,0.003123908974784636,0.0031911536997627477,0.0031273340856609283,2.7953709995730395e-05,0.00035492869482790443,0.0001738808035344771,0.9968760910252153,0.996808846300237,0.9968726659143392,0.9999723395518113,0.9996613423892198,0.9998310121467338,1.0097640034956195,1.0098129058522078,1.00972470573876,1.0052871268185783,1.0135185082611209,1.0056491981722704,192.63978036823806,189.12684813838356,192.6585227886316
acc_distribution,5.885969482196863,0.0199526231496888,42.65795188015925,0.04265795188015925,0.050042691565524204,False,0.0036261925289431942,0.0036769787221547128,0.0036303407923830317,0.00011216226428461939,0.0005268814549737123,0.00028679048433262857,0.9963738074710569,0.9963230212778456,0.996369659207617,0.999890176267338,0.9995026322263217,0.9997261469218315,1.010630932715627,1.0106924204616872,1.0105912228928826,1.0105906687364217,1.0180712950012711,1.011002041635619,201.21604478791988,197.53181718869058,201.24002305521398
acc_distribution,6.4167926521431395,0.023713737056616554,45.195361166630285,0.04519536116663028,0.05268527297202312,False,0.003929641293325597,0.003964827365411396,0.0039342720876765075,2.5356021563861427e-10,0.0002893814614166686,0.00018185008556729953,0.9960703587066744,0.9960351726345891,0.9960657279123235,0.9999999997464317,0.9997193300762216,0.9998182397850652,1.0109381651853433,1.011048494269651,1.010899105227681,0.9999840764257895,1.0082496035396225,1.0004232913450115,211.11411877365265,206.67523363217606,211.14177998850585
acc_distribution,6.604166380483051,0.025118864315095794,45.708818961487495,0.04570881896148749,0.05321939568751155,False,0.004015731045036545,0.0040452237635883355,0.004020509713132115,4.1936563825243966e-05,0.00023343307865780207,0.00022271400171215952,0.9959842689549635,0.995954776236411,0.9959794902868679,0.9999575149648771,0.9997664436451452,0.9997695609159079,1.0109734168519464,1.0111075238673966,1.0109347893844094,0.9935241553581603,1.002303433185209,0.993970346470689,215.1854957056359,210.37219328271672,215.21428051354206
acc_distribution,7.4099965541825865,0.03162277660168379,52.48074602497726,0.05248074602497726,0.06024668449693466,False,0.004653287065128802,0.004657359133060318,0.004659018801935882,1.9629116551807356e-06,0.0003087500811099084,0.00021778914392168075,0.9953467129348712,0.9953426408669398,0.9953409811980641,0.9999980315765307,0.9996980407546667,0.9997804606288484,1.0119165162025008,1.0120910473114768,1.0118800204142038,0.9985989605090574,1.0066017348496343,0.9991005955545874,224.6608836298583,219.65335909372442,224.69761469586916
acc_distribution,8.314152880106823,0.039810717055349734,60.25595860743578,0.06025595860743578,0.06828194644947976,False,0.005387322764002648,0.005359839031202283,0.00539414322824349,1.752088467520247e-05,0.00043906596102473065,0.0002754411553470573,0.9946126772359973,0.994640160968797,0.9946058567717566,0.9999826248771772,0.9995793093771167,0.9997310821294615,1.0129171145083455,1.0131512047397697,1.012884791303744,1.004185795584498,1.0114016222853228,1.0047467331404305,234.63424577188277,229.38922963315497,234.6808361674611
acc_distribution,8.977415775738184,0.04641588833616342,64.66830490778774,0.06466830490778774,0.07282903948863244,False,0.00585212835119621,0.0058012557906692444,0.005859674899928369,6.165253084988216e-08,0.00038999733547539036,0.0002761588882991845,0.9941478716488038,0.994198744209331,0.9941403251000716,0.9999999383168412,0.9996192877049224,0.9997234028660696,1.0134001032161613,1.0137019988135576,1.013372202839129,0.9997517007232192,1.007132252148865,1.0003452162473683,243.27120982399066,237.57421371122834,243.3245000067081
acc_distribution,9.328632963367673,0.05011872336272722,69.18309709189366,0.06918309709189366,0.07747355418279603,False,0.006229670373197292,0.006163841307400002,0.006237716249196886,0.0001045906409548224,0.000639214699497537,0.0004129514822836109,0.9937703296268027,0.9938361586926002,0.9937622837508031,0.9998975162711744,0.9993982552438707,0.9996070862202394,1.013973278874136,1.0142912999467641,1.0139479163802878,1.010226956583208,1.0166703359886011,1.010850685201429,245.14327406267603,239.61144100148186,245.20178302902124
acc_distribution,10.466898338308141,0.06309573444801933,74.13102413009177,0.07413102413009177,0.08255529305574391,False,0.006875321338359282,0.006770779957662588,0.006884481738404974,0.0001593491156491548,0.0004286188577579496,0.0004698514179296776,0.9931246786616407,0.9932292200423372,0.9931155182615949,0.9998365503640337,0.9995525253289049,0.9995006795994439,1.0143322088868578,1.0148100218384812,1.0143180173593083,0.9873766440417314,0.9953087980005606,0.9880305001010032,261.93668108319855,255.24779685828014,262.0054642735846
acc_distribution,11.74405309488429,0.07943282347242814,85.11380382023764,0.08511380382023763,0.0938086997648394,False,0.007923924859828933,0.007768541856779925,0.007934581384535604,5.6748144520286485e-05,0.000476018290371513,0.00042747825967164857,0.992076075140171,0.9922314581432197,0.9920654186154645,0.9999423871134345,0.9995150900956875,0.999553705782759,1.0154438836379687,1.01606951518771,1.0154453870228541,0.992466863566861,0.9997336994038819,0.9931826428344281,273.43898274943797,266.4356750178638,273.52372233694314
acc_distribution,12.55985636117796,0.09085175756509895,93.0295216825771,0.0930295216825771,0.10190064821382155,False,0.008646176847476579,0.008456251321856047,0.008657786292882056,4.240400434905455e-07,0.0005615355605854853,0.0004205081795188387,0.9913538231525234,0.9915437486781444,0.991342213707118,0.9999995754071608,0.999448688309047,0.9995770760949632,1.0162119659965245,1.0169387596916493,1.0162255245534024,0.9993488164287311,1.0059985876075859,1.0001063388993994,279.6856150827714,272.56751062015326,279.781239426048
acc_distribution,13.177044300762262,0.1,97.72372209558107,0.09772372209558107,0.106693064186448,False,0.009114939712521091,0.008900776773991098,0.009127206624825928,5.342914370664524e-06,0.0005781045947642629,0.00044804522954074405,0.9908850602874789,0.9910992232260089,0.9908727933751741,0.9999946322997038,0.9994273059371378,0.9995447274951804,1.0165998249044814,1.017417153684917,1.0166236600550878,0.9976885254985909,1.0043754151779702,0.9984662030133843,285.52061529939397,278.1521045024072,285.6236097313967
acc_distribution,14.78488687860977,0.12589254117941673,112.2018454301963,0.1122018454301963,0.12144925398726795,False,0.010461947149047076,0.010180937763018753,0.010475909000009293,8.453123555338499e-06,0.0007418213563883787,0.0005369968740330257,0.989538052850953,0.9898190622369816,0.9895240909999907,0.9999915958165623,0.9992844265763715,0.9994704917995986,1.017794668091081,1.018856632353371,1.0178495874180253,1.0029074255889598,1.009128905487191,1.0037453093013824,298.19366692522084,290.41207939159324,298.3171179476416
acc_distribution,16.588915922567114,0.15848931924611134,128.82495516931337,0.12882495516931336,0.13835388364695902,False,0.011978568744994209,0.011622819036254475,0.01199426797306362,6.349867830235105e-05,0.0009701734609033866,0.0006942253664119716,0.9880214312550057,0.9883771809637453,0.9880057320269364,0.9999375013445752,0.999085689463394,0.9993332342193254,1.0190222601978054,1.0203920862286266,1.0191197430647605,1.0079686057941368,1.0138689153886946,1.0088627745275558,311.4584247113652,303.2214974741404,311.6043476888005
acc_distribution,17.571870987632057,0.1778279410038923,135.0277952786786,0.13502779527867861,0.14465331286025912,False,0.012633703205809423,0.012243552450100125,0.012650266488891292,1.6578299172515184e-06,0.0008572141668558499,0.0006536533131629458,0.9873662967941905,0.9877564475498999,0.9873497335111088,0.9999983378926878,0.9991564566214002,0.9993377433419407,1.0193415060148852,1.020897745783923,1.0194655499191687,0.9987124325581735,1.0051787637319918,0.9996096241089429,320.13627315947997,311.47730542985386,320.2928887675309
acc_distribution,18.613069801983983,0.19952623149688797,147.91083881682073,0.14791083881682074,0.15772461131414978,False,0.013678236184857532,0.013240427820917347,0.013695659470422773,0.00016120957915278405,0.0012611873876223069,0.0009133280062219903,0.9863217638151425,0.986759572179083,0.9863043405295773,0.9998428074568643,0.9988348869195182,0.9991408370731144,1.0202758138859043,1.02202834214624,1.0204308451051505,1.0126968334301425,1.0184500891565769,1.0136403679092634,325.3021061823966,316.5755463026147,325.4722416304987
acc_distribution,20.88420780903662,0.251188643150958,169.82436524617444,0.16982436524617445,0.17992621960976596,False,0.0155739369685741,0.01504785148625668,0.015593000614175966,0.000285523019789351,0.0016072427409987797,0.0011815738180665982,0.9844260630314259,0.9849521485137426,0.984406999385824,0.9997238870145377,0.9985404617765775,0.9989062543017868,1.0215481324851872,1.0237712584571774,1.0217801918180516,1.0168974264250314,1.0227071531589866,1.017879362633035,339.69822899526315,330.45765994421765,339.8939612731649
acc_distribution,23.432466565216263,0.31622776601683794,181.97008586099827,0.18197008586099828,0.1922171815590011,False,0.016997616234826294,0.01640176476741002,0.017018502094176144,0.0004015058114404909,0.0013619741784774671,0.0013150681990659397,0.9830023837651737,0.9835982352325903,0.9829814979058238,0.9995819068817458,0.9985264955573632,0.9985374336669712,1.0217566827034112,1.0245380901348426,1.0220894485328185,0.9799623900766461,0.9878819182091537,0.9808674620709454,360.2447017710711,350.03403782491444,360.46516549857176
acc_distribution,24.583931625236062,0.3480700588431082,198.4598599985392,0.1984598599985392,0.2088904761032069,False,0.01820213140390158,0.017558007002134963,0.01822346812005316,4.827105693701618e-06,0.0013660809769107415,0.0010556501755753058,0.9817978685960984,0.9824419929978648,0.9817765318799467,0.9999951516132438,0.9986574538936255,0.9989173190702864,1.0227356255526938,1.025791237718142,1.0231205636202687,0.9978029324785748,1.0051163925628912,0.9987496283776802,363.95003082097725,353.7348880894467,364.1829018649501
acc_distribution,26.291659915986386,0.3981071705534972,208.92961308540387,0.20892961308540386,0.21946959374655867,False,0.019253310802997768,0.018564205918105647,0.019275615521016202,0.00036088686933011667,0.0015543169127207055,0.0014591439003938734,0.9807466891970023,0.9814357940818945,0.9807243844789838,0.9996250007234903,0.9983280092742429,0.9983739173010084,1.0229937728620149,1.0264507550217667,1.0234604915479362,0.9810029773561719,0.9893218055475503,0.9818954066408065,375.35955701629103,364.67807124035926,375.60843293539324
acc_distribution,29.49972761996794,0.5011872336272722,239.88329190194898,0.239883291901949,0.250719404999258,False,0.021738412632995367,0.02095666582711857,0.021761787850185076,0.00036401219577226215,0.0018098732712044634,0.0016861493271256886,0.9782615873670046,0.9790433341728817,0.978238212149815,0.9996216898776604,0.9980549935118361,0.9981092457264783,1.0242262808878257,1.0284948871424546,1.0248686006409198,0.9809208963582599,0.9898846419843085,0.9817693247639129,390.8792178121391,379.7308876477372,391.15676175626396
acc_distribution,33.099238786485365,0.6309573444801932,275.4228703338166,0.2754228703338166,0.286558471951192,False,0.024462606416871348,0.023593104935418694,0.02448656864509701,0.00042064665341265775,0.002137399979070139,0.002015919272493441,0.9755373935831286,0.9764068950645808,0.975513431354903,0.9995615529680673,0.9976892572058997,0.9977118546512176,1.025448025802248,1.0306858086125246,1.0263194201005001,0.9794903278082594,0.9893532030022432,0.9802536237079633,406.7347321481333,395.1370688710424,407.04066181742337
acc_distribution,34.394157262989864,0.6812920690574383,296.5292585098185,0.2965292585098185,0.30782635906517875,False,0.025780482983642085,0.024874783355645063,0.02580401757427205,1.1240790866170729e-05,0.0022381136641044723,0.0017877065236494571,0.9742195170163579,0.9751252166443549,0.9741959824257279,0.9999886834537179,0.9978053947776543,0.9981296749751007,1.0263599438241822,1.0319889927550394,1.027324319794593,0.9966472711314258,1.0063724715159301,0.9974227956024535,409.93311541301057,398.31892358210337,410.24694652271376
acc_distribution,37.13795674178391,0.7943282347242815,316.2277660168379,0.3162277660168379,0.3276663891691158,False,0.027433804571772653,0.02648688924874949,0.02745771447049346,0.000553010751786127,0.0025549463526157194,0.0024847084138849822,0.9725661954282273,0.9735131107512501,0.9725422855295065,0.999420032746968,0.9971967306839098,0.9971249727475802,1.0266547120500336,1.0330440670036114,1.0278236698555798,0.9764838193622747,0.9874977170717828,0.977109809896332,422.8476911485816,410.83226131619745,423.18119645255183
acc_distribution,41.66947281934956,1.0,389.04514499428046,0.38904514499428045,0.4009454959704331,False,0.03166017420964617,0.030636655795711606,0.031681321115765236,0.0003285879475624413,0.0039048823620524394,0.0028915197905916568,0.9683398257903538,0.9693633442042884,0.9683186788842348,0.9996830084215615,0.9965668761043515,0.9972951485058151,1.029227597320283,1.0370894097961552,1.0307911030155912,1.0181269949953775,1.0297203529315064,1.0186805347302696,434.59149956740475,422.45936259771673,434.943928371663
acc_distribution,46.75391748434427,1.2589254117941673,446.683592150963,0.44668359215096304,0.45889707365837606,False,0.03519042837847193,0.03413865715354269,0.03520921389606821,0.00014463652256731992,0.004228302674866762,0.0032393603118632012,0.964809571621528,0.9658613428464574,0.9647907861039318,0.9998587806498282,0.9961904693515697,0.9968361787772907,1.030493976219883,1.0399859777972464,1.0325573307096758,1.0120264925297162,1.0254937748597357,1.0122981918377558,451.0978839478897,438.64448016773053,451.4725557650291
acc_distribution,48.11915652329192,1.333521432163324,452.4713779909035,0.4524713779909035,0.4647142741195202,False,0.03577103419347024,0.03471985149158285,0.03578982014355822,2.2652768757663186e-05,0.0037538341267325946,0.0032005981661047235,0.9642289658065297,0.9652801485084167,0.9642101798564418,0.9999771300506053,0.996296723544734,0.9965332822791328,1.0303413987582193,1.040240709875187,1.0325464572693226,0.9952405075104941,1.00934130352016,0.9953918338370453,456.42065564446057,443.82728821432966,456.80383636700583
acc_distribution,52.45875822834551,1.5848931924611136,512.8613839913648,0.5128613839913648,0.5253927754014792,False,0.03896879055609564,0.03792573903932297,0.03898386924122815,1.2379966558885009e-05,0.0046105672237565344,0.0037853687909218904,0.9610312094439044,0.962074260960677,0.9610161307587719,0.99998770669406,0.9956514516015947,0.9960548220877687,1.0317714376744285,1.043182374240817,1.0344776302820289,1.0035185176649954,1.0190310520650252,1.0034236798444165,467.55062759153,454.85754557129644,467.9454231949402
acc_distribution,58.859694821968624,1.9952623149688795,588.843655355589,0.588843655355589,0.601698301749894,False,0.042992935397795584,0.04200641915169991,0.04300264784217977,5.685689358636074e-05,0.005167006663007047,0.004704159370122899,0.9570070646022044,0.9579935808482997,0.9569973521578202,0.9999422758679926,0.9947601842398166,0.9946711883647084,1.033077446308578,1.0467485235040221,1.036608312860339,0.9924596489745927,1.0101166358648006,0.9919161119498803,483.8463906398094,471.00603159149017,484.2589710056812
acc_distribution,66.04166380483052,2.51188643150958,676.0829753919819,0.6760829753919819,0.6892668983835603,False,0.04726001392496414,0.04638996112980584,0.04726231377791451,0.0004502329146924972,0.006071556281175369,0.006224727629536096,0.9527399860750358,0.9536100388701948,0.9527376862220855,0.9995300345754806,0.9932040531560002,0.9922579435205781,1.0344358389328636,1.0507743530066271,1.0390224287798424,0.9787813074226404,0.9985977187082844,0.9777202500467068,499.88087057082777,486.9940672841481,500.30875793248833
acc_distribution,67.321121049959,2.61015721568454,708.6064837952597,0.7086064837952597,0.7219038994502268,False,0.04840238416374666,0.04756930067695521,0.048401680002820316,4.995096150966979e-05,0.006558470970324425,0.006134188105337635,0.9515976158362534,0.9524306993230444,0.9515983199971797,0.9999493354152559,0.9932577683409205,0.9928716924527292,1.0353384942514952,1.052237087143752,1.0401377569193868,0.9929324005836727,1.0132826651102154,0.9918045199556496,501.403729803822,488.6078656920106,501.82806977523177
acc_distribution,74.09996554182587,3.1622776601683795,810.1522070007605,0.8101522070007605,0.8237777571219034,False,0.05249818806982006,0.05184678918992711,0.05248734123681145,6.169689105277256e-05,0.00778849111446886,0.007463787330902907,0.9475018119301799,0.9481532108100725,0.9475126587631886,0.9999373223429584,0.9918080747744545,0.9910636030769445,1.0371836507566219,1.056819107531863,1.0431418123740768,0.9921452631455425,1.0145365286935246,0.9905623929026433,513.6483726404894,500.9894713660031,514.0775884506079
acc_distribution,83.1415288010682,3.9810717055349722,954.9925860214358,0.9549925860214359,0.9690316479628287,False,0.05768961046608207,0.057355097478730695,0.05766264276194416,7.78423030159962e-05,0.009651284227149582,0.00946569525174248,0.9423103895339179,0.9426449025212693,0.9423373572380559,0.9999207657239014,0.9894791428873482,0.9881767929530363,1.039814682572806,1.0633211998247976,1.0475196046240631,0.9911771714843823,1.0161203243949952,0.9890551309801627,527.8368990846338,515.4721378267466,528.2675755646849
acc_distribution,93.28632963367673,5.011872336272722,1142.4841819029282,1.142484181902928,1.1569892901040417,False,0.06335746825560294,0.06348460581421675,0.06330767090377798,7.153311689970798e-06,0.012477000351589641,0.011980595933838496,0.936642531744397,0.9365153941857836,0.9366923290962221,0.9999928082702202,0.9864186693067556,0.9849002431942634,1.0434850926195334,1.071692579130362,1.0534375733053785,0.9973254324293503,1.0251500470756163,0.994760077401933,541.0880313143305,529.2100420549431,541.5121371619495
acc_distribution,94.18563555294763,5.108969774503006,1142.4841819029282,1.142484181902928,1.1569892901040417,False,0.06358267880018155,0.06373410437872931,0.06353239606116359,0.00015360205265944375,0.01215458404683019,0.012251470259931315,0.9364173211998185,0.9362658956212714,0.9364676039388364,0.9998425186046662,0.9858293730325633,0.9836324599504855,1.0432124427862897,1.0717895753257947,1.0533651323361433,0.9876063704807896,1.0153288153822038,0.9849842332914344,542.5811485937849,530.6806893558754,543.0091677379216
acc_distribution,104.66898338308141,6.309573444801933,1348.9628825916532,1.348962882591653,1.3639168575336968,False,0.06902017292638958,0.06974356633939671,0.06894222484377102,6.893919768357601e-05,0.01528190988120557,0.015090622884456372,0.9309798270736104,0.9302564336606035,0.931057775156229,0.9999299015857387,0.9818277567581675,0.9793564813489275,1.04729866969297,1.0811250447348089,1.0601168935870038,0.9916970368130663,1.0221056245641378,0.9888365318742242,554.0846079185235,542.7550336553404,554.5028364669447
acc_distribution,117.4405309488429,7.943282347242816,1548.816618912481,1.548816618912481,1.56415844093808,False,0.07447572196571757,0.07590715771748455,0.07436605678381222,0.0011856758019762753,0.017949029145120966,0.019431833969128,0.9255242780342824,0.9240928422825152,0.9256339432161877,0.9987282501170015,0.9727562336796431,0.967873349804105,1.0503344572885238,1.0908440611568064,1.0667810706251086,0.9655663565393339,0.9975313447973713,0.9625331783063973,566.9655853606665,556.1410594641546,567.3845260604967
acc_distribution,131.77044300762262,10.0,1889.0844810743756,1.8890844810743757,1.9050112395853185,False,0.08122454699230948,0.08369964142211483,0.0810622346793552,0.0005391828778391419,0.023046976854565516,0.02331134076799299,0.9187754530076905,0.9163003585778852,0.9189377653206448,0.99943487717014,0.9645611010848651,0.9611390278262532,1.057603553229125,1.106719928401211,1.0788207626889328,0.9767796882484506,1.012157012589438,0.9741833272529093,577.499774367089,567.5773842694534,577.8967536060431
gen_MC_oracle,0.0,0.0,9.999999999999999e-06,9.999999999999999e-09,0.002412214863468124,True,5.671668049584451e-05,6.0126716958698756e-05,5.6733080649769226e-05,6.994120108865785e-14,9.332336113696382e-13,1.768662135019246e-06,0.9999432833195041,0.9999398732830413,0.9999432669193502,0.9999999999999301,0.999999999999067,0.9999982312249434,1.0008337730363603,1.0006012237523856,1.0008300624087427,1.0000002644639883,1.0000009376494021,1.000004020591812,52.046522216010246,51.39194432356475,52.04699738438049
gen_MC_oracle,0.004166947281934956,1e-08,9.999999999999999e-06,9.999999999999999e-09,0.002412214863468124,True,5.672543072089135e-05,6.01519593688383e-05,5.674183425662455e-05,1.2063140297846618e-10,8.825243053271533e-09,1.7693865334489204e-06,0.9999432745692791,0.9999398480406309,0.9999432581657434,0.9999999998793659,0.9999999911722786,0.9999982303810895,1.000833764263736,1.000601270117483,1.0008300530410483,0.9999890167671891,0.9999248846684288,0.9999927721446138,52.053720295645164,51.43455807354512,52.0541967492743
gen_MC_oracle,0.004675391748434425,1.2589254117941661e-08,9.999999999999999e-06,9.999999999999999e-09,0.002412214863468124,True,5.6727696376514884e-05,6.015952442792552e-05,5.674410078782931e-05,1.9308508987334957e-10,1.2930211690903766e-08,1.7696153510360525e-06,0.9999432723036235,0.999939840475572,0.9999432558992122,0.9999999998069096,0.9999999870654688,0.9999982301213248,1.0008337619922878,1.000601271348118,1.000830050615531,0.9999861044938965,0.9999065036332847,0.9999898596769936,52.05558406137876,51.4455906823449,52.05606084782447
gen_MC_oracle,0.005245875822834551,1.584893192461114e-08,9.999999999999999e-06,9.999999999999999e-09,0.002412214863468124,True,5.6730548667953736e-05,6.016917384927749e-05,5.674695418152748e-05,3.0841741050276663e-10,1.912727857213217e-08,1.769927542714211e-06,0.999943269451332,0.9999398308261509,0.9999432530458184,0.9999999996915717,0.9999999808650941,0.9999982297701622,1.0008337591326875,1.0006012715827086,1.0008300475619962,0.9999824381831662,0.9998835240852861,0.9999861931215941,52.05793040342242,51.459479770676246,52.05840760887712
gen_MC_oracle,0.005885969482196862,1.9952623149688786e-08,9.999999999999999e-06,9.999999999999999e-09,0.002412214863468124,True,5.673413949012795e-05,6.01814626498689e-05,5.675054639131308e-05,4.91836643191186e-10,2.854561126605845e-08,1.7703588072524027e-06,0.9999432658605099,0.9999398185373503,0.9999432494536087,0.9999999995081416,0.9999999714407458,0.9999982292898177,1.000833755532675,1.0006012704029332,1.0008300437178388,0.9999778226096397,0.9998547754477994,0.9999815772400215,52.06088427304593,51.4769649361997,52.06136200602987
gen_MC_oracle,0.006604166380483055,2.511886431509582e-08,9.999999999999999e-06,9.999999999999999e-09,0.002412214863468124,True,5.67386600674123e-05,6.0197091424315e-05,5.675506871541599e-05,7.833277277926151e-10,4.294423489338999e-08,1.7709623393717678e-06,0.9999432613399326,0.999939802908576,0.9999432449312846,0.9999999992166284,0.9999999570310573,0.9999982286244675,1.0008337510005274,1.000601267262586,1.0008300388783566,0.9999720120074355,0.9998187867751686,0.9999757662499433,52.06460297457811,51.49897727507177,52.065081371726606
gen_MC_oracle,0.007409996554182586,3.162277660168379e-08,9.999999999999999e-06,9.999999999999999e-09,0.002412214863468124,True,5.6744351137031544e-05,6.021694426675351e-05,5.676076198402173e-05,1.2463026091958743e-09,6.506983196857606e-08,1.7718181859540743e-06,0.999943255648863,0.9999397830557335,0.999943239238016,0.9999999987536093,0.9999999348848909,0.9999982276907451,1.0008337452948928,1.0006012614520678,1.0008300327858493,0.9999646969886667,0.9997737094676666,0.9999684507428007,52.069284542435845,51.5266889655119,52.06976377578866
gen_MC_oracle,0.008314152880106817,3.981071705534969e-08,9.999999999999999e-06,9.999999999999999e-09,0.002412214863468124,True,5.67515157691955e-05,6.024213653950026e-05,5.676792938434316e-05,1.981311214351796e-09,9.921981093857026e-08,1.7730478466975358e-06,0.9999432484842308,0.9999397578634599,0.9999432320706156,0.9999999980185124,0.9999999006963052,0.9999982263629558,1.0008337381119174,1.000601252053403,1.0008300251158997,0.9999554880778403,0.9997172201249432,0.9999592412170013,52.075178287178986,51.561575689782664,52.07565857336263
gen_MC_oracle,0.009328632963367675,5.011872336272725e-08,9.999999999999999e-06,9.999999999999999e-09,0.002412214863468124,True,5.676053550669287e-05,6.027407504145799e-05,5.677695260642355e-05,3.1477724651700964e-09,1.5212899257419693e-07,1.7748371268045184e-06,0.9999432394644933,0.9999397259249585,0.9999432230473935,0.9999999968518742,0.9999998477140335,0.9999982244499853,1.000833729069084,1.00060123788328,1.0008300154601044,0.9999438949871654,0.9996463984656522,0.9999476473519064,52.08259807220675,51.605495218771736,52.08307968400331
gen_MC_oracle,0.010466898338308139,6.30957344480193e-08,9.999999999999999e-06,9.999999999999999e-09,0.002412214863468124,True,5.6771890683436025e-05,6.0314533790697264e-05,5.6788312169488676e-05,4.99841464661167e-09,2.343666129528963e-07,1.7774719920670278e-06,0.9999432281093166,0.9999396854662095,0.9999432116878305,0.9999999950008785,0.9999997653369944,0.9999982216591321,1.0008337176848539,1.0006012174209673,1.0008300033043365,0.9999293005329114,0.9995575739663656,0.9999330519224074,52.09193902812826,51.66078634407871,52.09242230905359
gen_MC_oracle,0.011744053094884296,7.943282347242822e-08,9.999999999999999e-06,9.999999999999999e-09,0.002412214863468124,True,5.6786186003993385e-05,6.0365749468394154e-05,5.6802613011293415e-05,7.933855151386295e-09,3.6253811722624167e-07,1.7813949337796377e-06,0.999943213813996,0.9999396342505316,0.9999431973869887,0.9999999920647313,0.999999636897789,0.9999982175393296,1.000833703352952,1.0006011887171686,1.0008299880013807,0.9999109278093264,0.9994461332904336,0.9999146779705435,52.103698594908295,51.730393426088646,52.104183977587354
gen_MC_oracle,0.01317704430076226,1e-07,9.999999999999999e-06,9.999999999999999e-09,0.002412214863468124,True,5.6804182746312806e-05,6.043054161974565e-05,5.682061670317695e-05,1.2589091164173926e-08,5.627560565432312e-07,1.7872937133641725e-06,0.9999431958172537,0.9999395694583795,0.9999431793832968,0.9999999874080834,0.9999994361629173,0.9999982113918429,1.000833685310149,1.000601149278801,1.0008299687364959,0.9998877988807356,0.9993062786202812,0.9998915474947963,52.118503012359376,51.81802319065653,52.11899104169444
gen_MC_oracle,0.014784886878609762,1.2589254117941662e-07,9.999999999999999e-06,9.999999999999999e-09,0.002412214863468124,True,5.682683930254821e-05,6.0512464027456866e-05,5.684328200637738e-05,1.997054927353388e-08,8.761118100711331e-07,1.7962412599074672e-06,0.9999431731606975,0.9999394875359721,0.9999431567179937,0.9999999800238052,0.9999991218041344,0.9999982021295919,1.0008336625955994,1.000601095923426,1.0008299444840685,0.9998586828061645,0.9991307245977287,0.9998624294711671,52.13714066969534,51.928342124381295,52.137632032088845
gen_MC_oracle,0.016588915922567116,1.584893192461114e-07,9.999999999999999e-06,9.999999999999999e-09,0.002412214863468124,True,5.6855362216936726e-05,6.061599533521192e-05,5.6871815929348504e-05,3.16732315571376e-08,1.3673004024232742e-06,1.809916418069005e-06,0.9999431446377831,0.9999393840046648,0.9999431281840707,0.9999999683154916,0.9999986286613886,0.9999981880552784,1.000833633999687,1.000601024595416,1.0008299139530625,0.9998220302510056,0.9989103186310244,0.999825774460227,52.160604090131905,52.06722498046887,52.16109965036371
gen_MC_oracle,0.01861306980198398,1.9952623149688787e-07,9.999999999999999e-06,9.999999999999999e-09,0.002412214863468124,True,5.6891270438678844e-05,6.074677909072226e-05,5.690773800502123e-05,5.022473689668089e-08,2.1382110654163395e-06,1.8309525299340889e-06,0.9999431087295613,0.9999392532209095,0.999943092261995,0.999999949752744,0.9999978539305967,0.9999981665111031,1.0008335979995726,1.0006009301338457,1.00082987551837,0.9997758912386883,0.9986335657547316,0.9997796323529917,52.190142786367105,52.24206762900752,52.19064363415909
gen_MC_oracle,0.02088420780903663,2.5118864315095823e-07,1.8620871366628657e-05,1.8620871366628656e-08,0.0024122310277641386,False,5.6936824690062224e-05,6.091191322738325e-05,5.6953309786272875e-05,7.949958229019792e-08,3.3266886674284648e-06,1.8633624323213121e-06,0.9999430631753099,0.9999390880867729,0.9999430466902137,0.9999999204555678,0.9999966581602717,0.9999981334536601,1.0008335581031453,1.000600806885578,1.0008298325483003,0.9997180432971355,0.998290658410002,0.9997217805494196,52.22732738028084,52.45970163359529,52.22783489561297
gen_MC_oracle,0.023432466565216265,3.162277660168379e-07,0.00014791083881682073,1.4791083881682074e-07,0.002412473441255355,False,5.699895398029817e-05,6.111738560819998e-05,5.7015462460193874e-05,1.2360663310454543e-07,4.77484446176372e-06,1.9114863621631183e-06,0.9999430010460197,0.9999388826143917,0.9999429845375398,0.9999998763064064,0.9999952000524963,0.9999980845312779,1.0008335824124928,1.0006006799135028,1.0008298528390243,0.9996484226498983,0.9979306562530635,0.9996521555753395,52.27409684317777,52.69492708031984,52.27461284686926
gen_MC_oracle,0.02629165991598638,3.981071705534969e-07,0.00031622776601683794,3.162277660168379e-07,0.0024127890072960893,False,5.707737340813393e-05,6.137065556900207e-05,5.709391136238835e-05,1.9273890715458976e-07,6.858715418485496e-06,1.9856824535923226e-06,0.9999429226265919,0.9999386293444307,0.9999429060886376,0.9999998070917487,0.9999930994809557,0.9999980092972807,1.0008336165217189,1.0006005599486172,1.0008298818892831,0.9995609796050813,0.9974971132021543,0.9995647071005556,52.332947277990925,52.979254828254916,52.33347397888227
gen_MC_oracle,0.029499727619967945,5.011872336272725e-07,0.0005128613839913648,5.128613839913648e-07,0.002413157631700255,False,5.717545042441009e-05,6.168299380774942e-05,5.719202527275486e-05,3.0187720754667256e-07,9.950869317954254e-06,2.101193223508732e-06,0.9999428245495756,0.9999383170061924,0.9999428079747272,0.9999996977907959,0.9999899779014986,0.9999978924086037,1.0008336498760377,1.0006004416410181,1.0008299089060255,0.9994505664666707,0.9969639412648587,0.9994542870429233,52.40700083193293,53.32892003128619,52.407540999706214
gen_MC_oracle,0.03309923878648536,6.30957344480193e-07,0.0007762471166286919,7.762471166286919e-07,0.002413651342931559,False,5.7299508128834366e-05,6.206811612526349e-05,5.731612953607603e-05,4.7316454982338947e-07,1.4395694933238162e-05,2.280521199403408e-06,0.9999427004918712,0.9999379318838747,0.9999426838704639,0.9999995261838269,0.9999854828733118,0.9999977112232548,1.00083370186584,1.000600343220803,1.0008299529152367,0.9993121304267353,0.9963268529776912,0.999315842344906,52.500154219325765,53.74886656956561,52.50071136933754
gen_MC_oracle,0.03713795674178392,7.943282347242821e-07,0.0010964781961431851,1.096478196143185e-06,0.002414251529788925,False,5.74551512178788e-05,6.25423487188973e-05,5.7471831010554694e-05,7.434723705708824e-07,2.0914289077626494e-05,2.560960383617501e-06,0.9999425448487821,0.9999374576512818,0.9999425281689894,0.9999992552438535,0.9999788760948239,0.9999974281928353,1.0008337602224107,1.0006002562134946,1.0008300012681532,0.9991377515609925,0.9955531376063906,0.999141452494873,52.61733036207209,54.25978556745278,52.61790891048494
gen_MC_oracle,0.04166947281934956,1e-06,0.0015488166189124811,1.548816618912481e-06,0.002415099167124135,False,5.765292513085318e-05,6.312485869148172e-05,5.766967880907482e-05,1.166541462953593e-06,3.0047162783830705e-05,2.99683298035497e-06,0.9999423470748692,0.9999368751413086,0.999942330321191,0.9999988309345663,0.9999695958207195,0.9999969885973742,1.0008338647295236,1.0006002395923612,1.0008300931646463,0.9989199345098775,0.9946503749187964,0.9989236217977188,52.76462917491266,54.86091090015531,52.76523473511891
gen_MC_oracle,0.04675391748434425,1.2589254117941661e-06,0.0023442288153199225,2.3442288153199226e-06,0.002416589267703533,False,5.791062476230642e-05,6.383673057819526e-05,5.792747367824428e-05,1.8151795646388668e-06,4.149597485415677e-05,3.6617359708051114e-06,0.9999420893752377,0.9999361632694214,0.9999420725263217,0.9999981799194009,0.999957930097068,0.9999963182138978,1.0008341386406077,1.0006005183372833,1.0008303509903183,0.9986527140004294,0.9936917642082321,0.9986563851139705,52.94946874706813,55.51544656202149,52.950108503944456
gen_MC_oracle,0.05245875822834551,1.584893192461114e-06,0.0035481338923357532,3.5481338923357534e-06,0.002418843602518419,False,5.824251579928833e-05,6.470023673870663e-05,5.8259486373890225e-05,2.8112833430608546e-06,5.5691715329617174e-05,4.678453289647173e-06,0.9999417574842007,0.9999352997632613,0.999941740513626,0.9999971792656026,0.9999434222059973,0.9999952930320991,1.0008346111259916,1.000601236925589,1.0008308030967092,0.9983233117931288,0.9926709628269492,0.9983269634440753,53.18118806129539,56.22953896103101,53.18187103852003
gen_MC_oracle,0.058297689037868805,1.957341781489163e-06,0.005011872336272725,5.011872336272725e-06,0.0024215828244049586,False,5.8624365720533325e-05,6.564442610425672e-05,5.8641475616126706e-05,4.1970186125009674e-06,7.201464270939331e-05,6.087825309153315e-06,0.9999413756342794,0.9999343555738957,0.9999413585243839,0.9999957857318474,0.9999266886729898,0.9999938713234386,1.00083520666944,1.0006023405552116,1.0008313754177722,0.9979513373600075,0.9916472185250386,0.9979549671360454,53.44473550148143,56.9568286803059,53.445467956422135
gen_MC_oracle,0.058859694821968615,1.9952623149688787e-06,0.005370317963702527,5.370317963702527e-06,0.0024222533388314413,False,5.867135235774623e-05,6.573823090035031e-05,5.868847866240972e-05,4.3274382275021e-06,7.207987167293723e-05,6.22074518022489e-06,0.9999413286476423,0.9999342617690995,0.9999413115213376,0.9999956545011331,0.9999266229937119,0.9999937371952603,1.0008353990424865,1.0006027280684342,1.0008315651827395,0.9979197504410523,0.9916404767488549,0.9979233790120761,53.4710584403864,56.97707734466576,53.47179602886125
gen_MC_oracle,0.06604166380483055,2.5118864315095823e-06,0.007585775750291836,7.585775750291836e-06,0.002426395207862309,False,5.920643504415567e-05,6.697687500848004e-05,5.922375532548384e-05,6.691942504066751e-06,9.372535071512831e-05,8.618176579377266e-06,0.9999407935649558,0.9999330231249917,0.9999407762446746,0.9999932733001948,0.9999043592343546,0.9999913166625535,1.0008363418169672,1.0006047563441876,1.0008324758534002,0.9974131210882481,0.9904471900901441,0.9974167201673761,53.83394721156121,57.84486480865537,53.834753549531285
gen_MC_oracle,0.07409996554182587,3.162277660168379e-06,0.010715193052376065,1.0715193052376065e-05,0.0024322387369167158,False,5.9890328019377506e-05,6.844950251349401e-05,5.990789420117976e-05,1.0293372059153666e-05,0.00011847584068272281,1.2261266511578946e-05,0.9999401096719807,0.9999315504974863,0.9999400921057988,0.9999896402596763,0.9998788119252636,0.9999876337639586,1.0008377429108182,1.0006080003101543,1.0008338366263567,0.9967916714539883,0.9892383178168224,0.9967952350808025,54.28627452709434,58.75763268321907,54.28716753841281
gen_MC_oracle,0.081561400161846,3.8311868495543465e-06,0.01412537544622754,1.412537544622754e-05,0.0024385972493999168,False,6.059743544696751e-05,6.988511254951833e-05,6.061525428260989e-05,1.4700365208953e-05,0.00014250886771042775,1.6711225407563345e-05,0.999939402564553,0.999930114887451,0.9999393847457174,0.9999851862576556,0.9998539219453464,0.9999831281538968,1.0008393043402124,1.000611742468972,1.0008353569417034,0.9961658944708116,0.9881798935381948,0.9961694226837929,54.74636904867368,59.57921898757516,54.74735116461191
gen_MC_oracle,0.08314152880106818,3.981071705534969e-06,0.01513561248436208,1.513561248436208e-05,0.00244047905593062,False,6.076457960795998e-05,7.019789569194952e-05,6.078245729692988e-05,1.57242596270091e-05,0.00014591918707731273,1.7744823399725923e-05,0.9999392354203921,0.9999298021043082,0.9999392175427031,0.9999841502892618,0.9998503851612486,0.999982080604755,1.0008398086215275,1.000612932780192,1.0008358518123774,0.9960346173416669,0.9880356096170944,0.996038138927082,54.84783278658421,59.711597736282805,54.84883487512273
gen_MC_oracle,0.09328632963367675,5.011872336272725e-06,0.0199526231496888,1.99526231496888e-05,0.002449440357307021,False,6.182963693056338e-05,7.22723435539881e-05,6.18478942831478e-05,2.427252218893812e-05,0.00018711616741558107,2.635926408449012e-05,0.9999381703630694,0.9999277276564458,0.9999381521057169,0.9999754865310571,0.9998075247604291,0.9999733365317388,1.0008419398810582,1.00061817131915,1.0008379215013306,0.9950732848480008,0.9864331835124703,0.9950767498439866,55.54825729425999,60.9338405523549,55.54939636510542
gen_MC_oracle,0.10466898338308138,6.30957344480193e-06,0.026302679918953815,2.6302679918953814e-05,0.0024612248288547953,False,6.316957835904889e-05,7.473385921331423e-05,6.318830950152106e-05,3.725670715136049e-05,0.0002376887474152678,3.942696654043796e-05,0.9999368304216409,0.999925266140787,0.9999368116904984,0.9999622842775024,0.9997546432220706,0.9999600321425555,1.0008448024618544,1.0006251113949551,1.000840708030947,0.993896172745616,0.9846920424753304,0.9938995685264246,56.41433618746417,62.294889181227376,56.41564724545414
gen_MC_oracle,0.11410850251795197,7.498942093324558e-06,0.03162277660168379,3.162277660168379e-05,0.002471072997608249,False,6.436918360375059e-05,7.687579511323973e-05,6.438833745966126e-05,5.152457149673083e-05,0.00028932985216535104,5.3771444646274137e-05,0.9999356308163962,0.999923124204887,0.9999356116625404,0.9999477276941253,0.9997003670712185,0.9999453807296321,1.0008471138559227,1.0006307023891843,1.0008429518680302,0.9928219381796525,0.9830993009629002,0.992825268274639,57.19783712380019,63.51794668884268,57.19930546745217
gen_MC_oracle,0.11744053094884295,7.943282347242822e-06,0.034673685045253165,3.467368504525317e-05,0.0024767104943365552,False,6.485154194056254e-05,7.765321845212749e-05,6.487086241126723e-05,5.677733097638205e-05,0.00029982569757030586,5.9052848353959716e-05,0.9999351484580594,0.9999223467815481,0.9999351291375888,0.9999423572572305,0.9996893074943807,0.999939975188303,1.0008486415440438,1.0006341440055353,1.0008444536530243,0.9924649266110819,0.9827917000890544,0.9924682385962711,57.47939311827433,63.81953543531585,57.48091947916573
gen_MC_oracle,0.1317704430076226,9.999999999999999e-06,0.04265795188015926,4.265795188015926e-05,0.00249142944558716,False,6.685582614341083e-05,8.111105860107746e-05,6.687584856236768e-05,8.796390945859998e-05,0.000402495337157122,9.037229060403833e-05,0.9999331441738566,0.9999188889413989,0.9999331241514375,0.9999103625730948,0.9995805651781963,0.9999078128667604,1.0008518822257524,1.0006419463891718,1.0008475829526557,0.9906210923099436,0.9800481174895367,0.9906242853609465,58.8082096645505,65.87964984647715,58.81000723572546
gen_MC_oracle,0.14784886878609763,1.2589254117941661e-05,0.056234132519034905,5.623413251903491e-05,0.002516344834334929,False,6.945543785246043e-05,8.51956646589443e-05,6.947635343897032e-05,0.00013181062023362962,0.0005030575014091466,0.00013438572704404752,0.9999305445621476,0.999914804335341,0.999930523646561,0.9998651098441645,0.9994732256739344,0.999862348379293,1.0008581593863892,1.0006557289772944,1.0008537222096456,0.9885191193615808,0.9776821456857134,0.9885221884192839,60.3986105801752,67.85233008870262,60.400743131011396
gen_MC_oracle,0.15964353629353814,1.4677992676231963e-05,0.06700884260855025,6.700884260855025e-05,0.002536020823679304,False,7.151208051004855e-05,8.831816687621405e-05,7.153369674920749e-05,0.0001720233344356329,0.0005867520429900625,0.00017473243718707358,0.99992848791949,0.9999116818331231,0.9999284663032508,0.9998233738753131,0.9993833161121664,0.9998204395424247,1.000863109578626,1.000666205029996,1.000858565552364,0.9868842333645481,0.9758898617244307,0.9868872055331157,61.6408384767671,69.34973217723213,61.643237633410806
gen_MC_oracle,0.16588915922567116,1.584893192461114e-05,0.07413102413009177,7.413102413009178e-05,0.002548980344395908,False,7.268381725337903e-05,9.001111789984339e-05,7.270582868102235e-05,0.00019485042369260644,0.0006240107890059051,0.00019763372675518583,0.9999273161827467,0.9999099888821006,0.9999272941713191,0.9997995937300749,0.9993431350623645,0.9997965634556694,1.0008665517960498,1.000673156177233,1.0008619485792414,0.9860411166745829,0.9751331294440746,0.9860440439269582,62.30673190056004,70.04959124083288,62.30927691552928
gen_MC_oracle,0.18613069801983978,1.9952623149688786e-05,0.09772372209558107,9.772372209558107e-05,0.002591653526403193,False,7.667140998705426e-05,9.566704080887237e-05,7.669475805789797e-05,0.00028320955132567585,0.0007657000629733631,0.0002862508432260535,0.999923328590013,0.9999043329591912,0.9999233052419421,0.9997070121392746,0.9991894992337861,0.9997036424406495,1.0008777480115922,1.0006950658214986,1.000872946596996,0.9831711690445927,0.9724453415577966,0.98317394133084,64.5646317285393,72.46307929449321,64.5676789402684
gen_MC_oracle,0.20884207809036628,2.5118864315095822e-05,0.12022644346174127,0.00012022644346174127,0.002632002830535582,False,8.135223341714473e-05,0.00010227328582264734,8.137713763347488e-05,0.0004208424185634582,0.0010041090670475663,0.00042421034570780825,0.9999186477665829,0.9998977267141771,0.9999186228623665,0.9995613446446449,0.9989282571539624,0.9995575282855442,1.0008874094186655,1.0007138497800845,1.0008823786324204,0.9794855558553623,0.9684352772609064,0.9794881011546308,67.35073273915253,75.71146744999548,67.35440929805534
gen_MC_oracle,0.22334933960129155,2.8729848333514593e-05,0.1380384264602885,0.0001380384264602885,0.0026637083429137853,False,8.459281598779531e-05,0.00010662063553980478,8.46187834983406e-05,0.0005211968947278488,0.0011471534447616521,0.0005247877433872214,0.9999154071840122,0.9998933793644601,0.9999153812165016,0.99945416505625,0.9987700131779902,0.9994500383928221,1.0008954315208565,1.0007286058779175,1.000890247788603,0.9771702629290688,0.9662563688048301,0.9771726802372553,69.16111244770443,77.60084454913643,69.16520979035877
gen_MC_oracle,0.23432466565216264,3.1622776601683795e-05,0.15848931924611134,0.00015848931924611134,0.002699867979180577,False,8.72753507792735e-05,0.00010995731921822345,8.73021907093637e-05,0.0005885510699254162,0.001197741534937117,0.0005923080577731127,0.9999127246492208,0.9998900426807821,0.9999126978092906,0.9993818185069943,0.9987137999804528,0.9993774631588277,1.0009055879060975,1.0007460435695923,1.0009002832310443,0.9757399284847423,0.9655182234648518,0.9757423058405131,70.41999332251751,78.55941183209903,70.42439489911793
gen_MC_oracle,0.2629165991598638,3.9810717055349695e-05,0.20892961308540392,0.00020892961308540393,0.0027880058462666597,False,9.443890162022422e-05,0.000118861057720003,9.446805763664045e-05,0.0007996576949843404,0.0013954137267650113,0.0008038776223273145,0.9999055610983798,0.9998811389422798,0.9999055319423634,0.999153123179432,0.9984929265579274,0.9991481102114445,1.0009296781703647,1.0007861367843254,1.0009240557087544,0.9717217805549158,0.9627747314109459,0.97172402990766,73.84655833462925,81.48347763165211,73.85179665334599
gen_MC_oracle,0.29499727619967947,5.011872336272725e-05,0.2570395782768864,0.00025703957827688637,0.002870786725217058,False,0.0001027238265350366,0.0001291240036549048,0.00010275562485519482,0.0011214785975958586,0.0017507668888524864,0.001126280830332658,0.9998972761734649,0.9998708759963449,0.9998972443751448,0.9987994591990869,0.9980913048466346,0.9987935716133207,1.000950693261207,1.0008205733213167,1.0009447117166799,0.9665115154479057,0.9582933120792451,0.9665135443693091,78.04583660617692,85.4818832636722,78.05211348023788
gen_MC_oracle,0.312476963731664,5.623413251903491e-05,0.29512092266663853,0.0002951209226666385,0.0029354943833870078,False,0.00010759535035346399,0.00013481919384089253,0.00010762869936049899,0.0012739061896775675,0.001850624208535981,0.001279014132795248,0.9998924046496466,0.9998651808061588,0.9998923713006396,0.9986300467456171,0.9979774553541705,0.9986236997741696,1.0009686964737479,1.0008481291639866,1.00096251367648,0.9643081775517477,0.9571177737071962,0.9643102072147016,80.06310178705101,86.98596796868266,80.06989894327842
gen_MC_oracle,0.3309923878648536,6.309573444801929e-05,0.33884415613920255,0.00033884415613920257,0.0030089634015952873,False,0.00011289838524421183,0.00014093042053238132,0.00011293342172901172,0.0014324568131194838,0.0019398245973738628,0.0014378880836149741,0.9998871016147558,0.9998590695794678,0.999887066578271,0.9984526306398431,0.9978754027139963,0.9984457923723804,1.0009893314821756,1.0008787961113008,1.0009829342815149,0.9621521887935447,0.9560942848387773,0.962154262777166,82.11500926473238,88.45176796049294,82.12234344059522
gen_MC_oracle,0.37137956741783923,7.943282347242822e-05,0.4168693834703354,0.0004168693834703354,0.0031380635756744924,False,0.00012456351911072276,0.0001544583181168372,0.00012460220967363173,0.001908829120299902,0.002339609950972655,0.0019150471552733602,0.9998754364808893,0.9998455416818828,0.9998753977903263,0.9979127724774284,0.9974140893618378,0.9979046604264797,1.001023149513569,1.000928888860892,1.0010162886292668,0.9563098509924731,0.951772661424767,0.95631187721764,87.13406731427946,92.71068125251283,87.14271172758068
gen_MC_oracle,0.4166947281934956,0.0001,0.5128613839913648,0.0005128613839913648,0.0032937367249389346,False,0.00013826827181625997,0.00016995489421783218,0.00013831122592752691,0.002480593484822005,0.0027697738540684268,0.0024877126112367214,0.9998617317281837,0.9998300451057821,0.9998616887740726,0.9972525447587901,0.9969109423412769,0.9972429029273172,1.0010641442615043,1.0009873981998043,1.0010567617828157,0.9501944432334904,0.9475176368281848,0.9501965626880187,92.55688889696717,97.11513635079588,92.5669805577966
gen_MC_oracle,0.43717099426962,0.00011006941712530544,0.5623413251903491,0.0005623413251903491,0.003372760918043371,False,0.00014466608294954505,0.00017705188462739684,0.00014471103601025153,0.0027238171730281807,0.0029235130093362917,0.002731331809472606,0.9998553339170505,0.9998229481153724,0.9998552889639898,0.9969679555363762,0.9967294993360046,0.9969576265378991,1.0010854551645798,1.0010168088263063,1.00107783692369,0.9478097981127858,0.9460782077958533,0.9478120500099572,94.80755898705888,98.82254270310523,94.81826091258439
gen_MC_oracle,0.46753917484344276,0.00012589254117941674,0.6309573444801932,0.0006309573444801932,0.00348110270329159,False,0.00015427740752952776,0.00018767808186597487,0.00015432533337412005,0.0031395751977258686,0.0032163838356441187,0.003147704126516045,0.9998457225924705,0.9998123219181337,0.9998456746666258,0.9964766461260688,0.9963815910102941,0.9964652038517796,1.0011137647139425,1.0010557168498064,1.001105798871966,0.9439680876845536,0.943437079586734,0.9439705109456624,98.29637469669123,101.60548754988588,98.30802377157552
gen_MC_oracle,0.5245875822834551,0.00015848931924611142,0.7762471166286917,0.0007762471166286917,0.0037062330947770857,False,0.00017288479550933158,0.00020793151199917988,0.000172938532813439,0.0038660987180343756,0.003661667457247602,0.0038753334557903316,0.9998271152044906,0.9997920684880008,0.9998270614671865,0.995604259265931,0.9958471223331904,0.9955907462109167,1.0011737254248243,1.001135463305192,1.001165110312527,0.937822039933475,0.9396427426176692,0.9378250622908664,104.24083986182265,106.11910207964566,104.25411548305675
gen_MC_oracle,0.5885969482196861,0.00019952623149688788,0.9549925860214359,0.0009549925860214359,0.003976350243749339,False,0.0001944249461853689,0.00023107796732931582,0.00019448551831090704,0.004628635026083002,0.0040848018341902844,0.004639052633715552,0.9998055750538146,0.9997689220326709,0.9998055144816891,0.9946709122972572,0.995333314545789,0.9946550770833873,1.0012460492337347,1.0012285163332684,1.0012367143899426,0.9319659274621679,0.9362469354898851,0.9319699446500654,110.26087145928382,110.59354522947783,110.2757875445949
gen_MC_oracle,0.6116242168641555,0.000215443469003023,1.0,0.001,0.004043322002543379,False,0.0002022802875267354,0.00023949124038115177,0.00020234320681259693,0.005085623492007516,0.0044335609156437635,0.005096553997296395,0.9997977197124732,0.9997605087596191,0.9997976567931874,0.9941033412707364,0.9949057202682374,0.9940863797806897,1.0012613891058653,1.0012491711219047,1.0012517991978953,0.9286864424389898,0.9335766121461618,0.9286906305485096,113.07453504687926,112.98348525119823,113.09022442121014
gen_MC_oracle,0.6604166380483051,0.00025118864315095795,1.096478196143185,0.0010964781961431851,0.0041856130896459525,False,0.00021925804092615491,0.00025753729471531347,0.00021932599731821096,0.006107647655203337,0.005203640260879697,0.0061196668844430615,0.9997807419590738,0.9997424627052842,0.9997806740026818,0.9928128813874313,0.993948851128513,0.9927934038846551,1.001293604147855,1.001292334375007,1.0012834776299693,0.9218485594809454,0.9280299036883877,0.9218531754488923,118.98970372516031,117.97482294231295,119.00702595525644
gen_MC_oracle,0.7409996554182586,0.00031622776601683794,1.3489628825916535,0.0013489628825916536,0.0045507056239010284,False,0.00024792240203732447,0.00028767888444960273,0.0002479997901312156,0.00697996014202037,0.005620546812977668,0.006993309055982618,0.9997520775979627,0.99971232111555,0.9997520002098688,0.9916894120857154,0.9934235754741279,0.9916669380499612,1.0013906919957876,1.0014117516845003,1.0013796900664609,0.916453844241519,0.9252028875013474,0.9164604214626205,125.23202568639282,122.50364609499971,125.25098728244481
gen_MC_oracle,0.8314152880106822,0.00039810717055349735,1.6595869074375607,0.0016595869074375606,0.004987789911427231,False,0.00028088408120354017,0.00032221165838932703,0.0002809729547008398,0.007753691503512274,0.005944024807329584,0.007768371630644707,0.9997191159187965,0.9996777883416105,0.9997190270452991,0.9906766654031777,0.9930124976639267,0.9906510786334504,1.001507323157916,1.0015510341816252,1.0014953593565035,0.9119449518567375,0.923085194252694,0.9119542618330928,131.15650482737377,126.82238576820633,131.17690322275106
gen_MC_oracle,0.8556930527381014,0.00042169650342858224,1.6595869074375607,0.0016595869074375606,0.004987789911427231,False,0.00029005038896554627,0.00033151846769058265,0.0002901413240750458,0.008823838088220242,0.006813285758222111,0.008839243281973054,0.9997099496110344,0.9996684815323097,0.999709858675925,0.9892517169151354,0.9918950767418917,0.9892238520144736,1.0014981128563925,1.0015442274930777,1.0014858975169048,0.9060647132956936,0.9176414821739459,0.9060738310788036,135.57432823176572,130.7665193020944,135.5960076160945
gen_MC_oracle,0.9328632963367676,0.0005011872336272725,1.9054607179632472,0.0019054607179632473,0.0053260352855020055,False,0.00031903406122956395,0.00036152936127277344,0.00031913505299682846,0.009735501546069432,0.007325710830171409,0.009752059667205843,0.9996809659387704,0.9996384706387268,0.9996808649470033,0.9880163429552707,0.9912267510918548,0.9879852950930392,1.0015841825523741,1.0016466491756324,1.0015711699396834,0.9013313547976388,0.9146018397586971,0.9013427958684881,141.05256310517518,135.0128806230228,141.07556010675677
gen_MC_oracle,1.046689833830814,0.000630957344480193,2.1877616239495525,0.0021877616239495525,0.005707392946996407,False,0.0003631585787379811,0.00040656920852574004,0.00036327379437220593,0.01205578597539715,0.008937956348928912,0.012074303423440909,0.999636841421262,0.9995934307914744,0.9996367262056278,0.9847868474271718,0.9890821582881252,0.9847492587809823,1.0016690150210825,1.001751205825407,1.0016548577592304,0.89020115676658,0.9056618502369946,0.8902153259673679,151.65447958445378,143.77113186252075,151.68020017811932
gen_MC_oracle,1.1744053094884288,0.0007943282347242813,2.6915348039269156,0.0026915348039269157,0.006372672994074958,False,0.00041302177293382677,0.0004579902764459596,0.0004131576040767858,0.01261150721647174,0.009055709237920264,0.01263129120862539,0.9995869782270662,0.9995420097235541,0.9995868423959232,0.9839957436444708,0.9889218358992709,0.9839543375648353,1.0018425588167768,1.0019480599804123,1.0018271514025554,0.8876990328782884,0.9050573999793631,0.887718700771738,156.9669750347325,147.7717463787247,156.99344174001584
gen_MC_oracle,1.1971576342388,0.000825404185268652,2.6915348039269156,0.0026915348039269157,0.006372672994074958,False,0.00042246030635285193,0.0004671797384246002,0.00042259802942791366,0.013728589119858768,0.009913477046905945,0.013748927373960792,0.9995775396936472,0.9995328202615756,0.9995774019705721,0.9823854797578998,0.9877533361989146,0.9823414955222076,1.0018330642145745,1.0019412395544307,1.0018174422181731,0.8828309378724112,0.900652676975825,0.8828505852815148,160.77182468307922,151.04285484292706,160.79940340702484
gen_MC_oracle,1.3177044300762262,0.001,3.0902954325135905,0.0030902954325135903,0.006887944916299739,False,0.00047121833391545337,0.0005166827692665504,0.0004713754694027528,0.01518637250678215,0.010832766618723734,0.015208049559260986,0.9995287816660845,0.9994833172307339,0.9995286245305972,0.9802446076820207,0.9864809939407583,0.9801951587957702,1.0019558511728632,1.002082304889601,1.0019390970225257,0.8767669991163806,0.8961514909886518,0.8767912135976699,168.01788993550537,156.98489414865583,168.0468443667009
gen_MC_oracle,1.4784886878609769,0.0012589254117941675,3.548133892335755,0.003548133892335755,0.00746951977347644,False,0.0005382459878762228,0.0005838341949544689,0.0005384289345441557,0.018069573219208105,0.012841200568250404,0.018093055118918528,0.9994617540121238,0.9994161658050453,0.9994615710654559,0.9758822609169426,0.9836365190468668,0.9758234538024434,1.0020809273848597,1.002229276815103,1.002062723353467,0.865576887332542,0.8869271182583927,0.8656066026961817,179.61962740605068,166.70450303913475,179.65101077135512
gen_MC_oracle,1.6588915922567116,0.001584893192461114,4.073802778041127,0.004073802778041127,0.008126256682265728,False,0.0006153694739162704,0.0006606436498209882,0.0006155840020038081,0.02125741622621232,0.015089249529512995,0.021282537855514372,0.9993846305260837,0.999339356350179,0.9993844159979963,0.9708666409201064,0.9803491853009143,0.970797016521106,1.0022189579449894,1.002390196714041,1.0021992026369118,0.8542007674018401,0.8774226811497793,0.8542370509812045,191.7340105061954,176.9198774917021,191.7676985786283
gen_MC_oracle,1.674883764252367,0.001615598098438634,4.073802778041127,0.004073802778041127,0.008126256682265728,False,0.0006227216106118306,0.0006676182526701277,0.0006229374626077673,0.022139532716908456,0.015760434878459767,0.02216490958452633,0.9993772783893882,0.9993323817473296,0.9993770625373922,0.9694438466815846,0.9793478304652988,0.9693719414946158,1.0022115522911226,1.0023849082234761,1.002191666175237,0.8512064090193786,0.8747201442209971,0.8512427426838887,194.2182331093999,179.01987568937523,194.25263129747867
gen_MC_oracle,1.861306980198398,0.001995262314968879,4.894766810459195,0.004894766810459195,0.009132877498853683,False,0.0007024060390514237,0.0007484761994192835,0.0007026682296463074,0.022092704632148116,0.015529713329574034,0.022118782520831347,0.9992975939609485,0.9992515238005809,0.9992973317703537,0.9695197535862391,0.9796894383681198,0.9694436291010649,1.0024584830564296,1.0026518828579447,1.0024370629502677,0.8513638515294879,0.8756657829205174,0.8514103973978343,198.12573805003487,182.45582670846332,198.15927681597384
gen_MC_oracle,2.088420780903662,0.0025118864315095794,5.62341325190349,0.00562341325190349,0.010010628682263581,False,0.000803822402459533,0.0008487999931345546,0.0008041361810329094,0.025382082368046024,0.017909335205649232,0.025409282938193615,0.9991961775975404,0.999151200006866,0.9991958638189671,0.9640860404878887,0.9760722185356824,0.9639971657275829,1.0026383762080318,1.0028556748443835,1.0026152163360473,0.8406824480226801,0.8664754180890586,0.8407384650933087,210.3405602432199,193.00280714166993,210.37565312287893
gen_MC_oracle,2.343246656521626,0.0031622776601683794,6.165950018614822,0.006165950018614822,0.01065631242925075,False,0.0009228065704842389,0.0009636988919420602,0.0009231699753003011,0.03252168033798418,0.023305672428205422,0.03254989350582132,0.9990771934295157,0.9990363011080583,0.9990768300246997,0.9515935716861655,0.9674570760193986,0.951481097669062,1.0027240692715609,1.0029707671244048,1.0026991293513021,0.8196623158128502,0.8476467872181784,0.8197257764711157,230.70796817391977,210.38084102994716,230.7471190683747
gen_MC_oracle,2.629165991598639,0.003981071705534973,7.2656879246456185,0.007265687924645619,0.011948131326027093,False,0.0010551415327359267,0.0010945945690253491,0.0010555934277847445,0.0344288236149965,0.024709896830132784,0.03445711121104853,0.9989448584672641,0.9989054054309744,0.9989444065722152,0.9480968890605808,0.965116548216538,0.9479723303077887,1.0029976816025523,1.003268994425378,1.0029708708052816,0.814449943101608,0.8431375298459859,0.8145275037552586,239.56782839807002,218.43708467048324,239.6063559925934
gen_MC_oracle,2.9499727619967944,0.005011872336272725,8.128305161640993,0.008128305161640993,0.012948140897767808,False,0.0012107897313194138,0.0012448300814883807,0.0012113290801843658,0.041230654252553664,0.029984706926459666,0.04125862226746814,0.9987892102686806,0.9987551699185115,0.9987886709198157,0.9350825123236723,0.9560103915465947,0.9349306199782248,1.0031517990238017,1.0034559739736202,1.0031231543465164,0.7969466714073525,0.82718091269339,0.7970353495597857,258.38667188695297,234.81599170041488,258.42760596311723
gen_MC_oracle,3.2783199709090027,0.006189658188917356,9.33254300796991,0.00933254300796991,0.014328323275062295,False,0.0013704198309176339,0.001400778890000865,0.0013710810964583868,0.0441472515802907,0.032310934724755845,0.04417440829496869,0.9986295801690823,0.9985992211099993,0.9986289189035416,0.9292423891942846,0.9518222873724099,0.929072779446219,1.0034149043235512,1.0037457437119648,1.0033845778929398,0.7898875263572134,0.8206079979166361,0.789991123145122,268.83029762899804,244.42714887592064,268.8705650632547
gen_MC_oracle,3.3099238786485357,0.006309573444801929,9.33254300796991,0.00933254300796991,0.014328323275062295,False,0.0013871283781994057,0.0014161417144344893,0.0013877933645506158,0.045859241948194,0.03365921074024714,0.045886232668834265,0.9986128716218006,0.9985838582855654,0.9986122066354494,0.9257416959915211,0.9493539573578896,0.925565847294952,1.0033980013324573,1.003733857928668,1.0033675435802782,0.7858522894164077,0.8168940224635526,0.7859558584191741,272.5781572407465,247.59091432400456,272.6192981294753
gen_MC_oracle,3.71379567417839,0.007943282347242814,10.715193052376065,0.010715193052376065,0.0158943037819146,False,0.0015891919898975294,0.0016118628710282891,0.0015900173741051876,0.05062717917269367,0.037538627376962876,0.05065261562572394,0.9984108080101025,0.9983881371289715,0.9984099826258949,0.9157081176073448,0.9420525815656099,0.9155047612175475,1.0036681661734645,1.0040382523920588,1.0036360104327557,0.7749951574461259,0.8066263278578093,0.7751151277700274,286.93497618448646,260.6956400679251,286.97586978686843
gen_MC_oracle,4.166947281934956,0.01,12.302687708123818,0.012302687708123818,0.017672416422517576,False,0.001820664663817828,0.0018354497049444865,0.0018216946130360972,0.05550136309675129,0.04160615228253049,0.05552472099034354,0.9981793353361822,0.9981645502950556,0.998178305386964,0.9050165738908664,0.9340960379453095,0.904781358487412,1.0039641290881907,1.0043716188777352,1.0039304882776603,0.7644127272182317,0.7964162184298526,0.7645505383267673,301.407307092967,274.0966656450757,301.44755044595934
gen_MC_oracle,4.586534585139283,0.012115276586276584,14.12537544622754,0.01412537544622754,0.019692884475586814,False,0.0020368619187933327,0.0020462266296345007,0.002038136172774928,0.05610647059688777,0.042319270491847444,0.05612839649677473,0.9979631380812066,0.9979537733703654,0.9979618638272251,0.9036584407326632,0.9326557667721255,0.9034063140337245,1.0043373309964982,1.0047710939451673,1.0043026427934225,0.7631319553065721,0.7946993257276251,0.7632897550325528,307.22569794738695,280.31676069854353,307.26334383044787
gen_MC_oracle,4.675391748434428,0.012589254117941675,14.12537544622754,0.01412537544622754,0.019692884475586814,False,0.002085756760526884,0.002090845152762767,0.0020870468674019944,0.06044965245789395,0.045843292918110345,0.06047052440024668,0.9979142432394731,0.9979091548472373,0.997912953132598,0.8937091840553392,0.9254795458503595,0.8934366493613045,1.0042876994509353,1.004736590566145,1.0042529185375728,0.7541348897100405,0.7862988314841224,0.7542918443537006,315.948469404634,287.7594667526225,315.9877608454967
gen_MC_oracle,5.245875822834551,0.015848931924611134,16.218100973589298,0.0162181009735893,0.02199040142088471,False,0.0023892743888061646,0.0023825438107075037,0.002390893880585641,0.0654420392854028,0.050230596066492265,0.06546021697322624,0.9976107256111938,0.9976174561892922,0.9976091061194143,0.8818328790905094,0.9162031797287239,0.881516030833875,1.004640602388814,1.0051359637431372,1.0046052029957246,0.7441835828462082,0.776305316925348,0.7443607664900644,330.5160560352692,301.64922565464605,330.5542531004612
gen_MC_oracle,5.885969482196863,0.0199526231496888,18.620871366628673,0.018620871366628673,0.024604798250881934,False,0.002736693722630966,0.0027156626256725825,0.0027387277825940085,0.0704517946894529,0.05474848368807901,0.07046737233741852,0.997263306277369,0.997284337374327,0.9972612722174059,0.8694361909665489,0.9062707319769433,0.8690659225837495,1.0050244067882952,1.005572683848606,1.0049891452174953,0.7345724304269564,0.7664620860296009,0.7347706142514172,345.0730380580075,315.73165535974005,345.1102210654062
gen_MC_oracle,6.4167926521431395,0.023713737056616554,19.952623149688797,0.0199526231496888,0.026044864954774136,False,0.0030338178520983726,0.002995146633876586,0.0030361436757108035,0.08118775970264296,0.06395630014052096,0.08120017750584202,0.9969661821479017,0.997004853366124,0.9969638563242892,0.8412187924952879,0.8848704906105995,0.8407612670501718,1.0051213305893079,1.0057319362387103,1.0050870287403901,0.7150653413453482,0.7475471442573943,0.7152703424595466,367.65949263332845,336.07673989313486,367.6985875872714
gen_MC_oracle,6.604166380483051,0.025118864315095794,21.211852646034554,0.021211852646034556,0.02740142099355413,False,0.0031348282771292146,0.003095441946515556,0.0031373596816164384,0.0770501008482188,0.06069039251734047,0.07706320503079668,0.9968651717228708,0.9969045580534845,0.9968626403183836,0.8523639263478362,0.8926250386216307,0.8519192093416295,1.0053906233824208,1.0060041266955553,1.0053566083830865,0.7224210007075125,0.754107820252021,0.7226383436869395,362.2397111126943,332.1705188971205,362.27676979873104
gen_MC_oracle,7.4099965541825865,0.03162277660168379,22.908676527677734,0.022908676527677734,0.029222416912209948,False,0.0035981155750869722,0.0035281038493173928,0.0036010949964508506,0.09604729842460043,0.07712896080548978,0.09605663458953143,0.9964018844249131,0.9964718961506829,0.9963989050035491,0.7983120457505982,0.8513907890166686,0.7976863671522463,1.0054117890105951,1.006132316322166,1.0053808488548368,0.6900850141980862,0.7227279253563366,0.6903042557582665,399.60001296556726,365.6388638075295,399.64093826249206
gen_MC_oracle,8.314152880106823,0.039810717055349734,26.302679918953814,0.026302679918953815,0.03284421685334349,False,0.004115258417462005,0.004020060461367442,0.004118986581771598,0.1020652829387472,0.08295764908370254,0.10207521743272902,0.995884741582538,0.9959799395386324,0.9958810134182285,0.7796099986480798,0.8354367679332263,0.778855751265065,1.0058458115636308,1.0066551179833512,1.0058196333669354,0.6805234234896912,0.7124459720359502,0.6807600279175754,415.1766101910341,381.2564345152868,415.2178670820298
gen_MC_oracle,8.977415775738184,0.04641588833616342,28.183829312644534,0.028183829312644532,0.034841549626682275,False,0.004505510431545956,0.004386761658592964,0.004509735801824431,0.11217155993645206,0.09210512556877744,0.11218278535252586,0.9954944895684541,0.9956132383414072,0.9954902641981755,0.7464081554435376,0.8090381702841694,0.7454874434134442,1.00596683143395,1.0068594022494022,1.0059454701298884,0.6650797707864572,0.6969826451315682,0.665318458137711,435.3190556599864,399.9772980817394,435.36244610172304
gen_MC_oracle,9.328632963367673,0.05011872336272722,30.19951720402016,0.03019951720402016,0.03697490157335976,False,0.004705222284844248,0.0045805295167924,0.00470986587584388,0.10804795969700953,0.08887550551389241,0.10806151928253191,0.9952947777151557,0.9954194704832073,0.9952901341241561,0.7602317466523312,0.8185086167583758,0.7593127198978485,1.0063100120807675,1.0072244008962459,1.0062913024320488,0.6712935052406029,0.7023736895562702,0.6715454589787955,430.6013036641908,396.92549756418384,430.64431106300043
gen_MC_oracle,10.466898338308141,0.06309573444801933,34.673685045253166,0.034673685045253165,0.041688706857092486,False,0.005377747939049282,0.005218712670002703,0.005383498348421119,0.11399715669949737,0.09487400074518743,0.11401870243387274,0.9946222520609507,0.9947812873299976,0.9946165016515788,0.7401643072822044,0.8005760571308645,0.7390318581274177,1.0068036318784683,1.0078433744843656,1.006795998753743,0.6623653502682265,0.6925056105225461,0.6626296047747327,445.8655880478878,412.6181739945181,445.912283511415
gen_MC_oracle,11.74405309488429,0.07943282347242814,39.810717055349734,0.039810717055349734,0.04707089533094233,False,0.006143657354405183,0.005944889477840915,0.0061507299462595436,0.11992364078055096,0.10095081708496358,0.11995920397384506,0.9938563426455949,0.994055110522159,0.9938492700537405,0.7193611833072548,0.7815878076528322,0.7179499024743846,1.0073250921586614,1.0085152738942342,1.0073333117768617,0.6537000710647619,0.6828278417108933,0.653972357973948,460.96997807993523,428.3119388344596,461.0228421279103
gen_MC_oracle,12.55985636117796,0.09085175756509895,42.65795188015925,0.04265795188015925,0.050042691565524204,False,0.0066386838803487395,0.006411495067566403,0.006646568372821243,0.12694294308284337,0.10765162872313126,0.12698999828234586,0.9933613161196513,0.9935885049324336,0.9933534316271788,0.6936423223361239,0.7597517133104057,0.6919693162646101,1.007519973723202,1.008821102878089,1.0075403612476284,0.6437094681543679,0.6724646733844243,0.6439782165437212,475.13569085059186,442.1242793331922,475.19343769869715
gen_MC_oracle,13.177044300762262,0.1,43.132838848177755,0.04313283884817776,0.05053766126573049,False,0.0070233194910671965,0.0067653095862922185,0.007031595011277551,0.1446025950099309,0.1236146447913675,0.14465992574366143,0.9929766805089328,0.9932346904137082,0.9929684049887224,0.6234990193575949,0.7037157341888942,0.6213538671768349,1.0072401152149397,1.008659670556561,1.0072711585676997,0.619733521054076,0.6489557400279763,0.6199791679273043,504.6786251780504,468.7703486517963,504.7400524635307
gen_MC_oracle,14.78488687860977,0.12589254117941673,48.97788193684461,0.04897788193684461,0.056615536480698794,False,0.008010743087895804,0.007697284808023622,0.008020727296159439,0.15530914043282815,0.13424277129775425,0.1554000525739346,0.9919892569121042,0.9923027151919764,0.9919792727038406,0.576956721247178,0.6627571156591326,0.5741164044439887,1.007620509883451,1.0092705920436946,1.0076820900905958,0.6059071931221934,0.6341844389683597,0.6061399071393216,526.2831188994264,490.5121085310342,526.3556881719776
gen_MC_oracle,16.588915922567114,0.15848931924611134,56.23413251903491,0.05623413251903491,0.06412952670143511,False,0.009125090241282476,0.008752278714893322,0.009137126214895423,0.16236564282427157,0.14171781555563392,0.16250373516579242,0.9908749097587175,0.9912477212851069,0.9908628737851046,0.5445222069864348,0.632022725641791,0.5408632535351775,1.008134228965702,1.0100507475600553,1.0082369050232804,0.59705379661266,0.6241706597927251,0.5972700833764577,541.8637576643238,507.15460300824526,541.9515193890318
gen_MC_oracle,17.571870987632057,0.1778279410038923,60.25595860743578,0.06025595860743578,0.06828194644947976,False,0.009736124811580524,0.009331061786405106,0.009749291598141408,0.16592467421453713,0.14550443837972277,0.16609260686304494,0.9902638751884195,0.9906689382135955,0.9902507084018586,0.5276133898604538,0.6158369257689604,0.5234480058464832,1.0083941502810896,1.0104637186255412,1.0085223485579953,0.592661474674274,0.6192026388093689,0.5928656847267062,549.5772704914491,515.432922561785,549.6742747659174
gen_MC_oracle,18.613069801983983,0.19952623149688797,64.56542290346556,0.06456542290346556,0.07272310916876057,False,0.010385738328459113,0.009946689360504747,0.010400105518544058,0.1695126460452336,0.14932905194716325,0.16971524537073668,0.9896142616715409,0.9900533106394949,0.9895998944814559,0.5101843485574779,0.5990512182963346,0.5054337114217753,1.0086549308924104,1.0108925357733896,1.0088125860226436,0.5882808650970499,0.6142528006390691,0.5884701075000813,557.2436300163884,523.6816065112598,557.3510358669903
gen_MC_oracle,20.88420780903662,0.251188643150958,74.13102413009177,0.07413102413009177,0.08255529305574391,False,0.011809139323002123,0.011296953713447888,0.011826109713057493,0.17680357961951312,0.15711125810505577,0.1770922218816584,0.9881908606769979,0.9887030462865526,0.9881738902869425,0.47355323378618475,0.5634816176480213,0.4673425253101089,1.009174942956727,1.011799580536331,1.0094055477053612,0.5795198225605479,0.6043822923829646,0.579669470855491,572.447888688849,540.0884793390826,572.5797079281506
gen_MC_oracle,23.432466565216263,0.31622776601683794,79.43282347242814,0.07943282347242814,0.08799191499480155,False,0.013435411249732849,0.012819887192586001,0.013454741255634148,0.21310825823887775,0.19163397748216368,0.21351285190845548,0.9865645887502672,0.9871801128074145,0.9865452587443658,0.2647262458556058,0.385242242276651,0.25438839616030495,1.0085492660175648,1.0117005099336442,1.0088762864828331,0.5383634998845112,0.5629824928841861,0.5384217671560472,630.8938404399395,595.2228731633197,631.0478746143662
gen_MC_oracle,24.583931625236062,0.3480700588431082,85.11380382023764,0.08511380382023763,0.0938086997648394,False,0.014150950776336518,0.013504186322803707,0.014171638008092763,0.21173902849612425,0.1908860471537716,0.21219854007944386,0.9858490492236635,0.9864958136771965,0.9858283619919073,0.27346512935155176,0.3889388376667219,0.2623042551942838,1.0089155566106323,1.0122766099602096,1.0092907840674288,0.5398489068837017,0.5638875937461805,0.5398859123576503,629.7354188619196,595.4750105670273,629.9040048024705
gen_MC_oracle,26.291659915986386,0.3981071705534972,93.0295216825771,0.0930295216825771,0.10190064821382155,False,0.01522006602947389,0.01452515498962526,0.015242649014741275,0.21311296015965267,0.19286097133643715,0.213659899190364,0.9847799339705261,0.9854748450103746,0.9847573509852587,0.26469611200393783,0.3767585875327544,0.2519196127825427,1.0093020477285872,1.0129938974346901,1.0097545729694903,0.5383584072468636,0.5616994577890763,0.5383568122027453,633.2064511028343,600.3340034701996,633.3962452289915
gen_MC_oracle,29.49972761996794,0.5011872336272722,104.71285480508996,0.10471285480508996,0.11382078883187736,False,0.017245065293102213,0.016450493164963303,0.017270824973796492,0.23070045162634203,0.21042275155618706,0.23142743172503896,0.9827549347068978,0.9835495068350366,0.9827291750262035,0.1457902606346474,0.26792543535387947,0.12762732162464555,1.0093096735898919,1.0136868096054723,1.009925586843992,0.5196871315211906,0.5422119125225378,0.519589081543579,661.6868809956369,629.0183756765002,661.9130260408286
gen_MC_oracle,33.099238786485365,0.6309573444801932,120.22644346174131,0.12022644346174131,0.12961418932663654,False,0.0194983191422305,0.01860830469061659,0.019527487914777077,0.24000978411024446,0.22029813131334242,0.24095993542116234,0.9805016808577695,0.9813916953093832,0.9804725120852229,0.07757341797357764,0.19969669676548255,0.053341653926522944,1.0096179836928176,1.0147962558528552,1.0104460474795665,0.5100920656794335,0.5316908246044906,0.509888128422664,676.7598086968765,645.5688899043,677.0294408188223
gen_MC_oracle,34.394157262989864,0.6812920690574383,128.82495516931337,0.12882495516931336,0.13835388364695902,False,0.02029743923725121,0.019385547231848307,0.020327795091205213,0.2325834874566729,0.2136753877252786,0.23362293719336902,0.9797025607627488,0.9806144527681516,0.9796722049087948,0.13229777543644494,0.2430580120795593,0.10760617924187056,1.0101931205668873,1.0156583196688649,1.011105960305834,0.5177308972610075,0.5388930577976448,0.5174952639182291,666.1395239387499,636.6976228029722,666.4273670914926
gen_MC_oracle,37.13795674178391,0.7943282347242815,138.03842646028852,0.13803842646028852,0.1477093679019817,False,0.022012986147811,0.021026589230430503,0.022045557357383387,0.2497538038476379,0.23057463194810934,0.2509779648996895,0.977987013852189,0.9789734107695693,0.9779544426426166,0.0019681152337666097,0.12327497962445337,-0.030494679893658255,1.009856446585039,1.015993520034301,1.0109588692847478,0.5002462567947711,0.5210078683779523,0.49991581956972053,691.6359796524316,661.8810204394765,691.9533995925619
gen_MC_oracle,41.66947281934956,1.0,158.48931924611142,0.15848931924611143,0.16844673149981007,False,0.024812180962888435,0.023731875419098047,0.024848010537445463,0.2600002057808614,0.24131582630490755,0.26155714951422365,0.9751878190371116,0.9762681245809014,0.9751519894625547,-0.08245064270355584,0.03685617826498111,-0.12612609839067856,1.0100060016978862,1.0172891132935662,1.0114620995840995,0.49009784685602537,0.5101127402706798,0.4896189783389955,706.3199465237744,677.945795817973,706.6887115440989
gen_MC_oracle,46.75391748434427,1.2589254117941673,181.97008586099827,0.18197008586099828,0.1922171815590011,False,0.02792002347792546,0.026752878570901452,0.02795880061915802,0.2708128265208228,0.25258603855835704,0.27276976626013655,0.9720799765220746,0.9732471214290989,0.972041199380842,-0.17734862424110087,-0.06185007850761149,-0.23637906430624805,1.0100454469024773,1.0186967810390757,1.0119561484872355,0.4796032028145996,0.4989594657878769,0.4789529974958826,720.8072924120019,693.7501039147272,721.2300450869018
gen_MC_oracle,48.11915652329192,1.333521432163324,194.02996611131016,0.19402996611131015,0.20441270148906773,False,0.028738187880424565,0.027568745382623563,0.028777326576369812,0.2591816749921858,0.24170866842243796,0.2612757179342762,0.9712618121195754,0.9724312546173765,0.9712226734236301,-0.0755144647541619,0.025082842310528743,-0.1331844633722582,1.0108031944459461,1.0198364365017463,1.0128515021484477,0.49090111472113224,0.5100485719482427,0.49020335604094306,704.2835098857391,678.7726126737663,704.7216443363226
gen_MC_oracle,52.45875822834551,1.5848931924611136,208.92961308540387,0.20892961308540386,0.21946959374655867,False,0.03136165876157734,0.03012075693420625,0.03140287628494952,0.282249512810203,0.2644487658925614,0.2846823891204142,0.9686383412384226,0.9698792430657939,0.9685971237150506,-0.28466728525885454,-0.17578845253421438,-0.36485890286099987,1.0099514468646382,1.020234665556012,1.01244493425317,0.46872840014715356,0.4875077374395169,0.4678834739366282,735.0843458727086,709.2763562273846,735.5626843826817
gen_MC_oracle,58.859694821968624,1.9952623149688795,239.88329190194898,0.239883291901949,0.250719404999258,False,0.03516331184950768,0.03386941705077258,0.03520623605254321,0.29435993071257816,0.27696496196162657,0.2973533309731118,0.9648366881504923,0.966130582949228,0.9647937639474568,-0.40666417713959824,-0.30881164720003107,-0.5162418952614901,1.0096985907367404,1.0219268599258968,1.0129373516601305,0.45745052694470517,0.4757242072254557,0.45638772584689014,749.1284558447057,724.5025805336886,749.6628560103786
gen_MC_oracle,66.04166380483052,2.51188643150958,275.4228703338166,0.2754228703338166,0.286558471951192,False,0.03935239905677997,0.03803588344744214,0.039396038174216934,0.30718327119761313,0.2901910105272388,0.3108297830085818,0.96064760094322,0.9619641165525582,0.9606039618257831,-0.5459578375937206,-0.4660774269325053,-0.6967216404853205,1.0092594987847239,1.023805463351404,1.0134491263305394,0.4457588329999177,0.4635838550798008,0.444456225294381,762.9086828570505,739.402777796538,763.4984780582652
gen_MC_oracle,67.321121049959,2.61015721568454,295.1209226666387,0.2951209226666387,0.3064075795395428,False,0.040053689030381076,0.0387782253825335,0.04009588076853286,0.28621170444992644,0.27007012681610904,0.2900916475359624,0.9599463109696189,0.9612217746174666,0.959904119231467,-0.3236046181766341,-0.26241165899206015,-0.4603267513697625,1.0106221043149695,1.0256466749297473,1.01501700907647,0.46501242589203395,0.48287982762181303,0.4636336140293188,734.6696626552823,712.676225238736,735.2645620965077
gen_MC_oracle,74.09996554182587,3.1622776601683795,316.2277660168379,0.3162277660168379,0.3276663891691158,False,0.043957737469939424,0.04266077122960314,0.04400080670477948,0.32074580054409035,0.3041761718323889,0.32514456598114577,0.9560422625300605,0.9573392287703969,0.9559991932952205,-0.7055746978215811,-0.6546997167150747,-0.9147185535533681,1.0086049566711122,1.0259132537577027,1.0140051135817854,0.43365575791389005,0.45107156081472516,0.4320939660134379,776.386726962138,753.9473311810237,777.0301470609738
gen_MC_oracle,83.1415288010682,3.9810717055349722,389.04514499428046,0.38904514499428045,0.4009454959704331,False,0.04890392291590291,0.047765229012169355,0.04894133279069916,0.2999429376906607,0.28486346439428484,0.30549155878050727,0.951096077084097,0.9522347709878309,0.9510586672093008,-0.4659823704740378,-0.46835841418179824,-0.7000404655579242,1.010187104268474,1.0309414119534812,1.017188612431912,0.45232953549542154,0.46969074958585383,0.4504012200811943,745.3070361621277,725.4155148728491,745.9873860916111
gen_MC_oracle,93.28632963367673,5.011872336272722,446.683592150963,0.44668359215096304,0.45889707365837606,False,0.05437335238892441,0.05339933108361012,0.0544057397565898,0.3149208298331113,0.30032000874998466,0.32151525117509494,0.9456266476110756,0.9466006689163895,0.9455942602434102,-0.6354028381381367,-0.6987398361271385,-0.968033395146917,1.0092046028709514,1.0339466957213364,1.0181797711670155,0.4388219268065517,0.45586819291303476,0.4365860030975975,758.3817651857385,739.2912425359239,759.1049086767493
gen_MC_oracle,94.18563555294763,5.108969774503006,452.4713779909035,0.4524713779909035,0.4647142741195202,False,0.05484911019653645,0.053894725264063296,0.05488088103600211,0.3155127569157905,0.3009771454794499,0.32220718841390017,0.9451508898034635,0.9461052747359371,0.9451191189639978,-0.642420403848722,-0.7121669625344841,-0.9836611110391289,1.0091626119611097,1.0342746529675424,1.0183260719266682,0.43829477756051577,0.45532179582842297,0.436030788620619,758.6508940233823,739.6507526689093,759.3770335503206
gen_MC_oracle,104.66898338308141,6.309573444801933,512.8613839913648,0.5128613839913648,0.5253927754014792,False,0.06033883821853764,0.05962553189306814,0.0603636166352854,0.3307132772015155,0.3167253573315758,0.33846645478918164,0.9396611617814623,0.9403744681069321,0.9396363833647147,-0.8316000960446928,-0.9966043442764356,-1.312291291165589,1.007934239866663,1.0374514834016046,1.0194092530738512,0.4249232423393243,0.4416184099287906,0.42237976457752413,771.035914174824,752.754082315567,771.797501840954
gen_MC_oracle,117.4405309488429,7.943282347242816,630.957344480193,0.630957344480193,0.6439758295180976,False,0.06664254459840332,0.06643909477359125,0.06664990453314618,0.312062360204931,0.2998498823266379,0.3216793955317886,0.9333574554015966,0.9335609052264092,0.9333500954668539,-0.6018681073715415,-0.8812525244884067,-1.1709126659563283,1.009434309024115,1.0450446986058788,1.0242273998390257,0.4413745797003765,0.4582139713990429,0.43837879226907406,745.9243698860625,729.314010307141,746.6920361663315
gen_MC_oracle,131.77044300762262,10.0,776.247116628692,0.776247116628692,0.789767138359848,False,0.07343443412696427,0.07392957453902267,0.07341743585308685,0.2942711997865434,0.2841681253603455,0.306110701188953,0.9265655658730357,0.9260704254609771,0.9265825641469132,-0.405737504854474,-0.8475248706351455,-1.1071890489127623,1.0111158820507289,1.0542090986389017,1.0301633218755497,0.4575323053060732,0.4745668614918755,0.45408335645878817,726.0835190545529,710.865329235153,726.8446682256986
acc_MC_oracle,0.0,0.0,9.999999999999999e-06,9.999999999999999e-09,0.002412214863468124,True,5.671668049584451e-05,6.0126716958698756e-05,5.6733080649769226e-05,6.994120108865785e-14,9.332336113696382e-13,1.768662135019246e-06,0.9999432833195041,0.9999398732830413,0.9999432669193502,0.9999999999999301,0.999999999999067,0.9999982312249434,1.0008337730363603,1.0006012237523856,1.0008300624087427,1.0000002644639883,1.0000009376494021,1.000004020591812,52.046522216010246,51.39194432356475,52.04699738438049
acc_MC_oracle,0.004166947281934956,1e-08,0.0008317637711026709,8.317637711026709e-07,0.00241375540021426,False,5.6758819059250823e-05,6.0276722795194645e-05,5.677523187451313e-05,1.1553886732216897e-10,2.44893760877167e-09,1.7698633939434004e-06,0.9999432411809408,0.9999397232772052,0.9999432247681256,0.9999999998844636,0.9999999975511029,0.9999982301350127,1.0008342811108266,1.000601183646407,1.0008305688134271,1.0000107489007495,1.000003632325856,1.0000145079976661,52.053716010434,51.43093802900964,52.05419311425318
acc_MC_oracle,0.004675391748434425,1.2589254117941661e-08,0.001,1e-06,0.002414070716627568,False,5.676791817805677e-05,6.0308191689083436e-05,5.678433376827246e-05,1.5095925760693534e-10,3.019795326865823e-09,1.7701537316021074e-06,0.9999432320818219,0.9999396918083114,0.9999432156662318,0.9999999998490444,0.9999999969802211,0.9999982298610183,1.000834384625698,1.0006012524830559,1.0008306719543727,1.0000122865478311,1.0000022741113108,1.0000160462122516,52.05557721506955,51.44025562040483,52.05605478427478
acc_MC_oracle,0.005245875822834551,1.584893192461114e-08,0.0012589254117941675,1.2589254117941674e-06,0.002414555959845759,False,5.678128702409018e-05,6.035417227436104e-05,5.679770663978914e-05,2.3925746185554584e-10,3.735215626383296e-09,1.770590561407972e-06,0.9999432187129759,0.9999396458277254,0.9999432022933603,0.9999999997607499,0.9999999962648579,0.9999982294580063,1.0008345445596953,1.0006013833625473,1.0008308313561112,1.000015467949504,1.0000050847769086,1.0000192285417766,52.05791951097846,51.45160135963125,52.05839770301749
acc_MC_oracle,0.005885969482196862,1.9952623149688786e-08,0.0015488166189124811,1.548816618912481e-06,0.002415099167124135,False,5.679664999874968e-05,6.040611368499289e-05,5.6813074274448686e-05,3.4299795724428787e-10,4.612216375585207e-09,1.7711118296964693e-06,0.9999432033500012,0.9999395938863147,0.9999431869257256,0.9999999996570147,0.9999999953878874,0.9999982289692033,1.0008347231981338,1.000601562770323,1.0008310093717878,1.0000185202040281,1.0000060005476916,1.0000222818013658,52.06086696284079,51.46550960826467,52.06134591005189
acc_MC_oracle,0.006604166380483055,2.511886431509582e-08,0.0019054607179632462,1.9054607179632462e-06,0.0024157673597810002,False,5.681565079380031e-05,6.046937729461132e-05,5.6832080841718845e-05,4.903602615177588e-10,5.697766206227575e-09,1.771779834296179e-06,0.9999431843492061,0.9999395306227052,0.9999431679191582,0.9999999995096615,0.9999999943023874,0.9999982283397679,1.0008349428328327,1.0006018179092815,1.000831228233586,1.0000221440796042,1.0000071094512617,1.0000259069050428,52.064575514720275,51.48245937396082,52.06505540542048
acc_MC_oracle,0.007409996554182586,3.162277660168379e-08,0.0023442288153199225,2.3442288153199226e-06,0.002416589267703533,False,5.683915224612222e-05,6.054630869239818e-05,5.685558944453993e-05,6.989519760121696e-10,7.0439500834674545e-09,1.7726376914496265e-06,0.9999431608477539,0.9999394536913074,0.9999431444105555,0.999999999301085,0.9999999929562858,0.9999982275276447,1.0008352128592382,1.0006021708183939,1.0008314973006658,1.0000264376999002,1.0000084997510663,1.0000302020257013,52.069241051649115,51.50304655923809,52.069722121063734
acc_MC_oracle,0.008314152880106817,3.981071705534969e-08,0.0028840315031266055,2.8840315031266055e-06,0.0024176002106390355,False,5.686822196136344e-05,6.0639695127561144e-05,5.688466801835581e-05,9.930949046969952e-10,8.715649469773508e-09,1.773741539684921e-06,0.9999431317780386,0.9999393603048726,0.9999431153319817,0.9999999990069677,0.9999999912847274,0.9999982264779157,1.000835544820131,1.0006026486029607,1.0008318280708333,1.000031513408332,1.0000103083202208,1.000035279566999,52.075109506903175,51.52795724717794,52.07559204878061
acc_MC_oracle,0.009328632963367675,5.011872336272725e-08,0.0035481338923357532,3.5481338923357534e-06,0.002418843602518419,False,5.690418080684295e-05,6.0752833396385475e-05,5.6920637839268453e-05,1.4061793514944527e-09,1.0793846151626433e-08,1.7751644464774496e-06,0.9999430958191932,0.9999392471666038,0.9999430793621606,0.9999999985939261,0.9999999892067736,0.9999982251189141,1.0008359528937576,1.000603284538798,1.00083223466649,1.000037499058008,1.0000127400865884,1.000041267455484,52.08248944287789,51.557973217222695,52.08297382393789
acc_MC_oracle,0.010466898338308139,6.30957344480193e-08,0.004073802778041126,4.0738027780411255e-06,0.0024198275415159365,False,5.6936835441653776e-05,6.085250478508053e-05,5.695330278325096e-05,1.3582433639556498e-09,1.3368033151240395e-08,1.7762051450797219e-06,0.9999430631645584,0.9999391474952142,0.9999430466972167,0.9999999986418567,0.999999986631076,0.9999982240715632,1.0008362715984755,1.000603822341037,1.0008325519165533,1.0000368543533922,0.9999923175118659,1.0000406241657018,52.091770740171654,51.595069121093154,52.092257191575236
acc_MC_oracle,0.011744053094884296,7.943282347242822e-08,0.005011872336272725,5.011872336272725e-06,0.0024215828244049586,False,5.698914221046087e-05,6.101016286384498e-05,5.700562564520836e-05,1.8789092315727683e-09,1.6493741341719325e-08,1.7782572311188298e-06,0.9999430108577896,0.999938989837136,0.9999429943743547,0.9999999981212536,0.999999983505137,0.9999982220890238,1.000836846091283,1.0006048167827097,1.0008331242195077,1.0000433463866034,0.9999919800888922,1.0000471192344658,52.103433962480544,51.63842629922575,52.10392323077134
acc_MC_oracle,0.01317704430076226,1e-07,0.006165950018614822,6.165950018614822e-06,0.0024237412740459106,False,5.705386830124199e-05,6.120003865800228e-05,5.707037168439617e-05,2.5838505211004238e-09,2.030497986031656e-08,1.7808726562952374e-06,0.9999429461316988,0.9999387999613423,0.9999429296283155,0.9999999974164121,0.999999979693723,0.999998219553995,1.0008375521005113,1.0006060982132967,1.00083382750989,1.0000508315897951,0.9999925420308337,1.0000546081424568,52.1180873186578,51.68997749144302,52.118580104373706
acc_MC_oracle,0.014784886878609762,1.2589254117941662e-07,0.007585775750291836,7.585775750291836e-06,0.002426395207862309,False,5.713396050194724e-05,6.142816894876945e-05,5.715048861254862e-05,3.530438555172289e-09,2.4934292747340475e-08,1.7842023718372497e-06,0.999942866039498,0.9999385718310515,0.9999428495113873,0.999999996469981,0.9999999750644218,0.9999982163168083,1.0008384196216373,1.0006077339648045,1.0008346916557977,1.0000594174936797,0.999994539757951,1.000063198568376,52.13648837710978,51.75099467740382,52.13698555326497
acc_MC_oracle,0.016588915922567116,1.584893192461114e-07,0.009332543007969915,9.332543007969914e-06,0.002429657938316395,False,5.723306129962624e-05,6.17016249800044e-05,5.7249620061082984e-05,4.790038326102589e-09,3.055531400090028e-08,1.7884342014561615e-06,0.9999427669387003,0.99993829837502,0.999942750379939,0.9999999952106247,0.9999999694438452,0.999998212190966,1.0008394854379328,1.0006098037599322,1.0008357532828849,1.0000692101027748,0.999998642259457,1.0000729966980477,52.15958165061835,51.82292702147875,52.16008430411316
acc_MC_oracle,0.01861306980198398,1.9952623149688787e-07,0.01148153621496883,1.1481536214968829e-05,0.002433668475764401,False,5.7355670675204435e-05,6.202870521938969e-05,5.7372267427916826e-05,6.44963215997164e-09,3.7417642310843644e-08,1.793799917815486e-06,0.9999426443293248,0.9999379712947808,0.9999426277325721,0.9999999935514037,0.999999962582816,0.9999982069460429,1.0008407946308269,1.000612400901727,1.0008370572776868,1.0000803096019164,1.000005635643734,1.000084102938895,52.1885419931951,51.907452392938666,52.18905147557306
acc_MC_oracle,0.02088420780903663,2.5118864315095823e-07,0.01412537544622754,1.412537544622754e-05,0.0024385972493999168,False,5.750734411065874e-05,6.241917677286941e-05,5.752398794859088e-05,8.612879048917478e-09,4.590266164862741e-08,1.8005829752205144e-06,0.9999424926558893,0.9999375808232271,0.9999424760120514,0.9999999913887194,0.9999999541006491,0.9999982002999328,1.000842402413806,1.0006156334532996,1.0008386586130933,1.000092805598155,1.0000163914943365,1.0000966071719128,52.22482658138768,52.00654747650586,52.22534457073456
acc_MC_oracle,0.023432466565216265,3.162277660168379e-07,0.017378008287493755,1.7378008287493754e-05,0.0024446530497218787,False,5.769493416804803e-05,6.288457410769731e-05,5.771163635366719e-05,1.1400410349783143e-08,5.6601246930182576e-08,1.80912693050466e-06,0.9999423050658319,0.9999371154258921,0.9999422883636464,0.9999999886020238,0.9999999434075897,0.9999981919104202,1.0008443763533557,1.0006196255446766,1.000840624559127,1.000106772704142,1.0000318243291568,1.0001105843479543,52.27023635881905,52.12257376699092,52.27076493475204
acc_MC_oracle,0.02629165991598638,3.981071705534969e-07,0.021379620895022326,2.1379620895022326e-05,0.0024520914287572484,False,5.7926884129478295e-05,6.343856140103121e-05,5.794365860446034e-05,1.494947252152917e-08,7.040926490161303e-08,1.8198449162742055e-06,0.9999420731158705,0.999936561438599,0.9999420563413955,0.9999999850541825,0.9999999296095454,0.99999818136573,1.0008467990501109,1.000624518983928,1.0008430373519044,1.0001222680355675,1.0000528503416914,1.0001260920017943,52.32698742103112,52.258371514427644,52.3275291547987
acc_MC_oracle,0.029499727619967945,5.011872336272725e-07,0.024547089156850298,2.45470891568503e-05,0.0024579700468068074,False,5.814284648129349e-05,6.393276845971436e-05,5.815969073342496e-05,8.707992940478901e-09,8.510664697796887e-08,1.8215169841754375e-06,0.9999418571535187,0.9999360672315398,0.9999418403092665,0.999999991293632,0.999999914871176,0.9999981793826191,1.0008486807055381,1.0006283693916176,1.0008449089842868,1.0000933166273527,0.9999666351876916,1.0000971476643734,52.39811137903418,52.426150324300195,52.39866824597092
acc_MC_oracle,0.03309923878648536,6.30957344480193e-07,0.03019951720402016,3.019951720402016e-05,0.0024684405707460235,False,5.84809526908196e-05,6.46856476613369e-05,5.849790327564278e-05,1.0296062057765617e-08,1.0232336559550317e-07,1.8339751053819989e-06,0.9999415190473092,0.9999353143523386,0.9999415020967244,0.9999999897060271,0.9999998976573313,0.9999981670199463,1.0008520781994352,1.0006351354005951,1.0008482918119046,1.0001014695129473,0.9999817719880413,1.0001053171985954,52.48645251864028,52.61353890412146,52.48702939066767
acc_MC_oracle,0.03713795674178392,7.943282347242821e-07,0.03715352290971726,3.7153522909717264e-05,0.0024812873750470537,False,5.8898604060358724e-05,6.558001873531063e-05,5.891568628421018e-05,1.185918613449393e-08,1.2382492896279198e-07,1.849047980754739e-06,0.9999411013959396,0.9999344199812643,0.9999410843137158,0.9999999881433964,0.9999998761645211,0.999998152037332,1.0008562428334857,1.0006432847511442,1.0008524383184136,1.0001088998904246,1.000002257032476,1.0001127680281083,52.59622388985042,52.832886747370985,52.59682550976433
acc_MC_oracle,0.04166947281934956,1e-06,0.04570881896148749,4.570881896148749e-05,0.0024970406862015204,False,5.941415410387523e-05,6.664197896377028e-05,5.9431399199852476e-05,1.3273607796425373e-08,1.5111323761639818e-07,1.8672320850167271e-06,0.9999405858458962,0.9999333580210363,0.9999405686008002,0.9999999867294502,0.9999998488948976,0.999998133934449,1.0008613446222825,1.0006530467123498,1.0008575177348729,1.0001152111444107,1.0000287904597192,1.0001191044704496,52.73222613017906,53.089601621985764,52.73285828212578
acc_MC_oracle,0.04675391748434425,1.2589254117941661e-06,0.056234132519034905,5.623413251903491e-05,0.002516344834334929,False,6.0050003761588306e-05,6.790238218111204e-05,6.006745022835374e-05,1.4416038316852222e-08,1.8618811190133904e-07,1.8891594503256913e-06,0.9999399499962384,0.999932097617819,0.9999399325497716,0.9999999855874229,0.9999998138552911,0.9999981120760045,1.0008675897922574,1.0006646838691808,1.000863735343882,1.0001200668077233,1.0000624388582782,1.0001239912520639,52.90013576225369,53.389712780358565,52.90080545746626
acc_MC_oracle,0.05245875822834551,1.584893192461114e-06,0.06700884260855025,6.700884260855025e-05,0.002536020823679304,False,6.0747249953642067e-05,6.922970777637844e-05,6.0764920889228876e-05,4.429824660667304e-09,2.2322534865365557e-07,1.903707950084591e-06,0.9999392527500464,0.9999307702922239,0.9999392350791108,0.9999999955707649,0.9999997767275424,0.9999980969324862,1.000873903187171,1.0006762123295991,1.000870017502609,1.000066556927969,0.9999923609465355,1.0000705097923888,53.10796061650804,53.74806669388999,53.10867525317808
acc_MC_oracle,0.058297689037868805,1.957341781489163e-06,0.07960052114773702,7.960052114773702e-05,0.0025589079692134855,False,6.154936012484202e-05,7.070854524110648e-05,6.15672890106454e-05,3.7292532270072465e-10,2.695226156141395e-07,1.9275106221416463e-06,0.9999384506398752,0.9999292914547588,0.9999384327109894,0.9999999996270891,0.9999997303521448,0.9999980725936898,1.0008812523588315,1.000689248641093,1.000877331143278,1.000019311274497,0.9999530543769822,1.0000232988359974,53.33927834561734,54.12528011245741,53.340043275488114
acc_MC_oracle,0.058859694821968615,1.9952623149688787e-06,0.07960052114773702,7.960052114773702e-05,0.0025589079692134855,False,6.158019515009455e-05,7.07606311700386e-05,6.159813593022963e-05,3.499149250320009e-10,2.8632498895886875e-07,1.9296269787741826e-06,0.9999384198048499,0.99992923936883,0.9999384018640698,0.999999999650072,0.9999997134320742,0.9999980700373317,1.0008812214403418,1.0006892451220972,1.000877298169856,0.9999812939869285,0.9998856323361309,0.9999852790852565,53.36355801610737,54.16741229175405,53.36432747061116
acc_MC_oracle,0.06604166380483055,2.5118864315095823e-06,0.1,0.0001,0.0025957504318907827,False,6.279746109835756e-05,7.293387292466564e-05,6.281578930914935e-05,1.8675316153100382e-11,3.2723705766387634e-07,1.9688686478255266e-06,0.9999372025389016,0.9999270661270749,0.9999371842106908,0.9999999999813248,0.9999996727155249,0.9999980310627488,1.0008931179213074,1.0007095246942723,1.0008891428177327,1.0000043214946666,1.0000093709546798,1.0000083703280458,53.67078530198373,54.633234497043944,53.67162335440142
acc_MC_oracle,0.07409996554182587,3.162277660168379e-06,0.12022644346174127,0.00012022644346174127,0.002632002830535582,False,6.410106164929769e-05,7.516573747304135e-05,6.41198127849577e-05,8.615593337017894e-09,4.004881151156018e-07,2.0235833509119923e-06,0.9999358989383507,0.9999248342625268,0.9999358801872151,0.999999991382807,0.99999959927997,0.999997975171804,1.0009047082504194,1.0007287458579024,1.000900675645107,0.999907179779482,0.9999391397821509,0.9999112853872791,54.04737093748211,55.1874408817218,54.04829019426132
acc_MC_oracle,0.081561400161846,3.8311868495543465e-06,0.14791083881682077,0.00014791083881682076,0.0026811957887949156,False,6.569178775081634e-05,7.782646063496077e-05,6.571104565468946e-05,1.748940172458569e-11,4.965089061397964e-07,2.064882563478062e-06,0.9999343082122492,0.9999221735393656,0.9999342889543452,0.9999999999825108,0.9999995039696892,0.9999979350484992,1.0009205995829609,1.00075393883619,1.0009165014795043,1.0000041820332046,1.0002044245917912,1.000008381981754,54.40900961777391,55.68339212856861,54.41001011025637
acc_MC_oracle,0.08314152880106818,3.981071705534969e-06,0.14860006378264154,0.00014860006378264153,0.002682414409876095,False,6.583346388453864e-05,7.80432831516258e-05,6.585277373995455e-05,1.3274074240718168e-08,4.7507134906056063e-07,2.0864978740737194e-06,0.9999341665361154,0.9999219567168484,0.9999341472262601,0.9999999867228665,0.9999995249096747,0.9999979119438636,1.0009208904703553,1.0007545282592547,1.0009167840548585,0.9998847868313051,1.0000301529726665,0.9998889814907663,54.49558526584971,55.808203884975974,54.496602693318984
acc_MC_oracle,0.09328632963367675,5.011872336272725e-06,0.18197008586099836,0.00018197008586099837,0.0027410774892353343,False,6.7892146868119e-05,8.134358742045849e-05,6.791212578133581e-05,2.925252567499218e-08,5.750910532234086e-07,2.1728285361192863e-06,0.9999321078531319,0.9999186564125795,0.9999320878742186,0.9999999707374654,0.9999994251109452,0.9999978248379886,1.0009396560439685,1.0007833845739353,1.0009354621359219,0.9998289663025162,1.000095560335608,0.9998332669032082,55.03112074319054,56.51788570944951,55.03225436420489
acc_MC_oracle,0.10466898338308138,6.30957344480193e-06,0.22387211385683395,0.00022387211385683394,0.0028138456261478104,False,7.043535234617555e-05,8.529322096051182e-05,7.04561610757722e-05,3.8979551083680597e-08,7.274294228769753e-07,2.2684741727183507e-06,0.9999295646476538,0.9999147067790396,0.9999295438389243,0.9999999610050527,0.9999992734197043,0.999997728744646,1.0009629107989002,1.0008178336677447,1.0009586107851742,0.9998025676037635,1.0002389046946092,0.9998070084806918,55.660865173061595,57.31374451422783,55.66213505995586
acc_MC_oracle,0.11410850251795197,7.498942093324558e-06,0.2570395782768864,0.00025703957827688637,0.002870786725217058,False,7.253173185765846e-05,8.844761039408295e-05,7.255323393938389e-05,1.0040272107987586e-07,8.141161570413144e-07,2.4041120768194554e-06,0.9999274682681424,0.9999115523896058,0.9999274467660606,0.9999998995336207,0.9999991867773016,0.9999975913151746,1.0009809755474626,1.0008439139822118,1.0009765870175493,0.999683136115848,1.000222907457229,0.9996876855772463,56.21109706381752,57.987320124546635,56.212484224338425
acc_MC_oracle,0.11744053094884295,7.943282347242822e-06,0.27045526935106573,0.0002704552693510657,0.0028936620072446554,False,7.334511025966747e-05,8.965881781412812e-05,7.336688066149894e-05,1.0636905165132365e-07,8.676575500991572e-07,2.437759571162835e-06,0.9999266548897403,0.9999103411821862,0.9999266331193386,0.9999998935615314,0.9999991335054764,0.9999975574790955,1.0009882554619125,1.000854220525505,1.0009838335428332,0.9996738573139693,1.0002673117165264,0.9996784539128833,56.40620239174889,58.2199553741067,56.4076312891999
acc_MC_oracle,0.1317704430076226,9.999999999999999e-06,0.31622776601683794,0.00031622776601683794,0.002971067102487075,False,7.645661889788642e-05,9.415710696629163e-05,7.647943833707273e-05,5.38218311062905e-07,9.588442504531891e-07,2.9880996599901637e-06,0.9999235433811021,0.9999058428930339,0.999923520561663,0.9999994609911089,0.9999990407362358,0.9999970001639475,1.0010125025229046,1.0008883134635764,1.0010079463816592,0.9992663663645505,0.9999566777870167,0.9992711055345288,57.300169410303454,59.27065623818098,57.301786590421145
acc_MC_oracle,0.14784886878609763,1.2589254117941661e-05,0.3890451449942806,0.0003890451449942806,0.0030923062673613375,False,8.082991824639749e-05,0.00010039005066323743,8.085420170195887e-05,5.472314014529224e-07,1.176776134377478e-06,3.14600914033651e-06,0.9999191700817536,0.9998996099493368,0.9999191457982979,0.9999994519580694,0.9999988247929379,0.9999968414828582,1.001050901723342,1.0009401429386113,1.0010461710633405,0.9992602490949969,1.0002511725405074,0.9992652642138797,58.28207483293477,60.366773994983205,58.28389909326753
acc_MC_oracle,0.15964353629353814,1.4677992676231963e-05,0.4249534679573374,0.0004249534679573374,0.003151302202578351,False,8.346420080932278e-05,0.00010398282276819043,8.34893951332812e-05,1.571258988061639e-06,1.3013722767995262e-06,4.277723332645416e-06,0.9999165357991907,0.9998960171772314,0.9999165106048667,0.9999984247944508,0.9999986969995115,0.9999956977291686,1.0010690441229004,1.0009645426988987,1.0010641992693148,0.9987465013011328,0.9998060929759525,0.9987516293252938,59.07745442703408,61.24242838328226,59.07944551294622
acc_MC_oracle,0.16588915922567116,1.584893192461114e-05,0.44668359215096315,0.00044668359215096316,0.0031867669370410053,False,8.497824024878636e-05,0.00010603601026835526,8.500395731494143e-05,2.172694934136345e-06,1.4666148429532241e-06,4.938821663612027e-06,0.9999150217597512,0.9998939639897318,0.9999149960426851,0.9999978208857436,0.9999985303094501,0.9999950299988674,1.001080009024674,1.000979057229862,1.001075100525378,0.9985259935773083,0.9996460358707574,0.9985311968282674,59.497345888574074,61.695275432831316,59.49942508447688
acc_MC_oracle,0.18613069801983978,1.9952623149688786e-05,0.5495408738576245,0.0005495408738576246,0.003352392092318196,False,9.111296031741e-05,0.00011436611656019819,9.114078405328849e-05,2.041119135582728e-06,1.5541280378853297e-06,5.017308394795638e-06,0.9999088870396826,0.9998856338834397,0.9999088592159467,0.9999979530361405,0.9999984467137243,0.9999949510428638,1.0011320485213788,1.0010456922174382,1.001126904784027,0.9985713225921914,1.0000925078356324,0.9985769560555877,60.7555901432607,63.00979792657071,60.75792676743221
acc_MC_oracle,0.20884207809036628,2.5118864315095822e-05,0.6309573444801932,0.0006309573444801932,0.00348110270329159,False,9.694240289683863e-05,0.00012193212173084663,9.69722895457661e-05,5.575542189517784e-06,2.2144175689648083e-06,8.788590642240979e-06,0.9999030575971032,0.9998780678782695,0.9999030277104543,0.9999943980336621,0.9999977785091305,0.9999911388325957,1.0011713036172274,1.001095601823215,1.0011659204482115,0.9976387413971533,0.9993967937893626,0.9976446854523191,62.32544683800275,64.62098137148703,62.32811072059161
acc_MC_oracle,0.22334933960129155,2.8729848333514593e-05,0.72443596007499,0.00072443596007499,0.003626573945788737,False,0.00010216435874308986,0.0001288171940299037,0.00010219608963238544,3.836537562922739e-06,2.00067407185595e-06,7.217404488159735e-06,0.9998978356412569,0.9998711828059699,0.9998978039103676,0.9999961483888498,0.9999980011416234,0.9999927273100306,1.0012169182608037,1.0011512903364257,1.0012113503000684,0.9980412918637728,1.000130205101149,0.9980476806862112,63.155279329097986,65.44928115642435,63.15809885711873
acc_MC_oracle,0.23432466565216264,3.1622776601683795e-05,0.7762471166286917,0.0007762471166286917,0.0037062330947770857,False,0.0001054948658580863,0.00013307584402723438,0.00010552779759194841,4.652057024671884e-06,2.1299649984468732e-06,8.157491218984058e-06,0.9998945051341419,0.9998669241559728,0.999894472202408,0.999995327810166,0.9999978715592678,0.9999917764401078,1.0012413690957342,1.0011811006626556,1.0012356752504674,0.997843137226277,1.00009061446926,0.9978497610642616,63.865744795748626,66.15597509969372,63.86870524707952
acc_MC_oracle,0.2629165991598638,3.9810717055349695e-05,0.8912509381337456,0.0008912509381337456,0.003880812312933678,False,0.00011362565713407282,0.00014321272671273451,0.00011366156777348626,1.0538967855402773e-05,2.9562485147823147e-06,1.4374477635218728e-05,0.999886374342866,0.9998567872732869,0.9998863384322265,0.9999893922705475,0.9999970339460491,0.9999854807890862,1.0012939868352773,1.0012450134112705,1.0012879773435883,0.9967536223486164,0.9993495415053241,0.9967607646601842,65.81527896190521,68.06398570235346,65.81863623796738
acc_MC_oracle,0.29499727619967947,5.011872336272725e-05,1.096478196143185,0.0010964781961431851,0.0041856130896459525,False,0.00012550545774975437,0.00015817073724235558,0.0001255458239991619,7.381387462360657e-06,3.084317992159994e-06,1.1620279735294923e-05,0.9998744945422502,0.9998418292627577,0.999874454176001,0.9999925783399354,0.9999969243350982,0.9999882693778076,1.0013877503725899,1.001354549365643,1.0013813381355345,0.9972831291045836,1.000416083431987,0.9972913476589831,67.61753282905497,69.81452611308934,67.62119658160954
acc_MC_oracle,0.312476963731664,5.623413251903491e-05,1.1748975549395295,0.0011748975549395295,0.004300078253284842,False,0.00013093801230349304,0.0001647493971000074,0.00013098046117645957,1.0748384348788303e-05,3.186488699407972e-06,1.5205473170075656e-05,0.9998690619876965,0.9998352506029002,0.9998690195388236,0.9999891807909738,0.9999968163523819,0.9999846345776904,1.0014218499634533,1.0013944348669674,1.0014152397450151,0.9967215271316071,1.0000684679668472,0.9967301541024478,68.7537648786456,70.89639171359677,68.75764804292446
acc_MC_oracle,0.3309923878648536,6.309573444801929e-05,1.2589254117941673,0.0012589254117941673,0.004421631943214572,False,0.00013678921930225993,0.00017177881369957355,0.00013683393801592188,1.5007762121699993e-05,3.5680505169765085e-06,1.970092178857651e-05,0.9998632107806977,0.9998282211863,0.999863166061984,0.9999848752789726,0.9999964275041902,0.9999800709277988,1.0014578982774305,1.0014363029384779,1.0014510777139791,0.996126014697795,0.9997004334374562,0.9961350938598058,69.94833582622525,72.02524831692325,69.9524476790309
acc_MC_oracle,0.37137956741783923,7.943282347242822e-05,1.4454397707459274,0.0014454397707459273,0.004687758524505277,False,0.00014987567587889983,0.0001873200176836064,0.00014992557174196895,2.666845333912678e-05,5.3596435456833635e-06,3.189258271202073e-05,0.9998501243241211,0.9998126799823166,0.999850074428258,0.9999730539584266,0.9999946129968735,0.9999676638315192,1.0015362605735856,1.001526376520887,1.0015289798914844,0.9948358492141373,0.9989045481359957,0.9948459839491348,72.51609018369754,74.42757699982936,72.52068565521648
acc_MC_oracle,0.4166947281934956,0.0001,1.7649871801849728,0.0017649871801849728,0.0051335459628609114,False,0.00016848468348860582,0.00020973000276440138,0.0001685423506127185,1.7465396315252066e-05,5.017375721255844e-06,2.3333014767507003e-05,0.9998315153165114,0.9997902699972354,0.9998314576493872,0.9999823877019919,0.9999949988238833,0.9999763699619615,1.0016700068669966,1.0016748203693024,1.001662158847216,0.995820837845303,1.0004152537695397,0.995832927626783,74.73453594245595,76.5504562440779,74.73940435687634
acc_MC_oracle,0.43717099426962,0.00011006941712530544,1.9054607179632472,0.0019054607179632473,0.0053260352855020055,False,0.00017687516957172412,0.00021969660547197547,0.00017693646194164535,1.5132978818373315e-05,6.010966702180775e-06,2.1299736642978225e-05,0.9998231248304282,0.9997803033945281,0.9998230635380584,0.9999847485925857,0.9999940233075705,0.9999784352140746,1.0017270837438572,1.0017374536389734,1.0017189844151608,0.9961098870429802,1.0009079946808044,0.9961228658058203,75.74252651571106,77.51238107906775,75.74751479226184
acc_MC_oracle,0.46753917484344276,0.00012589254117941674,2.041737944669529,0.0020417379446695293,0.0055109935849419565,False,0.00018704231797412037,0.0002313084750334979,0.00018710798835011545,2.5536178850147126e-05,5.795806799180298e-06,3.2131803586138794e-05,0.9998129576820258,0.9997686915249661,0.9998128920116499,0.9999742037659427,0.9999942120386283,0.9999674032019902,1.0017796353579766,1.0017960600239963,1.001771199061985,0.9949466665605615,1.0000694683824307,0.994960550822994,77.59002413347673,79.20366811627821,77.59534169467854
acc_MC_oracle,0.5245875822834551,0.00015848931924611142,2.344228815319922,0.002344228815319922,0.005915952262017347,False,0.00020803609142795333,0.0002553289404324217,0.00020811116750852913,3.947617084220734e-05,7.302320818401424e-06,4.691361957337922e-05,0.9997919639085721,0.9997446710595673,0.9997918888324915,0.9999600230565017,0.9999926794436058,0.9999522964278729,1.0018953801707258,1.0019228300769512,1.0018862945801597,0.9937169934870154,0.9994014164075784,0.9937329648010691,80.74835964256141,82.11127931468928,80.75416318433815
acc_MC_oracle,0.5885969482196861,0.00019952623149688788,2.6915348039269156,0.0026915348039269157,0.006372672994074958,False,0.00023236571939979505,0.0002828478351838129,0.0002324521924530868,5.7083569530348076e-05,9.982660237334956e-06,6.549814465106659e-05,0.9997676342806002,0.9997171521648159,0.9997675478075468,0.9999420439808241,0.9999899577574675,0.9999332332785291,1.0020243227354066,1.002062437062294,1.002014514554073,0.99244463306448,0.9987120389814719,0.9924631420267205,84.14113533646389,85.22384425494629,84.14742165644026
acc_MC_oracle,0.6116242168641555,0.000215443469003023,2.884031503126606,0.002884031503126606,0.006622529731713608,False,0.0002434810621407586,0.00029572651128511706,0.0002435731508949156,4.4128372231519366e-05,8.839470444772296e-06,5.2930598050683774e-05,0.9997565189378592,0.9997042734887143,0.999756426849105,0.9999552794512516,0.9999911566751633,0.9999461146302242,1.0020966626208372,1.0021385817806463,1.0020865716269636,0.9933570810458414,0.9997376978208805,0.9933769689431518,84.95920152073083,86.03334144949564,84.96548069503477
acc_MC_oracle,0.6604166380483051,0.00025118864315095795,3.1622776601683795,0.0031622776601683794,0.006980044978886696,False,0.00026295773785275694,0.0003175028261374626,0.000263059588908501,5.47614450160366e-05,1.0298570197061485e-05,6.43437280953738e-05,0.9997370422621472,0.999682497173863,0.9997369404110916,0.9999444189888622,0.999989674497794,0.9999343951271875,1.0021960880921843,1.0022445240144677,1.0021854522469094,0.9925999023644254,0.9993610437332108,0.9926219484519876,87.36532413065888,88.24470946105066,87.37189375533566
acc_MC_oracle,0.7409996554182586,0.00031622776601683794,3.8018939632056115,0.0038018939632056114,0.007787891632074628,False,0.00030190066207845014,0.000361652085380287,0.0003020238278532939,2.8139177427364677e-05,1.4775138361602545e-05,3.916091072906469e-05,0.9996980993379215,0.9996383479146196,0.9996979761721467,0.9999715598939563,0.9999853722548393,0.9999601784123917,1.002423805313415,1.0024808353370294,1.002412222210428,0.994695362648836,1.0017638385826906,0.9947222722096745,90.28737588659061,91.09708227041995,90.29393730889942
acc_MC_oracle,0.8314152880106822,0.00039810717055349735,4.36515832240166,0.00436515832240166,0.00848592262437935,False,0.00034123630316047125,0.00040490530757540666,0.00034138185884396435,3.6185660739450024e-05,1.6338094531736438e-05,4.878982212025914e-05,0.9996587636968395,0.9995950946924244,0.999658618141156,0.9999633750331108,0.9999838145175254,0.999950302445266,1.0026126454628799,1.0026771359625355,1.0026000761930902,0.9939845481683044,1.0015555647653456,0.9940161729355235,94.19255335309359,94.71929797605208,94.19941803930774
acc_MC_oracle,0.8556930527381014,0.00042169650342858224,4.36515832240166,0.00436515832240166,0.00848592262437935,False,0.0003466530424804238,0.0004099541204423846,0.0003468010078422597,7.957811765288589e-05,1.5643404444119745e-05,9.248816257667844e-05,0.9996533469575196,0.9995900458795571,0.9996531989921578,0.9999189828776512,0.999984285289031,0.9999053491312606,1.0026071843597621,1.0026746282963321,1.0025944009639778,0.9910793432050725,0.9990233701172836,0.9911113247779011,95.9662789077224,96.2113718634956,95.97357548894674
acc_MC_oracle,0.9328632963367676,0.0005011872336272725,4.894766810459195,0.004894766810459195,0.009132877498853683,False,0.00038276406322615864,0.00044950042586139945,0.00038293408528210465,7.467736458393148e-05,1.68364906697192e-05,8.901633485105571e-05,0.9996172359367739,0.9995504995741382,0.9996170659147179,0.9999240150456058,0.9999831414815274,0.9999088985141731,1.00278081634602,1.0028528487218722,1.0027671961113316,0.9913583934026171,0.9996020941870819,0.9913949251929763,98.88045669598219,98.96273883267641,98.88783480491686
acc_MC_oracle,1.046689833830814,0.000630957344480193,5.62341325190349,0.00562341325190349,0.010010628682263581,False,0.00043530339618356274,0.0005061915547009348,0.00043550713075939367,8.557773249712762e-05,2.00787384780502e-05,0.00010204495195613209,0.9995646966038164,0.999493808445299,0.9995644928692407,0.9999128166937231,0.9999798753780712,0.9998953899469092,1.0030102539109689,1.0030876987749981,1.0029954435867663,0.9907491766584197,0.9994607466432482,0.9907923352047837,103.26726899238032,103.04971919481939,103.27483896979915
acc_MC_oracle,1.1744053094884288,0.0007943282347242813,6.606934480075959,0.006606934480075959,0.011176850520565265,False,0.0005018943960687651,0.0005781818725161099,0.0005021450711318821,5.408279814286831e-05,2.5607090197266994e-05,7.325135034790663e-05,0.9994981056039313,0.999421818127484,0.9994978549288681,0.9999451128794755,0.9999746288555835,0.9999250667423614,1.0033139982631079,1.0033929328190725,1.0032978470446359,0.9926458992294864,1.0015325461750655,0.9926978205458654,107.2053690462512,106.88043689188088,107.2127398708923
acc_MC_oracle,1.1971576342388,0.000825404185268652,6.606934480075959,0.006606934480075959,0.011176850520565265,False,0.0005073752410808055,0.0005831973445225452,0.0005076288239994638,9.618788409537402e-05,2.4430770912430658e-05,0.0001155999278537316,0.9994926247589192,0.9994168026554778,0.9994923711760004,0.9999018972586473,0.9999754980218671,0.9998812818214337,1.003308460058136,1.0033903366631816,1.0032921205780738,0.9901924577953815,0.999397224114811,0.9902448946644627,108.67596952248853,108.1126328347226,108.68367000946523
acc_MC_oracle,1.3177044300762262,0.001,7.5857757502918375,0.007585775750291838,0.012320432280343012,False,0.0005738808519461361,0.0006545354648858735,0.0005741851830340604,5.4890095726894e-05,3.073236099040104e-05,7.706187043232614e-05,0.9994261191480539,0.9993454645351142,0.9994258148169659,0.9999442874375427,0.9999695872259389,0.9999210930472322,1.0036005195695095,1.0036809784653462,1.0035829466089548,0.9925912149628368,1.0018158878116825,0.9926525209284665,111.9718906284902,111.37972508482905,111.97927543105826
acc_MC_oracle,1.4784886878609769,0.0012589254117941675,8.709635899560805,0.008709635899560805,0.013616515567484664,False,0.0006577657156532657,0.0007427580895416896,0.0006581371681990568,5.1822858026072657e-05,3.753853595107582e-05,7.754953970782689e-05,0.9993422342843468,0.9992572419104584,0.9993418628318009,0.9999474228813494,0.9999629262200475,0.9999205454831811,1.0039177382636217,1.0039977932945028,1.003898622077845,0.9928011905132812,1.002295940131793,0.9928735214200931,116.95320100416954,116.10962370132891,116.96052817449247
acc_MC_oracle,1.6588915922567116,0.001584893192461114,10.0,0.01,0.01508652777407933,False,0.0007555862409792334,0.0008447829104575555,0.0007560416809566871,4.4624070735505586e-05,4.68903612389406e-05,7.457603070950257e-05,0.9992444137590207,0.9991552170895426,0.9992439583190432,0.999954773712939,0.9999538201842509,0.9999235840150535,1.0042684918000095,1.0043460993080562,1.0042477090338175,0.9933198749461177,1.0030070086188843,0.9934050974814523,122.1515931666913,121.07565665954984,122.15880931868881
acc_MC_oracle,1.674883764252367,0.001615598098438634,10.0,0.01,0.01508652777407933,False,0.0007596608428884291,0.0008484643363913801,0.0007601190952526936,6.711496357850225e-05,4.1287996825304225e-05,9.718125402904668e-05,0.9992403391571115,0.9991515356636091,0.9992398809047472,0.999931771712498,0.9999590866532669,0.9999001656996882,1.004264361768794,1.0043441562794326,1.0042434611423625,0.9918076277197321,1.0016834191443358,0.991893334382626,123.03222868467435,121.81689935118972,123.03961470315843
acc_MC_oracle,1.861306980198398,0.001995262314968879,11.481536214968829,0.011481536214968828,0.016755052200200068,False,0.0008697321539413,0.0009628617838317175,0.0008702925995278417,3.372522732412562e-05,6.017400597856531e-05,6.872018453610179e-05,0.9991302678460587,0.9990371382161688,0.9991297074004721,0.9999658796259947,0.9999409467587307,0.9999296370156021,1.0046557510646996,1.0047288160426506,1.004633179546775,0.9941926574645432,1.0039857059365282,0.9942928825534666,127.57137071222061,126.2841988664436,127.57845448618693
acc_MC_oracle,2.088420780903662,0.0025118864315095794,12.302687708123818,0.012302687708123818,0.017672416422517576,False,0.0009649984388460287,0.0010568224793225426,0.0009656452870826438,0.0002453679124932644,7.364744369216155e-05,0.0002837116634902151,0.999035001561154,0.9989431775206774,0.9990343547129173,0.9997467606278371,0.9999245968790352,0.9997044792196066,1.004832327596003,1.0049188256387815,1.0048080363655214,0.9843357760328427,0.9953983245164683,0.9844482043211544,136.38623348039587,134.07419333511763,136.39431600147756
acc_MC_oracle,2.343246656521626,0.0031622776601683794,14.784849388823313,0.014784849388823313,0.020419230012694096,False,0.0011425898880099974,0.0012403472566350103,0.0011434253865580104,4.73445829420883e-05,7.13553939432037e-05,9.440878183499949e-05,0.99885741011199,0.998759652743365,0.9988565746134419,0.99995199709877,0.9999297339918657,0.9999029332751473,1.0054570085404033,1.005523068652581,1.0054305933751557,0.9931192600004005,1.0032937770863244,0.9932548991754969,140.18881815002072,138.25676580533766,140.19611190886366
acc_MC_oracle,2.629165991598639,0.003981071705534973,16.218100973589298,0.0162181009735893,0.02199040142088471,False,0.0012862878655572074,0.0013826038270592963,0.0012872774364446737,0.00018559127110583362,7.7832698900771e-05,0.00023803160475278,0.9987137121344428,0.9986173961729411,0.9987127225635554,0.9998092467972609,0.9999207391883609,0.9997521882939879,1.005762922909124,1.0058375159099728,1.005734569783081,0.9863768112724725,0.9973548441809189,0.9865307831925915,148.77130445041817,146.075305014704,148.77933784394725
acc_MC_oracle,2.9499727619967944,0.005011872336272725,18.620871366628673,0.018620871366628673,0.024604798250881934,False,0.001488154392573795,0.0015851128848418977,0.001489379002411832,0.00014148698307604577,8.339482185186846e-05,0.0002031618374040333,0.9985118456074262,0.9984148871151584,0.9985106209975881,0.9998550860671385,0.9999156550581125,0.9997887270636662,1.0062969158753192,1.0063638614057426,1.006266440283343,0.9881051699013376,0.9988795354062813,0.9882844646712042,155.33161393727337,152.47977452094133,155.33992903369602
acc_MC_oracle,3.2783199709090027,0.006189658188917356,21.211852646034554,0.021211852646034556,0.02740142099355413,False,0.0017064018291808776,0.0018028551657868108,0.0017078941417492462,8.193833539271451e-05,9.583469191981404e-05,0.00015411824385455885,0.9982935981708191,0.9981971448342131,0.9982921058582508,0.9999165578687707,0.9999043722478524,0.9998402921461013,1.0068489101661584,1.0069068499681926,1.0068164705408376,0.9909480203605667,1.0013538693148838,0.9911539552984694,161.36286333479717,158.43592096444422,161.3717285094307
acc_MC_oracle,3.3099238786485357,0.006309573444801929,21.211852646034554,0.021211852646034556,0.02740142099355413,False,0.0017154508152754998,0.0018109546440914315,0.0017169538482396493,0.00012950224385176805,9.575959504113272e-05,0.0002014640916047385,0.9982845491847245,0.9981890453559086,0.9982830461517603,0.9998674992227099,0.99990324758609,0.9997903319650142,1.0068396587022097,1.0069024009557062,1.0068070885592268,0.9886200947344994,0.9992710679987717,0.9888271475366958,162.635404742081,159.53267828272485,162.64444065686075
acc_MC_oracle,3.71379567417839,0.007943282347242814,24.547089156850298,0.024547089156850298,0.030973955649186487,False,0.0019983166702373964,0.0020914831128275423,0.0020001839268226776,4.6537647765549315e-05,0.00012066459285649906,0.00013278647940353843,0.9980016833297626,0.9979085168871723,0.9979998160731773,0.9999528208495952,0.9998806993294993,0.9998629604610347,1.0075169974532732,1.0075687303466938,1.0074823359166403,0.9931781492419176,1.0032227367348714,0.9934185763981609,169.2747476167852,166.1589158207733,169.2848980740941
acc_MC_oracle,4.166947281934956,0.01,28.183829312644534,0.028183829312644532,0.034841549626682275,False,0.0023183693453417047,0.0024061586157983813,0.0023206652746862607,1.1623608851601247e-05,0.00016523705393746462,0.00011412624826316262,0.9976816306546583,0.9975938413842017,0.9976793347253138,0.9999882967262712,0.9998387010211398,0.9998837308773274,1.0082083393003523,1.0082547645020694,1.008171778371244,0.9965906585897565,1.0061177146218798,0.9968674178630241,176.7056609959649,173.46684954601469,176.71770078571632
acc_MC_oracle,4.586534585139283,0.012115276586276584,30.26112010170831,0.03026112010170831,0.03703999770430808,False,0.002551651673048376,0.002630416604454596,0.0025542765439406736,0.00014388123495916928,0.0001470307746325695,0.00025336622225702635,0.9974483483269516,0.9973695833955456,0.9974457234560593,0.9998526039258838,0.9998499857352269,0.9997347576390636,1.0085364327782853,1.0086077435473266,1.0084987333381124,0.9880049495641257,0.9982379538680999,0.988307313720869,186.15576547770408,182.1654474971708,186.16982340566375
acc_MC_oracle,4.675391748434428,0.012589254117941675,31.622776601683793,0.03162277660168379,0.0384774099958616,False,0.0026507487814856176,0.0027290216791153125,0.002653509572147007,3.205597372629019e-05,0.00016294070301485372,0.00014919900663712805,0.9973492512185144,0.9972709783208847,0.9973464904278531,0.9999675779310867,0.9998390750906596,0.9998464129133791,1.0088013643498561,1.008860278751817,1.0087633190088554,0.994338200486922,1.0038908615540563,0.9946512733730459,186.0107324365095,182.31363844410276,186.02540072612976
acc_MC_oracle,5.245875822834551,0.015848931924611134,34.673685045253166,0.034673685045253165,0.041688706857092486,False,0.0029865545145947637,0.0030512486747552715,0.0029898078035792168,0.00022345393649511293,0.00019244029219271614,0.00035093982241255584,0.9970134454854053,0.9969487513252447,0.9970101921964207,0.99976971267933,0.9998004435046106,0.9996298626691802,1.0092630400976945,1.0093566660263462,1.0092241343167991,0.9850516242857255,0.9952637927048911,0.9853992563551701,197.56899875985854,193.04854144053635,197.58685717986526
acc_MC_oracle,5.885969482196863,0.0199526231496888,39.810717055349734,0.039810717055349734,0.04707089533094233,False,0.003463571515916303,0.0035130395009387292,0.0034675270406173313,0.00012098336179772618,0.00019891761872608562,0.00027263534152521525,0.9965364284840837,0.9964869604990606,0.9965324729593826,0.9998763106233675,0.9997967378860215,0.999714115125578,1.010088856497554,1.0101972349817105,1.0100495693242362,0.9890007563079216,0.9985232784240174,0.9893955809577746,206.1681990150651,201.51402508782925,206.190763979866
acc_MC_oracle,6.4167926521431395,0.023713737056616554,43.132838848177755,0.04313283884817776,0.05053766126573049,False,0.003812394317014001,0.003846997270118322,0.0038168848505078074,0.00023730052380667953,0.0002511066650698036,0.0004015492803728164,0.996187605682986,0.9961530027298816,0.9961831151494922,0.9997552159825263,0.9997377829875939,0.9995745113020373,1.0105552009555538,1.0106978829330917,1.0105164389341865,0.9845954382143899,0.9942775890208663,0.9850220144058689,214.8023629550639,209.6784795904835,214.82887982388092
acc_MC_oracle,6.604166380483051,0.025118864315095794,45.195361166630285,0.04519536116663028,0.05268527297202312,False,0.0039864676908528,0.004015863821188147,0.003991211642164504,0.00010524081073623963,0.0002286323659190978,0.00028155733004545547,0.9960135323091472,0.9959841361788118,0.9960087883578355,0.9998925662353615,0.9997665284548609,0.9997048623890854,1.0108792322975284,1.0110212156324716,1.0108406779222674,0.9897413056027465,0.9988654976209024,0.9901843210726109,216.090936716894,211.11194062384806,216.11942481491946
acc_MC_oracle,7.4099965541825865,0.03162277660168379,52.48074602497726,0.05248074602497726,0.06024668449693466,False,0.004653287065128802,0.004657359133060318,0.004659018801935882,1.9629116551807356e-06,0.0003087500811099084,0.00021778914392168075,0.9953467129348712,0.9953426408669398,0.9953409811980641,0.9999980315765307,0.9996980407546667,0.9997804606288484,1.0119165162025008,1.0120910473114768,1.0118800204142038,0.9985989605090574,1.0066017348496343,0.9991005955545874,224.6608836298583,219.65335909372442,224.69761469586916
acc_MC_oracle,8.314152880106823,0.039810717055349734,60.25595860743578,0.06025595860743578,0.06828194644947976,False,0.005387322764002648,0.005359839031202283,0.00539414322824349,1.752088467520247e-05,0.00043906596102473065,0.0002754411553470573,0.9946126772359973,0.994640160968797,0.9946058567717566,0.9999826248771772,0.9995793093771167,0.9997310821294615,1.0129171145083455,1.0131512047397697,1.012884791303744,1.004185795584498,1.0114016222853228,1.0047467331404305,234.63424577188277,229.38922963315497,234.6808361674611
acc_MC_oracle,8.977415775738184,0.04641588833616342,64.56542290346556,0.06456542290346556,0.07272310916876057,False,0.005846006034869333,0.005795228515760526,0.005853546908991206,7.640147907516801e-07,0.00038185422215144524,0.0002758038930443961,0.9941539939651307,0.9942047714842398,0.9941464530910087,0.9999992346478369,0.9996261370178194,0.9997227184150838,1.013384174334929,1.0136871826197815,1.0133562849617839,0.9991259206038627,1.0065572591056764,0.9997187695234016,243.40163783473417,237.68420425571253,243.45485345299537
acc_MC_oracle,9.328632963367673,0.05011872336272722,64.66830490778774,0.06466830490778774,0.07282903948863244,False,0.0059617634810318065,0.005900390056203548,0.0059695666802121825,0.000283202726900557,0.0004164883585594974,0.0005444635894553664,0.9940382365189682,0.994099609943796,0.9940304333197878,0.9997070193201689,0.9995587459474735,0.9994168149652687,1.0132853627883835,1.0136501945135878,1.0132604656471478,0.9831713718057425,0.9917747611467,0.9837652442011776,250.8423924418096,244.43971215553572,250.8976052851258
acc_MC_oracle,10.466898338308141,0.06309573444801933,74.13102413009177,0.07413102413009177,0.08255529305574391,False,0.006875321338359282,0.006770779957662588,0.006884481738404974,0.0001593491156491548,0.0004286188577579496,0.0004698514179296776,0.9931246786616407,0.9932292200423372,0.9931155182615949,0.9998365503640337,0.9995525253289049,0.9995006795994439,1.0143322088868578,1.0148100218384812,1.0143180173593083,0.9873766440417314,0.9953087980005606,0.9880305001010032,261.93668108319855,255.24779685828014,262.0054642735846
acc_MC_oracle,11.74405309488429,0.07943282347242814,85.11380382023764,0.08511380382023763,0.0938086997648394,False,0.007923924859828933,0.007768541856779925,0.007934581384535604,5.6748144520286485e-05,0.000476018290371513,0.00042747825967164857,0.992076075140171,0.9922314581432197,0.9920654186154645,0.9999423871134345,0.9995150900956875,0.999553705782759,1.0154438836379687,1.01606951518771,1.0154453870228541,0.992466863566861,0.9997336994038819,0.9931826428344281,273.43898274943797,266.4356750178638,273.52372233694314
acc_MC_oracle,12.55985636117796,0.09085175756509895,91.20108393559097,0.09120108393559097,0.1000327386715301,False,0.008538396201576315,0.008351342220894115,0.008549943599546042,9.612321514663155e-05,0.0005247889957816209,0.000495144467266308,0.9914616037984236,0.9916486577791062,0.9914500564004539,0.9999019638679351,0.9994585174309131,0.9994774972172067,1.0159768626472683,1.0167151048312129,1.015990522045295,0.9901957552485349,0.9974800526468557,0.990940074691572,281.4572408998666,274.11557755948985,281.5516452952976
acc_MC_oracle,13.177044300762262,0.1,97.72372209558107,0.09772372209558107,0.106693064186448,False,0.009114939712521091,0.008900776773991098,0.009127206624825928,5.342914370664524e-06,0.0005781045947642629,0.00044804522954074405,0.9908850602874789,0.9910992232260089,0.9908727933751741,0.9999946322997038,0.9994273059371378,0.9995447274951804,1.0165998249044814,1.017417153684917,1.0166236600550878,0.9976885254985909,1.0043754151779702,0.9984662030133843,285.52061529939397,278.1521045024072,285.6236097313967
acc_MC_oracle,14.78488687860977,0.12589254117941673,112.2018454301963,0.1122018454301963,0.12144925398726795,False,0.010461947149047076,0.010180937763018753,0.010475909000009293,8.453123555338499e-06,0.0007418213563883787,0.0005369968740330257,0.989538052850953,0.9898190622369816,0.9895240909999907,0.9999915958165623,0.9992844265763715,0.9994704917995986,1.017794668091081,1.018856632353371,1.0178495874180253,1.0029074255889598,1.009128905487191,1.0037453093013824,298.19366692522084,290.41207939159324,298.3171179476416
acc_MC_oracle,16.588915922567114,0.15848931924611134,128.82495516931337,0.12882495516931336,0.13835388364695902,False,0.011978568744994209,0.011622819036254475,0.01199426797306362,6.349867830235105e-05,0.0009701734609033866,0.0006942253664119716,0.9880214312550057,0.9883771809637453,0.9880057320269364,0.9999375013445752,0.999085689463394,0.9993332342193254,1.0190222601978054,1.0203920862286266,1.0191197430647605,1.0079686057941368,1.0138689153886946,1.0088627745275558,311.4584247113652,303.2214974741404,311.6043476888005
acc_MC_oracle,17.571870987632057,0.1778279410038923,135.0277952786786,0.13502779527867861,0.14465331286025912,False,0.012633703205809423,0.012243552450100125,0.012650266488891292,1.6578299172515184e-06,0.0008572141668558499,0.0006536533131629458,0.9873662967941905,0.9877564475498999,0.9873497335111088,0.9999983378926878,0.9991564566214002,0.9993377433419407,1.0193415060148852,1.020897745783923,1.0194655499191687,0.9987124325581735,1.0051787637319918,0.9996096241089429,320.13627315947997,311.47730542985386,320.2928887675309
acc_MC_oracle,18.613069801983983,0.19952623149688797,138.03842646028852,0.13803842646028852,0.1477093679019817,False,0.01312879060943578,0.012709312076845187,0.01314624245521054,0.0006062523740904818,0.001151066355517223,0.0012399727326627761,0.9868712093905643,0.9872906879231549,0.9868537575447895,0.9993627531277476,0.9987344376699936,0.9986196182429402,1.019298453110644,1.0210637336183168,1.0194530723032722,0.9753778072850836,0.9831641194423252,0.9762448525670145,331.4488069040822,322.1419764922437,331.61526002500204
acc_MC_oracle,20.88420780903662,0.251188643150958,158.48931924611142,0.15848931924611143,0.16844673149981007,False,0.014960194561121944,0.014454987764862743,0.014979429740655935,0.0004832099908188203,0.0012285715204891235,0.0012438272133559823,0.985039805438878,0.9855450122351372,0.985020570259344,0.999494824542908,0.9986600467441926,0.9986164034774979,1.0205223102963077,1.0227453586568067,1.0207534746964901,0.9780179620867668,0.9857672694413137,0.9789124248128467,345.5925876294904,335.84400660497,345.78541694667854
acc_MC_oracle,23.432466565216263,0.31622776601683794,181.97008586099827,0.18197008586099828,0.1922171815590011,False,0.016997616234826294,0.01640176476741002,0.017018502094176144,0.0004015058114404909,0.0013619741784774671,0.0013150681990659397,0.9830023837651737,0.9835982352325903,0.9829814979058238,0.9995819068817458,0.9985264955573632,0.9985374336669712,1.0217566827034112,1.0245380901348426,1.0220894485328185,0.9799623900766461,0.9878819182091537,0.9808674620709454,360.2447017710711,350.03403782491444,360.46516549857176
acc_MC_oracle,24.583931625236062,0.3480700588431082,194.98445997580455,0.19498445997580455,0.20537759649625836,False,0.01802413692725472,0.017385881357113577,0.01804558123751911,0.00016050838144926,0.001342214827358592,0.0011717173956766439,0.9819758630727453,0.9826141186428863,0.9819544187624809,0.9998353459807111,0.9986007495657866,0.998729659326796,1.0224551234783772,1.0255057070005527,1.022839589309671,0.9873308097555819,0.99509488041917,0.9882510546653143,365.4510782221059,355.1227490071137,365.68358100611306
acc_MC_oracle,26.291659915986386,0.3981071705534972,208.92961308540387,0.20892961308540386,0.21946959374655867,False,0.019253310802997768,0.018564205918105647,0.019275615521016202,0.00036088686933011667,0.0015543169127207055,0.0014591439003938734,0.9807466891970023,0.9814357940818945,0.9807243844789838,0.9996250007234903,0.9983280092742429,0.9983739173010084,1.0229937728620149,1.0264507550217667,1.0234604915479362,0.9810029773561719,0.9893218055475503,0.9818954066408065,375.35955701629103,364.67807124035926,375.60843293539324
acc_MC_oracle,29.49972761996794,0.5011872336272722,239.88329190194898,0.239883291901949,0.250719404999258,False,0.021738412632995367,0.02095666582711857,0.021761787850185076,0.00036401219577226215,0.0018098732712044634,0.0016861493271256886,0.9782615873670046,0.9790433341728817,0.978238212149815,0.9996216898776604,0.9980549935118361,0.9981092457264783,1.0242262808878257,1.0284948871424546,1.0248686006409198,0.9809208963582599,0.9898846419843085,0.9817693247639129,390.8792178121391,379.7308876477372,391.15676175626396
acc_MC_oracle,33.099238786485365,0.6309573444801932,275.4228703338166,0.2754228703338166,0.286558471951192,False,0.024462606416871348,0.023593104935418694,0.02448656864509701,0.00042064665341265775,0.002137399979070139,0.002015919272493441,0.9755373935831286,0.9764068950645808,0.975513431354903,0.9995615529680673,0.9976892572058997,0.9977118546512176,1.025448025802248,1.0306858086125246,1.0263194201005001,0.9794903278082594,0.9893532030022432,0.9802536237079633,406.7347321481333,395.1370688710424,407.04066181742337
acc_MC_oracle,34.394157262989864,0.6812920690574383,295.1209226666387,0.2951209226666387,0.3064075795395428,False,0.025718828688001637,0.024814690428266294,0.025742448374110265,4.144598401569392e-05,0.002199253378631556,0.0018043419325256991,0.9742811713119983,0.9751853095717337,0.9742575516258898,0.9999580151715658,0.9978046503750706,0.9980784490941634,1.026272993975545,1.0318969479149371,1.027236981472,0.9935621444552014,1.0033719501873417,0.9943288065342308,410.2817539577627,398.6467937300005,410.595835374252
acc_MC_oracle,37.13795674178391,0.7943282347242815,316.2277660168379,0.3162277660168379,0.3276663891691158,False,0.027433804571772653,0.02648688924874949,0.02745771447049346,0.000553010751786127,0.0025549463526157194,0.0024847084138849822,0.9725661954282273,0.9735131107512501,0.9725422855295065,0.999420032746968,0.9971967306839098,0.9971249727475802,1.0266547120500336,1.0330440670036114,1.0278236698555798,0.9764838193622747,0.9874977170717828,0.977109809896332,422.8476911485816,410.83226131619745,423.18119645255183
acc_MC_oracle,41.66947281934956,1.0,363.0780547701014,0.3630780547701014,0.3748234835837336,False,0.03065787771230501,0.029650611624060564,0.030680915731940622,0.0008020244487426317,0.0030963923164289086,0.0031531550950368277,0.969342122287695,0.9703493883759394,0.9693190842680593,0.999150543561988,0.9965166341663302,0.9962522007335411,1.0278448184680866,1.0355972859457974,1.0293988663542903,0.9716799638287196,0.9840806671246958,0.9721051745517267,439.13184885519416,426.74446282634955,439.49162760929175
acc_MC_oracle,46.75391748434427,1.2589254117941673,416.8693834703355,0.4168693834703355,0.42892573362608877,False,0.03413851133958243,0.03309600247340698,0.034159647579818125,0.0012338379260993272,0.003819551867007758,0.004114624162087906,0.9658614886604175,0.9669039975265928,0.965840352420182,0.9986746916500558,0.9955456712906283,0.994937622576313,1.0290205511832935,1.03838246634556,1.031071324074806,0.9648739708179344,0.9788652111323657,0.965025114748512,455.4946846877176,442.79517043466075,455.8790002151463
acc_MC_oracle,48.11915652329192,1.333521432163324,446.683592150963,0.44668359215096304,0.45889707365837606,False,0.035571720685296446,0.034521879123781934,0.03559097018534624,0.0001845355728551611,0.0036271017430874212,0.003321943820764746,0.9644282793147035,0.965478120876218,0.9644090298146538,0.9998103467793837,0.9962270291623407,0.9962251758043428,1.0300620691758968,1.0399359901645167,1.0322646128301087,0.9864156129010117,1.0005995873065172,0.9865450002702953,457.2056587513176,444.5674937695466,457.5907556343176
acc_MC_oracle,52.45875822834551,1.5848931924611136,512.8613839913648,0.5128613839913648,0.5253927754014792,False,0.03896879055609564,0.03792573903932297,0.03898386924122815,1.2379966558885009e-05,0.0046105672237565344,0.0037853687909218904,0.9610312094439044,0.962074260960677,0.9610161307587719,0.99998770669406,0.9956514516015947,0.9960548220877687,1.0317714376744285,1.043182374240817,1.0344776302820289,1.0035185176649954,1.0190310520650252,1.0034236798444165,467.55062759153,454.85754557129644,467.9454231949402
acc_MC_oracle,58.859694821968624,1.9952623149688795,588.843655355589,0.588843655355589,0.601698301749894,False,0.042992935397795584,0.04200641915169991,0.04300264784217977,5.685689358636074e-05,0.005167006663007047,0.004704159370122899,0.9570070646022044,0.9579935808482997,0.9569973521578202,0.9999422758679926,0.9947601842398166,0.9946711883647084,1.033077446308578,1.0467485235040221,1.036608312860339,0.9924596489745927,1.0101166358648006,0.9919161119498803,483.8463906398094,471.00603159149017,484.2589710056812
acc_MC_oracle,66.04166380483052,2.51188643150958,676.0829753919819,0.6760829753919819,0.6892668983835603,False,0.04726001392496414,0.04638996112980584,0.04726231377791451,0.0004502329146924972,0.006071556281175369,0.006224727629536096,0.9527399860750358,0.9536100388701948,0.9527376862220855,0.9995300345754806,0.9932040531560002,0.9922579435205781,1.0344358389328636,1.0507743530066271,1.0390224287798424,0.9787813074226404,0.9985977187082844,0.9777202500467068,499.88087057082777,486.9940672841481,500.30875793248833
acc_MC_oracle,67.321121049959,2.61015721568454,676.0829753919819,0.6760829753919819,0.6892668983835603,False,0.04760988295670875,0.04675589054041792,0.04761217453716423,0.0015795758589406828,0.006530532091777326,0.00748435029719084,0.9523901170432912,0.9532441094595822,0.9523878254628357,0.9982869646755306,0.9918687459382334,0.9899547471821672,1.034029966266293,1.0507914419817994,1.038809377389626,0.9602561217425792,0.9802689136657047,0.9590803503613707,503.7514791410166,490.78024690627245,504.187284852003
acc_MC_oracle,74.09996554182587,3.1622776601683795,776.247116628692,0.776247116628692,0.789767138359848,False,0.05176828846522716,0.05108809103111572,0.05176064705207131,0.0014056833308282153,0.0075565150181498555,0.00861726667918547,0.9482317115347728,0.9489119089688844,0.9482393529479287,0.998482672952885,0.9904922663636121,0.9881902922787926,1.0358765803459704,1.0553739240133382,1.0418123844161453,0.9625075563502695,0.9844092388717799,0.960885603684325,515.5507165394154,502.72374610587724,515.9913692823932
acc_MC_oracle,83.1415288010682,3.9810717055349722,954.9925860214358,0.9549925860214359,0.9690316479628287,False,0.05768961046608207,0.057355097478730695,0.05766264276194416,7.78423030159962e-05,0.009651284227149582,0.00946569525174248,0.9423103895339179,0.9426449025212693,0.9423373572380559,0.9999207657239014,0.9894791428873482,0.9881767929530363,1.039814682572806,1.0633211998247976,1.0475196046240631,0.9911771714843823,1.0161203243949952,0.9890551309801627,527.8368990846338,515.4721378267466,528.2675755646849
acc_MC_oracle,93.28632963367673,5.011872336272722,1096.4781961431852,1.096478196143185,1.1108748818651721,False,0.06265616091732194,0.06272752584865762,0.06261096830130863,0.0009296405646527288,0.011435086370057284,0.012593975171203791,0.937343839082678,0.9372724741513422,0.9373890316986914,0.9990109676735802,0.9850718237742655,0.9817020244208055,1.04183880088352,1.0698748165190306,1.0517549459044413,0.9695099923802448,0.9964213854502334,0.9668779869662207,542.3595769335484,530.2931665465103,542.7964183042877
acc_MC_oracle,94.18563555294763,5.108969774503006,1096.4781961431852,1.096478196143185,1.1108748818651721,False,0.06288871062544947,0.06298370767887268,0.06284307394036247,0.0016140847873350598,0.01166963791549695,0.013401963000557088,0.9371112893745506,0.937016292321127,0.9371569260596375,0.998247964751918,0.9838022400201907,0.979663787798828,1.0415587733416212,1.0699629447402095,1.0516741547152817,0.9598243259255671,0.9866384183009478,0.9571367321851637,543.9676740981711,531.877585398995,544.4085438717907
acc_MC_oracle,104.66898338308141,6.309573444801933,1258.9254117941675,1.2589254117941675,1.273690581622904,False,0.06787750769098676,0.06848136404164205,0.06780895874279763,0.002935235087931351,0.014534784757706727,0.017286641121450546,0.9321224923090132,0.9315186359583576,0.9321910412572023,0.9967188665626702,0.9770372382515263,0.970978388442929,1.0441168206611053,1.0776100246150595,1.0568537033645389,0.9458221900781201,0.9743894752797737,0.9427852232629782,556.2038609577351,544.5349629221733,556.6446343447868
acc_MC_oracle,117.4405309488429,7.943282347242816,1548.816618912481,1.548816618912481,1.56415844093808,False,0.07447572196571757,0.07590715771748455,0.07436605678381222,0.0011856758019762753,0.017949029145120966,0.019431833969128,0.9255242780342824,0.9240928422825152,0.9256339432161877,0.9987282501170015,0.9727562336796431,0.967873349804105,1.0503344572885238,1.0908440611568064,1.0667810706251086,0.9655663565393339,0.9975313447973713,0.9625331783063973,566.9655853606665,556.1410594641546,567.3845260604967
acc_MC_oracle,131.77044300762262,10.0,1778.2794100389228,1.7782794100389228,1.794024396191467,False,0.08026825888338095,0.08258518641951966,0.08011845559130451,0.0037937655116421984,0.022398351781771565,0.025586897363383786,0.919731741116619,0.9174148135804804,0.9198815444086954,0.9956918728100534,0.9560486275725192,0.9493753805072507,1.0537779561280718,1.1024704669653027,1.074863203344933,0.9384064491067271,0.9715525142775258,0.935407748386593,579.0264018576814,568.7793528679564,579.4441507418637
