sigma,alpha,lam,kappa,trials,E_gen_mean,E_gen_se,E_gen_q10,E_gen_q90,E_acc_mean,E_acc_se,E_acc_q10,E_acc_q90,R2_gen_mean,R2_gen_se,R2_gen_q10,R2_gen_q90,R2_acc_mean,R2_acc_se,R2_acc_q10,R2_acc_q90,slope_gen_mean,slope_gen_se,slope_gen_q10,slope_gen_q90,slope_acc_mean,slope_acc_se,slope_acc_q10,slope_acc_q90
1.3177044300762262,1e-05,1e-08,0.002412214863468124,100,0.003333711068701072,9.259138278027466e-05,0.00246829107833531,0.00456190362647038,0.7397445181278978,0.005966835742835614,0.6679204790088074,0.8129501999481435,0.9966662889312988,9.259138278027443e-05,0.9954380963735295,0.9975317089216647,-48.47304102300456,4.326839731709104,-83.03228720821292,-19.002243700134112,0.9974002102554824,0.000476159588857038,0.9931204947932645,1.003502727225109,0.14061564448743374,0.003485971348696127,0.09836263991233567,0.18273600647562505
1.3177044300762262,1.778279410038923e-05,1.7782794100389228e-08,0.002412229456356288,100,0.003328493969032784,9.181630637619677e-05,0.00246750372323025,0.004536051105062251,0.7394572708728195,0.00595163175268483,0.6677726605119593,0.8126131272268479,0.996671506030967,9.18163063761979e-05,0.9954639488949376,0.9975324962767697,-48.19402550550945,4.265489051618787,-82.67857568458535,-18.97803212841946,0.9974053867728752,0.00047399016464036496,0.9931468311035041,1.003499531034853,0.14077961341087278,0.003478067126126347,0.09854957307223268,0.182826445122299
1.3177044300762262,3.1622776601683795e-05,3.16227766016838e-08,0.0024122554064607647,100,0.0033194208192082906,9.047781388673193e-05,0.00246610649709584,0.004491384305663671,0.7389520833606424,0.005925149456704398,0.6670965802296944,0.8119228576310935,0.9966805791807916,9.047781388673189e-05,0.9955086156943364,0.9975338935029041,-47.71250512205668,4.160330120456479,-81.95688926574093,-18.867709735048855,0.9974143919002006,0.00047021354064928774,0.9931926693724873,1.003470322461361,0.14106813644584704,0.003464301541731886,0.09893243316471909,0.18324020176762149
1.3177044300762262,5.623413251903491e-05,5.6234132519034905e-08,0.002412301552592243,100,0.0033038997835148015,8.821695430508421e-05,0.00246363099707118,0.0044158613857431216,0.7380709137898235,0.005879748057623405,0.666144963014389,0.8106098534009709,0.9966961002164851,8.821695430508492e-05,0.9955841386142568,0.9975363690029287,-46.89965027148349,3.9849871244883586,-80.61298216353502,-18.713754733402485,0.997429804187177,0.00046374372996829455,0.9932711856173115,1.0034158009889413,0.1415718405997774,0.003440708375751292,0.09966125662272134,0.183822959882387
1.3177044300762262,0.0001,1.0000000000000001e-07,0.0024123836120270767,100,0.003278073042036194,8.454044670262984e-05,0.00245925756288895,0.004292778799245422,0.7365552947732517,0.0058040288430096,0.6653257069338936,0.8066682762416579,0.9967219269579638,8.454044670262968e-05,0.9957072212007545,0.997540742437111,-45.5769899725126,3.706038156125048,-76.76354955629706,-18.582586010880643,0.9974554716517688,0.00045296100976500444,0.993408744753849,1.0034023747295966,0.1424395510925973,0.003401383026770676,0.10185297301146824,0.18432505457638074
1.3177044300762262,0.00017782794100389227,1.7782794100389227e-07,0.002412529532581236,100,0.0032369618141033845,7.892953484914395e-05,0.00245156965980704,0.004242436115468142,0.7340071299023614,0.005683554351371162,0.66391459291696,0.8021754346865655,0.9967630381858966,7.892953484914543e-05,0.9957575638845317,0.9975484303401928,-43.546485647093526,3.2953625635719135,-72.66403372678465,-18.359598890393855,0.9974963864477143,0.0004357977431616122,0.9936502608680415,1.0033788754195103,0.14390219148547356,0.00333889257481111,0.10435766805058813,0.18519074104992098
1.3177044300762262,0.00031622776601683794,3.162277660168379e-07,0.0024127890072960893,100,0.0031756841063412377,7.119122348355088e-05,0.0024381728249221603,0.00414456543135898,0.7298685770762564,0.005506160814362388,0.6616743250632464,0.7936034453134939,0.9968243158936587,7.11912234835494e-05,0.995855434568641,0.9975618271750778,-40.68176344652038,2.7597456664651725,-65.65208618934876,-18.01142313333314,0.99755750333415,0.00041041900982233547,0.9938721542958509,1.0031194843976423,0.14628768089656677,0.0032471483795680914,0.10915708336869272,0.18656683896552365
1.3177044300762262,0.0005623413251903491,5.623413251903491e-07,0.0024132503853726483,100,0.0030917810212647404,6.199279141673716e-05,0.0024151752268937003,0.00401149502534533,0.7234503040069223,0.005274059447059832,0.6579986932570873,0.7863424473009394,0.9969082189787352,6.199279141673846e-05,0.9959885049746545,0.9975848247731064,-37.0426167221149,2.1716470016002125,-60.32237054735283,-17.45528725639314,0.9976414333391653,0.0003768312566772803,0.994140817893069,1.0026106311903584,0.15001078225533573,0.003127967237318513,0.11324053114779725,0.18882926390008445
1.3177044300762262,0.001,1e-06,0.002414070716627568,100,0.002986259079299482,5.289352060410125e-05,0.00237900282057301,0.0038374192452795405,0.7139670649434199,0.005013147842944802,0.6516697938278269,0.77981562829398,0.9970137409207004,5.289352060410126e-05,0.9961625807547204,0.9976209971794269,-32.85035213012852,1.6436027673325988,-56.03647828180413,-16.54329356940574,0.9977473325146589,0.00033865231747767484,0.9943978193368466,1.0022697199272754,0.15556037961633506,0.002996281314272806,0.11692829964229842,0.19273967783849097
1.3177044300762262,0.0017782794100389228,1.7782794100389227e-06,0.0024155290909257444,100,0.0028599616749727308,4.5132093338883044e-05,0.00232315097361578,0.00352926767429589,0.7003796133899907,0.004753495289139146,0.6410122906614365,0.765568598098662,0.9971400383250274,4.513209333888259e-05,0.996470732325704,0.997676849026384,-28.258074262212105,1.2314431079194956,-47.971198893161976,-15.127570546672851,0.9978744861046108,0.00030246363151280634,0.9948658327102432,1.001864181207753,0.1636004258824536,0.0028698463795468103,0.12503223372823768,0.19936774742995272
1.3177044300762262,0.0031622776601683794,3.162277660168379e-06,0.002418121213553206,100,0.0027086353191253694,3.855530651164671e-05,0.00222823444243372,0.00320337287441633,0.6809569934339451,0.004487146162369817,0.6236872438394758,0.7424212916625207,0.9972913646808744,3.855530651164535e-05,0.9967966271255837,0.9977717655575661,-23.251815080171838,0.9020788099062742,-37.781931411160194,-13.107447353920424,0.9980277468616886,0.000273549348574987,0.9951214165229259,1.0010840892995736,0.17525130565557234,0.0027461352293816905,0.13836133463263386,0.2102612845084604
1.3177044300762262,0.005623413251903491,5.623413251903491e-06,0.002422726717790359,100,0.002525703092535815,3.2477438044399386e-05,0.0021019938522682698,0.00293610064069467,0.6531467250620863,0.004167199849874545,0.6007937386363309,0.710767264733182,0.9974742969074641,3.24774380443982e-05,0.9970638993593053,0.9978980061477317,-17.932596458277047,0.6176560948603717,-27.861437901922827,-10.879341931136597,0.9982157663105052,0.0002524714171243642,0.9952962762609642,1.0011568911661837,0.19223945341393242,0.0026007466702982684,0.15692987384620877,0.22489137340854434
1.3177044300762262,0.01,1e-05,0.0024309039856894956,100,0.002311480442465146,2.6753352700439126e-05,0.0019812102767812804,0.00267120922580948,0.6145412650589482,0.0037522661248642424,0.5689158172944957,0.6644959926026865,0.9976885195575348,2.6753352700439505e-05,0.9973287907741905,0.9980187897232188,-12.774865800162875,0.3824754586277348,-18.450585244760198,-8.421393776267939,0.9984415785851537,0.00023660830076836984,0.9955443256113536,1.001130223219382,0.21643998590207458,0.0024099318189093983,0.18483380192346474,0.24573493632512475
1.3177044300762262,0.01778279410038923,1.778279410038923e-05,0.0024454060781381646,100,0.002077341618947327,2.167109436516569e-05,0.0018257540097800199,0.00238320731552613,0.5647080726589735,0.003250757629214418,0.5237150241030871,0.606877361987745,0.9979226583810525,2.167109436516569e-05,0.9976167926844738,0.99817424599022,-8.415884558046121,0.21493353571692048,-11.42839069888465,-5.859257541907109,0.9986962424268618,0.00022333861046431588,0.9958755437711635,1.001228290211941,0.24884085286071755,0.002174248570903104,0.2209767874004948,0.2763184753738273
1.3177044300762262,0.03162277660168379,3.162277660168379e-05,0.002471072997608249,100,0.001839556280422351,1.748623431386167e-05,0.00161398819294982,0.0020958863033143102,0.5062015771272119,0.0027552221291200158,0.4684730396317595,0.541189856555607,0.9981604437195776,1.748623431386152e-05,0.9979041136966857,0.9983860118070501,-5.194769952929249,0.11520191206909383,-6.744819650734119,-3.704903610124471,0.9989638371765686,0.00021111136561232144,0.9961730852720746,1.0013025594434914,0.2887846345646992,0.0019443809119466422,0.26434393686643676,0.3155490966125428
1.3177044300762262,0.056234132519034905,5.623413251903491e-05,0.002516344834334929,100,0.0016091054039374566,1.4165301883819016e-05,0.0014324469705759401,0.00181798284698249,0.4426130597159586,0.002378015140424899,0.41117508589508167,0.47390581631563194,0.9983908945960626,1.4165301883818684e-05,0.9981820171530175,0.9985675530294241,-3.000769902947291,0.06311252518905962,-3.88112563541691,-2.1945243589743724,0.999234237633833,0.000199050747616962,0.9967671504560022,1.00152384104903,0.3349479775192153,0.001794681002510596,0.31159182639402627,0.358771305267352
1.3177044300762262,0.1,0.0001,0.0025957504318907827,100,0.0013881777022349232,1.1473778035325414e-05,0.00124082767245666,0.00154565028174297,0.3750811565483695,0.002102537401942701,0.3454527817065299,0.4023809070417819,0.9986118222977649,1.1473778035326268e-05,0.9984543497182569,0.9987591723275433,-1.5206729778797667,0.035746379057625524,-2.0093355127503907,-1.0327012333759498,0.9995102635588633,0.00018656920553408233,0.997425691217046,1.0015724197433125,0.387801840162079,0.00172494953646831,0.3656649885241793,0.412247772612198
1.3177044300762262,0.1778279410038923,0.0001778279410038923,0.002733831122360797,100,0.0011758270301357261,9.228577621175375e-06,0.00106349978647914,0.00129190341438571,0.30223191029475843,0.0018208683664600674,0.27456349230251686,0.32560747612865565,0.9988241729698641,9.228577621173215e-06,0.9987080965856143,0.9989365002135209,-0.5016903258039409,0.019742261227864474,-0.7660836590071354,-0.21173634349169296,0.999803040400072,0.00017340058973371655,0.9979218180354249,1.001656707911219,0.4504934451494367,0.0016650187945167114,0.42937974511228594,0.47601202459191644
1.3177044300762262,0.31622776601683794,0.00031622776601683794,0.002971067102487075,100,0.000975183801506201,7.382880873828757e-06,0.00087988369134393,0.00106975944509488,0.2242920010255942,0.0014688737736073337,0.20238166775351696,0.24203341420598481,0.9990248161984937,7.3828808738279675e-06,0.998930240554905,0.999120116308656,0.18619923866341823,0.009997127504559777,0.06223321804724547,0.33128659789370357,1.0001245845204871,0.00015982294273098573,0.998530705507105,1.0017850854207766,0.5266592811723164,0.0015588292851568112,0.5080310929043738,0.5501317190718784
1.3177044300762262,0.5623413251903491,0.0005623413251903491,0.003372760918043371,100,0.0007955700820765449,5.958764712376161e-06,0.00071874912935265,0.00086400882820592,0.14702222418962832,0.0010573225557728805,0.132781860811335,0.1595816530339805,0.9992044299179232,5.958764712376598e-06,0.999135991171794,0.9992812508706473,0.6117602194186404,0.004493728585553738,0.5574896111314837,0.6713295479443151,1.00048737507173,0.00014666455600323072,0.9990486718191961,1.0019453192611893,0.6168129488107733,0.0013850135489010948,0.600523303881069,0.6356075456404681
1.3177044300762262,1.0,0.001,0.004043322002543379,100,0.0006497946671222811,4.9685969556254096e-06,0.00059021965231721,0.00071247836202662,0.08096420163623982,0.0006534723604494918,0.07201078293515188,0.08967973740326957,0.9993502053328779,4.9685969556262295e-06,0.9992875216379733,0.9994097803476828,0.8414046333780657,0.0017811849951936258,0.8172591332844487,0.8654794208398028,1.0009112521347137,0.00013493236494648773,0.9996032263323088,1.002272143935785,0.7156892486881068,0.001152942326023873,0.700534264577208,0.7316517563540913
1.3177044300762262,1.7782794100389228,0.0017782794100389228,0.005151844492595236,100,0.000551459690536782,4.417330013374086e-06,0.00050093836436156,0.0006036591560069301,0.03499772139776835,0.00033629864916813533,0.03037758622283934,0.039688357717466,0.9994485403094632,4.41733001337314e-06,0.999396340843993,0.9994990616356383,0.9469380358952617,0.0006253742559201253,0.9381077870662198,0.9554446424402128,1.001432745431683,0.0001254018401741599,1.000180528738947,1.0028575063995102,0.813139049861797,0.0009028949580191708,0.8007806293284219,0.8257083307803575
1.3177044300762262,3.1622776601683795,0.0031622776601683794,0.006980044978886696,100,0.0005167988539095111,4.393292332380045e-06,0.00046522267270111996,0.00056757921211172,0.010186514149376545,0.00013853492016476613,0.00833499829354111,0.01202609602375494,0.9994832011460903,4.393292332378827e-06,0.9994324207878883,0.9995347773272988,0.9873764234029336,0.00019052119186200735,0.9848289134142948,0.9899060518505234,1.0021136736986211,0.00011858299378235929,1.000803712622125,1.0036189178123576,0.8993062131582567,0.0006910352418773578,0.8903365383857265,0.9087038616813409
1.3177044300762262,3.311311214825908,0.003311311214825908,0.007169918573995354,100,0.000517459159789824,4.41971099545717e-06,0.00046541004553903996,0.0005676028475303201,0.008968251422383366,0.0001273444510644867,0.00731720626251191,0.01067684761111376,0.99948254084021,4.419710995456996e-06,0.9994323971524697,0.9995345899544609,0.9890383543324419,0.00017155277052676013,0.9867206432272836,0.9912498171205893,1.0021776251799888,0.0001181693157459572,1.0008649905378941,1.003689720023121,0.9055391673228834,0.0006772084137459626,0.8966712922637272,0.9144595305692104
1.3177044300762262,5.62341325190349,0.00562341325190349,0.010010628682263581,100,0.000573009286212126,5.100316415004624e-06,0.00051759288696964,0.00063047796834867,0.0009201076343053029,3.3206965907174035e-05,0.00050550140091036,0.0013902879292020302,0.9994269907137878,5.10031641500594e-06,0.9993695220316511,0.9994824071130304,0.9990183631298918,3.64625590119156e-05,0.9984999325495063,0.9994709717714463,1.0030495418963914,0.00011503714779572042,1.0015538051033304,1.0046496995931762,0.9701812554972542,0.0005591309145894222,0.9627134706832964,0.9775184454414104
1.3177044300762262,8.128305161640995,0.008128305161640995,0.01294814089776781,100,0.0006800626310257938,6.067146781643289e-06,0.0006089503428377299,0.00075187655940556,0.00010345340070343082,9.753691380782557e-06,2.451568217032469e-06,0.0002400141474119101,0.9993199373689744,6.067146781642134e-06,0.9992481234405943,0.9993910496571621,0.9998992526172852,9.413724114876575e-06,0.9997672540185291,0.9999975560909068,1.0038442273406674,0.00011493016176511251,1.0023174345557724,1.0055318868733731,1.0087434581891452,0.0005222846044656642,1.0015312500616727,1.015491881053746
1.3177044300762262,10.0,0.01,0.01508652777407933,100,0.000774914699310558,6.839896709370634e-06,0.00069407383002971,0.0008605496649683501,0.0008633964292797922,3.0090612171701092e-05,0.00047105878184539,0.0012602441602864907,0.9992250853006894,6.839896709368365e-06,0.9991394503350316,0.9993059261699702,0.9991872226662116,2.754604021912999e-05,0.9988246939560872,0.9995487419821245,1.0043789356451769,0.00011579570844935032,1.0028497655908382,1.0060790857181159,1.0289291521854458,0.0005173805733581442,1.021703856263497,1.035498463487219
1.3177044300762262,13.182567385564074,0.013182567385564073,0.018650299819295165,100,0.0009532149284332909,8.198648947567079e-06,0.00085183320671662,0.00105723392226088,0.00305832121598439,5.8083142925330235e-05,0.0022834254790232702,0.0037714736393863707,0.9990467850715667,8.198648947566875e-06,0.998942766077739,0.9991481667932833,0.9972574736842965,4.940632759553697e-05,0.9966523305746421,0.997920100640757,1.0052103713398262,0.00011819747378521553,1.0036763035179068,1.0068704045710868,1.0550517930563117,0.0005282073482278299,1.0477852010820743,1.0614122134906716
1.3177044300762262,17.78279410038923,0.01778279410038923,0.023695431238475027,100,0.0012349457985277562,1.0218733958685848e-05,0.0010994671284307901,0.0013670546540041802,0.007004353884419058,9.365210690927244e-05,0.00576624130393376,0.008092321546067831,0.9987650542014722,1.0218733958685657e-05,0.9986329453459957,0.9989005328715692,0.9940414008799218,7.361278080333931e-05,0.9931883230475008,0.9950189606695636,1.0062906954142516,0.00012271354660450438,1.0047190206219356,1.007927761597801,1.0835046794332093,0.0005624836444405941,1.0759357046678446,1.089957289153373
1.3177044300762262,28.183829312644548,0.028183829312644546,0.03484154962668229,100,0.0019314403139066066,1.4893500568281652e-05,0.0017481868705139301,0.00214427681420131,0.017189863669292423,0.0001728223485332768,0.01512120648017117,0.019245068119598682,0.9980685596860935,1.4893500568282443e-05,0.9978557231857986,0.998251813129486,0.9865745930427786,0.00011952083663430298,0.9851584069482917,0.9880091125874471,1.0083945762449893,0.00013449667071749975,1.0068045176419886,1.0102631227767227,1.1309445450435271,0.000662027743904224,1.1229682600586355,1.1387265918661327
1.3177044300762262,31.622776601683793,0.03162277660168379,0.0384774099958616,100,0.002173232554604827,1.6445839471356608e-05,0.0019733129841304,0.0024105911444954704,0.020799340420746316,0.00019988202376136394,0.01833743153656852,0.02323685271758808,0.9978267674453951,1.644583947135631e-05,0.9975894088555044,0.9980266870158695,0.9841254460127281,0.00013353748244458933,0.9825038145257278,0.9857757736519369,1.009016717768391,0.00013852336430472418,1.0073524683883588,1.0109262168616262,1.1440534935746955,0.0006958129441505177,1.1354157704655252,1.1524363863682496
1.3177044300762262,45.70881896148752,0.04570881896148753,0.053219395687511585,100,0.0031973707873029326,2.2713215374847098e-05,0.0029374661170163,0.00350565776564125,0.03654101188047665,0.0003154043156307047,0.03274012327467673,0.04060441136379697,0.996802629212697,2.271321537484592e-05,0.9964943422343587,0.9970625338829837,0.9742653531444505,0.00018670417590291652,0.9718731065604869,0.9765240777292888,1.0113000359408633,0.0001548157668131574,1.0093364578658879,1.013300831448783,1.1909798655440944,0.0008269625401374806,1.1809421729554408,1.2015053499588237
1.3177044300762262,56.23413251903491,0.05623413251903491,0.06412952670143511,100,0.003982745154954606,2.7229633575520674e-05,0.0036609336251917503,0.00432742084712735,0.04913612637989243,0.0004052740638812011,0.044289678272330844,0.054337835443882994,0.9960172548450454,2.7229633575520803e-05,0.9956725791528724,0.9963390663748084,0.96710201100198,0.00022226992885335993,0.9642642932476031,0.9697721009611399,1.0127946406975503,0.0001665082408594538,1.0107149205432981,1.0148464947339104,1.2214795502206046,0.000915275605515601,1.210451106823196,1.2331047731628155
1.3177044300762262,97.72372209558092,0.09772372209558093,0.10669306418644786,100,0.007096233500119844,4.3234378553020825e-05,0.006612231127671141,0.00767166422099496,0.1033284305039083,0.0007712318608117954,0.09433618828335154,0.11469581526761706,0.9929037664998801,4.323437855302047e-05,0.992328335779005,0.9933877688723288,0.9408723837238011,0.00033353646931881867,0.9359967633740462,0.9447881185782318,1.017583797415605,0.00020790167081694016,1.0151765438126437,1.0199732825782704,1.3212266102633747,0.0011971994366069573,1.3071417965279235,1.3386676631790497
1.3177044300762262,100.0,0.1,0.10901544002233628,100,0.007264929026030068,4.4030501283791966e-05,0.00676913922451999,0.00784677588717029,0.10644463771130869,0.0007915079891966895,0.09727042611391871,0.1181762836797744,0.99273507097397,4.4030501283793186e-05,0.9921532241128297,0.9932308607754801,0.9395303112864181,0.0003385586505115137,0.9345541924162802,0.9434814661051735,1.017809720837573,0.00020997326660050558,1.015395743102722,1.0202197928943255,1.3260361872988116,0.0012104022328468405,1.3118818477786998,1.3437677392565823
1.3177044300762262,158.48931924611108,0.1584893192461111,0.16844673149980974,100,0.011446716214934365,6.205722899510146e-05,0.010745994108465731,0.01230304751618886,0.1888258966282946,0.0013117466593901635,0.17339650329332396,0.20890070587279627,0.9885532837850658,6.205722899510235e-05,0.9876969524838112,0.9892540058915341,0.9083127198013342,0.0004424533979582769,0.9016018249060914,0.9135704300917921,1.0227883837733933,0.0002576063007298023,1.0198793120091785,1.0257351706451339,1.4342836146158802,0.0015029892922866106,1.4164086007808232,1.4570565365943031
1.3177044300762262,177.82794100389228,0.17782794100389226,0.1880265341764836,100,0.012757173245273756,6.715129106383516e-05,0.01203090711104998,0.01366293197653309,0.21648002717594955,0.0014821751889433983,0.1973556828273256,0.2380602256954962,0.9872428267547262,6.715129106383365e-05,0.986337068023467,0.98796909288895,0.8992477525603967,0.00046892767160579003,0.8924697277800958,0.9053835839369205,1.0241731430113195,0.00027139198414711927,1.0211823914312081,1.0273838906864783,1.4650065941215107,0.001585587229785344,1.4442473207761186,1.487913866745035
1.3177044300762262,316.2277660168379,0.3162277660168379,0.3276663891691158,100,0.02112309986621717,9.50976598410251e-05,0.01997901369589183,0.02243413204368823,0.40891975904907324,0.0026179360766698436,0.37518491072187987,0.4458419312720808,0.9788769001337829,9.509765984102598e-05,0.9775658679563117,0.9800209863041082,0.8479733069945358,0.0005909942841932415,0.8396984272965057,0.8557109853274901,1.0320109161294564,0.00035151689141462664,1.0280650558495472,1.036593141165423,1.6391466950064058,0.0020381743451515595,1.6125233493893203,1.667713958894571
1.3177044300762262,389.04514499428046,0.38904514499428045,0.4009454959704331,100,0.02490857419632691,0.00010543188555303605,0.02354378683562343,0.0263477053621869,0.5021110057970778,0.003110900582561156,0.46280667005796305,0.5454152222068831,0.9750914258036733,0.00010543188555303645,0.9736522946378131,0.9764562131643766,0.8281215927922239,0.0006209509868577948,0.8195460341409027,0.8360820594200126,1.035265470572796,0.0003846940035478766,1.030882384375727,1.0401965807248565,1.7082635401883803,0.0021875761156179147,1.68029895087668,1.7385219982379267
1.3177044300762262,562.341325190349,0.5623413251903491,0.5750875866773053,100,0.03261208389090872,0.0001220599630952129,0.0309743188020816,0.034276159124941884,0.6926569524376558,0.0038981873581173535,0.6472454207726196,0.7443236990875568,0.9673879161090915,0.00012205996309521245,0.965723840875058,0.9690256811979184,0.7937987707280165,0.0006326903285656155,0.7854860263503823,0.8012315114218252,1.0418575683910651,0.00044843587518638323,1.0367110433011253,1.0474839429612113,1.831934655963006,0.0023391283997270225,1.804515458133182,1.8627408185734564
1.3177044300762262,1000.0,1.0,1.0141571526373048,100,0.04665288509198126,0.0001373664832585296,0.04484531389413366,0.0485807820327637,0.9757494958305598,0.004186225358567693,0.9216322630708979,1.024316496397388,0.9533471149080185,0.00013736648325852872,0.9514192179672362,0.9551546861058664,0.7531438496898614,0.0005342682535185998,0.7469878317040034,0.7600956941430214,1.0557997999853108,0.0005566643484179614,1.049403693264041,1.0627712496845554,1.9875745991674763,0.0021222889057761303,1.9600167485408966,2.0120851973088936
1.3177044300762262,1778.2794100389228,1.7782794100389228,1.794024396191467,100,0.0621314471690318,0.00013968643395722316,0.060277686983259506,0.06399740126432352,1.056737588052484,0.004391511703363318,0.9994765290437903,1.112542597085505,0.9378685528309683,0.00013968643395722273,0.9360025987356765,0.9397223130167404,0.7431372858026937,0.0005284060703490797,0.7364945236272535,0.7500654702732773,1.0792150845116384,0.0006751547287148261,1.0710141537224516,1.0885768498970303,2.0277567100273073,0.0021408321008768386,1.9997381674452124,2.0547713479233116
1.3177044300762262,3162.2776601683795,3.1622776601683795,3.179921647325442,100,0.07928120210502869,0.0001567945801377634,0.07722884513231991,0.08147095878919489,0.9063740112690293,0.005322259191058634,0.8338140942644564,0.9698475960080563,0.9207187978949711,0.0001567945801377641,0.918529041210805,0.9227711548676802,0.7622886063396007,0.0007224813441716858,0.7538123269026041,0.7721873482212355,1.1222566773367264,0.0008281252255684853,1.1119506160999617,1.1340296289162826,1.9516251110767835,0.0028134942455932555,1.9131334913631424,1.9848083920061566
1.3177044300762262,5623.413251903491,5.623413251903491,5.6434734522887124,100,0.10256465965856347,0.0002359468960153137,0.0995785688671913,0.10573184850110656,0.7449365993930701,0.00537032097569711,0.6751329377453014,0.8030411727863892,0.8974353403414362,0.00023594689601531452,0.8942681514988934,0.9004214311328087,0.7855999646321992,0.0008401011968407321,0.7766413342489878,0.7965527236493956,1.2018746946778887,0.0010857028537584784,1.1886206140006583,1.2158158810230075,1.8625324822892413,0.003137129211105225,1.8216640809398876,1.8961245675553107
1.3177044300762262,10000.0,10.0,10.023211435627891,100,0.14288079162690323,0.00040772836054748336,0.13782079590885038,0.14791190949695762,0.757016838710602,0.005840154352478882,0.6858286970114695,0.8223771012565017,0.8571192083730966,0.00040772836054748347,0.8520880905030425,0.8621792040911496,0.7837744107677608,0.0009018103019649814,0.7738285887903399,0.7947926563027067,1.3466986609490064,0.0015789144993058734,1.3271343657390349,1.3659050282844238,1.8694170475342549,0.003379731875417076,1.8281475330667039,1.9068498278269737
1.3177044300762262,17782.794100389227,17.782794100389225,17.809950552976456,100,0.215884231871844,0.0006677165811388406,0.20765782486086432,0.22403092315349543,1.1058903663527442,0.008792485310232547,0.9997770743381655,1.2189943966785166,0.784115768128156,0.0006677165811388415,0.7759690768465045,0.7923421751391356,0.7375730476501609,0.0010233017334976733,0.7246552195907723,0.7500280147019027,1.6068081197267472,0.0025185997644190617,1.5759172163742146,1.6387693217778296,2.0507853713496313,0.004192910936911236,1.9998881398510426,2.1040807290894112
1.3177044300762262,31622.776601683792,31.622776601683793,31.654384857620265,100,0.3314879403147066,0.0009276666744916804,0.31989853964506276,0.343392770251532,2.249167942153123,0.018347539542678048,2.0495952650157188,2.475687195179791,0.6685120596852933,0.0009276666744916801,0.6566072297484681,0.6801014603549372,0.6404797537496952,0.0011748641607278077,0.626174597364869,0.65336780932684,2.07111257454191,0.004249882171236631,2.0185823762614112,2.124981937277641,2.498488727248518,0.00611297383550141,2.4316398792110916,2.573427386611914
1.3177044300762262,56234.13251903491,56.23413251903491,56.27009821202985,100,0.47940609303248105,0.001040330296038349,0.46636204950034954,0.4917584650637126,5.6515457093793735,0.04681562747522505,5.118122600760128,6.2443638247969275,0.520593906967519,0.0010403302960383491,0.5082415349362874,0.5336379504996503,0.5050407877943445,0.0012118883494247397,0.4899290307159499,0.5190989245607855,2.897879075047553,0.00737267015685196,2.8079777374014805,2.986488231362753,3.3752890645572613,0.009820391675862255,3.2623267871813257,3.4988661282901954
1.3177044300762262,100000.0,100.0,100.0396378938192,100,0.6306179251383727,0.0009466733340174885,0.6187283882339859,0.6416239150385515,15.892671851225952,0.13248464787320438,14.328408001041984,17.66721849824621,0.3693820748616272,0.0009466733340174887,0.35837608496144846,0.381271611766014,0.36138692320459015,0.0010639107921532672,0.3474397489367506,0.3742775917749904,4.368761444592883,0.012954071691063374,4.210141515554274,4.520818513755181,4.983156163898179,0.016556858027304784,4.785288329674989,5.2032389843281965
1.3177044300762262,177827.94100389228,177.82794100389228,177.87029317494694,100,0.7578233772421321,0.0007273335168212672,0.7487238946830271,0.7661538310873617,47.289077007564465,0.39499510105288693,42.599418529712985,52.39362166557929,0.24217662275786803,0.0007273335168212677,0.23384616891263824,0.2512761053169728,0.23822920336314227,0.0008043365224774176,0.2280335954651433,0.248065065698725,6.9847860598507365,0.02289629557012281,6.705318305576652,7.249199204046324,7.870813402007741,0.028603913406641347,7.526822967064834,8.238338880680104
1.3177044300762262,316227.7660168379,316.2277660168379,316.27193387088636,100,0.8501674439325433,0.0004955335428293723,0.8440679874026571,0.8557920276559705,144.78110569066726,1.2098478499911554,130.75874232182804,160.02029335264413,0.1498325560674564,0.0004955335428293727,0.1442079723440295,0.15593201259734282,0.1478850544155104,0.0005437918840306294,0.1411546093762173,0.15436959760451288,11.637029497346248,0.040586197744237704,11.148102661667645,12.101235136581453,13.022188307423699,0.0500599631868082,12.434976448229415,13.649889807069359
1.3177044300762262,562341.3251903491,562.3413251903492,562.3866274884566,100,0.910793160548186,0.000312270493764732,0.9069858001171855,0.9143189602495048,449.87370727540736,3.7592860998216535,405.4982279468349,496.51537898989295,0.08920683945181404,0.00031227049376473197,0.08568103975049508,0.09301419988281441,0.08822282184226905,0.0003413520125712166,0.08405677590975326,0.09238260810678425,19.91014373612651,0.07204942711995718,19.05008626120236,20.732462483028172,22.192050623761574,0.08823165304659511,21.136985091340325,23.282570286496632
1.3177044300762262,1000000.0,1000.0,1000.0459810303681,100,0.9481381302884639,0.0001876010607283856,0.9458605231154712,0.9502582832034255,1408.953899508577,11.772577431561661,1268.5996509836805,1553.720121637915,0.05186186971153583,0.0001876010607283854,0.04974171679657451,0.05413947688452889,0.05134921773112703,0.0002046535393511088,0.04887202448588796,0.05387303244621918,34.62212347750393,0.1280030435851682,33.09591802415489,36.090445464192484,38.503878631810494,0.15612048827312397,36.617405614138185,40.417149545151716
1.3177044300762262,1778279.410038923,1778.2794100389228,1778.325786691742,100,0.9702735886827548,0.00010956537489498223,0.9689427616834321,0.9715151705342575,4431.677511381944,37.026100452012145,3987.835178932261,4884.706559266954,0.02972641131724529,0.00010956537489498295,0.02848482946574235,0.03105723831656807,0.02945218893592745,0.00011939272673409585,0.0280137009516003,0.030934260536811798,60.78417421968263,0.22750601900262035,58.07336990786575,63.40127390779327,67.51382961718834,0.2768506332066138,64.14930797175388,70.89047536571503
1.3177044300762262,3162277.660168379,3162.277660168379,3162.3242638902298,100,0.983101053063686,6.295258272770557e-05,0.9823362008897271,0.9838154971990842,13972.308984146395,116.73049272235326,12568.998763527472,15396.532503526329,0.016898946936314233,6.295258272770522e-05,0.0161845028009157,0.017663799110272792,0.01674949314030528,6.855746311569797e-05,0.01592563549347175,0.01760350071986647,107.30763296661688,0.40445113312372366,102.49027997997473,111.96758232699939,119.10329771183888,0.49154522110931487,113.11154582232814,125.08239830146337
1.3177044300762262,5623413.251903491,5623.413251903491,5623.459984804915,100,0.9904385062480344,3.583413615100922e-05,0.9900030684572187,0.9908455274180422,44110.31770129378,368.503578268114,39673.11899079327,48599.293274971744,0.00956149375196554,3.583413615100889e-05,0.009154472581957859,0.00999693154278129,0.009479088285296448,3.9011442548452396e-05,0.00901097203473929,0.0099659973681631,190.03935445636614,0.7191095617948964,181.47596881943485,198.33206241845124,210.84472651090758,0.8733336621338079,200.1811210091684,221.45181222135514
1.3177044300762262,10000000.0,10000.0,10000.046806022048,100,0.9946046090145173,2.0289806147282377e-05,0.9943580369844885,0.9948351790453814,139357.95543254723,1164.192130780181,125327.14180815677,153527.08535190922,0.005395390985482802,2.028980614728251e-05,0.00516482095461862,0.00564196301551134,0.005349673196817705,2.208469611802609e-05,0.005084886769623189,0.00562561885905624,337.1594784940688,1.278660490645271,321.9345998356317,351.9122468935052,373.98714927256754,1.5522610099904073,355.0157366672471,392.82413813887314
4.166947281934956,1e-05,1e-08,0.002412214863468124,100,0.03281222451842961,0.0009233385646889344,0.02421338334703886,0.04504941860297571,0.9675382771211558,0.0009325218952926829,0.9556618921599239,0.9783555240202924,0.9671877754815703,0.0009233385646889357,0.9549505813970243,0.9757866166529612,-4911.018896666681,428.5088940462465,-8263.78948050565,-1901.4806974042926,0.9692943884499853,0.001421765868680463,0.9556014618920425,0.9849476762632707,0.016376099744746832,0.0004746074167120963,0.01088144561497641,0.02242045246678103
4.166947281934956,1.778279410038923e-05,1.7782794100389228e-08,0.002412229456356288,100,0.03276002631255308,0.0009155676197934309,0.02420578855790733,0.04479094019402934,0.9674967562932957,0.0009308923289818857,0.9556412685977239,0.9783243791555978,0.9672399736874471,0.0009155676197934289,0.9552090598059706,0.9757942114420927,-4883.331896869274,422.4604669454904,-8239.024329122649,-1899.649104000168,0.9693408757381894,0.0014148766197477937,0.9556393227047265,0.9849509123013355,0.01639716711330027,0.000473792250373431,0.010897188033816549,0.02243100077877603
4.166947281934956,3.1622776601683795e-05,3.16227766016838e-08,0.0024122554064607647,100,0.032669247005123025,0.000902147372196567,0.02419231794510798,0.04434436160405937,0.9674236348893949,0.0009280563305393707,0.9556046221867549,0.9782664810506915,0.9673307529948768,0.000902147372196568,0.9556556383959405,0.9758076820548919,-4835.553827996059,412.1001261478533,-8193.541927923792,-1896.4008629598902,0.9694217802677437,0.0014029280236842283,0.9557060689480293,0.9849566458943338,0.016434270453891998,0.0004723736732139952,0.01092645433316547,0.022449744560362788
4.166947281934956,5.623413251903491e-05,5.6234132519034905e-08,0.002412301552592243,100,0.032513953372455356,0.0008794777521376187,0.02416847354867805,0.043589309089108755,0.967295794748313,0.0009232019651990713,0.9555395430140745,0.978119719830029,0.9674860466275444,0.0008794777521376173,0.9564106909108911,0.9758315264513221,-4754.909880310493,394.8457608934317,-8081.69757463396,-1890.6523838640394,0.9695603515164608,0.001382590448396939,0.9559177490425623,0.9849667760088026,0.01649914555539147,0.0004699457849454126,0.01100064724095501,0.02248303191660354
4.166947281934956,0.0001,1.0000000000000001e-07,0.0024123836120270767,100,0.03225554296485633,0.000842609814714463,0.02412641587076313,0.042358844469973976,0.9670750212972511,0.000915131039627692,0.9554240918868927,0.9774342437993143,0.9677444570351438,0.0008426098147144628,0.9576411555300258,0.9758735841292367,-4623.713224692315,367.4527362634627,-7592.145196351071,-1880.5169771979724,0.9697914193781074,0.0013490673502151178,0.9565883602504796,0.9849845852158056,0.016611200413912376,0.0004659100563980534,0.01134726377975819,0.022542086810328058
4.166947281934956,0.00017782794100389227,1.7782794100389227e-07,0.002412529532581236,100,0.031844190486203655,0.0007863354234917269,0.02405269296591753,0.04192753355283195,0.9667013208099928,0.0009023715236009333,0.9552196568469802,0.9768237953809458,0.9681558095137963,0.0007863354234917258,0.9580724664471679,0.9759473070340824,-4422.356241892112,327.26406892107536,-7193.8640511961,-1862.7634348732893,0.9701605257645783,0.0012966741328913718,0.9576771435581504,0.9853230161165766,0.01680092812134309,0.00045953277699962156,0.01165604907789416,0.02264666696143386
4.166947281934956,0.00031622776601683794,3.162277660168379e-07,0.0024127890072960893,100,0.031231021866552897,0.0007087111628347974,0.02392485254810983,0.04078471408524115,0.9660877201678073,0.0008838462138951661,0.9548627034145057,0.9764006534596809,0.9687689781334469,0.0007087111628347974,0.9592152859147588,0.9760751474518901,-4138.339730671881,275.13756794227737,-6931.48724649031,-1832.3059151228397,0.9707137511987409,0.0012213984830583863,0.959112373620978,0.9854215704892576,0.017112596753922557,0.0004502828290805687,0.01187013208438864,0.022829293587561517
4.166947281934956,0.0005623413251903491,5.623413251903491e-07,0.0024132503853726483,100,0.03039137373920459,0.0006164392560752846,0.02370721571296246,0.039334851996537135,0.9651202951265172,0.0008603933455030903,0.9542452134859245,0.9755243322727797,0.9696086262607954,0.000616439256075285,0.9606651480034628,0.9762927842870376,-3777.5254863593937,218.3256867093834,-6432.830032706842,-1781.2282647989612,0.9714774603089754,0.0011258061620909425,0.959616847351615,0.9851581425686119,0.0176043309679693,0.0004385996267500865,0.01231364709354158,0.02314529331675732
4.166947281934956,0.001,1e-06,0.002414070716627568,100,0.02933520581129578,0.0005252317546638934,0.02334783055599248,0.037858786858944546,0.9636580446800912,0.0008360547408105545,0.9531693403659361,0.9745826728914185,0.9706647941887041,0.0005252317546638924,0.9621412131410555,0.9766521694440076,-3361.553792612288,167.55975037352835,-5956.258251997646,-1697.1317852508764,0.9724483880300043,0.001022468734830566,0.9612488957299553,0.9849573514711004,0.018348314140688333,0.0004265474462061272,0.01279046151784442,0.023696116557637897
4.166947281934956,0.0017782794100389228,1.7782794100389227e-06,0.0024155290909257444,100,0.028070789497837065,0.0004476346498007524,0.02278214942542597,0.034689888813525416,0.9615022866750149,0.000815896051477835,0.9513209355821761,0.9722810557329403,0.9719292105021629,0.0004476346498007537,0.9653101111864745,0.977217850574574,-2905.1884035127005,127.5064043029467,-4990.370530165413,-1565.7532442845404,0.973624807102303,0.000928541113260156,0.9630445756731134,0.9843614490223151,0.01944653673961247,0.0004167256088584878,0.01395686953049775,0.024643191241580716
4.166947281934956,0.0031622776601683794,3.162277660168379e-06,0.002418121213553206,100,0.026555344319131743,0.0003821522169961455,0.02170149433273727,0.03163076119407537,0.9583101215879692,0.0008007093099530949,0.9482151570508137,0.9674929507766474,0.9734446556808685,0.00038215221699614487,0.9683692388059246,0.9782985056672627,-2406.953312508523,94.49495988549832,-3603.838781324977,-1376.5098663659396,0.975051434520036,0.0008534364199108451,0.9653120513763294,0.9852276284715834,0.021075328774349616,0.0004096025879018848,0.01638783204110482,0.026236601881712864
4.166947281934956,0.005623413251903491,5.623413251903491e-06,0.002422726717790359,100,0.024722769023833836,0.00032184918960870984,0.020578501147861052,0.02879092830740471,0.9535177818744129,0.0007862656767734513,0.9435692538747441,0.9633912521987701,0.9752772309761661,0.0003218491896087097,0.9712090716925953,0.979421498852139,-1877.3228788976996,65.14819707913188,-2821.601636599668,-1150.5776475134337,0.976796584621515,0.0007946868745884533,0.9678478148677114,0.9853165334174697,0.023525887448273653,0.0004031365752428646,0.018475039672355913,0.028625074387335872
4.166947281934956,0.01,1e-05,0.0024309039856894956,100,0.022575770617652147,0.0002652139395977492,0.019133786461471673,0.026207890305384292,0.9463985446827512,0.0007677817048984293,0.9368833170030852,0.9560084934907316,0.9774242293823476,0.00026521393959774963,0.9737921096946156,0.9808662135385283,-1364.0864077171416,40.49189139732357,-1931.2831499679937,-909.8263665997143,0.9788662432292072,0.0007455654689640853,0.9697128096525561,0.9859886785226322,0.027177767205124614,0.00039502030051920213,0.02224313187589158,0.03207267769534631
4.166947281934956,0.01778279410038923,1.778279410038923e-05,0.0024454060781381646,100,0.02022733292675321,0.00021508574378340624,0.01780227648055294,0.02329578585858257,0.936287502645356,0.0007448729974931618,0.9269475374817733,0.9455858881513741,0.9797726670732471,0.00021508574378340529,0.9767042141414175,0.9821977235194471,-930.9635996961931,22.795747781035026,-1241.4402673366358,-668.1589953345531,0.9811575607704875,0.0007016661309179749,0.9723506856399501,0.9876977167879285,0.03238808683194472,0.0003851818488528925,0.027587594216542503,0.03721885282859427
4.166947281934956,0.03162277660168379,3.162277660168379e-05,0.002471072997608249,100,0.017838607210077278,0.00017392474138337382,0.015813887825471398,0.02030542657126105,0.9228121436144339,0.0007302847112439004,0.9119476183002833,0.9320256086716163,0.9821613927899228,0.00017392474138337263,0.9796945734287389,0.9841861121745284,-611.5881097093754,12.207841796303304,-778.205051113162,-448.53479881833624,0.9835119389605415,0.000660930071050023,0.974722712548823,0.9901689175424977,0.0393763360589105,0.00038032270761182124,0.03458526877851161,0.045040514928076876
4.166947281934956,0.056234132519034905,5.623413251903491e-05,0.002516344834334929,100,0.015516382628557377,0.00014119678157324501,0.01386680268296067,0.01752149694750097,0.9056678339374714,0.0007500819354445432,0.8947257350645639,0.914424434622415,0.9844836173714425,0.0001411967815732456,0.982478503052499,0.9861331973170394,-394.642494038467,6.649125428402821,-476.85878600944557,-304.69421459101915,0.9858195471720945,0.0006216557269238304,0.9775512624892105,0.9919321827270292,0.04834226796418423,0.00039434120895655576,0.04374457682230968,0.05410056927067102
4.166947281934956,0.1,0.0001,0.0025957504318907827,100,0.013277260910800585,0.00011429823572290784,0.011880641601677521,0.01480034945318981,0.8836557125004244,0.0008180121521553874,0.8715041219913005,0.8930261530329067,0.9867227390891995,0.00011429823572290808,0.9851996505468101,0.9881193583983225,-248.71065881858325,3.737924712525198,-294.22186884264755,-196.33404360193495,0.9880651126697266,0.0005821691904580653,0.9805983248429845,0.99424813634474,0.05998035321711877,0.0004354976557907426,0.05499939003628366,0.06645615382409434
4.166947281934956,0.1778279410038923,0.0001778279410038923,0.002733831122360797,100,0.011103173334908062,9.118971769810102e-05,0.009949428825047209,0.01225045476485278,0.8536109221552131,0.0009276655037504047,0.8395652441556831,0.8642601094543352,0.9888968266650919,9.118971769810082e-05,0.987749545235147,0.9900505711749527,-148.45082935412674,2.0584781192226873,-173.6587039893367,-118.77733209639501,0.9902768139626111,0.0005416623007495085,0.9838957356177214,0.995909378217209,0.0761028703893954,0.0005026802154243742,0.07034409273615401,0.08372207074303602
4.166947281934956,0.31622776601683794,0.00031622776601683794,0.002971067102487075,100,0.009011665890221723,7.129829226028336e-05,0.00811315162257485,0.00993271616145114,0.8098601609342988,0.0010741654893665533,0.7955632869625484,0.8223441162295038,0.9909883341097783,7.129829226028209e-05,0.9900672838385488,0.9918868483774251,-80.78514170622125,1.0459445574324084,-93.73732865713934,-67.13547706348876,0.9924540337897249,0.0005008185212514525,0.9870508842231029,0.9977250905211471,0.10009735065045106,0.000597829643327662,0.093168094561686,0.10805645528756239
4.166947281934956,0.5623413251903491,0.0005623413251903491,0.003372760918043371,100,0.00707347483055743,5.4809402669133385e-05,0.0063556937606058,0.00777954263453803,0.7441801099178948,0.00125750850654293,0.727978927454912,0.758774058037363,0.9929265251694426,5.4809402669133344e-05,0.9922204573654619,0.9936443062393943,-38.8265105115982,0.47487998267845793,-44.65070559313868,-32.78846955222499,0.9945490640569953,0.00046172148234335873,0.9898779000493189,0.9993716686941804,0.1373718705662904,0.0007304366176921724,0.12892362107139146,0.14678320798631989
4.166947281934956,1.0,0.001,0.004043322002543379,100,0.005378024689758969,4.177542584446274e-05,0.004811516945342,0.00588758063872885,0.6469763484529928,0.0014622280206327688,0.6283298220500771,0.6649485295734885,0.9946219753102409,4.177542584446318e-05,0.9941124193612711,0.9951884830546579,-16.033637903387806,0.1918319109084083,-18.522299105286198,-13.617584120085482,0.9965048372604935,0.000426878211248374,0.9922774372912343,1.001118283810667,0.19570272053639326,0.0009114019638645996,0.18455624270843302,0.20732744143698983
4.166947281934956,1.7782794100389228,0.0017782794100389228,0.005151844492595236,100,0.003990690549458174,3.181723156554127e-05,0.0035641271081901103,0.004401097683521531,0.5122509141470001,0.0016181605960609766,0.49193230439059776,0.5325943183761961,0.9960093094505418,3.181723156554134e-05,0.9955989023164784,0.9964358728918098,-5.3795005026660405,0.0695687626269337,-6.294503268757435,-4.5165106165983255,0.998304708301053,0.0003980779460189754,0.9943273017720593,1.0029710495589759,0.2843719040682355,0.001134146143815064,0.2702094039073135,0.29862114799663886
4.166947281934956,3.1622776601683795,0.0031622776601683794,0.006980044978886696,100,0.0029382591098561666,2.460164067600886e-05,0.00263798881625312,0.0032486386168166597,0.34845633530824605,0.001577184335820127,0.3270203698411598,0.3669026036043663,0.9970617408901439,2.4601640676008086e-05,0.9967513613831833,0.9973620111837468,-1.0870002494558642,0.022779901884056528,-1.3602241965976871,-0.7840122435023439,0.9999986446959843,0.00037607293720706486,0.996054763284464,1.004771926731481,0.4098488747542207,0.0013408299833720585,0.3942752167986544,0.4281431094396793
4.166947281934956,3.311311214825908,0.003311311214825908,0.007169918573995354,100,0.002868694429857325,2.4145949942425014e-05,0.00257753074484061,0.00316894564425971,0.3349011355860279,0.00156074508856763,0.313714529439958,0.35320139069969714,0.9971313055701425,2.41459499424242e-05,0.9968310543557402,0.9974224692551592,-0.8967527464918053,0.020740899135586174,-1.1459976311833786,-0.6211841585757305,1.0001326735334048,0.0003746110029802695,0.9961872809229897,1.0049054487038886,0.4214502761317893,0.0013534564731453387,0.40569256306933693,0.43989784043442565
4.166947281934956,5.62341325190349,0.00562341325190349,0.010010628682263581,100,0.002225256848358688,2.0363527680084396e-05,0.0019591350617079602,0.00244206158843188,0.18726287879856263,0.001227209492325273,0.1701220585558633,0.20223925183315328,0.9977747431516412,2.036352768008392e-05,0.997557938411568,0.998040864938292,0.4155585737415539,0.006711470795614511,0.33214241330811445,0.5071852701449467,1.001704322258464,0.0003609287691117458,0.9975518485183107,1.0063804078546423,0.5674928258020008,0.0014228406138307045,0.5502899710590538,0.5875414551085232
4.166947281934956,8.128305161640995,0.008128305161640995,0.01294814089776781,100,0.0019524695242120898,1.9459993537041034e-05,0.00171701107773917,0.00218008239705115,0.10489612357234958,0.0008910418061716475,0.09310174366650739,0.11651284977420505,0.9980475304757879,1.9459993537040296e-05,0.9978199176029489,0.9982829889222609,0.7696683337731427,0.002885485591519083,0.7314340044694012,0.8071822615644572,1.002881991410561,0.0003547336294839408,0.9984096580534563,1.0073934155278756,0.676414202392969,0.001379339467784078,0.658660223624529,0.6948745079517342
4.166947281934956,10.0,0.01,0.01508652777407933,100,0.0018669984338097498,1.9603737650253178e-05,0.0016391489653443299,0.00210426416285586,0.06920463990893298,0.0006978907016999844,0.06011908397696508,0.07839446258978859,0.9981330015661902,1.9603737650253758e-05,0.9978957358371441,0.9983608510346558,0.8721009641766748,0.0017478142792777915,0.8487802333827161,0.8944788175942581,1.0035997054385009,0.0003524209534677432,0.9992055204789232,1.0082355359020396,0.7372648757209674,0.001329138777191481,0.7200099078965465,0.7548081460579994
4.166947281934956,13.182567385564074,0.013182567385564073,0.018650299819295165,100,0.0018379034792552018,2.0515627061864774e-05,0.00159784148356386,0.00210664028636866,0.03415409770802884,0.0004621083215271416,0.02820315248625936,0.040251180353590314,0.998162096520745,2.0515627061864184e-05,0.9978933597136312,0.998402158516436,0.9484102765322484,0.0008566239481661702,0.9370081185797177,0.9592632608862041,1.0046430804544357,0.00035064881910176304,1.0003527994514316,1.0094316891872013,0.8156112141365367,0.0012507507072087895,0.7993742332424183,0.8320620691063229
4.166947281934956,17.78279410038923,0.01778279410038923,0.023695431238475027,100,0.0019326983449773389,2.242056385848887e-05,0.00168523434399135,0.0022356553003331303,0.01112220395085196,0.000249028194535899,0.00838075023212554,0.01434001295518348,0.9980673016550228,2.242056385849009e-05,0.9977643446996668,0.9983147656560085,0.9860327028498673,0.0003503715431560161,0.9814929459739371,0.9898450565080975,1.0059164206657472,0.00035045789943408866,1.001714276813841,1.010511969634401,0.8951893910562755,0.0011761098506451115,0.8802502130157147,0.9084535871501327
4.166947281934956,28.183829312644548,0.028183829312644546,0.03484154962668229,100,0.002406158615798334,2.7302597079277077e-05,0.00206042370808089,0.00277751816638069,0.0001652370539374378,1.9155784736888462e-05,7.350838291795055e-06,0.0004174400760650402,0.9975938413842016,2.7302597079277185e-05,0.9972224818336194,0.9979395762919191,0.9998387010211398,1.8390346688946325e-05,0.9995753663536208,0.9999926838084415,1.0082547645020699,0.00035392489754833495,1.0039136547564482,1.0129066238188933,1.0061177146218796,0.0011362290179534479,0.9914688232422286,1.0190570453497756
4.166947281934956,31.622776601683793,0.03162277660168379,0.0384774099958616,100,0.0026026574018494977,2.8931417229888966e-05,0.00223750006491083,0.00299574064955166,0.0011583244408670866,7.013766477833214e-05,0.00030945900008423003,0.0020602631771218507,0.9973973425981505,2.8931417229887807e-05,0.9970042593504483,0.9977624999350891,0.9989262129423874,6.327635029559403e-05,0.9981147738309263,0.99970116233817,1.00892540280907,0.0003555681863381691,1.0044696859323388,1.0136002698231916,1.0320715485679615,0.0011447738664263295,1.0175826583783523,1.0453891027422821
4.166947281934956,45.70881896148752,0.04570881896148753,0.053219395687511585,100,0.003505467828592895,3.541683874637787e-05,0.0030461189978542398,0.003975539254710641,0.012832390379068104,0.0002675947186006826,0.00935473560684052,0.015734518844647723,0.9964945321714069,3.541683874637692e-05,0.9960244607452893,0.9969538810021457,0.9896775440475245,0.00019524168733249216,0.9875774998517814,0.9922225095255511,1.0113410817718027,0.0003631788286245255,1.0067503526310317,1.0161056653132068,1.1126274498901723,0.0012203986362504995,1.096719606031168,1.1254364212287309
4.166947281934956,56.23413251903491,0.05623413251903491,0.06412952670143511,100,0.0042364714083024,4.001358544548524e-05,0.00371504256300639,0.00478379275894423,0.025014132511450606,0.0003983112017786364,0.020054283136263642,0.029457855142877576,0.9957635285916976,4.001358544548487e-05,0.9952162072410558,0.9962849574369936,0.9813935829072566,0.00025842139208049177,0.9785407118491646,0.9846125044101168,1.01289670419902,0.00036919862487854826,1.0082753877652952,1.0177207247229367,1.157636175506705,0.0012908719278222297,1.1416125040703127,1.1716314991700967
4.166947281934956,97.72372209558092,0.09772372209558093,0.10669306418644786,100,0.007244357287293041,5.603694309441478e-05,0.00653208760867474,0.00798175504564353,0.0811024934706209,0.0008721416682319197,0.07079269840454049,0.09169280518008265,0.992755642712707,5.603694309441517e-05,0.9920182449543564,0.9934679123913251,0.9509408005073119,0.0004140978012397528,0.9459775785967498,0.9558356280275446,1.0178101638960688,0.00039247507187988777,1.0125059992044243,1.0227324130478879,1.2843669636073094,0.001550247550711609,1.2660679391305327,1.302808037810655
4.166947281934956,100.0,0.1,0.10901544002233628,100,0.007409719487496155,5.682770245604608e-05,0.00668936866059298,0.00815266735718763,0.0843475412647483,0.0008970492375567476,0.07386086314167503,0.0952520133917382,0.9925902805125036,5.682770245604694e-05,0.9918473326428123,0.993310631339407,0.9494221177801049,0.00042030642101478717,0.9443787664170695,0.9543340385338855,1.018040215776044,0.0003936988966576404,1.0127472876320454,1.0229697143929504,1.290009867869967,0.0015628832549533012,1.2717721843199756,1.3086290508875122
4.166947281934956,158.48931924611108,0.1584893192461111,0.16844673149980974,100,0.011539418845737339,7.464532257410333e-05,0.01054713516211549,0.012528636382763731,0.16965426339591583,0.0015116203698638379,0.15305287794093256,0.19022907969866057,0.9884605811542626,7.464532257410182e-05,0.9874713636172361,0.9894528648378843,0.9149977845561105,0.000538727853708404,0.9077692603495566,0.9209236647211627,1.0230867596713225,0.00042300099354066286,1.0178161479060888,1.028067175894338,1.411482659805784,0.0018430433633327766,1.3912171169249226,1.4361525518467528
4.166947281934956,177.82794100389228,0.17782794100389226,0.1880265341764836,100,0.01284068468335756,7.96551836421693e-05,0.01176664473111743,0.0138806530329665,0.19810854334454914,0.0017054898431806606,0.17906711848343027,0.22268056010260145,0.9871593153166424,7.965518364216939e-05,0.9861193469670335,0.9882333552688823,0.9052455310340739,0.0005662360526859665,0.8972146218847572,0.9115894386654569,1.0244845567327618,0.0004318484932590064,1.0191524413181732,1.029469517056085,1.4446831475899509,0.0019212832255447918,1.423161461988756,1.4718903985547553
4.166947281934956,316.2277660168379,0.3162277660168379,0.3276663891691158,100,0.021178226991792014,0.00010696278069506033,0.01981776662276351,0.02252470303156146,0.39483769246038514,0.002947663772950423,0.36100361124272956,0.4406408407443381,0.9788217730082077,0.00010696278069506091,0.9774752969684385,0.9801822333772365,0.8512376878331867,0.0006806386392960223,0.8408236983767355,0.859130190767058,1.03236861471563,0.0004860107211592817,1.0265701363462307,1.0381929090355495,1.6279296163998154,0.0023400105938767646,1.6008356964800898,1.6638078261641487
4.166947281934956,389.04514499428046,0.38904514499428045,0.4009454959704331,100,0.024959055701191342,0.00011698239487275666,0.02347097833290363,0.026490267878257322,0.48970294381019036,0.0034716080103635027,0.4498567882082998,0.540477820308263,0.9750409442988086,0.00011698239487275796,0.9735097321217425,0.9765290216670964,0.8306626505940379,0.000704210380335694,0.8204882771821648,0.8388354221540497,1.0356335776185983,0.0005096946826876204,1.0296758736482026,1.0415953026100357,1.6993549649778061,0.0024732442422128694,1.6707129483977996,1.735171947660002
4.166947281934956,562.341325190349,0.5623413251903491,0.5750875866773053,100,0.032659189716111446,0.00013299844760625038,0.030887610681884028,0.03460104927744458,0.6834131938644142,0.004299703147245587,0.6324779803560514,0.7365391790978634,0.9673408102838884,0.00013299844760625092,0.9653989507225552,0.9691123893181159,0.7953368274339898,0.0007031090238821804,0.7866944075893665,0.8037640098448058,1.0422384849651902,0.0005571462102483402,1.0359397908721448,1.0487609665701139,1.8262849903244471,0.0025942995569786104,1.795284816359117,1.8582186052019634
4.166947281934956,1000.0,1.0,1.0141571526373048,100,0.04670283390535305,0.0001475807882776392,0.04457156039180554,0.04884632440176715,0.9716117862009024,0.004601412416246534,0.9168357339107231,1.0229626190572976,0.9532971660946469,0.00014758078827763912,0.9511536755982329,0.9554284396081945,0.7536893677176687,0.0005875161102986599,0.7471541164528371,0.7607339076463493,1.0561923523846355,0.0006434448855542313,1.0486854272182096,1.063316621514757,1.9854302379852578,0.0023334031704286004,1.9575153935607446,2.011416125267599
4.166947281934956,1778.2794100389228,1.7782794100389228,1.794024396191467,100,0.062191010700215626,0.00015024414017714277,0.06014157541605538,0.06414515697916717,1.0565184199735833,0.004730820351076948,0.994673713004991,1.1162774815862095,0.9378089892997842,0.0001502441401771419,0.9358548430208329,0.9398584245839446,0.7431766447565749,0.0005682884155699449,0.736064565606426,0.7506671211094658,1.0796177917949072,0.000745975029567546,1.070938879002505,1.088414504708955,2.0276152050102634,0.0023037308460595826,1.9973332958734582,2.0565403359228305
4.166947281934956,3162.2776601683795,3.1622776601683795,3.179921647325442,100,0.07935793449819871,0.0001687986000298066,0.07706952817212126,0.08140562358911331,0.90779261395735,0.005583852471545985,0.839239660360914,0.9760674881955465,0.920642065501801,0.0001687986000298073,0.9185943764108867,0.9229304718278787,0.7621124033813722,0.0007547106320142866,0.7530187426531281,0.7714140710473143,1.1226758990112045,0.0008879985275367696,1.1117586290429864,1.134076730715212,1.9523314223527892,0.002943021118110434,1.9161001709719123,1.9879612667375546
4.166947281934956,5623.413251903491,5.623413251903491,5.6434734522887124,100,0.10266755488226814,0.00024870637940528655,0.09956014227389388,0.10559163887139725,0.746606493592318,0.005586295603534336,0.674038264758478,0.8104729932512029,0.8973324451177315,0.0002487063794052859,0.8944083611286028,0.900439857726106,0.7853572944910961,0.0008694293891224386,0.7755545815804711,0.7967342142061856,1.2023242343370348,0.0011372671617189984,1.1889705559557584,1.216534190645153,1.8634581626697646,0.003251254476262618,1.8209968427548278,1.9002620437193058
4.166947281934956,10000.0,10.0,10.023211435627891,100,0.14301573514638685,0.00042002490755748914,0.13777513505231503,0.14792796247152815,0.7587542773592523,0.006034054169220222,0.6787601587245445,0.8288915664556128,0.8569842648536131,0.0004200249075574893,0.8520720375284718,0.862224864947685,0.7835233659065789,0.0009275366806386711,0.7728917674060409,0.7959535485802164,1.3472030848038405,0.0016238350383907547,1.3268162884156138,1.367162770228551,1.8703763271473195,0.0034805759722973937,1.8238690126648933,1.9104342736944926
4.166947281934956,17782.794100389227,17.782794100389225,17.809950552976456,100,0.21604635286530324,0.0006784985459355795,0.20784000127638882,0.22457680491021179,1.108104626207849,0.00900200279652071,0.9959409529196875,1.2180528869584053,0.7839536471346967,0.0006784985459355793,0.7754231950897882,0.7921599987236111,0.7373299808768528,0.0010440952070051926,0.7247563420770179,0.7505081934435867,1.6074107164396463,0.002559774160157774,1.5761230730659874,1.6403955743346545,2.051802438675216,0.004283225685142989,1.9979683096360261,2.103654220802744
4.166947281934956,31622.776601683792,31.622776601683793,31.654384857620265,100,0.3316580561739207,0.0009362240989628882,0.3202756364210318,0.34320459072038184,2.25284197066041,0.018637476914978805,2.0493601367391427,2.49712838457603,0.6683419438260794,0.0009362240989628876,0.6567954092796182,0.6797243635789681,0.640256480544163,0.0011903927111642904,0.6249202947106689,0.6533840001543678,2.071890044190552,0.004291950833356698,2.0195776768528577,2.126015219742579,2.499678465757502,0.006200741242457104,2.4315582225894774,2.580229714810167
4.166947281934956,56234.13251903491,56.23413251903491,56.27009821202985,100,0.4795590267436205,0.001046511702097079,0.46673272419386636,0.492089669554225,5.659140305167008,0.04733025614702889,5.115893531008993,6.300940322600114,0.5204409732563795,0.0010465117020970797,0.507910330445775,0.5332672758061336,0.5048535861140263,0.0012227333621173753,0.4886129665365717,0.5191631917758575,2.8989676651191947,0.007422046066082604,2.8093561301186125,2.9890531980558857,3.376846778772477,0.009918707661576173,3.2618338929493507,3.510167389342291
4.166947281934956,100000.0,100.0,100.0396378938192,100,0.6307369280563626,0.0009507939453616751,0.6190829870441893,0.6419710734420714,15.911041479008327,0.13360264887639245,14.336378446778594,17.658559769765503,0.3692630719436373,0.000950793945361675,0.35802892655792856,0.38091701295581065,0.36124625544549793,0.0010710311093027108,0.3475014549102033,0.3742048748808119,4.370403369118507,0.013020173257932966,4.214453795880948,4.523759697641174,4.985408817194719,0.016684244922550544,4.7863410229036285,5.20220731517053
4.166947281934956,177827.94100389228,177.82794100389228,177.87029317494694,100,0.7579059194385168,0.0007299169456383447,0.7491279016093448,0.7663042256322509,47.338417782989225,0.3977985650065335,42.844540146812655,52.391903198253196,0.24209408056148315,0.0007299169456383445,0.23369577436774916,0.2508720983906551,0.2381333462031554,0.0008087725724802373,0.2280363849398085,0.247492620988035,6.987412007318784,0.022994397349851054,6.713863365765722,7.255431125155606,7.87432653246855,0.028789116207369164,7.545570869110091,8.238224342810692
4.166947281934956,316227.7660168379,316.2277660168379,316.27193387088636,100,0.8502202387282648,0.0004970859991591484,0.8442465951192051,0.8559060086927378,144.9227498382506,1.2175676663939088,131.52444464404408,160.20766872862868,0.14977976127173517,0.0004970859991591484,0.1440939913072621,0.15575340488079492,0.14782430663808854,0.0005464506985349757,0.1410803632957992,0.15397335531580644,11.64140533393512,0.04074252170238117,11.158006812657794,12.113354009353655,13.027957358877995,0.05035145281557635,12.468396714474386,13.657316696409291
4.166947281934956,562341.3251903491,562.3413251903492,562.3866274884566,100,0.9108252037812715,0.0003131784224022223,0.9070635148687037,0.9143949687147088,450.2971524920585,3.7818076476749267,408.3437011617658,497.32717529946035,0.0891747962187284,0.00031317842240222344,0.08560503128529125,0.09293648513129632,0.08818613342016186,0.00034290522940723974,0.08399197810512686,0.09208304629313468,19.917631376228357,0.07231004117669072,19.061054703393467,20.752239091069022,22.2018396254303,0.08871410155133483,21.207493556126717,23.30083343592034
4.166947281934956,1000000.0,1000.0,1000.0459810303681,100,0.9481569650785893,0.000188123352821081,0.9458980521871712,0.950296985394485,1410.2505027159577,11.840575739832714,1277.2260987371887,1558.0348189359283,0.05184303492141076,0.00018812335282108002,0.04970301460551496,0.0541019478128288,0.051327710620904486,0.00020554657621197278,0.0488064337770091,0.05369832464322173,34.635144780212784,0.12844954338794085,33.11494945102135,36.11467022937945,38.52082094465376,0.15694360935401536,36.738269697409606,40.47194972033115
4.166947281934956,1778279.410038923,1778.2794100389228,1778.325786691742,100,0.9702844520886706,0.00010986292042575959,0.9689655015990483,0.9715327778185173,4435.703297398611,37.2355400687592,4014.453381298853,4900.93653646521,0.02971554791132924,0.00010986292042576056,0.028467222181482562,0.031034498400951762,0.02943980267878729,0.00011990135395626713,0.02796802498899089,0.03083398535032704,60.80703592428671,0.22828331808588903,58.1067391541205,63.43341016320278,67.54349518495886,0.2782801794276731,64.35966829931203,71.00668875314409
4.166947281934956,3162277.660168379,3162.277660168379,3162.3242638902298,100,0.9831072505842776,6.312114319247419e-05,0.9823495348403716,0.9838240025209243,13984.908314068443,117.38299492392449,12651.792849180832,15453.104023796895,0.01689274941572239,6.312114319247418e-05,0.01617599747907568,0.0176504651596283,0.016742432699420606,6.884556458179423e-05,0.01589666990330446,0.017546602253624782,107.34799365732286,0.4058168225365558,102.54914563946927,112.01378822179966,119.1555902879785,0.49405350554515526,113.48011481355054,125.31051323351603
4.166947281934956,5623413.251903491,5623.413251903491,5623.459984804915,100,0.9904420198620969,3.592932068014524e-05,0.9900107448866984,0.9908498536639817,44149.9277850616,370.5496726017269,39932.49939002248,48787.441793537015,0.009557980137903177,3.5929320680144265e-05,0.00915014633601825,0.00998925511330167,0.00947508730420139,3.917411952133859e-05,0.00899361796607485,0.00993383794312872,190.11083323488924,0.7215216506649521,181.58017409322082,198.40328851223828,210.93725707873622,0.8777604383046393,200.8310532222743,221.8787915007357
4.166947281934956,10000000.0,10000.0,10000.046806022048,100,0.9946065939620397,2.0343458369650624e-05,0.9943624111003903,0.9948374646919333,139482.8011032294,1170.6318220449662,126143.05670616346,154138.44060197662,0.00539340603796012,2.0343458369650468e-05,0.00516253530806657,0.0056375888996096,0.0053474135082367345,2.2176388041644887e-05,0.00507478576648731,0.00560748237380126,337.2862939280747,1.282933413494209,322.11943153757215,352.0279661442955,374.1512347102396,1.5600995094298236,356.16602482416573,393.6046817964866
13.177044300762262,1e-05,1e-08,0.002412214863468124,100,0.3276325052914977,0.009225656867216313,0.2419398855613401,0.4498318959311546,0.9966045488749369,0.00011257687937675935,0.995285020205714,0.9978756574155383,0.6723674947085023,0.009225656867216313,0.5501681040688453,0.7580601144386598,-512631.12016285234,51119.47160554117,-883663.0027496197,-178662.22523819137,0.7568668145277906,0.004717593418688741,0.6978152695867523,0.8036005305682068,0.001699326838610328,5.639332050567066e-05,0.00106273602214995,0.0023602753751989203
13.177044300762262,1.778279410038923e-05,1.7782794100389228e-08,0.002412229456356288,100,0.32711046175027014,0.009147893805406922,0.241863676098747,0.4472472792355102,0.9966000996450947,0.00011244277465455003,0.9952829949389034,0.9978710397261461,0.67288953824973,0.009147893805406922,0.5527527207644898,0.7581363239012529,-509656.4793480992,50472.00435211639,-879843.0033058771,-178508.3141475609,0.7571243428695861,0.0046882336980293374,0.6980483439149976,0.8037218481147004,0.001701554868220366,5.632630098307067e-05,0.0010650473290941,0.00236129040500064
13.177044300762262,3.1622776601683795e-05,3.16227766016838e-08,0.0024122554064607647,100,0.32620256109489587,0.00901359766074893,0.24172850571594362,0.4427818103388485,0.9965922631309619,0.00011220990560258544,0.9952793950870399,0.9978629602977853,0.673797438905104,0.00901359766074893,0.5572181896611514,0.7582714942840564,-504525.6987004717,49364.445784242635,-873220.3085096396,-178235.23097958532,0.7575738466859286,0.004637393959858368,0.6984576004875368,0.8039344147144372,0.0017054791621117517,5.620992517420691e-05,0.00106909136464675,0.00236309459300517
13.177044300762262,5.623413251903491e-05,5.6234132519034905e-08,0.002412301552592243,100,0.32464943875647856,0.008786740178830636,0.24148923900965982,0.4352319049507236,0.9965785590822114,0.00011181291881068008,0.995272998715788,0.9978489922055052,0.6753505612435212,0.008786740178830636,0.5647680950492764,0.7585107609903402,-495872.40471459995,47524.01454589848,-861950.4326515633,-177751.54467123488,0.7583476166813969,0.004551124342131343,0.6996593082854212,0.8043027719323704,0.001712341812104119,5.6011537262399855e-05,0.00107608292148852,0.0023663003597132
13.177044300762262,0.0001,1.0000000000000001e-07,0.0024123836120270767,100,0.3220650193635051,0.008417790682831865,0.24106720803076154,0.4229285093511206,0.9965548833241077,0.00011115784183414331,0.9952616404782494,0.9978253202942737,0.6779349806364949,0.008417790682831865,0.5770714906488795,0.7589327919692385,-481812.93850811815,44612.389091198726,-843354.5135212209,-176897.4742396647,0.759648733810522,0.004409782243952455,0.7015241158228203,0.8049292902972375,0.001724198253841574,5.5684189979435616e-05,0.0010879317201139,0.0023719929658331702
13.177044300762262,0.00017782794100389227,1.7782794100389227e-07,0.002412529532581236,100,0.31795097646243764,0.00785461824828525,0.24032742069474167,0.41908298994464127,0.9965147811499476,0.00011013708851336846,0.995241493592585,0.9977864458404316,0.6820490235375624,0.00785461824828525,0.5809170100553589,0.7596725793052583,-460277.7504769664,40360.99036994776,-814117.0293969208,-175397.58125594087,0.7617551131466545,0.004191604397325343,0.7065937332788066,0.805963022232753,0.001744281371110689,5.5174165705810236e-05,0.00110739034886971,0.0023820904120043502
13.177044300762262,0.00031622776601683794,3.162277660168379e-07,0.0024127890072960893,100,0.31181847603240637,0.0070777674660769795,0.23904455269150834,0.40690843533273935,0.9964488682229536,0.00010869785614520176,0.9952058271643561,0.9977211927165428,0.6881815239675936,0.0070777674660769795,0.5930915646672607,0.7609554473084917,-429985.4027648916,34867.853411594064,-767955.6783437344,-172788.55090437867,0.7649754378323828,0.0038860958256580246,0.7146244725191716,0.8075916325991822,0.0017772920578992954,5.4455216815949424e-05,0.0011400535878964301,0.0023999663702885
13.177044300762262,0.0005623413251903491,5.623413251903491e-07,0.0024132503853726483,100,0.3034207821829088,0.006154373420823001,0.2368605059915792,0.39207397461558335,0.996344802653706,0.00010699058230788396,0.9951429006134705,0.9975918111549742,0.6965792178170912,0.006154373420823003,0.6079260253844168,0.7631394940084208,-391625.6299212706,28841.93395916366,-687263.5697191525,-168324.91168933068,0.7695390363835309,0.003517294729881887,0.7222592725694473,0.8100017234884642,0.0018294142782701794,5.360288368711838e-05,0.0012048202269620502,0.00243150584059922
13.177044300762262,0.001,1e-06,0.002414070716627568,100,0.292857383242137,0.005241930689849653,0.23325376408518497,0.37810088797883895,0.9961872518490624,0.00010549680146331795,0.9950325304563338,0.9974509837325946,0.7071426167578627,0.005241930689849653,0.621899112021161,0.766746235914815,-347537.8049313277,23235.10579769019,-613306.1482510631,-160902.01210096054,0.77551371659257,0.00315053083534055,0.7321807308617354,0.8132284958635019,0.001908333247736072,5.285856392837016e-05,0.00127532137179029,0.00248682696924203
13.177044300762262,0.0017782794100389228,1.7782794100389227e-06,0.0024155290909257444,100,0.2802108565515192,0.004466364185353467,0.22757616376501122,0.34555921165991815,0.9959545768326501,0.00010484566065942829,0.9948104648539726,0.9971661999617217,0.7197891434484808,0.0044663641853534665,0.6544407883400818,0.7724238362349888,-299308.2233293913,18382.01132897524,-496346.04166614194,-147372.49509050263,0.7829515400868068,0.0028436314156134656,0.7468936537938099,0.8174202625838872,0.002024898321522728,5.253786353050836e-05,0.00141790547487319,0.0025981427590635302
13.177044300762262,0.0031622776601683794,3.162277660168379e-06,0.002418121213553206,100,0.2650532462259343,0.0038127970019074414,0.21717708050503076,0.31632165818798963,0.9956092360879785,0.00010536130139098363,0.994414866802222,0.9968221818758262,0.7349467537740657,0.0038127970019074414,0.6836783418120104,0.7828229194949692,-246855.9089723481,13967.099034559977,-394376.66247841436,-127157.7902802664,0.792177006287785,0.0025925382998557207,0.7593484635357548,0.8232443300473483,0.0021979354364701,5.2804263664632816e-05,0.00159017355858685,0.00279647674358686
13.177044300762262,0.005623413251903491,5.623413251903491e-06,0.002422726717790359,100,0.2467235048273218,0.003211631729265315,0.20561054401311404,0.28710045362806386,0.9950885267342351,0.00010701915193249499,0.9938273648288924,0.9962914727515076,0.7532764951726781,0.0032116317292653143,0.7128995463719362,0.7943894559868859,-191416.7330027584,9827.574347609432,-289230.5568823756,-104014.78529159566,0.8037075969991605,0.002363383925224109,0.7766095767741954,0.8314267932473127,0.002458902196036933,5.3647399083531084e-05,0.00185598597751466,0.00309109506801743
13.177044300762262,0.01,1e-05,0.0024309039856894956,100,0.22524889322941927,0.0026475661639298533,0.1909705842619864,0.26115531776039086,0.9943089420215735,0.00010983082783074753,0.9930442139843727,0.995620670228186,0.7747511067705807,0.0026475661639298524,0.7388446822396092,0.8090294157380136,-138099.9040065627,6261.618517221111,-207197.9221157175,-81824.89138335845,0.8177202598903845,0.0021458747168918045,0.7925342748122136,0.8450206451918756,0.002849739648604839,5.5075954762978446e-05,0.00219206746840334,0.0034839623331817606
13.177044300762262,0.01778279410038923,1.778279410038923e-05,0.0024454060781381646,100,0.20175936098344618,0.002148846564421447,0.17710245286060614,0.2332197195189299,0.9931882092960691,0.00011418279527375566,0.9917777355407613,0.994620132372074,0.7982406390165537,0.0021488465644214465,0.76678028048107,0.8228975471393938,-93518.58645482315,3648.0763591097157,-137093.9132782575,-58439.27059044549,0.8336851457729704,0.0019526450457513494,0.810818231086362,0.857187763131824,0.0034118782618290187,5.7287724436863425e-05,0.0026935614997160803,0.004119617932453991
13.177044300762262,0.03162277660168379,3.162277660168379e-05,0.002471072997608249,100,0.17786550517935582,0.0017397685512193534,0.1584919925848761,0.20273250514096863,0.991669074896704,0.00012136119794164725,0.9901167785414343,0.993220455168963,0.822134494820644,0.0017397685512193534,0.7972674948590314,0.8415080074151239,-60986.69213477472,2029.1401624568261,-86151.40836796464,-40344.76026936675,0.8506279749976584,0.0017955211803452002,0.8296176357395152,0.8698157872567189,0.004174358977756949,6.093375627927182e-05,0.0033955374203705297,0.00495388122391116
13.177044300762262,0.056234132519034905,5.623413251903491e-05,0.002516344834334929,100,0.15463210086044923,0.0014144410727502756,0.13842911175494313,0.17453741562769381,0.9896938335428674,0.00013362661549345755,0.9880679790016597,0.9913944865324583,0.8453678991395508,0.0014144410727502759,0.8254625843723062,0.8615708882450568,-39132.52622652855,1127.9222333382093,-53321.03165547028,-27593.26233006006,0.8678017228323516,0.0016708486829753368,0.8466596642186929,0.8838775011519722,0.005166653644290544,6.715890763929121e-05,0.0043120538370542,0.0059839141500578705
13.177044300762262,0.1,0.0001,0.0025957504318907827,100,0.13221903672434282,0.0011462127337646276,0.11779845390247083,0.14732277859134135,0.987087382915238,0.00015325644034987776,0.9852539638872433,0.9891388837492837,0.8677809632756572,0.0011462127337646267,0.8526772214086586,0.8822015460975291,-24590.451946851263,629.5142682897397,-33357.021551915175,-17989.327165244216,0.8850511807026669,0.0015652487869185611,0.8665918252121589,0.9000099494019659,0.006477582549632215,7.712896290100936e-05,0.00544538423084798,0.007400401053139691
13.177044300762262,0.1778279410038923,0.0001778279410038923,0.002733831122360797,100,0.11043582956641833,0.0009143062113912097,0.09941449939289682,0.12184805786258011,0.9833961988394957,0.00018297385661786975,0.9810672721135046,0.9856990755859912,0.8895641704335817,0.0009143062113912085,0.8781519421374199,0.9005855006071032,-14687.118484776314,339.6345522550622,-19140.028838126505,-10843.078856212904,0.9025039206520568,0.0014693259266504591,0.8851413067884897,0.9176802392379518,0.008337075367171149,9.226379397605269e-05,0.007176211432705929,0.009511599236467772
13.177044300762262,0.31622776601683794,0.00031622776601683794,0.002971067102487075,100,0.08944316829128608,0.0007129557559472095,0.08057052984807278,0.09897093808610073,0.9777172016597815,0.0002281057050827884,0.9748225442708885,0.9806441093491364,0.9105568317087137,0.0007129557559472082,0.9010290619138993,0.9194294701519271,-8038.709588379197,169.16372589055226,-10367.518063929876,-6072.54574653325,0.9200235390335952,0.0013808782893526578,0.9031817743844124,0.9361947493544244,0.011204832122468094,0.00011536686432317889,0.0097252356260898,0.012668979383960671
13.177044300762262,0.5623413251903491,0.0005623413251903491,0.003372760918043371,100,0.06992567598297939,0.0005442249436182579,0.06274789630884045,0.07707906023346058,0.9684102156773435,0.00029886912325053397,0.96476250184657,0.972120135815633,0.9300743240170207,0.0005442249436182574,0.9229209397665395,0.9372521036911596,-3923.6381483502482,75.51858049679586,-4931.689589996667,-3051.9302829280564,0.9369968037337055,0.0013011784399447877,0.9214122369127006,0.9538315519447391,0.015922802159433078,0.00015190266691939784,0.01403847169489141,0.01777675577602582
13.177044300762262,1.0,0.001,0.004043322002543379,100,0.05273993597480832,0.00040894728235257307,0.04724276853162531,0.057785033465341605,0.9525111903521618,0.00041336531031659453,0.9475688683840744,0.9575396382318275,0.9472600640251916,0.00040894728235257264,0.9422149665346583,0.9527572314683747,-1686.547107756187,29.952230609245568,-2078.187207993786,-1341.3830109302405,0.9525759488938175,0.0012318047573162802,0.9384659610752369,0.968782244348832,0.024035479244072122,0.00021188375443388893,0.021460459055284473,0.02656850863808494
13.177044300762262,1.7782794100389228,0.0017782794100389228,0.005151844492595236,100,0.038471138011350624,0.00030325454669309653,0.03434186415355336,0.04213693097473395,0.924646835852747,0.0006004937542818025,0.9172336403095335,0.9322421421146361,0.9615288619886492,0.00030325454669309794,0.9578630690252662,0.9656581358464467,-638.1868097890733,10.597029149252885,-783.4547295862593,-512.1981690379234,0.9660896192192134,0.0011738952235308586,0.9524940447760268,0.982061404243821,0.03841944238418966,0.000312485442313776,0.03447312742753409,0.042276852805935204
13.177044300762262,3.1622776601683795,0.0031622776601683794,0.006980044978886696,100,0.02725358284360256,0.0002220031649447866,0.024378753790633,0.02983011178603101,0.875363020719339,0.0008968660889784938,0.863406615442439,0.8864939660026372,0.9727464171563974,0.0002220031649447856,0.970169888213969,0.975621246209367,-213.79115820456448,3.3654152294158175,-258.37599107043985,-171.23018448318686,0.9772877439545,0.0011291870688993364,0.9641990953744235,0.9928421575368647,0.06440381093143438,0.0004798118288131353,0.058461914814632525,0.07080324215136877
13.177044300762262,3.311311214825908,0.003311311214825908,0.007169918573995354,100,0.026482977735184616,0.0002164660395471388,0.02372751733351875,0.028980580960706572,0.8700840091995771,0.0009262173122236769,0.8577325075126385,0.8815051223636239,0.9735170222648154,0.00021646603954713806,0.9710194190392932,0.9762724826664813,-194.8850724594135,3.0564456938787004,-235.00968842118934,-156.22281770342366,0.978086160939494,0.001126249220679669,0.9650817177993035,0.9935527248717224,0.06723017166706954,0.0004970270335173922,0.06111495789002949,0.07386150746072531
13.177044300762262,5.62341325190349,0.00562341325190349,0.010010628682263581,100,0.018865530755494256,0.00016274044464359042,0.01672682767546374,0.02077242175724745,0.789653945894582,0.0013214291555099591,0.7718439635348305,0.8049149943524124,0.9811344692445058,0.0001627404446435891,0.9792275782427525,0.9832731723245361,-63.60308787169042,0.9629822820661913,-75.12284426365838,-51.32505124182273,0.9863347765282652,0.0010997068396125375,0.9741504281033796,1.0014702020955988,0.11140612833896853,0.0007445230392427108,0.10282945088818367,0.12145349480642051
13.177044300762262,8.128305161640995,0.008128305161640995,0.01294814089776781,100,0.014806995552279299,0.00013589490893270976,0.013020107891214711,0.01646032251569228,0.7071914882094442,0.0016333967139698414,0.6856528983372139,0.7265010056931486,0.9851930044477207,0.00013589490893270906,0.9835396774843077,0.9869798921087851,-27.322549681182114,0.40980456197307874,-32.325408342894264,-22.187870926053044,0.9911930620966071,0.0010889875577894403,0.9789549938602975,1.0062180798940996,0.15910889860371594,0.0009725723570937681,0.14764975391000526,0.17195843374833658
13.177044300762262,10.0,0.01,0.01508652777407933,100,0.012925726773877705,0.00012435876906380955,0.01131468451421057,0.014426665494626621,0.6496049927873659,0.0017993249017339533,0.6276636033680981,0.6711149023027048,0.9870742732261221,0.00012435876906380968,0.9855733345053734,0.9886853154857894,-16.467603258321475,0.24892102104637687,-19.534166004492743,-13.543480378620735,0.9936726872740776,0.0010855432709246547,0.9816172317857426,1.0085949417173645,0.19409598851758333,0.001117885196373659,0.18078397128271462,0.20774800204954985
13.177044300762262,13.182567385564074,0.013182567385564073,0.018650299819295165,100,0.010832687030639068,0.00011264430429800854,0.00936430104346092,0.012202699490151531,0.5602791949745902,0.001975787287801474,0.5352224525702947,0.5842841725315364,0.9891673129693609,0.00011264430429800838,0.9877973005098484,0.9906356989565391,-7.956239252601912,0.1255433092302601,-9.52493000949538,-6.429064708904736,0.9967558518276292,0.0010835690003069111,0.9845955327198368,1.0115320225527296,0.25159754796257344,0.0013217862071267527,0.23561520082850437,0.26841102132158573
13.177044300762262,17.78279410038923,0.01778279410038923,0.023695431238475027,100,0.009068765002732064,0.00010426307636546248,0.00784050499488971,0.0104174358246916,0.4499946481511294,0.0020604494326217026,0.42433655352005867,0.4764190673351736,0.9909312349972679,0.00010426307636546258,0.9895825641753084,0.9921594950051104,-3.1928635408849204,0.05831568748809368,-3.9649365609494422,-2.4920784689105444,0.9998823064051621,0.0010844743193711348,0.987178979739442,1.0144276933030918,0.32935821377168145,0.0015382093604456634,0.3097688305621887,0.34858881731670016
13.177044300762262,28.183829312644548,0.028183829312644546,0.03484154962668229,100,0.00732673877488004,9.915412545415396e-05,0.00619860211372593,0.00857540298030613,0.26986312857692996,0.001874568020975649,0.24565844380134094,0.2944951644693616,0.9926732612251199,9.915412545415426e-05,0.9914245970196938,0.993801397886274,-0.17820795486990057,0.01700416770471057,-0.4080791330672789,0.03428349756073111,1.0044563431504467,0.0010913105947668166,0.9909355136233117,1.0191558300323078,0.48082816459624395,0.0018083250256066504,0.4573259544449019,0.5043605914586768
13.177044300762262,31.622776601683793,0.03162277660168379,0.0384774099958616,100,0.007073468889481943,9.922541388744343e-05,0.00595436538904366,0.008335468440524301,0.22681786893812667,0.0017655681999456726,0.2055681643886399,0.25098939371148854,0.9929265311105181,9.92254138874443e-05,0.9916645315594756,0.9940456346109562,0.16666049334149963,0.012359007924784489,-0.007939956408174968,0.31194255000040305,1.0055857365946859,0.0010939602498660351,0.9920932834552829,1.020306211494685,0.5241051169591553,0.0018584484504835803,0.4990116352794534,0.5466053760170051
13.177044300762262,45.70881896148752,0.04570881896148753,0.053219395687511585,100,0.006770482598891791,0.00010273373310666876,0.00552780823343827,0.008112567012265,0.10711079887214409,0.001293043195696016,0.09046341847081485,0.12562915467033353,0.993229517401108,0.00010273373310666978,0.991887432987735,0.9944721917665617,0.7614635523341687,0.0042704585565157965,0.698546020321078,0.8149726710817405,1.0092433558020968,0.001104768962354018,0.9957935948711577,1.0241140088810294,0.6733178349767265,0.001983675620707726,0.6455581383802103,0.6992288698357225
13.177044300762262,56.23413251903491,0.05623413251903491,0.06412952670143511,100,0.006959405984913388,0.00010671542089946589,0.00557602513771488,0.00830856548481121,0.0570129114983935,0.000975623494149043,0.04512215336913907,0.07057378939343575,0.9930405940150865,0.0001067154208994666,0.9916914345151887,0.9944239748622851,0.9007270583603113,0.0022297239367942263,0.8691263008076023,0.9272554951786623,1.0113651512311683,0.0011123249109262286,0.997923470402145,1.0263807673365062,0.7621008277439114,0.002052087722989063,0.734344060426189,0.7875802425416686
13.177044300762262,97.72372209558092,0.09772372209558093,0.10669306418644786,100,0.008900776773991034,0.00012320647986910105,0.00716259995515287,0.010506672063607121,0.0005781045947642223,6.65656920305659e-05,6.737241940330037e-06,0.0015076183764661908,0.9910992232260089,0.00012320647986910208,0.9894933279363929,0.9928374000448471,0.9994273059371381,6.71511698537905e-05,0.9985320312109761,0.9999932952179738,1.017417153684917,0.0011371898221707092,1.0038464046921862,1.0324711248632887,1.0043754151779694,0.002376144778401727,0.9706854597477312,1.0342294029820627
13.177044300762262,100.0,0.1,0.10901544002233628,100,0.009031767147847097,0.00012405213723645474,0.0072795958035729805,0.010651052829189812,0.0007780481762236325,8.565731909381526e-05,1.3985872985302691e-05,0.0020723999812835925,0.9909682328521527,0.00012405213723645417,0.9893489471708102,0.9927204041964269,0.9992659420447204,7.852231332705592e-05,0.9981042517727416,0.99998590887522,1.0176847213051265,0.0011383639017883266,1.0040668398078507,1.03275277958484,1.0144818334730383,0.0023959660447731017,0.9808151796955279,1.0441859311645612
13.177044300762262,158.48931924611108,0.1584893192461111,0.16844673149980974,100,0.01260732413050434,0.0001430230275576126,0.01057708370769593,0.014470542573494661,0.047347248955832456,0.0012122128919583525,0.03131261534614705,0.06336437827516735,0.9873926758694956,0.00014302302755761186,0.9855294574265052,0.9894229162923039,0.9682985993816456,0.0006798015303237969,0.9595583624654331,0.9773952302505244,1.0233486175599704,0.001163926550121112,1.0087964746781253,1.038939618661813,1.2156970658083015,0.002881541320024507,1.1769534479565142,1.251722756896692
13.177044300762262,177.82794100389228,0.17782794100389226,0.1880265341764836,100,0.013804447375946651,0.00014826144310235508,0.01169311102913422,0.015719087289073213,0.07156749024665658,0.0015723964164995746,0.05154678079856211,0.09219164519647777,0.9861955526240532,0.000148261443102355,0.9842809127109269,0.9883068889708658,0.9557277345593376,0.0007820667896998158,0.9457522268572875,0.9657640099888439,1.0248661309315,0.001170899553488593,1.0101725326939726,1.0403197933203199,1.2658275224592226,0.003020499908199936,1.227038112144113,1.3036304820869014
13.177044300762262,316.2277660168379,0.3162277660168379,0.3276663891691158,100,0.021775139914646493,0.0001755333452521876,0.01944759398238698,0.02395278161877331,0.2685425501623395,0.0037941471956234327,0.21931311670488104,0.31443238762813014,0.9782248600853536,0.0001755333452521886,0.9760472183812267,0.980552406017613,0.8838866327615473,0.0010920981188775076,0.870918314479004,0.8982745055005517,1.0331902919912561,0.0012089638497287914,1.018060802141423,1.0488918420694116,1.5169070371388458,0.0036922866894053287,1.4683087805555055,1.5607426964661812
13.177044300762262,389.04514499428046,0.38904514499428045,0.4009454959704331,100,0.02547267120993278,0.00018486323305866973,0.022952313582044002,0.02779044405641932,0.36978762382529035,0.004689262909149495,0.3075301100787331,0.42429280326020047,0.9745273287900673,0.00018486323305866921,0.9722095559435805,0.9770476864179559,0.8574075225222367,0.0011322979136716576,0.8444131685045453,0.8727447129212101,1.0365623687493122,0.001223961148814695,1.020913505209098,1.0518556621129886,1.6068794389317578,0.003872944782009591,1.554553790260334,1.6513775777736448
13.177044300762262,562.341325190349,0.5623413251903491,0.5750875866773053,100,0.033068953573448544,0.00019880891622644175,0.03046240576311061,0.03541747462865706,0.5806097840607992,0.006110353020577337,0.4994988993629681,0.650146856617084,0.9669310464265516,0.00019880891622644196,0.964582525371343,0.9695375942368892,0.8133591534003954,0.001116728787996704,0.8007384049279214,0.828527886359656,1.0433100299710028,0.001252510908607101,1.0275108880549428,1.0587717119158715,1.7609325555964068,0.004009370204605812,1.706752349559531,1.8063168462833443
13.177044300762262,1000.0,1.0,1.0141571526373048,100,0.047028222217690596,0.00021049254446642963,0.04458663774557152,0.049530295056629425,0.9059390161876207,0.006993638606041059,0.8174690288088434,0.9900851998474047,0.9529717777823095,0.0002104925444664289,0.9504697049433707,0.9554133622544284,0.7624552338192465,0.0009389967167713635,0.7512440296203031,0.7745380292854479,1.057405264336736,0.0013039017789971818,1.0421818942991365,1.0728456437577032,1.9511078660276004,0.0036692048625947744,1.9041395431510633,1.9950301209602084
13.177044300762262,1778.2794100389228,1.7782794100389228,1.794024396191467,100,0.06249315608703267,0.000218876267508321,0.0599378102508513,0.0652193887528434,1.0281825503499682,0.007235972301989029,0.9285876318845037,1.1307912673618374,0.9375068439129675,0.00021887626750832092,0.9347806112471566,0.9400621897491487,0.7467470445262392,0.000886241021177368,0.7344042061120404,0.7591745684282047,1.080923537617521,0.0013724616538295033,1.0644804734271622,1.0970990910003313,2.013371420277234,0.003568825338350851,1.9636323471071278,2.06338669631421
13.177044300762262,3162.2776601683795,3.1622776601683795,3.179921647325442,100,0.07968297968559526,0.0002594378960475977,0.07655028937241427,0.08267812955623537,0.9017637371056547,0.007875172185188269,0.8079626404902343,1.0116603691876658,0.9203170203144047,0.000259437896047596,0.9173218704437647,0.9234497106275857,0.7630904448003202,0.0010613463778886242,0.7485493822817338,0.7759230538526497,1.1240688141421757,0.0014852105349996685,1.1054042099069168,1.1408375510510431,1.9487175593489037,0.004142328541362751,1.8988607542329161,2.005811708688468
13.177044300762262,5623.413251903491,5.623413251903491,5.6434734522887124,100,0.10305492755507861,0.0003679817431727297,0.09856661763351797,0.10733245168313296,0.7486315489991097,0.007572206159753558,0.6538027834653487,0.8539952778566858,0.8969450724449213,0.00036798174317272976,0.892667548316867,0.9014333823664821,0.785224998552186,0.0011629764300139947,0.7693296790742902,0.8001196702567007,1.203835203373712,0.0017050840228492042,1.1812268364358918,1.2236997434140162,1.8641441680834927,0.0043651579239460895,1.8085795745992845,1.9241185760149255
13.177044300762262,10000.0,10.0,10.023211435627891,100,0.1434881683563829,0.0005573595664004065,0.13659843507107067,0.1495671286748571,0.7633585397897568,0.007860067021353478,0.6633920717769349,0.8709657184876237,0.8565118316436172,0.0005573595664004066,0.8504328713251429,0.8634015649289293,0.7829897735421989,0.0011897260565623534,0.7669643166860943,0.7985062117407772,1.3489070991535141,0.002159391203546854,1.3225263405142162,1.3720848528213263,1.8725640358361946,0.004484026819193082,1.81448882605163,1.9332552230939257
13.177044300762262,17782.794100389227,17.782794100389225,17.809950552976456,100,0.21658993579566702,0.0008128568749631243,0.20665853898254002,0.22602945685566628,1.1150669681134329,0.01100837104797658,0.967783329503262,1.2476877870325216,0.7834100642043329,0.0008128568749631243,0.7739705431443337,0.79334146101746,0.736676853292912,0.0012594558304634786,0.7216030845035408,0.7540765405821072,1.609450694497803,0.003074964897281159,1.5712749652719726,1.6428378453252988,2.0547032271298113,0.005191359172171361,1.9837597770834452,2.1169994371540892
13.177044300762262,31622.776601683792,31.622776601683793,31.654384857620265,100,0.33221426660249015,0.0010490712654552176,0.3198342367909951,0.345489464332386,2.2650424085689354,0.02141719937976716,1.9886265729685233,2.49866355097337,0.6677857333975099,0.0010490712654552166,0.654510535667614,0.6801657632090049,0.639609013678578,0.0013525788309965126,0.624831093176473,0.6576647517039601,2.0745244191430183,0.004826701702476423,2.018195077704076,2.1361592616856866,2.503355940344006,0.007080578930650902,2.410186173352272,2.5807149644742418
13.177044300762262,56234.13251903491,56.23413251903491,56.27009821202985,100,0.48005187790761183,0.0011301959105074028,0.467495873023014,0.49448870758636293,5.684848935554657,0.05220408423699181,5.050156200263357,6.316427658008532,0.5199481220923882,0.001130195910507403,0.5055112924136371,0.5325041269769859,0.5042949529185192,0.0013358343054826,0.4882559550940276,0.521070106862887,2.902657797475411,0.008047001096471303,2.813585481738785,3.0053140462600902,3.3818288874433615,0.010889753545076482,3.2472552260380545,3.5132479698255428
13.177044300762262,100000.0,100.0,100.0396378938192,100,0.6311172876388288,0.0010072348188156952,0.6197542964922348,0.6442166182713267,15.973681305222541,0.1440287663857696,14.261568646789348,17.80962019870173,0.36888271236117115,0.0010072348188156952,0.35578338172867324,0.38024570350776515,0.3608214787521557,0.001144900239635187,0.34643378674529257,0.37488957131463324,4.375970409616167,0.013847420270810096,4.220609591023123,4.558337561854949,4.9927291570311185,0.017921034369982047,4.776447252120665,5.2201445352279165
13.177044300762262,177827.94100389228,177.82794100389228,177.87029317494694,100,0.7581685159008146,0.0007654883936176108,0.7493327393868959,0.7678843621906508,47.50717960582068,0.4236126144244989,42.57778993027748,53.05199059885867,0.24183148409918548,0.0007654883936176109,0.23211563780934913,0.25066726061310407,0.2378423312996755,0.0008545687338443169,0.22686546001856722,0.24811627739280726,6.996316483358977,0.024208726921768644,6.716862440817078,7.307938010853833,7.885833776866865,0.030562537836229725,7.525159925174376,8.283679540930933
13.177044300762262,316227.7660168379,316.2277660168379,316.27193387088636,100,0.8503877569362861,0.0005185138913646528,0.8441959600884454,0.8568629632231564,145.40788455806586,1.2880300282454644,130.34588981352098,162.0164821562628,0.14961224306371393,0.000518513891364653,0.14313703677684358,0.15580403991155453,0.14763940142921622,0.0005738035587598333,0.14037586530245122,0.15458488514485774,11.656244593889841,0.04266179781036676,11.149519827774892,12.196114883381325,13.046932039976232,0.05311631816260033,12.41690681742904,13.728567853869194
13.177044300762262,562341.3251903491,562.3413251903492,562.3866274884566,100,0.910926726667291,0.00032572500348520357,0.9069634177872562,0.9149642314996568,451.74842905274005,3.986238270915333,404.89965963512657,502.36544063707544,0.08907327333270912,0.00032572500348520276,0.08503576850034318,0.09303658221274365,0.0880743118272511,0.0003588486882749179,0.08359668640615743,0.09244610951008633,19.943024285899092,0.07549263137733322,19.032807590169973,20.890439764306404,22.234107609154645,0.09326312811864745,21.122113123016998,23.413500606950816
13.177044300762262,1000000.0,1000.0,1000.0459810303681,100,0.9482165897966387,0.00019534520890663164,0.9458146386181874,0.9506366383726241,1414.695877043039,12.455759840644976,1267.924659598387,1571.4890416593848,0.05178341020336125,0.00019534520890663177,0.04936336162737596,0.0541853613818124,0.05126211334125266,0.00021470120617705734,0.048604844712164,0.05388680774097779,34.679304999578186,0.13388424622519357,33.070259900020936,36.359541698342824,38.576736624223415,0.1646772698336245,36.607923563033545,40.64198454369469
13.177044300762262,1778279.410038923,1778.2794100389228,1778.325786691742,100,0.9703188259129013,0.00011397846207570883,0.9689187062495568,0.9717303705747219,4449.508119137149,39.126689150382795,3987.803183880916,4939.625589866143,0.029681174087098534,0.00011397846207570925,0.02826962942527798,0.03108129375044312,0.029402009716794682,0.0001251113022006826,0.02786065139446098,0.03093439208539841,60.88456964887258,0.23772608595731787,58.03281459058223,63.867967620374955,67.64146802265834,0.29168370378214714,64.14904732659417,71.28241192546555
13.177044300762262,3162277.660168379,3162.277660168379,3162.3242638902298,100,0.983126855511674,6.545301186724926e-05,0.9823236383919397,0.9839372804620314,14028.116943334988,123.26827006252825,12572.36926715879,15567.968857660495,0.016873144488325983,6.545301186724982e-05,0.016062719537968572,0.017676361608060222,0.016720885301732793,7.179531709700149e-05,0.01583865841523276,0.01760117736200302,107.48487479076975,0.42238884971187796,102.42323543993702,112.78565783507062,119.32835534085473,0.5175433975206288,113.1265654495073,125.77155188694144
13.177044300762262,5623413.251903491,5623.413251903491,5623.459984804915,100,0.9904531330042918,3.724622997109871e-05,0.9899963214497468,0.9909142532082801,44285.775547394034,388.99286855762676,39689.905449191734,49137.47955102014,0.009546866995708201,3.7246229971099444e-05,0.00908574679171985,0.01000367855025314,0.009462875473611266,4.0839279796405866e-05,0.008961768655560521,0.00996390808862522,190.3532506389509,0.7507725086811173,181.36182024955846,199.77499196241484,211.24302520039527,0.9191888276126875,200.2232371792122,222.6695366814036
13.177044300762262,10000000.0,10000.0,10000.046806022048,100,0.9946128715903919,2.1085793547333214e-05,0.9943543454852785,0.9948739028030695,139910.98801976853,1228.6575162919423,125391.07702618383,155221.99540773072,0.005387128409608159,2.1085793547335064e-05,0.00512609719693036,0.00564565451472159,0.005340516011353978,2.3114811183631306e-05,0.00505712434277408,0.00562419193556861,337.7163843066179,1.33473134774523,321.7366878198885,354.46634095419034,374.6935203628075,1.6334287499048945,355.1059951970886,394.9818295546278
41.66947281934956,1e-05,1e-08,0.002412214863468124,100,3.275946455302013,0.09223255213909923,2.4199569158157406,4.4961883772883855,0.9996374033342075,2.0123208994627004e-05,0.9993623900142573,0.9998340526947672,-2.2759464553020137,0.09223255213909923,-3.4961883772883855,-1.4199569158157401,-84637232.21173108,16530355.63732602,-146380414.96667832,-9834373.860255323,0.24165143115058796,0.005012157522455416,0.18302696861271195,0.2917214473949187,0.0001813197845991526,1.0063706919915768e-05,8.29771028662141e-05,0.0003188558360666601
41.66947281934956,1.778279410038923e-05,1.7782794100389228e-08,0.002412229456356288,100,3.2707258500248435,0.0914547622309771,2.419194013458946,4.471517994968022,0.9996369156964104,2.0122237235156285e-05,0.9993620091935976,0.9998339184427341,-2.270725850024844,0.0914547622309771,-3.471517994968022,-1.4191940134589456,-84160334.24075456,16425980.226014927,-146156036.19826615,-9822605.075726682,0.2418464859081803,0.0049948489575002706,0.18318767772394984,0.2917702961834806,0.00018156364726242252,1.0063223080221476e-05,8.304423454065617e-05,0.00031904630710922013
41.66947281934956,3.1622776601683795e-05,3.16227766016838e-08,0.0024122554064607647,100,3.2616465468862947,0.09011152268575305,2.417840876114557,4.426864343612435,0.9996360568276539,2.0120764482521782e-05,0.9993613393543443,0.9998336797081002,-2.2616465468862943,0.09011152268575305,-3.426864343612434,-1.417840876114556,-83340395.62993005,16247332.254804686,-145758298.1983487,-9801957.964645466,0.24218881204576792,0.004964593519290397,0.1834718416623438,0.29185705093527226,0.0001819931589866715,1.0062490302680483e-05,8.316361192995152e-05,0.00031938133361789013
41.66947281934956,5.623413251903491e-05,5.6234132519034905e-08,0.002412301552592243,100,3.2461148126320687,0.08784246969469968,2.415445668706433,4.351367310272273,0.99963455494769,2.011892590950062e-05,0.9993601706938635,0.9998332551922803,-2.2461148126320696,0.08784246969469967,-3.3513673102722725,-1.4154456687064327,-81964919.03587468,15949759.856932009,-145055014.0565918,-9766097.481031548,0.2427837112738267,0.004912398116415485,0.18397219585772048,0.29227221958719324,0.00018274423503192265,1.0061577329431514e-05,8.337588778578672e-05,0.0003199658506152401
41.66947281934956,0.0001,1.0000000000000001e-07,0.0024123836120270767,100,3.220269758426591,0.08415217595743116,2.411220869435405,4.228337416608649,0.9996319604569065,2.011797815549252e-05,0.9993581594492834,0.999832500413315,-2.220269758426591,0.08415217595743119,-3.2283374166086474,-1.4112208694354043,-79749115.49069737,15475145.70678774,-143816977.18548486,-9704860.999764161,0.243800390150343,0.00482439566935723,0.1853037035751944,0.2931562972893214,0.00018404171791182582,1.0061114433083708e-05,8.375330928685495e-05,0.00032097179514749014
41.66947281934956,0.00017782794100389227,1.7782794100389227e-07,0.002412529532581236,100,3.1791279324442985,0.07851919113433273,2.4038150996277605,4.191600410546723,0.9996275667858499,2.012286970304454e-05,0.99935477346823,0.9998311589331341,-2.179127932444299,0.07851919113433273,-3.191600410546722,-1.40381509962776,-76397734.13534912,14765127.800158879,-141654844.22882572,-9603115.67977401,0.2454909801251213,0.004681756370336939,0.1899065495609682,0.29461834239969936,0.00018623896269408282,1.0063579083194614e-05,8.442410663526602e-05,0.00032266533056804015
41.66947281934956,0.00031622776601683794,3.162277660168379e-07,0.0024127890072960893,100,3.117800777246284,0.0707489154806241,2.390972646734598,4.067377231569296,0.9996203488329388,2.0148618766448037e-05,0.9993492559216944,0.9998271436911738,-2.1178007772462846,0.0707489154806241,-3.067377231569296,-1.3909726467345975,-71762021.77741875,13788760.811304033,-134134134.4168848,-9440855.134903483,0.24818656603999462,0.0044652811942764315,0.19563978119234954,0.29671563524271627,0.00018984863079225039,1.0076485657021846e-05,8.643189215512472e-05,0.0003254249981813101
41.66947281934956,0.0005623413251903491,5.623413251903491e-07,0.0024132503853726483,100,3.033820743679998,0.06151307676769271,2.369108504657826,3.9179016218134066,0.9996089665247484,2.023217555526212e-05,0.9993406284332104,0.9998211545752393,-2.0338207436799975,0.06151307676769271,-2.9179016218134057,-1.3691085046578255,-66011621.10654965,12576879.98335813,-125023000.99316424,-9195595.268009122,0.25224471538727977,0.004169205921117599,0.2014951023570664,0.2981435788657997,0.00019554092357995705,1.0118317994139027e-05,8.942671095518445e-05,0.0003297401568456301
41.66947281934956,0.001,1e-06,0.002414070716627568,100,2.9281825960042354,0.052387800537997395,2.333001388645436,3.7806117868716522,0.999591778482178,2.0444593345323706e-05,0.9993276362243736,0.999810687404549,-1.928182596004235,0.052387800537997395,-2.7806117868716522,-1.333001388645436,-59609099.09214925,11306260.273544544,-111584002.94377631,-8844652.508436272,0.25797879054347617,0.0038197142193082422,0.2087213333755351,0.3006641794398513,0.00020413676969026524,1.022461762801816e-05,9.466077813922149e-05,0.0003362384281675302
41.66947281934956,0.0017782794100389228,1.7782794100389227e-06,0.0024155290909257444,100,2.8017120521814793,0.044633766513721314,2.27631928092522,3.452449639037201,0.9995665049570275,2.0889080925654245e-05,0.9993083094919266,0.999795847596716,-1.801712052181478,0.044633766513721314,-2.452449639037201,-1.2763192809252195,-53145957.969744615,10605544.38515395,-95954359.66870905,-8360196.255232113,0.2657219911348603,0.003469839314502387,0.2181437854726951,0.307338781165023,0.00021677641992944182,1.0447014154123586e-05,0.00010208141213224,0.0003459051003103002
41.66947281934956,0.0031622776601683794,3.162277660168379e-06,0.002418121213553206,100,2.6501297010992912,0.03810242273215759,2.173394309760788,3.164447449091192,0.9995291835650493,2.1688277983533903e-05,0.9992746443904585,0.9997705942370441,-1.6501297010992908,0.03810242273215759,-2.1644474490911914,-1.173394309760788,-47593980.39767457,11930336.971914647,-75998363.46747804,-7606478.983672319,0.27609823772500675,0.003156621636963181,0.23184311530686394,0.314989118475195,0.00023544175778700976,1.0846868878358872e-05,0.00011470946110897,0.00036274363453135027
41.66947281934956,0.005623413251903491,5.623413251903491e-06,0.002422726717790359,100,2.466825973075791,0.03209702055444537,2.056617609932017,2.869916109125781,0.9994731131280009,2.29874610433036e-05,0.9991751218308953,0.9997373507928943,-1.466825973075791,0.03209702055444536,-1.8699161091257812,-1.0566176099320166,-45592008.668639705,17470604.33056653,-57962340.12214247,-5873611.742457628,0.2901211689798254,0.0028838792198999158,0.24735705871230845,0.3269018393546707,0.0002634846909230815,1.1496888009245587e-05,0.00013133322782172,0.00041252418369199016
41.66947281934956,0.01,1e-05,0.0024309039856894956,100,2.2520756860984195,0.026463950371452438,1.9097999435812538,2.6113588069832034,0.9993892577969398,2.495369846889074e-05,0.9990394109473418,0.9996941657861591,-1.25207568609842,0.02646395037145243,-1.6113588069832034,-0.9097999435812534,-59082989.69069808,36567137.24472554,-42746161.04002975,-4328780.4858436845,0.30875884657935837,0.0026515268932500577,0.2698128052453285,0.3416746544538424,0.0003054254544132431,1.2480715710510977e-05,0.00015292880060523,0.00048040992379961005
41.66947281934956,0.01778279410038923,1.778279410038923e-05,0.0024454060781381646,100,2.0171811980299497,0.021485188224247605,1.7693477913548692,2.3337882583925365,0.9992686023974079,2.7734790664629345e-05,0.9989064756632304,0.9995991302754189,-1.0171811980299497,0.021485188224247605,-1.3337882583925365,-0.7693477913548689,-426927015.97218454,392932577.6844669,-24964689.16228538,-3339569.0922672823,0.3323627222023844,0.0024661249978234333,0.2962571559934539,0.3602253769453128,0.0003657752230341144,1.3872421038891776e-05,0.00020045497433955002,0.00054691172462522
41.66947281934956,0.03162277660168379,3.162277660168379e-05,0.002471072997608249,100,1.7782495559592681,0.017402712570770883,1.5873976319594663,2.027546811972711,0.9991048122676979,3.142064437054716e-05,0.9987335359564545,0.9994905441085281,-0.7782495559592674,0.01740271257077088,-1.0275468119727105,-0.587397631959466,-95517625.913502,62317532.04947708,-15399795.79920927,-2489221.89711406,0.3606385487800937,0.0023296641905975056,0.32626322687670517,0.3892946704403002,0.0004477063146196404,1.571719551269458e-05,0.00025476039716915,0.00063343264257024
41.66947281934956,0.056234132519034905,5.623413251903491e-05,0.002516344834334929,100,1.545925090310702,0.014155952412263435,1.3848361908556919,1.7452531453676812,0.9988917395526198,3.6116239581201155e-05,0.9984951140939136,0.9993389584757892,-0.5459250903107017,0.014155952412263436,-0.7452531453676813,-0.3848361908556919,-10382149.899897069,4562580.597620161,-9146092.665768446,-1762372.8152667836,0.39337613525506454,0.0022310246771428182,0.36230481698055905,0.4194803436119761,0.0005543000071230424,1.806787650381003e-05,0.00033057540476748,0.00075272625723928
41.66947281934956,0.1,0.0001,0.0025957504318907827,100,1.3217978930724974,0.011476650195899779,1.1783635877805057,1.4724797339724098,0.9986110109896916,4.2208453362814764e-05,0.9981245743620109,0.9991480118927183,-0.32179789307249734,0.011476650195899779,-0.4724797339724098,-0.1783635877805055,-3900963.398475766,958517.5724513289,-5503959.946266491,-1134105.8269185578,0.4312952806905308,0.002150347828455278,0.40178191050339684,0.45767769733707314,0.000694757926212425,2.1118602162184946e-05,0.00042608483035491,0.00093815289003976
41.66947281934956,0.1778279410038923,0.0001778279410038923,0.002733831122360797,100,1.1039495771642713,0.009156101231813313,0.9939298432029285,1.2178473451045657,0.9982144568620044,5.068784964628742e-05,0.9976549913797313,0.9988226431425816,-0.10394957716427132,0.009156101231813313,-0.21784734510456558,0.006070156797071428,-1888299.0566816265,269932.08914012334,-2880785.670211055,-724914.8501998625,0.4760074638334656,0.002075155933693782,0.4486023992455685,0.5015713391219867,0.0008932023251124281,2.5366373134897492e-05,0.0005888518064697501,0.0011731925251484802
41.66947281934956,0.31622776601683794,0.00031622776601683794,0.002971067102487075,100,0.8939690577636932,0.007136863341390659,0.8052054261423556,0.9921997719816263,0.9976046467503837,6.338602551662678e-05,0.9969159296422142,0.9984015185848177,0.10603094223630669,0.007136863341390657,0.007800228018373642,0.19479457385764443,-933372.7385597121,87798.81251932407,-1561946.4015115793,-418599.3040046394,0.52896256507143,0.0020088233232419825,0.5018908829905843,0.5565430834590995,0.001198444599574372,3.173120603222589e-05,0.00079956037121196,0.001543225952099
41.66947281934956,0.5623413251903491,0.0005623413251903491,0.003372760918043371,100,0.6986790197160492,0.005440676477950149,0.6283225036340623,0.7705561657918949,0.9966004346634496,8.339625004073398e-05,0.9957149009873172,0.9976326949813754,0.3013209802839507,0.005440676477950148,0.22944383420810505,0.3716774963659377,-430960.8633597874,30331.728862447293,-711277.6764861197,-216444.14796112347,0.5901138868000086,0.0019690600552983084,0.56630998755567,0.6205182024792025,0.001701316272751121,4.1770403242043145e-05,0.00118435387330388,0.0021448497081539303
41.66947281934956,1.0,0.001,0.004043322002543379,100,0.526610801097676,0.004077688953161808,0.4714252952497715,0.5767768146889631,0.9948615408150497,0.00011606267567533938,0.9935850623889496,0.9962855887846146,0.47338919890232406,0.004077688953161806,0.42322318531103686,0.5285747047502285,-179171.78584981812,10268.854567668906,-288307.70263286075,-96267.4842114713,0.6571501345673751,0.0019783853518796717,0.6343605153883386,0.6831840517897247,0.0025727065838684593,5.818497325452416e-05,0.00185893342651291,0.0032126293002680403
41.66947281934956,1.7782794100389228,0.0017782794100389228,0.005151844492595236,100,0.38355433221833446,0.003011087095669172,0.3436873281908258,0.4194549807330297,0.9917287421606757,0.00017091174019583116,0.9897541539468268,0.9938196276504684,0.6164456677816655,0.003011087095669172,0.5805450192669702,0.6563126718091742,-66392.49338577365,3233.5640026617634,-103750.20202484826,-37518.60720284445,0.7258262046260141,0.002046960903209387,0.6998343129779095,0.7516659223098876,0.00414458229287247,8.582246405519335e-05,0.00309497561189332,0.0051361128548755896
41.66947281934956,3.1622776601683795,0.0031622776601683794,0.006980044978886696,100,0.27072532850039754,0.002188850925252534,0.24113289446599823,0.29685376262024543,0.9858924106982846,0.00026520355418766135,0.9825730375808713,0.9890641436790156,0.7292746714996027,0.0021888509252525334,0.7031462373797545,0.7588671055340017,-22014.471979209116,933.644051638946,-32900.237905318514,-12827.416331051694,0.7912522555880125,0.0021713231951028733,0.7622251278233207,0.8163582737812083,0.0070797392049135365,0.0001335755717065424,0.00548295978685958,0.008751778042113011
41.66947281934956,3.311311214825908,0.003311311214825908,0.007169918573995354,100,0.26294814366243685,0.002132562839517945,0.23460783597140233,0.2883195984866494,0.985243288481179,0.0002752528469638817,0.9817748686988564,0.9885270515811048,0.737051856337563,0.002132562839517945,0.7116804015133505,0.7653921640285977,-20062.854488966103,842.2669860050034,-29868.241284368818,-11714.094073039845,0.796213808275251,0.002183624703146088,0.7668332521132645,0.8223543619522549,0.007406737685286127,0.00013868387906285624,0.00575302319310334,0.00915446779313755
41.66947281934956,5.62341325190349,0.00562341325190349,0.010010628682263581,100,0.18564078071403073,0.001580169057421183,0.16596606649644374,0.20436344537044362,0.9747132098511301,0.0004301052444051121,0.9690990341592466,0.9803282879000634,0.8143592192859691,0.001580169057421183,0.7956365546295564,0.8340339335035563,-6596.950457697073,248.56062357899276,-10032.76469460665,-3995.643126287878,0.8493773038432713,0.0023502102512790255,0.8192753045655066,0.8786904433275724,0.012726730063912211,0.00021789444286438413,0.009884710541616359,0.01557172223325253
41.66947281934956,8.128305161640995,0.008128305161640995,0.01294814089776781,100,0.14376479739388892,0.0012918676327648077,0.12609068320458935,0.16120463653711006,0.9624765644574949,0.0005964795579193073,0.9546267864931848,0.9701850943665384,0.856235202606111,0.0012918676327648081,0.83879536346289,0.8739093167954106,-2907.5119475397805,102.45616592348392,-4300.15415312784,-1811.4664265698964,0.8816029467278519,0.0024902830095635516,0.8527891474862427,0.9150406918019153,0.018945766987476475,0.0003041189577221848,0.01502026403713412,0.02294995703864314
41.66947281934956,10.0,0.01,0.01508652777407933,100,0.12394905978782354,0.0011597065009364645,0.10903588659813722,0.13875091790796806,0.9528792853625099,0.0007198115362478221,0.9434118448979644,0.9624213506039676,0.8760509402121763,0.0011597065009364637,0.8612490820920319,0.8909641134018628,-1806.076926593324,61.43905623061183,-2673.8295152680944,-1143.8698764317483,0.897902044572635,0.0025749826143057785,0.8679485134961558,0.9331988023465226,0.023851540130623156,0.0003688592454630069,0.018969244919492978,0.028706098561039742
41.66947281934956,13.182567385564074,0.013182567385564073,0.018650299819295165,100,0.10124821722236024,0.0010116061680155812,0.08852352886098777,0.11359166605599556,0.9358492694985254,0.0009268462493999873,0.9238461211764087,0.9479345985515057,0.8987517827776398,0.0010116061680155801,0.8864083339440044,0.9114764711390122,-941.7669415408033,30.63935807324056,-1361.1522058180303,-611.6975472991311,0.917595968825359,0.002691069074885429,0.8860178666164193,0.9546411340913198,0.03261872630114738,0.00047927549816440576,0.02638067560202709,0.038830857409784335
41.66947281934956,17.78279410038923,0.01778279410038923,0.023695431238475027,100,0.08093078285393883,0.0008806835849347935,0.07009123656405898,0.09142091718939088,0.910032887075132,0.00121794805373795,0.894299344423895,0.925452439352707,0.9190692171460613,0.0008806835849347938,0.908579082810609,0.9299087634359411,-455.75368958320456,14.173748713741492,-640.1347172887448,-302.01792171261945,0.9364001527912023,0.00281690629545685,0.9013138224672794,0.974384914441533,0.04606472838106676,0.0006386905515563911,0.037995647232769846,0.05432598474875711
41.66947281934956,28.183829312644548,0.028183829312644546,0.03484154962668229,100,0.05708087026837586,0.0007247773681032079,0.048640474086481915,0.0666086033101155,0.848606799434104,0.0018267345015946716,0.8262457742133671,0.8732220153445076,0.9429191297316241,0.0007247773681032074,0.9333913966898844,0.9513595259135179,-143.10645005852396,4.1915646751395705,-202.30970281520155,-98.73592951596522,0.9606452793404741,0.003002648934054708,0.9228044928931822,1.0028120081362084,0.0788543039974038,0.0009919176916655407,0.06553650942486614,0.09101940875447559
41.66947281934956,31.622776601683793,0.03162277660168379,0.0384774099958616,100,0.05233992504434079,0.0006929466630751499,0.04423005100892992,0.06142896471288567,0.8278428628888349,0.0020101371990854456,0.8027461586744078,0.8545698546538216,0.9476600749556592,0.0006929466630751499,0.9385710352871143,0.95576994899107,-106.21205637750758,3.073319819072306,-148.64111175322932,-73.16329084515726,0.9659125677662052,0.003046805349101344,0.9275445065428026,1.0082488028261136,0.09020773140965761,0.0011050430864736663,0.07557054266514975,0.1040389868472482
41.66947281934956,45.70881896148752,0.04570881896148753,0.053219395687511585,100,0.04000262966176473,0.0006084323889997099,0.03347503479402547,0.04847236927594444,0.7428660147100975,0.002659438016868686,0.7089914990735012,0.7803532992648455,0.9599973703382352,0.0006084323889997092,0.9515276307240557,0.9665249652059745,-39.73326194743555,1.1218304124941996,-56.37469612190364,-27.406568332480173,0.9809391718613049,0.003180952553087195,0.941744351168224,1.0241024785432093,0.13823995274150228,0.001542776125373313,0.11662394248087292,0.1579836911680492
41.66947281934956,56.23413251903491,0.05623413251903491,0.06412952670143511,100,0.03477589830514105,0.000572220812922114,0.02876517521445582,0.04267628608154335,0.6810329171231406,0.0030381497710514427,0.6419145560236762,0.7258482949288328,0.9652241016948588,0.0005722208129221142,0.9573237139184566,0.9712348247855441,-22.24774367716323,0.6300163146860095,-32.1234149240018,-15.241529326328862,0.9883213582611186,0.0032514887774315075,0.9475431401593458,1.0323863148166028,0.17495592796058246,0.001840060154256535,0.1480327291088005,0.19880431472592844
41.66947281934956,97.72372209558092,0.09772372209558093,0.10669306418644786,100,0.0260189445484503,0.0005137254688996555,0.02039739084507964,0.0329035427275762,0.46544003851809607,0.003793232170395763,0.4144267015669803,0.5201606315328126,0.9739810554515498,0.0005137254688996546,0.9670964572724239,0.9796026091549204,-3.771764221826827,0.12958127207129383,-5.693001406809183,-2.2655936692465235,1.0050920005399042,0.0034226541327785063,0.9614000113263493,1.0522390395924344,0.3183267839440618,0.00277373145097458,0.2787784232031034,0.35624019441456906
41.66947281934956,100.0,0.1,0.10901544002233628,100,0.025802932414415794,0.0005124042446008609,0.02016507916574545,0.03260772557157247,0.4551076329105094,0.003807717489946251,0.4036891779225929,0.509857954825119,0.9741970675855843,0.0005124042446008608,0.9673922744284275,0.9798349208342544,-3.4490320170391278,0.1211089107129425,-5.235199311143687,-2.036207764998059,1.0057160949032395,0.0034292741510108735,0.9619418476021715,1.0529868548606076,0.3259652155811344,0.0028154377880914593,0.28595666053010893,0.36463461875090986
41.66947281934956,158.48931924611108,0.1584893192461111,0.16844673149980974,100,0.023731875419098006,0.000501320941770845,0.01776107632008687,0.030119476003480937,0.24131582630490855,0.003613969315717389,0.19851684284868942,0.2915492040832215,0.976268124580902,0.0005013209417708455,0.9698805239965189,0.9822389236799131,0.03685617826497341,0.02982887122031682,-0.37755678057369907,0.35417487382459806,1.0172891132935666,0.0035537847323547263,0.9722628138262351,1.066805762199437,0.5101127402706788,0.0036601858149624784,0.46004720677924105,0.5544523818656182
41.66947281934956,177.82794100389228,0.17782794100389226,0.1880265341764836,100,0.023848895984106187,0.0005023239942237726,0.01779160186997634,0.030415927541700128,0.19015953539881608,0.00339687404476436,0.1474334459310927,0.237426847049586,0.9761511040158937,0.0005023239942237731,0.9695840724582999,0.9822083981300236,0.38178159891472874,0.020545863252093483,0.09686686926657134,0.6114889813051441,1.01996539650125,0.0035827061518041827,0.9746488442792867,1.0699877876321777,0.5656335027524968,0.0038733503725580072,0.5127361868792879,0.6160308644160465
41.66947281934956,316.2277660168379,0.3162277660168379,0.3276663891691158,100,0.02788860076745348,0.000519183896178468,0.02153629345783884,0.034433133945726155,0.013582176729567196,0.0011388126840429617,0.0014670895987556902,0.02872187979887989,0.9721113992325465,0.0005191838961784674,0.9655668660542738,0.978463706542161,0.9812707694599778,0.0018195188149313414,0.9583601464427716,0.9984136506823375,1.0326276275881627,0.003715621894322505,0.9848402859001866,1.0849735498176136,0.8947861447604154,0.005037457065702669,0.8305250695847884,0.9617044221059452
41.66947281934956,389.04514499428046,0.38904514499428045,0.4009454959704331,100,0.030636655795711575,0.0005263491200289386,0.02448538265280884,0.03712544881908888,0.0039048823620524004,0.000536943086358389,0.00010555811342973,0.009850729304597202,0.9693633442042886,0.0005263491200289394,0.9628745511809113,0.9755146173471911,0.9965668761043517,0.00042195036398750077,0.9914063651248266,0.999896578062579,1.0370894097961552,0.0037590792286979675,0.9890623942870379,1.090229621828945,1.0297203529315062,0.005524585073938439,0.9535129723944994,1.099249841486697
41.66947281934956,562.341325190349,0.5623413251903491,0.5750875866773053,100,0.03697276225179739,0.0005352254538457273,0.0312081230886929,0.0437855968585501,0.08141754143237069,0.0036164183770397993,0.03369258848959417,0.1299006563945929,0.9630272377482025,0.0005352254538457272,0.9562144031414499,0.968791876911307,0.9519480967959906,0.0016793058393296215,0.9298113464842283,0.9759478724049667,1.045327970405274,0.003831233118750893,0.9950544062222945,1.1015026846625597,1.2781459065254992,0.006397913261036468,1.183553415354043,1.3604172518877349
41.66947281934956,1000.0,1.0,1.0141571526373048,100,0.049731553365275606,0.0005392294619054049,0.042995478282062564,0.05615732821880603,0.40637940546132173,0.009296254297488992,0.2930959099059973,0.5234922880619517,0.9502684466347243,0.0005392294619054053,0.943842671781194,0.9570045217179375,0.849843185077987,0.0021184844920580665,0.8237755605047606,0.8766361034199057,1.0609393168816892,0.003935962432449003,1.011586005404211,1.1180553595903602,1.6333141145450327,0.007311702104868159,1.5413829979536804,1.723518982463848
41.66947281934956,1778.2794100389228,1.7782794100389228,1.794024396191467,100,0.06458651332182351,0.0005703587955298272,0.05771213994753252,0.0725590032822965,0.7227121792084674,0.01403239003864328,0.5582118834511921,0.881955737143968,0.9354134866781765,0.0005703587955298275,0.9274409967177035,0.9422878600524676,0.7903307600098067,0.002217230888091716,0.7654501409695785,0.8171292015337036,1.0853751482404794,0.004053738662005984,1.0353668366162094,1.1447115880110579,1.8461462642176005,0.00825642006645726,1.7471341483179634,1.9391249715595258
41.66947281934956,3162.2776601683795,3.1622776601683795,3.179921647325442,100,0.0815348233668818,0.0007052351668645331,0.07379191975992182,0.09096021654106115,0.7854615550534821,0.017299532533284687,0.5799720255821202,0.9996148580446937,0.9184651766331181,0.0007052351668645321,0.909039783458939,0.9262080802400782,0.7811862077697489,0.0025479711208569854,0.7500482304427089,0.8130987538389088,1.12915634998668,0.0042377246188084455,1.0790926164116426,1.1898057213683242,1.881018250194765,0.009675752197020252,1.7615583611696342,1.9998071951601826
41.66947281934956,5623.413251903491,5.623413251903491,5.6434734522887124,100,0.10489980155997879,0.0009763258642564825,0.09290646871668834,0.1188855107893218,0.7222973223731346,0.01750683449769735,0.5204562880689297,0.959263203933293,0.8951001984400214,0.0009763258642564825,0.8811144892106783,0.9070935312833116,0.7911480759802823,0.0027082311023984436,0.7551716793546651,0.8243692897549744,1.2095247479264386,0.0045782331793942236,1.1544227296083271,1.2738464167430332,1.8438666366949894,0.010143626075611704,1.72141881971204,1.9794193813229262
41.66947281934956,10000.0,10.0,10.023211435627891,100,0.14543917667176012,0.001341356241656031,0.12809558184206798,0.16394722751788593,0.7685394273777715,0.018058250093035178,0.5610939318339165,1.0136416525614722,0.8545608233282398,0.0013413562416560313,0.836052772482114,0.871904418157932,0.7839332530583191,0.002667293148953451,0.7483035762650084,0.8165896269563147,1.3554073403168965,0.005229731778663506,1.2853724636285988,1.4272301798789973,1.8708600718716157,0.010121565434446944,1.74906056457153,2.0067974052896163
41.66947281934956,17782.794100389227,17.782794100389225,17.809950552976456,100,0.2186180092978367,0.0016953126981843144,0.1944210952101212,0.24092615777255347,1.136484182735658,0.023433812514971883,0.8644935125016724,1.4810839223299839,0.7813819907021632,0.001695312698184314,0.7590738422274464,0.8055789047898788,0.7357851965184645,0.0025914773805205894,0.6986653670525309,0.767862409624898,1.6172746402821563,0.006471278696673219,1.5270867068394516,1.7055262718281978,2.0606291540929402,0.010801225250247463,1.9297814049815056,2.21699781985473
41.66947281934956,31622.776601683792,31.622776601683793,31.654384857620265,100,0.33415572688847184,0.0018884607999737671,0.3111553227808578,0.3589034772088985,2.3094811783230575,0.040491858813495825,1.8293787807219766,2.897594131662091,0.665844273111528,0.0018884607999737676,0.6410965227911015,0.6888446772191422,0.6381567183645538,0.002466130878378271,0.6031812209735357,0.6694573222337834,2.0846513985593553,0.008803446928425948,1.9778569058979505,2.2008275221278994,2.5140954940175093,0.013102553270695918,2.3525450684681615,2.702231994411512
41.66947281934956,56234.13251903491,56.23413251903491,56.27009821202985,100,0.481702733190972,0.0018101341034661375,0.45907443002281245,0.505391271870608,5.783452140300543,0.08836605187908256,4.8170578527615975,6.976731614674944,0.518297266809028,0.0018101341034661375,0.494608728129392,0.5409255699771874,0.5028663897744912,0.002179746971359546,0.47382894259217084,0.5280473496572784,2.9168584388390557,0.013100777279516723,2.757322602676953,3.091376804377033,3.3981366489743667,0.018088657405477025,3.1947734039645836,3.6413496723157053
41.66947281934956,100000.0,100.0,100.0396378938192,100,0.6323604833834109,0.0014916800006327126,0.6143502894576478,0.6508182471590378,16.218469560730405,0.22526421313054468,13.604558820481632,19.16523861169709,0.36763951661658906,0.0014916800006327126,0.3491817528409622,0.3856497105423522,0.3596809644837243,0.0017265026691139248,0.3373213480053608,0.38108856172279126,4.3974055567514725,0.020886372727848282,4.154584091906165,4.659281490215128,5.017866682779155,0.027563861596253035,4.688435802800205,5.3778120162908065
41.66947281934956,177827.94100389228,177.82794100389228,177.87029317494694,100,0.7590146700136612,0.0010807147083100588,0.7455135202328099,0.7718715534420308,48.17171222764491,0.6304488455396912,40.911772012589104,56.195913196122916,0.24098532998633881,0.0010807147083100592,0.22812844655796916,0.2544864797671901,0.23704431330666306,0.0012267009272185613,0.2215414805134477,0.2521278744335279,7.030612141333299,0.034844777127482074,6.610466703593347,7.447625267084536,7.926258722640842,0.04479496890565176,7.39623105058419,8.496392326531172
41.66947281934956,316227.7660168379,316.2277660168379,316.27193387088636,100,0.8509231600725689,0.0007118747035571272,0.8424137934723989,0.8593166545321984,147.32469933258827,1.8614442437187424,126.1840062074982,170.49726643902991,0.14907683992743115,0.0007118747035571272,0.14068334546780165,0.15758620652760108,0.1471272402791092,0.0008000834736731496,0.13721293033170318,0.15680773845022755,11.713407641729981,0.05974487519936361,11.023425076918226,12.420101373684023,13.114367578958586,0.07566523122823095,12.233165456726782,14.057454988783183
41.66947281934956,562341.3251903491,562.3413251903492,562.3866274884566,100,0.9112497030804748,0.0004401025414060791,0.9059449908848167,0.9164087581142909,457.49197805886155,5.664198370802626,393.97005101321963,527.0408077987062,0.08875029691952524,0.0004401025414060799,0.08359124188570924,0.09405500911518327,0.08776299962378717,0.0004920757241621572,0.08173945601430267,0.09362873067142342,20.040850814006,0.10407364417689866,18.82915917877198,21.264630966117583,22.349495435479888,0.13069444313943468,20.848678806086784,23.957355641280355
41.66947281934956,1000000.0,1000.0,1000.0459810303681,100,0.9484057785305511,0.00026155918337686433,0.9452236604514329,0.951487675055429,1432.303568767758,17.529243043717475,1234.7532598951045,1647.4713184269974,0.05159422146944884,0.000261559183376865,0.0485123249445711,0.054776339548567,0.0510789970974673,0.0002916317349153059,0.047511495958581264,0.054576110864778,34.849441956573656,0.18293231060517154,32.7026798039316,36.998890479577746,38.77735765972246,0.22862825494955125,36.1390558964197,41.58903253829542
41.66947281934956,1778279.410038923,1778.2794100389228,1778.325786691742,100,0.9704277326732506,0.00015183348801245134,0.9685708130401989,0.9722230770601172,4504.211988439447,54.76456076786286,3885.1485050175406,5184.602403948757,0.029572267326749228,0.00015183348801245058,0.02777692293988268,0.03142918695980116,0.029296355426792674,0.00016903153055277954,0.02720808033422201,0.03133080578587284,61.18329442561033,0.32318241820572485,57.37371887623536,64.99685295131162,67.99363717454968,0.40282545740528786,63.330958831747644,73.00416410978588
41.66947281934956,3162277.660168379,3162.277660168379,3162.3242638902298,100,0.9831889182004119,8.694045445991332e-05,0.9821224899250802,0.9842189712599307,14199.379620034315,172.00563809298248,12252.006455468358,16350.887833067674,0.016811081799588175,8.694045445991269e-05,0.01578102874006924,0.01787751007491967,0.016660598679476037,9.670611979946597e-05,0.01545923850699045,0.01782673747625131,108.01226445923774,0.5725962730743956,101.24574391025273,114.78507413813637,119.9500085103602,0.712621390825536,111.68878110478059,128.87057025424326
41.66947281934956,5623413.251903491,5623.413251903491,5623.459984804915,100,0.99048829703498,4.939345725275079e-05,0.9898814180412913,0.9910741490909097,44824.29652758565,541.8522448820178,38684.911007591625,51627.80714433919,0.009511702965019903,4.939345725275074e-05,0.00892585090909038,0.01011858195870879,0.009428693165711413,5.4915669660098294e-05,0.00874437132309994,0.010091526800348841,191.28727027576875,1.0161294738926143,179.26247634392132,203.32245456020578,212.34389031069222,1.2635390251025307,197.68480026976593,228.21750837173803
41.66947281934956,10000000.0,10000.0,10000.046806022048,100,0.9946327299257303,2.793703138003552e-05,0.9942891563839128,0.9949642949742105,141608.5112653975,1709.8054584465567,122227.30834560405,163122.8020830902,0.005367270074269702,2.793703138003561e-05,0.0050357050257895004,0.00571084361608706,0.005321204299652204,3.105219461443907e-05,0.00493357974491081,0.00569620539971104,339.3735055875363,1.8048586473652464,317.9980329436844,360.7666618365076,376.6465549168212,2.243232346146997,350.61022238979405,404.8846059031594
