sigma,ratio,alpha,lam,kappa,E_gen,E_acc,R2_gen,R2_acc,slope_acc,slope_gen,E_acc_dist,E_acc_dist_se,R2_acc_dist,R2_acc_dist_se,slope_acc_dist,slope_acc_dist_se
1.3177044300762262,0.001,1e-05,1e-08,0.002412214863468124,0.0009317391851786576,0.28022557336017917,0.9990682608148214,-0.2651333608427917,0.47063663390806953,0.9999572791235647,0.2802650126316285,7.2488689988846e-05,-0.26675532557754256,0.0006961522784153208,0.47063566953204095,6.84857761196195e-05
1.3177044300762262,0.001,1.071519305237607e-05,1.071519305237607e-08,0.0024122162044709736,0.0009317386020492657,0.28022528064475843,0.9990682613979507,-0.2651305529014434,0.4706369103868703,0.9999572801849581,0.28026471994355845,7.248866451012694e-05,-0.26675251408487943,0.0006961508066441065,0.4706359459969043,6.84857878208303e-05
1.3177044300762262,0.001,1.1481536214968817e-05,1.1481536214968817e-08,0.002412217641380929,0.0009317379772160952,0.2802249669950051,0.9990682620227839,-0.2651275441480905,0.4706372066389582,0.9999572813222658,0.2802644063231191,7.248863720916506e-05,-0.26674950152630783,0.0006961492296180728,0.470636242234051,6.848580035885815e-05
1.3177044300762262,0.001,1.230268770812381e-05,1.2302687708123811e-08,0.0024122191810571282,0.0009317373076967493,0.2802246309138001,0.9990682626923032,-0.265124320222474,0.47063752407844384,0.999957282540897,0.280264070273319,7.24886079556323e-05,-0.266746273523287,0.0006961475398102766,0.47063655965753226,6.848581379354483e-05
1.3177044300762262,0.001,1.3182567385564074e-05,1.3182567385564074e-08,0.0024122208308492593,0.0009317365902954752,0.28022427079692847,0.9990682634097046,-0.2651208657371975,0.4706378642205995,0.9999572838466826,0.28026371019010166,7.24885766098777e-05,-0.26674281466904376,0.0006961457291555064,0.47063689978253564,6.84858281890112e-05
1.3177044300762262,0.001,1.4125375446227555e-05,1.4125375446227556e-08,0.0024122225986326416,0.0009317358215880357,0.28022388492547695,0.999068264178412,-0.2651171642048369,0.47063822868904015,0.9999572852458664,0.2802633243547083,7.248854302226278e-05,-0.26673910845524246,0.0006961437890119002,0.47063726423260005,6.848584361396266e-05
1.3177044300762262,0.001,1.5135612484362071e-05,1.5135612484362072e-08,0.002412224492845819,0.00093173499790535,0.28022347145760695,0.9990682650020947,-0.2651131979590511,0.47063861922349587,0.9999572867451172,0.2802629109254715,7.248850703244644e-05,-0.2667351371931897,0.000696141710119694,0.47063765474736885,6.8485860142017e-05
1.3177044300762262,0.001,1.62181009735893e-05,1.6218100973589297e-08,0.002412226522530838,0.0009317341153159709,0.28022302841976154,0.999068265884684,-0.2651089480702835,0.47063903768811816,0.9999572883515838,0.2802624679290254,7.248846846861969e-05,-0.2667308819294531,0.0006961394825570538,0.47063807319089307,6.84858778520557e-05
1.3177044300762262,0.001,1.7378008287493764e-05,1.7378008287493763e-08,0.0024122286973764042,0.0009317331696072247,0.2802225536972487,0.9990682668303927,-0.2651043942554743,0.4706394860803758,0.999957290072942,0.2802619932508758,7.248842714668329e-05,-0.26672632235532195,0.0006961370956926701,0.4706385215605407,6.848589682860014e-05
1.3177044300762262,0.001,1.8620871366628657e-05,1.8620871366628656e-08,0.0024122310277641386,0.0009317321562653455,0.2802220450241765,0.9990682678437347,-0.265099514781574,0.4706399665405628,0.9999572919173948,0.2802614846253402,7.248838286937257e-05,-0.26672143671023857,0.0006961345381352173,0.47063900199650005,6.848591716221448e-05
1.3177044300762262,0.001,1.9952623149688786e-05,1.9952623149688786e-08,0.002412233524818116,0.0009317310704537371,0.2802214999726184,0.9990682689295463,-0.26509428636166943,0.4706404813620346,0.9999572938937655,0.2802609396247121,7.248833542531258e-05,-0.26671620167777255,0.0006961317976788877,0.4706395167920172,6.848593894993766e-05
1.3177044300762262,0.001,2.1379620895022323e-05,2.1379620895022322e-08,0.0024122362004579748,0.0009317299069899555,0.2802209159410152,0.99906827009301,-0.2650886840438067,0.47064103300216475,0.9999572960114853,0.2802603556476818,7.248828458800929e-05,-0.2667105922744745,0.0006961288612452122,0.47064006840433587,6.848596229574638e-05
1.3177044300762262,0.001,2.2908676527677746e-05,2.2908676527677746e-08,0.0024122390674558014,0.0009317286603210314,0.2802202901417822,0.999068271339679,-0.26508268109219535,0.47064162409405275,0.9999572982806598,0.2802597299069348,7.248823011476928e-05,-0.2667045817308349,0.0006961257148207416,0.47064065946641354,6.848598731105033e-05
1.3177044300762262,0.001,2.4547089156850286e-05,2.4547089156850285e-08,0.0024122421394971003,0.0009317273244968991,0.280219619588029,0.9990682726755031,-0.26507624885992187,0.47064225745907046,0.9999573007121091,0.28025905941583784,7.248817174553929e-05,-0.26669814136349734,0.0006961223433901516,0.4706412927995006,6.848601411522394e-05
1.3177044300762262,0.001,2.6302679918953814e-05,2.6302679918953814e-08,0.00241224543124611,0.0009317258931421166,0.2802189010792649,0.9990682741068578,-0.26506935665192977,0.4706429361203679,0.9999573033174409,0.2802583409742059,7.248810920166633e-05,-0.26669124043865167,0.0006961187308647342,0.47064197142658837,6.848604283617533e-05
1.3177044300762262,0.001,2.818382931264455e-05,2.8183829312644547e-08,0.0024122489584157926,0.0009317243594253371,0.28021813118613004,0.9990682756405747,-0.2650619715786975,0.4706436633172981,0.999957306109108,0.2802575711530202,7.248804218456505e-05,-0.2666838460253762,0.0006961148600056147,0.47064269858684693,6.848607361095564e-05
1.3177044300762262,0.001,3.0199517204020192e-05,3.0199517204020194e-08,0.0024122527378428386,0.0009317227160268446,0.28021730623410984,0.9990682772839732,-0.2650540584001575,0.47064444252080456,0.9999573091004114,0.28025674627808383,7.24879703742941e-05,-0.2666759228387893,0.0006961107123416543,0.47064347775106896,6.848610658641285e-05
1.3177044300762262,0.001,3.235936569296281e-05,3.235936569296281e-08,0.0024122567875680223,0.0009317209551035278,0.280216422285903,0.9990682790448965,-0.2650455793567412,0.47064527745007984,0.9999573123056452,0.2802558624124779,7.24878934280259e-05,-0.2666674330717065,0.0006961062680813127,0.47064431263824597,6.848614191989141e-05
1.3177044300762262,0.001,3.467368504525317e-05,3.467368504525317e-08,0.002412261126922305,0.0009317190682515923,0.2802154751227243,0.9990682809317484,-0.2650364939902201,0.4706461720902319,0.999957315740107,0.2802549153378017,7.248781097841197e-05,-0.2666583362146373,0.0006961015060184256,0.47064520723329417,6.848617977998179e-05
1.3177044300762262,0.001,3.715352290971728e-05,3.715352290971728e-08,0.002412265776619103,0.0009317170464663856,0.2802144602241107,0.9990682829535336,-0.265026758950226,0.470647130711365,0.9999573194201871,0.2802539005340329,7.248772263182674e-05,-0.26664858886256754,0.0006960964034310525,0.47064616580608476,6.84862203473243e-05
1.3177044300762262,0.001,3.9810717055349695e-05,3.9810717055349696e-08,0.0024122707588531455,0.0009317148800994915,0.28021337274644464,0.9990682851199005,-0.2650163277885065,0.4706481578888719,0.999957323363437,0.28025281315797657,7.248762796648803e-05,-0.2666381445082117,0.0006960909359732439,0.4706471929318084,6.848626381546918e-05
1.3177044300762262,0.001,4.265795188015926e-05,4.265795188015926e-08,0.0024122760974063977,0.0009317125588127722,0.2802122074997515,0.9990682874411873,-0.2650051507366429,0.4706492585253597,0.999957327588689,0.28025164802017205,7.248752653044414e-05,-0.2666269533204892,0.0006960850775590826,0.4706482935127973,6.848631039179925e-05
1.3177044300762262,0.001,4.5708818961487516e-05,4.570881896148752e-08,0.002412281817761568,0.0009317100715290201,0.2802109589230536,0.999068289928471,-0.2649931744700036,0.47065043787393795,0.9999573321161068,0.2802503995601352,7.248741783941331e-05,-0.26661496190707584,0.0006960788002383692,0.4706494728019209,6.848636029851667e-05
1.3177044300762262,0.001,4.897788193684456e-05,4.897788193684456e-08,0.0024122879472237243,0.0009317074063791622,0.28020962105775704,0.9990682925936208,-0.2649803418528365,0.47065170156336855,0.9999573369672986,0.28024906181984466,7.248730137447185e-05,-0.26660211306011583,0.0006960720740635095,0.4706507364276422,6.8486413773702e-05
1.3177044300762262,0.001,5.248074602497723e-05,5.248074602497723e-08,0.002412294515050604,0.0009317045506456955,0.28020818751928916,0.9990682954493543,-0.2649665916666839,0.4706530556248679,0.9999573421653939,0.2802476284153328,7.248717657957506e-05,-0.2665883454838068,0.0006960648669469041,0.4706520904208655,6.848647107244717e-05
1.3177044300762262,0.001,5.623413251903491e-05,5.6234132519034905e-08,0.002412301552592243,0.0009317014907021049,0.280206651466683,0.9990682985092979,-0.2649518583191415,0.4706545065208517,0.9999573477352403,0.2802460925062513,7.248704285890238e-05,-0.26657359350259713,0.0006960571445081929,0.4706535412436996,6.848653246807017e-05
1.3177044300762262,0.001,6.0255958607435806e-05,6.025595860743581e-08,0.002412309093440591,0.0009316982119478086,0.2802050055698928,0.9990683017880522,-0.2649360715309492,0.4706560611758241,0.999957353703388,0.2802444467632453,7.24868995740087e-05,-0.2665577867483991,0.0006960488699105021,0.4706550958202942,6.848659825341551e-05
1.3177044300762262,0.001,6.456542290346549e-05,6.456542290346549e-08,0.0024123171735898072,0.0009316946987387526,0.28020324197489194,0.9990683053012612,-0.264919156001892,0.470657727009365,0.9999573600983515,0.2802426833330353,7.248674604077795e-05,-0.266540849825899,0.0006960400036852446,0.470656761569842,6.848666874224782e-05
1.3177044300762262,0.001,6.918309709189363e-05,6.918309709189362e-08,0.0024123258316080423,0.0009316909343127098,0.2802013522662543,0.9990683090656873,-0.2649010310526789,0.4706595119714965,0.9999573669506039,0.28024079380095945,7.248658152615184e-05,-0.26652270195356054,0.0006960305035441756,0.470658546441985,6.84867442707448e-05
1.3177044300762262,0.001,7.413102413009176e-05,7.413102413009177e-08,0.0024123351088214725,0.0009316869007095686,0.28019932742699866,0.9990683130992905,-0.2648816102406766,0.47066142458063887,0.999957374292863,0.28023876915088985,7.248640524463e-05,-0.2665032565795303,0.0006960203241783224,0.47066045895470365,6.848682519909555e-05
1.3177044300762262,0.001,7.943282347242822e-05,7.943282347242822e-08,0.002412345049511507,0.0009316825786856135,0.2801971577956323,0.9990683174213144,-0.2648608009489166,0.470663473964216,0.9999573821601739,0.2802365997222392,7.24862163545144e-05,-0.2664824209697382,0.0006960094170423469,0.4706625082349587,6.84869119132137e-05
1.3177044300762262,0.001,8.51138038202376e-05,8.511380382023759e-08,0.0024123557011260883,0.0009316779476220588,0.28019483302014037,0.9990683220523779,-0.2648385039459724,0.4706656699021493,0.9999573905900703,0.28023427516395344,7.248601395389033e-05,-0.26646009576720264,0.0006959977301238437,0.4706647040621843,6.848700482657149e-05
1.3177044300762262,0.001,9.120108393559096e-05,9.120108393559096e-08,0.0024123671145060885,0.0009316729854267728,0.28019234200863347,0.9990683270145733,-0.26481461291396036,0.4706680228735151,0.9999573996227734,0.28023178438518026,7.248579707631548e-05,-0.2664361745195911,0.0006959852076960127,0.4706670569149272,6.848710438216491e-05
1.3177044300762262,0.001,9.772372209558111e-05,9.772372209558111e-08,0.002412379344127903,0.0009316676684291076,0.28018967287651536,0.9990683323315709,-0.26478901394336396,0.47067054410649384,0.999957409301394,0.28022911550243557,7.24855646862012e-05,-0.26641054317335,0.0006959717900528266,0.4706695780207996,6.848721105461784e-05
1.3177044300762262,0.001,0.00010471285480508996,1.0471285480508996e-07,0.0024123924483633644,0.0009316619712671903,0.2801868128898788,0.9990683380287328,-0.26476158499193647,0.47067324563188867,0.9999574196720886,0.2802262557829954,7.248531567386291e-05,-0.2663830795318288,0.0006959574132253532,0.470672279410004,6.848732535243623e-05
1.3177044300762262,0.001,0.0001122018454301963,1.122018454301963e-07,0.0024124064897582476,0.0009316558667673702,0.2801837484048613,0.9990683441332326,-0.2647321953051005,0.47067614034047045,0.9999574307843688,0.2802231915842793,7.248504885021887e-05,-0.2663536526751662,0.0006959420086780605,0.4706751739726536,6.848744782042183e-05
1.3177044300762262,0.001,0.00012022644346174131,1.2022644346174132e-07,0.00241242153533067,0.0009316493258146892,0.2801804648026727,0.9990683506741853,-0.26470070479518193,0.47067924204441713,0.9999574426912236,0.2802199082888541,7.248476294110201e-05,-0.26632212233844316,0.0006959255029832606,0.4706782755202377,6.848757904225755e-05
1.3177044300762262,0.001,0.00012882495516931337,1.2882495516931338e-07,0.0024124376568908207,0.0009316423172146543,0.28017694642000857,0.9990683576827853,-0.26466696337671825,0.47068256554312465,0.9999574554494665,0.2802163902348843,7.24844565811737e-05,-0.26628833824644954,0.0006959078174728547,0.47068159885140015,6.848771964327558e-05
1.3177044300762262,0.001,0.00013803842646028838,1.380384264602884e-07,0.002412454931383538,0.0009316348075446858,0.28017317647449214,0.9990683651924553,-0.2646308102545216,0.4706861266937242,0.9999574691199784,0.2802126206415535,7.248412830739256e-05,-0.2662521394005809,0.0006958888678650012,0.4706851598224789,6.848787029342261e-05
1.3177044300762262,0.001,0.00014791083881682073,1.4791083881682074e-07,0.002412473441255355,0.0009316267609953186,0.2801691369848125,0.9990683732390047,-0.26459207316133604,0.47068994248662493,0.9999574837679349,0.2802085815292247,7.248377655202089e-05,-0.2662133533156787,0.0006958685638645844,0.4706889754230307,6.848803171043389e-05
1.3177044300762262,0.001,0.00015848931924611142,1.584893192461114e-07,0.002412493274847786,0.0009316181391999625,0.280164808685151,0.9990683818608,-0.2645505675412767,0.4706940311264656,0.99995749946324,0.2802042536338912,7.248339963512717e-05,-0.2661717952025813,0.0006958468087352542,0.47069306385676446,6.848820466323289e-05
1.3177044300762262,0.001,0.00016982436524617443,1.6982436524617443e-07,0.002412514526818698,0.0009316089010526304,0.2801601709335869,0.9990683910989474,-0.2645060956761265,0.4706984121187742,0.9999575162807566,0.28019961631554835,7.248299575655195e-05,-0.2661272670929252,0.0006958234988412341,0.47069744462823476,6.84883899755707e-05
1.3177044300762262,0.001,0.00018197008586099826,1.8197008586099827e-07,0.002412537298593796,0.0009315990025126358,0.28015520161389434,0.9990684009974874,-0.264458445749,0.4707031063628898,0.99995753430068,0.280194647460034,7.248256298729657e-05,-0.2660795569019436,0.0006957985231566587,0.47070213863572763,6.848858852992308e-05
1.3177044300762262,0.001,0.00019498445997580456,1.9498445997580455e-07,0.0024125616988503466,0.0009315883963955483,0.28014987703041666,0.9990684116036045,-0.26440739084242626,0.4707081362514472,0.9999575536089705,0.2801893233739059,7.248209926029604e-05,-0.26602843742522503,0.0006957717627403399,0.4707071682707462,6.848880127166198e-05
1.3177044300762262,0.001,0.00020892961308540387,2.0892961308540387e-07,0.0024125878440354664,0.0009315770321492312,0.28014417179545126,0.9990684229678508,-0.26435268786556043,0.47071352577696524,0.9999575742977028,0.2801836186718321,7.248160236052894e-05,-0.2659736652645129,0.0006957430901733761,0.47071255752459906,6.848902921352181e-05
1.3177044300762262,0.001,0.00022387211385683378,2.2387211385683377e-07,0.002412615858921409,0.0009315648556139222,0.28013805870863806,0.999068435144386,-0.26429407640579416,0.4707193006460201,0.9999575964655273,0.2801775061559687,7.248106991441615e-05,-0.26591497967766214,0.0006957123689570464,0.4707183321025869,6.848927344038034e-05
1.3177044300762262,0.001,0.000239883291901949,2.39883291901949e-07,0.0024126458772005324,0.0009315518087654754,0.28013150862771496,0.9990684481912345,-0.2642312774988296,0.4707254884016093,0.9999576202181554,0.2801709566867929,7.248049937846184e-05,-0.26585210134778603,0.0006956794528683956,0.4707245195462998,6.848953511437545e-05
1.3177044300762262,0.001,0.0002570395782768865,2.570395782768865e-07,0.002412678042122727,0.0009315378294402909,0.28012449033021664,0.9990684621705597,-0.2641639923133414,0.47073211855411384,0.9999576456688317,0.28016393904474657,7.247988802707693e-05,-0.265784731065596,0.0006956441852703639,0.47073114936463634,6.848981548038229e-05
1.3177044300762262,0.001,0.0002754228703338166,2.7542287033381663e-07,0.0024127125071782924,0.0009315228510408242,0.2801169703652839,0.9990684771489592,-0.2640919007424456,0.47073922272164936,0.9999576729389072,0.2801564197820809,7.247923293952984e-05,-0.2657125483193001,0.0006956063983735085,0.4707382531741284,6.849011587187402e-05
1.3177044300762262,0.001,0.0002951209226666384,2.951209226666384e-07,0.002412749436829837,0.000931506802220142,0.2801089128949085,0.9990684931977799,-0.2640146598957538,0.47074683478045354,0.9999577021583768,0.2801483630641345,7.247853098595485e-05,-0.2656352097849316,0.0006955659124455852,0.47074586484930164,6.849043771719543e-05
1.3177044300762262,0.001,0.00031622776601683794,3.162277660168379e-07,0.0024127890072960893,0.0009314896065443793,0.2801002795240422,0.9990685103934556,-0.2639319024868121,0.4707549910258556,0.9999577334665046,0.28013973049943697,7.247777881236248e-05,-0.2655523477115449,0.0006955225349660817,0.47075402068365846,6.849078254627372e-05
1.3177044300762262,0.001,0.00033884415613920273,3.3884415613920274e-07,0.0024128314073922266,0.0009314711821310223,0.2800910291185125,0.999068528817869,-0.2638432351061266,0.47076373034483693,0.9999577670125231,0.28013048095764315,7.247697282455995e-05,-0.2654635681920661,0.0006954760597208607,0.47076275956222813,6.849115199780241e-05
1.3177044300762262,0.001,0.0003630780547701014,3.630780547701014e-07,0.002412876839427745,0.0009314514412627596,0.28008111761057325,0.9990685485587373,-0.26374823637845934,0.47077309440035725,0.9999578029562892,0.28012057037511234,7.247610917096249e-05,-0.2653684493183708,0.000695426265836183,0.47077212314587313,6.849154782690591e-05
1.3177044300762262,0.001,0.00038904514499428044,3.8904514499428043e-07,0.0024129255201734805,0.0009314302899718757,0.2800704977896032,0.9990685697100281,-0.2636464549810169,0.4707831278298063,0.999957841469102,0.28010995154562096,7.247518372407161e-05,-0.2652665391969119,0.0006953729167396949,0.4707821560697364,6.849197191338244e-05
1.3177044300762262,0.001,0.0004168693834703355,4.168693834703355e-07,0.0024129776818923865,0.0009314076275976806,0.280059119079152,0.9990685923724023,-0.2635374075344947,0.4707938784564638,0.9999578827344312,0.2800985738974257,7.247419206071996e-05,-0.26515735383706707,0.0006953157590547594,0.47079290615469327,6.849242627047406e-05
1.3177044300762262,0.001,0.00044668359215096305,4.4668359215096306e-07,0.002413033573446483,0.000931383346311666,0.2800469272976609,0.9990686166536883,-0.2634205763419173,0.4708053975165082,0.9999579269488635,0.28008638325401003,7.247312944084449e-05,-0.2650403748871524,0.0006952545214149989,0.47080442463434624,6.849291305426789e-05
1.3177044300762262,0.001,0.00047863009232263805,4.786300923226381e-07,0.0024130934614822065,0.0009313573306094133,0.2800338644023975,0.9990686426693905,-0.2632954069714999,0.4708177399020281,0.9999579743229877,0.28007332157804504,7.247199078473879e-05,-0.26491504721425896,0.0006951889131970414,0.470816766398021,6.849343457374421e-05
1.3177044300762262,0.001,0.0005128613839913648,5.128613839913648e-07,0.002413157631700255,0.0009313294567670237,0.2800198682153852,0.999068670543233,-0.2631613056725821,0.4708309644212115,0.9999580250824184,0.28005932669733236,7.24707706486702e-05,-0.26478077631680225,0.0006951186231656466,0.4708299902509539,6.849399330151711e-05
1.3177044300762262,0.001,0.0005495408738576248,5.495408738576248e-07,0.002413226390216044,0.0009312995922593177,0.28000487212996833,0.9990687004077407,-0.26301763661244104,0.47084513407701867,0.9999580794688554,0.28004433201141427,7.246946319873539e-05,-0.26463692555801444,0.0006950433180250413,0.4708441591929344,6.849459188531658e-05
1.3177044300762262,0.001,0.0005888436553555889,5.888436553555889e-07,0.002413300065016609,0.00093126759513749,0.2799888047968781,0.9990687324048625,-0.2628637189240699,0.47086031636544384,0.9999581377412019,0.28002826617764853,7.246806218283872e-05,-0.26448281320980294,0.0006949626408709121,0.4708593407165703,6.849523316025385e-05
1.3177044300762262,0.001,0.000630957344480193,6.30957344480193e-07,0.0024133790075224816,0.0009312333133628605,0.27997158978797265,0.9990687666866371,-0.26269882354853524,0.47087658359511947,0.9999582001768298,0.2800110527749887,7.246656090062813e-05,-0.26431770929120835,0.0006948762095348062,0.47087560712686666,6.849592016193699e-05
1.3177044300762262,0.001,0.0006760829753919819,6.760829753919819e-07,0.002413463594259344,0.0009311965840948736,0.2799531452367021,0.9990688034159051,-0.2625221698640736,0.4708940132291999,0.999958267072853,0.2799926099445024,7.246495217128815e-05,-0.26414083219342666,0.0006947836148167158,0.4708930358830743,6.849665614046825e-05
1.3177044300762262,0.001,0.0007244359600749898,7.244359600749898e-07,0.0024135542286496596,0.0009311572329288819,0.2799333834532166,0.9990688427670711,-0.26233292208341963,0.4709126882515357,0.9999583387475381,0.2799728500044655,7.246322829898479e-05,-0.2639513450721239,0.0006946844185957392,0.4709117099648914,6.849744457540178e-05
1.3177044300762262,0.001,0.0007762471166286912,7.762471166286911e-07,0.002413651342931559,0.0009311150730812828,0.2799122105125318,0.9990688849269187,-0.26213018540586286,0.47093269755868317,0.9999584155418119,0.2799516790386185,7.246138103581891e-05,-0.2637483519951406,0.0006945781518125806,0.47093171826440294,6.849828919171121e-05
1.3177044300762262,0.001,0.0008317637711026709,8.317637711026709e-07,0.00241375540021426,0.0009310699045181888,0.2798895258140286,0.9990689300954818,-0.26191300190941535,0.4709541363794359,0.9999584978208568,0.2799289964556675,7.24594015421006e-05,-0.26353089382908246,0.0006944643123152395,0.4709531560056286,6.849919397683485e-05
1.3177044300762262,0.001,0.0008912509381337459,8.912509381337459e-07,0.002413866896679696,0.0009310215130236409,0.27986522161016497,0.9990689784869764,-0.26168034616493574,0.47097710672394805,0.9999585859758263,0.2799046945180487,7.245728034374168e-05,-0.26329794384800775,0.0006943423625590532,0.47097612519361465,6.850016319886391e-05
1.3177044300762262,0.001,0.0009549925860214359,9.549925860214358e-07,0.002413986363940679,0.0009309696692037601,0.27983918250240597,0.9990690303307962,-0.2614311205556177,0.47100171786440936,0.9999586804256911,0.2798786578379333,7.245500728656555e-05,-0.26304840304728694,0.0006942117271522547,0.47100073509505613,6.850120142594727e-05
1.3177044300762262,0.001,0.0010232929922807535,1.0232929922807535e-06,0.0024141143715666635,0.000930914127422133,0.27981128490220675,0.9990690858725779,-0.26116415028399853,0.4710280868493992,0.9999587816191936,0.2798507628381976,7.245257148729704e-05,-0.2627810951436875,0.0006940717902370528,0.4710271027526857,6.850231354698453e-05
1.3177044300762262,0.001,0.0010964781961431851,1.096478196143185e-06,0.002414251529788925,0.0009308546246625175,0.27978139645456446,0.9990691453753375,-0.2608781780459062,0.47105633905437105,0.9999588900369777,0.2798208771760925,7.244996128100012e-05,-0.26249476124324755,0.0006939218926966039,0.4710553535356671,6.850350479368601e-05
1.3177044300762262,0.001,0.001174897554939529,1.1748975549395291e-06,0.0024143984923978437,0.0009307908793132279,0.2797493754217582,0.9990692091206868,-0.2605718583523837,0.47108660877062475,0.9999590061937723,0.2797888591269933,7.244716416468614e-05,-0.26218805415556634,0.0006937613291766061,0.47108562172858226,6.850478076408206e-05
1.3177044300762262,0.001,0.0012589254117941675,1.2589254117941674e-06,0.002414555959845759,0.0009307225898692161,0.2797150700246011,0.9990692774101307,-0.2602437514781959,0.47111903983542663,0.9999591306408456,0.27975455692573675,7.244416673682817e-05,-0.2618595323349305,0.000693589344911271,0.47111805116149563,6.850614744756411e-05
1.3177044300762262,0.001,0.0013489628825916532,1.348962882591653e-06,0.002414724682569953,0.0009306494335455431,0.27967831773836693,0.9990693505664544,-0.25989231701471205,0.4711537863061069,0.9999592639685889,0.27971780806259516,7.244095463246188e-05,-0.2615076534248897,0.0006934051323413564,0.4711527958840329,6.850761125154726e-05
1.3177044300762262,0.001,0.001445439770745928,1.445439770745928e-06,0.0024149054645511508,0.0009305710647973184,0.27963894454046667,0.9990694289352027,-0.25951590700476235,0.4711910131810668,0.999959406809242,0.27967843853101193,7.243751245355704e-05,-0.2611307673843761,0.000693207827512758,0.47119002088636086,6.850917902984386e-05
1.3177044300762262,0.001,0.0015488166189124811,1.548816618912481e-06,0.002415099167124135,0.0009304871137397257,0.27959676410663764,0.9990695128862602,-0.2591127586349371,0.4712308971709508,0.9999595598398147,0.27963626202389513,7.243382369430222e-05,-0.26072710917108055,0.0006929965062428827,0.47122990287028954,6.851085811284308e-05
1.3177044300762262,0.001,0.0016595869074375598,1.6595869074375599e-06,0.002415306713058113,0.0009303971844622283,0.2795515769524588,0.9990696028155378,-0.25868098646216486,0.4712736275232161,0.9999597237852451,0.27959107907517444,7.242987066092749e-05,-0.2602947909578914,0.0006927701800420802,0.4712726310738343,6.851265633959229e-05
1.3177044300762262,0.001,0.0017782794100389228,1.7782794100389227e-06,0.0024155290909257444,0.000930300853230107,0.27950316951652393,0.9990696991467699,-0.2582185741478846,0.47131940690382446,0.9999598994217795,0.2795426761430747,7.24256343856542e-05,-0.25983179385681254,0.000692527791776658,0.47131840815284604,6.851458209187899e-05
1.3177044300762262,0.001,0.0019054607179632462,1.9054607179632462e-06,0.0024157673597810002,0.0009301976665667038,0.2794513131816863,0.9990698023334333,-0.25772336567509346,0.47136845233973573,0.9999600875804807,0.27949082463142905,7.242109453433556e-05,-0.2593359591247551,0.0006922682110599935,0.47136745112347506,6.851664433041313e-05
1.3177044300762262,0.001,0.0020417379446695297,2.04173794466953e-06,0.0024160226541674107,0.0009300871392089663,0.2793957632303506,0.999069912860791,-0.2571930560207425,0.4714209962263441,0.999960289151169,0.2794352798450905,7.241622930731134e-05,-0.25880497882442766,0.0006919902293576312,0.4714199923695313,6.851885263321177e-05
1.3177044300762262,0.001,0.002187761623949552,2.187761623949552e-06,0.0024162961894797228,0.0009299687519289354,0.27933625772985926,0.999070031248071,-0.256625181258181,0.4714772874039761,0.9999605050864124,0.27937577987536083,7.241101533296921e-05,-0.2582363859137763,0.0006916925547923496,0.47147628071898134,6.852121723628617e-05
1.3177044300762262,0.001,0.0023442288153199225,2.3442288153199226e-06,0.002416589267703533,0.0009298419492132632,0.27927251634343875,0.9990701580507867,-0.25601710806058775,0.47153759230817677,0.9999607364059308,0.27931204441110535,7.240542755346142e-05,-0.25762754373679053,0.0006913738066348501,0.4715365825941163,6.852374907673268e-05
1.3177044300762262,0.001,0.0025118864315095794,2.5118864315095793e-06,0.0024169032835591503,0.000929706136792503,0.2792042390624,0.9990702938632074,-0.255366022580503,0.47160219619835664,0.9999609842012611,0.27924377347100915,7.239943910198026e-05,-0.2569756348884962,0.000691032509465676,0.4716011832401901,6.85264598383254e-05
1.3177044300762262,0.001,0.002691534803926914,2.6915348039269138e-06,0.0024172397310776536,0.000929560679012014,0.27913110485471,0.9990704393209879,-0.25466891867735586,0.47167140446999284,0.9999612496407259,0.27917064605228314,7.23930211709586e-05,-0.2562776494278134,0.0006906670869944398,0.47167038803753925,6.852936199970519e-05
1.3177044300762262,0.001,0.0028840315031266055,2.8840315031266055e-06,0.0024176002106390355,0.0009294048960354555,0.2790527702250291,0.9990705951039646,-0.25392258546727464,0.4717455440556804,0.9999615339747241,0.27909231869082535,7.238614287049729e-05,-0.25553037241168863,0.0006902758555222236,0.4717445239025641,6.853246888525492e-05
1.3177044300762262,0.001,0.003090295432513589,3.090295432513589e-06,0.0024179864365042494,0.0009292380608719353,0.27896886768106866,0.999070761939128,-0.2531235941701131,0.47182496492065373,0.9999618385413909,0.27900842392769865,7.237877107627612e-05,-0.2547303707254478,0.0006898570170338369,0.47182394078318773,6.853579471874352e-05
1.3177044300762262,0.001,0.003311311214825911,3.311311214825911e-06,0.002418400244875134,0.0009290593962179488,0.2788790041009454,0.9990709406037821,-0.25226828423025704,0.47191004165867206,0.9999621647726451,0.27891856867662157,7.237087026614558e-05,-0.2538739791861072,0.0006894086519074933,0.47190901325466417,6.853935467980895e-05
1.3177044300762262,0.001,0.0035481338923357532,3.5481338923357534e-06,0.002418843602518419,0.000928868071104215,0.2787827589959501,0.9990711319288957,-0.25135274868909363,0.4720011751945369,0.9999625142005903,0.27882233248684685,7.236240234452292e-05,-0.25295728589609134,0.0006889287112298305,0.4720001422220478,6.854316496334394e-05
1.3177044300762262,0.001,0.0038018939632056127,3.801893963205613e-06,0.0024193186159923476,0.0009286631973382628,0.2786796826629311,0.9990713368026617,-0.2503728187892258,0.4720987945998502,0.9999628884643454,0.27871926569577476,7.235332645365608e-05,-0.2519761168287936,0.0006884150087062152,0.4720977567357899,6.854724284182467e-05
1.3177044300762262,0.001,0.004073802778041126,4.0738027780411255e-06,0.0024198275415159365,0.0009284438257336091,0.2785692942209159,0.9990715561742664,-0.24932404779930795,0.47220335902838867,0.9999632893173734,0.2786088874656404,7.23435987707588e-05,-0.25092601963216316,0.0006878652121587417,0.47220231592711054,6.855160673059845e-05
1.3177044300762262,0.001,0.004365158322401657,4.365158322401657e-06,0.002420372795529097,0.0009282089421138968,0.27845107952464354,0.9990717910578861,-0.24820169403534087,0.47231535977949524,0.9999637186352013,0.2784906836972643,7.233317228982962e-05,-0.24980224662910708,0.0006872768346004002,0.4723143110712441,6.85562762561693e-05
1.3177044300762262,0.001,0.004677351412871981,4.677351412871981e-06,0.0024209569659806723,0.0009279574630868041,0.27832448895121414,0.9990720425369132,-0.247000703093883,0.47243532249475406,0.9999641784236659,0.27836410481682994,7.232199658714899e-05,-0.24859973702790084,0.0006866472248918321,0.4724342677840564,6.856127232736809e-05
1.3177044300762262,0.001,0.005011872336272719,5.011872336272719e-06,0.0024215828244049586,0.0009276882315735968,0.27818893505105424,0.9990723117684264,-0.24571568927195298,0.472563809498197,0.9999646708276945,0.2782285634270739,7.231001756895626e-05,-0.2473130983191261,0.0006859735579678478,0.472562748362102,6.856661720943751e-05
1.3177044300762262,0.001,0.005370317963702527,5.370317963702527e-06,0.0024222533388314413,0.0009274000120890312,0.27804379005889773,0.999072599987911,-0.24434091619887877,0.47270142228629347,0.9999651981405995,0.27808343181841305,7.22971772000668e-05,-0.2459365868827488,0.0006852528246454328,0.4727003542725414,6.857233460085282e-05
1.3177044300762262,0.001,0.005754399373371567,5.754399373371567e-06,0.0024229716875865163,0.0009270914857618507,0.2778883832578094,0.9990729085142381,-0.24287027668857308,0.4728488041768193,0.9999657628139839,0.2779280393331773,7.228341321186921e-05,-0.24446408781519083,0.0006844818210177142,0.47284772880187825,6.857844971274527e-05
1.3177044300762262,0.001,0.006165950018614822,6.165950018614822e-06,0.0024237412740459106,0.0009267612450886542,0.27772199819041976,0.9990732387549114,-0.24129727184121208,0.4730066431249634,0.9999663674682495,0.2777616695770281,7.226865878808682e-05,-0.24288909400455622,0.0006836571374478047,0.4730055598719582,6.858498935069786e-05
1.3177044300762262,0.001,0.006606934480075957,6.606934480075958e-06,0.0024245657424006007,0.0009264077884145481,0.2775438697114609,0.9990735922115854,-0.23961498943327597,0.4731756747155073,0.9999670149036586,0.2775835574717094,7.225284222654854e-05,-0.24120468449359253,0.0006827751471823615,0.4731745830320121,6.859198199862159e-05
1.3177044300762262,0.001,0.00707945784384138,7.07945784384138e-06,0.0024254489945027663,0.0009260295141349507,0.27735318087604793,0.9990739704858651,-0.23781608165025414,0.4733566853400227,0.9999677081121633,0.27739288614352914,7.22358865750635e-05,-0.2394035021843099,0.0006818319946120323,0.47335558463572724,6.859945790433236e-05
1.3177044300762262,0.001,0.007585775750291836,7.585775750291836e-06,0.002426395207862309,0.0009256247146149152,0.27714905965854003,0.9990743752853851,-0.23589274223325574,0.4735505155681696,0.9999684502899222,0.2771887836424346,7.221770923935093e-05,-0.23747773095586885,0.0006808235832151355,0.4735494052124091,6.860744916635242e-05
1.3177044300762262,0.001,0.008128305161640988,8.128305161640988e-06,0.0024274088548685052,0.0009251915698235473,0.27693057549731687,0.9990748084301765,-0.23383668313013595,0.4737580637222867,0.9999692448504249,0.27697031948699347,7.219822156079764e-05,-0.23541907228628273,0.0006797455632306308,0.47375694304143573,6.861598982134478e-05
1.3177044300762262,0.001,0.008709635899560805,8.709635899560804e-06,0.0024284947233157088,0.0009247281406838414,0.2766967356615127,0.9990752718593161,-0.23163911076458898,0.473980289664434,0.9999700954384546,0.2767365010313564,7.217732836164855e-05,-0.2332187214918306,0.0006785933191185333,0.47397915793914114,6.862511593145808e-05
1.3177044300762262,0.001,0.009332543007969905,9.332543007969904e-06,0.002429657938316395,0.0009242323621404733,0.2764464814366313,0.9990757676378595,-0.22929070206266755,0.4742182188049577,0.9999710059448061,0.27648626965107154,7.215492745503454e-05,-0.23086734372335088,0.0006773619568789306,0.47421707526724266,6.863486567070569e-05
1.3177044300762262,0.001,0.01,1e-05,0.0024309039856894956,0.0009237020359516905,0.27617868412702434,0.9990762979640483,-0.22678158040548957,0.47447294634146153,0.9999719805218037,0.27621849674577487,7.213090911704616e-05,-0.22835504988881558,0.0006760462913163985,0.47447179017165425,6.864527940932664e-05
1.3177044300762262,0.001,0.01071519305237606,1.071519305237606e-05,0.0024322387369167158,0.0009231348232145238,0.2758921408744829,0.9990768651767855,-0.2241012917098415,0.474745641736803,0.9999730235996331,0.2759319795579969,7.210515551783285e-05,-0.22567137270406612,0.0006746408333533535,0.4747444720603131,6.865639979487471e-05
1.3177044300762262,0.001,0.01148153621496883,1.1481536214968829e-05,0.002433668475764401,0.0009225282366375866,0.27558557029391395,0.9990774717633624,-0.22123878087723403,0.47503755344414017,0.9999741399034822,0.275625436809024,7.207754010848954e-05,-0.22280524311232097,0.0006731397775159274,0.4750363693280748,6.866827182855157e-05
1.3177044300762262,0.001,0.012302687708123811,1.230268770812381e-05,0.0024351999266736144,0.0009218796325801781,0.27525760792885157,0.9990781203674198,-0.2181823688930271,0.475350013886542,0.9999753344715773,0.27529750415456317,7.204792696023341e-05,-0.21974496735443874,0.0006715369897372781,0.4753488143361854,6.86809429350339e-05
1.3177044300762262,0.001,0.013182567385564075,1.3182567385564074e-05,0.0024368402850264413,0.0009211862028824372,0.274906801531708,0.9990788137971176,-0.21491973090332528,0.4756844446979395,0.9999766126741173,0.27494672946522714,7.20161700521253e-05,-0.2164782050191453,0.0006698259956476955,0.4756832286530026,6.869446302375049e-05
1.3177044300762262,0.001,0.01412537544622754,1.412537544622754e-05,0.0024385972493999168,0.0009204449665187011,0.2745316061770845,0.9990795550334813,-0.21143787565658978,0.4760423622304142,0.9999779802330067,0.2745715679398987,7.19821125033511e-05,-0.2129919484582895,0.0006679999695497223,0.47604112856120456,6.870888453920686e-05
1.3177044300762262,0.001,0.015135612484362071,1.5135612484362071e-05,0.00244047905593062,0.0009196527611110899,0.2741303792177002,0.9990803472388889,-0.2077231267370372,0.47642538333328244,0.9999794432424904,0.27417037706181036,7.19455857456843e-05,-0.20927250399737934,0.0006660517242998086,0.47642413083667545,6.872426249762546e-05
1.3177044300762262,0.001,0.0162181009735893,1.62181009735893e-05,0.0024424945149065596,0.0009188062343542544,0.27370137509909853,0.9990811937656457,-0.20376110610765696,0.4768352314049631,0.9999810081907625,0.2737414114133524,7.190640863169944e-05,-0.20530547545860406,0.000663973702363127,0.47683395880019286,6.87406545066397e-05
1.3177044300762262,0.001,0.017378008287493744,1.7378008287493744e-05,0.0024446530497218787,0.0009179018354059035,0.27324274005052596,0.9990820981645941,-0.19953672052182325,0.4772737427194555,0.9999826819822173,0.2732828173668965,7.186438647375552e-05,-0.20107575055509147,0.0006617579683294761,0.47727244864384055,6.875812076440642e-05
1.3177044300762262,0.001,0.018620871366628676,1.8620871366628678e-05,0.0024469647383258773,0.000916935806313299,0.27275250667597095,0.9990830641936868,-0.19503415145297232,0.47774287302520135,0.9999844719608333,0.2727926276758653,7.181931000868199e-05,-0.19656749080906175,0.0006593962032269107,0.47774155602967916,6.877672403388193e-05
1.3177044300762262,0.001,0.01995262314968879,1.995262314968879e-05,0.0024494403573070197,0.0009159041735559586,0.27222858847447245,0.9990840958264441,-0.1902368492673565,0.47824470441166345,0.9999863859340191,0.2722687559949199,7.177095428274568e-05,-0.19176412571769064,0.0006568797010064845,0.47824336295623476,6.879652958743633e-05
1.3177044300762262,0.001,0.021379620895022326,2.1379620895022326e-05,0.0024520914287572484,0.0009148027397993541,0.2716687743250242,0.9990851972602006,-0.18512753244809588,0.47878145243571374,0.9999884321975689,0.27170899136469273,7.171907745125032e-05,-0.1866483519769955,0.0006541993676162642,0.4787800848847856,6.881760511630449e-05
1.3177044300762262,0.001,0.022908676527677724,2.2908676527677725e-05,0.002454930270067045,0.0009136270759692456,0.2710707229787119,0.9990863729240308,-0.17968819276826742,0.47935547349586793,0.9999906195610132,0.27111099270364075,7.166341948689874e-05,-0.18120213866217716,0.000651345723128392,0.47935407811354047,6.8840020598637e-05
1.3177044300762262,0.001,0.024547089156850284,2.4547089156850282e-05,0.002457970046806807,0.0009123725137725942,0.2704319576086991,0.9990876274862274,-0.17390010740086903,0.47996927243796533,0.9999929573738177,0.2704722833576472,7.160370079086913e-05,-0.17540673935378184,0.0006483089074300275,0.4799678473832837,6.886384811910405e-05
1.3177044300762262,0.001,0.026302679918953815,2.6302679918953814e-05,0.0024612248288547953,0.0009110341388098082,0.26974986047795535,0.9990889658611902,-0.1677438590478273,0.48062551037045015,0.9999954555519632,0.269790245767226,7.153962070046005e-05,-0.16924271229301396,0.0006450786900377022,0.48062405369267025,6.888916163212064e-05
1.3177044300762262,0.001,0.028183829312644522,2.818382931264452e-05,0.0024647096499367097,0.0009096067844417318,0.2690216677945817,0.9990903932155583,-0.1611993652605883,0.48132701266155986,0.9999981246050629,0.26906211632219434,7.147085588711683e-05,-0.16268994974052778,0.000641644484641753,0.48132552229545517,6.891603665980664e-05
1.3177044300762262,0.001,0.03019951720402016,3.019951720402016e-05,0.0024684405707460235,0.0009080850265964224,0.2682444648361323,0.9990919149734035,-0.15424591821642641,0.48207677708357943,1.0000009756636825,0.26828498048511606,7.139705863875174e-05,-0.15572771780375377,0.000637995369034562,0.48207525084489494,6.89445499147607e-05
1.3177044300762262,0.001,0.03235936569296281,3.2359365692962816e-05,0.0024724347458183337,0.0009064631797227007,0.26741518143658477,0.9990935368202774,-0.1468622362958807,0.48287798206169485,1.0000040205068566,0.2674557682772404,7.131785502049312e-05,-0.14833470808076543,0.0006341201111194104,0.48287641764277095,6.897477883662747e-05
1.3177044300762262,0.001,0.034673685045253165,3.467368504525317e-05,0.0024767104943365552,0.0009047352941208709,0.2665305879435075,0.9990952647058792,-0.13902652888204559,0.48373399497593533,1.0000072715895774,0.2665712502343861,7.123284290841152e-05,-0.14048910254257305,0.0006300072017351799,0.48373238994160384,6.900680103027424e-05
1.3177044300762262,0.001,0.03715352290971724,3.715352290971724e-05,0.002481287375047054,0.000902895154905661,0.2655872917679463,0.9990971048450943,-0.13071657586195617,0.48464838045471675,1.000010742070035,0.2656280339552407,7.114158989141592e-05,-0.13216865313578163,0.0006256448950635008,0.484646732238604,6.90406935921741e-05
1.3177044300762262,0.001,0.03981071705534969,3.9810717055349695e-05,0.002486186265469679,0.0009009362828806015,0.26458173466552914,0.9990990637171194,-0.12190982334818345,0.48562490858758606,1.0000144458363693,0.264622561380659,7.104363103742318e-05,-0.1233507776266788,0.0006210212574055422,0.4856232144888598,6.907653231033993e-05
1.3177044300762262,0.001,0.04265795188015926,4.265795188015926e-05,0.00249142944558716,0.0008988519376289622,0.2635101909051592,0.999101148062371,-0.11258349715691551,0.4866675629719478,1.0000183975328047,0.2635511069600851,7.093846652118832e-05,-0.11401267322316427,0.0006161242251241128,0.48666582015276216,6.911439072188252e-05
1.3177044300762262,0.001,0.04570881896148747,4.570881896148747e-05,0.0024970406862015204,0.0008966351231500161,0.2623687664996405,0.99910336487685,-0.1027147355553013,0.48778054849543195,1.0000226125847842,0.26240977687964095,7.082555911285023e-05,-0.10413144949126155,0.0006109416725371499,0.48777875397911186,6.915433901100451e-05
1.3177044300762262,0.001,0.04897788193684461,4.897788193684461e-05,0.002503045342147052,0.0008942785963936914,0.26115339969265844,0.9991057214036063,-0.09228074273638254,0.48896829874003084,1.0000271072227307,0.2611945095460536,7.0704331528452e-05,-0.09368428202460904,0.0006054614905193614,0.4889664494102617,6.919644272903107e-05
1.3177044300762262,0.001,0.05248074602497723,5.248074602497723e-05,0.0025094704505514175,0.0008917748790673767,0.25985986291641383,0.9991082251209327,-0.08125896436769553,0.49023548287820795,1.0000318985044,0.2599010775407666,7.057416364646069e-05,-0.08264858821545507,0.0005996716765129416,0.4902335754794297,6.924076131695915e-05
1.3177044300762262,0.001,0.056234132519034905,5.623413251903491e-05,0.002516344834334929,0.0008891162731090517,0.2584837664558535,0.9991108837268909,-0.06962728639953863,0.4915870119127035,1.0000370043351083,0.2585250912801158,7.043438959787525e-05,-0.07100222631458142,0.0005935604365663258,0.4915850430519492,6.928734641001525e-05
1.3177044300762262,0.001,0.060255958607435746,6.0255958607435745e-05,0.0025236992111560756,0.000886294880228849,0.2570205640731142,0.9991137051197712,-0.05736425805619705,0.493028044096013,1.0000424434858535,0.2570620046351362,7.028429474148557e-05,-0.05872371870452215,0.0005871162998852826,0.4930260102464627,6.933623990307034e-05
1.3177044300762262,0.001,0.06456542290346556,6.456542290346556e-05,0.0025315663079706267,0.000883302625947646,0.2554655608751952,0.9991166973740524,-0.04444933969470122,0.49456398933673595,1.0000482356086005,0.25550712279389215,7.012311254198953e-05,-0.045792500070950676,0.000580328246259363,0.4945618868433609,6.938747175502168e-05
1.3177044300762262,0.001,0.06918309709189363,6.918309709189363e-05,0.002539980981444855,0.000880131288535644,0.2538139237132673,0.9991198687114644,-0.030863175695502676,0.4962005123928099,1.0000544012487362,0.25385561265474893,6.995002137357116e-05,-0.03218919063730287,0.0005731858464593952,0.49619833748045855,6.944105751068213e-05
1.3177044300762262,0.001,0.07413102413009169,7.41310241300917e-05,0.002548980344395908,0.000876772533277164,0.2520606944346086,0.9991232274667229,-0.016587892178025365,0.49794353461526997,1.0000609618539473,0.25210251607158435,6.976414128058923e-05,-0.017895894255781714,0.0005656794155133225,0.4979412833995315,6.949699551870728e-05
1.3177044300762262,0.001,0.07943282347242814,7.943282347242814e-05,0.0025586038984852133,0.000873217952452492,0.2502008063143593,0.9991267820475475,-0.0016074186599017715,0.4997992339926304,1.0000679397794785,0.25024276627781006,6.956453073497393e-05,-0.002896520470140004,0.0005578001784200895,0.49979690249412617,6.955526382554315e-05
1.3177044300762262,0.001,0.08511380382023759,8.511380382023758e-05,0.0025688936733800805,0.0008694591114083905,0.24822910400944148,0.9991305408885917,0.014092167894471763,0.5017740432199046,1.000075358289315,0.24827120783186052,6.935018344075269e-05,0.012822871003181621,0.0005495404475199212,0.5017716273823605,6.961581672719133e-05
1.3177044300762262,0.001,0.09120108393559097,9.120108393559096e-05,0.002579894372615403,0.00086548760104493,0.24614036738342915,0.9991345123989551,0.030522279002008768,0.5038746454942772,1.0000832415529433,0.24618262043257402,6.912002524803054e-05,0.02927370574721983,0.0005408938103210371,0.5038721412071017,6.967858096355209e-05
1.3177044300762262,0.001,0.09772372209558101,9.772372209558101e-05,0.002591653526403194,0.0008612950969901368,0.24392933955125312,0.9991387049030098,0.047691433844960884,0.5061079677183958,1.000091614637669,0.24397174695350887,6.887291125247308e-05,0.04646451335193769,0.0005318553261178163,0.5061053708443701,6.974345154421429e-05
1.3177044300762262,0.001,0.10471285480508985,0.00010471285480508985,0.0026042216516419096,0.000856873425666265,0.2415907594885289,0.9991431265743337,0.06560486596685355,0.5084811707690855,1.0001005034960262,0.2416333260409266,6.860762317213996e-05,0.06440053361871595,0.0005224217292353943,0.5084784771778745,6.981028719995574e-05
1.3177044300762262,0.001,0.1122018454301963,0.0001122018454301963,0.002617652419457353,0.0008522146373412225,0.23911939952329073,0.9991477853626588,0.08426412289057272,0.5110016364819912,1.0001099349487248,0.2391621295931414,6.832286710958208e-05,0.0830833156797029,0.0005125916361443464,0.510998842090348,6.987890546159677e-05
1.3177044300762262,0.001,0.12022644346174131,0.00012022644346174131,0.0026320028305355826,0.0008473110861862694,0.2365101080187689,0.9991526889138137,0.10366666504672029,0.5136769509690406,1.00011993666248,0.23655300543001362,6.801727182815918e-05,0.1025103164273582,0.000502365753192732,0.5136740517885323,6.994907737618233e-05
1.3177044300762262,0.001,0.12882495516931322,0.00012882495516931323,0.002647333398671186,0.0008421555171884366,0.23375785749094805,0.9991578444828115,0.12380547172185619,0.5165148838992579,1.0001305371237739,0.2338009253963097,6.768938768923232e-05,0.12267450597416538,0.0004917470810244288,0.5165118760924969,7.002052188207454e-05
1.3177044300762262,0.001,0.13803842646028838,0.00013803842646028838,0.002663708342913785,0.0008367411596516971,0.2308577983637618,0.9991632588403483,0.14466866272672996,0.5195233633528454,1.0001417656080775,0.23090103910197124,6.733768642018469e-05,0.1435639888529383,0.000480741111249992,0.5195202432991849,7.009289987721916e-05
1.3177044300762262,0.001,0.1479108388168207,0.0001479108388168207,0.002681195788794915,0.0008310618268421471,0.22780531848208863,0.9991689381731579,0.1662391455865505,0.522710445869503,1.0001536521457686,0.22784873341945422,6.696056190438249e-05,0.16516165077317913,0.0004693560103724295,0.5227072102413827,7.016580803065626e-05
1.3177044300762262,0.001,0.1584893192461114,0.0001584893192461114,0.002699867979180577,0.0008251120211570842,0.2245961084089522,0.9991748879788429,0.18849429895609393,0.5260842813231954,1.0001662274849805,0.22463969776494397,6.65563322062762e-05,0.18744484164826408,0.0004576027855125712,0.5260809271741764,7.023877240542188e-05
1.3177044300762262,0.001,0.16982436524617425,0.00016982436524617424,0.0027198014953794944,0.0008188870440068149,0.22122623241699932,0.9991811129559932,0.21140570367244382,0.5296530722785581,1.0001795230526274,0.22126999507362086,6.612324306570048e-05,0.21038510632168791,0.0004454954261155326,0.5296495971443038,7.031124198171128e-05
1.3177044300762262,0.001,0.18197008586099825,0.00018197008586099824,0.0027410774892353343,0.0008123831094012873,0.21769220494484381,0.9991876168905988,0.23493893330061366,0.5334250275198595,1.0001935709146164,0.2177361382400867,6.565947311410569e-05,0.23394797486112898,0.0004330510155953691,0.5334214295331666,7.03825821924428e-05
1.3177044300762262,0.001,0.19498445997580455,0.00019498445997580456,0.002763781927044194,0.0008055974600357474,0.21399107212652477,0.9991944025399643,0.2590534161232164,0.5374083094925669,1.000208403736749,0.21403517163242872,6.516314108045431e-05,0.25809282438766246,0.0004202898068242242,0.537404587513765,7.04520686090255e-05
1.3177044300762262,0.001,0.2089296130854041,0.0002089296130854041,0.00278800584626666,0.0007985284844775929,0.21012049781574027,0.9992014715155224,0.28370238021585203,0.5416109754632641,1.0002240547478454,0.2101647571023622,6.463231526409107e-05,0.2827728240943857,0.00040723525552997976,0.5416071292270068,7.051888094285971e-05
1.3177044300762262,0.001,0.22387211385683378,0.00022387211385683378,0.002813845626147811,0.0007911758338793963,0.20607885331839573,0.9992088241661206,0.3088328924629036,0.5460409122857042,1.0002405577070057,0.20612326370542988,6.406502555402856e-05,0.30793497432366856,0.00039391400606284953,0.5460369425653027,7.058209755739146e-05
1.3177044300762262,0.001,0.239883291901949,0.000239883291901949,0.0028414032735181163,0.0007835405364889976,0.20186530981787715,0.999216459463511,0.33438600106884564,0.5507057647622472,1.0002579468770962,0.20190986011651996,6.345927826648932e-05,0.3335202492688814,0.0003803558246494131,0.5507016735524497,7.064069071566902e-05
1.3177044300762262,0.001,0.25703957827688645,0.0002570395782768865,0.002870786725217058,0.0007756251081070825,0.19747993223305516,0.9992243748918929,0.3602969892680833,0.5556128577095697,1.0002762570063786,0.1975246084814824,6.281307405285202e-05,0.35946385101318457,0.0003665934761877385,0.5556086484285855,7.069352281831823e-05
1.3177044300762262,0.001,0.27542287033381635,0.00027542287033381635,0.0029021101688191035,0.0007674336565509513,0.19292377298502114,0.999232566343449,0.3864957455872595,0.5607691119866214,1.0002955233212383,0.19296855818190378,6.212442909449861e-05,0.3856955802647523,0.00035266254182243794,0.5607647896977971,7.073934391553016e-05
1.3177044300762262,0.001,0.2951209226666384,0.0002951209226666384,0.0029354943833870073,0.0007589719781958429,0.18819896391099503,0.9992410280218041,0.41290725296973285,0.5661809548775031,1.0003157815315882,0.1882438377523995,6.139139975256706e-05,0.4121403261011297,0.0003386011760764457,0.5661765265308556,7.077679080204612e-05
1.3177044300762262,0.001,0.31622776601683794,0.00031622776601683794,0.002971067102487075,0.0007502476446182556,0.18330880426401952,0.9992497523553817,0.4394521959681619,0.5718542254511677,1.0003370678523096,0.18335374289016207,6.061211076256957e-05,0.4387186739269122,0.00032444980387315254,0.5718497001445262,7.080438802555142e-05
1.3177044300762262,0.001,0.3388441561392027,0.00033884415613920273,0.0030089634015952878,0.0007412700775490387,0.1782578425454954,0.999258729922451,0.4660476812119311,0.5777940756627219,1.000359419042353,0.17830281830505418,5.978478697794544e-05,0.4653476268444008,0.00031025075980297995,0.5777894649215973,7.082055115238862e-05
1.3177044300762262,0.001,0.363078054770101,0.000363078054770101,0.003049326112487987,0.0007320506104483748,0.17305194967166,0.9992679493895517,0.49260806262611656,0.5840048682115859,1.0003828724644912,0.17309693091231082,5.890778854570829e-05,0.491941431903754,0.00029604787385675163,0.5840001862864694,7.08235926398679e-05
1.3177044300762262,0.001,0.3890451449942805,0.0003890451449942805,0.003092306267361337,0.0007226025352746664,0.16769838081907099,0.9992773974647253,0.5190458588172264,0.5904900723803256,1.0004074661673164,0.16774333171417816,5.797964926058025e-05,0.5184124986307522,0.00028188600989064084,0.5904853365591662,7.081173065763753e-05
1.3177044300762262,0.001,0.4168693834703355,0.00041686938347033545,0.0031380635756744924,0.0007129411333225833,0.16220582318275684,0.9992870588666775,0.5452727461978228,0.5972521593071456,1.0004332389917439,0.16225070360490157,5.6999117683474254e-05,0.5446723933846042,0.000267810565013859,0.5972473902401815,7.078310117990124e-05
1.3177044300762262,0.001,0.44668359215096254,0.00044668359215096256,0.003186766937041005,0.0007030836893566984,0.15658442683453708,0.9992969163106433,0.5712006079559502,0.6042924983848081,1.0004602307033958,0.15662919228747532,5.596520042917364e-05,0.5706328896260101,0.000253866939826668,0.6042877204178314,7.073577363301038e-05
1.3177044300762262,0.001,0.47863009232263803,0.00047863009232263805,0.0032385949934498532,0.0006930494887523779,0.15084581595814683,0.9993069505112476,0.5967426158361218,0.611611256653663,1.0004884821522457,0.15089041757916294,5.48772068410215e-05,0.5962070510341204,0.00024009999101404203,0.6116064981649284,7.06677703274208e-05
1.3177044300762262,0.001,0.5128613839913648,0.0005128613839913648,0.0032937367249389346,0.000682859797699152,0.14500307782740557,0.9993171402023009,0.6218143197762944,0.6192073033428745,1.0005180354600474,0.14504746247209618,5.373479405735702e-05,0.6213103224860881,0.0002265534787519759,0.6192025970778714,7.057708982652455e-05
1.3177044300762262,0.001,0.5495408738576248,0.0005495408738576249,0.003352392092318196,0.0006725378271778085,0.1390707272612004,0.9993274621728222,0.6463347186574591,0.6270781217718644,1.0005489342362974,0.13911483768242483,5.253801129258112e-05,0.6458616021226713,0.0002132695222970527,0.6270735051690285,7.046173430838472e-05
1.3177044300762262,0.001,0.5888436553555884,0.0005888436553555884,0.0034147727314253165,0.0006621086817975555,0.13306464461671005,0.9993378913182025,0.6702272854152994,0.6352197310479772,1.0005812238220557,0.13310841974837895,5.128734195704487e-05,0.6697842677172439,0.0002002880771262352,0.6352152465475738,7.03197408576458e-05
1.3177044300762262,0.001,0.630957344480193,0.000630957344480193,0.0034811027032915897,0.0006515992951532416,0.12700198595480286,0.9993484007048468,0.6934209202871275,0.643626620025004,1.0006149515614597,0.12704536130964386,4.998374208881108e-05,0.6930071310893957,0.00018764644675011826,0.6436223153524449,7.014921648710299e-05
1.3177044300762262,0.001,0.6760829753919819,0.000676082975391982,0.003551619304943591,0.0006410383538185439,0.12090106465730416,0.9993589616461814,0.7158508078149349,0.6522916960190566,1.0006501670996346,0.12094397284553601,4.862867345032888e-05,0.7154652961543518,0.0001753788414132213,0.6522876244330643,6.99483765329869e-05
1.3177044300762262,0.001,0.7244359600749891,0.0007244359600749891,0.0036265739457887348,0.0006304562125314228,0.11478120455238557,0.9993695437874686,0.737459156021556,0.6612062507182496,1.0006869227054582,0.1148235759251596,4.722412958137221e-05,0.7371008989997505,0.00016351599451982636,0.6612024712138476,6.971558589959741e-05
1.3177044300762262,0.001,0.7762471166286912,0.0007762471166286912,0.0037062330947770852,0.0006198848035076334,0.10866256547569875,0.9993801151964924,0.7581957998816915,0.6703599455835217,1.0007252736174348,0.10870432889351442,4.5772653107335684e-05,0.7578637120902144,0.0001520848458015476,0.6703565230395405,6.944940245315005e-05
1.3177044300762262,0.001,0.8317637711026709,0.0008317637711026709,0.003790879303783591,0.0006093575431286789,0.10256594313640872,0.9993906424568714,0.7780186556361917,0.6797408188101257,1.000765278410357,0.10260702685853387,4.427734269186217e-05,0.7777115991319428,0.00014110829806584827,0.6797378240708205,6.91486216889021e-05
1.3177044300762262,0.001,0.8912509381337459,0.0008912509381337459,0.0038808123129336785,0.0005989092394797476,0.09651254613282186,0.9994010907605203,0.7968940174309298,0.6893353156008526,1.000806999380458,0.09655287881881969,4.274184820350601e-05,0.7966108120694064,0.0001306050519388996,0.6893328254819067,6.881232162845442e-05
1.3177044300762262,0.001,0.9549925860214349,0.0009549925860214349,0.0039763502437493384,0.0005885760043748868,0.0905237539387916,0.9994114239956251,0.8147966929259403,0.6991283430783292,1.0008505029461792,0.09056326574831752,4.117035294469412e-05,0.814536126855748,0.00012058952048024169,0.6991264402882107,6.843990675594155e-05
1.3177044300762262,0.001,1.0232929922807537,0.0010232929922807537,0.004077830886779238,0.0005783951735158121,0.08462086056437543,0.9994216048264842,0.8317099798025359,0.7091033507164866,1.0008958600622684,0.08465948433608708,3.956754215346252e-05,0.8314708199278851,0.00011107182294419872,0.7091021236857454,6.803114968010307e-05
1.3177044300762262,0.001,1.096478196143185,0.0010964781961431851,0.0041856130896459525,0.0005684052385296649,0.07882480946890245,0.9994315947614704,0.8476254898299931,0.7192424364885205,1.0009431466441252,0.07886248195451626,3.7938557461730906e-05,0.8474064920558583,0.00010205785465018399,0.7192419791012535,6.758622913261201e-05
1.3177044300762262,0.001,1.174897554939528,0.001174897554939528,0.004300078253284838,0.0005586457943764527,0.07315592586130067,0.9994413542056235,0.8625428318998083,0.7295264784469639,1.0009924440001172,0.0731925889862304,3.628893749453413e-05,0.8623427509889305,9.354942756904782e-05,0.7295268896712463,6.710576287542897e-05
1.3177044300762262,0.001,1.2589254117941662,0.0012589254117941662,0.00442163194321457,0.000549157505608723,0.06763365305544636,0.9994508424943913,0.8764691689773173,0.739935290638183,1.0010438392689855,0.06766925517390457,3.462454538858665e-05,0.8762867678662667,8.554447450308031e-05,0.7399366740549354,6.659083412018396e-05
1.3177044300762262,0.001,1.3489628825916533,0.0013489628825916534,0.0045507056239010284,0.0005399820946766428,0.062276299705850406,0.9994600179053234,0.8894186670615705,0.7504478016409184,1.0010974258604235,0.06231079681574346,3.2951484584875777e-05,0.889252725505195,7.803730817161703e-05,0.7504502648739064,6.604301014756567e-05
1.3177044300762262,0.001,1.4454397707459279,0.001445439770745928,0.004687758524505277,0.0005311623552613389,0.05710080470372868,0.9994688376447387,0.9014118562961162,0.7610422533088147,1.001153303896398,0.057134161585644765,3.127600482705447e-05,0.9012611787338877,7.101892549101003e-05,0.7610459073617466,6.546435196964127e-05
1.3177044300762262,0.001,1.5488166189124795,0.0015488166189124794,0.004833279644897907,0.0005227421933566448,0.05212252616679372,0.9994772578066433,0.9124749255635308,0.7716964166580084,1.0012115806514774,0.052154717411806564,2.960440081660858e-05,0.9123383481272258,6.447734672601683e-05,0.7717013751683461,6.485741409730939e-05
1.3177044300762262,0.001,1.6595869074375598,0.0016595869074375598,0.004987789911427231,0.0005147666985571895,0.04735506033288491,0.9994852333014428,0.9226389721817806,0.7823878212670878,1.0012723709903004,0.04738607122622986,2.7942906407085833e-05,0.9225153687896714,5.839797901550995e-05,0.7823941996893979,6.422523375583235e-05
1.3177044300762262,0.001,1.7782794100389228,0.0017782794100389228,0.005151844492595236,0.0005072822477606745,0.0428100952862756,0.9994927177522394,0.9319392277765193,0.7930939940787711,1.00133579780091,0.04283992251773613,2.6297587529988544e-05,0.9318275152849192,5.276399400016527e-05,0.7931019088139912,6.357130922537924e-05
1.3177044300762262,0.001,1.9054607179632443,0.0019054607179632443,0.005326035285502001,0.0005003366432661748,0.0384973033425719,0.9994996633567338,0.9404142801383654,0.8037927031362699,1.0014019924225137,0.038525955520165356,2.467423720839804e-05,0.9403134225446916,4.755670985222859e-05,0.8038022706256286,6.289956735900607e-05
1.3177044300762262,0.001,2.0417379446695274,0.0020417379446695276,0.005510993584941953,0.0004939792870507529,0.0344242746407065,0.9995060207129493,0.9481053090294457,0.8144622015849425,1.0014710950664563,0.03445177259095859,2.3078276011601722e-05,0.9480143207429805,4.275596885617782e-05,0.8144735373899978,6.221432073142792e-05
1.3177044300762262,0.001,2.1877616239495516,0.0021877616239495516,0.005707392946996405,0.00048826139289131213,0.030596493132008674,0.9995117386071087,0.9550553515699186,0.8250814671568256,1.0015432552291954,0.0306228699781627,2.1514661141001667e-05,0.9549732997849874,3.834050278055068e-05,0.8250946850484342,6.152021528581396e-05
1.3177044300762262,0.001,2.344228815319923,0.002344228815319923,0.005915952262017349,0.0004832362378251696,0.027017354694541477,0.9995167637621748,0.9613086103411115,0.8356304325778598,1.0016186320965688,0.027042655712601466,1.998780698374157e-05,0.961234616563214,3.4288279431638324e-05,0.8356456436576465,6.082216973766764e-05
1.3177044300762262,0.001,2.511886431509577,0.002511886431509577,0.006137439049842709,0.00047895945450482103,0.02368822579268438,0.9995210405454952,0.9669098144835795,0.8460902024149067,1.0016973949374652,0.023712508053824723,1.8501519515288883e-05,0.9668430552715782,3.0576825138543037e-05,0.846107514292932,6.0125308374993846e-05
1.3177044300762262,0.001,2.691534803926914,0.002691534803926914,0.006372672994074955,0.000475489365908433,0.02060853976676898,0.9995245106340915,0.9719036414539651,0.8564432524512728,1.0017797234862698,0.020631871583057987,1.7058946306947074e-05,0.9718433484506381,2.718351912872237e-05,0.8564627685024989,5.9434889200710446e-05
1.3177044300762262,0.001,2.8840315031266055,0.0028840315031266055,0.0066225297317136075,0.00047288736398703595,0.01777592677435315,0.999527112636013,0.9763342043975904,0.8666736081101977,1.0018658083120544,0.017798386972252535,1.566254322902732e-05,0.9762796637270572,2.4085857042095615e-05,0.8666954268307018,5.875622961722952e-05
1.3177044300762262,0.001,3.090295432513592,0.0030902954325135916,0.006887944916299741,0.00047121833391545337,0.015186372506782122,0.9995287816660845,0.9802446076820208,0.8767669991163807,1.0019558511728632,0.015208049559261019,1.4314058219253487e-05,0.9801951587957701,2.1261681977229922e-05,0.8767912135976698,5.8094632011798056e-05
1.3177044300762262,0.001,3.3113112148259076,0.0033113112148259074,0.007169918573995353,0.0004705511257671132,0.012834400174211575,0.9995294488742329,0.98367657095871,0.8867109882900748,1.002050065352994,0.012855391227130624,1.3014531784795069e-05,0.9836316050126811,1.8689382520804992e-05,0.8867376858267825,5.7455311662530545e-05
1.3177044300762262,0.001,3.5481338923357533,0.0035481338923357532,0.007469519773476437,0.00047095907561806055,0.010713269888086742,0.9995290409243819,0.9866701202544912,0.8964950731216782,1.0021486759803624,0.010733679719670406,1.1764313271565731e-05,0.9866290780980724,1.6348058152105317e-05,0.896524334964166,5.684332933717187e-05
1.3177044300762262,0.001,3.8018939632056123,0.0038018939632056123,0.0077878916320746295,0.0004725205782976032,0.008815189474561213,0.9995274794217024,0.9892633430603526,0.9061107595378405,1.0022519203210627,0.00883512942810592,1.0563091426567845e-05,0.98922571291483,1.4217653253101442e-05,0.9061426607973082,5.626353079630478e-05
1.3177044300762262,0.001,4.073802778041122,0.004073802778041122,0.008126256682265721,0.00047531971423210134,0.007131530909356488,0.9995246802857679,0.9914922031859851,0.9155516080120143,1.0023600480472685,0.007151117838938585,9.409937473690056e-06,0.9914575180851538,1.2279061735908182e-05,0.9155862177215508,5.5720495142701154e-05
1.3177044300762262,0.001,4.365158322401657,0.004365158322401657,0.008485922624379345,0.000479446933063612,0.005653046944921726,0.9995205530669364,0.9933904102731588,0.9248132528638077,1.0024733214742954,0.005672402211872091,8.303358940604234e-06,0.9933582453329826,1.0514205126882392e-05,0.9248506341947583,5.5218493588570575e-05
1.3177044300762262,0.001,4.677351412871981,0.004677351412871981,0.008868288493300892,0.00048499979695419855,0.004370083064844442,0.9995150002030458,0.9949893382856955,0.9338933962085145,1.0025920157616026,0.004389331619427327,7.241363057921302e-06,0.9949593078633272,8.9060880607558e-06,0.9339336068375944,5.476145975961143e-05
1.3177044300762262,0.001,5.011872336272725,0.005011872336272725,0.009274851268962263,0.0004920837866962315,0.0032727806024174457,0.9995079162133038,0.9963179869865832,0.9427917785417389,1.0027164190723237,0.0032920501807840712,6.221530297963942e-06,0.9962897417821251,7.438837140167137e-06,0.9428348711605408,5.4352972142960625e-05
1.3177044300762262,0.001,5.370317963702521,0.005370317963702522,0.009707212962580192,0.0005008131739244874,0.0023512676516314578,0.9994991868260755,0.9974029803364297,0.9515101283603322,1.0028468326847577,0.002370688112965545,5.241103206065632e-06,0.9973762044838308,6.097733680964236e-06,0.9515561513160294,5.399624874507828e-05
1.3177044300762262,0.001,5.754399373371567,0.005754399373371567,0.010167088212910269,0.0005113119628508333,0.001595835231745558,0.9994886880371492,0.9982685958628976,0.9600520935248722,1.002983571048743,0.0016155380550875469,4.297108474667701e-06,0.9982430040494342,4.869263305385535e-06,0.9601010915779407,5.369415348872036e-05
1.3177044300762262,0.001,6.165950018614822,0.006165950018614822,0.01065631242925075,0.0005237149049996024,0.0009970969975766975,0.9994762850950004,0.9989368193183036,0.9684231572576247,1.0031269617789365,0.0010172149522799595,3.386571361552181e-06,0.9989121539655013,3.7412454516560224e-06,0.9684751724401849,5.344921337984569e-05
1.3177044300762262,0.001,6.60693448007595,0.00660693448007595,0.011176850520565253,0.000538168590392102,0.0005461315789963966,0.9994618314096079,0.9994274193250325,0.9766305417479053,1.0032773455767405,0.0005667985774314589,2.5070445034094964e-06,0.9994034478577905,2.703264970491976e-06,0.9766856143051645,5.326364504766269e-05
1.3177044300762262,0.001,7.079457843841373,0.0070794578438413735,0.011730806252907896,0.0005548326184908324,0.00023460735469916241,0.9994451673815091,0.9997580371717933,0.984683102314791,1.003435076071214,0.0002559584910446002,1.6585533496631257e-06,0.9997345493968132,1.7484844258111918e-06,0.9847412717103301,5.313938893060749e-05
1.3177044300762262,0.001,7.585775750291836,0.007585775750291836,0.01232043228034301,0.0005738808519461361,5.4890095726894e-05,0.9994261191480539,0.9999442874375427,0.9925912149628368,1.0036005195695095,7.706187043232351e-05,8.562207786898553e-07,0.9999210930472322,8.857722432221952e-07,0.9926525209284668,5.307814916610414e-05
1.3177044300762262,0.001,8.128305161640995,0.008128305161640995,0.01294814089776781,0.0005955027557660986,1.344395400305998e-07,0.9994044972442339,0.999999865658993,1.0003666599787686,1.0037740547063814,2.3265165597637235e-05,3.615187885276633e-07,0.999976791872654,3.5995772064683845e-07,1.0004311435892006,5.308143715069061e-05
1.3177044300762262,0.001,8.709635899560796,0.008709635899560796,0.013616515567484654,0.0006199048239294617,6.436056991571668e-05,0.9993800951760705,0.9999366598006961,1.0080225039679465,1.0039560719820932,8.859095437000885e-05,9.340474464575594e-07,0.999913549151134,9.021278077419049e-07,1.0080902087209318,5.315061676710473e-05
1.3177044300762262,0.001,9.332543007969905,0.009332543007969905,0.01432832327506229,0.0006473120946574193,0.0002425177819857559,0.9993526879053426,0.9997648628173923,1.015572982437085,1.0041469731779518,0.00026799167418451174,1.7080593634368908e-06,0.9997415710880385,1.620436918813607e-06,1.015643955320084,5.32869494141768e-05
1.3177044300762262,0.001,10.0,0.01,0.01508652777407933,0.0006779697545316745,0.0005305368111565728,0.9993220302454683,0.9994930841040782,1.023033384709082,1.0043471706383715,0.0005574021080367507,2.5010343131812944e-06,0.9994694784192849,2.3255940485083212e-06,1.0231076772345822,5.349163720412843e-05
1.3177044300762262,0.001,10.715193052376048,0.010715193052376048,0.015894303781914584,0.0007121448302922437,0.0009253729081712405,0.9992878551697078,0.9991284581021147,1.0304199426063108,1.0045570864088225,0.0009537826062627523,3.302394139421109e-06,0.9991044151714301,3.0081649535199034e-06,1.0304976117981455,5.376586298486599e-05
1.3177044300762262,0.001,11.481536214968816,0.011481536214968816,0.016755052200200054,0.00075012796588163,0.0014250416670205039,0.9992498720341184,0.9986767487595274,1.0377497240654883,1.0047771512206118,0.0014551550508098432,4.113578081403991e-06,0.9986521532754024,3.6704466876008184e-06,1.0378308333805029,5.41108261789091e-05
1.3177044300762262,0.001,12.30268770812381,0.012302687708123811,0.01767241642251757,0.0007922352797935835,0.0020286495566716927,0.9992077647202064,0.9981424489407115,1.0450405323755358,1.0050078033106362,0.0020606335132374158,4.938432551852646e-06,0.9981171921282336,4.3165786547345395e-06,1.0451251525451104,5.452777376996902e-05
1.3177044300762262,0.001,13.182567385564074,0.013182567385564073,0.018650299819295165,0.0008388102965710967,0.0027364210133232008,0.9991611897034289,0.9975288742178037,1.0523108116293678,1.0052494870710302,0.002770451463769452,5.781651405067521e-06,0.9975028525345713,4.950975710629904e-06,1.0523990214069157,5.5018026110094854e-05
1.3177044300762262,0.001,14.125375446227526,0.014125375446227526,0.0196928844755868,0.00089022594303015,0.0035497237931773635,0.9991097740569699,0.9968382507876602,1.0595795585178118,1.0055026515200858,0.00358598723209559,6.6483865747008685e-06,0.9968113647717776,5.577951532285275e-06,1.0596714453192821,5.558299752103546e-05
1.3177044300762262,0.001,15.135612484362072,0.015135612484362073,0.02080465127437992,0.0009468865975175092,0.004471094112060374,0.9990531134024825,0.9960717975147771,1.0668662404510705,1.0057677485905951,0.004509789247001081,7.544135941185886e-06,0.9960439507791008,6.201615946761013e-06,1.0669619008765217,5.622421193371591e-05
1.3177044300762262,0.001,16.218100973589298,0.0162181009735893,0.02199040142088471,0.0010092301773685093,0.005504262897150121,0.9989907698226315,0.9952298023229622,1.0741907197508564,1.006045231233447,0.00554560238075256,8.474718760205056e-06,0.9952009006940878,6.825852977730211e-06,1.0742902599761237,5.694331402717411e-05
1.3177044300762262,0.001,17.378008287493763,0.017378008287493762,0.02325527951055619,0.0010777302465266212,0.00665418426479797,0.9989222697534734,0.9943116933414762,1.0815731834906421,1.006335551336984,0.00669839651276196,9.446285036026988e-06,0.9942816441424367,7.454325481210741e-06,1.0816767195192418,5.774207649541583e-05
1.3177044300762262,0.001,18.620871366628656,0.018620871366628655,0.024604798250881917,0.001152898121884437,0.00792706712204148,0.9988471018781155,0.9933161053588279,1.0890340784309103,1.0066391574661686,0.007974398210422408,1.04653404643286e-05,0.9932848168350521,8.090488143768209e-06,1.0891417361972724,5.862240418587138e-05
1.3177044300762262,0.001,19.952623149688787,0.01995262314968879,0.026044864954774125,0.0012352849533953645,0.009330410573570633,0.9987647150466047,0.9922409422514076,1.0965940504046219,1.0069564924292074,0.00938112620887728,1.153877971395169e-05,0.9922083231400851,8.737601924285707e-06,1.0967059657205729,5.958633591884045e-05
1.3177044300762262,0.001,21.379620895022324,0.021379620895022326,0.027581809931769636,0.0013254837494733368,0.010873043604517343,0.9986745162505266,0.9910834361366717,1.104273887452791,1.0072879906831178,0.010927431159885988,1.267392491513918e-05,0.9910493953801467,9.398747148948844e-06,1.1043902057906807,6.0636044817081456e-05
1.3177044300762262,0.001,22.9086765276777,0.0229086765276777,0.02922241691220991,0.0014241313157463205,0.012565169305656208,0.9985758686842536,0.9898402040530226,1.1120944659903254,1.0076340755943298,0.012623539915730965,1.3878567926372442e-05,0.9898046506572853,1.0076834162536225e-05,1.1122153420969703,6.177383795274557e-05
1.3177044300762262,0.001,24.547089156850284,0.024547089156850284,0.030973955649186473,0.0015319100719745078,0.01441841371282085,0.9984680899280255,0.9885073029925421,1.1200766992918312,1.007995156574746,0.014481104419085459,1.5161015740362096e-05,0.9884701460320843,1.0774611202842353e-05,1.1202022966288567,6.300215605947942e-05
1.3177044300762262,0.001,26.302679918953814,0.026302679918953815,0.03284421685334349,0.0016495497090150307,0.016445879147845382,0.998350450290985,0.9870802841093047,1.1282414876233327,1.0083716261184503,0.016513255084962843,1.6530138789024147e-05,0.9870414328795791,1.1494669536680657e-05,1.1283719776309764,6.432357396485893e-05
1.3177044300762262,0.001,28.183829312644548,0.028183829312644546,0.03484154962668229,0.0017778286452459625,0.018662201774505702,0.998222171354754,0.9855542468962686,1.136609669403398,1.0087638567687724,0.018734658386712094,1.7995422123155664e-05,0.9855136112146914,1.2239446086155913e-05,1.1367452305863055,6.574080227604512e-05
1.3177044300762262,0.001,30.19951720402013,0.03019951720402013,0.036974901573359725,0.0019175752399898168,0.021083612919594114,0.9980824247600102,0.9839238940689771,1.1452019728502134,1.0091721980501887,0.021161578194454234,1.9567019560641543e-05,0.9838813847247785,1.3011223871560622e-05,1.1453427896855324,6.725669070293274e-05
1.3177044300762262,0.001,32.35936569296281,0.03235936569296281,0.03925386177817899,0.0020696687203364994,0.02372800355606512,0.9979303312796635,0.9821835878158904,1.1540389676545033,1.009596973403632,0.023811940260935718,2.1255810953798677e-05,0.9821391171681078,1.3812130641667912e-05,1.1541852293245047,6.887423323079675e-05
1.3177044300762262,0.001,34.673685045253166,0.034673685045253165,0.041688706857092486,0.0022350397774713055,0.026614991201367264,0.9977649602225287,0.9803274079749641,1.163141016306039,1.0100384771676467,0.026705399105739575,2.307346273606363e-05,0.9802808906965164,1.4644136071098796e-05,1.1632929152595035,7.059657516047618e-05
1.3177044300762262,0.001,37.1535229097172,0.037153522909717206,0.044290450298644826,0.0024146707892743185,0.029765988348391087,0.9975853292107257,0.9783492125766123,1.1725282247876883,1.0104969716514518,0.02986340641301888,2.5032491873531668e-05,0.9783005665406037,1.5509047885643316e-05,1.1726859551366728,7.242702181974179e-05
1.3177044300762262,0.001,39.81071705534969,0.03981071705534969,0.04707089533094228,0.0026095956276360674,0.033204271417687725,0.9973904043723639,0.9762427010573952,1.1822203924309453,1.0109726843484441,0.03330927992879425,2.7146333263802328e-05,0.9761918483597651,1.6408507232890858e-05,1.1823841481913968,7.436904851467037e-05
1.3177044300762262,0.001,42.65795188015925,0.04265795188015925,0.050042691565524204,0.0028208990116717586,0.036955049094888746,0.9971791009883283,0.9740014803010578,1.1922369607928942,1.0114658053408907,0.03706827171923056,2.9429410484128644e-05,0.9739483484111688,1.734398354804543e-05,1.1924069339803287,7.642631103351657e-05
1.3177044300762262,0.001,45.708818961487516,0.04570881896148751,0.05321939568751158,0.0030497153717992365,0.04104552879459511,0.9969502846282008,0.9716191335081578,1.2025969614643692,1.0119764849476671,0.041167634528098976,3.189720957936273e-05,0.9715636565363146,1.8316769073148314e-05,1.2027733400575373,7.860265573514842e-05
1.3177044300762262,0.001,48.97788193684456,0.04897788193684456,0.056615536480698746,0.003297227194407198,0.04550497986627684,0.9967027728055928,0.9690892917387587,1.2133189627442362,1.012504831667579,0.04563668484560658,3.4566355279541085e-05,0.9690314118068255,1.9327973071808893e-05,1.2135019285315356,8.090212794576839e-05
1.3177044300762262,0.001,52.48074602497723,0.05248074602497723,0.06024668449693464,0.0035646628224630687,0.05036479202354756,0.996435337177537,0.9664057078208225,1.2244210151112136,1.013050910470419,0.05050686116605119,3.7454688624504225e-05,0.9663453765191671,2.0378515641187826e-05,1.2246107414361753,8.332897704686077e-05
1.3177044300762262,0.001,56.23413251903491,0.05623413251903491,0.06412952670143511,0.0038532936937056665,0.055658527328201236,0.9961467063062943,0.9635623321768702,1.2359205953879424,1.0136147414868197,0.055811775760436215,4.058134442159526e-05,0.9634995120882272,2.1469120859766606e-05,1.2361172448101996,8.588765625973517e-05
1.3177044300762262,0.001,60.25595860743569,0.06025595860743569,0.06828194644947966,0.004164431004774123,0.061421963882639236,0.9958355689952259,0.9605533900016038,1.2478345494127872,1.0141962991472036,0.06158725811105742,4.3966826241031145e-05,0.9604880562699252,2.260030882653832e-05,1.2480382713005747,8.858281471511209e-05
1.3177044300762262,0.001,64.56542290346549,0.0645654229034655,0.0727231091687605,0.0044994217959108875,0.06769312915575872,0.9955005782040891,0.9573734591355746,1.2601790328903517,1.0147955118173704,0.06787138792405925,4.763307572289629e-05,0.9573056010559228,2.377238594882639e-05,1.260389960958591,9.141927893736903e-05
1.3177044300762262,0.001,69.18309709189363,0.06918309709189363,0.077473554182796,0.004859644459924043,0.07451232063585082,0.995140355540076,0.954017547898675,1.2729694500046678,1.0154122619815378,0.07470451540089947,5.1603531835558876e-05,0.9539471705029408,2.498543264394863e-05,1.273187699808427,9.440202041126256e-05
1.3177044300762262,0.001,74.13102413009177,0.07413102413009177,0.08255529305574391,0.005246503678502147,0.08192211102093097,0.9947534963214979,0.9504811721934154,1.286220388898015,1.016046387012106,0.08212926596180689,5.5903174227854816e-05,0.9504082978061169,2.623928740659919e-05,1.286446055284911,9.753610535190115e-05
1.3177044300762262,0.001,79.43282347242805,0.07943282347242805,0.08799191499480147,0.0056614248029272065,0.08996733485380327,0.9943385751970728,0.9467604311326269,1.2999455531489061,1.016697680582345,0.09019052630518022,6.055854320783488e-05,0.9466851008714664,2.7533526065399974e-05,1.300178707664955,0.00010082662240859927
1.3177044300762262,0.001,85.11380382023759,0.08511380382023759,0.09380869976483935,0.006105847690467985,0.09869505271779745,0.993894152309532,0.9428520806156427,1.3141576876630547,1.017365894765549,0.09893540788684282,6.559772678979992e-05,0.9427743558131843,2.8867434915131795e-05,1.3143983758936013,0.00010427858356187971
1.3177044300762262,0.001,91.20108393559097,0.09120108393559097,0.1000327386715301,0.006581220013491131,0.10815448837795405,0.9934187799865088,0.9387536043713508,1.3288684970895723,1.0180507428775036,0.10841318316233593,7.105030305280422e-05,0.9386735678967695,3.023997640842135e-05,1.329116735901168,0.00010789679325611871
1.3177044300762262,0.001,97.72372209558091,0.09772372209558092,0.10669306418644785,0.007088990055105981,0.11839693315824351,0.992911009944894,0.934463282196274,1.3440885542389394,1.0187519031243555,0.11867518882913254,7.694722359336649e-05,0.9343810396598409,3.1649746185940505e-05,1.344344328868364,0.00011168568075901947
1.3177044300762262,0.001,104.71285480508985,0.10471285480508985,0.11382078883187725,0.00763059900113256,0.1294756104942635,0.9923694009988674,0.9299802553555594,1.3598271953233434,1.0194690231292989,0.12977468894056124,8.332062133801463e-05,0.9298959361832273,3.3094920483211746e-05,1.3600904562363352,0.00011564909101921672
1.3177044300762262,0.001,112.2018454301963,0.1122018454301963,0.12144925398726795,0.008207472731331853,0.14144549190459188,0.9917925272686682,0.9253045893942856,1.3760923980946596,1.0202017254270046,0.141766689052962,9.020352355474238e-05,0.9252183477647891,3.457319340026529e-05,1.3763630575113521,0.00011979002998646549
1.3177044300762262,0.001,120.22644346174131,0.12022644346174131,0.12961418932663654,0.008821013103698734,0.1543630535481372,0.9911789868963012,0.9204373349070532,1.392890638152829,1.0209496140331051,0.15470769047679345,9.762944879934045e-05,0.9203493505493605,3.608170418191735e-05,1.3931685661088482,0.00012411036156030896
1.3177044300762262,0.001,128.82495516931323,0.12882495516931322,0.1383538836469589,0.009472588714868257,0.16828596005339924,0.9905274112851318,0.9153805871148506,1.4102267178687893,1.0217122822187663,0.1686553712087825,0.00010563186504460464,0.9152910659687203,3.7616955539238426e-05,1.4105117376537069,0.00012861045511829044
1.3177044300762262,0.001,138.03842646028838,0.13803842646028838,0.14770936790198155,0.010163525108403503,0.18327265942429494,0.9898364748915965,0.9101375453720695,1.4281035615645996,1.0224893216451532,0.18366817723246864,0.0001142434857164517,0.9100467201184987,3.917472513316582e-05,1.4283954443547446,0.00013328878498900242
1.3177044300762262,0.001,147.91083881682073,0.14791083881682074,0.15772461131414978,0.010895094392422576,0.19938186959272033,0.9891049056075775,0.9047125739416967,1.4465219698880676,1.0232803330388045,0.1998048046389963,0.00012349538119900977,0.9046207044125338,4.074997359965877e-05,1.446820428372203,0.0001381414862844263
1.3177044300762262,0.001,158.48931924611108,0.1584893192461111,0.16844673149980974,0.01166850422061797,0.2166719337066738,0.9883314957793821,0.8991112654980613,1.4654803257997848,1.0240849386146065,0.21712354954934793,0.00013341588600765029,0.8990186389742254,4.233675385560882e-05,1.4657850065886349,0.00014316187515199123
1.3177044300762262,0.001,169.82436524617427,0.16982436524617428,0.1799262196097658,0.012484886088452577,0.2352000177016654,0.9875151139115474,0.8933405088071258,1.4849742443693947,1.0249027964749466,0.23568149930371002,0.0001440292867302776,0.8932474402125301,4.392812779468805e-05,1.485284718987337,0.00014833994566971478
1.3177044300762262,0.001,181.97008586099827,0.18197008586099828,0.1922171815590011,0.013345282901661723,0.2550211203846546,0.9866547170983383,0.8874085618601889,1.5049961587820788,1.0257336172295666,0.25553353511233606,0.00015535428348901613,0.8873153938529659,4.5516097753698923e-05,1.5053119130679637,0.0001536618601759069
1.3177044300762262,0.001,194.98445997580455,0.19498445997580455,0.20537759649625836,0.014250635789606367,0.2761868635669771,0.9857493642103936,0.8813251313682527,1.5255348357311598,1.0265771830865564,0.27673111374183496,0.00016740222857606013,0.8812322343223277,4.7091561186951096e-05,1.5258552575300246,0.00015910945466897662
1.3177044300762262,0.001,208.92961308540364,0.20892961308540364,0.21946959374655844,0.015201770163700463,0.29874402824959734,0.9847982298362995,0.8751014589416046,1.5465748148694718,1.0274333696573807,0.2993207943808437,0.00018017516057187288,0.8750092308001227,4.86442977184031e-05,1.5468991799835536,0.00016465978590244384
1.3177044300762262,0.001,223.87211385683378,0.22387211385683378,0.2345597495480548,0.016199381062770562,0.32273280316797315,0.9838006189372295,0.8687504134757443,1.568095769362854,1.0283021706948507,0.3233424772701342,0.000193663671146756,0.868659279443853,5.0162998056466904e-05,1.5684232258531112,0.00017028475181558837
1.3177044300762262,0.001,239.88329190194898,0.239883291901949,0.250719404999258,0.017244017883567893,0.3481847149626045,0.9827559821164321,0.8622865882510632,1.5900717879738062,1.0291837259395789,0.34882732381341686,0.0002078446652988854,0.8621970002799435,5.16353440898827e-05,1.590401339064841,0.00017595082187265836
1.3177044300762262,0.001,257.03957827688646,0.25703957827688645,0.26802500673412216,0.01833606866543998,0.3751202157938385,0.98166393133456,0.8557264000600072,1.612470583615114,1.0300783521859938,0.37579533464397463,0.0002226791042593746,0.8556388360578295,5.304814880360756e-05,1.6128010696577892,0.00018161891862087488
1.3177044300762262,0.001,275.4228703338163,0.2754228703338163,0.28655847195119166,0.01947574418161724,0.40354591538665835,0.9805242558183828,0.849088186352783,1.6352526390237654,1.0309865775941391,0.4042525735214719,0.00023810985365503923,0.849003149042997,5.438756346256453e-05,1.6355827192073074,0.00018724449616749255
1.3177044300762262,0.001,295.1209226666384,0.2951209226666384,0.3064075795395425,0.02066306218248966,0.4334514612968641,0.9793369378175103,0.8423922950136672,1.6583703071196818,1.0319091791679864,0.4341880419844916,0.0002540597971788312,0.8423103103480368,5.563935783651208e-05,1.658698441892109,0.00019277786507224058
1.3177044300762262,0.001,316.2277660168379,0.3162277660168379,0.3276663891691158,0.02189783223387252,0.464806094554521,0.9781021677661275,0.8356611600349666,1.6817668916532402,1.032847223200824,0.46557023328404623,0.0002704304165333132,0.8355827750597253,5.6789277124856945e-05,1.6820913270923676,0.00019816481593986352
1.3177044300762262,0.001,338.844156139202,0.33884415613920205,0.3504356903468905,0.02317964168952138,0.4975549384132806,0.9768203583104786,0.8289193551499456,1.7053757427168024,1.033802108357412,0.49834342488845396,0.0002871010790837644,0.8288451352199773,5.782347673026013e-05,1.7056944983746536,0.00020334759511498834
1.3177044300762262,0.001,363.078054770101,0.363078054770101,0.3748234835837332,0.02450784342500847,0.5316151158850367,0.9754921565749916,0.8221936165328333,1.7291194112661086,1.034775610928719,0.5324238069078994,0.00030392931108247064,0.8221241417720724,5.8729033151576285e-05,1.7294302732619153,0.0002082662843320204
1.3177044300762262,0.001,389.04514499428046,0.38904514499428045,0.4009454959704331,0.02588154603187844,0.5668718365017043,0.9741184539681216,0.8155128250864682,1.7529089164711122,1.035769931668263,0.5676955885164265,0.00032075235996401546,0.8154486860039631,5.9494526009390745e-05,1.7532094377989054,0.0002128606305508223
1.3177044300762262,0.001,416.8693834703355,0.4168693834703355,0.42892573362608877,0.02729960721940389,0.6031746427248281,0.9727003927805961,0.8089079387208881,1.7766431888099117,1.0367877435076573,0.6040072741966436,0.0003373903550560203,0.8088497309117788,6.0110682509341116e-05,1.7769306989174316,0.00021707236064597878
1.3177044300762262,0.001,446.68359215096257,0.4466835921509626,0.45889707365837556,0.028760631189529123,0.6403340587146622,0.9712393688104709,0.8024118654653308,1.800208759458844,1.037832239364504,0.641168353434347,0.00035365135053367996,0.802360183354618,6.057107132833736e-05,1.8004803851023414,0.0002208479957581738
1.3177044300762262,0.001,478.630092322638,0.478630092322638,0.4910018984641864,0.030262970733726576,0.6781189343295063,0.9697370292662735,0.7960592693109054,1.8234797716577538,1.0389071792060884,0.6789466968591149,0.00036933846377154957,0.7960146989346744,6.087282769634385e-05,1.823732470800818,0.0002241421491533108
1.3177044300762262,0.001,512.8613839913648,0.5128613839913648,0.5253927754014792,0.031804734745474045,0.7162548191931535,0.9681952652545259,0.7898863023744127,1.8463183911467087,1.0400169355264068,0.7170669926805951,0.000384259191358202,0.7898494132376612,6.101738491514158e-05,1.8465490012122876,0.00022692124623497367
1.3177044300762262,0.001,549.5408738576238,0.5495408738576237,0.5622331850799127,0.03338380174863047,0.7544237278974851,0.9666161982513696,0.7839302592890622,1.8685756892162508,1.0411665364350595,0.7552105820987394,0.0003982367795612318,0.7839015953892369,6.101117912979221e-05,1.8687809902989496,0.00022916754276307622
1.3177044300762262,0.001,588.8436553555883,0.5888436553555884,0.6016983017498934,0.03499783991268294,0.7922656593751929,0.9650021600873171,0.7782291526022196,1.8900930621992247,1.042361705648695,0.793017052733407,0.0004111232355593647,0.778209222761344,6.086628318269366e-05,1.8902698548970915,0.0002308832348040901
1.3177044300762262,0.001,630.957344480193,0.630957344480193,0.6439758295180976,0.03664433386615191,0.8293822025607702,0.963355666133848,0.772821211288467,1.9107042344036675,1.0436088988148875,0.8300879165747737,0.0004228131891104179,0.7728104789915592,6.060091127444384e-05,1.9108494307655577,0.00023209435080025372
1.3177044300762262,0.001,676.0829753919819,0.6760829753919819,0.6892668983835603,0.03832061843739224,0.8653424892794589,0.9616793815626078,0.7677443081219018,1.9302378670423275,1.0449153357809169,0.8659926263709319,0.0004332573674307957,0.7677431811119296,6.023971891962173e-05,1.9303485918170333,0.00023285399587673884
1.3177044300762262,0.001,724.4359600749891,0.7244359600749891,0.7377870243731195,0.04002391925772505,0.8996916394343368,0.9599760807422749,0.7630353254141226,1.9485207638393252,1.0462890286363653,0.9002770676119547,0.00044247397311294263,0.7630441453411664,5.981380367549495e-05,1.948594461862359,0.00023324439253863844
1.3177044300762262,0.001,776.2471166286912,0.7762471166286912,0.7897671383598472,0.04175139996663746,0.9319616833503415,0.9582486000333625,0.7587294723115474,1.9653816257575765,1.0477388055979868,0.932474503011208,0.0004505558421261583,0.7587485047722864,5.9360295301694916e-05,1.965416170066796,0.00023337705501341426
1.3177044300762262,0.001,831.7637711026708,0.8317637711026709,0.8454546884743515,0.04350021557438435,0.9616847483799829,0.9564997844256157,0.7548595702426733,1.9806552648000126,1.0492743310533876,0.9621187496830292,0.0004576710469089472,0.7548889955728642,5.8921417365546116e-05,1.9806490590995682,0.00023339039048228332
1.3177044300762262,0.001,891.2509381337441,0.891250938133744,0.9051148213682165,0.0452675713748206,0.988408075796181,0.9547324286251794,0.7514553260019663,1.9941871432462708,1.050906122325127,0.988759150424019,0.0004640547927497757,0.7514952311962263,5.8542918540150546e-05,1.994139211811855,0.00023344410399804455
1.3177044300762262,0.001,954.9925860214349,0.9549925860214349,0.9690316479628278,0.047050786670221605,1.0117102110771565,0.9529492133297784,0.7485426141582664,2.005838064042695,1.0526455639425565,1.011976681036465,0.000469991248382087,0.7485929862856553,5.82718265226265e-05,2.005748122227981,0.00023371007026308835
1.3177044300762262,0.001,1023.2929922807537,1.0232929922807537,1.0375095997157906,0.04884736247740858,1.0312175129953765,0.9511526375225914,0.7461427918173917,2.015488804958172,1.05450492040559,1.031400342227056,0.00047578549627569876,0.746203513276958,5.815358247129676e-05,2.0153573042126363,0.00023435987806858844
1.3177044300762262,0.001,1096.478196143183,1.0964781961431829,1.11087488186517,0.05065505233504111,1.046619983778336,0.9493449476649589,0.7442720691295102,2.0230444681333926,1.0564973485813267,1.0467228460320643,0.0004817280029056941,0.7443429150462527,5.8228765341683555e-05,2.0228726108858965,0.00023555002727695726
1.3177044300762262,0.001,1174.8975549395302,1.1748975549395302,1.189477030611677,0.052471935327557714,1.0576853609613952,0.9475280646724423,0.7429409582394975,2.028438311694676,1.058636910986729,1.057714549169881,0.0004880564384945043,0.7430215962386473,5.852978165653426e-05,2.028228033505465,0.0002374066030535081
1.3177044300762262,0.001,1258.9254117941662,1.2589254117941662,1.2736905816229027,0.05429649047601758,1.064270450717631,0.9457035095239824,0.7421538216203598,2.0316348436911342,1.0609385912713587,1.0642346277404853,0.0004949214828407852,0.7422438141390102,5.907801585195476e-05,2.031388762535352,0.00024001186646065693
1.3177044300762262,0.001,1348.9628825916504,1.3489628825916504,1.3639168575336942,0.05612767171534604,1.0663288295307543,0.943872328284654,0.7419085379417649,2.0326319913360975,1.063418313221431,1.0662386357633213,0.0005023635030632064,0.7420073471438436,5.988194043172605e-05,2.032353326490182,0.0002433952469607558
1.3177044300762262,0.001,1445.439770745928,1.4454397707459279,1.4605858838171024,0.057964982803770826,1.0639142878793855,0.9420350171962292,0.7421962999080728,2.0314622086530294,1.0660929646065536,1.063781835632311,0.0005103051762037888,0.7423032951666182,6.0936538488641705e-05,2.0311546740992146,0.00024753052482389147
1.3177044300762262,0.001,1548.8166189124795,1.5488166189124795,1.5641584409380787,0.059808551588213014,1.057179712243943,0.940191448411787,0.7430015540304296,2.0281924490307945,1.0689804270656582,1.0570180078854632,0.000518561630866304,0.7431160218345391,6.222412628422392e-05,2.0278601282784967,0.0002523397000690999
1.3177044300762262,0.001,1659.5869074375562,1.6595869074375562,1.6751282634571423,0.06165920322627416,1.046371464467048,0.9383407967737258,0.7443020872135327,2.0229230002629954,1.0720996131858511,1.046193805469055,0.0005268657062523896,0.7444232432525434,6.371637467318256e-05,2.0225702107691896,0.00025770261084810567
1.3177044300762262,0.001,1778.2794100389228,1.7782794100389228,1.794024396191467,0.06351853206635624,1.0318196764476923,0.9364814679336437,0.7460692596428837,2.01578525114696,1.0754705117734467,1.0316390709089749,0.0005349028947299014,0.7461962627231091,6.537712016199556e-05,2.0154164069655356,0.0002634703027604338
1.3177044300762262,0.001,1905.4607179632444,1.9054607179632443,1.921413718704581,0.06538897201150062,1.0139251907375015,0.9346110279884994,0.7482683779554777,2.006938523812403,1.0791142421966005,1.013753841856855,0.0005423493273895717,0.7484003453213507,6.716548743127049e-05,2.006558004699846,0.0002694797620346921
1.3177044300762262,0.001,2041.7379446695318,2.041737944669532,2.057903650139926,0.0672738652819878,0.9931441080312428,0.9327261347180122,0.7508591973567137,1.9965661583814909,1.0830531185422472,0.9929929964479927,0.000548906783558357,0.7509952209235065,6.903890480058204e-05,1.9961781924394966,0.0002755678825871789
1.3177044300762262,0.001,2187.761623949552,2.187761623949552,2.204145047274208,0.06917752954925743,0.9699710283374938,0.9308224704507426,0.7537965364637886,1.9848710719365728,1.0873107242030373,0.9698496129451679,0.000554330501347317,0.7539356994278932,7.095572625875984e-05,1.9844796371781577,0.00028158318281672266
1.3177044300762262,0.001,2344.228815319918,2.344228815319918,2.360835309590239,0.07110532343050595,0.9449220871769545,0.9288946765694941,0.7570309844567789,1.9720710299031416,1.0919119973951936,0.9448381319031653,0.0005584477126049616,0.7571723777343804,7.287731657665847e-05,1.9716797781402713,0.00028739452295161133
1.3177044300762262,0.001,2511.886431509582,2.511886431509582,2.5287217061586587,0.07306371030342985,0.9185188005219084,0.9269362896965702,0.7605096768148399,1.9583938650272696,1.0968833280110073,0.9184783224729377,0.0005611667036175715,0.7606524147720928,7.476956961859162e-05,1.9580060694522565,0.0002928966898976312
1.3177044300762262,0.001,2691.534803926914,2.691534803926914,2.7086049401798995,0.07506032032034907,0.8912735638789571,0.924939679679651,0.7641771136751501,1.9440728594123216,1.1022526661360692,0.8912808885610967,0.0005624775202603681,0.7643203486517727,7.660390114613097e-05,1.9436913854079667,0.000298013130813221
1.3177044300762262,0.001,2884.0315031266,2.8840315031266,2.9013429681760523,0.07710401036825369,0.8636774309996192,0.9228959896317463,0.7679759937892082,1.929342472396274,1.10804964251056,0.8637353338389977,0.000562446161414445,0.768118928980505,7.835779124596318e-05,1.9289697696226507,0.0003026963365839502
1.3177044300762262,0.001,3090.295432513592,3.090295432513592,3.1078550920423087,0.07920492153629435,0.8361905572857263,0.9207950784637057,0.7718480372165328,1.9144345560430918,1.1143057011886124,0.8363004675521388,0.0005612043444876092,0.7719899375617979,8.00149601189433e-05,1.9140726688018512,0.00030692645027709844
1.3177044300762262,0.001,3311.311214825908,3.311311214825908,3.329126343476002,0.08137453341689209,0.8092354603153427,0.918625466583108,0.775734771274281,1.8995751554569205,1.121054244648206,0.8093977034779171,0.000558936830672418,0.7758749720968592,8.156525600031735e-05,1.8992257477441457,0.0003107086571061013
1.3177044300762262,0.001,3548.1338923357457,3.5481338923357457,3.566212181703425,0.08362571428499387,0.783193047036967,0.9163742857150061,0.7795782567716759,1.884981947294388,1.12833079162494,0.7834071038657746,0.0005558680031820387,0.7797161700214865,8.300432365637576e-05,1.8846463387788943,0.00031406984419637057
1.3177044300762262,0.001,3801.8939632056126,3.801893963205613,3.820243526927112,0.08597276587815827,0.7584011980640607,0.9140272341218417,0.7833217350586708,1.8708623301441283,1.136173147985622,0.7586659626231976,0.0005522490071973364,0.7834568531147055,8.433311083903075e-05,1.8705415394718623,0.00031705492938183483
1.3177044300762262,0.001,4073.802778041122,4.073802778041122,4.0924321535271915,0.08843146114668642,0.735155590121035,0.9115685388533136,0.7869101807141983,1.857412147173712,1.1446215910167485,0.7354696133690816,0.0005483463617716917,0.7870420778060656,8.555726027745515e-05,1.8571069394027924,0.00031972316584603585
1.3177044300762262,0.001,4365.158322401665,4.365158322401665,4.384076468776766,0.09101907296852335,0.7137123771655667,0.9089809270314766,0.7902907495565159,1.8448149958219058,1.1537190675783342,0.7140740875135045,0.0005444325900759395,0.7904190809548259,8.668642671982349e-05,1.844525931338916,0.00032214464335404794
1.3177044300762262,0.001,4677.351412871981,4.677351412871981,4.696567704680639,0.09375439144189542,0.6942923331881996,0.9062456085581045,0.7934131168182218,1.8332420615812668,1.1635114066621448,0.6947002295772742,0.0005407791119898987,0.7935376160187145,8.773355197586982e-05,1.832969544452323,0.000324397131963908
1.3177044300762262,0.001,5011.872336272715,5.011872336272715,5.031396552530161,0.09665772699589162,0.6770860764158512,0.9033422730041084,0.7962297055243335,1.8228524025703827,1.1740475469914304,0.6775388929774184,0.0005376514128066203,0.796350179707357,8.871412540805936e-05,1.8225967268718768,0.00032656335240561894
1.3177044300762262,0.001,5370.317963702532,5.370317963702532,5.3901602718907125,0.09975089621473013,0.6622600358210522,0.9002491037852699,0.7986958100857006,1.8137936076309842,1.1853797804067814,0.6627568798535064,0.000535306343022555,0.7988121341691554,8.964545247014992e-05,1.8135550008395183,0.00032872870896360297
1.3177044300762262,0.001,5754.399373371566,5.754399373371566,5.774570308015565,0.10305718697783114,0.6499628770686035,0.8969428130221688,0.8007696246366609,1.806202751836412,1.1975640118960738,0.650503343926449,0.0005339913089897655,0.8008817342573611,9.054594942693924e-05,1.8059814148070323,0.00033097948482545725
1.3177044300762262,0.001,6165.95001861481,6.16595001861481,6.186460454119611,0.10660129929992762,0.6403321682485403,0.8933987007000723,0.8024121895068912,1.800207578224888,1.2106600372457397,0.6409164378892702,0.0005339450710004891,0.8025200732636226,9.143447818661302e-05,1.8000037216421627,0.00033340147497936626
1.3177044300762262,0.001,6606.9344800759645,6.606934480075965,6.627795597559919,0.11040925814095047,0.6335011296917666,0.8895907418590495,0.8035872722678775,1.7959278420131857,1.2247318394144966,0.634130050210326,0.0005353998614014303,0.8036909635423031,9.232973123809956e-05,1.7957417194611405,0.00033607901606092427
1.3177044300762262,0.001,7079.457843841374,7.079457843841373,7.100681091771297,0.11450829447312151,0.6296053724768006,0.8854917055268785,0.8042612019298452,1.7934767624050503,1.2398479048570197,0.6302805361315043,0.0005385845584761626,0.804360770572332,9.324967309185335e-05,1.7933087003784958,0.00033909436419146525
1.3177044300762262,0.001,7585.77575029182,7.585775750291821,7.607372798805699,0.11892669107183626,0.6287895842848972,0.8810733089281637,0.8044026760316442,1.7929625364951973,1.256081561156821,0.6295134014323402,0.0005437286916805545,0.8044982201614201,9.42110414941105e-05,1.7928129617819093,0.0003425273690193499
1.3177044300762262,0.001,8128.305161640995,8.128305161640995,8.150287850537753,0.1236935898651767,0.6312141678680561,0.8763064101348232,0.803982560556703,1.7944898790217885,1.2735113374621323,0.631989943996527,0.0005510671021487781,0.8040741986843414,9.522890914406428e-05,1.794359343933521,0.000346455393265845
1.3177044300762262,0.001,8709.635899560797,8.709635899560798,8.732016180042164,0.12883875825863406,0.6370618764504432,0.8711612417413659,0.8029737018621501,1.7981615603688537,1.2922213493552963,0.6378938972355559,0.0005608451332335878,0.8030615654997649,9.631630478564683e-05,1.7980507663074503,0.0003509534307307067
1.3177044300762262,0.001,9332.543007969885,9.332543007969885,9.355332878336151,0.13439231266486962,0.6465445225488968,0.8656076873351304,0.8013507681980998,1.804079922985829,1.3123017099315974,0.6474381516193811,0.0005733242752609529,0.8014349950824303,9.748389141837882e-05,1.8039897428090101,0.00035609438084263705
1.3177044300762262,0.001,10000.0,10.0,10.023211435627891,0.14038439852259885,0.6599098630752188,0.8596156014774011,0.7990901360244911,1.8123483631270632,1.3338489690083586,0.6608716570215519,0.0005887882344020271,0.79917086404223,9.873969896480387e-05,1.8122798627383767,0.0003619494436253941
1.3177044300762262,0.001,10715.193052376047,10.715193052376048,10.738837930441072,0.1468448273815705,0.6774487855110307,0.8531551726184294,0.7961698333295082,1.8230727704832852,1.3569665825401291,0.6784866306264985,0.0006075494366165707,0.7962471952040386,0.00010008890897446938,1.8230272300208852,0.00036858860480972437
1.3177044300762262,0.001,11481.53621496884,11.481536214968841,11.505626234513402,0.15380267314547913,0.6995029388312415,0.8461973268545209,0.7925695486581765,1.8363629229175822,1.3817654144752234,0.7006262141624122,0.0006299560139392991,0.7926436674328288,0.00010153368970968852,1.8363418578632933,0.0003760811863758638
1.3177044300762262,0.001,12302.68770812381,12.30268770812381,12.32723430621274,0.1612858312681137,0.726472970064416,0.8387141687318863,0.7882707107243122,1.852333837216625,1.4083642734566275,0.72769274157394,0.0006563993525034018,0.788341696059363,0.00010307308107491,1.8523390196935625,0.0003844964428438295
1.3177044300762262,0.001,13182.567385564047,13.182567385564047,13.20758165040701,0.1693205465385531,0.7588275441859923,0.8306794534614469,0.7832566394630546,1.8711070796325744,1.4368904869462709,0.7601567952040447,0.000687322310520585,0.7833245847504493,0.00010470293011822138,1.8711405601117987,0.0003939041880424057
1.3177044300762262,0.001,14125.375446227554,14.125375446227554,14.150868028278339,0.17793091699901473,0.7971133426080425,0.8220690830009852,0.777512765344915,1.8928120421499939,1.4674805155381216,0.7985672462685404,0.0007232282410422982,0.7775777456355293,0.00010641587903754823,1.892876171743402,0.0004043754408693987
1.3177044300762262,0.001,15135.612484362071,15.13561248436207,15.161593506523163,0.1871383834266815,0.8419662548908204,0.8128616165733185,0.7710269098783548,1.9175871919827676,1.5002806104218616,0.8435624949220059,0.0007646909798526449,0.7710889806093992,0.00010820140855999564,1.91768464546384,0.0004159830817430573
1.3177044300762262,0.001,16218.100973589266,16.218100973589266,16.244579941751237,0.19696121557732804,0.8941240004080915,0.803038784422672,0.7637896166334747,1.9455813029074187,1.5354475171683053,0.8958831474774996,0.0008123659844264704,0.7638488131372327,0.00011004594005139657,1.9457151025725645,0.00042880251410293247
1.3177044300762262,0.001,17378.00828749376,17.378008287493763,17.404994002717668,0.20741400792260925,0.9544404424228526,0.7925859920773908,0.7557945189760666,1.9769546777731568,1.5731492292298537,0.9563863942327058,0.0008670028366215709,0.75585085674413,0.00011193299961793667,1.9771282182342997,0.0004429123275213692
1.3177044300762262,0.001,18620.871366628657,18.620871366628656,18.64837184033116,0.21850719880071368,1.0239018872080305,0.7814928011992863,0.7470387281486075,2.011880371984767,1.6135657947862183,1.0260623817132382,0.0009294593507112676,0.7470922038168026,0.00011384344670248623,2.0120974459694785,0.00045839496080608193
1.3177044300762262,0.001,19952.62314968875,19.952623149688748,19.98064552320977,0.2302466276326947,1.1036456963168344,0.7697533723673053,0.7375232234936479,2.050545428011961,1.656890180819195,1.1060529088063187,0.0010007175605120696,0.7375738165019827,0.00011575576823965725,2.0508102532381334,0.0004753373649729769
1.3177044300762262,0.001,21379.620895022323,21.379620895022324,21.408171364940646,0.24263314503899286,1.1949815817210783,0.7573668549610071,0.7272532255842359,2.0931521310966184,1.7033291985702477,1.1976728180895386,0.0010819018957096112,0.7273009004527646,0.00011764643736876958,2.093469378286216,0.0004938316671991232
1.3177044300762262,0.001,22908.6765276777,22.908676527677702,22.9377602781887,0.25566229025043025,1.2994160022199612,0.7443377097495698,0.7162385328707666,2.1399192963626685,1.7531044948250099,1.3024345025847297,0.0011742998990276056,0.7162832420171926,0.0001194903331320721,2.14029411846132,0.0005139758378713455
1.3177044300762262,0.001,24547.089156850234,24.547089156850234,24.576710300431408,0.2693240491045331,1.4186801362823143,0.7306759508954669,0.7044938032030104,2.191083597520474,1.8064536137791452,1.4220760052028318,0.0012793858836455548,0.7045354902117343,0.00012126121468357994,2.1915216601971923,0.0005358743636612743
1.3177044300762262,0.001,26302.679918953814,26.302679918953814,26.332841446418776,0.2836027041485841,1.554761972457241,0.716397295851416,0.6920387632247909,2.2469009473319206,1.8636311345733751,1.5585932544289967,0.0013988479853378013,0.6920773664614907,0.00012293224052200582,2.247408460844514,0.0005596389302114161
1.3177044300762262,0.001,28183.82931264449,28.18382931264449,28.21453305352699,0.2984767859748261,1.7099431349521623,0.7015232140251739,0.6788983311060092,2.3076479399869685,1.924909889940937,1.7142770566202674,0.001534619127361501,0.6789337875578809,0.00012447652038460546,2.3082316925144566,0.000585389118534496
1.3177044300762262,0.001,30199.51720402019,30.19951720402019,30.23076379804078,0.3139191319735057,1.886841150404939,0.6860808680264943,0.6651026412644356,2.373623365557291,1.9905822717971133,1.8917555541255464,0.0016889124894699137,0.6651348904756318,0.00012586768494528953,2.374290758119395,0.0006132531196328551
1.3177044300762262,0.001,32359.36569296281,32.35936569296281,32.39115457311742,0.3298970553282109,2.0884579639499727,0.6701029446717891,0.6506869634877166,2.445149806750142,2.060961630009064,2.094042960982644,0.001864262157032965,0.6507159514535116,0.00012708045657780715,2.445908889855666,0.0006433684721570953
1.3177044300762262,0.001,34673.68504525309,34.673685045253094,34.706014432831736,0.3463726234522445,2.318235630340009,0.6536273765477555,0.6356915130078223,2.522575328297424,2.136383771027622,2.3245955061501506,0.0020635697237692758,0.6357171958907551,0.00012809120335923363,2.5234348404870444,0.0006758828281644192
1.3177044300762262,0.001,37153.52290971728,37.153522909717275,37.18638982132029,0.3633030413540944,2.5801202413599134,0.6366969586459056,0.6201611523951394,2.6062752694852502,2.2172085635364676,2.5873756503330996,0.002290157733916688,0.6201834999321001,0.00012887845832605633,2.6072446779608267,0.0007109547522253161
1.3177044300762262,0.001,39810.71705534969,39.81071705534969,39.84411732172617,0.38064113181606773,2.8786353066411885,0.6193588681839323,0.6041449904036406,2.696654150568462,2.3038216587827915,2.8869257990475052,0.00254783097895359,0.6041639888851885,0.00012942338680799155,2.6977436941274906,0.0007487545592805776
1.3177044300762262,0.001,42657.95188015917,42.65795188015917,42.691880176456046,0.39833590096158705,3.218965984200268,0.601664099038413,0.5876958868935911,2.7941477041203346,2.3966363338007497,3.228452914610949,0.002840946812702626,0.5877115416147408,0.00012971018642809234,2.7953684386425435,0.0007894651967843291
1.3177044300762262,0.001,45708.818961487515,45.708818961487516,45.743268848276266,0.41633317494550975,3.607055762998495,0.5836668250544903,0.570869876481598,2.899225042747303,2.4960954663239754,3.617925636668698,0.003174495819643077,0.5708822135862602,0.0001297264069706654,2.9005888895087137,0.0008332831767968199
1.3177044300762262,0.001,48977.88193684456,48.97788193684456,49.0128459110923,0.434576291271042,4.049717436471212,0.565423708728958,0.5537255264502804,3.0123909750521176,2.602673650813601,4.062185758603436,0.00355419436778748,0.5537345941180817,0.00012946318061375764,3.0139107721699894,0.0008804195638242612
1.3177044300762262,0.001,52480.746024977125,52.48074602497712,52.516215579956835,0.4530068267209133,4.554760477803459,0.5469931732790867,0.536323246564713,3.1341884822581765,2.716879465700412,4.569076180260241,0.003986590803293897,0.5363291155173396,0.00012891535678352046,3.1358780395983246,0.0009311010243527868
1.3177044300762262,0.001,56234.13251903491,56.23413251903491,56.27009821202985,0.47156534314636467,5.131137239922227,0.5284346568536353,0.5187245697137042,3.2652013685149996,2.8392579026657705,5.147587771047,0.0044791873033852275,0.5187273330466116,0.00012808153986679411,3.2670755264199345,0.0009855709441957425
1.3177044300762262,0.001,60255.958607435685,60.25595860743569,60.29241013398891,0.4901921323960172,5.789110761680508,0.5098078676039828,0.5009914226981725,3.4060570985910763,2.9703929695578117,5.808027937630429,0.005040579702087724,0.5009911950705932,0.00012696403196240633,3.40813179081443,0.0010440906199760817
1.3177044300762262,0.001,64565.422903465624,64.56542290346562,64.60234917685902,0.508827942449931,6.540447373372325,0.491172057550069,0.4831854060556454,3.55742983742904,3.1109104793724915,6.562214104003379,0.005680617945456021,0.48318232229604974,0.00012556868652209772,3.559722158686908,0.0011069405313017325
1.3177044300762262,0.001,69183.09709189362,69.18309709189363,69.22048632651124,0.5274146682738663,7.3986377673889825,0.4725853317261337,0.4653671006157968,3.720043706889465,3.2614810386168767,7.423695786546684,0.0064105902258565365,0.4653613138198996,0.00012390468192400477,3.722571985463992,0.001174421700466429
1.3177044300762262,0.001,74131.02413009162,74.13102413009162,74.16886392732796,0.5458959929126653,8.379150742526422,0.45410400708733467,0.4475954166414451,3.8946762759463143,3.4228232493283355,8.40800949191362,0.007243434296030809,0.4475870958545499,0.00012198422657854162,3.897460151802389,0.0012468571468238652
1.3177044300762262,0.001,79432.82347242821,79.43282347242821,79.47110090784162,0.5642179667647401,9.499724453565445,0.4357820332352599,0.42992699906396237,4.082162301626156,3.5957071400417506,9.532971291533268,0.008193979981665303,0.4299163266489168,0.00011982220898850877,4.085222810525068,0.0013245934433416286
1.3177044300762262,0.001,85113.80382023759,85.11380382023759,85.15250553071579,0.5823295156746391,10.780700713137715,0.4176704843253609,0.41241569962959745,4.283397739101633,3.780957842094762,10.819012645223282,0.009279227505951162,0.41240286842531204,0.00011743580723157492,4.286757403220936,0.0014080023832457166
1.3177044300762262,0.001,91201.08393559078,91.20108393559079,91.24019620538843,0.6001828712992467,12.24540871426403,0.39981712870075325,0.39511212389353967,4.499344040568751,3.979459528829191,12.289565871543696,0.0105186669224764,0.3950973342677439,0.00011484407261924592,4.503026966161468,0.0014974827651175484
1.3177044300762262,0.001,97723.72209558112,97.72372209558112,97.76323094020007,0.6177339200053636,13.920605484956383,0.38226607999463635,0.3780632580857213,4.731032763854585,4.1921596365085545,13.971506609877956,0.011934644736800086,0.3780467149796004,0.00011206750187567174,4.73506474650787,0.0015934623053055093
1.3177044300762262,0.001,104712.85480508985,104.71285480508985,104.75274605209798,0.6349424692196718,15.836981468978145,0.3650575307803282,0.36131217806256677,4.979570513130549,4.42007338711014,15.895661706897336,0.013552784697193444,0.3612940881153939,0.00010912761117313967,4.98397915121033,0.0016963996870645402
1.3177044300762262,0.001,112201.84543019607,112.20184543019607,112.24210479621418,0.6517724325742145,18.029740869891867,0.34822756742578553,0.3448978399672372,5.246144235643894,4.664288634598263,18.09739220882806,0.015402470768480421,0.34487840879670373,0.00010604652388448697,5.250959052542246,0.0018067867564404761
1.3177044300762262,0.001,120226.4434617413,120.22644346174131,120.26705662496536,0.6681919372972509,20.539267822690558,0.3318080627027491,0.32885494993433784,5.532026900040484,4.925971057823953,20.617262574659794,0.017517401489428045,0.32883437963426837,0.00010284658210383091,5.537279475873651,0.0019251508755750123
1.3177044300762262,0.001,128824.95516931322,128.82495516931323,128.86590783707598,0.6841733590405752,23.41189109583751,0.3158266409594248,0.3132139082535885,5.8385835836365905,5.206369724854593,23.501808871510466,0.019936226276388438,0.31319239515583536,9.954998998384214e-05,5.8443076970772685,0.002052057444823258
1.3177044300762262,0.001,138038.4264602881,138.0384264602881,138.07970443129662,0.6996932906863207,26.700761907787502,0.3003067093136793,0.2980008218824146,6.16727799791994,5.506823055308244,26.80442060324772,0.02270327579990662,0.2979785546150316,9.61784948689239e-05,6.17350977888478,0.002188112605851712
1.3177044300762262,0.001,147910.8388168207,147.9108388168207,147.9524280378315,0.7147324526383062,30.46686160192833,0.2852675473616938,0.2832375780776176,6.519679483622969,5.828765209164586,30.58635299327831,0.025869400356673417,0.28321473593741303,9.275311018101219e-05,6.526457577578853,0.0023339661387238573
1.3177044300762262,0.001,158489.3192461111,158.48931924611108,158.53120586291942,0.7292755526928584,34.78015840369452,0.2707244473071416,0.2689419711871903,6.897470508929614,6.173732932564169,34.91788903362449,0.029492932220833448,0.26891872283216295,8.929388212879168e-05,6.904836253627995,0.002490314566886263
1.3177044300762262,0.001,169824.3652461746,169.8243652461746,169.86653564889784,0.7433111038340248,39.720935330707725,0.25668889616597523,0.25512787427500316,7.302454706755752,6.543372893283413,39.87967347262757,0.033640790325653536,0.25510437673118497,8.58197006290973e-05,7.310452322256696,0.0026579044849438477
1.3177044300762262,0.001,181970.08586099825,181.97008586099827,182.0125267237238,0.7568312082521862,45.38131459567339,0.2431687917478138,0.24180544720100394,7.736565489600275,6.939449540911709,45.56424419749179,0.03838974834414011,0.24178184516932416,8.234815339505088e-05,7.745242282501644,0.0028375361251627264
1.3177044300762262,0.001,194984.45997580414,194.98445997580416,195.0271582907495,0.7698313155916203,51.867007594805685,0.23016868440837968,0.22898137299851795,8.20187528320268,7.3638535292606395,52.07779023821975,0.04382789035733009,0.22895779844025005,7.889542098131255e-05,8.211281866051952,0.003030067179768219
1.3177044300762262,0.001,208929.6130854041,208.9296130854041,208.97255619180098,0.7823099629437036,59.29932388353783,0.21769003705629641,0.21665911482505373,8.700605423181857,7.818610741217277,59.54216994829192,0.05005628188125759,0.2166356867993432,7.547620968655522e-05,8.7107959501149,0.0032364168973175143
1.3177044300762262,0.001,223872.11385683378,223.87211385683378,223.9152894647989,0.794268503468813,67.81747748858204,0.20573149653118705,0.20483918636097487,9.235136761984105,8.305891959127525,68.09722788750622,0.057190888136536146,0.2048160110846979,7.21037185856594e-05,9.246169181707497,0.00345757047272897
1.3177044300762262,0.001,239883.29190194848,239.8832919019485,239.92668811164233,0.8057108297983703,77.58123458554907,0.19428917020162972,0.19351942924161958,9.808021036847554,8.828023226879582,77.9034546386741,0.06536477616663848,0.1934966003401749,6.878963657686409e-05,9.819957364159698,0.00369458375194527
1.3177044300762262,0.001,257039.57827688646,257.03957827688646,257.0831835932905,0.8166430975830689,88.77395309292176,0.18335690241693114,0.1826952918876844,10.421993053113644,9.387496953154326,89.1450403414447,0.07473064283262121,0.18267289080504223,6.554416515260417e-05,10.434899660244184,0.003948588273706772
1.3177044300762262,0.001,275422.87033381633,275.4228703338163,275.4666736774749,0.8270734537489088,101.6060722207449,0.17292654625109116,0.17236010490680154,11.079983741095266,9.986983808847405,102.03338024863223,0.08546371693679818,0.17233820144389392,6.237606260313081e-05,11.093931670238172,0.00422079667251668
1.3177044300762262,0.001,295120.9226666378,295.1209226666378,295.1649133807216,0.8370117732303975,116.31911860945158,0.16298822676960245,0.16250534904331793,11.785134148885287,10.629345475463454,116.81109924685013,0.09776509087474125,0.16248400199565796,5.929270550431908e-05,11.800199447393311,0.00451250846860202
1.3177044300762262,0.001,316227.7660168379,316.2277660168379,316.27193387088636,0.8464694071936683,133.19030556431315,0.15353059280633174,0.15312091242823644,12.540810437933427,11.317648305333703,133.75667219901663,0.11186554542051959,0.15310017029581452,5.6300163591217e-05,12.557074517756847,0.004825116272519457
1.3177044300762262,0.001,338844.15613920207,338.8441561392021,338.88849132989696,0.8554589450583207,152.5378132238631,0.14454105494167935,0.14419533460662826,13.350619953017059,12.055177958871731,153.18972835103858,0.12802994067119833,0.14417523635195217,5.340328444530631e-05,13.368169976078121,0.005160112434033592
1.3177044300762262,0.001,363078.0547701003,363.07805477010027,363.12254791941353,0.8639939919876345,174.7268505118291,0.1360060080123655,0.13571603548308675,14.218428443344886,12.845455088739163,175.47714111622952,0.1465622569933057,0.13569661131611366,5.060578479820416e-05,14.237357734666155,0.005519096167014717
1.3177044300762262,0.001,389045.1449942805,389.04514499428046,389.08978714532446,0.8720889629495207,200.17661466105926,0.12791103705047935,0.12766952791794073,15.14837851702658,13.692252145789041,201.04001955864322,0.16781138223303027,0.1276508000896655,4.791034565383727e-05,15.168787007563322,0.005903781184374675
1.3177044300762262,0.001,416869.38347033464,416.86938347033464,416.9141660812252,0.8797588939576787,229.3682812499099,0.1202411060423213,0.12004161322426699,16.144909417025573,14.599611387016296,230.3617351274426,0.19217775571073203,0.1200235968136904,4.531870883548501e-05,16.166904118294553,0.006316003879493758
1.3177044300762262,0.001,446683.5921509635,446.6835921509635,446.7285070869875,0.8870192706840621,262.85417738451093,0.11298072931593794,0.1128175592577304,17.212778213017994,15.571864171475406,263.99713697797347,0.22012099589144238,0.11280026293974982,4.283177295832355e-05,17.236473725766455,0.006757732093199555
1.3177044300762262,0.001,478630.092322638,478.630092322638,478.6751318469969,0.8938858742867808,301.26831327049024,0.10611412571321921,0.10598226116020104,18.357082510332496,16.61365163627239,302.58313192954733,0.25216865741935224,0.10596568794455839,4.044968720090165e-05,18.38260156965712,0.0072310745081535085
1.3177044300762262,0.001,512861.38399136375,512.8613839913637,512.90654075474,0.900374644017599,345.33847337789325,0.09962535598240096,0.09952038511810268,19.5832847843941,17.729946851336575,346.8508311893696,0.2889262847851929,0.09950453305191699,3.817194159249732e-05,19.610758843890235,0.007738290715496471
1.3177044300762262,0.001,549540.8738576248,549.5408738576248,549.5861408868002,0.906501555953776,395.9000982083645,0.09349844404622398,0.09341649573338429,20.8972384568403,18.92607855872331,397.63949591487744,0.3310889546731987,0.09340135856185307,3.599745284270555e-05,20.92680831455504,0.008281802001811053
1.3177044300762262,0.001,588843.6553555884,588.8436553555885,588.8890260413172,0.9122825170351453,453.9122218953688,0.08771748296485471,0.08765516778500737,22.30521583780293,20.207756609773348,455.91254806560846,0.3794545274830335,0.08764073556671095,3.3924645012466516e-05,22.337032306960342,0.008864202907899812
1.3177044300762262,0.001,630957.3444801917,630.9573444801918,631.0028125645148,0.917733273469989,520.4757701589816,0.08226672653001099,0.08222108328903488,23.81393806774669,21.581099221549266,522.7759524676576,0.4349388611850529,0.08220734296380179,3.1951524561541915e-05,23.848162695432826,0.009488273614560274
1.3177044300762262,0.001,676082.9753919819,676.0829753919819,676.1285349551438,0.9228693324978959,596.854568248787,0.07713066750210407,0.07709911485244536,25.430607201802967,23.052662182665195,599.4993213332044,0.4985932781691382,0.077086050761031,3.007574950719634e-05,25.467413039026017,0.010156993214485424
1.3177044300762262,0.001,724435.9600749891,724.4359600749891,724.4816055221037,0.9277058964564034,684.4994603035427,0.07229410354359656,0.07227439636640931,27.16294058976442,24.629470147922714,687.5401445112037,0.5716246188050629,0.07226199072228712,2.829469259451603e-05,27.202513016551805,0.01087355393364934
1.3177044300762262,0.001,776247.1166286896,776.2471166286896,776.2928426824491,0.9322578080859232,785.0760010368906,0.06774219191407682,0.06773238210470434,29.019207716080956,26.31905017134269,788.5716084998818,0.6554182648790526,0.06772061541908975,2.6605498512951395e-05,29.0617453255421,0.011641376370160094
1.3177044300762262,0.001,831763.7711026708,831.7637711026708,831.8095727781215,0.9365395060143391,900.4962488658688,0.06346049398566089,0.06345889529201498,31.00826967463917,28.12946763667414,904.5145357728023,0.7515645727720373,0.06344774675389347,2.5005135300969452e-05,31.053985220199355,0.012464125822878787
1.3177044300762262,0.001,891250.938133744,891.2509381337441,891.2968107296016,0.9405649893986825,1032.955268161854,0.059435010601317506,0.05944016717555922,33.13962146886385,30.06936475881734,1037.5740548949482,0.8618892215551178,0.05942961498895227,2.3490440158978493e-05,33.18874287918115,0.013345729788621863
1.3177044300762262,0.001,954992.5860214368,954.9925860214369,955.0385250600291,0.9443477907295237,1184.9730379837788,0.055652209270476316,0.055662867608648914,35.42343733539373,32.14800183659255,1190.2817019986933,0.9884880557289493,0.055652889289669626,2.205815995532356e-05,35.476208801795295,0.014290396709957218
1.3177044300762262,0.001,1023292.9922807536,1023.2929922807535,1023.338993634836,0.94790095588179,1359.4425689428663,0.05209904411820998,0.05211412807920379,37.87061931867793,34.375301463788716,1365.5437589579346,1.1337670890302525,0.05210470071568474,2.0704986741474205e-05,37.927302460305704,0.01530263606763116
1.3177044300762262,0.001,1096478.196143183,1096.478196143183,1096.5242558865355,0.9512370304944114,1559.6851460854261,0.04876296950558856,0.04878155811902429,40.49284930320204,36.761895886625304,1566.6967503727037,1.3004884323545023,0.04877265859557564,1.9427588640999495e-05,40.55372441540332,0.016387279903136768
1.3177044300762262,0.001,1174897.5549395303,1174.8975549395304,1174.9436693791072,0.9543680519191918,1789.5137557876544,0.04563194808080817,0.045653255872754706,43.30264478478449,39.31917776376979,1797.5711622264182,1.491823025318961,0.045644861064180586,1.8222636454104045e-05,43.368012176714075,0.017549505887831714
1.3177044300762262,0.001,1258925.411794166,1258.9254117941662,1258.971577458043,0.9573055459473647,2053.305907269535,0.04269445405263528,0.042717813637547564,46.313418622628056,42.05935454890354,2062.564598397337,1.7114111778545589,0.04270990057346549,1.7086826359116066e-05,46.38360005044423,0.018794862038588857
1.3177044300762262,0.001,1348962.8825916506,1348.9628825916507,1349.009096217364,0.9600605276452003,2356.087241161998,0.039939472354799666,0.03996431906155229,49.53954306709117,44.99550676425338,2366.7257738649223,1.9634320793670195,0.039956865065028636,1.6016899065565808e-05,49.61488326956545,0.020129293201974548
1.3177044300762262,0.001,1445439.770745928,1445.439770745928,1445.4860292692233,0.9626435056739379,2703.627523015556,0.03735649432606214,0.03738235264509815,52.99641836718714,48.141650441815834,2715.8509498573703,2.252683603804694,0.03737533544794664,1.5009655770083854e-05,53.07728671107102,0.02155916943272004
1.3177044300762262,0.001,1548816.6189124796,1548.8166189124795,1548.8629194564853,0.9650644895334025,3102.5508564866695,0.034935510466597486,0.03496198212345314,56.70054628535226,51.51280403033542,3116.5946541192043,2.584673935856905,0.03495537996073745,1.4061971249973938e-05,56.787338528336385,0.023091316401955702
1.3177044300762262,0.001,1659586.9074375562,1659.5869074375562,1659.633247302391,0.9673329992274323,3560.462222745504,0.03266700077256768,0.032693754250673224,60.6696088703915,55.12506008743636,3576.5968025413154,2.9657267694631377,0.03268754593677009,1.3170804410857038e-05,60.76274905007804,0.024733047980366945
1.3177044300762262,0.001,1778279.410038923,1778.2794100389228,1778.325786691742,0.9694580769043685,4086.092764733089,0.03054192309563153,0.03056868444780947,64.92255286464308,58.995662099128126,4104.628651913765,3.4031020892451815,0.030562849436227953,1.2333206584272487e-05,65.02249532254224,0.02649220115181173
1.3177044300762262,0.001,1905460.7179632443,1905.4607179632444,1905.5071290287249,0.9714483000774442,4689.466593211927,0.028551699922555795,0.028578244726117585,69.47968014828871,63.143086793389855,4710.760373528094,3.9051348433413207,0.02857276315509901,1.1546327849454332e-05,69.58691169849547,0.028377173424063585
1.3177044300762262,0.001,2041737.9446695233,2041.7379446695234,2041.7843879207849,0.9733117960776803,5382.092302955722,0.026688203922319742,0.026714350247101004,74.36274465255319,67.58713234077194,5406.553450652508,4.48139415811873,0.026709202972840625,1.0807421631388767e-05,74.47778690545888,0.030396962915269124
1.3177044300762262,0.001,2187761.623949552,2187.761623949552,2187.8080972995076,0.9750562574357243,6177.182859776292,0.024943742564275673,0.024969344836265117,79.59505620442225,72.349012863044,6205.281577427924,5.14286613790175,0.024964513455438056,1.0113847805262603e-05,79.71846805654579,0.032561211307473116
1.3177044300762262,0.001,2344228.815319918,2344.228815319918,2344.2753168130507,0.9766889579290042,7089.9080614160775,0.02331104207099577,0.02333598572640727,85.20159179858821,77.45145970103636,7122.184281562335,5.902163743691857,0.023331452589509753,9.463074515945986e-06,85.33397210041383,0.03488024987225809
1.3177044300762262,0.001,2511886.4315095823,2511.8864315095825,2511.9329593141306,0.9782167690669512,8137.684398015115,0.02178323093304879,0.021807427768972487,91.2091148277995,82.91882992509844,8174.758118746076,6.7737677624835815,0.021803175985839758,8.852678900536025e-06,91.3511052423525,0.03736514878820852
1.3177044300762262,0.001,2691534.803926914,2691.534803926914,2691.5813563274605,0.9796461768194225,9340.507852787765,0.020353823180577546,0.020377207318370116,97.64630284075933,88.77722260614104,9383.091004930087,7.774303473094881,0.02037322075708127,8.280346882433175e-06,97.79859090656868,0.040027769985617065
1.3177044300762262,0.001,2884031.5031266,2884.0315031266,2884.0780785170527,0.9809832984231196,10721.336004400086,0.0190167015768804,0.019039225963930817,104.54388443746973,95.05460340230981,10770.246077238926,8.922858296798763,0.01903548924418539,7.743872187078235e-06,104.70720685052157,0.04288082377070179
1.3177044300762262,0.001,3090295.432513592,3090.295432513592,3090.342029390536,0.9822338991263239,12306.526734982543,0.01776610087367614,0.017787734257259435,111.93478595545467,101.78093805600906,12362.7024210845,10.241346504497178,0.01778423273916961,7.241154712423542e-06,112.10993208583,0.045937929499628265
1.3177044300762262,0.001,3311311.2148259077,3311.311214825908,3311.357831782324,0.9834034087559281,14126.341929817949,0.016596591244071868,0.01661731555876511,119.85428864714116,108.98833543854106,14190.86108811494,11.754927951709771,0.01661403532790836,6.7701983714875735e-06,120.04210430709549,0.049213680591974944
1.3177044300762262,0.001,3548133.892335746,3548.133892335746,3548.1805280550757,0.9844969380107426,16215.52579712815,0.015503061989257438,0.015522870106015274,128.3401970986701,116.71120082520086,16289.62607775336,13.492488845446573,0.015519797955480183,6.329108509945103e-06,128.54158858015194,0.052723714193992986
1.3177044300762262,0.001,3801893.9632056127,3801.8939632056126,3801.940616456157,0.9855192944030874,18613.968862847338,0.014480705596912613,0.0144995993879512,137.43301969408776,124.98640013251291,18699.071388107906,15.487193732836756,0.014496722798010711,5.916088988607395e-06,137.64895809498296,0.056484785824199135
1.3177044300762262,0.001,4073802.778041122,4073.802778041122,4073.8494476707597,0.9864749977864654,21367.470333083496,0.013525002213534587,0.01354299089269817,147.17616198643162,133.85343590156293,21465.20688737534,17.77711926287688,0.013540298008670227,5.52943900880212e-06,147.40768784615616,0.06051484935763845
1.3177044300762262,0.001,4365158.322401647,4365.158322401648,4365.205007332858,0.9873682954203816,24528.613397387417,0.012631704579618375,0.012648803282542032,157.61613389873796,143.35463586758294,24640.857645958815,20.40598183585242,0.012646282891309257,5.167549748003334e-06,157.86436216533212,0.06483314273062485
1.3177044300762262,0.001,4677351.412871981,4677.351412871981,4677.398112097156,0.9882031765355683,28157.770205001132,0.011796823464431672,0.01181305203733185,168.80277174409585,153.5353550158681,28286.67353849038,23.42397304977206,0.011810693542931973,4.828900863524805e-06,169.06889709651762,0.06946027977508426
1.3177044300762262,0.001,5011872.336272715,5011.872336272715,5011.919048849748,0.988983386372515,32324.255725150953,0.011016613627484961,0.01103199559698198,180.7894761245801,164.44419208860626,32472.288415264637,26.888718913838844,0.011029788995616643,4.512056913586916e-06,181.0747786755996,0.0744183486208759
1.3177044300762262,0.001,5370317.963702532,5370.317963702532,5370.364688750669,0.9897124396752913,37107.65254860003,0.010287560324708678,0.010302122024660965,193.63346684467896,176.13322157613106,37277.651001850885,30.86638116496945,0.01030005787941608,4.215663737529382e-06,193.93931825161997,0.07973101713583533
1.3177044300762262,0.001,5754399.373371567,5754.399373371567,5754.446110067506,0.9903936336297036,42599.33195551919,0.009606366370296437,0.009620136204513074,207.39605605611555,188.65824230001212,42794.55296850909,35.43292173987118,0.009618205620039327,3.938444830281193e-06,207.72392606857687,0.08542364590685717
1.3177044300762262,0.001,6165950.01861481,6165.95001861481,6165.996766189039,0.9910300602411604,48904.20032666343,0.00896993975883964,0.008982947581210321,222.14294093789977,202.0790437746462,49128.38338028112,40.67555457416463,0.008981142178568602,3.6791977403416792e-06,222.49440441374585,0.09152340930135565
1.3177044300762262,0.001,6606934.480075965,6606.9344800759645,6606.981237809314,0.991624618152754,56142.70428268831,0.008375381847245955,0.008387658443129054,237.94451730877486,216.4596916188366,56400.1430662704,46.69441248107747,0.008385970334970258,3.4367905153968136e-06,238.32126173187808,0.09805942518699448
1.3177044300762262,0.001,7079457.843841373,7079.457843841373,7079.504611061792,0.9921800239085082,64453.13288247962,0.007819976091491765,0.007831552746361825,254.876215669132,231.8688333798246,64748.75741544064,53.60446097383336,0.007829974512578015,3.210158215218769e-06,255.2800492047378,0.10506289392892128
1.3177044300762262,0.001,7585775.750291821,7585.77575029182,7585.822526371341,0.9926988226699798,73994.26089016885,0.007301177330020225,0.007312085472991003,273.01886127650937,248.38002622964154,74333.7318112235,61.53769561659522,0.007310610136951083,2.9982995076103636e-06,273.45172140268767,0.11256724732802421
1.3177044300762262,0.001,8128305.161640995,8128.305161640995,8128.351945992889,0.9931833983976659,84948.38364064241,0.006816601602334105,0.006826872513982507,292.45905997351053,266.072088098045,85338.2004673733,70.64566490894458,0.00682549351943423,2.800273359794415e-06,292.92302272991583,0.12060830821118375
1.3177044300762262,0.001,8709635.899560796,8709.635899560795,8709.68269163691,0.9936359835105679,97524.80151952466,0.006364016489432078,0.006373681064566372,313.28961161,285.02947391827604,97972.42694810333,81.10236693201081,0.006372392253275761,2.6151958347548553e-06,313.78690150804516,0.12922446143533686
1.3177044300762262,0.001,9332543.007969886,9332.543007969885,9332.589807258139,0.994058668039327,111963.82066875698,0.005941331960673035,0.005950420518038624,335.6099530330157,305.3426787816298,112477.82329032973,93.10757512948466,0.00594921610821305,2.4422369995575007e-06,336.1429536748109,0.1384568371216682
1.3177044300762262,0.001,10000000.0,10000.0,10000.046806022048,0.9944534082894664,128541.34639758225,0.0055465917105336215,0.005555133842410909,359.52663275910515,327.1086699253727,129131.56455988984,106.89065680041035,0.005554008407939539,2.280617950566421e-06,360.09789821582973,0.1483495069946066
4.166947281934956,0.01,1e-05,1e-08,0.002412214863468124,0.008806941727323976,0.8433718611793468,0.991193058272676,-125.51338962783187,0.08164720222599262,0.9921373777958826,0.8433681747043659,5.302517957301301e-05,-125.93128078965725,0.09807059838042283,0.08165292674704695,2.8871570558448098e-05
4.166947281934956,0.01,1.071519305237607e-05,1.071519305237607e-08,0.0024122162044709736,0.008806935634456104,0.8433717104321604,0.9911930643655439,-125.51311266299315,0.08164728430076476,0.9921373842652944,0.8433680239651572,5.302521620157426e-05,-125.93100277641416,0.09807037010006035,0.08165300882378773,2.887159308391634e-05
4.166947281934956,0.01,1.1481536214968817e-05,1.1481536214968817e-08,0.002412217641380929,0.008806929105842848,0.8433715489036764,0.9911930708941572,-125.5128158908156,0.08164737224545586,0.992137391197382,0.8433678624452214,5.302525544976104e-05,-125.93070488085499,0.09807012549411133,0.08165309677058834,2.8871617220381618e-05
4.166947281934956,0.01,1.230268770812381e-05,1.2302687708123811e-08,0.0024122191810571282,0.008806922110322283,0.8433713758228332,0.9911930778896777,-125.51249789484662,0.08164746647987456,0.992137398625228,0.8433676893735369,5.3025297504923096e-05,-125.93038568116411,0.09806986339511484,0.08165319100726792,2.8871643083059645e-05
4.166947281934956,0.01,1.3182567385564074e-05,1.3182567385564074e-08,0.0024122208308492593,0.008806914614503232,0.843371190363417,0.9911930853854968,-125.51215715733852,0.08164756745385758,0.9921374065842986,0.843367503923934,5.3025342567809854e-05,-125.93004365384921,0.09806958255212297,0.08165329198367384,2.8871670795406805e-05
4.166947281934956,0.01,1.4125375446227555e-05,1.4125375446227556e-08,0.0024122225986326416,0.008806906582607157,0.843370991640127,0.9911930934173928,-125.51179205202371,0.08164767564941236,0.9921374151125822,0.8433673052111603,5.302539085352695e-05,-125.92967716649059,0.09806928162474852,0.08165340018182402,2.8871700489708405e-05
4.166947281934956,0.01,1.5135612484362071e-05,1.5135612484362072e-08,0.002412224492845819,0.008806897976297178,0.843370778704352,0.9911931020237028,-125.5114008363639,0.08164779158301587,0.9921374242507752,0.8433670922866529,5.3025442592563424e-05,-125.92928446994942,0.09806895917676706,0.08165351611820915,2.8871732307710245e-05
4.166947281934956,0.01,1.62181009735893e-05,1.6218100973589297e-08,0.002412226522530838,0.008806888754495059,0.8433705505396348,0.9911931112455049,-125.51098164322237,0.08164791580808464,0.9921374340424943,0.8433668641340093,5.3025498031891804e-05,-125.92886369002355,0.09806861366926582,0.08165364034625841,2.8871766401295432e-05
4.166947281934956,0.01,1.7378008287493764e-05,1.7378008287493763e-08,0.0024122286973764042,0.00880687887318417,0.8433703060568183,0.9911931211268158,-125.51053247195402,0.08164804891761765,0.992137444534489,0.8433666196641301,5.3025557436148254e-05,-125.92841281849499,0.09806824345329236,0.081653773458985,2.8871802933210068e-05
4.166947281934956,0.01,1.8620871366628657e-05,1.8620871366628656e-08,0.0024122310277641386,0.008806868285201748,0.8433700440888607,0.9911931317147983,-125.51005117889036,0.08164819154701898,0.9921374557768313,0.8433663577100345,5.3025621088892916e-05,-125.92792970358019,0.09806784676201534,0.08165391609180851,2.8871842077838284e-05
4.166947281934956,0.01,1.9952623149688786e-05,1.9952623149688786e-08,0.002412233524818116,0.008806856940011917,0.8433697633852499,0.9911931430599881,-125.50953546708838,0.08164834437713898,0.9921374678231684,0.8433660770212779,5.302568929396528e-05,-125.92741203964381,0.09806742170227738,0.08165406892559496,2.887188402203607e-05
4.166947281934956,0.01,2.1379620895022323e-05,2.1379620895022322e-08,0.0024122362004579748,0.008806844783465138,0.8433694626060438,0.9911931552165348,-125.50898287539322,0.08164850813751932,0.9921374807310283,0.8433657762579858,5.302576237693435e-05,-125.92685735620842,0.09806696624557176,0.08165423268990551,2.8871928966022886e-05
4.166947281934956,0.01,2.2908676527677746e-05,2.2908676527677746e-08,0.0024122390674558014,0.008806831757540321,0.8433691403154643,0.9911931682424597,-125.50839076668275,0.08164868360988108,0.9921374945619906,0.8433654539844624,5.302584068665138e-05,-125.92626300618217,0.09806647821837763,0.08165440816647634,2.887197712433678e-05
4.166947281934956,0.01,2.4547089156850286e-05,2.4547089156850285e-08,0.0024122421394971003,0.008806817800067222,0.8433687949750572,0.9911931821999328,-125.50775631531924,0.08164887163184846,0.992137509382077,0.8433651086623306,5.302592459691598e-05,-125.92562615322356,0.09806595529178445,0.08165459619295423,2.8872028726859196e-05
4.166947281934956,0.01,2.6302679918953814e-05,2.6302679918953814e-08,0.00241224543124611,0.008806802844430915,0.8433684249363432,0.9911931971555691,-125.50707649366545,0.08164907310095058,0.992137525262025,0.8433647386431975,5.3026014508258923e-05,-125.9249437582333,0.09806539497040284,0.08165479766689031,2.887208401991124e-05
4.166947281934956,0.01,2.818382931264455e-05,2.8183829312644547e-08,0.0024122489584157926,0.008806786819252845,0.8433680284329418,0.9911932131807472,-125.50634805763646,0.08164928897890986,0.9921375422776092,0.8433643421607778,5.3026110849854886e-05,-125.92421256485099,0.09806479458045546,0.08165501355002898,2.8872143267430296e-05
4.166947281934956,0.01,3.0199517204020192e-05,3.0199517204020194e-08,0.0024122527378428386,0.008806769648051542,0.8433676035721541,0.9911932303519485,-125.50556753126155,0.08164952029622477,0.9921375605100616,0.8433639173224714,5.3026214081569445e-05,-125.92342908394599,0.09806415125704503,0.08165524487289427,2.887220675222897e-05
4.166947281934956,0.01,3.235936569296281e-05,3.235936569296281e-08,0.0024122567875680223,0.008806751248876709,0.8433671483259121,0.9911932487511232,-125.50473119008522,0.0816497681570979,0.992137580046389,0.8433634621003209,5.302632469615503e-05,-125.92258957697145,0.09806346193048573,0.08165549273971347,2.8872274777345575e-05
4.166947281934956,0.01,3.467368504525317e-05,3.467368504525317e-08,0.002412261126922305,0.008806731533919483,0.8433666605211185,0.9911932684660805,-125.50383504345314,0.08165003374469569,0.9921376009798238,0.8433629743213416,5.30264432216009e-05,-125.9216900381629,0.09806272331169012,0.08165575833368287,2.8872347667489782e-05
4.166947281934956,0.01,3.715352290971728e-05,3.715352290971728e-08,0.002412265776619103,0.00880671040909277,0.8433661378292595,0.9911932895909072,-125.50287481546644,0.08165031832680444,0.9921376234102702,0.8433624516571412,5.302657022365406e-05,-125.92072617543448,0.09806193187648315,0.08165604292261991,2.8872425770592994e-05
4.166947281934956,0.01,3.9810717055349695e-05,3.9810717055349696e-08,0.0024122707588531455,0.00880668777358284,0.8433655777552892,0.9911933122264172,-125.50184592460575,0.08165062326188231,0.9921376474447854,0.84336189161281,5.302670630851902e-05,-125.91969338993282,0.09806108384881651,0.08165634786501312,2.8872509459468817e-05
4.166947281934956,0.01,4.265795188015926e-05,4.265795188015926e-08,0.0024122760974063977,0.008806663519369097,0.8433649776257371,0.9911933364806309,-125.50074346193372,0.08165095000553456,0.9921376731980583,0.8433612915150152,5.30268521257491e-05,-125.91858675413273,0.09806017518278554,0.08165667461650483,2.8872599133591674e-05
4.166947281934956,0.01,4.5708818961487516e-05,4.570881896148752e-08,0.002412281817761568,0.008806637530708452,0.8433643345759305,0.9911933624692916,-125.49956216767708,0.0816513001174715,0.992137700792996,0.8433606484992378,5.302700837134758e-05,-125.91740098835692,0.09805920154335188,0.08165702473684158,2.8872695221004034e-05
4.166947281934956,0.01,4.897788193684456e-05,4.897788193684456e-08,0.0024122879472237243,0.008806609683583627,0.8433636455363299,0.9911933903164164,-125.49829640619292,0.08165167526894791,0.9921377303612728,0.8433599594961005,5.3027175791088174e-05,-125.91613043563052,0.09805815828570016,0.08165739989731842,2.8872798180359088e-05
4.166947281934956,0.01,5.248074602497723e-05,5.248074602497723e-08,0.002412294515050604,0.0088065798451121,0.8433629072178778,0.9911934201548879,-125.49694013912602,0.08165207725074167,0.9921377620439993,0.8433592212167201,5.302735518407337e-05,-125.91476903474415,0.09805704043312315,0.08165780188875602,2.8872908503109356e-05
4.166947281934956,0.01,5.623413251903491e-05,5.6234132519034905e-08,0.002412301552592243,0.008806547872913021,0.8433621160963038,0.991193452127087,-125.49548689666686,0.08165250798169878,0.9921377959923504,0.8433584301370123,5.302754740654704e-05,-125.91331029139872,0.09805584265333377,0.08165823263004687,2.887302671585192e-05
4.166947281934956,0.01,6.0255958607435806e-05,6.025595860743581e-08,0.002412309093440591,0.008806513614427493,0.8433612683952963,0.9911934863855725,-125.49392974673606,0.08165296951789716,0.9921378323683274,0.8433575824808638,5.3027753375981e-05,-125.91174724727549,0.09805455923307253,0.08165869417731882,2.8873153382842238e-05
4.166947281934956,0.01,6.456542290346549e-05,6.456542290346549e-08,0.0024123171735898072,0.008806476906193166,0.8433603600684856,0.9911935230938068,-125.49226126200367,0.08165346406245663,0.9921378713455022,0.8433566742021231,5.302797407545028e-05,-125.91007244694019,0.09805318405093927,0.0816591887337424,2.8873289108685454e-05
4.166947281934956,0.01,6.918309709189363e-05,6.918309709189362e-08,0.0024123258316080423,0.008806437573063841,0.8433593867801353,0.9911935624269361,-125.4904734845511,0.08165399397605305,0.9921379131098448,0.8433557009652783,5.302821055832526e-05,-125.9082779023452,0.09805171054825133,0.08165971866005288,2.8873434541222883e-05
4.166947281934956,0.01,7.413102413009176e-05,7.413102413009177e-08,0.0024123351088214725,0.008806395427376282,0.8433583438844404,0.9911936045726237,-125.48855788799581,0.08165456178819058,0.9921379578606239,0.8433546581247754,5.302846395329519e-05,-125.90635505484639,0.09805013169786427,0.08166028648581243,2.887359037462224e-05
4.166947281934956,0.01,7.943282347242822e-05,7.943282347242822e-08,0.002412345049511507,0.008806350268054645,0.8433572264033635,0.9911936497319453,-125.48650533695141,0.08165517020927072,0.9921380058113549,0.8433535407028361,5.3028735469754476e-05,-125.90429473447415,0.09804843997073649,0.08166089492148983,2.8873757352691316e-05
4.166947281934956,0.01,8.51138038202376e-05,8.511380382023759e-08,0.0024123557011260883,0.008806301879654546,0.8433560290028734,0.9911936981203454,-125.48430604358047,0.08165582214353126,0.9921380571908157,0.8433523433657164,5.3029026403569947e-05,-125.90208711635479,0.09804662730015884,0.08166154687139014,2.8873936272425688e-05
4.166947281934956,0.01,9.120108393559096e-05,9.120108393559096e-08,0.0024123671145060885,0.008806250031336066,0.8433547459675004,0.9911937499686639,-125.48194952108719,0.08165652070290148,0.9921381122441147,0.8433510603982431,5.3029338143262804e-05,-125.89972167399368,0.09804468504340566,0.08166224544752014,2.887412798781228e-05
4.166947281934956,0.01,9.772372209558111e-05,9.772372209558111e-08,0.002412379344127903,0.008806194475764792,0.8433533711730438,0.9911938055242352,-125.47942453384945,0.08165726922186416,0.9921381712338947,0.8433496856765444,5.3029672176631504e-05,-125.89718712925281,0.09804260394067525,0.08166299398444053,2.887433341390378e-05
4.166947281934956,0.01,0.00010471285480508996,1.0471285480508996e-07,0.0024123924483633644,0.008806134947933916,0.843351898057358,0.9911938650520661,-125.47671904406266,0.08165807127336386,0.9921382344415597,0.8433482126388204,5.3030030097848515e-05,-125.8944713987672,0.0980403740711072,0.08166379605518229,2.8874553531184893e-05
4.166947281934956,0.01,0.0001122018454301963,1.122018454301963e-07,0.0024124064897582476,0.008806071163904342,0.8433503195890445,0.9911939288360957,-125.4738201545805,0.08165893068585653,0.9921383021686091,0.843346634254045,5.3030413615061105e-05,-125.89156153658004,0.09803798480569959,0.08166465548829333,2.8874789390248845e-05
4.166947281934956,0.01,0.00012022644346174131,1.2022644346174132e-07,0.00241242153533067,0.00880600281945121,0.8433486282338798,0.9911939971805488,-125.47071404765585,0.0816598515615906,0.9921383747380935,0.8433449429883939,5.3030824558540166e-05,-125.8884436726531,0.09803542475683764,0.08166557638612004,2.8875042116811436e-05
4.166947281934956,0.01,0.00012882495516931337,1.2882495516931338e-07,0.0024124376568908207,0.008805929588619093,0.8433468159188869,0.9911940704113809,-125.46738591940827,0.08166083829617342,0.9921384524961386,0.8433431307693191,5.303126488940459e-05,-125.88510294708357,0.0980326817243057,0.08166656314437465,2.8875312917079113e-05
4.166947281934956,0.01,0.00013803842646028838,1.380384264602884e-07,0.002412454931383538,0.00880585112216969,0.843344873993803,0.9911941488778303,-125.46381990958318,0.08166189559955479,0.9921385358136054,0.8433411889470127,5.303173670897468e-05,-125.88152343959077,0.0980297426374136,0.08166762047312161,2.8875603083504584e-05
4.166947281934956,0.01,0.00014791083881682073,1.4791083881682074e-07,0.002412473441255355,0.008805767045922109,0.8433427931898049,0.9911942329540779,-125.45999902635295,0.08166302851850464,0.9921386250878295,0.843339108253145,5.303224226878927e-05,-125.8776880940502,0.09802659349306399,0.08166875341925038,2.887591400095086e-05
4.166947281934956,0.01,0.00015848931924611142,1.584893192461114e-07,0.002412493274847786,0.00880567695897369,0.8433405635752917,0.9911943230410263,-125.45590506580626,0.0816642424606936,0.9921387207445227,0.8433368787566394,5.303278398134021e-05,-125.87357863766056,0.09802321928941624,0.08166996739056223,2.8876247153297326e-05
4.166947281934956,0.01,0.00016982436524617443,1.6982436524617443e-07,0.002412514526818698,0.008805580431795013,0.8433381745084952,0.991194419568205,-125.45151852571578,0.08166554322050218,0.9921388232398044,0.8433344898162941,5.303336443157175e-05,-125.86917549440045,0.0980196039548668,0.08167126818157519,2.887660413051669e-05
4.166947281934956,0.01,0.00018197008586099826,1.8197008586099827e-07,0.002412537298593796,0.008805477004188666,0.8433356145867162,0.9911945229958113,-125.44681851323209,0.08166693700666737,0.9921389330623834,0.8433319300300091,5.303398638920233e-05,-125.86445769235317,0.09801573027200106,0.08167266200117768,2.88769866362585e-05
4.166947281934956,0.01,0.00019498445997580456,1.9498445997580455e-07,0.0024125616988503466,0.00880536618310435,0.8433328715919161,0.9911946338168957,-125.4417826460248,0.08166843047191494,0.9921390507358441,0.8433291871803966,5.3034652821923636e-05,-125.85940276450177,0.09801157979619148,0.0816741555022531,2.8877396495972998e-05
4.166947281934956,0.01,0.00020892961308540387,2.0892961308540387e-07,0.0024125878440354664,0.008805247440297969,0.8433299324324425,0.991194752559702,-125.43638694648081,0.08167003074469877,0.9921391768211218,0.8433262481764979,5.303536690954265e-05,-125.8539866425063,0.0980071327684408,0.0816757558134262,2.8877835665616046e-05
4.166947281934956,0.01,0.00022387211385683378,2.2387211385683377e-07,0.002412615858921409,0.008805120209824007,0.8433267830805742,0.991194879790176,-125.43060572841244,0.08167174546321719,0.9921393119192294,0.8433230989913315,5.303613205913367e-05,-125.84818354298358,0.09800236802207807,0.08167747057308039,2.887830624097608e-05
4.166947281934956,0.01,0.000239883291901949,2.39883291901949e-07,0.0024126458772005324,0.00880498388535169,0.8433234085056044,0.9911950161146483,-125.42441147578235,0.08167358281186081,0.9921394566740809,0.8433197245949906,5.3036951921268446e-05,-125.84196584579334,0.09799726288290363,0.08167930796580058,2.8878810467665836e-05
4.166947281934956,0.01,0.0002570395782768865,2.570395782768865e-07,0.002412678042122727,0.008804837817289664,0.8433197926021561,0.9911951621827103,-125.41777471291623,0.08167555156025823,0.9921396117754971,0.8433161088829524,5.303783040740609e-05,-125.83530396374184,0.09799179306229765,0.08168127676142539,2.8879350751828372e-05
4.166947281934956,0.01,0.0002754228703338166,2.7542287033381663e-07,0.0024127125071782924,0.008804681309707725,0.8433159181133778,0.9911953186902923,-125.41066386559255,0.08167766110511192,0.992139777962561,0.8433122345992763,5.303877170851982e-05,-125.82816620314557,0.09798593254283886,0.08168338635688449,2.8879929671605712e-05
4.166947281934956,0.01,0.0002951209226666384,2.951209226666384e-07,0.002412749436829837,0.008804513617039258,0.8433117665486113,0.9911954863829607,-125.40304511230279,0.08167992151504642,0.9921399560270496,0.8433080832542859,5.303978031505954e-05,-125.82051861454615,0.09797965345585335,0.0816856468210429,2.888054998943116e-05
4.166947281934956,0.01,0.00031622776601683794,3.162277660168379e-07,0.0024127890072960893,0.008804333940552606,0.8433073180952365,0.9911956660594474,-125.39488222518622,0.08168234357863044,0.9921401468172014,0.8433036350364116,5.304086103832706e-05,-125.81232483303202,0.09797292595044717,0.08168806894272783,2.8881214665192303e-05
4.166947281934956,0.01,0.00033884415613920273,3.3884415613920274e-07,0.0024128314073922266,0.008804141424569593,0.8433025515241415,0.9911958585754304,-125.38613639968347,0.08168493885587308,0.9921403512417846,0.8432988687176667,5.304201903339123e-05,-125.80354590725149,0.097965718053276,0.08169066428222557,2.888192687034419e-05
4.166947281934956,0.01,0.0003630780547701014,3.630780547701014e-07,0.002412876839427745,0.008803935152428458,0.8432974440887183,0.9911960648475715,-125.37676607278539,0.08168771973324983,0.9921405702743172,0.8432937615526508,5.3043259823568666e-05,-125.7941401169779,0.0979579955189394,0.08169344522630793,2.8882690002987912e-05
4.166947281934956,0.01,0.00038904514499428044,3.8904514499428043e-07,0.0024129255201734805,0.008803714142138668,0.8432919714160814,0.9911962858578613,-125.36672672756087,0.08169069948296764,0.992140804957733,0.8432882891697651,5.3044589326786585e-05,-125.78406277688521,0.09794972166908021,0.08169642504750294,2.8883507704110542e-05
4.166947281934956,0.01,0.0004168693834703355,4.168693834703355e-07,0.0024129776818923865,0.008803477341753553,0.8432861073910818,0.9911965226582464,-125.35597068509601,0.08169389232615808,0.992141056409271,0.8432824254552542,5.304601388368022e-05,-125.77326602773864,0.09794085722118442,0.08169961796727875,2.8884383874895555e-05
4.166947281934956,0.01,0.00044668359215096305,4.4668359215096306e-07,0.002413033573446483,0.008803223624405271,0.843279824031795,0.9911967763755948,-125.3444468815111,0.0816973135007199,0.9921413258257656,0.8432761424286709,5.3047540287760605e-05,-125.76169861251908,0.09793136010504673,0.08170303922390304,2.888532269531141e-05
4.166947281934956,0.01,0.00047863009232263805,4.786300923226381e-07,0.0024130934614822065,0.008802951782991947,0.843273091356116,0.991197048217008,-125.33210062949597,0.08170097933401027,0.9921416144892838,0.8432694101095055,5.304917581771658e-05,-125.74930563710726,0.09792118526660049,0.0817067051451216,2.888632864401774e-05
4.166947281934956,0.01,0.0005128613839913648,5.128613839913648e-07,0.002413157631700255,0.008802660524493343,0.8432658772388941,0.9911973394755067,-125.31887336344657,0.0817049073206946,0.9921419237731918,0.8432621963743097,5.3050928272010896e-05,-125.73602831442261,0.09791028445821372,0.08171063322602096,2.8887406519688585e-05
4.166947281934956,0.01,0.0005495408738576248,5.495408738576248e-07,0.002413226390216044,0.008802348463886502,0.8432581472588268,0.9911976515361135,-125.30470236690385,0.08170911620618444,0.992142255148611,0.8432544668036086,5.305280600593896e-05,-125.72180369085827,0.09789860601450252,0.08171484221246117,2.8888561463857207e-05
4.166947281934956,0.01,0.0005888436553555889,5.888436553555889e-07,0.002413300065016609,0.008802014117636953,0.8432498645344974,0.9911979858823631,-125.28952048134477,0.08171362607599508,0.9921426101913097,0.8432461845179433,5.305481797130844e-05,-125.70656435396336,0.0978860946128129,0.0817193521904389,2.888979898538074e-05
4.166947281934956,0.01,0.000630957344480193,6.30957344480193e-07,0.0024133790075224816,0.00880165589673023,0.8432409895485871,0.9911983441032698,-125.27325579472488,0.08171845845155579,0.992142990589159,0.8432373100020926,5.305697375896745e-05,-125.6902381198132,0.09787269101709808,0.08172418468189968,2.88911249866657e-05
4.166947281934956,0.01,0.0006760829753919819,6.760829753919819e-07,0.002413463594259344,0.008801272099224221,0.8432314799597175,0.9911987279007758,-125.25583130899095,0.08172363639277017,0.9921433981500399,0.8432278009169276,5.305928364431057e-05,-125.6727476992751,0.09785833180455347,0.08172936274729906,2.889254579173589e-05
4.166947281934956,0.01,0.0007244359600749898,7.244359600749898e-07,0.0024135542286496596,0.008800860902275843,0.8432212904007578,0.9911991390977242,-125.23716458467767,0.08172918460796226,0.992143834810303,0.8432176118977295,5.30617586360426e-05,-125.65401034126293,0.09784294907345288,0.08173491109555261,2.8894068176315638e-05
4.166947281934956,0.01,0.0007762471166286912,7.762471166286911e-07,0.002413651342931559,0.008800420353616029,0.8432103722628012,0.9911995796463839,-125.21716736140519,0.08173512957164626,0.9921443026438507,0.8432066943381714,5.306441052838933e-05,-125.63393745180119,0.09782647013123512,0.08174085620180986,2.8895699400047033e-05
4.166947281934956,0.01,0.0008317637711026709,8.317637711026709e-07,0.00241375540021426,0.008799948362433209,0.843198673463733,0.9912000516375667,-125.1957451526357,0.08174149965070673,0.99214480387184,0.8431949961589107,5.3067251957008004e-05,-125.61243418727148,0.09780881716152089,0.08174722643363337,2.889744724099865e-05
4.166947281934956,0.01,0.0008912509381337459,8.912509381337459e-07,0.002413866896679696,0.00879944268962335,0.8431861382003172,0.9912005573103766,-125.17279681308516,0.08174832523957937,0.9921453408730476,0.8431824615596741,5.307029645885881e-05,-125.58939902017633,0.09778990686870839,0.08175405218618909,2.8899320032628713e-05
4.166947281934956,0.01,0.0009549925860214359,9.549925860214358e-07,0.002413986363940679,0.008798900937368409,0.8431727066826104,0.9912010990626315,-125.14821407703587,0.0817556389050841,0.9921459161949776,0.8431690307537054,5.307355853631122e-05,-125.56472327574946,0.09776965009880292,0.08176136602707315,2.89013267033734e-05
4.166947281934956,0.01,0.0010232929922807535,1.0232929922807535e-06,0.0024141143715666635,0.008798320537994033,0.8431583148494857,0.991201679462006,-125.12188106581208,0.08176347554157617,0.9921465325656956,0.843154639683281,5.307705372578382e-05,-125.53829063753763,0.09774795143495806,0.08176920285147951,2.8903476819048564e-05
4.166947281934956,0.01,0.0010964781961431851,1.096478196143185e-06,0.002414251529788925,0.00879769874206489,0.8431428940638884,0.9912023012579351,-125.09367376244361,0.08177187253717363,0.9921471929065265,0.8431392197150027,5.308079867123047e-05,-125.50997662013171,0.09772470876626921,0.08177760004841991,2.8905780628258868e-05
4.166947281934956,0.01,0.001174897554939529,1.1748975549395291e-06,0.0024143984923978437,0.008797032605658815,0.8431263707863996,0.9912029673943412,-125.06345945155753,0.08178086995184003,0.9921479003455614,0.843122697313367,5.308481120281914e-05,-125.47964800693386,0.09769981282810575,0.08178659767881738,2.8908249111033083e-05
4.166947281934956,0.01,0.0012589254117941675,1.2589254117941674e-06,0.002414555959845759,0.00879631897677703,0.8431086662255983,0.991203681023223,-125.03109612246713,0.08179051070815092,0.9921486582322219,0.8431049936911532,5.308911042115132e-05,-125.44716225102282,0.09767314671243861,0.08179623866627334,2.8910894030903555e-05
4.166947281934956,0.01,0.0013489628825916532,1.348962882591653e-06,0.002414724682569953,0.008795554480824629,0.8430896959635421,0.9912044455191754,-124.99643183321838,0.08180084079566803,0.9921494701525884,0.8430860244349193,5.3093716787420225e-05,-125.41236683680516,0.09764458534629625,0.08180656900145028,2.8913727990680107e-05
4.166947281934956,0.01,0.001445439770745928,1.445439770745928e-06,0.0024149054645511508,0.008794735505108864,0.8430693695546411,0.9912052644948911,-124.95930403339959,0.08181190948986868,0.9921503399460698,0.8430656991038953,5.309865221990904e-05,-125.37509860028945,0.09761399493662916,0.08181763796100647,2.8916764492171898e-05
4.166947281934956,0.01,0.0015488166189124811,1.548816618912481e-06,0.002415099167124135,0.008793858182288125,0.843047590096003,0.9912061418177118,-124.91953884330177,0.08182376958668605,0.992151271722898,0.8430439208003665,5.310394019727319e-05,-125.33518300557489,0.0975812323796539,0.08182949834213464,2.8920018000137108e-05
4.166947281934956,0.01,0.0016595869074375598,1.6595869074375599e-06,0.002415306713058113,0.00879291837270883,0.8430242537673098,0.9912070816272912,-124.87695028713664,0.08183647765372978,0.9921522698830653,0.8430205857095553,5.310960586907089e-05,-125.2924333751686,0.09754614463278412,0.08184220671379905,2.8923504010754228e-05
4.166947281934956,0.01,0.0017782794100389228,1.7782794100389227e-06,0.0024155290909257444,0.008791911645558124,0.8429992493379914,0.9912080883544419,-124.83133947767007,0.08185009429941592,0.992153339136363,0.8429955826068352,5.311567617404253e-05,-125.24665007159882,0.09750856804713728,0.08185582368586466,2.892723912493238e-05
4.166947281934956,0.01,0.0019054607179632462,1.9054607179632462e-06,0.0024157673597810002,0.008790833258761704,0.8429724576394573,0.9912091667412383,-124.78249374982757,0.08186468446124065,0.9921544845238486,0.8429687923299911,5.312217996666775e-05,-125.19761962778855,0.09746832765861878,0.08187041419737826,2.8931241126796865e-05
4.166947281934956,0.01,0.0020417379446695297,2.04173794466953e-06,0.0024160226541674107,0.008789678137548499,0.8429437509999088,0.9912103218624515,-124.73018574062958,0.08188031771456458,0.9921557114407096,0.8429400872140538,5.312914815256765e-05,-125.14511382354908,0.09742523643550477,0.08188604782536417,2.893552906771112e-05
4.166947281934956,0.01,0.002187761623949552,2.187761623949552e-06,0.0024162961894797228,0.008788440851603801,0.842912992639093,0.9912115591483962,-124.67417241278861,0.08189706860336564,0.9921570256606553,0.842909330486096,5.3136613833352556e-05,-125.08888870555987,0.09737909448047027,0.08190279911558071,2.8940123356218948e-05
4.166947281934956,0.01,0.0023442288153199225,2.3442288153199226e-06,0.002416589267703533,0.008787115590726596,0.8428800360202066,0.9912128844092734,-124.61419401934234,0.0819150169945014,0.9921584333618839,0.8428763756171707,5.3144612461556444e-05,-125.02868354815197,0.0973296881849769,0.08192074793679181,2.8945045854317327e-05
4.166947281934956,0.01,0.0025118864315095794,2.5118864315095793e-06,0.0024169032835591503,0.008785696138903117,0.842844724155934,0.9912143038610969,-124.54997300662558,0.08193424845715216,0.9921599411548339,0.8428410656283835,5.3153182006340674e-05,-124.96421975220457,0.0972767893339472,0.08193997986022093,2.895031998049926e-05
4.166947281934956,0.01,0.002691534803926914,2.6915348039269138e-06,0.0024172397310776536,0.008784175846709147,0.8428068888654255,0.9912158241532909,-124.48121285297245,0.08195485466921312,0.992161556111629,0.8428032323479155,5.316236313068847e-05,-124.89519967955061,0.09722015415874563,0.08196058656595165,2.8955970820030526e-05
4.166947281934956,0.01,0.0028840315031266055,2.8840315031266055e-06,0.0024176002106390355,0.008782547601944543,0.8427663499787716,0.9912174523980555,-124.40759684053823,0.08197693385254656,0.9921632857975188,0.8427626956155445,5.3172199380861286e-05,-124.82130542026374,0.09715952233648126,0.08198266627818843,2.896202524296133e-05
4.166947281934956,0.01,0.003090295432513589,3.090295432513589e-06,0.0024179864365042494,0.008780803798403954,0.8427229144853231,0.991219196201596,-124.32878675777916,0.08200059123912118,0.9921651383042261,0.84271926243101,5.3182737388934954e-05,-124.74219749034677,0.09709461593379623,0.08200632423140827,2.8968512030402525e-05
4.166947281934956,0.01,0.003311311214825911,3.311311214825911e-06,0.002418400244875134,0.00877893630268783,0.8426763756219742,0.9912210636973122,-124.24442153029155,0.08202593957020002,0.9921671222855878,0.8426727260423437,5.319402708927631e-05,-124.65751345751943,0.09702513829348013,0.08203167316956347,2.897546200962904e-05
4.166947281934956,0.01,0.0035481338923357532,3.5481338923357534e-06,0.002418843602518419,0.00877693641894702,0.8426265118971713,0.9912230635810529,-124.15411577774697,0.08205309963093653,0.9921692469952221,0.8426228649699454,5.320612194988586e-05,-124.56686649287718,0.09695077286233199,0.08205883388068308,2.8982908198617827e-05
4.166947281934956,0.01,0.0038018939632056127,3.801893963205613e-06,0.0024193186159923476,0.008774794851461338,0.8425730860462708,0.9912252051485386,-124.05745829516503,0.08208220082282383,0.9921715223266657,0.8425694419619907,5.321907921957345e-05,-124.46984384658258,0.0968711819590544,0.08208793576934068,2.8990885960656687e-05
4.166947281934956,0.01,0.004073802778041126,4.0738027780411255e-06,0.0024198275415159365,0.008772501664951624,0.8425158439135714,0.9912274983350484,-123.95401045710159,0.08211338177660996,0.9921739588560227,0.842512202876527,5.3232960191968803e-05,-124.36600524621944,0.0967860054813833,0.08211911746958533,2.8999433169689996e-05
4.166947281934956,0.01,0.004365158322401657,4.365158322401657e-06,0.002420372795529097,0.00877004624249878,0.8424545132554384,0.9912299537575012,-123.8433045426499,0.08214679100880277,0.992176567887012,0.8424508754846756,5.324783048757757e-05,-124.25488121571567,0.09669485955110359,0.0821525275014551,2.9008590387202668e-05
4.166947281934956,0.01,0.004677351412871981,4.677351412871981e-06,0.0024209569659806723,0.008767417241009271,0.8423888024602245,0.9912325827589907,-123.72484198261387,0.08218258762419178,0.9921793614989495,0.8423851681906163,5.326376035477253e-05,-124.13597131613085,0.09659733509843392,0.08218832497352259,2.9018401051253075e-05
4.166947281934956,0.01,0.005011872336272719,5.011872336272719e-06,0.0024215828244049586,0.008764602544072974,0.8423183991779298,0.991235397455927,-123.59809152645805,0.0822209420683375,0.9921823525974016,0.8423147686613328,5.3280824991233895e-05,-124.008742305991,0.09649299638434884,0.08222668033539805,2.9028911678661208e-05
4.166947281934956,0.01,0.005370317963702527,5.370317963702527e-06,0.0024222533388314413,0.008761589212149812,0.8422429688543788,0.9912384107878502,-123.46248733138378,0.0822620369329932,0.9921855549678121,0.8422393423608798,5.3299104886896896e-05,-123.8726262234947,0.09638137946327505,0.08226777618316712,2.9040172081087654e-05
4.166947281934956,0.01,0.005754399373371567,5.754399373371567e-06,0.0024229716875865163,0.008758363429974868,0.8421621531630489,0.9912416365700252,-123.31742697452438,0.08230606781833362,0.9921889833322619,0.8421585309822979,5.3318686189830183e-05,-123.72701839157011,0.09626199058756092,0.08231180812164432,2.9052235595975457e-05
4.166947281934956,0.01,0.006165950018614822,6.165950018614822e-06,0.0024237412740459106,0.008754910451095966,0.8420755683276463,0.991245089548904,-123.16226939096661,0.08235324425591395,0.9921926534092437,0.8420719507702896,5.333966109643242e-05,-123.571275348556,0.0961343045566615,0.08235898568735112,2.9065159333320935e-05
4.166947281934956,0.01,0.006606934480075957,6.606934480075958e-06,0.0024245657424006007,0.008751214539463512,0.8419828033280561,0.9912487854605365,-122.99633274152204,0.08240379069655253,0.9921965819768979,0.8419791907272802,5.336212826741769e-05,-123.40471270841948,0.0959977630149954,0.08240953333642173,2.907900443930499e-05
4.166947281934956,0.01,0.00707945784384138,7.07945784384138e-06,0.0024254489945027663,0.008747258908000766,0.8418834179817919,0.9912527410919992,-122.81889221552973,0.08245794756763769,0.9922007869394547,0.8418798106949836,5.338619327112871e-05,-123.22660295583661,0.09585177270367519,0.08246369150193245,2.9093836377878082e-05
4.166947281934956,0.01,0.007585775750291836,7.585775750291836e-06,0.002426395207862309,0.00874302565410132,0.841776940892624,0.9912569743458987,-122.62917777574435,0.08251597240462866,0.9922052873971674,0.8417733393031572,5.341196905577691e-05,-123.03617318320829,0.09569570367284344,0.08252171772542917,2.9109725231450423e-05
4.166947281934956,0.01,0.008128305161640988,8.128305161640988e-06,0.0024274088548685052,0.008738495692011945,0.8416628672575023,0.9912615043079881,-122.42637185420809,0.08257814106186555,0.9922101037198459,0.8416592717766539,5.343957645227927e-05,-122.8326027785595,0.09552888746298191,0.08258388786776671,2.912674602190611e-05
4.166947281934956,0.01,0.008709635899560805,8.709635899560804e-06,0.0024284947233157088,0.008733648682084552,0.8415406565223643,0.9912663513179154,-122.20960701027869,0.08264474900812589,0.9922152576238199,0.8415370675913867,5.346914470941716e-05,-122.61502107557055,0.09535061526556496,0.08265049740469028,2.9144979053222928e-05
4.166947281934956,0.01,0.009332543007969905,9.332543007969904e-06,0.002429657938316395,0.0087284629569023,0.8414097298768717,0.9912715370430977,-121.9779635645523,0.08271611271271552,0.9922207722525179,0.8414061479692154,5.35008120631064e-05,-122.38250497949561,0.09516013607559583,0.0827218628129613,2.9164510277049416e-05
4.166947281934956,0.01,0.01,1e-05,0.0024309039856894956,0.008722915444318958,0.8412694675774962,0.9912770845556811,-121.73046722529605,0.08279257112826648,0.9922266722607396,0.8412658932012045,5.353472634161298e-05,-122.1340765857015,0.09495665485113806,0.08279832305318766,2.9185431682656522e-05
4.166947281934956,0.01,0.01071519305237606,1.071519305237606e-05,0.0024322387369167158,0.008716981587480254,0.8411192060877525,0.9912830184125198,-121.46608672726728,0.08287448727682178,0.9922329839023001,0.8411156397880415,5.3571045608605264e-05,-121.86870081077436,0.09473933069771458,0.08288024115594365,2.92078417127562e-05
4.166947281934956,0.01,0.01148153621496883,1.1481536214968829e-05,0.002433668475764401,0.008710635261944277,0.8409582350237635,0.9912893647380557,-121.1837315065763,0.08296224994618488,0.9922397351213317,0.8409546773858068,5.360993884595961e-05,-121.58528305996818,0.09450727509872568,0.08296800591815451,2.9231845706743566e-05
4.166947281934956,0.01,0.012302687708123811,1.230268770812381e-05,0.0024351999266736144,0.008703848690060944,0.8407857938926487,0.9912961513099391,-120.88224943936082,0.08305627550397143,0.9922469556467322,0.8407822455445718,5.365158667827324e-05,-121.2826669588556,0.09425955021652409,0.0830620337171915,2.925755637299618e-05
4.166947281934956,0.01,0.013182567385564075,1.3182567385564074e-05,0.0024368402850264413,0.00869659235282851,0.8406010686105034,0.9913034076471715,-120.5604246766213,0.0831570098372877,0.9922546770900397,0.8405975302266138,5.369618214105242e-05,-120.95963218170444,0.09399516729274392,0.08316277045059219,2.9285094291934234e-05
4.166947281934956,0.01,0.01412537544622754,1.412537544622754e-05,0.0024385972493999168,0.008688834899517817,0.8404031877862435,0.9913111651004822,-120.21697561311365,0.08326493042632903,0.9922629330459827,0.840399660090519,5.3743931494491665e-05,-120.6148924146301,0.09371308518114924,0.0832706936097019,2.931458845158466e-05
4.166947281934956,0.01,0.015135612484362071,1.5135612484362071e-05,0.00244047905593062,0.00868054305539961,0.8401912187561563,0.9913194569446004,-119.8505530326443,0.08338054856109653,0.9922717591959119,0.8401877025260002,5.3795055084910695e-05,-120.24709349602325,0.09341220905003599,0.08338631449644292,2.934617681756481e-05
4.166947281934956,0.01,0.0162181009735893,1.62181009735893e-05,0.0024424945149065596,0.00867168152804967,0.8399641633545409,0.9913283184719504,-119.45973848059401,0.08350441171026855,0.9922811934133265,0.8399606594248511,5.384978825554447e-05,-119.85481178535574,0.09309138929838626,0.08351018059222787,2.9380006939265392e-05
4.166947281934956,0.01,0.017378008287493744,1.7378008287493744e-05,0.0024446530497218787,0.008662212912737926,0.8397209534036066,0.9913377870872621,-119.04304291874813,0.08363710605262571,0.9922912758712746,0.8397174626711466,5.3908382308681043e-05,-119.43655281556158,0.09274942073341198,0.08364287808945181,2.941623659430093e-05
4.166947281934956,0.01,0.018620871366628676,1.8620871366628678e-05,0.0024469647383258773,0.008652097597562136,0.8394604459059947,0.9913479024024379,-118.5989057265014,0.08377925918150339,0.9923020491508605,0.839456969334132,5.397110552076986e-05,-118.99075029346517,0.09238504206478677,0.08378503459599294,2.9455034473185867e-05
4.166947281934956,0.01,0.01995262314968879,1.995262314968879e-05,0.0024494403573070197,0.008641293669084086,0.8391814179221654,0.9913587063309159,-118.12569411974673,0.08393154299355693,0.9923135583503602,0.8391779565459946,5.4038244212088255e-05,-118.51576551975852,0.09199693577663036,0.08393732202403809,2.949658090630978e-05
4.166947281934956,0.01,0.021379620895022326,2.1379620895022326e-05,0.0024520914287572484,0.008629756819367803,0.8388825611141849,0.9913702431806322,-117.62170306715215,0.08409467677374817,0.992325851193912,0.8388791160460531,5.411010387233798e-05,-118.00988730856355,0.09158372844525887,0.08410045967514018,2.9541068635304424e-05
4.166947281934956,0.01,0.022908676527677724,2.2908676527677725e-05,0.002454930270067045,0.008617440255465078,0.8385624759366374,0.9913825597445349,-117.0851557921587,0.08426943048916542,0.9923389781389621,0.8385590483721312,5.418701034329717e-05,-117.47133249532041,0.09114399157772494,0.08427521753410175,2.9588703630921044e-05
4.166947281934956,0.01,0.024547089156850284,2.4547089156850282e-05,0.002457970046806807,0.008604294612552266,0.838219665454691,0.9913957053874477,-116.51420495807741,0.08445662830497704,0.9923529924813502,0.8382162566791099,5.4269311059353356e-05,-116.89824713071033,0.09067624305329926,0.0844624197850038,2.963970595955039e-05
4.166947281934956,0.01,0.026302679918953815,2.6302679918953814e-05,0.0024612248288547953,0.008590267872106675,0.8378525287686385,0.9914097321278933,-115.90693464281074,0.08465715233654751,0.992367950456517,0.8378491401640114,5.435737634635106e-05,-116.28870846759736,0.09017894925731935,0.08466294856339458,2.9694310700500945e-05
4.166947281934956,0.01,0.028183829312644522,2.818382931264452e-05,0.0024647096499367097,0.008575305286693183,0.837459354023545,0.9914246947133069,-115.26136321875394,0.0848719466525217,0.9923839113356804,0.8374559870762222,5.445160077873925e-05,-115.6407278569474,0.08965052800370009,0.08487774795945957,2.975276891613376e-05
4.166947281934956,0.01,0.03019951720402016,3.019951720402016e-05,0.0024684405707460235,0.008559349313143,0.8370383109820428,0.991440650686857,-114.57544726226196,0.08510202154445498,0.9924009375150276,0.837034967290924,5.455240459443534e-05,-114.95225467762627,0.08908935234908913,0.08510782828773636,2.981534867689032e-05
4.166947281934956,0.01,0.03235936569296281,3.2359365692962816e-05,0.0024724347458183337,0.008542339556121463,0.836587443137784,0.9914576604438785,-113.8470866252772,0.08534845807937111,0.9924190945961612,0.8365841244232459,5.466023516616083e-05,-114.22118143315305,0.0884937554074966,0.08535427063976163,2.9882336143172822e-05
4.166947281934956,0.01,0.034673685045253165,3.467368504525317e-05,0.0024767104943365552,0.008524212724310082,0.8361046593466394,0.99147578727569,-113.07413080896153,0.08561241295245085,0.992438451455634,0.836101367460215,5.4775568527212345e-05,-113.44535015575629,0.08786203627910086,0.08561823173685762,2.9954036705919562e-05
4.166947281934956,0.01,0.03715352290971724,3.715352290971724e-05,0.002481287375047054,0.00850490260166893,0.8355877249524338,0.9914950973983311,-112.25438678504503,0.08589512365788475,0.9924590803011578,0.835584461887318,5.4898910948693826e-05,-112.62256026398107,0.08719246721041403,0.08590094910108645,3.0030776187560865e-05
4.166947281934956,0.01,0.03981071705534969,3.9810717055349695e-05,0.002486186265469679,0.008484340036481243,0.8350342523838089,0.9915156599635188,-111.38562841444516,0.08619791399679497,0.9924810567120763,0.8350310202862674,5.5030800564147316e-05,-111.75057802392345,0.08648330210445868,0.0862037465632784,3.011290210484513e-05
4.166947281934956,0.01,0.04265795188015926,4.265795188015926e-05,0.00249142944558716,0.008462452951133969,0.8344416911989088,0.991537547048866,-110.46560761421253,0.0865221999419423,0.992504459661033,0.8344384923806674,5.5171809036231845e-05,-110.82714776564063,0.08573278649881341,0.08652804012785552,3.020078499476405e-05
4.166947281934956,0.01,0.04570881896148747,4.570881896148747e-05,0.0024970406862015204,0.00843916637581795,0.8338073175547464,0.991560833624182,-109.49206742186085,0.08686949587983517,0.9925293715138908,0.8338041545064545,5.532254325862191e-05,-109.85000500429302,0.08493916912536546,0.08687534421506157,3.0294819804498858e-05
4.166947281934956,0.01,0.04897788193684461,4.897788193684461e-05,0.002503045342147052,0.008414402509566056,0.8331282230786793,0.991585597490434,-108.46275710037887,0.08724142125166573,0.9925558780046381,0.833125098484559,5.548364708457076e-05,-108.81689160975228,0.08410071515806462,0.08724727830202124,3.0395427345918912e-05
4.166947281934956,0.01,0.05248074602497723,5.248074602497723e-05,0.0025094704505514175,0.008388080812246916,0.8324013031202089,0.991611919187753,-107.37544941643183,0.0876397076153473,0.9925840681816427,0.8323982198739713,5.565580307160934e-05,-107.72557315749576,0.08321572124283004,0.0876455739849212,3.0503055814709675e-05
4.166947281934956,0.01,0.056234132519034905,5.623413251903491e-05,0.002516344834334929,0.008360118131327095,0.8316232443628317,0.9916398818686729,-106.22796020824691,0.08806620615154756,0.9926140343216897,0.8316202055850086,5.583973422948448e-05,-106.57385857761915,0.08228253238704503,0.08807208248518172,3.0618182373593214e-05
4.166947281934956,0.01,0.060255958607435746,6.0255958607435745e-05,0.0025236992111560756,0.008330428867281475,0.8307905117755323,0.9916695711327185,-105.01817033388387,0.0885228956383313,0.9926458718079606,0.8307875208323368,5.603620575625938e-05,-105.35962219274052,0.08129956076073648,0.08852878262425581,3.074131479871918e-05
4.166947281934956,0.01,0.06456542290346556,6.456542290346556e-05,0.0025315663079706267,0.008298925181794417,0.8298993348905254,0.9917010748182056,-103.7440500669098,0.08901189091705189,0.9926796789678719,0.8298963954143803,5.6246026743356156e-05,-104.08082821183726,0.08026530643765162,0.08901778928968786,3.087299318679752e-05
4.166947281934956,0.01,0.06918309709189363,6.918309709189363e-05,0.002539980981444855,0.00826551725261269,0.8289456933885753,0.9917344827473873,-102.40368595529162,0.08953545187713363,0.9927155568671402,0.8289428093004805,5.6470051828810686e-05,-102.73555769561699,0.07917838005774817,0.08954136242006731,3.101379172081561e-05
4.166947281934956,0.01,0.07413102413009169,7.41310241300917e-05,0.002548980344395908,0.008230113579145644,0.8279253019849552,0.9917698864208544,-100.99531012276826,0.09009599298335035,0.9927536090559369,0.827922477518837,5.670918277221013e-05,-101.32203797221757,0.07803752735752718,0.09010191653250324,3.116432048990046e-05
4.166947281934956,0.01,0.07943282347242814,7.943282347242814e-05,0.0025586038984852133,0.008192621342531568,0.8268335946078791,0.9918073786574685,-99.51733192512351,0.09069609337258476,0.9927939412635908,0.8268308343371285,5.696436992167973e-05,-99.8386744150051,0.07684165545494163,0.09070203081958271,3.132522735844272e-05
4.166947281934956,0.01,0.08511380382023759,8.511380382023758e-05,0.0025688936733800805,0.008152946823685737,0.8256657078687678,0.9918470531763143,-97.96837180804805,0.09133850754597966,0.9928366610382153,0.8256630167351492,5.7236613537824345e-05,-98.28408442810728,0.07558986071676445,0.09134445984174484,3.1497199877833984e-05
4.166947281934956,0.01,0.09120108393559097,9.120108393559096e-05,0.002579894372615403,0.00811099588238883,0.8244164638293144,0.9918890041176112,-96.34729713269378,0.0920261766827667,0.9928818773284726,0.824413847174454,5.752696493411119e-05,-96.65713340445562,0.07428145796586334,0.09203214484135408,3.168096723260362e-05
4.166947281934956,0.01,0.09772372209558101,9.772372209558101e-05,0.002591653526403194,0.00806667449989456,0.8230803520778708,0.9919333255001055,-94.65325964545177,0.09276224060179754,0.9929297000047905,0.8230778156775553,5.7836527386933644e-05,-94.95697233116756,0.07291601070873974,0.09276822570449625,3.187730221083292e-05
4.166947281934956,0.01,0.10471285480508985,0.00010471285480508985,0.0026042216516419096,0.008019889386841682,0.8216515111385249,0.9919801106131583,-92.88573417210874,0.09355005039521079,0.9929802393183861,0.82164906124007,5.8166456761161736e-05,-93.18307662033763,0.0714933619821386,0.09355605359493051,3.208702318626155e-05
4.166947281934956,0.01,0.1122018454301963,0.0001122018454301963,0.002617652419457353,0.00797054865711954,0.8201237092409457,0.9920294513428805,-91.04455800289456,0.0943931817610107,0.9930336052974258,0.8201213526038525,5.8517961790557166e-05,-91.33528562917107,0.07001366532351352,0.09439920428700356,3.2310996097875354e-05
4.166947281934956,0.01,0.12022644346174131,0.00012022644346174131,0.0026320028305355826,0.007918562567608147,0.8184903245035893,0.9920814374323919,-89.1299703387052,0.09529544905334462,0.993089907080182,0.8184880684438125,5.889230394092714e-05,-89.41384223696843,0.06847741529232163,0.09530149221627576,3.2550136408125015e-05
4.166947281934956,0.01,0.12882495516931322,0.00012882495516931323,0.002647333398671186,0.007863844321934496,0.8167443245841987,0.9921361556780655,-87.14265103877165,0.09626092007471607,0.9931492521871617,0.8167421770222618,5.929079677736446e-05,-87.41943171580135,0.06688547686635887,0.09626698527215398,3.280541101965065e-05
4.166947281934956,0.01,0.13803842646028838,0.00013803842646028838,0.002663708342913785,0.007806310935228998,0.8148782458794505,0.992193689064771,-85.0837578125624,0.09729393162588602,0.9932117457350051,0.8148762153927526,5.9714804743718195e-05,-85.3532190341582,0.06523911296426835,0.09730002034824214,3.3077840125074816e-05
4.166947281934956,0.01,0.1479108388168207,0.0001479108388168207,0.002681195788794915,0.0077458841550349005,0.8128841723721478,0.9922541158449651,-82.95496089042214,0.09839910582777929,0.9932774895968572,0.8128822682517414,6.016574125150666e-05,-83.21688362405641,0.06354000926688479,0.09840521966477414,3.3368498960741834e-05
4.166947281934956,0.01,0.1584893192461114,0.0001584893192461114,0.002699867979180577,0.007682491431730943,0.8107537142497555,0.9923175085682691,-80.75847411914684,0.0995813672242475,0.9933465815158627,0.8107519465619036,6.0645065962062086e-05,-81.01265055372738,0.06179029545208107,0.09958750787198337,3.367851943017731e-05
4.166947281934956,0.01,0.16982436524617425,0.00016982436524617424,0.0027198014953794944,0.007616066929871139,0.8084779864464996,0.9923839330701288,-78.4970813588799,0.10084596066830713,0.9934191141799469,0.8084763660993493,6.115428113123779e-05,-78.74331697808175,0.059992561919031726,0.10085212993702539,3.400909155740448e-05
4.166947281934956,0.01,0.18197008586099825,0.00018197008586099824,0.0027410774892353343,0.007546552569826275,0.8060475872945753,0.9924534474301737,-76.1741570148787,0.10219846998650352,0.9934951742686001,0.8060461261102231,6.169492687020363e-05,-76.41227269629724,0.05814987106533247,0.10220466980914848,3.436146472382914e-05
4.166947281934956,0.01,0.19498445997580455,0.00019498445997580456,0.002763781927044194,0.007473899087073431,0.8034525775084275,0.9925261009129266,-73.79367952843585,0.10364483740627263,0.993574841483909,0.803451288300669,6.226857515870684e-05,-74.02351363689203,0.0562657621995819,0.10365106984799413,3.473694863511756e-05
4.166947281934956,0.01,0.2089296130854041,0.0002089296130854041,0.00278800584626666,0.0073980670944930925,0.8006824597706049,0.9926019329055069,-71.3602366826064,0.10519138371906316,0.9936581875806023,0.8006813564286385,6.287682242869563e-05,-71.58164712239821,0.05434424922792822,0.10519765098780642,3.5136913956241645e-05
4.166947281934956,0.01,0.22387211385683378,0.00022387211385683378,0.002813845626147811,0.007319028131185049,0.7977261592390765,0.992680971868815,-68.87902165628225,0.10684482913713332,0.9937452754111341,0.7977252568173393,6.352128051645409e-05,-69.09188784416412,0.05238981034969016,0.10685113359552509,3.5562792543554875e-05
4.166947281934956,0.01,0.239883291901949,0.000239883291901949,0.0028414032735181163,0.007236765679688136,0.7945720053547152,0.9927632343203119,-66.35581888890506,0.10861231478401329,0.9938361580041174,0.7945713201690185,6.420356576052954e-05,-66.56004360745564,0.050407369136960985,0.10861865896276189,3.6016077192293805e-05
4.166947281934956,0.01,0.25703957827688645,0.0002570395782768865,0.002870786725217058,0.007151276132188732,0.7912077153957363,0.9928487238678113,-63.79697900112333,0.11050142473653375,0.9939308776954076,0.7912072651257385,6.492528600082717e-05,-63.99249009093709,0.04840226655695495,0.11050781134962873,3.649832080609074e-05
4.166947281934956,0.01,0.27542287033381635,0.00027542287033381635,0.0029021101688191035,0.007062569685266566,0.7876203802969675,0.9929374303147335,-61.20938224871407,0.11252020851347412,0.9940294653322911,0.7876201840949082,6.568802521313166e-05,-61.39613409782349,0.04638022371794329,0.112526640475523,3.701113488283375e-05
4.166947281934956,0.01,0.2951209226666384,0.0002951209226666384,0.0029354943833870073,0.006970671142766072,0.7837964533564216,0.9930293288572339,-58.600390287312656,0.11467720386492837,0.9941319395714389,0.7837965319619187,6.649332548716659e-05,-58.77836507758274,0.04434729539250585,0.114683684311019,3.755618719422759e-05
4.166947281934956,0.01,0.31622776601683794,0.00031622776601683794,0.002971067102487075,0.00687562060571252,0.779721742515545,0.9931243793942874,-55.97778633164661,0.1169814596988662,0.9942383062918917,0.7797221183759704,6.734266604191869e-05,-56.146995004468224,0.04230981464412427,0.11698799200746716,3.8135198525442355e-05
4.166947281934956,0.01,0.3388441561392027,0.00033884415613920273,0.0030089634015952878,0.006777474029947071,0.775381407045832,0.9932225259700529,-53.349704187038746,0.11944255891745939,0.9943485581429256,0.7753821044416151,6.823743894397355e-05,-53.51018709489653,0.04027432921654596,0.11944914673692303,3.874993831869621e-05
4.166947281934956,0.01,0.363078054770101,0.000363078054770101,0.003049326112487987,0.006676303632981525,0.770759959568535,0.9933236963670184,-50.724546998161124,0.12207064090068445,0.9944626742456791,0.770761004742365,6.917892118337602e-05,-50.87637421416804,0.038247530647064015,0.12207728818006032,3.940221905006156e-05
4.166947281934956,0.01,0.3890451449942805,0.0003890451449942805,0.003092306267361337,0.006572198134008741,0.7658412744761527,0.9934278018659912,-48.11089695989599,0.12487642331145446,0.9945806200655527,0.7658426957646408,7.016824274711562e-05,-48.25416822428616,0.03623617737944646,0.12488313433647347,4.009388914799202e-05
4.166947281934956,0.01,0.4168693834703355,0.00041686938347033545,0.0031380635756744924,0.006465262813834015,0.760608603966354,0.993534737186166,-45.517417612783284,0.12787122283096627,0.9947023474692276,0.7606104319322613,7.120635032508293e-05,-45.65226190343906,0.034247013434843494,0.12787800226620233,4.0826824242205886e-05
4.166947281934956,0.01,0.44668359215096254,0.00044668359215096256,0.003186766937041005,0.0063556193847658805,0.7550446030420324,0.9936443806152341,-42.95275068616542,0.1310669743633677,0.9948277949775403,0.7550468706045229,7.22939662892205e-05,-43.07932540917264,0.03228668443711091,0.1310738273018153,4.160291651281542e-05
4.166947281934956,0.01,0.47863009232263803,0.00047863009232263805,0.0032385949934498532,0.006243405665182224,0.7491313650246345,0.9937565943348178,-40.42540975988645,0.13447624814530104,0.9949568882204856,0.7491341075843421,7.343154259669846e-05,-40.54389956571889,0.030361652985530424,0.13448318016682595,4.242406188547036e-05
4.166947281934956,0.01,0.5128613839913648,0.0005128613839913648,0.0032937367249389346,0.006128775056528074,0.7428504692248227,0.9938712249434719,-37.943673203069345,0.13811226414061176,0.9950895405982264,0.7428537247795897,7.461920931453436e-05,-38.05428844366749,0.028478115456707854,0.13811928138106047,4.32921448099281e-05
4.166947281934956,0.01,0.5495408738576248,0.0005495408738576249,0.003352392092318196,0.006011895826952169,0.7361830426678627,0.9939881041730478,-35.5154790228323,0.14198890294596844,0.9952256541450224,0.7361868519140691,7.58567175000318e-05,-35.61845387451504,0.026641922382321864,0.14199601217903368,4.420902033214568e-05
4.166947281934956,0.01,0.5888436553555884,0.0005888436553555884,0.0034147727314253165,0.005892950209089107,0.7291098378574724,0.9941070497909109,-33.14832425422556,0.1461207123618278,0.9953651205905649,0.7291142442706441,7.714337626655257e-05,-33.243914540291556,0.02485850446881512,0.1461279210962007,4.5176493169772804e-05
4.166947281934956,0.01,0.630957344480193,0.000630957344480193,0.0034811027032915897,0.00577213332497684,0.7216113287480188,0.9942278666750232,-30.84917146899759,0.1505229086384855,0.9955078226070881,0.7216163786350536,7.847798396939411e-05,-30.937652223880296,0.02313280619802663,0.15053022523331283,4.61962934914523e-05
4.166947281934956,0.01,0.6760829753919819,0.000676082975391982,0.003551619304943591,0.005649651955276194,0.7136678272062025,0.9943503480447238,-28.624364796565466,0.1552113712849809,0.9956536352270884,0.7136735697200431,7.985875360091434e-05,-28.706027620061732,0.02146922871882311,0.15521880508719196,4.72700491071489e-05
4.166947281934956,0.01,0.7244359600749891,0.0007244359600749891,0.0036265739457887348,0.0055257231739809275,0.7052596223338914,0.9944742768260191,-26.47955757300316,0.1602026301935142,0.9958024274120685,0.7052661094397912,8.128323268147837e-05,-26.55470782811031,0.019871583442630826,0.1602101917012297,4.8399253793547825e-05
4.166947281934956,0.01,0.7762471166286912,0.0007762471166286912,0.0037062330947770852,0.0054005728731832455,0.6963671450621555,0.9945994271268167,-24.419653367147003,0.16551384369652036,0.9959540637495695,0.6963744314427774,8.274821818363975e-05,-24.48860727820309,0.01834305739873964,0.16552154475353578,4.9585231511198084e-05
4.166947281934956,0.01,0.8317637711026709,0.0008317637711026709,0.003790879303783591,0.005274434205114193,0.686971160397049,0.9947255657948858,-22.448761695375527,0.1711627660408535,0.9961084062530812,0.6869793032817677,8.424966733759304e-05,-22.511843404442484,0.01688619100710343,0.17117062006799566,5.082909632223147e-05
4.166947281934956,0.01,0.8912509381337459,0.0008912509381337459,0.0038808123129336785,0.005147545970476086,0.6770529895782933,0.9948524540295239,-20.570169249601296,0.17716770264026876,0.9962653162373197,0.6770620484800458,8.578260554245029e-05,-20.6277078882821,0.015502868507209283,0.17717572491038924,5.213170789388028e-05
4.166947281934956,0.01,0.9549925860214349,0.0009549925860214349,0.0039763502437493384,0.005020150983201776,0.6665947641963891,0.9949798490167983,-18.786326953890928,0.18354745135042347,0.996424656240401,0.6666048005375607,8.734103305174543e-05,-18.838653785181254,0.014194320865094407,0.18355565931480194,5.3493622576215785e-05
4.166947281934956,0.01,1.0232929922807537,0.0010232929922807537,0.004077830886779238,0.004892494441168485,0.6555797138940523,0.9951075055588315,-17.098852644688208,0.19032122795885756,0.9965862919648741,0.6555907905011464,8.891783262641263e-05,-17.14629832513858,0.012961140576724265,0.19032964163391633,5.4915040188345434e-05
4.166947281934956,0.01,1.096478196143185,0.0010964781961431851,0.0041856130896459525,0.004764822333022354,0.6439924888630938,0.9952351776669777,-15.508548704231206,0.19750857396287796,0.9967500942086723,0.6440046693087371,9.050468091561309e-05,-15.551440711024776,0.01180330744417323,0.19751721638720368,5.639574680980586e-05
4.166947281934956,0.01,1.174897554939528,0.001174897554939528,0.004300078253284838,0.004637379907669943,0.631819517462994,0.99536262009233,-14.015433510024867,0.20512924480580236,0.9969159407606837,0.631832865233138,9.209196699384743e-05,-14.05409377067923,0.010720224079044731,0.20513814257865545,5.7935054116027516e-05
4.166947281934956,0.01,1.2589254117941662,0.0012589254117941662,0.00442163194321457,0.004510410232504604,0.6190493984925847,0.9954895897674954,-12.618785216353322,0.21320307671382907,0.9970837182358194,0.6190639759572185,9.366872214707738e-05,-12.653527971198065,0.009710759672215592,0.2132122606273183,5.953173604541737e-05
4.166947281934956,0.01,1.3489628825916533,0.0013489628825916534,0.0045507056239010284,0.004384152862538786,0.6056733263792906,0.9956158471374612,-11.317196076345494,0.22174983046626284,0.9972533238284791,0.6056891935466063,9.522256571636589e-05,-11.348325995896566,0.008773300397839008,0.2217593362443117,6.118396391314644e-05
4.166947281934956,0.01,1.4454397707459279,0.001445439770745928,0.004687758524505277,0.004258842639698652,0.5916855461400161,0.9957411573603013,-10.10863531348547,0.23078901064791327,0.9974246669656558,0.5917027591775548,9.673967248570086e-05,-10.136445884797709,0.007905804738821118,0.23079887980567249,6.288924144744781e-05
4.166947281934956,0.01,1.5488166189124795,0.0015488166189124794,0.004833279644897907,0.004134708637946628,0.5770838332608849,0.9958652913620534,-8.99051843681943,0.24033965928127796,0.9975976708448201,0.57710244277291,9.820476771334022e-05,-9.01529062510739,0.007105862009314745,0.24034994011880353,6.4644341633399e-05
4.166947281934956,0.01,1.6595869074375598,0.0016595869074375598,0.004987789911427231,0.0040119732662422395,0.5618699916861093,0.9959880267337577,-7.9597808687423335,0.25042012321160245,0.9977722738449568,0.5618900407449203,9.960115638346684e-05,-7.9817820533212736,0.006370752405779058,0.25043087195513286,6.644524769321717e-05
4.166947281934956,0.01,1.7782794100389228,0.0017782794100389228,0.005151844492595236,0.003890851537735875,0.5460503609227164,0.9961091484622642,-7.0129538104011075,0.2610477952379353,0.9979484308027098,0.5460718828633538,0.00010091079352025022,-7.032436987535407,0.005697507031849903,0.2610590773407026,6.828710099744652e-05
4.166947281934956,0.01,1.9054607179632443,0.0019054607179632443,0.005326035285502001,0.0037715505101346626,0.5296363209115774,0.9962284494898653,-6.146240396910339,0.27223882975829394,0.9981261141490747,0.529659336914651,0.00010211440236967862,-6.163443636615668,0.005082966502217518,0.2722507213703095,7.016415916692434e-05
4.166947281934956,0.01,2.0417379446695274,0.0020417379446695276,0.005510993584941953,0.0036542688988302824,0.5126447808416903,0.9963457311011698,-5.355590378348396,0.2840078346506225,0.9983053149051119,0.5126692973480651,0.00010319164681931277,-5.370736517673915,0.004523836923468155,0.28402042426303625,7.206976806535381e-05
4.166947281934956,0.01,2.1877616239495516,0.0021877616239495516,0.005707392946996405,0.0035391968621098537,0.4950986357344374,0.9964608031378901,-4.636771794425914,0.29636754215397554,0.9984860435373164,0.4951246417583457,0.0001041213634836352,-4.650068346303705,0.004016742267010501,0.29638093241804564,7.399635174555117e-05
4.166947281934956,0.01,2.344228815319923,0.002344228815319923,0.005915952262017349,0.00342651595396144,0.4770271721615153,0.9965734840460385,-3.985438357414023,0.3093284628989586,0.9986683306775186,0.47705463659480607,0.00010488185736495308,-3.9970776117475326,0.0035582723656324288,0.30934277261222554,7.593542469737003e-05
4.166947281934956,0.01,2.511886431509577,0.002511886431509577,0.006137439049842709,0.003316399239948869,0.4584664028216948,0.9966836007600511,-3.3971915410016056,0.32289852841564815,0.9988522277111143,0.4584952718504224,0.00010545126278364644,-3.407350833273909,0.003145025995588569,0.3229138946584239,7.787763081478988e-05
4.166947281934956,0.01,2.691534803926914,0.002691534803926914,0.006372672994074955,0.0032090115682280847,0.4394593080682652,0.9967909884317719,-2.8676366303231524,0.3370827290918834,0.9990378072418492,0.4394895028523962,0.00010580796838429414,-2.8764787524865856,0.0027736487067854376,0.33709930948546474,7.981281341231525e-05
4.166947281934956,0.01,2.8840315031266055,0.0028840315031266055,0.0066225297317136075,0.0031045099877804166,0.42005596205594464,0.9968954900122196,-2.3924322554519186,0.3518827559338167,0.9992251634404148,0.4200873768512732,0.00010593110141444901,-2.40010598413987,0.0024408652601697264,0.3519007309781299,8.173012020814569e-05
4.166947281934956,0.01,3.090295432513592,0.0030902954325135916,0.006887944916299741,0.0030030443048817634,0.4003135215564491,0.9969969556951183,-1.9673331678376367,0.36729665596233085,0.9994144122854143,0.40034602248234813,0.00010580106226249046,-1.9739738858693412,0.0021435066973314386,0.36731623139512926,8.361814646995494e-05
4.166947281934956,0.01,3.3113112148259076,0.0033113112148259074,0.007169918573995353,0.002904757768610375,0.38029605717319126,0.9970952422313897,-1.58822623312293,0.3833185123800203,0.9996056917052695,0.38032948184697,0.00010540009557556663,-1.5939566217159813,0.0018785322089311354,0.38333992148304663,8.546511841106067e-05
4.166947281934956,0.01,3.5481338923357533,0.0035481338923357532,0.007469519773476437,0.0028097878762645876,0.3600742097719508,0.9971902121237354,-1.2511597966338228,0.3999381617100194,0.9997991616292247,0.3601083680369029,0.00010471287941999727,-1.2560905775717006,0.00164304608210234,0.39996166747031714,8.725911740938107e-05
4.166947281934956,0.01,3.8018939632056123,0.0038018939632056123,0.0077878916320746295,0.0027182672899287628,0.33972465955428927,0.9972817327100713,-0.9523667278796468,0.41714096081960833,0.9999950039550772,0.33975933552001614,0.00010372710924540555,-0.9565974369715213,0.0014343100930533917,0.4171668578377048,8.898834369395178e-05
4.166947281934956,0.01,4.073802778041122,0.004073802778041122,0.008126256682265721,0.002630324856032104,0.31932940134405446,0.9973696751439679,-0.6882815672845302,0.434907616982803,1.0001934224404392,0.3193643569308404,0.00010243404930506393,-0.6919013426902808,0.0012497517711893898,0.4349362330052743,9.064141583348653e-05
4.166947281934956,0.01,4.365158322401657,0.004365158322401657,0.008485922624379345,0.002546086720535655,0.29897482721989116,0.9974539132794643,-0.45555228332232867,0.4532140937991441,1.0003946425230934,0.2990098073514875,0.00010082902116106997,-0.45864065460360476,0.0010869689975918663,0.4532457907425682,9.220769973866989e-05
4.166947281934956,0.01,4.677351412871981,0.004677351412871981,0.008868288493300892,0.002465677533303313,0.2787506263500921,0.9975343224666967,-0.25104720363949107,0.4720316047810323,1.0005989110746658,0.2787853658698234,9.891179747303973e-05,-0.2536748696511507,0.0009437314166150327,0.47206677910964967,9.367765807024598e-05
4.166947281934956,0.01,5.011872336272725,0.005011872336272725,0.009274851268962263,0.0023892217362061624,0.25874852135946025,0.9976107782637939,-0.07185771282977482,0.4913267046920389,1.0008064960904972,0.2587827536545921,9.668686990280887e-05,-0.0740872987278636,0.0008179791379793033,0.4913657870139094,9.504320809122156e-05
4.166947281934956,0.01,5.370317963702521,0.005370317963702522,0.009707212962580192,0.0023168449305285355,0.2390608702304264,0.9976831550694715,0.08470268399566239,0.511061486247579,1.001017686317021,0.23909433744209643,9.416356303002245e-05,0.0828158983387364,0.0007078191914392108,0.5111049400057512,9.629807332034229e-05
4.166947281934956,0.01,5.754399373371567,0.005754399373371567,0.010167088212910269,0.002248675320237561,0.21977917194568297,0.9977513246797625,0.2211023449029178,0.5311938866165641,1.0012327908163903,0.2198116365233998,9.135597185601802e-05,0.2195097309426541,0.0006115201701336805,0.5312422057731188,9.743811207810065e-05
4.166947281934956,0.01,6.165950018614822,0.006165950018614822,0.01065631242925075,0.002184845228605694,0.2009925220886798,0.9978151547713943,0.3395979621046482,0.5516781043840489,1.0014521384664414,0.20102377932752258,8.828270873319018e-05,0.33825688735138487,0.0005275054651020728,0.5517318100268279,9.846160443103949e-05
4.166947281934956,0.01,6.60693448007595,0.00660693448007595,0.011176850520565253,0.002125492686494366,0.18278607070148878,0.9978745073135057,0.44224299819807655,0.5724651234092255,1.0016760773925442,0.18281596178782739,8.496645607371659e-05,0.4411162124105207,0.0004543454548311654,0.5725247592527583,9.936947840422307e-05
4.166947281934956,0.01,7.079457843841373,0.0070794578438413735,0.011730806252907896,0.00207076309127956,0.16523953820629317,0.9979292369087205,0.5308976112798578,0.5935033355532998,1.0019049743267654,0.16526796320594345,8.143333335283529e-05,0.5299526756743338,0.0003907489723478865,0.5935694623552263,0.00010016545689594422
4.166947281934956,0.01,7.585775750291836,0.007585775750291836,0.01232043228034301,0.0020208109358924313,0.14842584563432035,0.9979791890641075,0.60723964279442,0.6147392498134279,1.0021392138877852,0.1484527757965483,7.771209984479456e-05,0.6064484027843995,0.0003355543301313334,0.6148124387835017,0.00010085610869843164
4.166947281934956,0.01,8.128305161640995,0.008128305161640995,0.01294814089776781,0.0019758016077292165,0.13240991250771922,0.9980241983922707,0.672776294318781,0.6361182712642482,1.0023791977745273,0.13243540123960756,7.383322712043265e-05,0.6721143954492512,0.0002877201414164844,0.6361990966006372,0.0001014507905348068
4.166947281934956,0.01,8.709635899560796,0.008709635899560796,0.013616515567484654,0.0019359132572195645,0.11724766949911675,0.9980640867427805,0.7288561718406281,0.6575855296586945,1.0026253438649213,0.11727186139319742,6.982788638536805e-05,0.7283026179042936,0.0002463161363576389,0.6576745604022588,0.00010196147209152811
4.166947281934956,0.01,9.332543007969905,0.009332543007969905,0.01432832327506229,0.0019013387356103563,0.10298532375947467,0.9980986612643896,0.7766814268160519,0.6790867348340448,1.002878085210778,0.10300846113550136,6.572690404690667e-05,0.7762181786129799,0.00021051413374957676,0.6791845262804752,0.0001024024425445592
4.166947281934956,0.01,10.0,0.01,0.01508652777407933,0.0018722876009895505,0.08965890315060433,0.9981277123990104,0.8173197711704603,0.700569034415937,1.0031378689190904,0.08968132969584883,6.155974341389494e-05,0.8169313839837009,0.0001795792940575531,0.700676119364569,0.00010278990476423767
4.166947281934956,0.01,10.715193052376048,0.010715193052376048,0.015894303781914584,0.0018489881907789542,0.07729409239664073,0.9981510118092211,0.851716187498847,0.7219818488000456,1.0034051549095488,0.07731625365036099,5.735357040563684e-05,0.8513894850841294,0.0001528617477722854,0.7220987289420667,0.0001031414717606181
4.166947281934956,0.01,11.481536214968816,0.011481536214968816,0.016755052200200054,0.0018316897575291744,0.0659063601926697,0.9981683102424709,0.8807041959424934,0.7432776593424918,1.0036804145400817,0.0659288008055749,5.313245617980824e-05,0.8804279786563936,0.00012978866447367838,0.7434047970989235,0.00010347558832331032
4.166947281934956,0.01,12.30268770812381,0.012302687708123811,0.01767241642251757,0.001820664663817828,0.0555013630967514,0.9981793353361822,0.9050165738908662,0.7644127272182315,1.0039641290881907,0.055524720990343585,4.891676003988275e-05,0.9047813584874118,0.00010985680378544756,0.7645505383267672,0.0001038109083456604
4.166947281934956,0.01,13.182567385564074,0.013182567385564073,0.018650299819295165,0.0018162106294810614,0.04607559958480176,0.998183789370519,0.9252954564538498,0.785347724016721,1.0042567880831925,0.046100597320781214,4.4722722316927255e-05,0.9250932450543826,9.262556780270123e-05,0.7854965711381812,0.00010416566406450959
4.166947281934956,0.01,14.125375446227526,0.014125375446227526,0.0196928844755868,0.0018186530228033902,0.037617278043184973,0.9981813469771966,0.9421017710662015,0.8060482584682855,1.0045588874801312,0.03764471187432718,4.0562280979986615e-05,0.941925846832724,7.771055873987311e-05,0.8062084460384608,0.00010455706641167565
4.166947281934956,0.01,15.135612484362072,0.015135612484362073,0.02080465127437992,0.0018283471843831157,0.030107355130301546,0.9981716528156169,0.9559239821401584,0.8264852884326475,1.0048709276711292,0.030138082327712527,3.644310918364239e-05,0.9557687292503279,6.477763343928928e-05,0.8266570589283357,0.0001050007751441368
4.166947281934956,0.01,16.218100973589298,0.0162181009735893,0.02199040142088471,0.0018456807696399238,0.02352069687915697,0.99815431923036,0.9671861396239296,0.8466354119127986,1.005193411331002,0.02355562200826592,3.236885682447037e-05,0.967046885243634,5.353744040769318e-05,0.8468189436350103,0.00010551047301560647
4.166947281934956,0.01,17.378008287493763,0.017378008287493762,0.02325527951055619,0.0018710760927850554,0.017827313857214606,0.998128923907215,0.9762552398681716,0.8664810355896414,1.0055268410972003,0.017867374702212106,2.833957133026071e-05,0.9761281159375768,4.374042631486955e-05,0.866676441997615,0.00010609757016959383
4.166947281934956,0.01,18.620871366628656,0.018620871366628655,0.024604798250881917,0.0019049924517372824,0.012993623479991646,0.9980950075482627,0.9834479185309962,0.8860104238099306,1.005871717087079,0.01303977729508294,2.435227859371767e-05,0.9833297413145006,3.517231248996897e-05,0.8862177543714131,0.00010677105397027025
4.166947281934956,0.01,19.952623149688787,0.01995262314968879,0.026044864954774125,0.0019479284099952032,0.008983696736319791,0.9980520715900048,0.9890365037868626,0.9052176348874972,1.0062285342591264,0.009036907437970596,2.0401742566643642e-05,0.988924669280516,2.765008390756789e-05,0.9054368773479063,0.00010753748697242306
4.166947281934956,0.01,21.379620895022324,0.021379620895022326,0.027581809931769636,0.002000424007961106,0.005760452543084884,0.9979995759920389,0.9932544642356498,0.9241023548251668,1.0065977796289665,0.005821679359471032,1.6481554283576652e-05,0.9931468576726119,2.1018662785662085e-05,0.9243334387445952,0.00010840114330011058
4.166947281934956,0.01,22.9086765276777,0.0229086765276777,0.02922241691220991,0.0020630628727557566,0.0032867700597515267,0.9979369371272443,0.9963012900061627,0.9426696410289319,1.0069799293551078,0.003356958033115036,1.2586201793113931e-05,0.9961962078476873,1.514891812002117e-05,0.9429124423936149,0.00010936426297450447
4.166947281934956,0.01,24.547089156850284,0.024547089156850284,0.030973955649186473,0.0021364741922904403,0.0015264969198556155,0.9978635258077095,0.9983468479561021,0.9609295902266739,1.007375445713986,0.0016065695259395998,8.717247969045833e-06,0.9982429308996079,9.940014522662188e-06,0.96118393691264,0.00011042739598318155
4.166947281934956,0.01,26.302679918953814,0.026302679918953815,0.03284421685334349,0.0022213345164014686,0.00044533890317457705,0.9977786654835985,0.9995352529001696,0.978896945643472,1.0077847739887336,0.0005361929205014489,4.916414657314004e-06,0.99943142857465,5.347483771923339e-06,0.979162623493659,0.00011158980381851463
4.166947281934956,0.01,28.183829312644548,0.028183829312644546,0.03484154962668229,0.002318369345341707,1.1623608851602761e-05,0.9976816306546583,0.9999882967262712,0.9965906585897563,1.0082083393003523,0.0001141262482631618,1.7705333780917906e-06,0.9998837308773273,1.8361674768301898e-06,0.9968674178630244,0.00011284988587745378
4.166947281934956,0.01,30.19951720402013,0.03019951720402013,0.036974901573359725,0.002428354464002142,0.00019693685148133999,0.9975716455359979,0.9998084763304304,1.0140334190944809,1.0086465434151652,0.0003119250502451919,3.6706450068786447e-06,0.999702531421142,3.4294904153334875e-06,1.014320981052435,0.00011420560097678216
4.166947281934956,0.01,32.35936569296281,0.03235936569296281,0.03925386177817899,0.002552116979041456,0.0009766355754247565,0.9974478830209585,0.9990816597230864,1.0312511691849242,1.0090997615662274,0.001104917274491457,7.4978351227897555e-06,0.9989738599922521,6.738862880744787e-06,1.0315492325995474,0.0001156548593822658
4.166947281934956,0.01,34.673685045253166,0.034673685045253165,0.041688706857092486,0.0026905360157496176,0.0023302449739115096,0.9973094639842504,0.9978794276113218,1.048272611011955,1.009568339330603,0.002472602133561693,1.1526593062437545e-05,0.9977694297368628,9.908710162631086e-06,1.0485808584011413,0.00011719586711859135
4.166947281934956,0.01,37.1535229097172,0.037153522909717206,0.044290450298644826,0.0028445430320726815,0.004241750217574795,0.9971554569679273,0.9962611253922856,1.0651287203741544,1.0100525896078327,0.004398943285472407,1.5665423882785263e-05,0.9961486940047208,1.286683043480416e-05,1.0654468238009285,0.00011882741093032978
4.166947281934956,0.01,39.81071705534969,0.03981071705534969,0.04707089533094228,0.003015121708844954,0.006699794828340912,0.996984878291155,0.9942756579257908,1.0818522744237502,1.010552789747582,0.006872568352960491,1.9909597179314122e-05,0.9941606453048182,1.562726764703674e-05,1.0821799007260646,0.00012054907832508149
4.166947281934956,0.01,42.65795188015925,0.04265795188015925,0.050042691565524204,0.0032033073779543907,0.009697798417501617,0.9967966926220456,0.9919630567890803,1.09847740054196,1.0110691788767305,0.009886887496022923,2.4268786279403662e-05,0.9918453861556903,1.8213147721385037e-05,1.0988142158920864,0.00012236141214418939
4.166947281934956,0.01,45.708818961487516,0.04570881896148751,0.05321939568751158,0.003410185953894355,0.01323400640829248,0.9965898140461057,0.9893558470343038,1.1150391516323572,1.0116019554773996,0.013440143667496508,2.875734344318904e-05,0.9892354989220251,2.064715400549582e-05,1.115384825355311,0.00012426600283459646
4.166947281934956,0.01,48.97788193684456,0.04897788193684456,0.056615536480698746,0.003636892338864913,0.017311483657767097,0.9963631076611351,0.9864802378329318,1.1315731114543055,1.0121512752677742,0.017535406485334002,3.339208334502691e-05,0.9863572390852272,2.2949780698300098e-05,1.1319273190633168,0.00012626552401190228
4.166947281934956,0.01,52.48074602497723,0.05248074602497723,0.06024668449693464,0.0038846082771627193,0.021938062746965043,0.9961153917228373,0.983357158850201,1.1481150321438207,1.0127172494377463,0.022180520514832103,3.819166745649716e-05,0.9832315738473545,2.5139134106672776e-05,1.1484774575757108,0.00012836371812929352
4.166947281934956,0.01,56.23413251903491,0.05623413251903491,0.06412952670143511,0.0041545596408525095,0.027126256269729886,0.9958454403591475,0.9800031617840339,1.1647005047646481,1.0132999432901317,0.02738801731710501,4.317644483020999e-05,0.9798750855527634,2.7231109226798458e-05,1.1650708418185909,0.0001305653392998929
4.166947281934956,0.01,60.25595860743569,0.06025595860743569,0.06828194644947966,0.00444801313538409,0.03289314083980446,0.9955519868646159,0.9764312042545658,1.1813646625994283,1.0138993753372,0.03317499900779237,4.836844177702328e-05,0.976300757157686,2.923964439452374e-05,1.1817426155986572,0.00013287605979034963
4.166947281934956,0.01,64.56542290346549,0.0645654229034655,0.0727231091687605,0.004766272420100388,0.039260218834991326,0.9952337275798996,0.9726513311675552,1.1981419158961357,1.0145155168999884,0.03956299936443457,5.379139704504108e-05,0.9725186549100624,3.117696657582176e-05,1.1985271996028277,0.00013530234563254444
4.166947281934956,0.01,69.18309709189363,0.06918309709189363,0.077473554182796,0.005110673647478533,0.04625326223498364,0.9948893263525215,0.9686712667705828,1.2150657160846043,1.0151482922609976,0.046577826851796636,5.947080048532692e-05,0.9685365214930761,3.305380132922011e-05,1.2154580549037681,0.00013785130541732932
4.166947281934956,0.01,74.13102413009177,0.07413102413009177,0.08255529305574391,0.005482580424659095,0.05390214109103109,0.9945174195753409,0.9644969290176247,1.232168346445055,1.0157975794090244,0.05424939210595896,6.543391397880778e-05,0.9643602912788127,3.487954167582096e-05,1.2325674729529355,0.00014053051472936453
4.166947281934956,0.01,79.43282347242805,0.07943282347242805,0.08799191499480147,0.0058833782142822,0.0622406376633097,0.9941166217857178,0.9601328762794044,1.2494807360565334,1.0164632114324177,0.0626115209048642,7.170976079349393e-05,0.9599945377568357,3.666237709950213e-05,1.249886388883743,0.0001433478171872271
4.166947281934956,0.01,85.11380382023759,0.08511380382023759,0.09380869976483935,0.0063144681863245514,0.07130624541818172,0.9936855318136755,0.9555826952644928,1.2670322928377422,1.0171449786037101,0.07170175179514503,7.8329071295246e-05,0.9554428620274452,3.840938604226057e-05,1.2674442139258069,0.0001463111015569232
4.166947281934956,0.01,91.20108393559097,0.09120108393559097,0.1000327386715301,0.006777260538129779,0.08113995045357321,0.9932227394618702,0.9508493378850587,1.2848507511901157,1.0178426312126019,0.08156111590677081,8.532417253830614e-05,0.9507082301156666,4.0126595739954e-05,1.2852686824241726,0.0001494280532626466
4.166947281934956,0.01,97.72372209558091,0.09772372209558092,0.10669306418644785,0.007273167296689174,0.09178599108411743,0.9927268327033109,0.9459354139292264,1.3029620291127544,1.0185558832086359,0.09223389463408212,9.272880762763e-05,0.9457932659880426,4.181901310504101e-05,1.3033857083119202,0.0001527058777929252
4.166947281934956,0.01,104.71285480508985,0.10471285480508985,0.11382078883187725,0.007803594613196116,0.10329158936419235,0.9921964053868039,0.940843445679401,1.3213900890883108,1.0192844167272104,0.1037673488918264,0.00010057786864811941,0.9407005064295786,4.3490630147445636e-05,1.3218192453104214,0.0001561509931597832
4.166947281934956,0.01,112.2018454301963,0.1122018454301963,0.12144925398726795,0.008369934553053364,0.11570664615393707,0.9916300654469467,0.9355760900455432,1.3401567964247327,1.0200278875872042,0.11621141146565656,0.00010890702478840858,0.9354326233657979,4.514440734055576e-05,1.340591144514699,0.00015976868879163925
4.166947281934956,0.01,120.22644346174131,0.12022644346174131,0.12961418932663654,0.008973556375380219,0.12908338888603452,0.9910264436246198,0.9301363333361905,1.3592817680957865,1.0207859318673598,0.12961833151517818,0.00011775222541678897,0.9299926187664794,4.678223848462981e-05,1.3597210023787887,0.00016356274910365242
4.166947281934956,0.01,128.82495516931323,0.12882495516931322,0.1383538836469589,0.009615797285323045,0.14347595842726973,0.990384202714677,0.924527663436654,1.3787822044754343,1.0215581736912618,0.14404225751325986,0.00012714905665611089,0.9243839969120436,4.840490102410568e-05,1.379225991469458,0.00016753504153947232
4.166947281934956,0.01,138.03842646028838,0.13803842646028838,0.14770936790198155,0.010297952631195168,0.15893991833369134,0.9897020473688048,0.9187542238673815,1.398672695746387,1.0223442343751148,0.15953874180656316,0.00013713192983469727,0.9186109185043739,5.001199642331499e-05,1.3991206657472413,0.00017168507112781385
4.166947281934956,0.01,147.91083881682073,0.14791083881682074,0.15772461131414978,0.01102126550816406,0.17553166640279214,0.9889787344918359,0.9128209539147534,1.4189649942450946,1.0231437431194206,0.17616414659249996,0.00014773308146797193,0.9126783408203067,5.160188604674387e-05,1.4194167316241257,0.00017600950651767053
4.166947281934956,0.01,158.48931924611108,0.1584893192461111,0.16844673149980974,0.011786915722800589,0.1933077248213798,0.9882130842771994,0.9067337187183684,1.4396677436671694,1.0239563494505315,0.1939749275225175,0.00015898136758001278,0.9065921477946629,5.3171628946425976e-05,1.4401227757221697,0.00018050168597880708
4.166947281934956,0.01,169.82436524617427,0.16982436524617428,0.1799262196097658,0.01259600807053359,0.21232388156706247,0.9874039919294664,0.9004994328187614,1.4607861560063002,1.0247817376406638,0.21302676753796324,0.00017090084065455265,0.9003592735363872,5.471692893006838e-05,1.4612439402242132,0.00018515111587734335
4.166947281934956,0.01,181.97008586099827,0.18197008586099828,0.1922171815590011,0.013449559883394118,0.2326341523165883,0.9865504401166059,0.8941261801763309,1.4823216274609592,1.0256196433505036,0.23337353020112483,0.00018350910577718562,0.8939878222845897,5.6232099156934636e-05,1.4827815370934956,0.00018994297853677807
4.166947281934956,0.01,194.98445997580455,0.19498445997580455,0.20537759649625836,0.014348487820841898,0.2542895293429501,0.9856515121791581,0.8876233330291596,1.50427128546344,1.026469872744451,0.2550659990989322,0.00019681546407616273,0.887487187165548,5.7710053171804526e-05,1.5047325933862674,0.00019485767104465246
4.166947281934956,0.01,208.92961308540364,0.20892961308540364,0.21946959374655844,0.015293593904135202,0.2773364822704035,0.9847064060958648,0.8810016711403683,1.526627460611772,1.0273323243213526,0.2781503684042622,0.0002108188668786369,0.8808681692915927,5.914233163974829e-05,1.5270893215421055,0.00019987040134620954
4.166947281934956,0.01,223.87211385683378,0.22387211385683378,0.2345597495480548,0.01628555083632851,0.30181517578199246,0.9837144491636715,0.8742735019814463,1.549377079774896,1.0282070136792152,0.30266645005761944,0.00022550572355110746,0.8741430977368811,6.051917400787956e-05,1.5498385110623736,0.000204950872779142
4.166947281934956,0.01,239.88329190194898,0.239883291901949,0.250719404999258,0.017324886706331546,0.3277573722537324,0.9826751132936684,0.8674527812135941,1.572500980133425,1.0290941013893349,0.3286455660991634,0.00024084763020279287,0.8673259497395588,6.182964384636572e-05,1.5729608415178906,0.00021006309296144594
4.166947281934956,0.01,257.03957827688646,0.25703957827688645,0.26802500673412216,0.018411969246234665,0.3551839937685597,0.9815880307537653,0.8605552314903104,1.5959731485298307,1.0299939240906608,0.356108101378025,0.0002567991155528339,0.8604324691412002,6.30618156937285e-05,1.5964301214756924,0.00021516534755258978
4.166947281934956,0.01,275.4228703338163,0.2754228703338163,0.28655847195119166,0.019546989894538198,0.3841023290675511,0.9804530101054618,0.8535984561595108,1.6197598963046504,1.0309070288304512,0.3850607032110067,0.0002732955342224314,0.8534802796307525,6.420302986363821e-05,1.6202124637711806,0.00022021038372054254
4.166947281934956,0.01,295.1209226666384,0.2951209226666384,0.3064075795395425,0.020729948010826088,0.4145028877658785,0.9792700519891739,0.8466020429608727,1.6438189868013202,1.031834210571871,0.4154931315766527,0.0002902512758603534,0.8464889878809236,6.52402198952875e-05,1.6442654145804947,0.00022514585190546002
4.166947281934956,0.01,316.2277660168379,0.3162277660168379,0.3276663891691158,0.021960635685029678,0.4463559275243456,0.9780393643149703,0.8395876513834778,1.6680987408492443,1.0327765526688903,0.44737478702162065,0.00030755849928117775,0.8394802702381636,6.616031518827312e-05,1.6685370618858701,0.00022991505722838763
4.166947281934956,0.01,338.844156139202,0.33884415613920205,0.3504356903468905,0.023238623680671113,0.4796077105002198,0.9767613763193289,0.832579076071169,1.6925371545991015,1.033735469978133,0.48065097425624803,0.0003250866412999712,0.8324779353560351,6.695071888956244e-05,1.6929651579771146,0.0002344580729309636
4.166947281934956,0.01,363.078054770101,0.363078054770101,0.3748234835837332,0.02456324913930844,0.514176583484968,0.9754367508606916,0.8256022776518958,1.7170610737482324,1.0347127541432792,0.5152389975699532,0.0003426829855125727,0.8255079541567688,6.759985830376389e-05,1.717476300258564,0.00023871326647528893
4.166947281934956,0.01,389.04514499428046,0.38904514499428045,0.4009454959704331,0.02593360574519166,0.5499490211367001,0.9740663942548083,0.8186853717317955,1.7415854779704765,1.0357106204611182,0.5510242291027316,0.00036017460000405783,0.8185984478785114,6.809780194338248e-05,1.741985224330712,0.00024261928287895275
4.166947281934956,0.01,416.8693834703355,0.4168693834703355,0.42892573362608877,0.027348537097522677,0.586775822049953,0.9726514629024773,0.8118585666398731,1.766012938565631,1.0367317556266695,0.587856341032523,0.0003773719554382846,0.8117796248187338,6.843693372121114e-05,1.7663942724023023,0.0002461175175281077
4.166947281934956,0.01,446.68359215096257,0.4466835921509626,0.45889707365837556,0.028806634055961365,0.6244687001911953,0.9711933659440386,0.8051540409185842,1.7902333200967897,1.0377793655705951,0.6255459449331591,0.00039407450415665794,0.8050836568018094,6.861267051724207e-05,1.790593107683246,0.0002491550896272249
4.166947281934956,0.01,478.630092322638,0.478630092322638,0.4910018984641864,0.03030623680813903,0.6627975650300102,0.969693763191861,0.7986057525871894,1.8141238020289114,1.0388572225521533,0.6638619314477079,0.0004100784225460235,0.7985444874379156,6.86242041101262e-05,1.8144587504531469,0.0002516882946844906
4.166947281934956,0.01,512.8613839913648,0.5128613839913648,0.5253927754014792,0.03184544235290773,0.7014888264419552,0.9681545576470922,0.792249173880725,1.8375492979174153,1.0399697106652745,0.7025298449258797,0.000425186577624218,0.7921975659229579,6.84752417843765e-05,1.8378560128000752,0.0002536864667672288
4.166947281934956,0.01,549.5408738576238,0.5495408738576237,0.5622331850799127,0.033422117999610236,0.7402250875797055,0.9665778820003897,0.786120947469436,1.8603633462553513,1.0411218689563528,0.741231653266343,0.0004392205600551122,0.78607950243592,6.81747112001954e-05,1.8606384053302398,0.00025513611548935977
4.166947281934956,0.01,588.8436553555883,0.5888436553555884,0.6016983017498934,0.035033921354339796,0.7786465918214538,0.9649660786456602,0.7802584630283036,1.882409537471946,1.0423194314441977,0.7796072744121479,0.0004520343195762138,0.7802276440575856,6.773738365835126e-05,1.8826495792844384,0.0002560451163240571
4.166947281934956,0.01,630.957344480193,0.630957344480193,0.6439758295180976,0.036678327104466335,0.816354759901049,0.9633216728955336,0.7746993563474054,1.9035235248188334,1.0435688634723363,0.8172581892574077,0.0004635285449765376,0.77467957345557,6.718435516307136e-05,1.9037253505315255,0.00025644662543720215
4.166947281934956,0.01,676.0829753919819,0.6760829753919819,0.6892668983835603,0.0383526607306551,0.8529180829158098,0.9616473392693449,0.7694809368035416,1.923535642471805,1.0448773940057992,0.8537533989161497,0.0004736644674010285,0.7694725362075235,6.654330675259613e-05,1.9236963273691867,0.0002564022658673732
4.166947281934956,0.01,724.4359600749891,0.7244359600749891,0.7377870243731195,0.04005413908130425,0.8878805215199239,0.9599458609186957,0.7646395527722024,1.942274122280732,1.046253043701484,0.8886378681352807,0.0004824752808031985,0.7646428063864221,6.584844598212242e-05,1.9423911321585627,0.0002560040030722225
4.166947281934956,0.01,776.2471166286912,0.7762471166286912,0.7897671383598472,0.041779917549140004,0.9207724014646853,0.95822008245086,0.7602099082417615,1.9595688622838308,1.0477046488205202,0.9214434366463328,0.0004900729587323465,0.7602250037053639,6.514001453269735e-05,1.95964016864942,0.0002553740212214783
4.166947281934956,0.01,831.7637711026708,0.8317637711026709,0.8454546884743515,0.04352714340531969,0.9511235974059957,0.9564728565946803,0.7562243472853769,1.9752556574591074,1.049241881299117,0.951701983379508,0.0004966480504841589,0.7562513788998985,6.446324121700328e-05,1.975279844537329,0.000254661873572027
4.166947281934956,0.01,891.2509381337441,0.891250938133744,0.9051148213682165,0.045293014683907916,0.9784785747134295,0.9547069853160921,0.7527121259383436,1.9891807593728406,1.050875265539417,0.9789604089647853,0.0005024602647017677,0.7527510869026599,6.386663851875842e-05,1.9891571154871495,0.00025403827850370295
4.166947281934956,0.01,954.9925860214349,0.9549925860214349,0.9690316479628278,0.04707484387854516,1.002412634366899,0.9529251561214549,0.7496986932256713,2.001205590459272,1.0526161927078568,1.0027967811890064,0.0005078185147465863,0.7497494695442783,6.339960032300331e-05,2.0011341765851496,0.0002536852447741759
4.166947281934956,0.01,1023.2929922807537,1.0232929922807537,1.0375095997157906,0.048870125620713245,1.0225485060765398,0.9511298743792868,0.747205004422687,2.0112114052346026,1.054476933524672,1.0228367928408295,0.0005130507471802016,0.7472673708331539,6.310937039739577e-05,2.011093094489408,0.00025378278785965634
4.166947281934956,0.01,1096.478196143183,1.0964781961431829,1.11087488186517,0.05067660745957676,1.0385722890435831,0.9493233925404232,0.7452468899874829,2.019103669428966,1.0564706506860784,1.0387695405469122,0.0005184662034632128,0.7453205082033719,6.303761037661687e-05,2.018940152957861,0.0002544933126581765
4.166947281934956,0.01,1174.8975549395302,1.1748975549395302,1.189477030611677,0.05249236285902299,1.050247675524433,0.947507637140977,0.7438345029072015,2.0248159227512192,1.0586114121715695,1.050361573214195,0.0005243152849804385,0.7439189224039766,6.321696792371477e-05,2.024609679782123,0.00025594561264407186
4.166947281934956,0.01,1258.9254117941662,1.2589254117941662,1.2736905816229027,0.05431586556231944,1.057427429232648,0.9456841344376805,0.7429718654372506,2.0283129043402344,1.0609142067505632,1.0574681983754406,0.0005307540224527996,0.7430665269236336,6.366816574493634e-05,2.028067136889793,0.0002582210543077515
4.166947281934956,0.01,1348.9628825916504,1.3489628825916504,1.3639168575336942,0.05614606454407581,1.0600612360577848,0.9438539354559242,0.7426565334196856,2.0295927525278064,1.063394963009499,1.060041180897377,0.0005378203247225902,0.7427607750379721,6.439812891273e-05,2.0293112880509234,0.0002613445294011655
4.166947281934956,0.01,1445.439770745928,1.4454397707459279,1.4605858838171024,0.057982458895478046,1.058199290680441,0.942017541104522,0.7428793926435895,2.0286881406337107,1.0660705732205111,1.058132212921986,0.0005454271981554609,0.7429924588348855,6.53995070040182e-05,2.028375308484123,0.0002652819928504592
4.166947281934956,0.01,1548.8166189124795,1.5488166189124795,1.5641584409380787,0.05982517206676392,1.0519913056550165,0.940174827933236,0.7436245972373182,2.0256662740165616,1.0689589232480932,1.051891852969097,0.0005533744109212365,0.7437456500962865,6.665166582295556e-05,2.025326763612179,0.00026994503111427343
4.166947281934956,0.01,1659.5869074375562,1.6595869074375562,1.6751282634571423,0.06167502506775074,1.041680993685678,0.9383249749322493,0.7448696549915781,2.0206277449127463,1.0720789296472626,1.0415639906931422,0.0005613759090818508,0.7449977878268871,6.812292117456464e-05,2.0202664547311766,0.0002752014042375852
4.166947281934956,0.01,1778.2794100389228,1.7782794100389228,1.794024396191467,0.06353360832811775,1.0275964350459794,0.9364663916718823,0.7465856591142876,2.013704313419835,1.075450584952807,1.0274762487136577,0.0005690971569409959,0.7467199118309492,6.977357374589664e-05,2.0133262002619206,0.00028088941191468995
4.166947281934956,0.01,1905.4607179632444,1.9054607179632443,1.921413718704581,0.06540335204316158,1.010137057529634,0.9345966479568384,0.7487376604097469,2.0050557484685285,1.0790950120379597,1.0100270424104805,0.0005761953754040197,0.7488770362452014,7.155923843170762e-05,2.0046656858212573,0.0002868335552832693
4.166947281934956,0.01,2041.7379446695318,2.041737944669532,2.057903650139926,0.06728759492016441,0.9897581897464662,0.9327124050798355,0.7512851685502894,1.9948659154612074,1.08303452828636,0.9896702473359097,0.0005823563682005135,0.7514286516317924,7.343403012670553e-05,1.9944685684029415,0.000292859263095999
4.166947281934956,0.01,2187.761623949552,2.187761623949552,2.204145047274208,0.06919065129799032,0.9669542771540357,0.9308093487020097,0.7541827662213234,1.9833383330034662,1.0872927201922147,0.9668985497302726,0.0005873235558686062,0.7543293393733622,7.535331077553696e-05,1.9829380551482823,0.0002988051474215622
4.166947281934956,0.01,2344.228815319918,2.344228815319918,2.360835309590239,0.0711178766292803,0.9422418670072026,0.9288821233707197,0.7573808157176949,1.9706914375882805,1.0918945288893316,0.9422265718407677,0.000590917112070625,0.7575294779366779,7.727585423960566e-05,1.9702921933460007,0.0003045320341219419
4.166947281934956,0.01,2511.886431509582,2.511886431509582,2.5287217061586587,0.07307573128468232,0.9161433822561869,0.9269242687153176,0.7608262342612252,1.957153792374134,1.0968663470137925,0.9161747789706794,0.0005930430703907838,0.760976017292524,7.916540476424567e-05,1.9567591055852396,0.0003099286606316573
4.166947281934956,0.01,2691.534803926914,2.691534803926914,2.7086049401798995,0.07507184255827692,0.889172536766304,0.9249281574417231,0.764463312066122,1.9429594565867103,1.1022361272293884,0.8892550103703619,0.0005936936420218746,0.7646132955639628,8.099167847456793e-05,1.9425723846186584,0.00031491436392420974
4.166947281934956,0.01,2884.0315031266,2.8840315031266,2.9013429681760523,0.07711506462062959,0.8618220242037433,0.9228849353793704,0.7682345461126844,1.9283436993935723,1.1080335026959258,0.8619582596733344,0.000592940728980899,0.768383870934241,8.273089137525944e-05,1.9279668302220516,0.0003194393056979946
4.166947281934956,0.01,3090.295432513592,3.090295432513592,3.1078550920423087,0.07921553598084528,0.8345538717823119,0.9207844640191547,0.772081462752781,1.9135392010101766,1.1142899197341403,0.8347450931676398,0.000590924851200823,0.7722293420289728,8.436590490946234e-05,1.913174669743118,0.00032348285241036564
4.166947281934956,0.01,3311.311214825908,3.311311214825908,3.329126343476002,0.08138473378363133,0.8077926162798011,0.9186152662163687,0.7759454036469675,1.8987728390866077,1.1210387829399777,0.8080388637036311,0.0005878415884705792,0.7760911313783994,8.58860736932564e-05,1.89842235982657,0.00032705070218259447
4.166947281934956,0.01,3548.1338923357457,3.5481338923357457,3.566212181703425,0.08363552398570659,0.781921255501934,0.9163644760142934,0.7797682520426586,1.8842631144076598,1.1283156130220082,0.7822216763227686,0.0005839273162481491,0.7799112090826941,8.728686827130111e-05,1.8839280232372801,0.0003301712741481853
4.166947281934956,0.01,3801.8939632056126,3.801893963205613,3.820243526927112,0.08598220613404331,0.7572797678911121,0.9140177938659567,0.7834930799028581,1.8702182300383692,1.1361582176773948,0.7576329027992327,0.000579445601757363,0.7836327373039723,8.856933346701283e-05,1.8698995351607066,0.00033289177887840153
4.166947281934956,0.01,4073.802778041122,4.073802778041122,4.0924321535271915,0.08844055111495616,0.7341658823584403,0.9115594488850438,0.7870647006912618,1.8568348045909668,1.1446068758823396,0.7345699323673078,0.0005746752031506283,0.7872006204988209,8.973943217801079e-05,1.8565332401516732,0.00033527428927957153
4.166947281934956,0.01,4365.158322401665,4.365158322401665,4.384076468776766,0.09102782986856515,0.7128377188689816,0.9089721701314348,0.7904301174782817,1.8442971745001766,1.1537045360474305,0.7132907843312206,0.0005699002302431566,0.7905619511512917,9.080731573826591e-05,1.8440132552549415,0.0003373920397650611
4.166947281934956,0.01,4677.351412871981,4.677351412871981,4.696567704680639,0.09376283068140898,0.6935179020268645,0.906237169318591,0.7935388611941956,1.8327772223271146,1.163497028576532,0.6940181894251842,0.0005654027078078462,0.7936663459110602,9.178655494011859e-05,1.8325112970008348,0.00033932610241664584
4.166947281934956,0.01,5011.872336272715,5.011872336272715,5.031396552530161,0.09666586229723982,0.6763987661278316,0.9033341377027602,0.7963432190541176,1.8224346576645658,1.1740332934674327,0.6769447621737414,0.0005614575420682829,0.7964661722196121,9.269335997722465e-05,1.822186959507546,0.00034116252408507677
4.166947281934956,0.01,5370.317963702532,5.370317963702532,5.3901602718907125,0.09975873974157806,0.6616483110500857,0.900241260258422,0.7987983581560283,1.8134176731852374,1.185365623697884,0.6622389264614716,0.0005583297264564779,0.7989166704621675,9.354581247864636e-05,1.8131883668180242,0.0003429899579535799
4.166947281934956,0.01,5754.399373371566,5.754399373371566,5.774570308015565,0.10306474946200159,0.6494166244950755,0.8969352505379984,0.8008623537731647,1.8058638994861822,1.197549925256088,0.6500513117545769,0.0005562735251587577,0.8009759811815669,9.436312814958454e-05,1.8056531236123718,0.0003448977859453693
4.166947281934956,0.01,6165.95001861481,6.16595001861481,6.186460454119611,0.10660859016827122,0.6398425493609693,0.8933914098317288,0.8024961357257074,1.7999015872974433,1.2106459947920802,0.6405213999026895,0.0005555333299192831,0.8026050907346832,9.516496417172613e-05,1.7997094932421143,0.0003469747028331055
4.166947281934956,0.01,6606.9344800759645,6.606934480075965,6.627795597559919,0.11041628564191362,0.6330604391171214,0.8895837143580864,0.8036633692707247,1.7956509530674374,1.224717815991567,0.633784265922527,0.0005563458833937059,0.8037677118089275,9.597078143421388e-05,1.79547773937407,0.0003493077170523431
4.166947281934956,0.01,7079.457843841374,7.079457843841373,7.100681091771297,0.11451506580259485,0.6292069045540749,0.8854849341974051,0.804330289087218,1.79322563281457,1.239833875899797,0.6299773162307938,0.0005589435882142595,0.8044301173419572,9.67992679412256e-05,1.793071576313868,0.00035198151502058804
4.166947281934956,0.01,7585.77575029182,7.585775750291821,7.607372798805699,0.11893321249777837,0.6284275095447568,0.8810667875022217,0.8044655061021279,1.7927341985462446,1.2560675025545762,0.6292469817819029,0.0005635586638859651,0.804560947547772,9.76678264939552e-05,1.7925996824147927,0.00035507813331151953
4.166947281934956,0.01,8128.305161640995,8.128305161640995,8.150287850537753,0.12369986685043328,0.6308834202674313,0.8763001331495667,0.8040398070960516,1.7942817008262442,1.2734972254220107,0.6317553702407122,0.0005704279650751261,0.8041310099411648,9.859212709749734e-05,1.794167240196046,0.0003586768846332955
4.166947281934956,0.01,8709.635899560797,8.709635899560798,8.732016180042164,0.12884479558130665,0.6367580515922372,0.8711552044186933,0.8030259662824523,1.797971209751478,1.2922071602659388,0.6376869205386788,0.0005797983285563187,0.80311309150694,9.958572259471226e-05,1.7978774754301536,0.0003628544877832639
4.166947281934956,0.01,9332.543007969885,9.332543007969885,9.355332878336151,0.1343981145355349,0.6462637866644042,0.8656018854644651,0.8013985864453034,1.8039053343923053,1.3122874202264503,0.6472551355365889,0.0005919323679751932,0.8014818005540343,0.00010065972483022591,1.803833175222415,0.00036768535745937685
4.166947281934956,0.01,10000.0,10.0,10.023211435627891,0.14038996869763537,0.6596488722343932,0.8596100313023647,0.7991339848509792,1.8121877075124895,1.3338345550285313,0.6607094951281588,0.0006071146833465351,0.7992134534305245,0.00010182253819026658,1.8121381718483336,0.000373242016141374
4.166947281934956,0.01,10715.193052376047,10.715193052376048,10.738837930441072,0.14685016927181835,0.6772046143266861,0.8531498307281816,0.7962101361467043,1.8229244280775034,1.3569520203965946,0.6783426742850658,0.0006256584948673873,0.7962860182785507,0.00010307964757824514,1.8228987847975833,0.000379595596603709
4.166947281934956,0.01,11481.53621496884,11.481536214968841,11.505626234513402,0.15380778991943939,0.6992730178100238,0.8461922100805606,0.7926066809622923,1.8362254587191327,1.3817506799100026,0.7004982096593187,0.0006479127481614253,0.7926791245193077,0.00010443345864510912,1.8362252181302303,0.0003868164095915414
4.166947281934956,0.01,12302.68770812381,12.30268770812381,12.32723430621274,0.1612907259488912,0.7262550307080557,0.8387092740511088,0.7883050050959682,1.8522059790379646,1.4083493417025357,0.727578775785515,0.0006742697710800173,0.7883741429291448,0.00010588318922451887,1.85223291396598,0.00039497455655507826
4.166947281934956,0.01,13182.567385564047,13.182567385564047,13.20758165040701,0.1693252220937601,0.7586195709452038,0.8306747779062399,0.7832883901479208,1.8709876985039477,1.4368753325850556,0.7600552489362836,0.0007051735916277826,0.7833543371563817,0.00010742481222198298,1.8710438658109207,0.0004041405719982968
4.166947281934956,0.01,14125.375446227554,14.125375446227554,14.150868028278339,0.17793537642288648,0.7969135308184212,0.8220646235771135,0.7775422324284273,1.892700134882045,1.4674651123561147,0.7984767544373574,0.0007411290535954104,0.7776050834958785,0.00010905105145795912,1.892787897600504,0.00041438608394745596
4.166947281934956,0.01,15135.612484362071,15.13561248436207,15.161593506523163,0.18714262981371077,0.841772973868313,0.8128573701862892,0.7710543230720992,1.9174818656890789,1.5002649312629328,0.8434819127897605,0.0007827118922657431,0.7711141518459167,0.00011075143295806329,1.9176039159241922,0.0004257844843304966
4.166947281934956,0.01,16218.100973589266,16.218100973589266,16.244579941751237,0.19696525218680314,0.8939357609407197,0.8030347478131968,0.7638151786942634,1.9454817612945898,1.535431533783453,0.895811522226128,0.0008305799582945217,0.763872037177677,0.000112512394735611,1.9456411440115056,0.00043841160375919925
4.166947281934956,0.01,17378.00828749376,17.378008287493763,17.404994002717668,0.20741783823354276,0.9542558679559368,0.7925821617664572,0.7558184087815127,1.976860209014543,1.573132912122578,0.9563229412267322,0.0008854858046887331,0.7558723277029601,0.00011431745808216428,1.9770603468044106,0.0004523463874102056
4.166947281934956,0.01,18620.871366628657,18.620871366628656,18.64837184033116,0.2185108265567737,1.0237196880835873,0.7814891734432263,0.7470611034543205,2.011790338006638,1.613549113053382,1.026006464881988,0.0009482908807934318,0.7471120933704538,0.0001161474626867951,2.0120350569075662,0.00046767157049539064
4.166947281934956,0.01,19952.62314968875,19.952623149688748,19.98064552320977,0.23025005687689631,1.1034646464852618,0.7697499431231036,0.737544223397991,2.0504592550333696,1.6568731019862561,1.1060040246502048,0.001019981609385542,0.7375922764771031,0.00011798086652618465,2.0507528114724063,0.00048447435327291915
4.166947281934956,0.01,21379.620895022323,21.379620895022324,21.408171364940646,0.2426363801380713,1.194800497395594,0.7573636198619287,0.7272729727265576,2.0930693012776427,1.703311688420166,1.1976305828880864,0.00110168765936778,0.7273180651470958,0.00011979410945651179,2.0934164101967365,0.0005028470767409282
4.166947281934956,0.01,22908.6765276777,22.908676527677702,22.9377602781887,0.25566533590899515,1.2992337219910794,0.7443346640910049,0.7162571353882399,2.139839340429641,1.7530865172203172,1.3023986424527592,0.0011947027681648104,0.7162992302734477,0.0001215620369122558,2.1402452046599407,0.0005228879011264406
4.166947281934956,0.01,24547.089156850234,24.547089156850234,24.576710300431408,0.26932691036928674,1.4184955022460164,0.7306730896307132,0.7045113564702834,2.1910060882489293,1.8064351304757496,1.4220463487053585,0.0013005085157845177,0.7045504072649784,0.00012325837725281694,2.191476429206144,0.0005447014900722767
4.166947281934956,0.01,26302.679918953814,26.302679918953814,26.332841446418776,0.28360538640307337,1.5545738119421966,0.7163946135969266,0.6920553513989937,2.246825493780985,1.8636121050255026,1.5585697275248758,0.0014208015077152665,0.6920913055802083,0.00012485626331552326,2.2473665835653636,0.0005683997040646024
4.166947281934956,0.01,28183.82931264449,28.18382931264449,28.21453305352699,0.2984792949253771,1.7097502424528845,0.7015207050746228,0.6789140284980254,2.307574182390003,1.924890271096254,1.7142596797597143,0.001557524487575127,0.6789468314982378,0.00012632878587872886,2.3081928773909577,0.0005941023071585009
4.166947281934956,0.01,30199.51720402019,30.19951720402019,30.23076379804078,0.3139214736271547,1.8866422693418277,0.6860785263728453,0.6651175135555003,2.373550970784058,1.9905620178808154,1.8917444413778801,0.0017129019740239767,0.6651471127674748,0.00012764956426006765,2.374254746908785,0.0006219376914696827
4.166947281934956,0.01,32359.36569296281,32.35936569296281,32.39115457311742,0.32989923596359155,2.0882517678844916,0.6701007640364085,0.6507010688084235,2.445078464265692,2.06094069229592,2.0940383211186733,0.0018894811013638628,0.6507274175354998,0.00012879331740117358,2.4458754539329934,0.0006520436242255797
4.166947281934956,0.01,34673.68504525309,34.673685045253094,34.706014432831736,0.34637464958451014,2.3180207032699722,0.6536253504154899,0.6357049028948928,2.5225047465508843,2.136362097600877,2.324597645649254,0.0020901784411541855,0.6357279641107166,0.000129736417708355,2.523403777616278,0.0006845680224270182
4.166947281934956,0.01,37153.52290971728,37.153522909717275,37.18638982132029,0.36330491969503836,2.5798950567116283,0.6366950803049616,0.6201738726394102,2.6062051726699265,2.2171860990322454,2.587384978329103,0.0023183336949477787,0.6201936224273785,0.00013045740975545458,2.607215809474682,0.000719669760377981
4.166947281934956,0.01,39810.71705534969,39.81071705534969,39.84411732172617,0.3806428692306583,2.878398204557547,0.6193571307693417,0.6041570818010966,2.6965842757014893,2.3037983441189205,2.8869428342707986,0.0025777712780826233,0.604173512356372,0.00013093747676445793,2.69771686246524,0.0007575195155120139
4.166947281934956,0.01,42657.95188015917,42.65795188015917,42.691880176456046,0.39833750442214705,3.2187151466962742,0.6016624955778529,0.5877073859098694,2.7940777983956755,2.3966121058883707,3.2284782944277413,0.002872870963823471,0.5877205080048542,0.00013116083953695082,2.795343505201544,0.0007983006580934055
4.166947281934956,0.01,45708.818961487515,45.708818961487516,45.743268848276266,0.4163346514847478,3.6067891865233506,0.5836653485152522,0.57088081583893,2.8991548611220073,2.4960702577608007,3.6179601283628826,0.0032086489288912735,0.5708906606762357,0.000131115075114879,2.9005657327711405,0.0008422101905125292
4.166947281934956,0.01,48977.88193684456,48.97788193684456,49.0128459110923,0.43457764793508596,4.049432901369569,0.565422352064914,0.5537359356448368,3.01232027802971,2.6026473895571036,4.062230273093077,0.0035908507388189505,0.5537425560481564,0.00013079134573557163,3.013889286071251,0.0008894597420385231
4.166947281934956,0.01,52480.746024977125,52.48074602497712,52.516215579956835,0.45300807052340875,4.554455514115332,0.5469919294765913,0.5363331523212787,3.1341170338374913,2.716852074719403,4.569131788490226,0.004026058038397918,0.5363366232429501,0.00013018453239716272,3.135858132108069,0.0009402766250495195
4.166947281934956,0.01,56234.13251903491,56.23413251903491,56.27009821202985,0.47156648102458587,5.130809088895387,0.5284335189754141,0.5187339963838247,3.265128934276234,2.839229299568605,5.14765572335298,0.004521810973046752,0.5187344147363928,0.0001292932713199568,3.2670571183104027,0.0009949049589372935
4.166947281934956,0.01,60255.958607435685,60.25595860743569,60.29241013398891,0.49019317116980554,5.788756332291326,0.5098068288301945,0.5010003926072562,3.405983443893853,2.970363066195453,5.808109686427818,0.005086748666220279,0.5009978764532242,0.00012811989552390896,3.4081148145942617,0.0010536068680880393
4.166947281934956,0.01,64565.422903465624,64.56542290346562,64.60234917685902,0.5088288887841261,6.540063193062336,0.49117111121587387,0.4831939398039058,3.5573547257004328,3.110879181414547,6.562311330220188,0.005730770421682503,0.48318862696192727,0.00012667028740363906,3.559706557681455,0.0011166637605774892
4.166947281934956,0.01,69183.09709189362,69.18309709189363,69.22048632651124,0.5274155286447431,7.398219926112199,0.47258447135525694,0.465375217337641,3.719966897980966,3.2614482450983497,7.423810430291557,0.006465220714154462,0.46536726348295177,0.00012495365136583358,3.722557713025738,0.0011843776944923474
4.166947281934956,0.01,74131.02413009162,74.13102413009162,74.16886392732796,0.5458967735787337,8.378694829084637,0.4541032264212663,0.4476031342273773,3.8945975245419935,3.422788852165116,8.408143787952106,0.007303101485047593,0.4475927105789199,0.0001229822181429557,3.89744717063731,0.001257072839103611
4.166947281934956,0.01,79432.82347242821,79.43282347242821,79.47110090784162,0.5642186737421141,9.49922548306162,0.4357813262578859,0.4299343343488893,4.082081355685086,3.595671023512472,9.533127810237687,0.00825931578035322,0.4299216250447302,0.00012077089421219638,4.085211092122718,0.0013350970384737198
4.166947281934956,0.01,85113.80382023759,85.11380382023759,85.15250553071579,0.5823301547170469,10.780153044216336,0.41766984528295314,0.41242266855108045,4.2833143383197925,3.7809198822861614,10.819194339766335,0.009350947365220836,0.4124078678172981,0.00011833687078888921,4.286746927377717,0.0014188234854814455
4.166947281934956,0.01,91201.08393559078,91.20108393559079,91.24019620538843,0.6001834478826225,12.244805954607818,0.39981655211737754,0.39511874162345473,4.499257914845349,3.979419593042978,12.289776132225237,0.010597581635722976,0.39510205084008065,0.00011569920714452837,4.503017720588078,0.001508652514697251
4.166947281934956,0.01,97723.72209558112,97.72372209558112,97.76323094020007,0.6177344393168617,13.919940383298403,0.38226556068313833,0.3780695391384111,4.730943631750338,4.192117582626113,13.971749326610542,0.012021673935878137,0.3780511639000054,0.00011287840258470312,4.735056726513168,0.0016050135230400104
4.166947281934956,0.01,104712.85480508985,104.71285480508985,104.75274605209798,0.6349429361508486,15.836245791628416,0.3650570638491514,0.36131813638248234,4.979478080305056,4.420029062912936,15.89594134103158,0.013648972292232876,0.36129828364116845,0.00010989597041264048,4.983972359455056,0.0017083670276959047
4.166947281934956,0.01,112201.84543019607,112.20184543019607,112.24210479621418,0.6517728517180579,18.028925259492055,0.3482271482819421,0.34490348899879264,5.246048193260653,4.664241877039768,18.097713875676888,0.015509002616452371,0.34488236436515207,0.00010677402572521247,5.25095349885698,0.0018192068713825066
4.166947281934956,0.01,120226.4434617413,120.22644346174131,120.26705662496536,0.6681923129486868,20.53836163656413,0.33180768705131325,0.32886030267660027,5.531926923127085,4.9259216922504026,20.617632138284463,0.01763562561828234,0.3288381079396583,0.00010353489707801604,5.537275177136362,0.0019380625856998117
4.166947281934956,0.01,128824.95516931322,128.82495516931323,128.86590783707598,0.6841736952000465,23.41088222093954,0.31582630479995355,0.3132189773020494,5.838479329390541,5.206317564170009,23.50223305356475,0.020067676039691,0.31319590821482796,0.00010020077005226988,5.84430467714652,0.0020655019240262674
4.166947281934956,0.01,138038.4264602881,138.0384264602881,138.07970443129662,0.699693591066021,26.69963654879012,0.300306408933979,0.29800561946008197,6.16716910394755,5.50676789908057,26.804907107944423,0.022849696392122438,0.2979818638222941,9.679336868732849e-05,6.173508068585407,0.0022021335761945597
4.166947281934956,0.01,147910.8388168207,147.9108388168207,147.9524280378315,0.7147327206706473,30.465604038491588,0.2852672793293527,0.2832421160573021,6.519565566101338,5.8287068426680655,30.586910650849426,0.026032779182620622,0.28321785211292533,9.33336787203898e-05,6.526457214737547,0.0023486100780227346
4.166947281934956,0.01,158489.3192461111,158.48931924611108,158.53120586291942,0.7292757915407613,34.77875071237794,0.2707242084592387,0.2689462611067317,6.897351160680356,6.173671125753774,34.9185279649986,0.02967553368558416,0.26892165626154685,8.98417146898779e-05,6.9048372831567795,0.0025056309296840364
4.166947281934956,0.01,169824.3652461746,169.8243652461746,169.86653564889784,0.7433113164026441,39.71935706631867,0.25668868359735586,0.2551319273469368,7.3023294952198965,6.5433073996957845,39.88040527845234,0.03384519569466414,0.25510713720021483,8.633633127807365e-05,7.310454796282831,0.0026739459378772906
4.166947281934956,0.01,181970.08586099825,181.97008586099827,182.0125267237238,0.7568313972017078,45.379542426067594,0.24316860279829222,0.24180927431801813,7.736433954702413,6.939380096488353,45.565082175093366,0.03861890141924861,0.24178444199362412,8.283507783567026e-05,7.7452462605429115,0.002854358797812756
4.166947281934956,0.01,194984.45997580414,194.98445997580416,195.0271582907495,0.7698314833507979,51.86501488228756,0.23016851664920213,0.2289849847358153,8.201736935093336,7.363779851087016,52.07874963062339,0.04408514982429003,0.2289602404910403,7.93540938682e-05,8.211287415236763,0.0030477309321613826
4.166947281934956,0.01,208929.6130854041,208.9296130854041,208.97255619180098,0.7823101117238445,59.29708020497665,0.21768988827615554,0.21666252144060905,8.70045973984519,7.8185325261714675,59.54326823003937,0.05034548131078296,0.2166379825259721,7.590804237550139e-05,8.710803145447008,0.0032549856053318547
4.166947281934956,0.01,223872.11385683378,223.87211385683378,223.9152894647989,0.794268635277953,67.81494808522793,0.205731364722047,0.2048423977944469,9.234983186699772,8.305808882433318,68.09848509270677,0.057516404765820026,0.2048181685345809,7.251007730926391e-05,9.246178106375528,0.003477112332747254
4.166947281934956,0.01,239883.29190194848,239.8832919019485,239.92668811164233,0.805710946455418,77.5783797321673,0.19428905354458204,0.19352245511260424,9.8078589754927,8.827934940555448,77.90489373753223,0.06573160975474462,0.1934986271766597,6.917184102785462e-05,9.819968109892029,0.003715171606194169
4.166947281934956,0.01,257039.57827688646,257.03957827688646,257.0831835932905,0.8166432007317341,88.77072737433959,0.18335679926826587,0.18269814149382535,10.421821871291113,9.387403084352115,89.14668767243087,0.07514450607420753,0.18267479432363087,6.590348745245974e-05,10.434912327710046,0.0039702999578222755
4.166947281934956,0.01,275422.87033381633,275.4228703338163,275.4666736774749,0.8270735448712666,101.6024237021852,0.1729264551287334,0.1723627872221286,11.079802761075497,9.986883958072358,102.0352660145259,0.0859311391379593,0.17233998858717062,6.271372663016425e-05,11.093946369496198,0.004243715386984605
4.166947281934956,0.01,295120.9226666378,295.1209226666378,295.1649133807216,0.8370118536599666,116.31498788493174,0.16298814634003345,0.1625078727171646,11.784942646344103,10.62923921466686,116.81325808410179,0.09829353684654013,0.1624856793672071,5.960988655299043e-05,11.800216298389032,0.00453672317583848
4.166947281934956,0.01,316227.7660168379,316.2277660168379,316.27193387088636,0.8464694781279132,133.18562466513208,0.15353052187208682,0.15312328578492196,12.540607638470865,11.317535175869365,133.7591438312752,0.11246355183481788,0.15310174417335187,5.659798833302291e-05,12.557093650870993,0.004850722121480121
4.166947281934956,0.01,338844.15613920207,338.8441561392021,338.88849132989696,0.8554590075705143,152.53250436654716,0.1445409924294857,0.1441975656460328,13.35040502844126,12.055057469306341,153.19255833929657,0.12870727245521377,0.14417671269984444,5.3682831160981924e-05,13.368191532727877,0.005187211214373429
4.166947281934956,0.01,363078.0547701003,363.07805477010027,363.12254791941353,0.8639940470380328,174.72082466177721,0.13600595296196716,0.13571813188223114,14.218200507700631,12.845326712506235,175.4803817198822,0.14733008672024814,0.13569799579741926,5.086808385104716e-05,14.23738186796183,0.005547796794961903
4.166947281934956,0.01,389045.1449942805,389.04514499428046,389.08978714532446,0.8720890113958301,200.16976988471072,0.12791098860416994,0.12767149703357084,15.148136622351041,13.692115318675313,201.04373072387563,0.16868249590347784,0.12765209807779562,4.81563801745959e-05,15.168813883023208,0.005934200222634745
4.166947281934956,0.01,416869.38347033464,416.86938347033464,416.9141660812252,0.8797589365648015,229.3605008241711,0.12024106343519847,0.12004346209645034,16.1446525488098,14.59946550446844,230.36598562178844,0.19316678882144372,0.12002481340376091,4.554941559032466e-05,16.166933914621083,0.006348266093663172
4.166947281934956,0.01,446683.5921509635,446.6835921509635,446.7285070869875,0.887019308133128,262.84532762758664,0.11298069186687199,0.11281929461441431,17.21250528535262,15.571708585713177,264.00200569268077,0.221244704264659,0.11280140295967234,4.304804337279315e-05,17.23650663568712,0.0067919710473426445
4.166947281934956,0.01,478630.092322638,478.630092322638,478.6751318469969,0.8938859071834767,301.25824105295897,0.10611409281652329,0.10598388942267345,18.35679236071455,16.613485653197387,302.5887093745898,0.25344622792731164,0.10596675596590135,4.0652368514473585e-05,18.382637800833884,0.007267433202384302
4.166947281934956,0.01,512861.38399136375,512.8613839913637,512.90654075474,0.9003746728998183,345.3270032666759,0.09962532710018168,0.0995219124072877,19.582976168167356,17.729769727217946,346.8572212096219,0.29037969186421836,0.0995055334005535,3.8361838120068784e-05,19.610798619901608,0.007776922268607654
4.166947281934956,0.01,549540.8738576248,549.5408738576248,549.5861408868002,0.9065015812986182,395.8870291895197,0.09349841870138176,0.09341792787685321,20.896910041248105,18.92588949664814,397.64681766019396,0.33274336939381766,0.09340229532840187,3.6175327321358045e-05,20.92685187595533,0.008322870382207675
4.166947281934956,0.01,588843.6553555884,588.8436553555885,588.8890260413172,0.9122825392652969,453.8973236132048,0.0877174607347031,0.0876565103246445,22.304866195618427,20.20755475584129,455.92093825239795,0.3813387869438013,0.08764161261677031,3.4091220013730165e-05,22.33707991242099,0.008907883716326266
4.166947281934956,0.01,630957.3444801917,630.9573444801918,631.0028125645148,0.9177332929595221,520.4587786001055,0.0822667070404779,0.0822223414892419,23.81356567045374,21.580883660797863,522.7855679751082,0.43708600714722007,0.0822081639479698,3.210748395135102e-05,23.84821462297109,0.009534754922356264
4.166947281934956,0.01,676082.9753919819,676.0829753919819,676.1285349551438,0.922869349577521,596.8351807890709,0.07713065042247902,0.07710029370878457,25.430210412296308,23.0524319347011,599.5103421837114,0.50104117516897,0.07708681912470333,3.0221739937621985e-05,25.467469587326832,0.010206476461372176
4.166947281934956,0.01,724435.9600749891,724.4359600749891,724.4816055221037,0.9277059114182153,684.4773300234898,0.07229408858178465,0.07227550061461396,27.16251765452801,24.62922416224188,687.5527772918866,0.574416663495689,0.07226270971522117,2.8431325013187227e-05,27.202574506388977,0.010926254889331279
4.166947281934956,0.01,776247.1166286896,776.2471166286896,776.2928426824491,0.9322578211876784,785.0507301975636,0.06774217881232159,0.06773341622994067,29.018756756814952,26.318787322315657,788.5860902905056,0.6586042000932132,0.06772128810472346,2.6733349677810182e-05,29.0618121013055,0.01169752616433257
4.166947281934956,0.01,831763.7711026708,831.7637711026708,831.8095727781215,0.9365395174833009,900.4673814210195,0.06346048251669911,0.06345986353832989,31.007788679291572,28.12918671817291,904.5311386550918,0.7552014217938692,0.06344837601840717,2.512474928963892e-05,31.05405765153544,0.012523972048556872
4.166947281934956,0.01,891250.938133744,891.2509381337441,891.2968107296016,0.9405649994350687,1032.9222811634606,0.05943500056493134,0.05944107355544026,33.13910828202084,30.069064478457168,1037.5930911293894,0.8660423603823185,0.05943020355006315,2.360232986352539e-05,33.188821362754425,0.013409537684059327
4.166947281934956,0.01,954992.5860214368,954.9925860214369,955.0385250600291,0.9443477995095956,1184.9353317175976,0.055652200490404424,0.05566371591261654,35.422889647988555,32.14768080956332,1190.3035299676712,0.9932324437381079,0.05565343970514933,2.216280855460476e-05,35.47629376317919,0.014358450424793041
4.166947281934956,0.01,1023292.9922807536,1023.2929922807535,1023.338993634836,0.9479009635606104,1359.3994556058524,0.05209903643938962,0.05211492188538058,37.87003465696571,34.37495820624368,1365.5687899887057,1.1391886814831087,0.052105215391592095,2.0802849144492763e-05,37.92739435601179,0.01537524001932356
4.166947281934956,0.01,1096478.196143183,1096.478196143183,1096.5242558865355,0.9512370372083053,1559.635836789543,0.048762962791694675,0.04878230080262236,40.492225016951664,36.76152880859851,1566.7254565704839,1.3066858016460792,0.048773139794198686,1.9519092895923976e-05,40.5538237350585,0.016464760230128866
4.166947281934956,0.01,1174897.5549395303,1174.8975549395304,1174.9436693791072,0.9543680577879378,1789.457345641643,0.04563194221206224,0.04565395061544675,43.30197803462201,39.318785161586064,1797.604085467208,1.4989092218606321,0.04564531091168325,1.8308185118535706e-05,43.36811944539607,0.017632212006416237
4.166947281934956,0.01,1258925.411794166,1258.9254117941662,1258.971577458043,0.9573055510761428,2053.241358255296,0.04269444892385721,0.042718463436660525,46.31270636648506,42.05893459704435,2062.602360652241,1.719515866052494,0.042710321067236615,1.716679782818941e-05,46.38371583118663,0.018883168310888692
4.166947281934956,0.01,1348962.8825916506,1348.9628825916507,1349.009096217364,0.9600605321263227,2356.013362477928,0.0399394678736773,0.03996492673907004,49.53878204567898,44.995057506644905,2366.769089053161,1.9727039894099259,0.039957258080732284,1.609164885525325e-05,49.615008166044035,0.020223600723004487
4.166947281934956,0.01,1445439.770745928,1445.439770745928,1445.4860292692233,0.9626435095883816,2703.5429485129102,0.03735649041161837,0.037382920856429136,52.99560508843906,48.14116978248937,2715.900637454415,2.263293346003125,0.03737570274627457,1.5079517753798708e-05,53.077421370484345,0.021659907945060255
4.166947281934956,0.01,1548816.6189124796,1548.8166189124795,1548.8629194564853,0.9650644929521687,3102.454018767704,0.03493550704783133,0.034962513365949466,56.69967700775027,51.51228972342336,3116.651654779982,2.5968172311982105,0.034955723193865904,1.412725884719283e-05,56.787483644494216,0.023198946347177136
4.166947281934956,0.01,1659586.9074375562,1659.5869074375562,1659.633247302391,0.9673330022127479,3560.351323430361,0.03266699778725213,0.03269425087187583,60.66867958510864,55.12450972645145,3576.662196036963,2.979628157993057,0.03268786665452463,1.3231811727025564e-05,60.76290536671246,0.024848062697001162
4.166947281934956,0.01,1778279.410038923,1778.2794100389228,1778.325786691742,0.9694580795107476,4085.9657403267156,0.030541920489252417,0.03056914865341198,64.9215592764031,58.995073105474,4104.703677724596,3.419019187011274,0.03056314909196086,1.2390209501724372e-05,65.02266363685717,0.026615129230357623
4.166947281934956,0.01,1905460.7179632443,1905.4607179632444,1905.5071290287249,0.9714483023526266,4689.321075920829,0.02855169764737342,0.028578678587635964,69.47861765486238,63.14245640405362,4710.846454486248,3.9233632291089706,0.02857304311128524,1.1599585069470622e-05,69.58709286497151,0.028508581230272702
4.166947281934956,0.01,2041737.9446695233,2041.7379446695234,2041.7843879207849,0.9733117980634575,5381.925575706562,0.026688201936542533,0.02671475570923998,74.36160832279076,67.5864575951346,5406.652220085995,4.502272983097855,0.026709464506398915,1.0857175667859185e-05,74.47798183993177,0.03053745729375494
4.166947281934956,0.01,2187761.623949552,2187.761623949552,2187.8080972995076,0.975056259168669,6176.991804576518,0.024943740831330996,0.024969723723983983,79.59384075470875,72.34829058874494,6205.394910324708,5.166784565531224,0.024964757762784628,1.0160325930688698e-05,79.71867774057758,0.03271144247855021
4.166947281934956,0.01,2344228.815319918,2344.228815319918,2344.2753168130507,0.9766889594411117,7089.689100073225,0.02331104055888833,0.023336339751677704,85.20029156762597,77.4506864988352,7122.314330349951,5.9295683423830985,0.02333168079135263,9.506489660756293e-06,85.33419758597819,0.035040914535839504
4.166947281934956,0.01,2511886.4315095823,2511.8864315095825,2511.9329593141306,0.9782167703862039,8137.4334240803955,0.021783229613796085,0.021807758537235267,91.2077237495792,82.9180021526422,8174.907354370482,6.805170992427683,0.021803389131722112,8.893230506867482e-06,91.35134765685602,0.03753699344957832
4.166947281934956,0.01,2691534.803926914,2691.534803926914,2691.5813563274605,0.9796461779702869,9340.220153427319,0.020353822029713142,0.020377516334688095,97.64481441560804,88.77633636058216,9383.262264018704,7.8102934291371024,0.02037341982968275,8.318221713681332e-06,97.7988514582322,0.040211594518953876
4.166947281934956,0.01,2884031.5031266,2884.0315031266,2884.0780785170527,0.9809832994269827,10721.006170698469,0.019016700573017298,0.019039514638851562,104.54229170101688,95.05365450167166,10770.442616249173,8.964109893379518,0.019035675163390414,7.779245094631554e-06,104.70748683414763,0.043077485237364294
4.166947281934956,0.01,3090295.432513592,3090.295432513592,3090.342029390536,0.9822339000018754,12306.148558970048,0.017766099998124618,0.017788003912384553,111.93308144539233,101.7799220192241,12362.92797847257,10.288634316208467,0.017784406365912008,7.274189361080891e-06,112.11023288898333,0.046148346239429455
4.166947281934956,0.01,3311311.2148259077,3311.311214825908,3311.357831782324,0.9834034095194981,14125.90828625148,0.016596590480501883,0.016617567432039015,119.85246436759938,108.98724746406084,14191.119955712955,11.80914095464721,0.016614197467801527,6.80104792511814e-06,120.0424274167266,0.04943883660697577
4.166947281934956,0.01,3548133.892335746,3548.133892335746,3548.1805280550757,0.9844969386765958,16215.028507769639,0.015503061323404177,0.01552310535674073,128.33824448204726,116.71003576807597,16289.923182718936,13.554647340853624,0.0155199493622422,6.357916278986269e-06,128.5419355896949,0.05296466384574122
4.166947281934956,0.01,3801893.9632056127,3801.8939632056126,3801.940616456157,0.9855192949836821,18613.3985406473,0.01448070501631793,0.014499819101539746,137.43092956015252,124.98515247982905,18699.412387012366,15.558468776234827,0.014496864176693616,5.942989041016137e-06,137.6493307119618,0.05674265886683686
4.166947281934956,0.01,4073802.778041122,4073.802778041122,4073.8494476707597,0.9864749982926803,21366.81620329284,0.01352500170731974,0.013543196085164744,147.17392449849885,133.8520997461303,21465.598274228727,17.858854969748297,0.013540430018702676,5.554556746078069e-06,147.4080879003356,0.06079085633090395
4.166947281934956,0.01,4365158.322401647,4365.158322401648,4365.205007332858,0.9873682958617144,24527.86309218273,0.012631704138285627,0.012648994904753241,157.6137385167174,143.3532048797324,24641.30687623635,20.49972098990905,0.012646406149361415,5.191002447893176e-06,157.86479161745225,0.06512858073849288
4.166947281934956,0.01,4677351.412871981,4677.351412871981,4677.398112097156,0.9882031769203096,28156.909527695057,0.011796823079690433,0.011813230979019318,168.80020717417204,153.5338224132393,28287.1891715308,23.5314865029508,0.011810808625611579,4.850798190996695e-06,169.06935804765345,0.06977653867763
4.166947281934956,0.01,5011872.336272715,5011.872336272715,5011.919048849748,0.988983386707901,32323.268379485606,0.01101661329209902,0.011032162690529312,180.78673026529407,164.442550603767,32472.88027776201,27.01203933962237,0.011029896442004722,4.532501401635099e-06,181.07527337719063,0.0747569176689199
4.166947281934956,0.01,5370317.963702532,5370.317963702532,5370.364688750669,0.9897124399676364,37106.51982796291,0.01028756003236364,0.010302278048672897,193.6305267291841,176.13146342189197,37278.33037556488,31.007841809822306,0.010300158193450624,4.2347512393325065e-06,193.93984911621766,0.08009349208004046
4.166947281934956,0.01,5754399.373371567,5754.399373371567,5754.446110067506,0.9903936338845176,42598.03238611527,0.009606366115482379,0.009620281887181226,207.39290779025154,188.65635913224753,42795.332805781334,35.59520091309681,0.009618299272755003,3.956264944196588e-06,207.72449568136105,0.08581173661521412
4.166947281934956,0.01,6165950.01861481,6165.95001861481,6165.996766189039,0.9910300604632505,48902.70925785668,0.008969939536749516,0.008983083603480546,222.13956963387778,202.07702665246413,49129.27855147705,40.861726726154956,0.008981229610200215,3.695834209171448e-06,222.49501554486545,0.0919389479214193
4.166947281934956,0.01,6606934.480075965,6606.9344800759645,6606.981237809314,0.9916246183463138,56140.99341667328,0.008375381653686231,0.008387785441683282,237.94090701411878,216.4575309619069,56401.17064387615,46.908006845838905,0.008386051956927466,3.452321601312276e-06,238.3219173496746,0.09850437489183479
4.166947281934956,0.01,7079457.843841373,7079.457843841373,7079.504611061792,0.9921800240771953,64451.16973428323,0.0078199759228047,0.00783167131642093,254.872349290511,231.8665189226307,64749.93700024526,53.849528896238844,0.00783005070929839,3.2246570516781456e-06,255.28075248991485,0.10553935828853844
4.166947281934956,0.01,7585775.750291821,7585.77575029182,7585.822526371341,0.9926988228169842,73992.0081676875,0.007301177183015817,0.007312196170951801,273.0147204981515,248.37754697248593,74335.08590682122,61.81888785079434,0.007310681267638444,3.011834429551198e-06,273.4524757634946,0.11307748035096306
4.166947281934956,0.01,8128305.161640995,8128.305161640995,8128.351945992889,0.99318339852577,84945.79853285172,0.006816601474230022,0.006826975859892781,292.454625169771,266.06943225454484,85339.7549101444,70.96832036493646,0.0068255599196887316,2.8129082133289163e-06,292.9238318184169,0.12115472510428307
4.166947281934956,0.01,8709635.899560796,8709.635899560795,8709.68269163691,0.9936359836221977,97521.83487925894,0.006364016377802262,0.006373777544452008,313.28486175166887,285.0266288590869,97974.21140089232,81.47261456618872,0.006372454236622039,2.6269902675412396e-06,313.78776923755356,0.12980965013297527
4.166947281934956,0.01,9332543.007969886,9332.543007969885,9332.589807258139,0.9940586681365977,111960.41607444854,0.005941331863402288,0.0059505105860860885,335.60486558693157,305.33963097417563,112479.87180925775,93.53245092618293,0.005949273967532351,2.4532467329669607e-06,336.14388423856883,0.13908357063954338
4.166947281934956,0.01,10000000.0,10000.0,10000.046806022048,0.9944534083742225,128537.43907604598,0.0055465916257775305,0.0055552179230149434,359.5211835806163,327.1054048692318,129133.91624513565,107.37823807992169,0.00555406241681148,2.290895034711835e-06,360.0988961070258,0.14902075666702025
13.177044300762262,0.10000000000000002,1e-05,1e-08,0.002412214863468124,0.08755896714877717,0.9824531214022733,0.9124410328512228,-12650.339498218787,0.008812267326580922,0.920177343313292,0.9824533320281126,1.6823280916086475e-05,-12951.984443177584,26.123988125615192,0.008812458662024293,8.486522175597437e-06
13.177044300762262,0.10000000000000002,1.071519305237607e-05,1.071519305237607e-08,0.0024122162044709736,0.0875589059585245,0.9824531024750255,0.9124410940414756,-12650.311840027864,0.008812276874342249,0.9201773955403139,0.982453313103806,1.6823294452834922e-05,-12951.955963847646,26.123923296085515,0.008812468208788407,8.486529086076096e-06
13.177044300762262,0.10000000000000002,1.1481536214968817e-05,1.1481536214968817e-08,0.002412217641380929,0.0875588403921104,0.9824530821941138,0.9124411596078896,-12650.282203841516,0.00881228710495314,0.9201774515024679,0.9824532928260463,1.6823308957719385e-05,-12951.925447798523,26.12385383024972,0.008812478438330752,8.486536490786095e-06
13.177044300762262,0.10000000000000002,1.230268770812381e-05,1.2302687708123811e-08,0.0024122191810571282,0.08755877013657762,0.9824530604627257,0.9124412298634224,-12650.250448210752,0.008812298067250163,0.9201775114668961,0.9824532710980347,1.682332449997965e-05,-12951.892749381313,26.123779396562032,0.008812489399482985,8.486544425074221e-06
13.177044300762262,0.10000000000000002,1.3182567385564074e-05,1.3182567385564074e-08,0.0024122208308492593,0.08755869485658083,0.9824530371771232,0.9124413051434191,-12650.216421570083,0.008812309813563459,0.9201775757197954,0.9824532478160505,1.6823341153807828e-05,-12951.857712531504,26.123699639767455,0.00881250114456957,8.486552926815407e-06
13.177044300762262,0.10000000000000002,1.4125375446227555e-05,1.4125375446227556e-08,0.0024122225986326416,0.0875586141927984,0.9824530122261503,0.9124413858072016,-12650.179961518035,0.008812322399965314,0.920177644567877,0.9824532228689543,1.682335899870174e-05,-12951.820170026182,26.123614179211543,0.008812513729656963,8.48656203659323e-06
13.177044300762262,0.10000000000000002,1.5135612484362071e-05,1.5135612484362072e-08,0.002412224492845819,0.08755852776021548,0.9824529854907008,0.9124414722397846,-12650.140894041502,0.008812335886538156,0.9201777183397448,0.9824531961376595,1.6823378119845013e-05,-12951.779942685927,26.12352260702353,0.008812527214821413,8.48657179789371e-06
13.177044300762262,0.10000000000000002,1.62181009735893e-05,1.6218100973589297e-08,0.002412226522530838,0.08755843514628596,0.98245295684315,0.9124415648537141,-12650.099032684548,0.008812350337661768,0.9201777973875382,0.9824531674945601,1.6823398608513104e-05,-12951.736838520015,26.123424486170773,0.008812541664435757,8.486582257312902e-06
13.177044300762262,0.10000000000000002,1.7378008287493764e-05,1.7378008287493763e-08,0.0024122286973764042,0.08755833590895365,0.9824529261467458,0.9124416640910463,-12650.054177659935,0.0088123658223203,0.9201778820885391,0.9824531368029258,1.682342056251007e-05,-12951.690651809331,26.123319348370934,0.008812557147477168,8.48659346477954e-06
13.177044300762262,0.10000000000000002,1.8620871366628657e-05,1.8620871366628656e-08,0.0024122310277641386,0.0875582295745658,0.9824528932549552,0.9124417704254342,-12650.006114896574,0.008812382414431453,0.9201779728470374,0.9824531039162463,1.6823444086633787e-05,-12951.641162128124,26.123206691866162,0.008812573737855451,8.486605473792881e-06
13.177044300762262,0.10000000000000002,1.9952623149688786e-05,1.9952623149688786e-08,0.002412233524818116,0.08755811563559374,0.9824528580107663,0.9124418843644062,-12649.954615018365,0.008812400193199421,0.9201780700962181,0.9824530686775337,1.6823469293177626e-05,-12951.5881332903,26.123085979024086,0.008812591514766661,8.48661834167847e-06
13.177044300762262,0.10000000000000002,2.1379620895022323e-05,2.1379620895022322e-08,0.0024122362004579748,0.08755799354821699,0.9824528202459365,0.912442006451783,-12649.899432249309,0.008812419243493316,0.9201781743002494,0.9824530309185723,1.682349630246585e-05,-12951.531312223602,26.12295663377546,0.008812610563071008,8.486632129861711e-06
13.177044300762262,0.10000000000000002,2.2908676527677746e-05,2.2908676527677746e-08,0.0024122390674558014,0.08755786272973322,0.9824527797801915,0.9124421372702668,-12649.84030324311,0.008812439656251751,0.9201782859564945,0.982452990459115,1.6823525243427912e-05,-12951.47042776367,26.12281803886964,0.00881263097369764,8.486646904160915e-06
13.177044300762262,0.10000000000000002,2.4547089156850286e-05,2.4547089156850285e-08,0.0024122421394971003,0.08755772255577048,0.9824527364203635,0.9124422774442296,-12649.776945825699,0.008812461528917574,0.9201784055978529,0.9824529471060248,1.6823556254214133e-05,-12951.405189359704,26.122669532928242,0.008812652844079179,8.486662735101698e-06
13.177044300762262,0.10000000000000002,2.6302679918953814e-05,2.6302679918953814e-08,0.00241224543124611,0.08755757235731892,0.9824526899594695,0.912442427642681,-12649.709057651831,0.008812484965902333,0.9201785337953637,0.9824529006523504,1.682358948285473e-05,-12951.335285690762,26.122510407296183,0.008812676278616285,8.486679698253364e-06
13.177044300762262,0.10000000000000002,2.818382931264455e-05,2.8183829312644547e-08,0.0024122489584157926,0.08755741141752799,0.9824526401757233,0.9124425885824721,-12649.63631476181,0.008812510079085355,0.9201786711608783,0.9824528508763398,1.682362508796705e-05,-12951.260383179982,26.122339902659725,0.008812701389176572,8.486697874589876e-06
13.177044300762262,0.10000000000000002,3.0199517204020192e-05,3.0199517204020194e-08,0.0024122527378428386,0.08755723896829852,0.9824525868314766,0.9124427610317015,-12649.558370039102,0.008812536988347152,0.9201788183499787,0.9824527975403824,1.6823663239511974e-05,-12951.180124405935,26.122157205431094,0.008812728295628122,8.486717350876118e-06
13.177044300762262,0.10000000000000002,3.235936569296281e-05,3.235936569296281e-08,0.0024122567875680223,0.0875570541866085,0.9824525296720845,0.9124429458133915,-12649.474851553257,0.008812565822142557,0.920178976065165,0.9824527403898724,1.6823704119605637e-05,-12951.094126397453,26.12196144386723,0.008812757126412187,8.486738220082311e-06
13.177044300762262,0.10000000000000002,3.467368504525317e-05,3.467368504525317e-08,0.002412261126922305,0.08755685619059839,0.9824524684246906,0.9124431438094016,-12649.385360790639,0.00881259671811278,0.9201791450591292,0.9824526791519954,1.6823747923388422e-05,-12951.001978810047,26.121751683919964,0.0088127880191558,8.486760581827474e-06
13.177044300762262,0.10000000000000002,3.715352290971728e-05,3.715352290971728e-08,0.002412265776619103,0.0875566440353566,0.9824524027969228,0.9124433559646434,-12649.28947075164,0.008812629823743715,0.9201793261383839,0.9824526135344258,1.6823794859956603e-05,-12950.903241968963,26.121526924781797,0.00881282112132923,8.486784542855192e-06
13.177044300762262,0.10000000000000002,3.9810717055349695e-05,3.9810717055349696e-08,0.0024122707588531455,0.08755641670841635,0.9824523324755003,0.9124435832915836,-12649.186723919152,0.008812665297068938,0.920179520167107,0.9824525432239305,1.6823845153360305e-05,-12950.797444774771,26.121286094119643,0.008812856590949771,8.486810217543027e-06
13.177044300762262,0.10000000000000002,4.265795188015926e-05,4.265795188015926e-08,0.0024122760974063977,0.08755617312493237,0.9824522571247352,0.9124438268750676,-12649.076630076954,0.008812703307424754,0.9201797280712625,0.9824524678848743,1.6823899043672894e-05,-12950.684082459517,26.121028042968327,0.00881289459733589,8.486837728448339e-06
13.177044300762262,0.10000000000000002,4.5708818961487516e-05,4.570881896148752e-08,0.002412281817761568,0.0875559121225028,0.9824521763849324,0.9124440878774972,-12648.958663975784,0.008812744036258108,0.9201799508430031,0.9824523871576175,1.682395678813664e-05,-12950.56261418146,26.120751540256638,0.008812935321915736,8.486867206893403e-06
13.177044300762262,0.10000000000000002,4.897788193684456e-05,4.897788193684456e-08,0.0024122879472237243,0.08755563245562831,0.9824520898706708,0.9124443675443716,-12648.832262830132,0.008812787677993287,0.920180189545423,0.9824523006567992,1.682401866239098e-05,-12950.432460449247,26.120455266945612,0.00881297895909319,8.486898793592207e-06
13.177044300762262,0.10000000000000002,5.248074602497723e-05,5.248074602497723e-08,0.002412294515050604,0.08755533278977619,0.9824519971689641,0.9124446672102238,-12648.696823638906,0.008812834440959783,0.9201804453176056,0.982452207969498,1.6824084961787846e-05,-12950.293000362573,26.12013780974913,0.008813025717175817,8.486932639322024e-06
13.177044300762262,0.10000000000000002,5.623413251903491e-05,5.6234132519034905e-08,0.002412301552592243,0.0875550116950222,0.9824518978372909,0.9124449883049778,-12648.551700316355,0.008812884548386113,0.9201807193800544,0.9824521086532598,1.6824156002801115e-05,-12950.143568656325,26.11979765440781,0.008813075819369128,8.486968905642995e-06
13.177044300762262,0.10000000000000002,6.0255958607435806e-05,6.025595860743581e-08,0.002412309093440591,0.08755466763922433,0.9824517914014788,0.9124453323607756,-12648.396200612182,0.00881293823946691,0.9201810130405222,0.982452002233987,1.6824232124537663e-05,-12949.983452532233,26.119433178478765,0.008813129504842579,8.487007765669511e-06
13.177044300762262,0.10000000000000002,6.456542290346549e-05,6.456542290346549e-08,0.0024123171735898072,0.08755429898073733,0.9824516773534443,0.9124457010192627,-12648.229582820995,0.008812995770503318,0.9201813277002657,0.9824518882036746,1.6824313690355162e-05,-12949.811888268614,26.119042643621782,0.008813187029870549,8.487049404896065e-06
13.177044300762262,0.10000000000000002,6.918309709189363e-05,6.918309709189362e-08,0.0024123258316080423,0.0875539039605752,0.9824515551487657,0.9124460960394248,-12648.051052250958,0.008813057416127184,0.9201816648606526,0.9824517660179853,1.6824401089596903e-05,-12949.628057584086,26.1186241873246,0.008813248669056462,8.487094022082953e-06
13.177044300762262,0.10000000000000002,7.413102413009176e-05,7.413102413009177e-08,0.0024123351088214725,0.08755348069404341,0.9824514242040835,0.9124465193059565,-12647.859757442338,0.008813123470612347,0.9201820261303759,0.9824516350936512,1.6824494739449393e-05,-12949.431083746724,26.118175814050325,0.008813314716643011,8.487141830204587e-06
13.177044300762262,0.10000000000000002,7.943282347242822e-05,7.943282347242822e-08,0.002412345049511507,0.08755302716174501,0.982451283894318,0.9124469728382549,-12647.654786119638,0.00881319424927878,0.9201824132331157,0.9824514948056887,1.6824595086934035e-05,-12949.22002740196,26.117695385744227,0.00881338548791755,8.487193057466334e-06
13.177044300762262,0.10000000000000002,8.51138038202376e-05,8.511380382023759e-08,0.0024123557011260883,0.08755254119997948,0.9824511335496828,0.9124474588000205,-12647.43516085264,0.008813270089998231,0.9201828280157288,0.9824513444844161,1.6824702611040058e-05,-12948.993882108462,26.11718061167746,0.008813461320716373,8.487247948393234e-06
13.177044300762262,0.10000000000000002,9.120108393559096e-05,9.120108393559096e-08,0.0024123671145060885,0.08755202049042905,0.9824509724524896,0.9124479795095709,-12647.199834410896,0.00881335135480684,0.9201832724570573,0.9824511834122563,1.682481782501045e-05,-12948.751569552744,26.116629037559417,0.0088135425770379,8.487306764997234e-06
13.177044300762262,0.10000000000000002,9.772372209558111e-05,9.772372209558111e-08,0.002412379344127903,0.08755146254912168,0.9824507998337205,0.9124485374508783,-12646.947684785699,0.008813438431633892,0.9201837486773302,0.9824510108203113,1.682494127879158e-05,-12948.491934425037,26.1160380338803,0.008813629644770712,8.487369788027612e-06
13.177044300762262,0.10000000000000002,0.00010471285480508996,1.0471285480508996e-07,0.0024123924483633644,0.08755086471460118,0.9824506148693583,0.9124491352853988,-12646.677509861805,0.008813531736152985,0.9201842589483099,0.9824508258846912,1.682507356165778e-05,-12948.213738930404,26.11540478342398,0.008813722939545403,8.487437318310877e-06
13.177044300762262,0.10000000000000002,0.0001122018454301963,1.122018454301963e-07,0.0024124064897582476,0.0875502241352741,0.9824504166764516,0.9124497758647259,-12646.388021706374,0.00881363171376713,0.9201848057040406,0.9824506277225828,1.6825215305022596e-05,-12947.9156569126,26.11472626790143,0.00881382290671805,8.487509678186115e-06
13.177044300762262,0.10000000000000002,0.00012022644346174131,1.2022644346174132e-07,0.00241242153533067,0.0875495377558164,0.9824502043089011,0.9124504622441836,-12646.077840455695,0.008813738841734675,0.9201853915525136,0.9824504153880332,1.6825367185453106e-05,-12947.596267555287,26.11399925362186,0.00881393002349734,8.487587213043768e-06
13.177044300762262,0.10000000000000002,0.00012882495516931337,1.2882495516931338e-07,0.0024124376568908207,0.08754880230266351,0.9824499767529422,0.9124511976973365,-12645.7454877685,0.008813853631447204,0.9201860192879688,0.9824501878674354,1.682552992789758e-05,-12947.254048643652,26.113220276166516,0.00881404480122143,8.48767029297327e-06
13.177044300762262,0.10000000000000002,0.00013803842646028838,1.380384264602884e-07,0.002412454931383538,0.08754801426841977,0.9824497329223064,0.9124519857315803,-12645.389379811344,0.008813976630871596,0.9201866919043108,0.9824499440746903,1.6825704309144964e-05,-12946.887369341315,26.112385623959327,0.00881416778779993,8.4877593145296e-06
13.177044300762262,0.10000000000000002,0.00014791083881682073,1.4791083881682074e-07,0.002412473441255355,0.08754716989519004,0.9824494716530353,0.9124528301048099,-12645.007819751221,0.008814108427165276,0.9201874126092586,0.9824496828460194,1.682589116153184e-05,-12946.494482460092,26.111491320686035,0.008814299570328999,8.487854702625313e-06
13.177044300762262,0.10000000000000002,0.00015848931924611142,1.584893192461114e-07,0.002412493274847786,0.087546265156711,0.9824491916979239,0.912453734843289,-12644.598989712942,0.008814249649479716,0.920188184839644,0.9824494029344127,1.6826091376913026e-05,-12946.073516179902,26.11053310646373,0.008814440777894249,8.487956912558234e-06
13.177044300762262,0.10000000000000002,0.00016982436524617443,1.6982436524617443e-07,0.002412514526818698,0.08754529573921883,0.9824488917205679,0.9124547042607811,-12644.160942170693,0.008814400971963305,0.9201890122777241,0.9824491030036728,1.682630591091817e-05,-12945.622465183882,26.109506417681807,0.00881459208457377,8.488066432183889e-06
13.177044300762262,0.10000000000000002,0.00018197008586099826,1.8197008586099827e-07,0.002412537298593796,0.08754425702094897,0.9824485702889827,0.9124557429790511,-12643.691590727243,0.008814563116980223,0.9201898988687124,0.9824487816220377,1.6826535787510344e-05,-12945.139181165297,26.108406365415902,0.008814754212656357,8.488183784243448e-06
13.177044300762262,0.10000000000000002,0.00019498445997580456,1.9498445997580455e-07,0.0024125616988503466,0.08754314405019238,0.982448225868768,0.9124568559498076,-12643.188700243789,0.008814736858558797,0.9201908488395129,0.9824484372553464,1.6826782103871664e-05,-12944.621362665719,26.107227712323507,0.008814927936089262,8.488309528857707e-06
13.177044300762262,0.10000000000000002,0.00020892961308540387,2.0892961308540387e-07,0.0024125878440354664,0.08754195152178536,0.9824478568157838,0.9124580484782147,-12642.649876274332,0.008814923026086021,0.9201918667187408,0.9824480682597135,1.6827046035637735e-05,-12944.0665441944,26.105964847906918,0.008815114084173032,8.488444266199555e-06
13.177044300762262,0.10000000000000002,0.00022387211385683378,2.2387211385683377e-07,0.002412615858921409,0.08754067375192491,0.9824474613683002,0.9124593262480751,-12642.07255375082,0.008815122508267723,0.9201929573583235,0.9824476728736831,1.6827328842506444e-05,-12943.472084579638,26.104611762032523,0.008815313545520809,8.488588639357524e-06
13.177044300762262,0.10000000000000002,0.000239883291901949,2.39883291901949e-07,0.0024126458772005324,0.08753930465121382,0.9824470376385881,0.9124606953487862,-12641.453984873224,0.008815336257371222,0.9201941259564542,0.9824472492098197,1.682763187424707e-05,-12942.835154501452,26.103162016592314,0.008815527272300169,8.488743337403696e-06
13.177044300762262,0.10000000000000002,0.0002570395782768865,2.570395782768865e-07,0.002412678042122727,0.08753783769578342,0.9824465836039069,0.9124621623042166,-12640.791226148654,0.008815565293770962,0.9201953780822636,0.9824467952456977,1.6827956577138928e-05,-12942.152723145264,26.101608715170116,0.008815756284778868,8.48890909868103e-06
13.177044300762262,0.10000000000000002,0.0002754228703338166,2.7542287033381663e-07,0.0024127125071782924,0.08753626589637677,0.9824460970968509,0.9124637341036232,-12640.08112452,0.008815810710819036,0.9201967197022346,0.9824463088142478,1.6828304500869522e-05,-12941.42154391927,26.09994447058358,0.0088160016761951,8.489086714325188e-06
13.177044300762262,0.10000000000000002,0.0002951209226666384,2.951209226666384e-07,0.002412749436829837,0.08753458176523046,0.9824455757949981,0.9124654182347696,-12639.320302511984,0.008816073680067054,0.9201981572085004,0.982445787593409,1.6828677305928125e-05,-12940.638139163275,26.098161370138595,0.008816264617978041,8.489277032039401e-06
13.177044300762262,0.10000000000000002,0.00031622776601683794,3.162277660168379e-07,0.0024127890072960893,0.0875327772806349,0.9824450172098257,0.9124672227193651,-12638.505142345835,0.008816355456857989,0.9201996974490896,0.9824452290950452,1.6829076771523838e-05,-12939.798783792976,26.096250938469506,0.008816546365339283,8.4894809601372e-06
13.177044300762262,0.10000000000000002,0.00033884415613920273,3.3884415613920274e-07,0.0024128314073922266,0.08753084384895533,0.982444418674824,0.9124691561510446,-12637.631768930432,0.00881665738632189,0.9202013477603926,0.9824446306530618,1.682950480407563e-05,-12938.899487785995,26.094204097753433,0.0088168482632686,8.489699471877139e-06
13.177044300762262,0.10000000000000002,0.0003630780547701014,3.630780547701014e-07,0.002412876839427745,0.08752877226408548,0.9824437773327944,0.9124712277359145,-12636.696031710217,0.00881698090978459,0.9202031160017675,0.982443989410704,1.682996344628411e-05,-12937.93597749552,26.092011125267877,0.008817171752941185,8.489933610094549e-06
13.177044300762262,0.10000000000000002,0.00038904514499428044,3.8904514499428043e-07,0.0024129255201734805,0.08752655266380661,0.9824430901221664,0.9124734473361934,-12635.693485144737,0.008817327571669913,0.9202050105928609,0.9824433023068773,1.6830454886902346e-05,-12936.903675551668,26.089661607747487,0.008817518378619531,8.490184492190439e-06
13.177044300762262,0.10000000000000002,0.0004168693834703355,4.168693834703355e-07,0.0024129776818923865,0.0875241744833123,0.9824423537624104,0.9124758255166877,-12634.619367934161,0.00881769902685893,0.9202070405532976,0.982442566061563,1.683098147115196e-05,-12935.797679473926,26.087144392822818,0.008817889795011677,8.490453315449673e-06
13.177044300762262,0.10000000000000002,0.00044668359215096305,4.4668359215096306e-07,0.002413033573446483,0.08752162640534139,0.9824415647383714,0.9124783735946587,-12633.46858074849,0.00881809704859354,0.9202092155452702,0.9824417771601514,1.68315457119094e-05,-12934.612738740692,26.084447536965428,0.008818287775174552,8.490741362752651e-06
13.177044300762262,0.10000000000000002,0.00047863009232263805,4.786300923226381e-07,0.0024130934614822065,0.0875188963068173,0.9824407192834839,0.9124811036931827,-12632.235662415746,0.008818523536943878,0.9202115459191617,0.9824409318366637,1.683215030168573e-05,-12933.343230277538,26.081558249854034,0.008818714218979472,8.491050008692248e-06
13.177044300762262,0.10000000000000002,0.0005128613839913648,5.128613839913648e-07,0.002413157631700255,0.08751597120175655,0.9824398133617942,0.9124840287982434,-12630.914764470284,0.008818980527878391,0.9202140427623187,0.9824400260557737,1.6832798125461643e-05,-12931.9831322512,26.07846283490872,0.008819171162182287,8.491380726127185e-06
13.177044300762262,0.10000000000000002,0.0005495408738576248,5.495408738576248e-07,0.002413226390216044,0.08751283718015834,0.9824388426486902,0.9124871628198417,-12629.499623934937,0.008819470202985544,0.9202167179512908,0.9824390554935416,1.6833492274438467e-05,-12930.52599605043,26.07514662572508,0.008819660786143522,8.491735093203868e-06
13.177044300762262,0.10000000000000002,0.0005888436553555889,5.888436553555889e-07,0.002413300065016609,0.0875094793426316,0.9824378025102601,0.9124905206573684,-12627.983534239895,0.008819994899886894,0.9202195842076849,0.9824380155167763,1.6834236060767415e-05,-12928.96491634671,26.071593918169164,0.008820185428240555,8.49211480087707e-06
13.177044300762262,0.10000000000000002,0.000630957344480193,6.30957344480193e-07,0.0024133790075224816,0.08750588173040397,0.9824366879811601,0.912494118269596,-12626.359314119087,0.008820557123403567,0.920222655158038,0.9824369011609064,1.683503303333994e-05,-12927.292499074838,26.067787897774043,0.008820747593032615,8.492521660973261e-06
13.177044300762262,0.10000000000000002,0.0006760829753919819,6.760829753919819e-07,0.002413463594259344,0.08750202725051774,0.9824354937409191,0.9124979727494823,-12624.619274409552,0.00882115955750998,0.9202259453976803,0.9824357071062888,1.6835886994690456e-05,-12925.500827252605,26.063710562259324,0.008821349964213812,8.49295761482164e-06
13.177044300762262,0.10000000000000002,0.0007244359600749898,7.244359600749898e-07,0.0024135542286496596,0.08749789759574549,0.9824342140885334,0.9125021024042546,-12622.755182558007,0.008821805078151765,0.9202294705593326,0.9824344276528062,1.6836802019114887e-05,-12923.581424444223,26.059342638734165,0.008821995417429111,8.493424742506435e-06
13.177044300762262,0.10000000000000002,0.0007762471166286912,7.762471166286911e-07,0.002413651342931559,0.08749347315896353,0.9824328429152496,0.9125065268410365,-12620.758224723635,0.008822496766976851,0.9202332473861957,0.9824330566926559,1.6837782472077985e-05,-12921.52521574684,26.054663495317566,0.008822687034004396,8.493925272777486e-06
13.177044300762262,0.10000000000000002,0.0008317637711026709,8.317637711026709e-07,0.00241375540021426,0.08748873294158344,0.982431373675401,0.9125112670584166,-12618.618965311112,0.008823237926049285,0.9202372938103646,0.9824315876811895,1.6838833031004207e-05,-12919.322486133718,26.049651046804218,0.008823428115658737,8.494461593667584e-06
13.177044300762262,0.10000000000000002,0.0008912509381337459,8.912509381337459e-07,0.002413866896679696,0.08748365445562052,0.9824297993551553,0.9125163455443794,-12616.327303768578,0.008824032093616896,0.9202416290365145,0.9824300136056658,1.6839958707551784e-05,-12916.962835983657,26.044281653997015,0.008824222200270144,8.495036263867498e-06
13.177044300762262,0.10000000000000002,0.0009549925860214359,9.549925860214358e-07,0.002413986363940679,0.08747821361901494,0.982428112439029,0.912521786380985,-12613.872428485885,0.008824883061005755,0.9202462736315284,0.9824283269517713,1.6841164871473174e-05,-12914.435133625659,26.03853001632818,0.008825073078768288,8.495652024911457e-06
13.177044300762262,0.10000000000000002,0.0010232929922807535,1.0232929922807535e-06,0.0024141143715666635,0.08747238464371306,0.9824263048740047,0.9125276153562869,-12611.242767606771,0.008825794890724208,0.9202512496201768,0.9824265196677422,1.684245727617666e-05,-12911.727464707215,26.03236905734395,0.008825984813236945,8.496311814231842e-06
13.177044300762262,0.10000000000000002,0.0010964781961431851,1.096478196143185e-06,0.002414251529788925,0.08746613991608865,0.9824243680310852,0.9125338600839114,-12608.425936570846,0.008826771935861196,0.9202565805875139,0.9824245831259241,1.6843842086107158e-05,-12908.82707819961,26.025769802643094,0.008826961756310068,8.497018779143319e-06
13.177044300762262,0.10000000000000002,0.001174897554939529,1.1748975549395291e-06,0.0024143984923978437,0.08745944986911468,0.9824222926640904,0.9125405501308853,-12605.408682177178,0.008827818860874989,0.920262291788246,0.982422508081576,1.684532590607912e-05,-12905.720328824198,26.018701249790833,0.00882800857195813,8.497776291824666e-06
13.177044300762262,0.10000000000000002,0.0012589254117941675,1.2589254117941674e-06,0.002414555959845759,0.0874522828458552,0.9824200688655144,0.9125477171541448,-12602.176822978836,0.008828940663865848,0.9202684102636433,0.9824202846287349,1.6846915812695682e-05,-12902.392615701638,26.011130229778498,0.008829130257759134,8.498587965366204e-06
13.177044300762262,0.10000000000000002,0.0013489628825916532,1.348962882591653e-06,0.002414724682569953,0.08744460495361553,0.9824176860192173,0.9125553950463845,-12598.715185770841,0.0088301427004465,0.9202749649663939,0.9824179021529144,1.684861938800519e-05,-12898.828316987407,26.00302125950775,0.008830332168765508,8.49945767096119e-06
13.177044300762262,0.10000000000000002,0.001445439770745928,1.445439770745928e-06,0.0024149054645511508,0.08743637990822437,0.9824151327497397,0.9125636200917756,-12595.007537968178,0.008831430709316935,0.920281986893984,0.9824153492804261,1.6850444755550967e-05,-12895.010720272745,25.994336384821935,0.008831620043077543,8.500389556320197e-06
13.177044300762262,0.10000000000000002,0.0015488166189124811,1.548816618912481e-06,0.002415099167124135,0.08742756886777214,0.9824123968679832,0.9125724311322279,-12591.036515619517,0.008832810839673109,0.9202895092311562,0.9824126138240707,1.6852400618986323e-05,-12890.921948504787,25.985035013550018,0.008833000029247787,8.501388065396358e-06
13.177044300762262,0.10000000000000002,0.0016595869074375598,1.6595869074375599e-06,0.002415306713058113,0.08741813025517484,0.9824094653130128,0.9125818697448251,-12586.783546834771,0.008834289680573796,0.9202975675019526,0.982409682724948,1.6854496303433014e-05,-12886.542881182075,25.975073738038834,0.008834478715646108,8.502457959513504e-06
13.177044300762262,0.10000000000000002,0.0017782794100389228,1.7782794100389227e-06,0.0024155290909257444,0.0874080195688383,0.9824063240896874,0.9125919804311617,-12582.228770360765,0.008835874292411974,0.9203061997320254,0.9824065419900977,1.6856741799779693e-05,-12881.853070566885,25.964406146619755,0.008836063161926973,8.503604339996964e-06
13.177044300762262,0.10000000000000002,0.0019054607179632462,1.9054607179632462e-06,0.0024157673597810002,0.08739718918071174,0.9824029582018341,0.9126028108192883,-12577.350949061729,0.008837572240637208,0.9203154466217857,0.9824031766256838,1.6859147812125955e-05,-12876.83065265533,25.952982623460205,0.008837760932748549,8.504832672412844e-06
13.177044300762262,0.10000000000000002,0.0020417379446695297,2.04173794466953e-06,0.0024160226541674107,0.08738558812094384,0.9823993515806367,0.9126144118790561,-12572.127378037772,0.008839391631892632,0.9203253517311949,0.9823995705653954,1.68617258085951e-05,-12871.452252635763,25.940750136231284,0.008839580133905865,8.50614881252968e-06
13.177044300762262,0.10000000000000002,0.002187761623949552,2.187761623949552e-06,0.0024162961894797228,0.0873731618483525,0.9823954870079028,0.9126268381516475,-12566.533787120843,0.008841341152738201,0.9203359616766049,0.9823957065937242,1.6864488075751727e-05,-12865.692884566943,25.927652011032485,0.008841529451050104,8.507559034123696e-06
13.177044300762262,0.10000000000000002,0.0023442288153199225,2.3442288153199226e-06,0.002416589267703533,0.0873598520058599,0.9823913460338375,0.9126401479941401,-12560.544237478804,0.008843430111146688,0.9203473263408387,0.9823915662637541,1.686744777687819e-05,-12859.525845002048,25.91362769400832,0.008843618191179832,8.509070058757777e-06
13.177044300762262,0.10000000000000002,0.0025118864315095794,2.5118864315095793e-06,0.0024169032835591503,0.08734559616000928,0.9823869088889352,0.9126544038399907,-12554.131012064578,0.008845668480970017,0.9203594990968046,0.9823871298090625,1.6870619014381873e-05,-12852.92260028476,25.898612499100178,0.008845856327103278,8.510689087673407e-06
13.177044300762262,0.10000000000000002,0.002691534803926914,2.6915348039269138e-06,0.0024172397310776536,0.08733032752368054,0.9823821543895652,0.9126696724763195,-12547.264499644905,0.008848066949589655,0.9203725370458142,0.9823823760493242,1.6874016896621602e-05,-12845.852667251886,25.882537341405847,0.008848254545083253,8.512423835943483e-06
13.177044300762262,0.10000000000000002,0.0028840315031266055,2.8840315031266055e-06,0.0024176002106390355,0.08731397466103544,0.9823770598367979,0.9126860253389646,-12539.913072151094,0.0088506369689794,0.9203865012712016,0.9823772822891539,1.6877657609464083e-05,-12838.283487075507,25.865328455624326,0.008850824295894337,8.514282569045655e-06
13.177044300762262,0.10000000000000002,0.003090295432513589,3.090295432513589e-06,0.0024179864365042494,0.08729646117372422,0.982371600907994,0.9127035388262758,-12532.042955107301,0.008853390810424073,0.9204014571082376,0.982371824209709,1.6881558492902366e-05,-12830.180291992478,25.84690709910974,0.008853577849536779,8.516274142025806e-06
13.177044300762262,0.10000000000000002,0.003311311214825911,3.311311214825911e-06,0.002418400244875134,0.0872777053673867,0.9823657515406302,0.9127222946326133,-12523.61809089835,0.008856341623157946,0.9204174744311253,0.9823659757525374,1.6885738123086912e-05,-12821.50596468781,25.827189239115647,0.008856528353867785,8.518408041432588e-06
13.177044300762262,0.10000000000000002,0.0035481338923357532,3.5481338923357534e-06,0.002418843602518419,0.08725761989737509,0.9823594838078092,0.9127423801026249,-12514.599994663336,0.008859503497203908,0.9204346279581784,0.9823597089951058,1.6890216400150992e-05,-12812.220890106533,25.80608522384024,0.008859689897434055,8.520694430218224e-06
13.177044300762262,0.10000000000000002,0.0038018939632056127,3.801893963205613e-06,0.0024193186159923476,0.08723611139269209,0.982352767784859,0.912763888607308,-12504.94760263124,0.00886289153071302,0.9204529975757914,0.9823529940174198,1.6895014642231682e-05,-12802.282799508444,25.78349943699428,0.008863077576804988,8.523144195811957e-06
13.177044300762262,0.10000000000000002,0.004073802778041126,4.0738027780411255e-06,0.0024198275415159365,0.08721308005713181,0.9823455714063954,0.9127869199428682,-12494.617112756436,0.008866521902122672,0.9204726686825677,0.9823457987591089,1.6900155686107185e-05,-12791.64660662905,25.759329935741295,0.008866707568722855,8.52576900158246e-06
13.177044300762262,0.10000000000000002,0.004365158322401657,4.365158322401657e-06,0.002420372795529097,0.08718841924634757,0.9823378603130944,0.9128115807536524,-12483.561817447217,0.008870411947512022,0.9204937325542482,0.9823380888662259,1.6905663994957265e-05,-12780.264235735925,25.733468071712014,0.008870597207449146,8.528581341949211e-06
13.177044300762262,0.10000000000000002,0.004677351412871981,4.677351412871981e-06,0.0024209569659806723,0.08716201502023398,0.9823295976875873,0.912837984979766,-12471.731928524747,0.008874580243455107,0.9205162867304659,0.9823298275271639,1.6911565773640697e-05,-12768.084441717723,25.705798095611133,0.008874765067610603,8.531594601346494e-06
13.177044300762262,0.10000000000000002,0.005011872336272719,5.011872336272719e-06,0.0024215828244049586,0.08713374566906677,0.9823207440785162,0.9128662543309333,-12459.074394165744,0.00887904669585548,0.9205404354244896,0.9823209752967437,1.6917889092127924e-05,-12755.052621972976,25.676196745117483,0.008879231053023347,8.534823117367158e-06
13.177044300762262,0.10000000000000002,0.005370317963702527,5.370317963702527e-06,0.0024222533388314413,0.08710348121275764,0.9823112572120305,0.9128965187872423,-12445.532708070848,0.008883832635129273,0.9205662899566592,0.9823114899077388,1.6924664017566832e-05,-12741.11062034278,25.644532816893527,0.008884016491865751,8.538282248333348e-06
13.177044300762262,0.10000000000000002,0.005754399373371567,5.754399373371567e-06,0.0024229716875865163,0.08707108287210505,0.9823010917897713,0.9129289171278949,-12431.046710953999,0.008888960918217123,0.9205939692126327,0.982301326068892,1.6931922755608727e-05,-12726.196523193314,25.61066672323727,0.00888914423868009,8.541988445616838e-06
13.177044300762262,0.10000000000000002,0.006165950018614822,6.165950018614822e-06,0.0024237412740459106,0.08703640251116906,0.9822901992723827,0.9129635974888309,-12415.552384623312,0.008894456037913837,0.9206236001272071,0.9822904352484627,1.6939699801623867e-05,-12710.244447939556,25.574450034366873,0.008894638783690043,8.54595933103347e-06
13.177044300762262,0.10000000000000002,0.006606934480075957,6.606934480075958e-06,0.0024245657424006007,0.08699928204995316,0.982278527647512,0.9130007179500468,-12398.981639048798,0.008900344240039644,0.9206553181945563,0.9822787654422629,1.694803210248204e-05,-12693.184324418504,25.53572500763412,0.0089005263699603,8.550213779660631e-06
13.177044300762262,0.10000000000000002,0.00707945784384138,7.07945784384138e-06,0.0024254489945027663,0.08695955284665889,0.9822660211811794,0.9130404471533411,-12381.262092936573,0.008906653649022152,0.9206892680058252,0.982266260925069,1.6956959229619544e-05,-12674.941669666041,25.494324105335487,0.008906835118964056,8.554772008450238e-06
13.177044300762262,0.10000000000000002,0.007585775750291836,7.585775750291836e-06,0.002426395207862309,0.08691703504896535,0.9822526201513311,0.9130829649510347,-12362.316848523293,0.008913414402489708,0.9207256038144364,0.9822528619842159,1.6966523564158628e-05,-12655.43735683166,25.450069503248066,0.008913595165162883,8.55965567103306e-06
13.177044300762262,0.10000000000000002,0.008128305161640988,8.128305161640988e-06,0.0024274088548685052,0.08687153691389597,0.9822382605622846,0.9131284630861041,-12342.064261470354,0.008920658795530782,0.9207644901299272,0.982238504634091,1.69767704948967e-05,-12634.587379158005,25.402772592503748,0.008920838800250283,8.564887959137425e-06
13.177044300762262,0.10000000000000002,0.008709635899560805,8.709635899560804e-06,0.0024284947233157088,0.08682285409609167,0.9822228738386988,0.9131771459039083,-12320.417706981108,0.008928421435313898,0.9208061023405587,0.9822231203101515,1.698774863003186e-05,-12612.30261018933,25.35223347801147,0.008928600627755147,8.570493711071696e-06
13.177044300762262,0.10000000000000002,0.009332543007969905,9.332543007969904e-06,0.002429657938316395,0.08677076890452061,0.9822063864975888,0.9132292310954794,-12297.285343505588,0.008936739406818285,0.9208506273649161,0.9822066355409966,1.699951002355049e-05,-12588.488561630838,25.29824047727948,0.00893691772875437,8.576499527749725e-06
13.177044300762262,0.10000000000000002,0.01,1e-05,0.0024309039856894956,0.08671504952799168,0.9821887197968141,0.9132849504720083,-12272.569875700896,0.008945652450475246,0.9208982643325265,0.9821889715969087,1.7012110417255555e-05,-12563.045140586812,25.240569624249535,0.008945829839496357,8.582933896768495e-06
13.177044300762262,0.10000000000000002,0.01071519305237606,1.071519305237606e-05,0.0024322387369167158,0.08665544923013754,0.9821697893583274,0.9133445507698624,-12246.168318618174,0.008955203152588364,0.9209492252931475,0.9821700441131678,1.7025609499481857e-05,-12535.866408236732,25.1789841835705,0.008955379541799056,8.589827325080765e-06
13.177044300762262,0.10000000000000002,0.01148153621496883,1.1481536214968829e-05,0.002433668475764401,0.0865917055150112,0.9821495047643803,0.9134082944849888,-12217.971765495835,0.008965437149450174,0.9210037359541303,0.9821497626863226,1.7040071181601164e-05,-12506.84034240113,25.113234181701138,0.008965612467146007,8.597212480838362e-06
13.177044300762262,0.10000000000000002,0.012302687708123811,1.230268770812381e-05,0.0024351999266736144,0.08652353926486865,0.9821277691247222,0.9134764607351313,-12187.865161914455,0.008976403346155315,0.9210620364449041,0.9821280304414605,1.7055563893495485e-05,-12475.84860686931,25.04305596225463,0.008976577515475176,8.605124345019553e-06
13.177044300762262,0.10000000000000002,0.013182567385564075,1.3182567385564074e-05,0.0024368402850264413,0.08645065385228927,0.9821044786126946,0.9135493461477108,-12155.7270895552,0.008988154151175418,0.9211243821071341,0.9821047435683812,1.7072160899245247e-05,-12442.766330840002,24.968171774155795,0.008988327089728673,8.613600373492392e-06
13.177044300762262,0.10000000000000002,0.01412537544622754,1.412537544622754e-05,0.0024385972493999168,0.08637273422950902,0.9820795219679959,0.913627265770491,-12121.42956334317,0.009000745727830587,0.9211910443085807,0.9820797908244421,1.7089940634337167e-05,-12407.461902393296,24.888289402538533,0.009000917347297542,8.622680670196991e-06
13.177044300762262,0.10000000000000002,0.015135612484362071,1.5135612484362071e-05,0.00244047905593062,0.08628944599828485,0.9820527799636306,0.9137105540017152,-12084.837846197397,0.009014238263924161,0.9212623112783245,0.9820530530015983,1.7108987065838793e-05,-12369.796780369157,24.803101853413274,0.009014408469626818,8.63240817220484e-06
13.177044300762262,0.10000000000000002,0.0162181009735893,1.62181009735893e-05,0.0024424945149065596,0.08620043446500385,0.9820241248345482,0.9137995655349962,-12045.810286472068,0.009028696260810978,0.921338488959959,0.9820244023551397,1.71293900769475e-05,-12329.62532991022,24.71228710519543,0.009028864951251964,8.642828847396676e-06
13.177044300762262,0.10000000000000002,0.017378008287493744,1.7378008287493744e-05,0.0024446530497218787,0.08610532368605817,0.9819934196651011,0.9138946763139418,-12004.198183582224,0.009044188843366616,0.9214199018789295,0.9819937019912481,1.7151245877548237e-05,-12286.794687346463,24.61550794118612,0.00904435590973595,8.65399190561816e-06
13.177044300762262,0.10000000000000002,0.018620871366628676,1.8620871366628678e-05,0.0024469647383258773,0.08600371551005055,0.9819605177323604,0.9139962844899494,-11959.84568821112,0.009060790092368839,0.9215068940193898,0.9819608052104297,1.717465744240385e-05,-12241.144661049828,24.51241187928793,0.009060955418012879,8.665950024172241e-06
13.177044300762262,0.10000000000000002,0.01995262314968879,1.995262314968879e-05,0.0024494403573070197,0.08589518862436539,0.9819252618020644,0.9141048113756346,-11912.589744225967,0.00907857940093738,0.9215998297044766,0.9819255548035819,1.7199734978738622e-05,-12192.507675607003,24.40263121688312,0.009078742860790029,8.678759588580595e-06
13.177044300762262,0.10000000000000002,0.021379620895022326,2.1379620895022326e-05,0.0024520914287572484,0.08577929761505233,0.9818874833737407,0.9142207023849477,-11862.260080248087,0.009097641856807023,0.9216990944735366,0.9818877822972465,1.722659642506474e-05,-12140.708767531713,24.285783210769733,0.009097803316778386,8.692480949596713e-06
13.177044300762262,0.10000000000000002,0.022908676527677724,2.2908676527677725e-05,0.002454930270067045,0.08565557205042341,0.9818470018712752,0.9143444279495766,-11808.679259712524,0.009118068652336815,0.9218050959481096,0.9818473071443172,1.725536798320385e-05,-12085.565641628127,24.161470414020883,0.009118227968657739,8.707178697511793e-06
13.177044300762262,0.10000000000000002,0.024547089156850284,2.4547089156850282e-05,0.002457970046806807,0.08552351560034897,0.9818036237749188,0.914476484399651,-11751.66279912665,0.009139957524313699,0.9219182646773192,0.9818039358562017,1.728618468556629e-05,-12026.888798032902,24.02928119361477,0.009140114542831519,8.722921954856425e-06
13.177044300762262,0.10000000000000002,0.026302679918953815,2.6302679918953814e-05,0.0024612248288547953,0.0853826052050754,0.9817571416904294,0.9146173947949245,-11691.019365175094,0.009163413225758307,0.9220390549519847,0.9817574610721217,1.7319190999856073e-05,-11964.481740909769,23.888790454683512,0.009163567781181384,8.739784688663458e-06
13.177044300762262,0.10000000000000002,0.028183829312644522,2.818382931264452e-05,0.0024647096499367097,0.08523229030920772,0.9817073333506905,0.9147677096907922,-11626.551062198065,0.009188548032124147,0.922167945574985,0.981707660560913,1.735454147349458e-05,-11898.141280684344,23.739560599081337,0.009188699947210102,8.75784604352808e-06
13.177044300762262,0.10000000000000002,0.03019951720402016,3.019951720402016e-05,0.0024684405707460235,0.08507199217860881,0.9816539605448158,0.9149280078213912,-11558.053822474301,0.009215482284459684,0.9223054405739152,0.9816542961503183,1.7392401420169564e-05,-11827.657942615944,23.581142747739385,0.009215631369144786,8.777190696770665e-06
13.177044300762262,0.10000000000000002,0.03235936569296281,3.2359365692962816e-05,0.0024724347458183337,0.08490110332010913,0.9815967679693361,0.9150988966798909,-11485.317912538329,0.009244344972315575,0.922452069840066,0.9815971125783796,1.7432947651050268e-05,-11752.81649533103,23.413078257755593,0.009244491022779421,8.79790923708509e-06
13.177044300762262,0.10000000000000002,0.034673685045253165,3.467368504525317e-05,0.0024767104943365552,0.0847189870262022,0.9815354819956483,0.9152810129737978,-11408.128569499448,0.009275274359396905,0.9226083896759005,0.9815358362611113,1.7476369253337898e-05,-11673.39661367626,23.234900566323635,0.009275417157058364,8.82009856813572e-06
13.177044300762262,0.10000000000000002,0.03715352290971724,3.715352290971724e-05,0.002481287375047054,0.08452497706930165,0.9814698093474513,0.9154750229306984,-11326.266781910019,0.00930841865520458,0.9227749832312361,0.9814701739701758,1.7522868418961836e-05,-11589.17369083874,23.046137394304502,0.009308557965643772,8.843862338651156e-06
13.177044300762262,0.10000000000000002,0.03981071705534969,3.9810717055349695e-05,0.002486186265469679,0.08431837757248768,0.981399435681374,0.9156816224275123,-11239.510230115871,0.009343936736177802,0.9229524608061261,0.9813998114137716,1.757266132638168e-05,-11499.919815055553,22.84631334230429,0.009344072307978839,8.869311400655702e-06
13.177044300762262,0.10000000000000002,0.04265795188015926,4.265795188015926e-05,0.00249142944558716,0.08409846308618409,0.9813240240634659,0.9159015369138159,-11147.634401168687,0.009381998920135814,0.923141459996333,0.9813244117134052,1.762597907860355e-05,-11405.404926364321,22.634952911465096,0.009382130483644491,8.896564297575414e-06
13.177044300762262,0.10000000000000002,0.04570881896148747,4.570881896148747e-05,0.0024970406862015204,0.0838644789024973,0.9812432133336096,0.9161355210975027,-11050.413893183504,0.00942278779813949,0.9233426456552531,0.9812436137686087,1.7683068700690173e-05,-11305.398168617081,22.41158397951807,0.009422915064129508,8.925747784062523e-06
13.177044300762262,0.10000000000000002,0.04897788193684461,4.897788193684461e-05,0.002503045342147052,0.08361564164128972,0.9811566163492704,0.9163843583587102,-10947.623923449291,0.00946649912823725,0.9235567096437843,0.981157030501018,1.7744194200211876e-05,-11199.669451354595,22.175741759900422,0.009466621786478393,8.956997379493658e-06
13.177044300762262,0.10000000000000002,0.05248074602497723,5.248074602497723e-05,0.0025094704505514175,0.0833511401440424,0.9810638180992586,0.9166488598559576,-10839.04205351748,0.009513342795947236,0.923784370338135,0.9810642469684933,1.7809637694278755e-05,-11087.991234986745,21.926973267590395,0.009513460513668987,8.99045795722301e-06
13.177044300762262,0.10000000000000002,0.056234132519034905,5.623413251903491e-05,0.002516344834334929,0.08307013671350755,0.9809643736774611,0.9169298632864924,-10724.45014290257,0.009563543846723555,0.9240263718630772,0.9809648183392347,1.7879700606955706e-05,-10970.140551049513,21.664842309771007,0.009563656266966106,9.026284371787336e-06
13.177044300762262,0.10000000000000002,0.060255958607435746,6.0255958607435745e-05,0.0025236992111560756,0.0827717687378077,0.9808578061053802,0.9172282312621923,-10603.636540444977,0.00961734359623387,0.924283483017763,0.9808582677147415,1.7954704941246152e-05,-10845.901266598841,21.388935011354086,0.009617450336079105,9.0646421264907e-06
13.177044300762262,0.10000000000000002,0.06456542290346556,6.456542290346556e-05,0.0025315663079706267,0.08245515074026212,0.9807436039920143,0.9175448492597379,-10476.398520024593,0.009675000824469558,0.92455649585817,0.9807440837901453,1.803499462961621e-05,-10715.066599324993,21.098865877622107,0.009675101473143275,9.105708083731751e-06
13.177044300762262,0.10000000000000002,0.06918309709189363,6.918309709189363e-05,0.002539980981444855,0.08211937689338317,0.980621219017537,0.9178806231066168,-10342.544962204765,0.00973679306078581,0.9248462239022661,0.9806217183383796,1.812093696800727e-05,-10577.441884656047,20.794284381964264,0.009736887177623029,9.149671220981413e-06
13.177044300762262,0.10000000000000002,0.07413102413009169,7.41310241300917e-05,0.002548980344395908,0.08176352403783049,0.9804900632271437,0.9182364759621695,-10201.899279724006,0.009803017967059447,0.9251534999215298,0.9804905835045593,1.8212924137820784e-05,-10432.84759229922,20.474882055593227,0.009803105079322978,9.196733435137632e-06
13.177044300762262,0.10000000000000002,0.07943282347242814,7.943282347242814e-05,0.0025586038984852133,0.08138665524332238,0.9803495061194804,0.9186133447566777,-10054.302578093977,0.009873994827183475,0.9254791732844885,0.9803500488949861,1.831137482114872e-05,-10281.12258275545,20.140400038078255,0.009874074427726294,9.247110398450081e-06
13.177044300762262,0.10000000000000002,0.08511380382023759,8.511380382023758e-05,0.0025688936733800805,0.0809878239464592,0.9801988715129656,0.9190121760535408,-9899.617035986052,0.009950066151729114,0.9258241068193338,0.9801994384440955,1.8416735914659758e-05,-10122.127587523155,19.790637029718425,0.00995013769649088,9.301032469349613e-06
13.177044300762262,0.10000000000000002,0.09120108393559097,9.120108393559096e-05,0.002579894372615403,0.08056607869582784,0.9800374341717005,0.9194339213041721,-9737.729482047142,0.010031599407485867,0.9261891731653976,0.9800380270410443,1.852948434798033e-05,-9955.748888383901,19.425457565764887,0.010031662312813001,9.358745661819827e-06
13.177044300762262,0.10000000000000002,0.09772372209558101,9.772372209558101e-05,0.002591653526403194,0.0801204685289388,0.9798644161709715,0.9198795314710612,-9568.555135843022,0.010118988882516491,0.9265752505871502,0.9798650368959474,1.8650129012828255e-05,-9781.902161918686,19.044800509742064,0.010119042522295355,9.420512677256069e-06
13.177044300762262,0.10000000000000002,0.10471285480508985,0.00010471285480508985,0.0026042216516419096,0.07965004899859593,0.9796789829807208,0.920349951001404,-9392.041471002953,0.01021265769827067,0.9269832182292911,0.9796796336241463,1.8779212809450892e-05,-9600.536445473599,18.64868763930711,0.010212701400862627,9.486614003017216e-06
13.177044300762262,0.10000000000000002,0.1122018454301963,0.0001122018454301963,0.002617652419457353,0.07915388885490278,0.9794802392425216,0.9208461111450972,-9208.17214728856,0.010313059981833623,0.9274139508000699,0.9794809220240458,1.891731481798171e-05,-9411.638169102847,18.237232171095787,0.010313093026801733,9.557349082543662e-06
13.177044300762262,0.10000000000000002,0.12022644346174131,0.00012022644346174131,0.0026320028305355826,0.07863107738182694,0.9792672242148783,0.921368922618173,-9016.970948713393,0.010420683211861813,0.9278683126747167,0.9792679415233514,1.9065052601818962e-05,-9215.23518815899,17.81064704893988,0.010420704826477216,9.633037561796237e-06
13.177044300762262,0.10000000000000002,0.12882495516931322,0.00012882495516931323,0.002647333398671186,0.07808073236939513,0.9790389068573995,0.9219192676306048,-8818.505651845562,0.010536050754046204,0.9283471514251724,0.9790396612642542,1.9223084651998104e-05,-9011.400737867327,17.369252791357003,0.010536060109565055,9.714020617893522e-06
13.177044300762262,0.10000000000000002,0.13803842646028838,0.00013803842646028838,0.002663708342913785,0.07750200869100202,0.9787941805230161,0.922497991308998,-8612.891738705333,0.01065972460279565,0.9288512907908909,0.978794974796753,1.9392112981271833e-05,-8800.257221306552,16.913484674667295,0.010659720810494173,9.800662375880405e-06
13.177044300762262,0.10000000000000002,0.1479108388168207,0.0001479108388168207,0.002681195788794915,0.07689410743696243,0.9785318572238848,0.9231058925630375,-8400.295857853847,0.010792308347794596,0.9293815231199217,0.9785326943457449,1.9572885877734198e-05,-8581.979731193045,16.443899007830883,0.010792290454754171,9.893351420356048e-06
13.177044300762262,0.10000000000000002,0.1584893192461114,0.0001584893192461114,0.002699867979180577,0.07625628553746955,0.9782506614335027,0.9237437144625305,-8180.938928454602,0.010934450385869193,0.9299386013243901,0.9782515446144342,1.9766200828509672e-05,-8356.799196968763,15.961178241448362,0.010934417370501642,9.992502409290091e-06
13.177044300762262,0.10000000000000002,0.16982436524617425,0.00016982436524617424,0.0027198014953794944,0.0755878657885144,0.977949223384047,0.9244121342114856,-7955.098775129732,0.011086847400618851,0.9305232304099965,0.9779501560830702,1.997290762485095e-05,-8125.005041731283,15.466134646072394,0.011086798167924513,1.0098557798067759e-05
13.177044300762262,0.10000000000000002,0.18197008586099825,0.00018197008586099824,0.0027410774892353343,0.07488824717407616,0.9776260718141198,0.9251117528259238,-7723.112177148071,0.011250248134483859,0.9311360586566518,0.9776270577582111,2.019391166083388e-05,-7886.947229393358,14.959712296051707,0.011250181511035216,1.0211989682573514e-05
13.177044300762262,0.10000000000000002,0.19498445997580455,0.00019498445997580456,0.002763781927044194,0.07415691535745028,0.9772796261179624,0.9258430846425497,-7485.376214576046,0.011425457480336309,0.9317776685447504,0.977280669323579,2.0430177438710798e-05,-7643.037581817103,14.442987106068632,0.011425372208984834,1.0333301770954492e-05
13.177044300762262,0.10000000000000002,0.2089296130854041,0.0002089296130854041,0.00278800584626666,0.0733934531946481,0.9769081878427235,0.9266065468053519,-7242.348797148724,0.011613340922327303,0.9324485675392297,0.9769092926391121,2.068273229483559e-05,-7393.7502492301355,13.917164689691505,0.011613235656629542,1.0463031494591889e-05
13.177044300762262,0.10000000000000002,0.22387211385683378,0.00022387211385683378,0.002813845626147811,0.07259755110424161,0.9765099314756042,0.9274024488957584,-6994.54826940718,0.01181482935858411,0.9331491788605565,0.9765111025300377,2.0952670360900168e-05,-7139.621225594766,13.383575843613915,0.011814702656949963,1.0601752269746862e-05
13.177044300762262,0.10000000000000002,0.239883291901949,0.000239883291901949,0.0028414032735181163,0.07176901711167955,0.9760828944575759,0.9282309828883204,-6742.551998510187,0.012030924341467176,0.9338798323879096,0.9760841368026846,2.1241156775958327e-05,-6881.246814221212,12.843669508262064,0.012030774661034008,1.0750075922325183e-05
13.177044300762262,0.10000000000000002,0.25703957827688645,0.0002570395782768865,0.002870786725217058,0.07090778637300522,0.9756249663550456,0.9290922136269948,-6486.993869407323,0.012262703774406646,0.9346407558531029,0.9756262854184163,2.1549432165261808e-05,-6619.280968085795,12.299003115042243,0.012262529464650037,1.0908655289179047e-05
13.177044300762262,0.10000000000000002,0.27542287033381635,0.00027542287033381635,0.0029021101688191035,0.07001392997242276,0.9751338771143537,0.9299860700275773,-6228.560635230648,0.012511328108340413,0.9354320664963699,0.975135278750588,2.1878817402848332e-05,-6354.431453507897,11.751230300685059,0.01251112740443547,1.1078187010638085e-05
13.177044300762262,0.10000000000000002,0.2951209226666384,0.0002951209226666384,0.0029354943833870073,0.06908766278846837,0.9746071843204368,0.9309123372115317,-5967.9871007496795,0.01277804708341459,0.9362537633584639,0.9746086748458799,2.2230718673308123e-05,-6087.454816977716,11.202086052823063,0.012777818099369228,1.1259414529112884e-05
13.177044300762262,0.10000000000000002,0.31622776601683794,0.00031622776601683794,0.002971067102487075,0.0681293502166552,0.9740422593701547,0.9318706497833448,-5706.050147296801,0.01306420706808152,0.937105720394141,0.9740438456005208,2.260663285100615e-05,-5819.150166601556,10.653369433598234,0.013063947789670271,1.1453131311161047e-05
13.177044300762262,0.10000000000000002,0.3388441561392027,0.00033884415613920273,0.0030089634015952878,0.0671395135539274,0.9734362724694811,0.9328604864460726,-5443.561646931703,0.013371259049544544,0.9379876805819853,0.9734379617606261,2.3008153210855102e-05,-5550.351820234236,10.106924125855745,0.013370967327080733,1.1660184309504426e-05
13.177044300762262,0.10000000000000002,0.363078054770101,0.000363078054770101,0.003049326112487987,0.06611883385831305,0.9727861763535822,0.9338811661416869,-5181.360350267606,0.013700767336006524,0.9388992512041647,0.9727879766456968,2.343697548582085e-05,-5281.920910082021,9.564617133536956,0.013700440876999757,1.1881477683495673e-05
13.177044300762262,0.10000000000000002,0.3890451449942805,0.0003890451449942805,0.003092306267361337,0.0650681541213495,0.972088688623568,0.9349318458786505,-4920.302872309146,0.01405441903542767,0.9398399004542908,0.9720906084890928,2.3894904283304414e-05,-5014.736074485536,9.028316055761172,0.014054055397185712,1.2117976796650925e-05
13.177044300762262,0.10000000000000002,0.4168693834703355,0.00041686938347033545,0.0031380635756744924,0.06398847961894831,0.9713402725870176,0.9360115203810517,-4661.253938354051,0.014434034380743402,0.940808955513468,0.9713423212826103,2.4383859869558203e-05,-4749.6834060809315,8.499865430126786,0.014433630962992178,1.2370712510273936e-05
13.177044300762262,0.10000000000000002,0.44668359215096254,0.00044668359215096256,0.003186766937041005,0.06288097633885771,0.9705371164816018,0.9371190236611423,-4405.076086003492,0.014841577977632208,0.9418056022114369,0.9705393040045251,2.4905885327973367e-05,-4487.645860062015,7.981062701281525,0.014841132015240142,1.2640785792745272e-05
13.177044300762262,0.10000000000000002,0.47863009232263803,0.00047863009232263805,0.0032385949934498532,0.06174696742948068,0.9696751109598252,0.9382530325705193,-4152.619050051448,0.015279171054138207,0.9428288863546468,0.9696774481091573,2.546315408835138e-05,-4229.492357264324,7.473634416353541,0.015278679610053062,1.2929372662157998e-05
13.177044300762262,0.10000000000000002,0.5128613839913648,0.0005128613839913648,0.0032937367249389346,0.06058792764481728,0.9687498246975611,0.9394120723551828,-3904.709075733624,0.015749104802255717,0.9438777167815048,0.9687523231406798,2.605797782335478e-05,-3976.0668353429883,6.979213261870363,0.015748564760779214,1.3237729482536868e-05
13.177044300762262,0.10000000000000002,0.5495408738576248,0.0005495408738576249,0.003352392092318196,0.059405475824695776,0.9677564779969346,0.9405945241753042,-3662.138423214582,0.01625385490110571,0.9449508701520116,0.9677591503417751,2.669281469078245e-05,-3728.1775183731506,6.499316559833197,0.016253262961655187,1.3567198628299468e-05
13.177044300762262,0.10000000000000002,0.5888436553555884,0.0005888436553555884,0.0034147727314253165,0.058201365482004656,0.9666899142398229,0.9417986345179954,-3425.6553260074825,0.016796097322725828,0.9460469974529794,0.9666927741134613,2.7370277895530728e-05,-3486.5866741642367,6.035326801987939,0.01679544999425998,1.3919214533175862e-05
13.177044300762262,0.10000000000000002,0.630957344480193,0.000630957344480193,0.0034811027032915897,0.05697747362321283,0.9655445690516241,0.9430225263767872,-3195.9546606408476,0.01737872552461799,0.9471646321532233,0.9655476311858116,2.809314452691089e-05,-3252.0011221620543,5.588474748071995,0.01737801912093314,1.429531013503845e-05
13.177044300762262,0.10000000000000002,0.6760829753919819,0.000676082975391982,0.003551619304943591,0.05573578796985267,0.9643144370327714,0.9442642120301473,-2973.669566470272,0.018004869139988364,0.9483021999060807,0.9643177173571065,2.8864364610377304e-05,-3025.063735042665,5.1598255322533575,0.01800409977612432,1.469712372482884e-05
13.177044300762262,0.10000000000000002,0.7244359600749891,0.0007244359600749891,0.0036265739457887348,0.054478392788475986,0.9629930359177556,0.945521607211524,-2759.364226799687,0.01867791428208668,0.9494580296596952,0.9629965516612672,2.9687070290882556e-05,-2806.3461478370227,4.750268122160319,0.0186770778721253,1.5126406202585383e-05
13.177044300762262,0.10000000000000002,0.7762471166286912,0.0007762471166286912,0.0037062330947770852,0.05320745356993938,0.9615733680264523,0.9467925464300606,-2553.52798583681,0.019401525584272418,0.9506303660022385,0.9615771378284588,3.056458503894374e-05,-2596.342850148531,4.360508360221745,0.01940061784084992,1.5585028737041403e-05
13.177044300762262,0.10000000000000002,0.8317637711026709,0.0008317637711026709,0.003790879303783591,0.051925200824969375,0.9600478788814428,0.9480747991750307,-2356.570932312781,0.020179670101991218,0.9518173825415847,0.9600519229126498,3.150043273914685e-05,-2395.4667916632643,3.991065693610097,0.020178686537900618,1.6074990817001767e-05
13.177044300762262,0.10000000000000002,0.8912509381337459,0.0008912509381337459,0.0038808123129336785,0.050633913280439466,0.9584084128783285,0.9493660867195606,-2168.8210319521268,0.021016643206674065,0.953017196097106,0.9584127529732365,3.2498346483607464e-05,-2204.0465809131283,3.6422735732477545,0.021015579138991068,1.6598428672495398e-05
13.177044300762262,0.10000000000000002,0.9549925860214349,0.0009549925860214349,0.0039763502437493384,0.049335900771470695,0.9566461659178015,0.9506640992285293,-1990.522840141484,0.021917096602848605,0.9542278814642654,0.9566508257196241,3.3562276847186555e-05,-2022.3253049711795,3.314283381144424,0.021915947160076898,1.7157624030256036e-05
13.177044300762262,0.10000000000000002,1.0232929922807537,0.0010232929922807537,0.004077830886779238,0.04803348711769523,0.9547516349259337,0.9519665128823047,-1821.837774179516,0.022886068605132565,0.9554474865117089,0.9547566400453577,3.469639937439246e-05,-1850.4609445432761,3.0070716321043114,0.022884828737939154,1.775501315537525e-05
13.177044300762262,0.10000000000000002,1.096478196143185,0.0010964781961431851,0.0041856130896459525,0.04672899327794927,0.9527145642439045,0.9532710067220507,-1662.8458780336377,0.023929016800568664,0.9566740473557961,0.9527199424331566,3.590512093482789e-05,-1688.528311546324,2.720450103491171,0.023927681296766354,1.8393196105933807e-05
13.177044300762262,0.10000000000000002,1.174897554939528,0.001174897554939528,0.004300078253284838,0.04542472104060488,0.9505238888869125,0.9545752789593951,-1513.5489659329085,0.025051853231715406,0.9579056033833112,0.950529670230761,3.719308454901383e-05,-1536.5223889627468,2.454078464775113,0.025050416736241955,1.9074946113366156e-05
13.177044300762262,0.10000000000000002,1.2589254117941662,0.0012589254117941662,0.00442163194321457,0.04412293750146344,0.9481676747549016,0.9558770624985365,-1373.8749965149075,0.026260982216024343,0.9591402118892027,0.9481738918803705,3.856517218866281e-05,-1394.3629178669435,2.207478928603675,0.02625943925677518,1.980321896635384e-05
13.177044300762262,0.10000000000000002,1.3489628825916533,0.0013489628825916534,0.0045507056239010284,0.04282586054116025,0.9456330559367284,0.9571741394588398,-1243.6834985622668,0.02756334091277263,0.9603759621245503,0.9456397442434441,4.0026504968563525e-05,-1261.9000457888678,1.9800524109403146,0.02756168593327303,2.0581162248309333e-05
13.177044300762262,0.10000000000000002,1.4454397707459279,0.001445439770745928,0.004687758524505277,0.04153564548407177,0.9429061693452364,0.9584643545159283,-1122.7718494591013,0.028966442729584894,0.9616109885704981,0.9429133672584967,4.158244003489759e-05,-1138.9208309528788,1.7710956802144682,0.028964670129618744,2.1412124238845195e-05
13.177044300762262,0.10000000000000002,1.5488166189124795,0.0015488166189124794,0.004833279644897907,0.04025437308384647,0.9399720870318018,0.9597456269161535,-1010.8821960786149,0.030478423637822372,0.9628434832809822,0.9399798362805508,4.3238563330992336e-05,-1025.156386019476,1.5798189881021976,0.030476527823308473,2.229966224514672e-05
13.177044300762262,0.10000000000000002,1.6595869074375598,0.0016595869074375598,0.004987789911427231,0.03898403894309274,0.9368147466650375,0.9610159610569072,-907.7088053059132,0.03210809143528975,0.9640717071667665,0.9368230925870462,4.500067728149704e-05,-920.2894431605854,1.4053637061056452,0.0321060668788702,2.324755007704355e-05
13.177044300762262,0.10000000000000002,1.7782794100389228,0.0017782794100389228,0.005151844492595236,0.037726544437487894,0.9334168808228009,0.9622734555625121,-812.9056370371823,0.03386497795452989,0.9652940001235862,0.9334258726993634,4.687478227980717e-05,-823.9621287802036,1.2468195389499417,0.033862819268563285,2.4259784319271154e-05
13.177044300762262,0.10000000000000002,1.9054607179632443,0.0019054607179632443,0.005326035285502001,0.03648368917881955,0.9297599459438471,0.9635163108211805,-726.0939452161982,0.035759394163548425,0.9665087899375847,0.9297696373662568,4.8867050691207476e-05,-735.7837498418301,1.1032409440930209,0.035757096187441495,2.534058898508213e-05
13.177044300762262,0.10000000000000002,2.0417379446695274,0.0020417379446695276,0.005510993584941953,0.03525716501662559,0.9258240520143197,0.9647428349833744,-646.8697308425476,0.03780248804399841,0.9677145999319087,0.9258345012841889,5.0983791899860014e-05,-655.3384130884874,0.9736624521087359,0.0378000459481236,2.6494418058103666e-05
13.177044300762262,0.10000000000000002,2.1877616239495516,0.0021877616239495516,0.005707392946996405,0.0340485515542953,0.9215878943583861,0.9659514484457047,-574.8108940629421,0.040006305042378947,0.9689100553401023,0.9215991649234978,5.323140671797061e-05,-582.192322558383,0.8571126524545688,0.04000371445117487,2.7725955335183845e-05
13.177044300762262,0.10000000000000002,2.344228815319923,0.002344228815319923,0.005915952262017349,0.03285931311532415,0.9170286891783588,0.9671406868846758,-509.483957101865,0.04238385081580903,0.9700938884304252,0.9170408501051126,5.561632929171051e-05,-515.9006262989648,0.752626676586003,0.042381107953101675,2.904011089774362e-05
13.177044300762262,0.10000000000000002,2.511886431509577,0.002511886431509577,0.006137439049842709,0.03169079709438935,0.9121221149257648,0.9683092029056106,-450.45025806771025,0.04494915584259868,0.9712649424070977,0.9121352414082853,5.814495439314392e-05,-456.0137122607159,0.6592570784100437,0.044946257702714404,3.0442013412232165e-05
13.177044300762262,0.10000000000000002,2.691534803926914,0.002691534803926914,0.006372672994074955,0.030544233591424615,0.9068422619479036,0.9694557664085753,-397.27154139137116,0.04771734135924552,0.9724221741516876,0.9068564358524298,6.082354781713612e-05,-402.08287971669324,0.5760830702552813,0.04771428590815681,3.193699736232942e-05
13.177044300762262,0.10000000000000002,2.8840315031266055,0.0028840315031266055,0.0066225297317136075,0.029420736225714225,0.9011615933716165,0.9705792637742858,-349.5148973227979,0.05070468590031662,0.9735646558713381,0.9011769038127224,6.365813739850596e-05,-353.66533977309,0.5022181267073036,0.050701472311895465,3.353058418270452e-05
13.177044300762262,0.10000000000000002,3.090295432513592,0.0030902954325135916,0.006887944916299741,0.028321304014544885,0.8950509207107191,0.9716786959854551,-306.7570265909593,0.05392869152969283,0.9746915757357727,0.8950674646530653,6.665438202392503e-05,-310.32852262284916,0.4368160127458519,0.05392532046319933,3.522845614302993e-05
13.177044300762262,0.10000000000000002,3.3113112148259076,0.0033113112148259074,0.007169918573995353,0.027246824197042985,0.8884793982780158,0.9727531758029571,-268.5878276899325,0.057408148625283435,0.9758022375922066,0.8884972811534249,6.981741592302569e-05,-271.6536908395552,0.3790753283131782,0.057404622551583004,3.703642170776386e-05
13.177044300762262,0.10000000000000002,3.5481338923357533,0.0035481338923357532,0.007469519773476437,0.026198075882729863,0.881414541124756,0.9738019241172702,-234.61332250330761,0.061163197821497796,0.9768960598519587,0.8814338774493342,7.315166552134924e-05,-237.2388764327451,0.3282426881956975,0.06115952140719362,3.896037098388263e-05
13.177044300762262,0.10000000000000002,3.8018939632056123,0.0038018939632056123,0.0077878916320746295,0.025175734406240356,0.8738222719121421,0.9748242655937597,-204.45795094991954,0.06521538742224574,0.977972573643995,0.8738431858814483,7.666063625846975e-05,-206.70117442935975,0.28361467443918936,0.06521156798313693,4.100621977418686e-05
13.177044300762262,0.10000000000000002,4.073802778041122,0.004073802778041122,0.008126256682265721,0.024180376274032134,0.8656670028244413,0.9758196237259679,-177.7662769915143,0.06958772427249145,0.979031420330387,0.8656896288562468,8.034666706092784e-05,-179.67843739337084,0.24453870920705503,0.06958377231054835,4.317984069055603e-05
13.177044300762262,0.10000000000000002,4.365158322401657,0.004365158322401657,0.008485922624379345,0.02321248459525609,0.8569117593378783,0.976787515404744,-154.20415681202118,0.07430471572018997,0.980072348475147,0.8569362425214102,8.421065066231441e-05,-155.830423685639,0.21041300000784163,0.0743006455617963,4.5486979765593605e-05
13.177044300762262,0.10000000000000002,4.677351412871981,0.004677351412871981,0.008868288493300892,0.022272454896794483,0.847518353330197,0.9777275451032055,-133.45942549646136,0.07939239991720852,0.9810952103535652,0.8475448497277693,8.825171874012286e-05,-134.83945765459453,0.18068570765235778,0.07938823047487156,4.793315705244655e-05
13.177044300762262,0.10000000000000002,5.011872336272725,0.005011872336272725,0.009274851268962263,0.021360601231305495,0.8374476136080992,0.9786393987686945,-115.24216142764197,0.0848783613048486,0.9820999580831545,0.8374762903394621,9.246689195487364e-05,-116.41066267242891,0.15485348127521678,0.08487411699012996,5.0523549845406114e-05
13.177044300762262,0.10000000000000002,5.370317963702521,0.005370317963702522,0.009707212962580192,0.020477162496569,0.8266596823860856,0.979522837503431,-99.28458825212601,0.09079172771796366,0.9830866394500108,0.8266907174076938,9.685069649851856e-05,-100.27182837671859,0.13245949536220175,0.09078743954021182,5.326285741670083e-05
13.177044300762262,0.10000000000000002,5.754399373371567,0.005754399373371567,0.010167088212910269,0.019622308894104837,0.8151143864984487,0.9803776911058951,-85.34067303657453,0.09716314513725753,0.9840553934970873,0.8151479679694705,0.00010139475075149309,-86.17297204859551,0.11309111197424342,0.09715885203094675,5.6155146580195654e-05
13.177044300762262,0.10000000000000002,6.165950018614822,0.006165950018614822,0.01065631242925075,0.01879614846466664,0.8027716920794388,0.9812038515353334,-73.18547653361372,0.10402472574326091,0.9850064459323002,0.8028080171842538,0.00010608732816726662,-73.88565115718731,0.09637727814967807,0.10402047617653157,5.920367799611316e-05
13.177044300762262,0.10000000000000002,6.60693448007595,0.00660693448007595,0.011176850520565253,0.017998733647517005,0.789592251002627,0.982001266352483,-62.614307674335464,0.11140996460537156,0.9859401044068874,0.7896315240771398,0.00011091290558705421,-63.20208010551973,0.0819857545656878,0.11140581853365933,6.241071395945341e-05
13.177044300762262,0.10000000000000002,7.079457843841373,0.0070794578438413735,0.011730806252907896,0.017230067819166847,0.7755380464145524,0.9827699321808332,-53.44172984255989,0.11935362010932427,0.9868567537056885,0.7755804762026571,0.00011585170984035537,-53.93409947057776,0.06962025757641806,0.11934965135072305,6.577730950429785e-05
13.177044300762262,0.10000000000000002,7.585775750291836,0.007585775750291836,0.01232043228034301,0.016490111775355382,0.7605731431052697,0.9835098882246446,-45.50046146241763,0.12789155312812744,0.9877568508837212,0.760618938955345,0.0001208792796650195,-45.912040842361385,0.05901758321218229,0.12788785225084606,6.930309003723645e-05
13.177044300762262,0.10000000000000002,8.128305161640995,0.008128305161640995,0.01294814089776781,0.015778790127360397,0.7446645461036501,0.9842212098726396,-38.64020820018558,0.137060520022609,0.9886409203760843,0.7447139129067063,0.00012596606457099236,-38.98352498969439,0.04994476898746007,0.13705719784906564,7.298602040572063e-05
13.177044300762262,0.10000000000000002,8.709635899560796,0.008709635899560796,0.013616515567484654,0.0150959975901206,0.7277831676490314,0.9849040024098794,-32.72645885095614,0.14689791487241616,0.9895095491010859,0.7278362993255624,0.00013107708707243775,-33.01222572313638,0.042196337677461365,0.14689510671789355,7.682217231356849e-05
13.177044300762262,0.10000000000000002,9.332543007969905,0.009332543007969905,0.01432832327506229,0.01444160514513973,0.7099048984771915,0.9855583948548603,-27.63927191463287,0.15744145694367825,0.9903633815710621,0.7099619698448472,0.00013617169941088962,-27.876626651015002,0.035591656738496714,0.1574393277186887,8.080549929241626e-05
13.177044300762262,0.10000000000000002,10.0,0.01,0.01508652777407933,0.013815466065568318,0.6910117741083444,0.9861845339344317,-23.27207508535652,0.16872882035502737,0.9912031150194135,0.6910729310150844,0.000141203470047859,-23.468793154500737,0.029972437839480438,0.16872757066717564,8.492763096542877e-05
13.177044300762262,0.10000000000000002,10.715193052376048,0.010715193052376048,0.015894303781914584,0.013217421795646061,0.6710932205913144,0.9867825782043539,-19.530495478447893,0.1807972042337048,0.9920294945469292,0.6711585682859388,0.00014612023823180122,-19.693177434753558,0.025200393060833944,0.18079707762446956,8.917770098242411e-05
13.177044300762262,0.10000000000000002,11.481536214968816,0.011481536214968816,0.016755052200200054,0.012647307674004633,0.6501473567772715,0.9873526923259953,-16.331234402758586,0.19368284355517307,0.9928433082931939,0.6502169466193426,0.00015086437620089765,-16.465470411338817,0.02115505759925079,0.19368413499594872,9.354222565694729e-05
13.177044300762262,0.10000000000000002,12.30268770812381,0.012302687708123811,0.01767241642251757,0.012104958504060265,0.6281823226507328,0.9878950414959398,-13.600997034393362,0.20742046288669996,0.993645382620022,0.6282561374402017,0.0001553732970685084,-13.711510755981998,0.017731783412111304,0.20742352863312943,9.800505260426499e-05
13.177044300762262,0.10000000000000002,13.182567385564074,0.013182567385564073,0.018650299819295165,0.011590213958580713,0.605217594367579,0.9884097860414193,-11.275484168581299,0.2220426783122489,0.9944365773149417,0.6052955328041992,0.00015958024168095868,-11.366258133507037,0.014839903665211285,0.22204794717212997,0.00010254740059637482
13.177044300762262,0.10000000000000002,14.125375446227526,0.014125375446227526,0.0196928844755868,0.011102923820535805,0.5812852389096121,0.9888970761794642,-9.29845070129039,0.2375793556640716,0.9952177808006657,0.5813670999703043,0.000163415368432949,-9.372835175328117,0.012401064500005367,0.2375873416683349,0.00010714801263621975
13.177044300762262,0.10000000000000002,15.135612484362072,0.015135612484362073,0.02080465127437992,0.010642953053039165,0.5564310534995516,0.9893570469469608,-7.620833240973363,0.2540569368245646,0.9959899053481902,0.5565165218386936,0.00016680715599382882,-7.6816404452643665,0.010347717937124117,0.25406825319989973,0.00011178344389052275
13.177044300762262,0.10000000000000002,16.218100973589298,0.0162181009735893,0.02199040142088471,0.010210186692354063,0.530715529029275,0.9897898133076459,-6.199947466073337,0.27149774946862726,0.9967538822877612,0.5308041628421933,0.00016968410954504496,-6.249532865558241,0.008621767849433082,0.2715131236933469,0.00011642850393663624
13.177044300762262,0.10000000000000002,17.378008287493763,0.017378008287493762,0.02325527951055619,0.009804534555369391,0.5042145731455878,0.9901954654446307,-4.998754396540547,0.28991931927027625,0.9975106572138961,0.504305796259565,0.00017197673676308623,-5.039086621621058,0.007173359639057223,0.28993960885275605,0.00012105686845262238
13.177044300762262,0.10000000000000002,18.620871366628656,0.018620871366628655,0.024604798250881917,0.009425935750265738,0.47701992832280576,0.9905740642497343,-3.985193621290125,0.3093337069736169,0.9982611851828919,0.477113028550471,0.00017361973123622009,-4.017914439727241,0.005959803462397739,0.30935991543037844,0.00012564186862810124
13.177044300762262,0.10000000000000002,19.952623149688787,0.01995262314968879,0.026044864954774125,0.009074362975993589,0.4492392240440721,0.9909256370240064,-3.1315806755403397,0.32974689553567,0.9990064259042128,0.4493333600016252,0.00017455426994886144,-3.158056288974853,0.004944620466172622,0.3297801878721018,0.00013015745696170737
13.177044300762262,0.10000000000000002,21.379620895022324,0.021379620895022326,0.027581809931769636,0.008749826592838792,0.42099561075786834,0.9912501734071613,-2.414065153292847,0.3511582544580933,0.9997473389301047,0.42108982935910433,0.00017473030044420535,-2.4354299573129463,0.004096701440879139,0.35119997128298486,0.00013457933569270065
13.177044300762262,0.10000000000000002,22.9086765276777,0.0229086765276777,0.02922241691220991,0.008452378442850092,0.3924269368964106,0.9915476215571499,-1.8121457335384399,0.3735601091114881,1.000484878852586,0.39252020353149913,0.00017410866565013077,-1.8293395533884333,0.0033895674916596787,0.37361177836368475,0.00013888621910522285
13.177044300762262,0.10000000000000002,24.547089156850284,0.024547089156850284,0.030973955649186473,0.008182115395449763,0.3636844488294475,0.9918178846045502,-1.3082380597563747,0.39693744202657755,1.001219990520659,0.3637756917822304,0.00017266289413393258,-1.3220377563650287,0.0028007227069001663,0.3970007871799561,0.0001430611838915333
13.177044300762262,0.10000000000000002,26.302679918953814,0.026302679918953815,0.03284421685334349,0.00793918259026586,0.33493101653283647,0.9920608174097342,-0.8872913095558439,0.4212677505678153,1.0019536042956092,0.335019186463794,0.0001703804750501027,-0.8983375429877137,0.002311089318515037,0.42134469413082604,0.00014709304360777006
13.177044300762262,0.10000000000000002,28.183829312644548,0.028183829312644546,0.03484154962668229,0.0077237763462991525,0.30633891375884365,0.9922762236537008,-0.5364492971129924,0.4465210810167711,1.0026866313670235,0.30642305809458803,0.00016726344439022065,-0.5452691368256037,0.0019045164503700225,0.44661374217620875,0.00015097766539206534
13.177044300762262,0.10000000000000002,30.19951720402013,0.03019951720402013,0.036974901573359725,0.007536146704125387,0.27808720884275767,0.9924638532958746,-0.24475204099200498,0.4726602529272446,1.0034199591569986,0.27816655971816023,0.0001633281356732341,-0.2517780242002973,0.0015673542062329218,0.4727709383187248,0.00015471913141395016
13.177044300762262,0.10000000000000002,32.35936569296281,0.03235936569296281,0.03925386177817899,0.007376599566091023,0.25035884878396375,0.992623400433909,-0.002873883030035884,0.4996412798961492,1.0041544468445327,0.25043292187157773,0.00015860399579880195,-0.008460043630552182,0.001288085526426779,0.49977246672384285,0.00015833063635197733
13.177044300762262,0.10000000000000002,34.673685045253166,0.034673685045253165,0.041688706857092486,0.007245498398532743,0.22333754249598842,0.9927545016014673,0.19710555755425008,0.5274139840240843,1.0048909210464654,0.22340624275634025,0.00015313143513794478,0.19267023719803528,0.0010570089191467638,0.5275682950964916,0.00016183500836024854
13.177044300762262,0.10000000000000002,37.1535229097172,0.037153522909717206,0.044290450298644826,0.007143265460056325,0.19720456677653284,0.9928567345399437,0.3619010816167457,0.5559227918745065,1.0056301716951312,0.19726829602192236,0.00014695876696860146,0.3583814057899991,0.0008659658291958305,0.5561029625552725,0.00016526474756064848
13.177044300762262,0.10000000000000002,39.81071705534969,0.03981071705534969,0.04707089533094228,0.007070382520933839,0.17213562860596962,0.9929296174790662,0.4971954984037228,0.585107690350894,1.0063729481561192,0.17219538894247519,0.00014013838870089354,0.49440064444692866,0.0007081070290108172,0.585316527914689,0.00016866149605004096
13.177044300762262,0.10000000000000002,42.65795188015925,0.04265795188015925,0.050042691565524204,0.007027391040780735,0.14829791848110144,0.9929726089592192,0.6077900878442168,0.6149053123177347,1.0071199556318953,0.14835540531080083,0.00013272245611361012,0.6055657560997671,0.0005776929938757412,0.6151456487109577,0.0001720748889000295
13.177044300762262,0.10000000000000002,45.708818961487516,0.04570881896148751,0.05321939568751158,0.0070148917748455485,0.12584748112917626,0.9929851082251544,0.6977346627492347,0.6452501146875784,1.0078718518989167,0.12590515954585788,0.0001247583890781447,0.6959565440422206,0.00046992374956634104,0.6455247541748247,0.00017556078696729467
13.177044300762262,0.10000000000000002,48.97788193684456,0.04897788193684456,0.056615536480698746,0.007033543783442064,0.10492701259374765,0.992966456216558,0.7704397045405746,0.6760756066707114,1.008629244426506,0.10498817171715813,0.00011628460833418264,0.7690080554546304,0.0003807941566090639,0.6763872702519134,0.0001791789567473623
13.177044300762262,0.10000000000000002,52.48074602497723,0.05248074602497723,0.06024668449693464,0.007084062824159225,0.08566416775098092,0.9929159371758408,0.8287728030769914,0.7073155833478986,1.009392687926131,0.08573294877187082,0.0001073269244786149,0.8276079506756764,0.0003069710281634212,0.7076668521145293,0.00018299033307811487
13.177044300762262,0.10000000000000002,56.23413251903491,0.05623413251903491,0.06412952670143511,0.007167219112320926,0.06817043199312321,0.9928327808876791,0.875141400457024,0.7389053198682072,1.0101626823787453,0.06825182733085912,9.789597566976703e-05,0.8741800251730236,0.0002456888835883369,0.7392985795969165,0.00018705406603519755
13.177044300762262,0.10000000000000002,60.25595860743569,0.06025595860743569,0.06828194644947966,0.007283834441483771,0.05254057780301373,0.9927161655585163,0.9115636224215016,0.7707826843298837,1.0109396715873804,0.052640400641356,8.798604807014335e-05,0.9107556911076512,0.00019466154217490873,0.7712200735711995,0.00019142459987489963
13.177044300762262,0.10000000000000002,64.56542290346549,0.0645654229034655,0.0727231091687605,0.007434778661995409,0.03885269411499673,0.9925652213380046,0.9397287803598214,0.8028891324279741,1.011724042299098,0.03897751948081432,7.757555311314813e-05,0.9390350214396277,0.00015200720445810806,0.8033724961373112,0.0001961490459856264
13.177044300762262,0.10000000000000002,69.18309709189363,0.06918309709189363,0.077473554182796,0.007620965523023444,0.027168746238158074,0.9923790344769765,0.9610489427986317,0.8351705540925467,1.0125161239458131,0.02732582652183312,6.662949738863786e-05,0.9604387724957754,0.00011618525085597025,0.8357014044888443,0.00020126508536283578
13.177044300762262,0.10000000000000002,74.13102413009177,0.07413102413009177,0.08255529305574391,0.007843347886228558,0.017535599375859967,0.9921566521137715,0.9767028066623086,0.867577949812503,1.0133161890376385,0.01773275858436496,5.5104850405968795e-05,0.9761526298084162,8.594404020418884e-05,0.8681574356683979,0.00020679956992436635
13.177044300762262,0.10000000000000002,79.43282347242805,0.07943282347242805,0.08799191499480147,0.008102912327832144,0.009986419847738324,0.9918970876721679,0.9876729473459952,0.9000679238295415,1.014124454265283,0.010231931804783375,4.296241499379981e-05,0.9871647686095846,6.028196400563304e-05,0.9006968088419656,0.00021276789776515664
13.177044300762262,0.10000000000000002,85.11380382023759,0.08511380382023759,0.09380869976483935,0.00840067314489022,0.004542357099351461,0.9915993268551098,0.9947773891404772,0.932602988943489,1.0149410823500737,0.004844813193471601,3.0203286985930654e-05,0.9942976809811114,3.843753115575251e-05,0.9332816392492701,0.00021917413388749835
13.177044300762262,0.10000000000000002,91.20108393559097,0.09120108393559097,0.1000327386715301,0.008737665784516261,0.0012144050047046316,0.9912623342154837,0.9986963158027854,0.9651516857695436,1.0157661846962551,0.0015825769328383773,1.707023961106176e-05,0.9982350983034445,2.003018968868858e-05,0.9658800661071502,0.0002260117566047013
13.177044300762262,0.10000000000000002,97.72372209558091,0.09772372209558092,0.10669306418644785,0.009114939712521076,5.342914370664011e-06,0.9908850602874789,0.9999946322997038,0.997688525498591,1.0165998249044814,0.0004480452295407451,7.111697585069776e-06,0.9995447274951805,7.484620415864224e-06,0.9984662030133837,0.00023326484705431366
13.177044300762262,0.10000000000000002,104.71285480508985,0.10471285480508985,0.11382078883187725,0.009533550733831685,0.0009116637493368455,0.9904664492661683,0.9991409927134174,1.0301937700417958,1.0174420232167212,0.0014376199947079172,1.6435717141438713e-05,0.9986974223156706,1.4295172006794692e-05,1.0310199243212983,0.00024090951300708831
13.177044300762262,0.10000000000000002,112.2018454301963,0.1122018454301963,0.12144925398726795,0.00999455277026849,0.003925406747740555,0.9900054472297315,0.9965238247345706,1.062653066546982,1.0182927619780533,0.00454312167169184,3.2311768365599685e-05,0.9960833254315803,2.614562563268783e-05,1.0635265041758275,0.0002489153466980382
13.177044300762262,0.10000000000000002,120.22644346174131,0.12022644346174131,0.12961418932663654,0.010498989092195016,0.009035824635816357,0.989501010907805,0.9924648070383282,1.095056954694627,1.0191519922192998,0.009753463570379524,4.980105290820503e-05,0.9920254419619355,3.716817737337618e-05,1.0959761264468089,0.0002572467510672197
13.177044300762262,0.10000000000000002,128.82495516931323,0.12882495516931322,0.1383538836469589,0.011047882989870934,0.016230827538808588,0.9889521170101291,0.9872301911035777,1.127400265065692,1.020019641486935,0.017056102620096197,6.85549984040266e-05,0.9867910397539702,4.711300945848219e-05,1.1283632838067534,0.00026586401794888596
13.177044300762262,0.10000000000000002,138.03842646028838,0.13803842646028838,0.14770936790198155,0.011642227859111773,0.025498157643060883,0.9883577721408883,0.9810403026930063,1.1596814254791736,1.0208956230713044,0.026438219276594167,8.852770919216699e-05,0.9806012146847316,5.605938801025831e-05,1.1606860829267698,0.0002747240944528502
13.177044300762262,0.10000000000000002,147.91083881682073,0.14791083881682074,0.15772461131414978,0.012282976665578897,0.036826258567859434,0.9877170233344211,0.9740775093129246,1.1919016898514951,1.0217798468107266,0.03788758949414939,0.00010971757890375118,0.9736389098655788,6.411451889003939e-05,1.192945470529546,0.0002837810220062863
13.177044300762262,0.10000000000000002,158.48931924611108,0.1584893192461111,0.16844673149980974,0.012971030744626752,0.0502048110741046,0.9870289692553732,0.9664928976272249,1.2240643012041512,1.022672231674372,0.05139311964963596,0.00013212678067700762,0.9660556348456837,7.137533683826903e-05,1.2251443922099843,0.0002929860717527142
13.177044300762262,0.10000000000000002,169.82436524617427,0.16982436524617428,0.1799262196097658,0.013707227891343706,0.06562491196684665,0.9862927721086563,0.9584118681872785,1.2561735973258108,1.0235727203489136,0.0669450209025008,0.00015575002363622933,0.957977093932145,7.792290315451342e-05,1.2572868928972314,0.0003022876287545065
13.177044300762262,0.10000000000000002,181.97008586099827,0.18197008586099828,0.1922171815590011,0.014492329700718046,0.08307887603117624,0.985507670299282,0.9499388232070802,1.288234064661303,1.0244812960702117,0.08453460286699715,0.0001805696914947811,0.9495079008065759,8.382312295223432e-05,1.2893771649664367,0.00031163089629782044
13.177044300762262,0.10000000000000002,194.98445997580455,0.19498445997580455,0.20537759649625836,0.015327008133197264,0.10255964208218105,0.9846729918668027,0.9411610957831092,1.32024934360929,1.0253980019469682,0.1041536681543485,0.0002065526772810279,0.9407355290345286,8.912876349092695e-05,1.3214185476730338,0.00032095750223398766
13.177044300762262,0.10000000000000002,208.92961308540364,0.20892961308540364,0.21946959374655844,0.016211831308482562,0.12405976449291599,0.9837881686915174,0.9321522453288777,1.3522211868881768,1.0263229630163775,0.12579349008462612,0.00023364765019262668,0.9317336242252966,9.388157050264136e-05,1.3534124801007135,0.00033020509375535046
13.177044300762262,0.10000000000000002,223.87211385683378,0.22387211385683378,0.2345597495480548,0.017147248571907983,0.14756997190607657,0.982852751428092,0.9229748235398405,1.3841483722548835,1.027256411247641,0.14944335667794584,0.0002617823909960317,0.9225647829733212,9.81141942333319e-05,1.3853574094664827,0.0003393070072587572
13.177044300762262,0.10000000000000002,239.88329190194898,0.239883291901949,0.250719404999258,0.018133574933968107,0.17307727644388124,0.981866425066032,0.9136826974756914,1.416025571862934,1.0281987136665958,0.17508866610802803,0.0002908611459260804,0.9132828858436275,0.00010185189129543172,1.417247657639191,0.00034819209764435266
13.177044300762262,0.10000000000000002,257.03957827688646,0.25703957827688645,0.26802500673412216,0.019170975054181465,0.20056262095562685,0.9808290249458186,0.9043230009696956,1.447842183090904,1.0291504037098222,0.20270856347134236,0.0003207620944722306,0.9039350561724875,0.00010511403930567317,1.449072251266657,0.0003567848077657854
13.177044300762262,0.10000000000000002,275.4228703338163,0.2754228703338163,0.28655847195119166,0.020259447023747795,0.22999806011460264,0.9797405529762522,0.8949377722447122,1.4795811298566726,1.030112215832733,0.2322731173973938,0.00035133511596650933,0.8945633030328217,0.00010791551472835849,1.4808137250630264,0.0003650055545691955
13.177044300762262,0.10000000000000002,295.1209226666384,0.2951209226666384,0.3064075795395425,0.021398806294190352,0.26134348492116294,0.9786011937058097,0.885565324095893,1.5112176492661056,1.0310851232903626,0.26374004909077065,0.0003824001081677807,0.8852058951202676,0.0001102679791624535,1.5124469135877314,0.00037277150402163913
13.177044300762262,0.10000000000000002,316.2277660168379,0.3162277660168379,0.3276663891691158,0.022588670196601254,0.2945429206949658,0.9774113298033987,0.8762413831116065,1.542718085837358,1.032070378889926,0.29705104710964164,0.00041374616885137645,0.8758985023684083,0.00011218110872836236,1.5439377541525858,0.0003799978019910941
13.177044300762262,0.10000000000000002,338.844156139202,0.33884415613920205,0.3504356903468905,0.023828443592168493,0.3295204569686178,0.9761715564078315,0.8670000260194242,1.5740387242761744,1.033069558383501,0.33212772950714525,0.0004451320001262123,0.8666751336691093,0.0001136637899429672,1.5752421321020837,0.00038659932196759435
13.177044300762262,0.10000000000000002,363.078054770101,0.363078054770101,0.3748234835837332,0.025117306282308138,0.3661759043598187,0.9748826937176919,0.8578744342732831,1.6051247014953354,1.0340846060354123,0.36886735134196524,0.0004762879308765972,0.8575688920648252,0.00011472529509652622,1.6063048092558208,0.00039249298143362023
13.177044300762262,0.10000000000000002,389.04514499428046,0.38904514499428045,0.4009454959704331,0.026454202878323892,0.4043803182683754,0.9735457971216761,0.8488974823806029,1.6359090487391852,1.0351178817723634,0.40713839968415944,0.00050691996723356,0.8486125631308286,0.00011537644096933596,1.6370584862434898,0.00039760066464419516
13.177044300762262,0.10000000000000002,416.8693834703355,0.4168693834703355,0.42892573362608877,0.027837835878710474,0.44397158082466204,0.9721621641212895,0.8401021711577922,1.6663119245703637,1.0361722092132368,0.4467762687218052,0.0005367162623063068,0.8398390479286217,0.00011563072648429201,1.6674230590771184,0.0004018527677185398
13.177044300762262,0.10000000000000002,446.68359215096257,0.4466835921509626,0.45889707365837556,0.029266662720283738,0.4847502882357154,0.9707333372797162,0.8315219140551613,1.6962401081780016,1.0372509237907654,0.4875792616735882,0.000565356329003342,0.8312816488421277,0.00011550543701308871,1.697305138671065,0.00040519234879359277
13.177044300762262,0.10000000000000002,478.630092322638,0.478630092322638,0.4910018984641864,0.030738897552263614,0.5264762462076102,0.9692611024477363,0.8231906828552947,1.7255868288548313,1.038357920128318,0.5293052195869726,0.0005925231854543017,0.8229742147512603,0.00011502269476376008,1.7265979080314544,0.0004075798175692293
13.177044300762262,0.10000000000000002,512.8613839913648,0.5128613839913648,0.5253927754014792,0.03225251842724459,0.5688659253512146,0.9677474815727554,0.8151430183487139,1.7542320102933942,1.039497697828349,0.5716691236837677,0.0006179184022933023,0.8149511512793504,0.00011421042504062503,1.755181394240752,0.0004089980307162418
13.177044300762262,0.10000000000000002,549.5408738576238,0.5495408738576237,0.5622331850799127,0.03380528050940792,0.6115912635617436,0.9661947194905921,0.8074139119275808,1.7820430062098527,1.0406754048714515,0.6143420500262908,0.0006412796982546981,0.8072473021704526,0.00011310319614995002,1.7829232298394164,0.00040945756854689647
13.177044300762262,0.10000000000000002,588.8436553555883,0.5888436553555884,0.6016983017498934,0.03539473577090834,0.6542802141670313,0.9646052642290917,0.8000385652793527,1.8088758954048707,1.0418968779155617,0.6569518640717742,0.0006624002960814096,0.7998977090765362,0.00011174287534623618,1.8096799694899675,0.0004090018517956437
13.177044300762262,0.10000000000000002,630.957344480193,0.630957344480193,0.6439758295180976,0.03701825948761058,0.6965194175915509,0.9629817405123894,0.7930520373415231,1.8345773886174672,1.0431686789257604,0.6990860190117851,0.0006811487109462683,0.7929372589960779,0.00011017902390938869,1.8352990118633137,0.00040771161658065974
13.177044300762262,0.10000000000000002,676.0829753919819,0.6760829753919819,0.6892668983835603,0.0386730836632836,0.737859311712882,0.9613269163367164,0.7864887901986923,1.8589873757587372,1.044498127746445,0.7402967575231529,0.0006974870313476916,0.7864002311068703,0.00010846893176535491,1.8596211529181115,0.00040570810883580567
13.177044300762262,0.10000000000000002,724.4359600749891,0.7244359600749891,0.7377870243731195,0.04035633731709618,0.777821886005955,0.9596436626829038,0.7803821484414336,1.881942110348494,1.0458933304448217,0.7801089062801455,0.0007114851422084429,0.78031975755392,0.0001066771688607995,1.8824837652324455,0.00040315420718841716
13.177044300762262,0.10000000000000002,776.2471166286912,0.7762471166286912,0.7897671383598472,0.04206509337416545,0.8159111256810014,0.9579349066258346,0.7747636894245912,1.903277989148967,1.0473632034939215,0.818030295522015,0.0007233278644196394,0.7747272156494303,0.00010487451352502598,1.9037245597672405,0.000400252574927443
13.177044300762262,0.10000000000000002,831.7637711026708,0.8317637711026709,0.8454546884743515,0.04379642171467302,0.8516259896383326,0.956203578285327,0.7696625846168328,1.922835841110613,1.0489174941114219,0.8535646377686492,0.0007333118469340933,0.769651571672805,0.00010313611946801301,1.9231858434138325,0.00039723994178767966
13.177044300762262,0.10000000000000002,891.2509381337441,0.891250938133744,0.9051148213682165,0.045547447774781154,0.8844755334061631,0.9544525522252189,0.7651049145897464,1.9404655939512956,1.0505667973153456,0.8862264736339819,0.0007418295091796297,0.7651186987898916,0.00010153882049998707,1.9407191410056144,0.00039437681270497796
13.177044300762262,0.10000000000000002,954.9925860214349,0.9549925860214349,0.9690316479628278,0.04731541596178072,0.9139955466220444,0.9526845840382193,0.7611129819392557,1.9560311431235096,1.0523225704834325,0.9155575594412423,0.0007493386569157931,0.7611506933296776,0.00010015756476157962,1.9561900082009465,0.00039193238541886376
13.177044300762262,0.10000000000000002,1023.2929922807537,1.0232929922807537,1.0375095997157906,0.04909775705375975,0.9397658520519528,0.9509022429462403,0.7577046473860547,1.9694152113784644,1.0541971463996551,0.9411438580177527,0.0007563187163049994,0.7577652145851954,9.906112895092414e-05,1.969482826422014,0.00039016527939980444
13.177044300762262,0.10000000000000002,1096.478196143183,1.0964781961431829,1.11087488186517,0.05089215870493312,0.9614272410652622,0.9491078412950669,0.7548927143310493,1.980523962514564,1.0562037459276075,0.9626321307232,0.0007632176527760011,0.754974873310114,9.830747410393927e-05,1.9805053475861403,0.0003893017640994526
13.177044300762262,0.10000000000000002,1174.8975549395302,1.1748975549395302,1.189477030611677,0.05269663817367576,0.9786969290536129,0.9473033618263242,0.7526843861632222,1.989291124519781,1.0583564915630836,0.9797450440325215,0.0007703968690370783,0.7527866930826763,9.793931624728648e-05,1.9891927488158827,0.00038951427146093325
13.177044300762262,0.10000000000000002,1258.9254117941662,1.2589254117941662,1.2736905816229027,0.054509616425338143,0.9913814266535197,0.9454903835746619,0.7510808186144544,1.9956813881224855,1.0606704231781765,0.9922937195922048,0.00077808356004355,0.7512016666881375,9.798061175277458e-05,1.9955109684434686,0.00039090366726185694
13.177044300762262,0.10000000000000002,1348.9628825916504,1.3489628825916504,1.3639168575336942,0.056329992831373486,0.9993858498470763,0.9436700071686265,0.7500767864548784,1.9996928777615035,1.0631615172767657,1.0001867826891453,0.0007863399464108357,0.7502144266580921,9.843461215063925e-05,1.9994591253402374,0.0003934886124837292
13.177044300762262,0.10000000000000002,1445.439770745928,1.4454397707459279,1.4605858838171024,0.05815721981255007,1.0027189291856622,0.9418427801874499,0.7496604799084431,2.001358541774954,1.065846711081411,1.003435195448816,0.0007950559615729128,0.7498130451868517,9.92838947599133e-05,2.0010708724969586,0.0003972041969729487
13.177044300762262,0.10000000000000002,1548.8166189124795,1.5488166189124795,1.5641584409380787,0.05999137685227292,1.001493303170004,0.940008623147727,0.7498134415548812,2.000746373048638,1.0687439326460462,1.0021524761990452,0.0008039669583106297,0.7499789740342209,0.00010049238486907128,2.000414598818665,0.00040191014276041537
13.177044300762262,0.10000000000000002,1659.5869074375562,1.6595869074375562,1.6751282634571423,0.06183324348251662,0.9959210580337498,0.9381667565174834,0.7505106492355043,1.9979584450435548,1.0718721381473386,0.9965502715889138,0.000812692504324696,0.7506871297882247,0.00010200898851334237,1.9975924650403443,0.0004074068960007571
13.177044300762262,0.10000000000000002,1778.2794100389228,1.7782794100389228,1.794024396191467,0.06368437094573272,0.9863048595568484,0.9363156290542672,0.7517207449709529,1.9931288232434141,1.0752513573522486,0.9869296189939539,0.0008207882486711702,0.7519061243723606,0.00010377219149345875,1.992738332978903,0.00041345653987794127
13.177044300762262,0.10000000000000002,1905.4607179632444,1.9054607179632443,1.921413718704581,0.06554715235977109,0.973025366448408,0.934452847640229,0.7534064042780183,1.9864204815637234,1.0789027481402385,0.9736685698603333,0.0008278013073450913,0.75359863509073,0.00010571491852744656,1.9860147151940801,0.000419805037138074
13.177044300762262,0.10000000000000002,2041.7379446695318,2.041737944669532,2.057903650139926,0.0674248913019305,0.9565258789753652,0.9325751086980695,0.755524834851683,1.9780214102847469,1.0828486608221564,0.9572071012955885,0.0008333206093910887,0.7557219031192479,0.00010776906106231978,1.9776089279019908,0.0004262027773964201
13.177044300762262,0.10000000000000002,2187.761623949552,2.187761623949552,2.204145047274208,0.06932186878531925,0.9372953340233772,0.9306781312146808,0.7580283886044983,1.968140141727104,1.0871127128712288,0.9380303974570616,0.0008370162605454498,0.7582283444190564,0.00010986928954835902,1.9677286689171998,0.0004324213881918157
13.177044300762262,0.10000000000000002,2344.228815319918,2.344228815319918,2.360835309590239,0.07124340861702382,0.9158507983021159,0.9287565913829762,0.7608652667750324,1.9570009395513235,1.0917198745666736,0.9166516238408582,0.0008386650792725289,0.76106625281148,0.00011195597877729861,1.9565972619134946,0.00043826584997156624
13.177044300762262,0.10000000000000002,2511.886431509582,2.511886431509582,2.5287217061586587,0.07319594109720692,0.8927205415143176,0.926804058902793,0.763980294440501,1.9448388971217885,1.0966965659545096,0.8935952522715903,0.0008381621713725572,0.7641805716215939,0.00011397723875083725,1.9444488082216644,0.0004435818460452193
13.177044300762262,0.10000000000000002,2691.534803926914,2.691534803926914,2.7086049401798995,0.07518706493755546,0.8684286115408666,0.9248129350624446,0.7673157384655616,1.9318951719699307,1.102070765456288,0.8693818415585715,0.0008355203114328476,0.767513708034874,0.00011589014239743311,1.9315234697461068,0.0004482588666908865
13.177044300762262,0.10000000000000002,2884.0315031266,2.8840315031266,2.9013429681760523,0.07722560714438846,0.8434816136027093,0.9227743928556116,0.770812141802052,1.918412550873903,1.107872130406185,0.8445149665329789,0.0008308599375921359,0.7710063632292687,0.00011766128463668485,1.918063075066117,0.00045222988703420933
13.177044300762262,0.10000000000000002,3090.295432513592,3.090295432513592,3.1078550920423087,0.07932168042635457,0.818358147626943,0.9206783195736454,0.7744091471757943,1.9046314982504993,1.114132129771651,0.8194707479005235,0.0008243928901364682,0.7745983514924595,0.00011926681358941526,1.9043072000376646,0.00045546852381783513
13.177044300762262,0.10000000000000002,3311.311214825908,3.311311214825908,3.329126343476002,0.08148673745102383,0.7935011131690678,0.9185132625489761,0.7780462845407979,1.8907867944514376,1.120884189312139,0.7946901965666755,0.0008164028512476138,0.7782293828945184,0.00012069206179369058,1.8904898291021723,0.00045798452693824216
13.177044300762262,0.10000000000000002,3548.1338923357457,3.5481338923357457,3.566212181703425,0.08373362099283367,0.7693128735804441,0.9162663790071663,0.7816636991686741,1.877104824739007,1.1281638494502044,0.7705743726568174,0.0008072249783478808,0.7818397865780033,0.00012193088542009177,1.8768366585123795,0.00045981834189186895
13.177044300762262,0.10000000000000002,3801.8939632056126,3.801893963205613,3.820243526927112,0.08607660869289369,0.746153096812858,0.9139233913071063,0.7852028007285489,1.863801537862059,1.136008936173744,0.7474821874073562,0.0007972266298631338,0.7853711552083744,0.00012298479953165527,1.8635630614213985,0.0004610353324985158
13.177044300762262,0.10000000000000002,4073.802778041122,4.073802778041122,4.0924321535271915,0.08853145079765373,0.7243389669398518,0.9114685492023462,0.7886068180067629,1.8510810577964074,1.1444597453449585,0.7257305532981971,0.0007867904749567557,0.7887668954037026,0.00012386198029391848,1.8508726997786953,0.00046172010561442155
13.177044300762262,0.10000000000000002,4365.158322401665,4.365158322401665,4.384076468776766,0.0911153988689831,0.7041473883473276,0.9088846011310169,0.7918212487800023,1.8391349047366148,1.1535592408690776,0.7055965148426402,0.0007763007307050705,0.7919726738005959,0.00012457619129152187,1.8389567406380958,0.00046197124520185897
13.177044300762262,0.10000000000000002,4677.351412871981,4.677351412871981,4.696567704680639,0.09384722307654449,0.6858187782520618,0.9061527769234555,0.794794199531339,1.828141762171225,1.1633532672625069,0.6873209644868993,0.0007661328204718013,0.7949367535556533,0.00012514568026475336,1.8279936151973697,0.0004618966487604916
13.177044300762262,0.10000000000000002,5011.872336272715,5.011872336272715,5.031396552530161,0.09674721531072199,0.6695620540331687,0.903252784689278,0.7974766149174619,1.818267715379978,1.1738907772599287,0.6711135568356096,0.0007566464100890213,0.7976102212631161,0.00012559208384024074,1.8181492472462097,0.0004616095669159403
13.177044300762262,0.10000000000000002,5370.317963702532,5.370317963702532,5.3901602718907125,0.09983717501005744,0.6555604597297525,0.9001628249899426,0.7998224018965758,1.809666881951925,1.185224075204468,0.6571584701920015,0.0007481815508623357,0.7999471092324956,0.00012593937045618468,1.8095776727400328,0.00046122537642836407
13.177044300762262,0.10000000000000002,5754.399373371566,5.754399373371566,5.774570308015565,0.10314037430370591,0.6439779310920816,0.8968596256962941,0.8017884579743754,1.8024823556266403,1.1974090770810426,0.6456207175583913,0.0007410575268167259,0.8019044225809653,0.00012621284514664842,1.8024219726754145,0.00046085906604471715
13.177044300762262,0.10000000000000002,6165.95001861481,6.16595001861481,6.186460454119611,0.10668149885170697,0.6349657621781849,0.893318501148293,0.8033346169181811,1.796847389515825,1.2105055881701359,0.6366527713199666,0.0007355739491753749,0.8034420844555075,0.00012643823385629884,1.7968154459562893,0.0004606233806982015
13.177044300762262,0.10000000000000002,6606.9344800759645,6.606934480075965,6.627795597559919,0.11048656065154523,0.6286694018776635,0.8895134393484547,0.8044235283711956,1.79288675223998,1.224577599423006,0.630401330097327,0.0007320136437344348,0.804522815754859,0.00012664085940617144,1.792882956201258,0.00046062754947303274
13.177044300762262,0.10000000000000002,7079.457843841374,7.079457843841373,7.100681091771297,0.11458277909732811,0.6252352711105086,0.8854172209026718,0.8050204899627993,1.790718199556902,1.239693603786876,0.6270141178712771,0.0007306469178725077,0.8051119678659456,0.0001268449161580386,1.7907423953024604,0.0004609765134377741
13.177044300762262,0.10000000000000002,7585.77575029182,7.585775750291821,7.607372798805699,0.11899842675719957,0.6248175478043063,0.8810015732428005,0.8050932517025818,1.790454013718892,1.2559269338386725,0.6266466614240597,0.000731736857639848,0.8051773281086074,0.00012707284594165737,1.7905062160670786,0.0004617705680824129
13.177044300762262,0.10000000000000002,8128.305161640995,8.128305161640995,8.150287850537753,0.12376263670299908,0.6275849156663257,0.8762373632970009,0.8046118126568071,1.792202572367905,1.2733561222205836,0.6294690408914695,0.0007355453794650054,0.8046889177890835,0.000127344814051458,1.7922829957393487,0.0004631053392192407
13.177044300762262,0.10000000000000002,8709.635899560797,8.709635899560798,8.732016180042164,0.12890516880803268,0.6337273139600992,0.8710948311919673,0.803548229175276,1.7960699177585466,1.292065286508786,0.6356726494440452,0.0007423398367689463,0.803618802033083,0.00012767828120660815,1.7961790011134287,0.00046507201880165784
13.177044300762262,0.10000000000000002,9332.543007969885,9.332543007969885,9.355332878336151,0.1344561332421879,0.6434627595381005,0.8655438667578121,0.8018764523359454,1.8021613051862453,1.312144540289322,0.6454770323054888,0.0007524000535716907,0.8019409289762329,0.00012808766537519568,1.8022997339899143,0.00046775779658840566
13.177044300762262,0.10000000000000002,10000.0,10.0,10.023211435627891,0.1404456704480006,0.6570443403273903,0.8595543295519994,0.7995722099105094,1.8105827165239772,1.333690432362279,0.65913690349013,0.0007660257219199424,0.7996310135357482,0.000128584086302044,1.810751442735767,0.00047124643374659114
13.177044300762262,0.10000000000000002,10715.193052376047,10.715193052376048,10.738837930441072,0.14690358817429672,0.674767502664956,0.8530964118257033,0.7966129451502181,1.821442330699457,1.3568064161493547,0.6769494620973396,0.0007835441564538252,0.7966664779971679,0.00012917518539446896,1.8216425916276524,0.0004756189345078782
13.177044300762262,0.10000000000000002,11481.53621496884,11.481536214968841,11.505626234513402,0.15385895765904187,0.6969777747484104,0.8461410423409581,0.7929778211922398,1.8348519478017706,1.381603351539278,0.6992621501415954,0.0008053184477786468,0.7930264581649319,0.0001298650141891646,1.835085284521817,0.0004809542813192352
13.177044300762262,0.10000000000000002,12302.68770812381,12.30268770812381,12.32723430621274,0.16133967275666644,0.7240790864177786,0.8386603272433335,0.788647796044406,1.8509283673834,1.4082000415737865,0.7264810121098512,0.0008317560974568681,0.7886918799972983,0.00013065398576792535,1.8511966432811782,0.0004873302072397442
13.177044300762262,0.10000000000000002,13182.567385564047,13.182567385564047,13.20758165040701,0.1693719776458303,0.7565428628237896,0.8306280223541697,0.7836057690805014,1.8697947245320528,1.4367238065520516,0.7590798340294067,0.0008633182527930892,0.7836456076329859,0.00013153888499029613,1.8701001444145107,0.0004948239864757861
13.177044300762262,0.10000000000000002,14125.375446227554,14.125375446227554,14.150868028278339,0.17797997066160431,0.7949180874664531,0.8220200293383957,0.7778367959312259,1.8915817895552,1.46731109831865,0.7976102579939678,0.000900529690758828,0.7778726596805381,0.00013251293502550987,1.8919269196678619,0.0005035132298890758
13.177044300762262,0.10000000000000002,15135.612484362071,15.13561248436207,15.161593506523163,0.18718509368400355,0.8398425496818048,0.8128149063159964,0.7713283647499092,1.916429238775043,1.5001081576965416,0.8427130879131444,0.0009439897290320766,0.7713604867435531,0.0001335659191509879,1.9168170279803682,0.0005134766771094585
13.177044300762262,0.10000000000000002,16218.100973589266,16.218100973589266,16.244579941751237,0.19700561828155394,0.8920555138906412,0.8029943817184461,0.7640707232259125,1.9444869050921993,1.535271718234844,0.8951310247030013,0.000994384269782194,0.7640992995541649,0.00013468435791775513,1.9449207073944992,0.0005247949806453427
13.177044300762262,0.10000000000000002,17378.00828749376,17.378008287493763,17.404994002717668,0.20745614134287782,0.9524120737051159,0.7925438586571222,0.7560572425636577,1.9759160177520994,1.5729697596649648,0.955723095129573,0.0010524992099739828,0.7560824339354325,0.00013585174238242947,1.976399616301551,0.0005375514802462891
13.177044300762262,0.10000000000000002,18620.871366628657,18.620871366628656,18.64837184033116,0.21854710411737413,1.021899484172163,0.7814528958826259,0.7472848020817302,2.0108904412309787,1.6133823146940285,1.0254810689189742,0.0011192354819396727,0.7473067362506363,0.00013704882404702074,2.011428073901031,0.0005518329678846332
13.177044300762262,0.10000000000000002,19952.62314968875,19.952623149688748,19.98064552320977,0.23028434931891248,1.1016558008697734,0.7697156506810875,0.7377541762359474,2.049597923430574,1.6567023330195318,1.1055481944124488,0.0011956260210153101,0.7377729511465818,0.0001382539613776673,2.0501943100369155,0.0005677304452347761
13.177044300762262,0.10000000000000002,21379.620895022323,21.379620895022324,21.408171364940646,0.2426687311288559,1.1929911961295794,0.7573312688711441,0.7274704048312501,2.0922413634950745,1.7031366067178355,1.1972406248518426,0.0012828549943278878,0.727486092357192,0.00013944352131385485,2.0929017347107,0.0005853398765783912
13.177044300762262,0.10000000000000002,22908.6765276777,22.908676527677702,22.9377602781887,0.25569579249464414,1.2974123712743686,0.7443042075053559,0.7164431270250058,2.1390401095985903,1.7529067614505476,1.3020719562664935,0.0013822796674853803,0.7164557771700035,0.00014059233212811078,2.139770237614255,0.0006047629407733337
13.177044300762262,0.10000000000000002,24547.089156850234,24.547089156850234,24.576710300431408,0.2693555230168229,1.4166505404379544,0.730644476983177,0.7046868604685992,2.1902312970334608,1.80625031824261,1.4217813549213139,0.0014954553351026957,0.7046965059005823,0.00014167418151740164,2.1910375280176657,0.0006261077863962051
13.177044300762262,0.10000000000000002,26302.679918953814,26.302679918953814,26.332841446418776,0.28363220894796676,1.552693527424349,0.7163677910520332,0.6922212085687638,2.2460712368979348,1.8634218309188142,1.5583658185206466,0.0016241637979725419,0.6922278693540358,0.00014266235111847056,2.2469605253214073,0.0006494897944845188
13.177044300762262,0.10000000000000002,28183.82931264449,28.18382931264449,28.21453305352699,0.29850438443088806,1.7078225934418216,0.7014956155691119,0.6790709813146794,2.306836865657616,1.9246941046424328,1.7141171921396408,0.001770445935527174,0.6790746697176026,0.00014353017598937943,2.3078168105647006,0.0006750323535263758
13.177044300762262,0.10000000000000002,30199.51720402019,30.19951720402019,30.23076379804078,0.3139448901636447,1.8846547018878648,0.6860551098363553,0.6652662183031854,2.3728272658597165,1.9903595013843352,1.8916646486516413,0.0019366389984191864,0.6652669435162262,0.00014425161524593671,2.3739061491916233,0.0007028676515174486
13.177044300762262,0.10000000000000002,32359.36569296281,32.35936569296281,32.39115457311742,0.3299210423173984,2.0861910283502043,0.6700789576826016,0.6508421063518137,2.444365268327304,2.0607313385601698,2.0940234459316125,0.0021254193341195995,0.6508398790233431,0.0001448018182249777,2.4455520954280265,0.0007331374900559099
13.177044300762262,0.10000000000000002,34673.68504525309,34.673685045253094,34.706014432831736,0.34639491090716634,2.3158726415623963,0.6536050890928337,0.6358387882316158,2.5217991462615545,2.136145387517155,2.32465089129324,0.00233985136013321,0.6358336246651157,0.00014515766946671314,2.5231036887266054,0.0007659941255944204
13.177044300762262,0.10000000000000002,37153.52290971728,37.153522909717275,37.18638982132029,0.3633237031044771,2.5776444164441816,0.6366762968955229,0.6203010633673935,2.605504411842017,2.216961479024444,2.5875105797021116,0.002583443716739983,0.6202929892765372,0.00014529829560518698,2.606937252901263,0.0008016011431235587
13.177044300762262,0.10000000000000002,39810.71705534969,39.81071705534969,39.84411732172617,0.3806602433765636,2.8760283961365163,0.6193397566234364,0.604277985618916,2.695885726143279,2.303565223431388,2.8871461288864078,0.0028602136663519176,0.6042670393384436,0.00014520551799518115,2.697458308801819,0.000840134367728666
13.177044300762262,0.10000000000000002,42657.95188015917,42.65795188015917,42.691880176456046,0.3983535390277471,3.2162079990667007,0.6016464609722529,0.5878223672532177,2.7933789334846946,2.396369853703331,3.2287658145110987,0.0031747609622145814,0.5878086023254063,0.0001448642365714519,2.795103611679064,0.0008817828196433611
13.177044300762262,0.10000000000000002,45708.818961487515,45.708818961487516,45.743268848276266,0.41634941687712823,3.6041246729584127,0.5836505831228718,0.5709902017433446,2.898453231701643,2.495818200130728,3.618339715516533,0.0035323525882560835,0.570973688823444,0.0001442627329399359,2.9003433247616144,0.000926749718619058
13.177044300762262,0.10000000000000002,48977.88193684456,48.97788193684456,49.0128459110923,0.4345912145755258,4.046588834243404,0.5654087854244743,0.5538400209135389,3.011613490271778,2.6023848061369357,4.062711217483587,0.0039390199778054505,0.5538208489634452,0.0001433928838803342,3.0136833410119155,0.0009752535436406214
13.177044300762262,0.10000000000000002,52480.746024977125,52.48074602497712,52.516215579956835,0.4530205085483632,4.551407203058513,0.5469794914516368,0.5364322040672588,3.1334027287548203,2.716578195282675,4.569724995004743,0.004401670555595552,0.5364104808339918,0.0001422502800836823,3.1356677655513367,0.0010275291542461175
13.177044300762262,0.10000000000000002,56234.13251903491,56.23413251903491,56.27009821202985,0.4715778598067983,5.127528956075044,0.5284221401932017,0.5188282580074413,3.264404768603671,2.8389433002902846,5.148373907713916,0.004928215719433942,0.5188041098095852,0.00014083424881429916,3.266881571844322,0.0010838289799535257
13.177044300762262,0.10000000000000002,60255.958607435685,60.25595860743569,60.29241013398891,0.49020355890768863,5.78521347778376,0.5097964410923114,0.5010900872639565,3.40524707208714,2.9700640656830433,5.808967604844894,0.00552771769036036,0.5010636581340149,0.0001391477830223811,3.4079534454125078,0.0011444242845637907
13.177044300762262,0.10000000000000002,64565.422903465624,64.56542290346562,64.60234917685902,0.5088383521260772,6.536222902372144,0.4911616478739228,0.48327927341137455,3.5566037828283332,3.1105662364682853,6.563326046814098,0.006210558018957503,0.48325072366359345,0.00013719738300465908,3.5595588296117855,0.001209606512399195
13.177044300762262,0.10000000000000002,69183.09709189362,69.18309709189363,69.22048632651124,0.5274241323535118,7.39404311082776,0.4725758676464882,0.46545638116730026,3.7191989833088273,3.261120346180002,7.425001627255574,0.006988630947590378,0.46542588547762226,0.00013499281981269913,3.7224231888519808,0.0012796887238535185
13.177044300762262,0.10000000000000002,74131.02413009162,74.13102413009162,74.16886392732796,0.5459045802394168,8.374137390421504,0.4540954197605832,0.4476803071216362,3.893810185624051,3.4224449185531336,8.409534124241626,0.007875565301577455,0.4476480522186418,0.00013254683208578484,3.8973255055727014,0.0013550071279790534
13.177044300762262,0.10000000000000002,79432.82347242821,79.43282347242821,79.47110090784162,0.5642257435158542,9.494237586614181,0.4357742564841458,0.4300076846025481,4.081272072799509,3.5953098981200577,9.534743335509196,0.008886979125670047,0.42997386667514625,0.00012987476973857953,4.085102028312273,0.0014359227202191624
13.177044300762262,0.10000000000000002,85113.80382023759,85.11380382023759,85.15250553071579,0.5823365451411227,10.774678292572526,0.41766345485887735,0.41249235549292773,4.282480509092556,3.7805403261176216,10.821064971344681,0.010040771906112664,0.4124571774219046,0.00012699419892234456,4.286650289324608,0.0015228230338181904
13.177044300762262,0.10000000000000002,91201.08393559078,91.20108393559079,91.24019620538843,0.6001892137163793,12.238780442587036,0.39981078628362066,0.3951849169315773,4.498396838923085,3.979020279261024,12.291936204082035,0.011357459934878498,0.39514858544898657,0.00012392448291759193,4.5029334114141015,0.0016161240139060265
13.177044300762262,0.10000000000000002,97723.72209558112,97.72372209558112,97.76323094020007,0.6177396324318428,13.913291618358677,0.3822603675681572,0.37813234792089134,4.73005249538913,4.1916970902019015,13.974238220710237,0.012860561195102344,0.37809507079352356,0.00012068635316890985,4.73498472497663,0.001716272023766601
13.177044300762262,0.10000000000000002,104712.85480508985,104.71285480508985,104.75274605209798,0.6349476054626169,15.828891459463817,0.36505239453738314,0.361377718053015,4.978553940750812,4.419585869828478,15.898804212971616,0.014577037090978975,0.3613397013753591,0.00011730148363970005,4.983912717660937,0.001823745993362061
13.177044300762262,0.10000000000000002,112201.84543019607,112.20184543019607,112.24210479621418,0.6517770431564925,18.020771811927403,0.34822295684350746,0.3449599779747796,5.245087962802114,4.663774353009648,18.10100248834474,0.016537799429481817,0.3449214236435515,0.00011379208017053126,5.250906340604481,0.0019390597207991514
13.177044300762262,0.10000000000000002,120226.4434617413,120.22644346174131,120.26705662496536,0.6681960694630454,20.529302675515826,0.33180393053695456,0.32891382892520227,5.530927352707812,4.925428090928228,20.621405819311583,0.018778292305906406,0.3288749323528015,0.00011018049470667995,5.537240696857827,0.002062764338096769
13.177044300762262,0.10000000000000002,128824.95516931322,128.82495516931323,128.86590783707598,0.6841770567947587,23.400796648346972,0.3158229432052413,0.3132696667577579,5.837436991666865,5.205796014801985,23.506559794714896,0.02133915997422785,0.31323061486678544,0.00010648887225501175,5.844283139399762,0.0021954509533457815
13.177044300762262,0.10000000000000002,138038.4264602881,138.0384264602881,138.07970443129662,0.6996965948630239,26.68838644803483,0.30030340513697606,0.2980535943350916,6.166080375684725,5.506216397566448,26.80986482727689,0.02426701342387981,0.2980145638612438,0.00010273883636519039,6.173499808068421,0.002337753482147523
13.177044300762262,0.10000000000000002,147910.8388168207,147.9108388168207,147.9524280378315,0.7147354009940587,30.45303224772184,0.28526459900594126,0.28328749506406226,6.518426609797564,5.828123241986564,30.592588641597658,0.02761531026816795,0.28324865118077247,9.895121691604144e-05,6.526462636801008,0.0024903516820802564
13.177044300762262,0.10000000000000002,158489.3192461111,158.48931924611108,158.53120586291942,0.7292781800197896,34.76467804434786,0.2707218199802104,0.2689891596098748,6.896157905309852,6.173053125706402,34.9250285586613,0.03144536471211326,0.2689506548757502,9.514582211416618e-05,6.904856864795311,0.002653974404876529
13.177044300762262,0.10000000000000002,169824.3652461746,169.8243652461746,169.86653564889784,0.7433134420888386,39.703579122659264,0.25668655791116135,0.2551724574597818,7.3010776159843696,6.542652535920833,39.88784575367506,0.035827506850406185,0.25513443107928374,9.134125494470801e-05,7.310489087591199,0.002829403082002899
13.177044300762262,0.10000000000000002,181970.08586099825,181.97008586099827,182.0125267237238,0.7568332866969228,45.36182594623159,0.24316671330307715,0.241847544956877,7.735118851678238,6.938685728691395,45.57359694860207,0.04084241339677479,0.24181012233620056,8.75547728964996e-05,7.7452958866280035,0.0030174754604211517
13.177044300762262,0.10000000000000002,194984.45997580414,194.98445997580416,195.0271582907495,0.7698331609425723,51.845093558572636,0.23016683905742774,0.22902110164351297,8.200353710657042,7.363043150432029,52.08849277184636,0.04658263521893517,0.2289843942170714,8.380218863705698e-05,8.21135307858047,0.003219089606482329
13.177044300762262,0.10000000000000002,208929.6130854041,208.9296130854041,208.97255619180098,0.7823115995252529,59.27464988496794,0.21768840047474713,0.21669658718874107,8.69900317476022,7.817750461773517,59.55441634722439,0.05315435081090369,0.21666069248720943,8.009780844019562e-05,8.710885628719184,0.003435208197165536
13.177044300762262,0.10000000000000002,223872.11385683378,223.87211385683378,223.9152894647989,0.7942699533693537,67.78966127129476,0.2057300466306463,0.20487451177247973,9.2334477147362,8.304978206885911,68.1112406454222,0.06067937914867177,0.20483951370050013,7.645440455859334e-05,9.246278275699893,0.0036668631192300133
13.177044300762262,0.10000000000000002,239883.29190194848,239.8832919019485,239.92668811164233,0.8057121130258947,77.5498392743958,0.19428788697410526,0.19355271351026015,9.806238656452356,8.827052174426022,77.91948883857154,0.06929749032847027,0.19351868280088302,7.288321736266228e-05,9.820086918571468,0.003915160398304483
13.177044300762262,0.10000000000000002,257039.57827688646,257.03957827688646,257.0831835932905,0.8166442322183869,88.73847923790888,0.1833557677816131,0.18272663728199323,10.420110362299843,9.386464499568893,89.16338845147337,0.07916905807380187,0.1826936320950387,6.939398290568892e-05,10.435050820421145,0.004181285481502802
13.177044300762262,0.10000000000000002,275422.87033381633,275.4228703338163,275.4666736774749,0.8270744560948453,101.56594867265267,0.1729255439051547,0.17238961013631127,11.077993285999582,9.985885560126293,102.05437762662133,0.0904781047267413,0.17235767676911157,6.59949815892474e-05,11.09410568696611,0.0044665088988325545
13.177044300762262,0.10000000000000002,295120.9226666378,295.1209226666378,295.1649133807216,0.8370126579556569,116.2736920546559,0.16298734204434306,0.16253310924649933,11.783027963176943,10.628176723540708,116.83513045834826,0.10343579683553496,0.16250228292753754,6.269310375733269e-05,11.800397682571031,0.004772192330464526
13.177044300762262,0.10000000000000002,316227.7660168379,316.2277660168379,316.27193387088636,0.8464701874703638,133.13882852100556,0.15352981252963616,0.15314701916885753,12.53858000453286,11.316404005604419,133.78417826918187,0.11828445805748437,0.1531173249074619,5.949392830833931e-05,12.55729845063819,0.005099795108861345
13.177044300762262,0.10000000000000002,338844.15613920207,338.8441561392021,338.88849132989696,0.8554596326924503,152.47943027242567,0.1445403673075497,0.14421987588013685,13.348256163216961,12.053852706109417,153.22121508853706,0.13530217597807487,0.1441913293483364,5.6401810749372407e-05,13.368421210107696,0.005450881186835065
13.177044300762262,0.10000000000000002,363078.0547701003,363.07805477010027,363.12254791941353,0.8639945975420171,174.66058249866364,0.13600540245798287,0.13573909573384457,14.215921553136718,12.844043091291388,175.5131886677592,0.15480809079309923,0.13571170415969774,5.341997749955165e-05,14.237638004937157,0.00582712660482268
13.177044300762262,0.10000000000000002,389045.1449942805,389.04514499428046,389.08978714532446,0.8720894958589237,200.1013405765275,0.1279105041410763,0.127691188067647,15.145718100419204,13.690747197929614,201.08129337618863,0.17716846682703116,0.12766495112249088,5.055062365426457e-05,15.169098188929155,0.00623032749304829
13.177044300762262,0.10000000000000002,416869.38347033464,416.86938347033464,416.9141660812252,0.8797593626360293,229.2827174367959,0.12024063736397073,0.1200619507114552,16.14208431613019,14.59800683931917,230.4089985573338,0.20280366281713172,0.12003686137663327,4.779501183137279e-05,16.167248234169723,0.006662408646791081
13.177044300762262,0.10000000000000002,446683.5921509635,446.6835921509635,446.7285070869875,0.887019682623788,262.7568536825626,0.11298031737621195,0.11283664808789573,17.209776484657727,15.57015289907266,264.051265711784,0.2321961340645473,0.11281269348942588,4.51535701181301e-05,17.236852957655934,0.007125432715711243
13.177044300762262,0.10000000000000002,478630.092322638,478.630092322638,478.6751318469969,0.8938862361504354,301.15754564431575,0.10611376384956461,0.10600017196585287,18.353891368921143,16.61182600484118,302.64513059241244,0.26589961926923705,0.10597733416816305,4.262598751286228e-05,18.383018267457068,0.007621610051115253
13.177044300762262,0.10000000000000002,512861.38399136375,512.8613839913637,512.90654075474,0.9003749617220105,345.21233250831136,0.09962503827798952,0.099537185227898,19.579890540805437,17.7279986806557,346.92185238212016,0.3045496875018759,0.09951544198014195,4.02113056005877e-05,19.61121553700721,0.008153309258181626
13.177044300762262,0.10000000000000002,549540.8738576248,549.5408738576248,549.5861408868002,0.9065018347470396,395.75637345070015,0.0934981652529604,0.09343224924932525,20.893626452979863,18.923999083623247,397.72086207324094,0.34887584675536587,0.09341157467991161,3.790800551202707e-05,20.927307723894774,0.008723068503529757
13.177044300762262,0.10000000000000002,588843.6553555884,588.8436553555885,588.8890260413172,0.9122827615668131,453.74837991947817,0.0877172384331869,0.08766993566669201,22.30137037656212,20.20553643829258,456.00577655352606,0.39971544535843945,0.08765030092342618,3.5714089488561456e-05,22.33757735784172,0.009333607632121715
13.177044300762262,0.10000000000000002,630957.3444801917,630.9573444801918,631.0028125645148,0.9177334878548525,520.2889074847918,0.08226651214514746,0.08223492344387051,23.80984233800821,21.5787282901028,522.8827843835359,0.45802963179404116,0.08221629727865934,3.362715661125245e-05,23.848756531487318,0.009987841151347161
13.177044300762262,0.10000000000000002,676082.9753919819,676.0829753919819,676.1285349551438,0.9228695203737703,596.6413567744876,0.07713047962622965,0.07711208223077293,25.42624319813605,23.050129708002036,599.6217545788335,0.5249216778008,0.07709443152906448,3.1644472451153595e-05,25.468059037147597,0.0106888921442802
13.177044300762262,0.10000000000000002,724435.9600749891,724.4359600749891,724.4816055221037,0.9277060610363346,684.2560847900494,0.07229393896366543,0.0722865430605153,27.1582890264262,24.626764575652427,687.6804717544965,0.601658014799003,0.07226983331664841,2.976303256288627e-05,27.203214802967686,0.011440107178532869
13.177044300762262,0.10000000000000002,776247.1166286896,776.2471166286896,776.2928426824491,0.9322579522052322,784.7980873587649,0.06774204779476778,0.06774375745074313,29.014247934912778,26.316159120776657,788.7324607560726,0.6896923855469271,0.06772795319115085,2.797961987644924e-05,29.062506793080058,0.012245072281976528
13.177044300762262,0.10000000000000002,831763.7711026708,831.7637711026708,831.8095727781215,0.9365396321729178,900.1787816626352,0.0634603678270822,0.06346954597394272,31.002979546415638,28.126377841726832,904.6989324360633,0.7906935724064538,0.06345461113073189,2.6290856148302288e-05,31.05481054683321,0.013107630061128184
13.177044300762262,0.10000000000000002,891250.938133744,891.2509381337441,891.2968107296016,0.940565099798931,1032.5924963216116,0.05943490020106901,0.05945013733023341,33.13397728762519,30.066062004677445,1037.7854611756277,0.906577232100388,0.05943603556808271,2.469324770948893e-05,33.18963654794225,0.014031898044833128
13.177044300762262,0.10000000000000002,954992.5860214368,954.9925860214369,955.0385250600291,0.9443478873103143,1184.5583661587907,0.05565211268968573,0.05567219893134334,35.417413705256685,32.144470891868,1190.5240948628275,1.0395424450395976,0.05565889393090154,2.3183225812049538e-05,35.47717562214438,0.015022288339223472
13.177044300762262,0.10000000000000002,1023292.9922807536,1023.2929922807535,1023.338993634836,0.9479010403488133,1358.968433029692,0.052098959651186716,0.05212285992886512,37.86418903257865,34.37152600779603,1365.8217028282684,1.1921136782344322,0.05211031563000185,2.1757181904317708e-05,37.92834759106687,0.01608352869254127
13.177044300762262,0.10000000000000002,1096478.196143183,1096.478196143183,1096.5242558865355,0.9512371043472433,1559.142870297601,0.04876289565275671,0.04878972762266087,40.485983213003585,36.75785843148266,1567.015484036624,1.3671889621519946,0.04877790843095886,2.041149821397866e-05,40.55485338936859,0.017220685059476385
13.177044300762262,0.10000000000000002,1174897.5549395303,1174.8975549395304,1174.9436693791072,0.9543681164753961,1788.8933885952492,0.0456318835246039,0.04566089802845552,43.29531166211273,39.31485957091675,1797.936698610778,1.5680952040548677,0.04564976898831048,1.914257399162285e-05,43.369230927036114,0.018439185787062534
13.177044300762262,0.10000000000000002,1258925.411794166,1258.9254117941662,1258.971577458043,0.9573056023639246,2052.5960330792677,0.04269439763607541,0.04272496141566029,46.30558500978955,42.054735539647474,2062.9838391156927,1.7986516934190282,0.04271448835326616,1.7946847807818816e-05,46.384914938942586,0.019744847526956034
13.177044300762262,0.10000000000000002,1348962.8825916506,1348.9628825916507,1349.009096217364,0.960060576937546,2355.2747641451015,0.039939423062454016,0.039971003503671554,49.53117311733873,44.99056542392558,2367.206640725096,2.0632430135727464,0.03996115314303244,1.6820816267555052e-05,49.61630111708117,0.021143903001999385
13.177044300762262,0.10000000000000002,1445439.770745928,1445.439770745928,1445.4860292692233,0.9626435487328188,2702.6974189628727,0.037356451267181234,0.03738860296052071,52.98747367359634,48.13636371706535,2716.40253584133,2.366902752844243,0.03737934301547886,1.5761049501750467e-05,53.07881483001434,0.022643030758924987
13.177044300762262,0.10000000000000002,1548816.6189124796,1548.8166189124795,1548.8629194564853,0.9650645271398313,3101.4858879552175,0.03493547286016874,0.034967825782872386,56.6909856974647,51.50714721908349,3117.2273967193814,2.7154096150175593,0.03495912502793671,1.476420377804348e-05,56.78898475758249,0.024249387049229874
13.177044300762262,0.10000000000000002,1659586.9074375562,1659.5869074375562,1659.633247302391,0.967333032065903,3559.2426120647583,0.03266696793409696,0.032699217076891274,60.65938829777555,55.11900672095889,3577.3226827646804,3.1153977658986705,0.032691045399476384,1.3827031553639411e-05,60.76452179237746,0.02597063999041017
13.177044300762262,0.10000000000000002,1778279.410038923,1778.2794100389228,1778.325786691742,0.9694581055745393,4084.695818629848,0.030541894425460736,0.03057379070332711,64.91162506641376,58.98918381570069,4105.461422755535,3.5744835249082363,0.030566119139783396,1.2946389271603264e-05,65.02440358462404,0.027815006170629077
13.177044300762262,0.10000000000000002,1905460.7179632443,1905.4607179632444,1905.5071290287249,0.9714483251044501,4687.866271891179,0.028551674895549883,0.028583017197491012,69.46799450758857,63.13615320290495,4711.715822280132,4.101410823045555,0.028575817955118897,1.2119243179513825e-05,69.5889651340547,0.029791289871554685
13.177044300762262,0.10000000000000002,2041737.9446695233,2041.7379446695234,2041.7843879207849,0.9733118179212298,5380.258725414556,0.026688182078770217,0.026718810325986886,74.35024693492555,67.57971087966402,5407.64970005811,4.70621820728382,0.026712056793022555,1.1342673426566895e-05,74.47999586123346,0.03190892509660755
13.177044300762262,0.10000000000000002,2187761.623949552,2187.761623949552,2187.8080972995076,0.9750562764981158,6175.081735906968,0.02494372350188423,0.02497351259712499,79.58168829890948,72.34106863884615,6206.539431437093,5.4004305833132165,0.02496717934248538,1.0613876672572362e-05,79.72084362170219,0.03417802060524037
13.177044300762262,0.10000000000000002,2344228.815319918,2344.228815319918,2344.2753168130507,0.9766889745621857,7087.500040059053,0.02331102543781427,0.02333988000085463,85.18729144032996,77.4429553258179,7123.627622294093,6.197279361425233,0.02333394276525292,9.93016742025418e-06,85.33652615947778,0.036609408168229704
13.177044300762262,0.10000000000000002,2511886.4315095823,2511.8864315095825,2511.9329593141306,0.9782167835787311,8134.924318514678,0.021783216421268903,0.02181106621678297,91.19381530079919,82.90972533698834,8176.414362243031,7.111955213263433,0.021805501896644538,9.288978261137176e-06,91.35385053193698,0.0392146942743337
13.177044300762262,0.10000000000000002,2691534.803926914,2691.534803926914,2691.5813563274605,0.9796461894789319,9337.343885761653,0.020353810521068105,0.02038060649518647,97.62993265940763,88.76747487808704,9384.991624414164,8.161898270532193,0.02037539312063731,8.687859205307911e-06,97.80154107616987,0.042006315535138374
13.177044300762262,0.10000000000000002,2884031.5031266,2884.0315031266,2884.0780785170527,0.9809833094656125,10717.708665314307,0.01901669053438748,0.019042401385722885,104.52636700529149,95.04416653716555,10772.427203867352,9.36713131247901,0.01903751809377155,8.124476246601221e-06,104.71037652767302,0.044997598052582376
13.177044300762262,0.10000000000000002,3090295.432513592,3090.295432513592,3090.342029390536,0.982233908757391,12302.36775169896,0.017766091242608972,0.01779070046159925,111.91603919947268,101.7697627669584,12365.205533686376,10.750642310717641,0.017786127465494704,7.596609297372474e-06,112.11333694592608,0.048202821032550136
13.177044300762262,0.10000000000000002,3311311.2148259077,3311.311214825908,3311.357831782324,0.9834034171551985,14121.572942482831,0.016596582844801477,0.01662008616300381,119.83422462608502,108.9763689138215,14193.733805089563,12.338823643461732,0.016615804718626826,7.1021496110000794e-06,120.04576114821725,0.05163728494820418
13.177044300762262,0.10000000000000002,3548133.892335746,3548.133892335746,3548.1805280550757,0.9844969453351282,16210.05686557425,0.015503054664871785,0.015525457862451075,128.31872158317586,116.69838647600632,16292.92306626407,14.161976374520032,0.015521450232482685,6.639096795611046e-06,128.54551540325235,0.05531738457844358
13.177044300762262,0.10000000000000002,3801893.9632056127,3801.8939632056126,3801.940616456157,0.9855193007896296,18607.69675300287,0.014480699210370429,0.01450201623607994,137.41003171688976,124.97267732285381,18702.855407947296,16.25488923617174,0.014498265652589073,6.205555509213955e-06,137.65317418981462,0.05926068727013998
13.177044300762262,0.10000000000000002,4073802.778041122,4073.802778041122,4073.8494476707597,0.9864750033548294,21360.276549649727,0.013524996645170595,0.013545248008656863,147.15155336037222,133.83873965881864,21469.549989451833,18.657503383082677,0.013541738634655139,5.799731914393233e-06,147.41221388335154,0.06348601679775163
13.177044300762262,0.10000000000000002,4365158.322401647,4365.158322401648,4365.205007332858,0.987368300275042,24520.361925214947,0.012631699724958034,0.012650911125843711,157.58978870033303,143.3388965723493,24645.842548310033,21.415675624024708,0.012647628016277534,5.419929959909445e-06,157.86922029507545,0.06801354322062353
13.177044300762262,0.10000000000000002,4677351.412871981,4677.351412871981,4677.398112097156,0.9882031807677226,28148.304916008638,0.011796819232277378,0.011815020395005482,168.77456576015518,153.51849806961707,28292.395206122237,24.582054720676645,0.011811949457578231,5.064547546883268e-06,169.07411105428017,0.07286487916692062
13.177044300762262,0.10000000000000002,5011872.336272715,5011.872336272715,5011.919048849748,0.9889833900617595,32313.39740125383,0.011016609938240496,0.011033833625225475,180.75927625926244,164.42613755758137,32478.85587401106,28.217087504197764,0.011030961581381879,4.732072628634517e-06,181.08037389544228,0.07806318300381053
13.177044300762262,0.10000000000000002,5370317.963702532,5370.317963702532,5370.364688750669,0.989712442891087,37095.19546377229,0.010287557108913048,0.010303838288116318,193.60113048414925,176.1138838097834,37285.18942092247,32.390174041903066,0.010301152634462924,4.42107928562278e-06,193.94532198760479,0.08363326938639976
13.177044300762262,0.10000000000000002,5754399.373371567,5754.399373371567,5754.446110067506,0.9903936364326587,42585.03995167969,0.009606363567341347,0.00962173871327443,207.36143038775364,188.63752952213025,42803.20605153502,37.18099393565071,0.009619227683661,4.130223810207594e-06,207.7303675248662,0.0896017277131279
13.177044300762262,0.10000000000000002,6165950.01861481,6165.95001861481,6165.996766189039,0.9910300626841527,48887.80230841783,0.008969937315847276,0.008984443825672095,222.10586222083265,202.0568576452558,49138.316110545464,42.681029104987914,0.008982096354115541,3.858240830035145e-06,222.50131488401084,0.09599704905309202
13.177044300762262,0.10000000000000002,6606934.480075965,6606.9344800759645,6606.981237809314,0.9916246202819112,56123.88904484597,0.008375379718088771,0.008389055426778924,237.90481009225198,216.4359267647652,56411.54485861483,48.99531216417957,0.008386861111375215,3.603939493686325e-06,238.3286747486819,0.10284976215119224
13.177044300762262,0.10000000000000002,7079457.843841373,7079.457843841373,7079.504611061792,0.9921800257640655,64431.543171495876,0.007819974235934501,0.007832857016624062,254.8336919549804,231.84337689168697,64761.84573507887,56.244433814817775,0.00783080608455725,3.3661997377167617e-06,255.2880006996062,0.11019257916033946
13.177044300762262,0.10000000000000002,7585775.750291821,7585.77575029182,7585.822526371341,0.9926988242870292,73969.48658605262,0.007301175712970842,0.007313303150220052,272.9733196217096,248.35275712285963,74348.75632863837,64.56684762719482,0.00731138642395604,3.1439686503100012e-06,273.4602498776317,0.11806055179639152
13.177044300762262,0.10000000000000002,8128305.161640995,8128.305161640995,8128.351945992889,0.9931833998068109,84919.95392903514,0.006816600193189082,0.0068280093187021995,292.41028452859234,266.0428767353132,85355.44782871482,74.12151626867772,0.006826218183424758,2.9362569433925997e-06,292.9321694412247,0.12649123866124218
13.177044300762262,0.10000000000000002,8709635.899560796,8709.635899560795,8709.68269163691,0.9936359847384951,97492.17590435011,0.006364015261504874,0.006374742343052908,313.23737108864805,284.9981813907232,97992.22625227222,85.09094976464014,0.00637306871538279,2.742135542158825e-06,313.79671066322715,0.13552488453279113
13.177044300762262,0.10000000000000002,9332543.007969886,9332.543007969885,9332.589807258139,0.9940586691093055,111926.37865371474,0.005941330890694485,0.005951411266335138,335.5539996080076,305.3091562457292,112500.55237743916,97.68469387187714,0.005949847564355349,2.560732298473605e-06,336.15347264362225,0.14520461247766614
13.177044300762262,0.10000000000000002,10000000.0,10000.0,10000.046806022048,0.9944534092217845,128498.3756392807,0.00554659077821551,0.005556058728860336,359.46670087928766,327.0727578924072,129157.65723130974,112.1433352490791,0.0055545978434560755,2.3912288325142134e-06,360.1091777563994,0.15557662970375652
41.66947281934956,0.9999999999999999,1e-05,1e-08,0.002412214863468124,0.8750792213633086,0.9982242457279149,0.12492077863669138,-1265132.9551762082,0.0008882716493040357,0.5333424183137897,0.9982246456938775,5.295142945214565e-06,-1893753.2525606318,94984.53488415443,0.0008881002732771003,2.649931786938585e-06
41.66947281934956,0.9999999999999999,1.071519305237607e-05,1.071519305237607e-08,0.0024122162044709736,0.8750786091992082,0.9982242437897008,0.12492139080079179,-1265130.1897400788,0.0008882726192726782,0.5333425926184037,0.9982246437569977,5.295147240899276e-06,-1893748.5616086237,94984.39476196849,0.0008881012426245884,2.6499339392765514e-06
41.66947281934956,0.9999999999999999,1.1481536214968817e-05,1.1481536214968817e-08,0.002412217641380929,0.8750779532547857,0.9982242417128668,0.12492204674521434,-1265127.2265317724,0.0008882736586128616,0.5333427793889367,0.9982246416815934,5.295151843807525e-06,-1893743.5352125363,94984.24464837337,0.000888102281299183,2.649936245547851e-06
41.66947281934956,0.9999999999999999,1.230268770812381e-05,1.2302687708123811e-08,0.0024122191810571282,0.8750772503991309,0.9982242394874993,0.12492274960086913,-1265124.0514083377,0.0008882747722859597,0.5333429795169102,0.9982246394577577,5.295156775911654e-06,-1893738.149389095,94984.08383324194,0.0008881033942590968,2.6499387167616004e-06
41.66947281934956,0.9999999999999999,1.3182567385564074e-05,1.3182567385564074e-08,0.0024122208308492593,0.8750764972773563,0.9982242371029746,0.12492350272264374,-1265120.6492153653,0.0008882759656082448,0.5333431939575808,0.9982246370748747,5.295162060755408e-06,-1893732.378440627,94983.91155631255,0.0008881045868171907,2.6499413647143316e-06
41.66947281934956,0.9999999999999999,1.4125375446227555e-05,1.4125375446227556e-08,0.0024122225986326416,0.8750756902947102,0.9982242345479103,0.12492430970528978,-1265117.0037149687,0.00088827724427617,0.5333434237345701,0.9982246345215695,5.295167723566339e-06,-1893726.1948329685,94983.7270037166,0.0008881058646662765,2.649944202046214e-06
41.66947281934956,0.9999999999999999,1.5135612484362071e-05,1.5135612484362072e-08,0.002412224492845819,0.8750748255993983,0.9982242318101097,0.12492517440060169,-1265113.097508181,0.0008882786143936113,0.5333436699446447,0.9982246317856533,5.29517379137617e-06,-1893719.5690641743,94983.52930423694,0.0008881072339063077,2.6499472423014115e-06
41.66947281934956,0.9999999999999999,1.62181009735893e-05,1.6218100973589297e-08,0.002412226522530838,0.875073899064195,0.9982242288765031,0.12492610093580503,-1265108.9119520492,0.0008882800825009755,0.5333439337630409,0.9982246288540664,5.295180293149906e-06,-1893712.4695240136,94983.31752535517,0.000888108701073501,2.6499504999927414e-06
41.66947281934956,0.9999999999999999,1.7378008287493764e-05,1.7378008287493763e-08,0.0024122286973764042,0.875072906266648,0.9982242257330867,0.12492709373335198,-1265104.4270706207,0.000888281655606453,0.5333442164490275,0.9982246257128145,5.295187259924259e-06,-1893704.8623431693,94983.09066899927,0.0008881102731715841,2.6499539906710184e-06
41.66947281934956,0.9999999999999999,1.8620871366628657e-05,1.8620871366628656e-08,0.0024122310277641386,0.875071842468206,0.9982242223648553,0.12492815753179398,-1265099.6214597241,0.0008882833412194525,0.5333445193519126,0.9982246223469017,5.295194724955314e-06,-1893696.7112324827,94982.84766702045,0.0008881119577051284,2.6499577309991345e-06
41.66947281934956,0.9999999999999999,1.9952623149688786e-05,1.9952623149688786e-08,0.002412233524818116,0.8750707025914117,0.9982242187557301,0.12492929740858827,-1265094.4721849512,0.000888285147386426,0.5333448439175081,0.998224618740261,5.2952027238777815e-06,-1893687.9773098128,94982.587376418,0.000888113762715457,2.649961738831719e-06
41.66947281934956,0.9999999999999999,2.1379620895022323e-05,2.1379620895022322e-08,0.0024122362004579748,0.8750694811957354,0.9982242148884826,0.12493051880426465,-1265088.9546720597,0.0008882870827293591,0.5333451916950236,0.9982246148756757,5.295211294874916e-06,-1893678.6189149779,94982.30857415282,0.0008881156968190135,2.6499660333003456e-06
41.66947281934956,0.9999999999999999,2.2908676527677746e-05,2.2908676527677746e-08,0.0024122390674558014,0.8750681724516621,0.9982242107446518,0.12493182754833787,-1265083.042590069,0.0008882891564868311,0.5333455643444397,0.9982246107346978,5.2952204788605386e-06,-1893668.591411692,94982.00995171447,0.0008881177692484647,2.649970634904804e-06
41.66947281934956,0.9999999999999999,2.4547089156850286e-05,2.4547089156850285e-08,0.0024122421394971003,0.8750667701128028,0.9982242063044569,0.12493322988719724,-1265076.7077254835,0.000888291378558195,0.5333459636444342,0.9982246062975595,5.295230319674816e-06,-1893657.8469749426,94981.69010928691,0.0008881199898968213,2.6499755656110265e-06
41.66947281934956,0.9999999999999999,2.6302679918953814e-05,2.6302679918953814e-08,0.00241224543124611,0.8750652674861986,0.9982242015467017,0.12493473251380138,-1265069.919848037,0.0008882937595507431,0.5333463915008944,0.9982246015430798,5.295240864293132e-06,-1893646.334363808,94981.34754957918,0.0008881223693646096,2.649980848955855e-06
41.66947281934956,0.9999999999999999,2.818382931264455e-05,2.8183829312644547e-08,0.0024122489584157926,0.8750636574002791,0.9982241964486748,0.12493634259972086,-1265062.6465661654,0.0008882963108304843,0.5333468499559683,0.9982245964485625,5.2952521630504156e-06,-1893633.998677466,94980.98067121596,0.0008881249190105281,2.6499865101594667e-06
41.66947281934956,0.9999999999999999,3.0199517204020192e-05,3.0199517204020194e-08,0.0024122527378428386,0.8750619321707683,0.9982241909860402,0.12493806782923167,-1265054.853173024,0.0008882990445762521,0.5333473411978604,0.9982245909896885,5.295264269881496e-06,-1893620.781094492,94980.58776176377,0.0008881276510056214,2.6499925762456914e-06
41.66947281934956,0.9999999999999999,3.235936569296281e-05,3.235936569296281e-08,0.0024122567875680223,0.8750600835639264,0.9982241851327208,0.1249399164360736,-1265046.502480782,0.0008883019738379395,0.5333478675712087,0.998224585140399,5.2952772425784136e-06,-1893606.6185929845,94980.16699028114,0.0008881305783914316,2.6499990761710685e-06
41.66947281934956,0.9999999999999999,3.467368504525317e-05,3.467368504525317e-08,0.002412261126922305,0.8750581027573872,0.9982241788607756,0.12494189724261284,-1265037.5546435073,0.0008883051125987515,0.5333484315883397,0.9982245788727713,5.2952911430661885e-06,-1893591.4436514787,94979.71639945719,0.0008881337151421981,2.6500060409629853e-06
41.66947281934956,0.9999999999999999,3.715352290971728e-05,3.715352290971728e-08,0.002412265776619103,0.8750559802979949,0.9982241721402643,0.12494401970200508,-1265027.9669672349,0.0008883084758419741,0.5333490359411931,0.9982245721568866,5.2953060376988874e-06,-1893575.183927913,94979.23389721174,0.0008881370762316175,2.65001350386785e-06
41.66947281934956,0.9999999999999999,3.9810717055349695e-05,3.9810717055349696e-08,0.0024122707588531455,0.8750537060567515,0.9982241649391058,0.12494629394324852,-1265017.6937065276,0.000888312079622501,0.5333496835141934,0.9982245649606858,5.295321997575868e-06,-1893557.7619162886,94978.71724785745,0.0008881406777043053,2.6500215005097572e-06
41.66947281934956,0.9999999999999999,4.265795188015926e-05,4.265795188015926e-08,0.0024122760974063977,0.8750512691805649,0.9982241572229243,0.12494873081943514,-1265006.6858465238,0.0008883159411434807,0.5333503773980178,0.9982245572498164,5.295339098881084e-06,-1893539.0945789656,94978.1640627431,0.0008881445367523659,2.6500300690604906e-06
41.66947281934956,0.9999999999999999,4.5708818961487516e-05,4.570881896148752e-08,0.002412281817761568,0.8750486580404458,0.9982241489548859,0.12495134195955415,-1264994.890869656,0.0008883200788383656,0.5333511209043168,0.9982245489874698,5.295357423247116e-06,-1893519.092952499,94977.57179028892,0.0008881486717974931,2.650039250421763e-06
41.66947281934956,0.9999999999999999,4.897788193684456e-05,4.897788193684456e-08,0.0024122879472237243,0.8750458601760746,0.9982241400955214,0.12495413982392545,-1264982.2525050936,0.0008883245124590571,0.533351917581512,0.9982245401342044,5.295377058144614e-06,-1893497.661725817,94976.93770551734,0.000888153102578904,2.6500490884204437e-06
41.66947281934956,0.9999999999999999,5.248074602497723e-05,5.248074602497723e-08,0.002412294515050604,0.8750428622364167,0.9982241306025397,0.1249571377635833,-1264968.710461153,0.0008883292631700639,0.5333527712317402,0.9982245306477581,5.295398097299691e-06,-1893474.6987885903,94976.25889906097,0.0008881578502475617,2.6500596300177235e-06
41.66947281934956,0.9999999999999999,5.623413251903491e-05,5.6234132519034905e-08,0.002412301552592243,0.8750396499161138,0.9982241204306248,0.12496035008388617,-1264954.200138136,0.0008883343536495687,0.5333536859289617,0.9982245204828457,5.2954206411413545e-06,-1893450.0947474553,94975.53226544379,0.0008881629374671335,2.650070925533243e-06
41.66947281934956,0.9999999999999999,6.0255958607435806e-05,6.025595860743581e-08,0.002412309093440591,0.8750362078871925,0.9982241095312192,0.1249637921128075,-1264938.6523205976,0.0008883398081977629,0.5333546660384072,0.9982245095909439,5.295444797280977e-06,-1893423.7324078714,94974.75449087546,0.000888168388522228,2.650083028885346e-06
41.66947281934956,0.9999999999999999,6.456542290346549e-05,6.456542290346549e-08,0.0024123171735898072,0.8750325197261788,0.9982240978522936,0.12496748027382121,-1264921.9928483032,0.0008883456528527152,0.5333557162373888,0.9982244979200583,5.295470681025693e-06,-1893395.4862199523,94973.92204039486,0.0008881742294342516,2.6500959978483023e-06
41.66947281934956,0.9999999999999999,6.918309709189363e-05,6.918309709189362e-08,0.0024123258316080423,0.8750285678356884,0.9982240853380964,0.12497143216431161,-1264904.1422630318,0.0008883519155147798,0.5333568415375828,0.9982244854144764,5.2954984159289065e-06,-1893365.2216843427,94973.0311443832,0.000888180488085702,2.650109894328172e-06
41.66947281934956,0.9999999999999999,7.413102413009176e-05,7.413102413009177e-08,0.0024123351088214725,0.8750243333607143,0.9982240719288891,0.12497566663928572,-1264885.0154306563,0.000888358626079754,0.5333580473089474,0.9982244720145007,5.295528134379869e-06,-1893332.7947169899,94972.0777845014,0.0008881871943532086,2.6501247846581695e-06
41.66947281934956,0.9999999999999999,7.943282347242822e-05,7.943282347242822e-08,0.002412345049511507,0.8750197960986481,0.9982240575606609,0.1249802039013519,-1264864.5211361889,0.0008883658165816097,0.533359339305323,0.9982244576561642,5.295559978235653e-06,-1893298.050968278,94971.05767895801,0.0008881943802502345,2.650140739915373e-06
41.66947281934956,0.9999999999999999,8.51138038202376e-05,8.511380382023759e-08,0.0024123557011260883,0.8750149344032282,0.9982240421648226,0.1249850655967718,-1264842.5616502035,0.000888373521345366,0.5333607236918411,0.9982244422709251,5.295594099498075e-06,-1893260.8250951567,94969.96626723299,0.0008882020800798214,2.6501578362598235e-06
41.66947281934956,0.9999999999999999,9.120108393559096e-05,9.120108393559096e-08,0.0024123671145060885,0.8750097250813585,0.9982240256678799,0.12499027491864145,-1264819.0322641118,0.0008883817771510053,0.5333622070743179,0.9982244257853397,5.295630661039165e-06,-1893220.939981415,94968.79869424281,0.0008882103305983891,2.65017615529807e-06
41.66947281934956,0.9999999999999999,9.772372209558111e-05,9.772372209558111e-08,0.002412379344127903,0.8750041432826903,0.9982240079910817,0.12499585671730973,-1264793.8207926126,0.00088839062340904,0.5333637965307498,0.9982244081207111,5.295669837378452e-06,-1893178.2059033527,94967.54979392368,0.0008882191711912036,2.6501957844726363e-06
41.66947281934956,0.9999999999999999,0.00010471285480508996,1.0471285480508996e-07,0.0024123924483633644,0.8749981623812735,0.9982239890500445,0.12500183761872652,-1264766.807040754,0.000888400102348647,0.5333654996450227,0.9982243891927136,5.295711815516068e-06,-1893132.4196368558,94966.2140723655,0.0008882286440604121,2.6502168174793584e-06
41.66947281934956,0.9999999999999999,0.0001122018454301963,1.122018454301963e-07,0.0024124064897582476,0.8749917538489713,0.9982239687543502,0.12500824615102868,-1264737.8622331228,0.0008884102592192659,0.53336732454305,0.9982243689109919,5.295756795824742e-06,-1893083.3635024736,94964.78569058658,0.000888238794426445,2.650239354714434e-06
41.66947281934956,0.9999999999999999,0.00012022644346174131,1.2022644346174132e-07,0.00241242153533067,0.874984887119468,0.9982239470071131,0.12501511288053202,-1264706.8484024839,0.0008884211425066253,0.5333692799314961,0.998224347178727,5.2958049930065145e-06,-1893030.8043424888,94963.25844685934,0.0008882496707440067,2.6502635037537074e-06
41.66947281934956,0.9999999999999999,0.00012882495516931337,1.2882495516931338e-07,0.0024124376568908207,0.8749775294431074,0.9982239237045192,0.12502247055689264,-1264673.6177351375,0.000888432804164188,0.5333713751392382,0.9982243238921757,5.2958566371167945e-06,-1892974.4924281714,94961.62575900083,0.0008882613249332692,2.6502893798658527e-06
41.66947281934956,0.9999999999999999,0.00013803842646028838,1.380384264602884e-07,0.002412454931383538,0.8749696457309203,0.9982238987353285,0.1250303542690797,-1264638.011869655,0.0008884452998612201,0.5333736201618038,0.9982242989401752,5.2959119746627194e-06,-1892914.1602892897,94959.88064641083,0.0008882738126278347,2.6503171065625902e-06
41.66947281934956,0.9999999999999999,0.00014791083881682073,1.4791083881682074e-07,0.002412473441255355,0.8749611983878691,0.9982238719803456,0.12503880161213088,-1264599.8611462922,0.000888458689248471,0.533376025708953,0.998224272203612,5.2959712697792555e-06,-1892849.5214634163,94958.01571243424,0.0008882871934402753,2.650346816187997e-06
41.66947281934956,0.9999999999999999,0.00015848931924611142,1.584893192461114e-07,0.002412493274847786,0.8749521471340838,0.99822384331185,0.12504785286591624,-1264558.9838026592,0.0008884730362430636,0.5333786032556929,0.9982242435548537,5.2960348054894255e-06,-1892780.2691575484,94956.02312680555,0.000888301531246746,2.650378650550069e-06
41.66947281934956,0.9999999999999999,0.00016982436524617443,1.6982436524617443e-07,0.002412514526818698,0.874942448813457,0.9982238125929864,0.12505755118654305,-1264515.1851130745,0.0008884884093335471,0.5333813650968634,0.998224212857139,5.296102885055006e-06,-1892706.0748175525,94953.89460886727,0.0008883168944919175,2.6504127615973595e-06
41.66947281934956,0.9999999999999999,0.00018197008586099826,1.8197008586099827e-07,0.002412537298593796,0.8749320571885517,0.9982237796771115,0.12506794281144828,-1264468.256466761,0.0008885048819068743,0.5333843244056938,0.9982241799639257,5.296175833423697e-06,-1892626.5865983563,94951.62141160802,0.0008883333565157644,2.6504493121440657e-06
41.66947281934956,0.9999999999999999,0.00019498445997580456,1.9498445997580455e-07,0.0024125616988503466,0.8749209227210724,0.9982237444070935,0.12507907727892764,-1264417.9743808082,0.0008885225325988001,0.5333874952964391,0.9982241447181901,5.296253998779068e-06,-1892541.4277290371,94949.19430695096,0.0008883509959036584,2.6504884766468193e-06
41.66947281934956,0.9999999999999999,0.00020892961308540387,2.0892961308540387e-07,0.0024125878440354664,0.8749089923366588,0.9982237066145621,0.12509100766334125,-1264364.0994437295,0.0008885414456692485,0.5333908928915444,0.9982241069516781,5.29633775420252e-06,-1892450.1947653354,94946.60357282466,0.0008883698968615568,2.6505304420370937e-06
41.66947281934956,0.9999999999999999,0.00022387211385683378,2.2387211385683377e-07,0.002412615858921409,0.8748962091729335,0.9982236661191057,0.12510379082706646,-1264306.375184207,0.0008885617114046321,0.5333945333935615,0.9982240664841019,5.29642749945264e-06,-1892352.4557222002,94943.83898242498,0.0008883901496180433,2.6505754086131034e-06
41.66947281934956,0.9999999999999999,0.000239883291901949,2.39883291901949e-07,0.0024126458772005324,0.874882512309835,0.9982236227274083,0.12511748769016495,-1264244.5268602807,0.0008885834265488968,0.5333984341621872,0.9982240231222788,5.296523662872848e-06,-1892247.7480791449,94940.88979638873,0.0008884118508550663,2.650623590995378e-06
41.66947281934956,0.9999999999999999,0.0002570395782768865,2.570395782768865e-07,0.002412678042122727,0.8748678364807208,0.9982235762323274,0.12513216351927925,-1264178.2601634676,0.0008886066947653467,0.5334026137967486,0.9982239766592093,5.296626703434642e-06,-1892135.576649647,94937.74475867132,0.0008884351041695335,2.6506752191506697e-06
41.66947281934956,0.9999999999999999,0.0002754228703338166,2.7542287033381663e-07,0.0024127125071782924,0.874852111763067,0.9982235264119058,0.125147888236933,-1264107.2598316753,0.0008886316271315398,0.5334070922246117,0.9982239268730886,5.296737112927066e-06,-1892015.4113061547,94934.39209683676,0.0008884600205678656,2.6507305394889093e-06
41.66947281934956,0.9999999999999999,0.0002951209226666384,2.951209226666384e-07,0.002412749436829837,0.874835263247142,0.9982234730283104,0.125164736752858,-1264031.1881640453,0.0008886583426698214,0.5334118907958376,0.9982238735262479,5.296855418303237e-06,-1891886.684550643,94930.81952797543,0.0008884867189961251,2.65078981603898e-06
41.66947281934956,0.9999999999999999,0.00031622776601683794,3.162277660168379e-07,0.0024127890072960893,0.8748172106814576,0.9982234158266982,0.12518278931854243,-1263949.6834329406,0.000888686968915359,0.533417032384548,0.9982238163640191,5.296982184193347e-06,-1891748.7889230126,94927.01427142651,0.0008885153269078047,2.65085333170793e-06
41.66947281934956,0.9999999999999999,0.00033884415613920273,3.3884415613920274e-07,0.0024128314073922266,0.8747978680928123,0.9982233545339971,0.12520213190718765,-1263862.3581827476,0.0008887176425255119,0.5334225414975607,0.9982237551135189,5.297118015599715e-06,-1891601.074233874,94922.96306965876,0.0008885459808726877,2.650921389631132e-06
41.66947281934956,0.9999999999999999,0.0003630780547701014,3.630780547701014e-07,0.002412876839427745,0.874777143380655,0.9982232888576074,0.12522285661934496,-1263768.797415419,0.0008887505099307991,0.533428444390412,0.9982236894823484,5.297263560775639e-06,-1891442.8446215931,94918.65221925032,0.0008885788272274889,2.650994314614978e-06
41.66947281934956,0.9999999999999999,0.00038904514499428044,3.8904514499428043e-07,0.0024129255201734805,0.8747549378804859,0.9982232184839978,0.12524506211951414,-1263668.5566384497,0.0008887857280362766,0.5334347691922648,0.9982236191571927,5.2974195143268e-06,-1891273.3553968281,94914.06761330497,0.0008886140227767373,2.6510724546908042e-06
41.66947281934956,0.9999999999999999,0.0004168693834703355,4.168693834703355e-07,0.0024129776818923865,0.8747311458988994,0.9982231430772135,0.12526885410110056,-1263561.1597877555,0.0008888234649692583,0.533441546039013,0.9982235438023281,5.297586620517814e-06,-1891091.8096976602,94909.19479846723,0.0008886517355400059,2.6511561827714156e-06
41.66947281934956,0.9999999999999999,0.00044668359215096305,4.4668359215096306e-07,0.002413033573446483,0.8747056542147021,0.9982230622772695,0.12529434578529786,-1263446.0970009335,0.000888863900882354,0.5334488072160747,0.998223463058018,5.297765676822014e-06,-1890897.3549169758,94904.0190484972,0.0008886921455545055,2.651245898430147e-06
41.66947281934956,0.9999999999999999,0.00047863009232263805,4.786300923226381e-07,0.0024130934614822065,0.8746783415450707,0.9982229756984338,0.12532165845492926,-1263322.8222363687,0.0008889072288138292,0.5334565873113457,0.9982233765387958,5.297957537724897e-06,-1890689.0788996483,94898.52545783088,0.0008887354457347717,2.6513420298062117e-06
41.66947281934956,0.9999999999999999,0.0005128613839913648,5.128613839913648e-07,0.002413157631700255,0.8746490779743884,0.9982228829273835,0.1253509220256116,-1263190.7507284314,0.0008889536556091898,0.5334649233788392,0.9982232838316234,5.298163118797631e-06,-1890466.0058954265,94892.69905864201,0.0008887818427937698,2.651445035645954e-06
41.66947281934956,0.9999999999999999,0.0005495408738576248,5.495408738576248e-07,0.002413226390216044,0.8746177243428768,0.9982227835212324,0.12538227565712323,-1263049.2562661404,0.0008890034029089706,0.5334738551140055,0.99822318449392,5.29838340106217e-06,-1890227.0922530773,94886.52496564426,0.0008888315582300168,2.651555407490076e-06
41.66947281934956,0.9999999999999999,0.0005888436553555889,5.888436553555889e-07,0.002413300065016609,0.8745841315925775,0.9982226770054168,0.12541586840742247,-1262897.6682852488,0.000889056708206881,0.5334834250412614,0.9982230780514484,5.29861943566699e-06,-1889971.2218439756,94879.98855348612,0.0008888848293849953,2.6516736720162365e-06
41.66947281934956,0.9999999999999999,0.000630957344480193,6.30957344480193e-07,0.0024133790075224816,0.8745481400671409,0.9982225628714269,0.12545185993285912,-1262735.268758627,0.0008891138259843391,0.533493678714976,0.9982229639960496,5.298872348899192e-06,-1889697.2011957816,94873.07567234556,0.0008889419105770375,2.651800393550697e-06
41.66947281934956,0.9999999999999999,0.0006760829753919819,6.760829753919819e-07,0.002413463594259344,0.8745095787634526,0.9982224405743815,0.1254904212365474,-1262561.288876325,0.0008891750289252426,0.5335046649343741,0.9982228417832177,5.2991433475505905e-06,-1889403.7543304896,94865.77290844421,0.000889003074315258,2.6519361767568374e-06
41.66947281934956,0.9999999999999999,0.0007244359600749898,7.244359600749898e-07,0.0024135542286496596,0.8744682645304415,0.9982223095304243,0.12553173546955854,-1262374.9054970362,0.0008892406092183473,0.5335164359736966,0.9982227108294986,5.2994337246696214e-06,-1889089.5172836396,94858.0678968884,0.0008890686126011416,2.6520816695171978e-06
41.66947281934956,0.9999999999999999,0.0007762471166286912,7.762471166286911e-07,0.002413651342931559,0.8744240012124378,0.9982221691139358,0.1255759987875622,-1262175.2373585904,0.0008893108799526778,0.5335290478285293,0.9982225705097042,5.299744865721926e-06,-1888753.0322951614,94849.94969578357,0.0008891388383229916,2.6522375660205963e-06
41.66947281934956,0.9999999999999999,0.0008317637711026709,8.317637711026709e-07,0.00241375540021426,0.8743765787330854,0.998222018654546,0.12562342126691461,-1261961.3410320252,0.000889386176612644,0.5335425604793704,0.998222420153926,5.300078255191563e-06,-1888392.7416561823,94841.40923180997,0.0008892140867501587,2.652404610069446e-06
41.66947281934956,0.9999999999999999,0.0008912509381337459,8.912509381337459e-07,0.002413866896679696,0.8743257721155916,0.9982218574339319,0.1256742278844084,-1261732.2066019506,0.0008894668586803631,0.5335570381737069,0.9982222590443375,5.300435483652367e-06,-1888006.9811971858,94832.43982905985,0.0008892947171342951,2.6525835986231044e-06
41.66947281934956,0.9999999999999999,0.0009549925860214359,9.549925860214358e-07,0.002413986363940679,0.8742713404354802,0.9982216846823887,0.12572865956451984,-1261486.7530569695,0.0008895533113525244,0.5335725497278077,0.998222086411763,5.3008182553434185e-06,-1887593.973405015,94823.03783486357,0.0008893811144251015,2.6527753855937343e-06
41.66947281934956,0.9999999999999999,0.0010232929922807535,1.0232929922807535e-06,0.0024141143715666635,0.874213025700903,0.9982214995751514,0.12578697429909702,-1261223.8233716025,0.0008896459473801893,0.5335891688496487,0.9982219014320066,5.301228396285338e-06,-1887151.8201547908,94813.20335837976,0.0008894736911089888,2.6529808859129663e-06
41.66947281934956,0.9999999999999999,0.0010964781961431851,1.096478196143185e-06,0.002414251529788925,0.8741505516563259,0.9982213012284566,0.12584944834367406,-1260942.1792610881,0.0008897452090402223,0.533606974484288,0.9982217032219145,5.301667862973844e-06,-1886678.495046848,94802.94114043305,0.0008895728891791691,2.653201079888147e-06
41.66947281934956,0.9999999999999999,0.001174897554939529,1.1748975549395291e-06,0.0024143984923978437,0.874083622503673,0.9982210886953212,0.125916377496327,-1260640.4955888172,0.0008898515702479261,0.5336260511833982,0.9982214908351565,5.3021387516943486e-06,-1886171.8353361934,94792.26157566294,0.0008896791822470206,2.6534370178694283e-06
41.66947281934956,0.9999999999999999,0.0012589254117941675,1.2589254117941674e-06,0.002414555959845759,0.8740119215366365,0.9982208609610187,0.12598807846336346,-1260317.3544061955,0.0008899655388208029,0.5336464895003651,0.9982212632577055,5.302643308498377e-06,-1885629.533449212,94781.1819115874,0.000889793077804311,2.653689825248896e-06
41.66947281934956,0.9999999999999999,0.0013489628825916532,1.348962882591653e-06,0.002414724682569953,0.873935109681524,0.9982206169382315,0.126064890318476,-1259971.2386027256,0.0008900876589044812,0.5336683864128416,0.9982210194029945,5.3031839398921796e-06,-1885049.1280796195,94769.72765307235,0.0008899151196475972,2.6539607078161287e-06
41.66947281934956,0.9999999999999999,0.001445439770745928,1.445439770745928e-06,0.0024149054645511508,0.8738528239393791,0.9982203554618575,0.12614717606062087,-1259600.5251443707,0.0008902185135722185,0.533691845774563,0.9982207581067246,5.303763224284824e-06,-1884427.9948628927,94757.93420494525,0.0008900458904760548,2.6542509574948345e-06
41.66947281934956,0.9999999999999999,0.0015488166189124811,1.548816618912481e-06,0.002415099167124135,0.8737646757226121,0.9982200752834427,0.12623532427738793,-1259203.477876318,0.0008903587276106168,0.53371697879829,0.998220478121303,5.304383924252634e-06,-1883763.3366297456,94745.84879089957,0.0008901860146753918,2.65456195848798e-06
41.66947281934956,0.9999999999999999,0.0016595869074375598,1.6595869074375599e-06,0.002415306713058113,0.8736702490798347,0.998219775065217,0.1263297509201653,-1258778.239866395,0.0008905089705047534,0.5337439045720308,0.9982201781098836,5.305048999674751e-06,-1883052.1732455892,94733.53269266318,0.0008903361613010453,2.654895193860067e-06
41.66947281934956,0.9999999999999999,0.0017782794100389228,1.7782794100389227e-06,0.0024155290909257444,0.87356909880164,0.9982194533737027,0.12643090119835998,-1258322.8252639861,0.0008906699596371294,0.5337727506106881,0.9982198566399769,5.305761621804154e-06,-1882291.331047598,94721.06386039122,0.0008904970472750607,2.655252252587701e-06
41.66947281934956,0.9999999999999999,0.0019054607179632462,1.9054607179632462e-06,0.0024157673597810002,0.8734607484002115,0.9982191086728639,0.12653925159978852,-1257835.1106492195,0.0008908424637156649,0.5338036534454699,0.9982195121766078,5.306525188338293e-06,-1881477.4318992174,94708.53995337745,0.0008906694408118818,2.655634837111412e-06
41.66947281934956,0.9999999999999999,0.0020417379446695297,2.04173794466953e-06,0.0024160226541674107,0.873344687954897,0.9982187393167662,0.12665531204510305,-1257312.8258461077,0.000891027306447277,0.533836759253501,0.9982191430749787,5.307343339561497e-06,-1880606.8818895144,94696.08187942841,0.0008908541650895566,2.65604477142428e-06
41.66947281934956,0.9999999999999999,0.002187761623949552,2.187761623949552e-06,0.0024162961894797228,0.8732203718158391,0.9982183435417118,0.1267796281841609,-1256753.5441734465,0.0008912253704745781,0.5338722245301957,0.9982187475726086,5.308219975633331e-06,-1879675.8597156964,94683.83791209954,0.0008910521021838901,2.6564840097351524e-06
41.66947281934956,0.9999999999999999,0.0023442288153199225,2.3442288153199226e-06,0.002416589267703533,0.8730872161571929,0.9982179194578084,0.12691278384280713,-1256154.6721067294,0.0008914376015946222,0.5339102168072312,0.9982183237809112,5.309159275104899e-06,-1878680.3047992336,94671.98847781113,0.0008912641972844452,2.656954645747034e-06
41.66947281934956,0.9999999999999999,0.0025118864315095794,2.5118864315095793e-06,0.0024169032835591503,0.8729445963710705,0.9982174650399359,0.12705540362892953,-1255513.438324394,0.0008916650132799701,0.5339509154188528,0.9982178696761657,5.310165714749496e-06,-1877615.9052001333,94660.75171941657,0.0008914914632126801,2.657458922594101e-06
41.66947281934956,0.9999999999999999,0.002691534803926914,2.6915348039269138e-06,0.0024172397310776536,0.8727918442933938,0.9982169781180666,0.12720815570660615,-1254826.8821124372,0.0008919086915236504,0.5339945123197131,0.9982173830898435,5.311244090799098e-06,-1876478.0854126231,94650.38996011583,0.0008917349852637703,2.657999243483474e-06
41.66947281934956,0.9999999999999999,0.0028840315031266055,2.8840315031266055e-06,0.0024176002106390355,0.8726282452519442,0.9982164563668894,0.12737175474805584,-1254091.8411012543,0.0008921698000314258,0.534041212957247,0.9982168616982405,5.312399541686787e-06,-1875261.9941444222,94641.21721154856,0.0008919959263955135,2.658578183091566e-06
41.66947281934956,0.9999999999999999,0.003090295432513589,3.090295432513589e-06,0.0024179864365042494,0.8724530349269263,0.9982158972946906,0.12754696507307373,-1253304.9383099463,0.0008924495857863105,0.5340912372021401,0.9982163030113665,5.313637572400134e-06,-1873962.4922075323,94633.60789358283,0.0008922755327892213,2.6591984997679383e-06
41.66947281934956,0.9999999999999999,0.003311311214825911,3.311311214825911e-06,0.002418400244875134,0.8722653960143751,0.9982152982314406,0.12773460398562486,-1252462.5684752825,0.0008927493850118944,0.5341448203402522,0.998215704361038,5.314964080559143e-06,-1872574.1406780055,94628.00696068704,0.0008925751398091762,2.659863148603118e-06
41.66947281934956,0.9999999999999999,0.0035481338923357532,3.5481338923357534e-06,0.002418843602518419,0.8720644546816555,0.9982146563160225,0.1279355453183445,-1251560.8836430244,0.000893070629563467,0.5342022141296655,0.9982150628881176,5.316385384338596e-06,-1871091.1895145401,94624.94166223201,0.0008928961783895907,2.6605752954213238e-06
41.66947281934956,0.9999999999999999,0.0038018939632056127,3.801893963205613e-06,0.0024193186159923476,0.8718492768049996,0.998213968482546,0.12815072319500043,-1250595.7780032377,0.0008934148537775255,0.5342636879267989,0.9982143755288369,5.317908252365198e-06,-1869507.566869067,94625.03520206554,0.0008932401818796123,2.6613383317625343e-06
41.66947281934956,0.9999999999999999,0.004073802778041126,4.0738027780411255e-06,0.0024198275415159365,0.8716188639789334,0.998213231445682,0.1283811360210666,-1249562.8719563608,0.0008937837018118003,0.5343295298853654,0.9982136390001413,5.3195399357228666e-06,-1867816.8693732438,94629.02260768863,0.0008936087933786403,2.6621558909214355e-06
41.66947281934956,0.9999999999999999,0.004365158322401657,4.365158322401657e-06,0.002420372795529097,0.8713721492848353,0.9982124416849392,0.1286278507151647,-1248457.4953883314,0.0008941789355148132,0.5344000482328006,0.9982128497839777,5.32128820222885e-06,-1866012.3537239379,94637.76917250031,0.0008940037736006459,2.6630318651244626e-06
41.66947281934956,0.9999999999999999,0.004677351412871981,4.677351412871981e-06,0.0024209569659806723,0.871107992812481,0.9982115954278195,0.12889200718751903,-1247274.6701686685,0.0008946024428556391,0.5344755726274794,0.9982120041104623,5.323161373107228e-06,-1864086.9300065245,94652.29189760091,0.0008944270092985162,2.6639704239085646e-06
41.66947281934956,0.9999999999999999,0.005011872336272719,5.011872336272719e-06,0.0024215828244049586,0.8708251769190043,0.9982106886317591,0.1291748230809957,-1246009.091847299,0.0008950562469630999,0.5345564556022017,0.9982110979398334,5.3251683622640105e-06,-1862033.1572075994,94673.78443479342,0.0008948805222972365,2.6649760338038966e-06
41.66947281934956,0.9999999999999999,0.005370317963702527,5.370317963702527e-06,0.0024222533388314413,0.8705224012188357,0.9982097169647738,0.12947759878116427,-1244655.1105742352,0.0008955425158119756,0.5346430740977938,0.9982101269431113,5.32731871831734e-06,-1859843.241530548,94703.6461221294,0.0008953664791738166,2.666053479397718e-06
41.66947281934956,0.9999999999999999,0.005754399373371567,5.754399373371567e-06,0.0024229716875865163,0.8701982772934067,0.9982086757847148,0.1298017227065933,-1243206.7112508449,0.0008960635726056355,0.5347358310916505,0.9982090864813689,5.329622669584394e-06,-1857509.038208034,94743.51581081687,0.0008958872016330264,2.667207885880361e-06
41.66947281934956,0.9999999999999999,0.006165950018614822,6.165950018614822e-06,0.0024237412740459106,0.8698513231118997,0.9982075601170346,0.13014867688810028,-1241657.4929410391,0.0008966219069046608,0.5348351573258922,0.9982079715835118,5.332091172227287e-06,-1855022.0576596207,94795.31131204394,0.0008964451776287386,2.668444743174757e-06
41.66947281934956,0.9999999999999999,0.006606934480075957,6.606934480075958e-06,0.0024245657424006007,0.8694799571548493,0.9982063646309522,0.13052004284515073,-1240000.6475807494,0.0008972201865555106,0.5349415131398292,0.998206776922463,5.334735961775299e-06,-1852373.4770118375,94861.275448806,0.000897043073284745,2.6697699317586808e-06
41.66947281934956,0.9999999999999999,0.00707945784384138,7.07945784384138e-06,0.0024254489945027663,0.86908249223324,0.9982050836139064,0.13091750776676003,-1238228.9380383682,0.0008978612704772686,0.5350553904115664,0.9982054967896324,5.337569608256181e-06,-1849554.158205878,94944.02988873787,0.0008976837456729575,2.6711897502962627e-06
41.66947281934956,0.9999999999999999,0.007585775750291836,7.585775750291836e-06,0.002426395207862309,0.8686571289976054,0.9982037109441717,0.1313428710023946,-1236334.6755972393,0.0008985482223681461,0.5351773146133803,0.9982041250675526,5.3406055751831e-06,-1846554.6741728648,95046.63816661252,0.0008983702565109252,2.6727109452027315e-06
41.66947281934956,0.9999999999999999,0.008128305161640988,8.128305161640988e-06,0.0024274088548685052,0.8682019491327359,0.9982022400615002,0.13179805086726415,-1234309.6969481646,0.0008992843253988704,0.5353078469855095,0.998202655200543,5.343858282662006e-06,-1843365.3448681897,95172.6795920908,0.000899105886845416,2.6743407422748424e-06
41.66947281934956,0.9999999999999999,0.008709635899560805,8.709635899560804e-06,0.0024284947233157088,0.8677149082361623,0.9982006639356532,0.13228509176383774,-1232145.3408042144,0.0009000730979642452,0.5354475868328896,0.9982010801632624,5.3473431748992065e-06,-1839976.2853435408,95326.33609274258,0.0008998941527934894,2.676086880527861e-06
41.66947281934956,0.9999999999999999,0.009332543007969905,9.332543007969904e-06,0.002429657938316395,0.8671938283807034,0.9981989750326626,0.13280617161929664,-1229832.4242745326,0.0009009183105698375,0.5355971739489833,0.9981993924269961,5.351076792409592e-06,-1836377.4685157337,95512.49448451556,0.0009007388224179501,2.6779576483893117e-06
41.66947281934956,0.9999999999999999,0.01,1e-05,0.0024309039856894956,0.8666363903647184,0.9981971652786614,0.1333636096352816,-1227361.2191631284,0.0009018240039363098,0.5357572911708556,0.9981975839235109,5.355076849242254e-06,-1832558.8058959078,95736.86721644984,0.0009016439338195472,2.6799619224092307e-06
41.66947281934956,0.9999999999999999,0.01071519305237606,1.071519305237606e-05,0.0024322387369167158,0.8660401256567101,0.9981952260211039,0.13395987434328993,-1224721.4283910699,0.0009027945084101978,0.5359286670688468,0.9981956460063058,5.359362315564913e-06,-1828510.2503051222,96006.13533884207,0.0009026138145346977,2.682109208657343e-06
41.66947281934956,0.9999999999999999,0.01148153621496883,1.1481536214968829e-05,0.002433668475764401,0.8654024080456805,0.9981931479871874,0.13459759195431953,-1221902.1627786288,0.0009038344647761264,0.5361120787740781,0.9981935694090613,5.363953505965471e-06,-1824221.9255774869,96328.11834009831,0.0009036531023337562,2.684409686987941e-06
41.66947281934956,0.9999999999999999,0.012302687708123811,1.230268770812381e-05,0.0024351999266736144,0.8647204450129451,0.9981909212392684,0.1352795549870549,-1218891.9184637258,0.0009049488465731978,0.5363083549460914,0.9981913442010903,5.368872173856217e-06,-1819684.2895029217,96711.97665180042,0.0009047667675222773,2.6868742583653148e-06
41.66947281934956,0.9999999999999999,0.013182567385564075,1.3182567385564074e-05,0.0024368402850264413,0.8639912688468965,0.9981885351270563,0.13600873115310352,-1215678.555280492,0.0009061429840255566,0.5365183788824529,0.9981889597395652,5.374141612387513e-06,-1814888.337887316,97168.45412284427,0.000905960136855374,2.6895145954548084e-06
41.66947281934956,0.9999999999999999,0.01412537544622754,1.412537544622754e-05,0.0024385972493999168,0.8632117275294207,0.9981859782363477,0.13678827247057934,-1212249.276476191,0.0009074225897042825,0.536743091770575,0.998186404618291,5.3797867623011005e-06,-1809825.8597433432,97710.16973576265,0.000907238919182243,2.6923431966945857e-06
41.66947281934956,0.9999999999999999,0.015135612484362071,1.5135612484362071e-05,0.00244047905593062,0.8623784754271366,0.9981832383340424,0.13762152457286336,-1208590.6101883934,0.0009087937860515724,0.5369834960821148,0.9981836666127615,5.385834327196385e-06,-1804489.7564246468,98351.97046026592,0.000908609232951488,2.695373444086984e-06
41.66947281934956,0.9999999999999999,0.0162181009735893,1.62181009735893e-05,0.0024424945149065596,0.8614879638345454,0.9981803023091773,0.1385120361654546,-1204688.3931910463,0.0009102631348986924,0.5372406591071696,0.9981807326212369,5.392312896677529e-06,-1798874.4413182898,99111.36065550888,0.0009100776357088343,2.69861966494356e-06
41.66947281934956,0.9999999999999999,0.017378008287493744,1.7378008287493744e-05,0.0024446530497218787,0.8605364314192603,0.9981771561096752,0.13946356858073972,-1200527.7574583022,0.0009118376691298259,0.5375157166255954,0.9981775886015392,5.399253077920047e-06,-1792976.341759314,100009.02822067082,0.000911651155739289,2.702097197855169e-06
41.66947281934956,0.9999999999999999,0.018620871366628676,1.8620871366628678e-05,0.0024469647383258773,0.8595198946349345,0.9981737846744948,0.1404801053650655,-1196093.1201864628,0.0009135249266484067,0.5378098767099648,0.9981742195032546,5.406687636197615e-06,-1786794.5318100555,101069.49427086275,0.0009133373260099649,2.705822463158857e-06
41.66947281934956,0.9999999999999999,0.01995262314968879,1.995262314968879e-05,0.0024494403573070197,0.858434138177178,0.9981701718608419,0.14156586182282205,-1191368.1779854393,0.0009153329868174509,0.5381244236527357,0.9981706091949973,5.414651644957072e-06,-1780331.5341382464,102321.92228174538,0.0009151442205851115,2.7098130381969156e-06
41.66947281934956,0.9999999999999999,0.021379620895022326,2.1379620895022326e-05,0.0024520914287572484,0.8572747055718971,0.9981663003660715,0.1427252944281029,-1186335.906035465,0.0009172705095581371,0.5384607220078189,0.998166740386373,5.423182646060934e-06,-1773594.3426613747,103801.13557140654,0.0009170804936974457,2.7140877376799556e-06
41.66947281934956,0.9999999999999999,0.022908676527677724,2.2908676527677725e-05,0.002454930270067045,0.8560368900000066,0.9981621516438863,0.1439631099999934,-1180978.5630915628,0.0009193467773053467,0.5388202207337742,0.9981625945442387,5.432320820855624e-06,-1766595.7366498953,105548.9104553554,0.0009191554216743535,2.718666699484922e-06
41.66947281934956,0.9999999999999999,0.024547089156850284,2.4547089156850282e-05,0.002457970046806807,0.8547157254783159,0.9981577058144022,0.14528427452168413,-1175277.7033070133,0.0009215717400349226,0.5392044574228209,0.9981581518028393,5.442109172763071e-06,-1759355.9843018209,107615.63914797272,0.0009213789479334215,2.7235714762394693e-06
41.66947281934956,0.9999999999999999,0.026302679918953815,2.6302679918953814e-05,0.0024612248288547953,0.8533059785347623,0.9981529415676199,0.1466940214652377,-1169214.195939962,0.000923956063593797,0.5396150625959291,0.9981533908673513,5.452593722134939e-06,-1751905.0736113596,110062.49573195462,0.0009237617312783412,2.7288251330646774e-06
41.66947281934956,0.9999999999999999,0.028183829312644522,2.818382931264452e-05,0.0024647096499367097,0.8518021405343529,0.9981478360598028,0.14819785946564712,-1162768.2540964326,0.0009265111815833304,0.5400537640405161,0.998148288910343,5.463823714155013e-06,-1744285.667271595,112964.29697439705,0.0009263151977453579,2.734452351871729e-06
41.66947281934956,0.9999999999999999,0.03019951720402016,3.019951720402016e-05,0.0024684405707460235,0.8501984208332667,0.9981423648022243,0.1498015791667333,-1155919.4737517666,0.0009292493510661013,0.5405223911624611,0.9981428214606066,5.475851840619973e-06,-1736557.0670433263,116413.33819235557,0.0009290515962702075,2.740479542631443e-06
41.66947281934956,0.9999999999999999,0.03235936569296281,3.2359365692962816e-05,0.0024724347458183337,0.8484887409599853,0.9981365015416963,0.15151125904001472,-1148646.8843739936,0.0009321837123886949,0.541022879319115,0.9981369622837826,5.488734476482843e-06,-1728800.6090019862,120524.62040470242,0.0009319840584678211,2.7469349620617346e-06
41.66947281934956,0.9999999999999999,0.034673685045253165,3.467368504525317e-05,0.0024767104943365552,0.8466667300451233,0.9981302181322547,0.15333326995487673,-1140929.0125453784,0.0009353283534370572,0.5415572740946395,0.9981306832541442,5.502531932094905e-06,-1721127.123777422,125443.09821411813,0.0009351266628412011,2.7538488402054673e-06
41.66947281934956,0.9999999999999999,0.03715352290971724,3.715352290971724e-05,0.002481287375047054,0.8447257217456285,0.998123484397311,0.15527427825437146,-1132743.9600364806,0.000938698378667542,0.5421277354726137,0.9981239542168608,5.517308722140638e-06,-1713687.436015339,131353.919049948,0.0009384945037621325,2.7612535154004405e-06
41.66947281934956,0.9999999999999999,0.03981071705534969,3.9810717055349695e-05,0.002486186265469679,0.8426587529325518,0.9981162679815332,0.15734124706744823,-1124069.4978261893,0.0009423099832857504,0.5427365418544529,0.9981167428399953,5.533133852322263e-06,-1706687.4344790424,138497.18331018166,0.0009421037655957004,2.7691835781754807e-06
41.66947281934956,0.9999999999999999,0.04265795188015926,4.265795188015926e-05,0.00249142944558716,0.840458564436685,0.9981085341916469,0.15954143556331501,-1114883.177575114,0.0009461805329770083,0.5433860938650035,0.9981090144554373,5.550081124919807e-06,-1700410.1819319339,147189.69500544792,0.0009459718023719461,2.777676024640292e-06
41.66947281934956,0.9999999999999999,0.04570881896148747,4.570881896148747e-05,0.0024970406862015204,0.8381176041692906,0.9981002458252872,0.1618823958307094,-1105162.4620406567,0.0009503286496275051,0.5440789178791108,0.9981007318878896,5.568229464421296e-06,-1695249.1601949316,157857.80160507656,0.0009501172234433724,2.786770419974602e-06
41.66947281934956,0.9999999999999999,0.04897788193684461,4.897788193684461e-05,0.002503045342147052,0.835628032958526,0.998091362986944,0.16437196704147405,-1094884.8758641693,0.000954774303513339,0.5448176691948511,0.9980918552709683,5.587663264502121e-06,-1691759.6630110417,171088.34208908508,0.0009545599856050905,2.7965090726622143e-06
41.66947281934956,0.9999999999999999,0.05248074602497723,5.248074602497723e-05,0.0025094704505514175,0.8329817334619966,0.9980818428899694,0.16701826653800345,-1084028.1780525527,0.0009595389124775467,0.5456051347709606,0.9980823418493723,5.6084727577166914e-06,-1690740.7865284588,187710.1622959765,0.0009593214921973055,2.806937220160965e-06
41.66947281934956,0.9999999999999999,0.056234132519034905,5.623413251903491e-05,0.002516344834334929,0.8301703225353115,0.9980716396435224,0.16982967746468847,-1072570.5573174292,0.0009646454486596145,0.5464442354367609,0.9980721457660057,5.6307544093531726e-06,-1693371.0543002076,208929.24602213866,0.0009644246997539967,2.818103226743033e-06
41.66947281934956,0.9999999999999999,0.060255958607435746,6.0255958607435745e-05,0.0025236992111560756,0.8271851674430699,0.9980607040231966,0.1728148325569301,-1060490.851176836,0.0009701185534055475,0.5473380274763499,0.9980612178327977,5.654611337058664e-06,-1701442.3974082586,236562.1953358709,0.0009698942328254681,2.830058794320611e-06
41.66947281934956,0.9999999999999999,0.06456542290346556,6.456542290346556e-05,0.0025315663079706267,0.8240174063249391,0.998048983224035,0.17598259367506086,-1047768.7894881543,0.0009759846610117766,0.5482897034745643,0.9980495052839272,5.680153757821517e-06,-1717784.3270187012,273459.91008641897,0.0009757565076273781,2.8428591870618688e-06
41.66947281934956,0.9999999999999999,0.06918309709189363,6.918309709189363e-05,0.002539980981444855,0.8206579733010878,0.9980364205943973,0.1793420266989122,-1034385.2625700564,0.0009822721320720128,0.5493025923126955,0.9980369515099179,5.70749946425305e-06,-1747079.9668875774,324323.14556100086,0.0009820398652847441,2.8565634707838944e-06
41.66947281934956,0.9999999999999999,0.07413102413009169,7.41310241300917e-05,0.002548980344395908,0.8170976286246786,0.9980229553491188,0.1829023713753214,-1020322.613705277,0.0009890113972125325,0.5503801581848391,0.9980234957710413,5.736774332029452e-06,-1797554.340562509,397390.3516875025,0.0009887747154556157,2.8712347680669733e-06
41.66947281934956,0.9999999999999999,0.07943282347242814,7.943282347242814e-05,0.0025586038984852133,0.81332699425123,0.9980085222601691,0.18667300574877,-1005564.9551501981,0.0009962351121147223,0.5515259985045752,0.998009072888248,5.768112860666369e-06,-1884801.215090067,508264.1010867933,0.0009959936912325867,2.8869405301964105e-06
41.66947281934956,0.9999999999999999,0.08511380382023759,8.511380382023758e-05,0.0025688936733800805,0.8093365951741939,0.9979930513228853,0.19066340482580613,-990098.5061196028,0.0010039783247957413,0.5527438405632141,0.9979936129096887,5.8016587499269e-06,-2041550.152907467,689677.7596837312,0.0010037318162921453,2.9037528271019046e-06
41.66947281934956,0.9999999999999999,0.09120108393559097,9.120108393559096e-05,0.002579894372615403,0.8051169068302176,0.9979764673956398,0.19488309316978236,-973911.9504109431,0.0010122786562189617,0.5540375367969415,0.9979770407507018,5.837565514390052e-06,-2346966.627962402,1020795.2550203303,0.001012026685362554,2.9217486565818475e-06
41.66947281934956,0.9999999999999999,0.09772372209558101,9.772372209558101e-05,0.002591653526403194,0.800658408819381,0.9979586898106083,0.199341591180619,-956996.8104382927,0.0010211764954132212,0.55541105851766,0.997959275804926,5.875997138946258e-06,-3037973.7759530917,1738532.5092428757,0.001020918659188277,2.9410102742230954e-06
41.66947281934956,0.9999999999999999,0.10471285480508985,0.00010471285480508985,0.0026042216516419096,0.7959516451161377,0.9979396319530707,0.2040483548838623,-939347.8334843325,0.001030715210387142,0.5568684879603466,0.997940231523977,5.917128778206856e-06,-5134120.794450112,3862425.5487398184,0.0010304510752762992,2.961625545539867e-06
41.66947281934956,0.9999999999999999,0.1122018454301963,0.0001122018454301963,0.002617652419457353,0.7909872908327343,0.9979192008063512,0.20901270916726566,-920963.3848429294,0.0010409413762988249,0.5584140085086466,0.9979198149627984,5.961147503295334e-06,-18672260.134681348,17429307.428951506,0.0010406704758832873,2.983688322101546e-06
41.66947281934956,0.9999999999999999,0.12022644346174131,0.00012022644346174131,0.0026320028305355826,0.7857562255240146,0.9978972964593568,0.21424377447598542,-901845.8415661572,0.001051905022409701,0.5600518929542505,0.9978979262876448,6.008253099496642e-06,-383982108.13534784,382768868.62271535,0.0010516268547711197,3.007298843426786e-06
41.66947281934956,0.9999999999999999,0.12882495516931322,0.00012882495516931323,0.002647333398671186,0.780249612844001,0.9978738115731656,0.21975038715599904,-882001.9792301019,0.0010636598996082301,0.5617864896701203,0.9978744582431573,6.0586589190301364e-06,-8691894.330054678,7509306.104312547,0.0010633739245153118,3.032564166824012e-06
41.66947281934956,0.9999999999999999,0.13803842646028838,0.00013803842646028838,0.002663708342913785,0.774458986248732,0.9978486308028961,0.225541013751268,-861443.3431616132,0.0010762637704037463,0.5636222065808406,0.9978492955747625,6.112592793361889e-06,-3169417.305606463,2018379.0096673346,0.001075969406264584,3.0595986274379263e-06
41.66947281934956,0.9999999999999999,0.1479108388168207,0.0001479108388168207,0.002681195788794915,0.7683763402562375,0.997821630170622,0.23162365974376253,-840186.5944878476,0.0010897787235220674,0.5655634928373736,0.9978223144021667,6.1702980100951745e-06,-1991907.5476784005,873271.3155174985,0.001089475344082373,3.0885243310829584e-06
41.66947281934956,0.9999999999999999,0.1584893192461114,0.0001584893192461114,0.002699867979180577,0.7619942265948552,0.997792676384671,0.23800577340514484,-818253.8204872707,0.0011042715154544402,0.5676148181265415,0.9977933815392821,6.232034360012086e-06,-1550869.430143694,465433.70313568,0.0011039584462191158,3.119471682718633e-06
41.66947281934956,0.9999999999999999,0.16982436524617425,0.00016982436524617424,0.0027198014953794944,0.7553058543749468,0.9977616261001441,0.2446941456250532,-795672.7980273652,0.0011198139415597487,0.5697806495748335,0.9977623537554388,6.2980792604618435e-06,-1330516.4121731461,279018.68280874984,0.001119490455914196,3.152579953746088e-06
41.66947281934956,0.9999999999999999,0.18197008586099825,0.00018197008586099824,0.0027410774892353343,0.748305193216575,0.997728325114958,0.25169480678342504,-772477.1984436169,0.0011364832395979391,0.5720654262415786,0.9977290769721735,6.3687289619938865e-06,-1197309.58573386,180419.13630745056,0.0011361485546025993,3.187997891665717e-06
41.66947281934956,0.9999999999999999,0.19498445997580455,0.00019498445997580456,0.002763781927044194,0.7409870780612184,0.9976926074950927,0.25901292193878156,-748706.7221252496,0.0011543625288776475,0.5744735312363005,0.9976933853893024,6.444299845906867e-06,-1104708.757853867,123019.47846701219,0.0011540158007075022,3.22588437603792e-06
41.66947281934956,0.9999999999999999,0.2089296130854041,0.0002089296130854041,0.00278800584626666,0.733347314196198,0.9976542946220749,0.26665268580380197,-724407.1513856072,0.0011735412885405013,0.5770092615411763,0.9976551005332968,6.525129821243338e-06,-1033243.7713340338,87267.16000163986,0.001173181607538455,3.2664091251342265e-06
41.66947281934956,0.9999999999999999,0.22387211385683378,0.00022387211385683378,0.002813845626147811,0.7253827808348068,0.9976131941549756,0.2746172191651932,-699630.3109732538,0.0011941158788782553,0.5796767956690237,0.997614030220263,6.6115798307065875e-06,-973697.1200971034,63855.587163987315,0.0011937422641886473,3.309753458157787e-06
41.66947281934956,0.9999999999999999,0.239883291901949,0.000239883291901949,0.0028414032735181163,0.7170915314315933,0.9975690988984008,0.2829084685684067,-674433.9268668728,0.0012161901099914656,0.5824801593413347,0.9975699674250023,6.704035476012243e-06,-921304.2460258091,47924.86428343012,0.0012158015037369884,3.356111118452457e-06
41.66947281934956,0.9999999999999999,0.25703957827688645,0.0002570395782768865,0.002870786725217058,0.7084728887811702,0.9975217855670572,0.2915271112188298,-648881.3758236957,0.0012398758625486565,0.585423189427097,0.9975226890467497,6.802908774300022e-06,-873441.4506735816,36750.30942686797,0.001239471123510509,3.405689163701372e-06
41.66947281934956,0.9999999999999999,0.27542287033381635,0.00027542287033381635,0.0029021101688191035,0.6995275328439845,0.9974710134364269,0.3004724671560155,-623041.3204689507,0.0012652937659436208,0.5885094964454362,0.9974719545611298,6.908640058622902e-06,-828598.5989592948,28715.931709598408,0.0012648716627012488,3.4587089298416087e-06
41.66947281934956,0.9999999999999999,0.2951209226666384,0.0002951209226666384,0.0029354943833870073,0.6902575792454911,0.9974165228682449,0.30974242075450886,-596987.2277113283,0.0012925739395721184,0.5917424259779317,0.9974175045470397,7.021700036332716e-06,-785882.2954513541,22818.552447809183,0.0012921331430548015,3.5154070758558427e-06
41.66947281934956,0.9999999999999999,0.31622776601683794,0.00031622776601683794,0.002971067102487075,0.6806666463260818,0.9973580336978287,0.31933335367391824,-570796.7713258329,0.0013218568037904675,0.5951250194212069,0.9973590590755166,7.142592021603749e-06,-744758.5343081448,18411.55938109511,0.0013213958791887083,3.576036717855582e-06
41.66947281934956,0.9999999999999999,0.3388441561392027,0.00033884415613920273,0.0030089634015952878,0.6707599087937305,0.9972952434695309,0.3292400912062695,-544551.1234806027,0.0013532939675158753,0.5986599745297525,0.9972963159468777,7.271854358765696e-06,-704911.5207836268,15064.963475495551,0.001352811365495729,3.640868661129056e-06
41.66947281934956,0.9999999999999999,0.363078054770101,0.000363078054770101,0.003049326112487987,0.6605441361116279,0.9972278255047994,0.3394558638883721,-518334.14364912716,0.0013870492003423612,0.6023496062680352,0.9972289487606344,7.410063055534724e-06,-666162.294732657,12485.34589050684,0.0013865432475001634,3.7101927400936526e-06
41.66947281934956,0.9999999999999999,0.3890451449942805,0.0003890451449942805,0.003092306267361337,0.6500277139947568,0.997155426785916,0.3499722860052432,-492231.47734201606,0.0014232994977722547,0.6061958085200225,0.9971566048012608,7.55783464669139e-06,-628419.7160121739,10468.203401437191,0.0014227683862619808,3.784319276884099e-06
41.66947281934956,0.9999999999999999,0.4168693834703355,0.00041686938347033545,0.0031380635756744924,0.6392206476700915,0.9970776656367579,0.36077935232990854,-466329.5808609103,0.0014622362490450598,0.6102000172332518,0.9970789027211934,7.715829310637932e-06,-591649.7319465894,8868.561561573082,0.001461678025303366,3.863580670325958e-06
41.66947281934956,0.9999999999999999,0.44668359215096254,0.00044668359215096256,0.003186766937041005,0.6281345458797759,0.9969941291799359,0.3718654541202241,-440714.6916767896,0.001504066518077401,0.6143631755982892,0.996995430000426,7.884754263538955e-06,-555855.3730692673,7582.260693441578,0.0015034790705642236,3.948333128267529e-06
41.66947281934956,0.9999999999999999,0.47863009232263803,0.00047863009232263805,0.0032385949934498532,0.6167825850724651,0.9969043705480964,0.3832174149275349,-415471.7671063965,0.001549014448833117,0.6186857018424436,0.9969057401605204,8.065367456843629e-06,-521063.2684234608,6533.679130483775,0.0015483954946980006,4.038958556891131e-06
41.66947281934956,0.9999999999999999,0.5128613839913648,0.0005128613839913648,0.0032937367249389346,0.6051794535277093,0.9968079058239329,0.3948205464722907,-390683.4158312485,0.001597322808110195,0.6231674602571158,0.9968093497076029,8.258481608271768e-06,-487314.2583156839,5667.458551282954,0.001596669878685154,4.135866622891481e-06
41.66947281934956,0.9999999999999999,0.5495408738576248,0.0005495408738576249,0.003352392092318196,0.5933412758021315,0.9967042106823134,0.4066587241978685,-366428.84854281525,0.001649254679341909,0.6278077359857355,0.9967057347777861,8.464968596027024e-06,-454656.67270282784,4942.793837527771,0.001648565104351504,4.239497004386564e-06
41.66947281934956,0.9999999999999999,0.5888436553555884,0.0005888436553555884,0.0034147727314253165,0.5812855182111598,0.9965927167041518,0.4187144817888402,-342782.87397922715,0.0017050953229542963,0.6326052141138752,0.9965943274546772,8.685764250711643e-06,-423141.4081246337,4329.416403927174,0.0017043662133228372,4.350321848951779e-06
41.66947281934956,0.9999999999999999,0.630957344480193,0.000630957344480193,0.0034811027032915897,0.5690308766055726,0.9964728073293038,0.4309691233944274,-319814.9660802504,0.0017651542200584156,0.6375579635182583,0.9964745117263031,8.921873580834684e-06,-392818.26752519043,3804.727873892737,0.0017643824491811182,4.468848458071544e-06
41.66947281934956,0.9999999999999999,0.6760829753919819,0.000676082975391982,0.003551619304943591,0.5565971481156174,0.9963438134123793,0.44340285188438255,-297588.42614620377,0.0018297673180294222,0.6426634258718956,0.9963456190453769,9.174376470940562e-06,-363733.2252053806,3351.7343702087846,0.0018289495013606855,4.595622219100275e-06
41.66947281934956,0.9999999999999999,0.7244359600749891,0.0007244359600749891,0.0036265739457887348,0.5440050889334265,0.9962050083418701,0.4559949110665735,-276159.66111271526,0.0018992994983572137,0.6479184101211679,0.9962069234533735,9.444433894222116e-06,-335926.3991841716,2957.5485644017194,0.001898431971152914,4.731229807515484e-06
41.66947281934956,0.9999999999999999,0.7762471166286912,0.0007762471166286912,0.0037062330947770852,0.5312762605375005,0.9960556026791556,0.46872373946249946,-255577.59539046756,0.0019741472891818927,0.6533190926606113,0.9960576362250242,9.733294684532526e-06,-309430.5865144658,2612.2996071861803,0.0019732260822154643,4.87630268408982e-06
41.66947281934956,0.9999999999999999,0.8317637711026709,0.0008317637711026709,0.003790879303783591,0.5184328670235208,0.995894738269744,0.48156713297647924,-235883.22934921322,0.0020547418471572724,0.6588610233349086,0.9958968999856636,1.0042302915900401e-05,-284270.2617739776,2308.3384377417765,0.0020537626602086345,5.031520913581714e-06
41.66947281934956,0.9999999999999999,0.8912509381337459,0.0008912509381337459,0.0038808123129336785,0.5054975863800735,0.9957214817744816,0.49450241361992653,-217109.3526621943,0.0021415522357484283,0.6645391372977204,0.9957237822492403,1.0372905941043522e-05,-260460.96590837534,2039.6579398463402,0.0021405104086424775,5.197617333684409e-06
41.66947281934956,0.9999999999999999,0.9549925860214349,0.0009549925860214349,0.0039763502437493384,0.4924933986541598,0.9955348175637004,0.5075066013458402,-199280.41564396047,0.002235089029634947,0.6703477726477273,0.9955372683200481,1.0726663143370468e-05,-238009.02858432545,1801.469696071551,0.0022339795105808724,5.3753821049942715e-06
41.66947281934956,0.9999999999999999,1.0232929922807537,0.0010232929922807537,0.004077830886779238,0.4794434138829627,0.9953336399108572,0.5205565861170374,-182412.5565185164,0.002335908278313811,0.6762806936924537,0.9953362534948393,1.1105255462314488e-05,-216911.57626426074,1589.8949764623424,0.002334725589266391,5.565667676061282e-06
41.66947281934956,0.9999999999999999,1.096478196143185,0.0010964781961431851,0.0041856130896459525,0.4663707027272183,0.9951167444183329,0.5336292972727816,-166513.77791020842,0.0024446158641953223,0.6823311195308438,0.9951195344981054,1.1510495751567342e-05,-197156.78360463164,1401.7390797400296,0.002443354062927686,5.769394198169303e-06
41.66947281934956,0.9999999999999999,1.174897554939528,0.001174897554939528,0.004300078253284838,0.4532981323699541,0.994882818598711,0.5467018676300459,-151584.26119052578,0.002561872295473662,0.6884917576489417,0.9948858000739829,1.1944340038910735e-05,-178724.32830108402,1234.3264893264966,0.0025605249340108485,5.987555429938687e-06
41.66947281934956,0.9999999999999999,1.2589254117941662,0.0012589254117941662,0.00442163194321457,0.4402482101910516,0.9946304315304341,0.5597517898089484,-137616.80385402555,0.002688397976623306,0.6947548420643305,0.9946336206538421,1.2408899755031425e-05,-161586.01162553404,1085.3803953088052,0.002686958055643807,6.221225172198356e-06
41.66947281934956,0.9999999999999999,1.3489628825916533,0.0013489628825916534,0.0045507056239010284,0.4272429373273745,0.9943580224976423,0.5727570626726255,-124597.36202860514,0.0028249790043663623,0.701112175536812,0.99436143700955,1.2906455005064753e-05,-145706.50818676205,952.934568862322,0.002823438923127342,6.471564277973892e-06
41.66947281934956,0.9999999999999999,1.4454397707459279,0.001445439770745928,0.004687758524505277,0.4143036739278031,0.9940638885163253,0.5856963260721969,-112505.67823569373,0.0029724735413142835,0.7075551752939756,0.9940675477947508,1.3439468958879499e-05,-131044.21011777037,835.2688114419492,0.002970825042597423,6.7398282850001155e-06
41.66947281934956,0.9999999999999999,1.5488166189124795,0.0015488166189124794,0.004833279644897907,0.40145101754284473,0.9937461706400442,0.5985489824571553,-101315.97337429214,0.0031318188245528632,0.7140749216841514,0.9937500958676716,1.4010603439113126e-05,-117552.13287649566,730.8615598502616,0.0031300529340602267,7.027375721360988e-06
41.66947281934956,0.9999999999999999,1.6595869074375598,0.0016595869074375598,0.004987789911427231,0.3887046957115975,0.9934028389290723,0.6112953042884025,-90997.68165247084,0.0033040388718973174,0.720662209144417,0.9934070532795958,1.4622735788209752e-05,-105178.85232840519,638.354949830082,0.0033021458314456036,7.335677137985487e-06
41.66947281934956,0.9999999999999999,1.7782794100389228,0.0017782794100389228,0.005151844492595236,0.3760834734350081,0.9930316759567918,0.623916526564992,-81516.20775380502,0.003490252954447107,0.7273075988597324,0.9930362048031809,1.527897709710407e-05,-93869.4457456547,556.5288993351493,0.0034882221482159725,7.66632492479532e-06
41.66947281934956,0.9999999999999999,1.9054607179632443,0.0019054607179632443,0.005326035285502001,0.36360507586566854,0.9926302587166353,0.6363949241343314,-72833.68679828965,0.0036916849104212364,0.7340014724906894,0.9926351298643132,1.598269187834077e-05,-83566.4127334351,484.2816948184766,0.003689504783399722,8.021043970178855e-06
41.66947281934956,0.9999999999999999,2.0417379446695274,0.0020417379446695276,0.005510993584941953,0.3512861261945786,0.9921959387812075,0.6487138738054214,-64909.7294945266,0.0039096733823747246,0.7407340863684666,0.9922011827296021,1.6737519266046698e-05,-74210.55574700356,420.6152413683507,0.003907331350019682,8.401703226600212e-06
41.66947281934956,0.9999999999999999,2.1877616239495516,0.0021877616239495516,0.005707392946996405,0.3391420984761495,0.9917258205557155,0.6608579015238505,-57702.13719760373,0.004145683066184867,0.7474956255468017,0.9917314707921979,1.7547395818202545e-05,-65741.80372607041,364.6236370353947,0.004143165414150648,8.81032824557396e-06
41.66947281934956,0.9999999999999999,2.344228815319923,0.002344228815319923,0.005915952262017349,0.32718728472895126,0.9912167374509224,0.6728127152710488,-51167.57405123527,0.004401317070516361,0.75427625721131,0.9912228307817956,1.8416579999427593e-05,-58099.966085561624,315.4840995008967,0.00439860884312915,9.24911475128953e-06
41.66947281934956,0.9999999999999999,2.511886431509577,0.002511886431509577,0.006137439049842709,0.3154347756387941,0.9906652257957957,0.6845652243612059,-45262.18622052023,0.004678330490189872,0.7610661828739173,0.9906718027197675,1.9349678400921262e-05,-51225.40815666083,272.44954675399794,0.004675415366122527,9.720443316802662e-06
41.66947281934956,0.9999999999999999,2.691534803926914,0.002691534803926914,0.006372672994074955,0.3038964538233898,0.9900674962909747,0.6961035461766102,-39942.16079333031,0.004978645309069478,0.7678556889327708,0.990074601421445,2.0351673752914966e-05,-45059.64247679083,234.84233372025096,0.004975505462409864,1.022689521257123e-05
41.66947281934956,0.9999999999999999,2.8840315031266055,0.0028840315031266055,0.0066225297317136075,0.2925829986050523,0.9894194027961266,0.7074170013949477,-35164.21959488086,0.005304366755273916,0.774635195164512,0.9894270853396848,2.1427954759879748e-05,-39545.83353790021,202.0487957631242,0.005300982699869173,1.0771269492139036e-05
41.66947281934956,0.9999999999999999,3.090295432513592,0.0030902954325135916,0.006887944916299741,0.281503901111176,0.9887164082312949,0.718496098888824,-30886.045527615206,0.005657801241798359,0.7813953007907731,0.9887247225310676,2.258434776692967e-05,-34629.21629567255,173.51435857295334,0.005654151656386061,1.1356601377834859e-05
41.66947281934956,0.9999999999999999,3.3113112148259076,0.0033113112148259074,0.007169918573995353,0.27066748848136907,0.98795354736192,0.7293325115186309,-27066.641183857657,0.0060414760353830225,0.7881268278107283,0.9879625535158777,2.3827150233709205e-05,-30257.431037332386,148.73905312749125,0.006037537566578554,1.1986182003808041e-05
41.66947281934956,0.9999999999999999,3.5481338923357533,0.0035481338923357532,0.007469519773476437,0.2600809559473825,0.9871253862280164,0.7399190440526175,-23666.621303349133,0.006458160806493068,0.7948208613449067,0.9871351507940616,2.51631659511779e-05,-26380.779047574968,127.27333125388049,0.00645390784617896,1.2663579565642903e-05
41.66947281934956,0.9999999999999999,3.8018939632056123,0.0038018939632056123,0.0077878916320746295,0.24975040556935624,0.9862259779708674,0.7502495944306438,-20648.442144433993,0.006910891223316538,0.8014687867877329,0.9862365747725285,2.6599741884852966e-05,-22952.40491391444,108.7141174441333,0.006906295656359007,1.3392661914344624e-05
41.66947281934956,0.9999999999999999,4.073802778041122,0.004073802778041122,0.008126256682265721,0.2396808904540323,0.9852488148063587,0.7603191095459677,-17976.572003186513,0.007402994762547794,0.8080623236161324,0.9852603258552473,2.8144806463103082e-05,-19928.41229939115,92.70106020039965,0.0073980256800335095,1.4177620616924376e-05
41.66947281934956,0.9999999999999999,4.365158322401657,0.004365158322401657,0.008485922624379345,0.22987646334246045,0.9841867758936758,0.7701235366575395,-15617.607961373506,0.007938118919149374,0.8145935557485043,0.9841992924475698,2.9806909048544335e-05,-17267.92061999303,78.91296454137753,0.007932742291475652,1.5022996485260736e-05
41.66947281934956,0.9999999999999999,4.677351412871981,0.004677351412871981,0.008868288493300892,0.22034022853170593,0.9830320708527333,0.779659771468294,-13540.3444957819,0.008520262005958443,0.8210549583922243,0.9830456946312531,3.1595260231691974e-05,-14933.070342748973,67.06439886282296,0.008514440309106586,1.5933706548381333e-05
41.66947281934956,0.9999999999999999,5.011872336272725,0.005011872336272725,0.009274851268962263,0.21107439618229862,0.9817761786947775,0.7889256038177014,-11715.799870240524,0.009153806741541936,0.8274394213574109,0.9817910232782001,3.351977246565714e-05,-12888.984619355819,56.90247601250133,0.009147498528693539,1.6915072409662596e-05
41.66947281934956,0.9999999999999999,5.370317963702521,0.005370317963702522,0.009707212962580192,0.20208033815697368,0.9804097819498641,0.7979196618430263,-10117.206294884625,0.009843556830606634,0.8337402688510979,0.9804259743906638,3.5591100415411824e-05,-11103.6947419032,48.20381166628763,0.009836716239921255,1.7972849888412163e-05
41.66947281934956,0.9999999999999999,5.754399373371567,0.005754399373371567,0.010167088212910269,0.1933586446327776,0.9789226958043019,0.8066413553672224,-8719.969714039205,0.010594776744987046,0.8399512757976088,0.9789403784855835,3.782068022125979e-05,-9548.0365028631,40.771663981699355,0.010587352932814775,1.9113259793476575e-05
41.66947281934956,0.9999999999999999,6.165950018614822,0.006165950018614822,0.01065631242925075,0.18490918082527577,0.9773037921031483,0.8150908191747243,-7501.604813848803,0.01141323491402725,0.8460666807584946,0.9773231248832286,4.022076666969836e-05,-8195.524008755208,34.43325788846678,0.011405171401089419,2.034301961337768e-05
41.66947281934956,0.9999999999999999,6.60693448007595,0.00660693448007595,0.011176850520565253,0.17673114325774342,0.9755409181301147,0.8232688567422566,-6441.650460526136,0.012305250530248828,0.8520811955501655,0.9755620808181158,4.280446702178615e-05,-7022.206878680869,29.03729586754658,0.012296484446364228,2.1669375831403642e-05
41.66947281934956,0.9999999999999999,7.079457843841373,0.0070794578438413735,0.011730806252907896,0.16882311509803954,0.9736208101530948,0.8311768849019605,-5521.570323872952,0.013277744168555424,0.8579900116768278,0.9736440053664883,4.558576996541099e-05,-6006.516092486561,24.45165511579169,0.01326820537932926,2.3100136483383368e-05
41.66947281934956,0.9999999999999999,7.585775750291836,0.007585775750291836,0.01232043228034301,0.1611831201699847,0.9715290018215873,0.8388168798300153,-4724.6429383926825,0.014338292403733879,0.8637888037133404,0.9715544582830777,4.8579567829748645e-05,-5129.103069875609,20.56126890661227,0.01432790250027998,2.4643703468881716e-05
41.66947281934956,0.9999999999999999,8.128305161640995,0.008128305161640995,0.01294814089776781,0.1538086753236723,0.9692497276267366,0.8461913246763277,-4035.8449312553516,0.015495186590366859,0.8694737297860978,0.9692777039645528,5.1801669824531826e-05,-4372.675886516225,17.26618794856557,0.015483857720628451,2.6309104001676877e-05
41.66947281934956,0.9999999999999999,8.709635899560796,0.008709635899560796,0.013616515567484654,0.14669684091913077,0.9667658217902532,0.8533031590808693,-3441.7306233985933,0.016757495939962355,0.8750414293102755,0.9667966109125716,5.526880364134158e-05,-3721.8358855486567,14.479815747226482,0.01674512945760099,2.8106020441235183e-05
41.66947281934956,0.9999999999999999,9.332543007969905,0.009332543007969905,0.01432832327506229,0.1398442692404335,0.9640586131401441,0.8601557307595665,-2930.3107034726168,0.018135134990489524,0.8804890181497413,0.9640925472606975,5.899860227840123e-05,-3162.9173371015945,12.12731046605724,0.01812161989470623,3.0044817582482085e-05
41.66947281934956,0.9999999999999999,10.0,0.01,0.01508652777407933,0.13324725071135587,0.9611078167642536,0.8667527492886441,-2490.9321963697084,0.01963893551189335,0.8858140813720041,0.9611452731616672,6.300957242633079e-05,-2683.832244083762,10.144144591902942,0.019624146649065984,3.213656629624164e-05
41.66947281934956,0.9999999999999999,10.715193052376048,0.010715193052376048,0.015894303781914584,0.126901757844317,0.9578914235203653,0.873098242155683,-2114.1615081293085,0.02128072282172485,0.8910146637631693,0.9579328311178343,6.732104017459675e-05,-2273.921896286122,8.474812846903328,0.021264518817565282,3.439306220235116e-05
41.66947281934956,0.9999999999999999,11.481536214968816,0.011481536214968816,0.016755052200200054,0.12080348683875912,0.9543855887892533,0.8791965131612409,-1791.6719274428776,0.023073396416469088,0.8960892583149691,0.9544314356429793,7.19530692306481e-05,-1923.8163337408278,7.071678211488134,0.023055617305756414,3.6826837851802995e-05
41.66947281934956,0.9999999999999999,12.30268770812381,0.012302687708123811,0.01767241642251757,0.11494789690648477,0.9505645223149092,0.8850521030935152,-1516.1366188958104,0.025031014690770192,0.9010367927916961,0.9506153640981766,7.692634613244279e-05,-1625.3025109987097,5.8939456713084155,0.02501147921093764,3.945116660861582e-05
41.66947281934956,0.9999999999999999,13.182567385564074,0.013182567385564073,0.018650299819295165,0.1093302472495773,0.946400381349094,0.8906697527504227,-1281.1278251585156,0.0271688834391172,0.9058566146297546,0.946456850912793,8.226202642464525e-05,-1371.201621910653,4.906753204661811,0.02714738595440286,4.228005623051019e-05
41.66947281934956,0.9999999999999999,14.125375446227526,0.014125375446227526,0.0196928844755868,0.10394563179785987,0.9418631699273105,0.8960543682021401,-1081.0227429390584,0.029503647648632114,0.9105484742903098,0.9419259880053816,8.79815350607505e-05,-1155.25578910865,4.08036972227633,0.029479954673694193,4.532822983355582e-05
41.66947281934956,0.9999999999999999,15.135612484362072,0.015135612484362073,0.02080465127437992,0.09878901173959974,0.9369206476657916,0.9012109882604002,-910.9163124088582,0.03205338594228682,0.9151125072551916,0.9369906347737003,9.410631381323868e-05,-972.0241001554955,3.3894899590781002,0.03202723223868257,4.8611091701983103e-05
41.66947281934956,0.9999999999999999,16.218100973589298,0.0162181009735893,0.02199040142088471,0.0938552459194955,0.9315382521655288,0.9061447540805045,-766.5409813937389,0.03483770682567133,0.9195492148301189,0.9316163417092311,0.00010065750802819484,-816.78780282347,2.8126167610633748,0.03480879105214159,5.214467515644722e-05
41.66947281934956,0.9999999999999999,17.378008287493763,0.017378008287493762,0.02325527951055619,0.0891391191812127,0.9256790398650903,0.9108608808187872,-644.1933609282032,0.037877845663509206,0.9238594439185432,0.9257662924346327,0.00010765558480941992,-685.4643398474809,2.3315217346933026,0.03784582557238803,5.59455694901639e-05
41.66947281934956,0.9999999999999999,18.620871366628656,0.018620871366628655,0.024604798250881917,0.08463536873555028,0.9193036510121197,0.9153646312644497,-540.6675761737698,0.04119676105463656,0.9280443659265164,0.9194012697753142,0.00011511987470984761,-574.5298060702822,1.9307758121646519,0.04116124824287787,6.003082283020163e-05
41.66947281934956,0.9999999999999999,19.952623149688787,0.01995262314968879,0.026044864954774125,0.08033870863597742,0.9123703053118645,0.9196612913640225,-453.1950319369942,0.04481922898758875,0.9321054549548305,0.9124796523467338,0.00012306802933569318,-480.94934283563146,1.597341907234255,0.044779783232851436,6.441781770701425e-05
41.66947281934956,0.9999999999999999,21.379620895022324,0.021379620895022326,0.027581809931769636,0.0762438524416156,0.9048348357436777,0.9237561475583844,-379.39025118040723,0.04877193284487361,0.936044465431743,0.90495744905088,0.000131515388032563,-402.1149410546634,1.3202224722089198,0.048728056085948865,6.912411614852951e-05
41.66947281934956,0.9999999999999999,22.9086765276777,0.0229086765276777,0.02922241691220991,0.07234553414379354,0.8966507689886655,0.9276544658562065,-317.2024042765782,0.05308354698597327,0.9398634093361691,0.8967883798047247,0.00014047424813603393,-335.7901012179947,1.090155400512374,0.05303467704360421,7.41672712900561e-05
41.66947281934956,0.9999999999999999,24.547089156850284,0.024547089156850284,0.030973955649186473,0.06863852742704299,0.8877694618500496,0.931361472572957,-264.87212287168194,0.057784811282449375,0.9435645331579237,0.8879240117373599,0.00014995303525366108,-280.06079183346515,0.8993523378639666,0.05773031546235146,7.956460284661823e-05
41.66947281934956,0.9999999999999999,26.302679918953814,0.026302679918953815,0.03284421685334349,0.06511766332890981,0.8781403039275528,0.9348823366710902,-220.89318197057958,0.06290859361129944,0.9471502947391959,0.8783139609475734,0.00015995537282570418,-233.29215386998158,0.7412740587572514,0.06284776238675405,8.53329343725692e-05
41.66947281934956,0.9999999999999999,28.183829312644548,0.028183829312644546,0.03484154962668229,0.06177784635587347,0.8677109975714216,0.9382221536441265,-183.9786344494329,0.06848993694570242,0.9506233401380572,0.8679061706548128,0.0001704790539074155,-194.09041476779853,0.6104381266312809,0.06842197798302405,9.148829107950519e-05
41.66947281934956,0.9999999999999999,30.19951720402013,0.03019951720402013,0.036974901573359725,0.05861406910535776,0.8564279267206574,0.9413859308946423,-153.03099120791316,0.07456608732948553,0.9539864806522519,0.8566472771363576,0.0001815149228289881,-161.26949885557121,0.5022545812639824,0.0744901201960762,9.804555814332355e-05
41.66947281934956,0.9999999999999999,32.35936569296281,0.03235936569296281,0.03925386177817899,0.055621425436586734,0.8442366265401288,0.9443785745634132,-127.11605549307055,0.08117649870057804,0.9572426701385182,0.8444830751420769,0.0001930456801908155,-133.82184942251067,0.4128858828047817,0.08109155068158708,0.00010501810094863514
41.66947281934956,0.9999999999999999,34.673685045253166,0.034673685045253165,0.041688706857092486,0.052795122226363976,0.8310823657166356,0.947204877773636,-105.44003978508154,0.08836281026022445,0.9603949827592597,0.8313590944235048,0.00020504463156125702,-110.89300943149685,0.3391277873791314,0.08826781380466703,0.00011241735063216542
41.66947281934956,0.9999999999999999,37.1535229097172,0.037153522909717206,0.044290450298644826,0.05013048973989264,0.816910852747703,0.9498695102601074,-87.32961654936497,0.09616879189325239,0.9634465912848432,0.8172212985042964,0.0002174744082080673,-91.759541462055,0.2783082344293326,0.09606258431126222,0.00012025236062517245
41.66947281934956,0.9999999999999999,39.81071705534969,0.03981071705534969,0.04707089533094228,0.04762299064182258,0.8016690764451893,0.9523770093581774,-72.21457891741845,0.10464025305735945,0.9664007460756932,0.8020169157461718,0.00023028569706054196,-75.80990177284843,0.2282016919130907,0.10452157919328306,0.00012852934267216284
41.66947281934956,0.9999999999999999,42.65795188015925,0.04265795188015925,0.050042691565524204,0.04526822766904422,0.7853062890630513,0.9547317723309557,-59.612812984113006,0.11382491060566854,0.9692607548631206,0.7856954110187242,0.00024341602658879135,-62.52791746044632,0.18695673383996686,0.11369242931157185,0.00013725119401208
41.66947281934956,0.9999999999999999,45.708818961487516,0.04570881896148751,0.05321939568751158,0.0430619499843575,0.7677751378357685,0.9569380500156425,-49.11730913475593,0.12377221121687293,0.9720299634426649,0.7682096037595556,0.0002567886649679096,-51.47854887315075,0.1530349175244256,0.12362450654076453,0.00014641703101321904
41.66947281934956,0.9999999999999999,48.97788193684456,0.04897788193684456,0.056615536480698746,0.04100005822921353,0.7490329471879384,0.9589999417707865,-40.38496505179234,0.13453310451067024,0.9747117373867756,0.7495169348253514,0.0002703116961600161,-42.29565120940276,0.12515928780319888,0.13436870258450795,0.00015602174848295747
41.66947281934956,0.9999999999999999,52.48074602497723,0.05248074602497723,0.06024668449693464,0.03907860829412443,0.7290431493824847,0.9609213917058755,-33.12695736135377,0.1461597635491258,0.9773094448769583,0.7295808802238748,0.0002838773475948215,-34.6714792371296,0.10227106489264295,0.14597715620304175,0.00016605562801230475
41.66947281934956,0.9999999999999999,56.23413251903491,0.05623413251903491,0.06412952670143511,0.03729381382700515,0.7077768558928531,0.9627061861729949,-27.100481952679964,0.1587052502880735,0.9798264407471006,0.7083725045600864,0.0002973616489602661,-28.347707086327972,0.08349327419091343,0.1585029264172614,0.00017650402289488
41.66947281934956,0.9999999999999999,60.25595860743569,0.06025595860743569,0.06828194644947966,0.03564204750248061,0.6852145553512824,0.9643579524975194,-22.101684632176262,0.17222312465780834,0.9822660518217279,0.6858721408611264,0.00031062450404226085,-23.107760966823587,0.06810025277934738,0.17199961031388136,0.00018734715114882328
41.66947281934956,0.9999999999999999,64.56542290346549,0.0645654229034655,0.0727231091687605,0.034119841080945686,0.6613479166867567,0.9658801589190543,-17.959623840471362,0.18676699729612745,0.9846315636203975,0.6620711765010439,0.00032351025522219526,-18.770286405071325,0.055492121196196544,0.1865209053520579,0.00019856003164975554
41.66947281934956,0.9999999999999999,69.18309709189363,0.06918309709189363,0.077473554182796,0.032723884278472525,0.6361816679636733,0.9672761157215275,-14.531125566023768,0.2023900276678624,0.9869262085092048,0.6369739171540875,0.0003358488118662141,-15.183593148444753,0.04517344252569291,0.20212011770084382,0.00021011260108898348
41.66947281934956,0.9999999999999999,74.13102413009177,0.07413102413009177,0.08255529305574391,0.03145102250192318,0.609735513610541,0.9685489774980768,-11.696407476632967,0.2191443708273975,0.9891531553269276,0.6105994931836589,0.0003474573975488293,-12.220940468823688,0.036735406678097327,0.2188496195656874,0.00022197005052798088
41.66947281934956,0.9999999999999999,79.43282347242805,0.07943282347242805,0.08799191499480147,0.030298253463331443,0.5820460438120137,0.9697017465366685,-9.35536438210762,0.23708057842783042,0.9913155005739827,0.5829837642226388,0.0003581429465509796,-9.776542975784096,0.029840977073130506,0.23676026070433517,0.00023409341998231352
41.66947281934956,0.9999999999999999,85.11380382023759,0.08511380382023759,0.09380869976483935,0.02926272273054675,0.5531685827193532,0.9707372772694532,-7.424420933355865,0.25624696120328133,0.9934162611850734,0.5541811707658272,0.00036770514512084255,-7.7621927929760615,0.02421252301848757,0.2559007408452486,0.0002464404859128462
41.66947281934956,0.9999999999999999,91.20108393559097,0.09120108393559097,0.1000327386715301,0.02834171824838106,0.523178915092905,0.971658281751619,-5.833869626955932,0.27668892232117376,0.9954583689399422,0.5242664746184061,0.00037594006849193837,-6.104407759311158,0.019621534387520574,0.276316951778818,0.00025896697000245126
41.66947281934956,0.9999999999999999,97.72372209558091,0.09772372209558092,0.10669306418644785,0.027532663870840038,0.49217482605297114,0.9724673361291599,-4.525623079899963,0.29844827271756286,0.9974446665560751,0.49333632500095714,0.00038264431034624194,-4.742027603969294,0.015880078123551942,0.29805129949936837,0.0002716280865691355
41.66947281934956,0.9999999999999999,104.71285480508985,0.10471285480508985,0.11382078883187725,0.026833111940187223,0.46027738575841687,0.9731668880598128,-3.4513191573828417,0.3215625410117621,0.9993779055137945,0.46151058393117184,0.0003876194393570425,-3.624190833394477,0.012833709696481942,0.3211420181621134,0.00028438042971987235
41.66947281934956,0.9999999999999999,112.2018454301963,0.1122018454301963,0.12144925398726795,0.026240734942419845,0.4276319107136574,0.9737592650575801,-2.570726010732724,0.3460642916053159,1.0012607456734035,0.4289333438009678,0.00039067655089306403,-2.7086345265855494,0.010355598245374405,0.3456224885507853,0.00029718417883446675
41.66947281934956,0.9999999999999999,120.22644346174131,0.12022644346174131,0.12961418932663654,0.025753316260343107,0.39440853639006973,0.9742466837396568,-1.8504015148698434,0.3719804649614235,1.0030957567579533,0.39577357217878484,0.00039164061626134405,-1.9602674920138456,0.008341662852836775,0.37152057409580125,0.0003100055713508015
41.66947281934956,0.9999999999999999,128.82495516931323,0.12882495516931322,0.1383538836469589,0.025368740035349883,0.36080234211931583,0.9746312599646502,-1.2625680873380998,0.3993317536948404,1.004885421792899,0.36222532396009455,0.00039035427476654576,-1.3499744220644152,0.006706550183419137,0.39885798711082726,0.00032281955463936814
41.66947281934956,0.9999999999999999,138.03842646028838,0.13803842646028838,0.14770936790198155,0.0250849801382779,0.32703297869577114,0.9749150198617221,-0.7841695217990552,0.42813202686654056,1.0066321426157903,0.3285074689990834,0.00038668067584567357,-0.8536149077084878,0.0053803114268524835,0.42764969672776126,0.0003356124843088382
41.66947281934956,0.9999999999999999,147.91083881682073,0.14791083881682074,0.15772461131414978,0.024900088239727315,0.2933437614269412,0.9750999117602727,-0.3960813699489243,0.4583878127045689,1.008338247592118,0.294862893941403,0.00038050497287032986,-0.4511865571558762,0.004305659854974514,0.45790338795203106,0.0003483846861961239
41.66947281934956,0.9999999999999999,158.48931924611108,0.1584893192461111,0.16844673149980974,0.024812180962888435,0.2600002057808621,0.9751878190371116,-0.08245064270356117,0.4900978468560247,1.010006001697886,0.2615571495142247,0.0003717341125954856,-0.1261260983906879,0.0034357099666065503,0.4896189783389945,0.00036115264720873127
41.66947281934956,0.9999999999999999,169.82436524617427,0.16982436524617428,0.1799262196097658,0.024819426099444857,0.2272879982731531,0.9751805739005551,0.16985574708802909,0.5232526892858722,1.011637619150206,0.22887652812158452,0.00036029467179570776,0.13527367149624125,0.0027321157074486927,0.5227881950918751,0.00037395055253138475
41.66947281934956,0.9999999999999999,181.97008586099827,0.18197008586099828,0.1922171815590011,0.024920027873957504,0.1955104105384406,0.9750799721260425,0.3717112404496933,0.5578344082377727,1.01323527878329,0.197125570142224,0.00034612868221009204,0.34434981461113134,0.002163539086063225,0.5573942110736148,0.000386830853256808
41.66947281934956,0.9999999999999999,194.98445997580455,0.19498445997580455,0.20537759649625836,0.025112211256750738,0.1649851782264847,0.9748877887432492,0.5321133378153076,0.5938163245199474,1.0148011423737828,0.1666240096386034,0.00032918767135626116,0.5104738661322723,0.0017043920731427764,0.593411333574039,0.000399863542308609
41.66947281934956,0.9999999999999999,208.92961308540364,0.20892961308540364,0.21946959374655844,0.025394205351956127,0.13604087705488221,0.9746057946480439,0.6585032073037882,0.6311628041332027,1.0163373761135595,0.13770318011354404,0.0003094255438736506,0.6413884552576955,0.0013338043347128064,0.6308047350356419,0.00041313385264686906
41.66947281934956,0.9999999999999999,223.87211385683378,0.22387211385683378,0.2345597495480548,0.025764225927702587,0.10901283484951772,0.9742357740722974,0.7570316892558231,0.6698290823686651,1.017846175405638,0.11070190757425642,0.0002867914606971963,0.7434871398255685,0.0010347774570014453,0.6695302107523453,0.00042673818416602186
41.66947281934956,0.9999999999999999,239.88329190194898,0.239883291901949,0.250719404999258,0.0262204572103337,0.0842386199488202,0.9737795427896663,0.8327805237774223,0.7097610984915699,1.019329793118392,0.08596192097604005,0.00026122462661984207,0.8220468662674725,0.0007934932526381369,0.7095339453110374,0.00044077822232182383
41.66947281934956,0.9999999999999999,257.03957827688646,0.25703957827688645,0.26802500673412216,0.026761033133649536,0.06205314281319576,0.9732389668663505,0.889946213398849,0.7508953175606774,1.0207905713712602,0.0638228092058889,0.00023265418890255722,0.881420946363676,0.0005987500519546718,0.7507522677700159,0.00045535342810584583
41.66947281934956,0.9999999999999999,275.4228703338163,0.2754228703338163,0.28655847195119166,0.02738401831584371,0.04278339975857531,0.9726159816841563,0.9319927348914641,0.7931585153829742,1.0222309768428763,0.04461654995064944,0.00020101047032238393,0.9251991573642621,0.0004415077817485368,0.7931113757755068,0.0004705523340736734
41.66947281934956,0.9999999999999999,295.1209226666384,0.2951209226666384,0.3064075795395425,0.02808738912783293,0.026742877051501173,0.9719126108721671,0.9617783017343641,0.8364675046007639,1.0236536394904432,0.02866163070772416,0.00016626330090002575,0.9563404881231374,0.00031453386349408573,0.8365270114651975,0.00048644333529206373
41.66947281934956,0.9999999999999999,316.2277660168379,0.3162277660168379,0.3276663891691158,0.028869015312317114,0.014225622754410194,0.9711309846876829,0.9816605246943384,0.8807287848875086,1.025061394451584,0.01625677826920392,0.00012854225017774665,0.9772831412691313,0.00021217330154039404,0.8809040774471716,0.0005030658660610196
41.66947281934956,0.9999999999999999,338.844156139202,0.33884415613920205,0.3504356903468905,0.029726642707142256,0.0054999861544078425,0.9702733572928578,0.9935835991077738,0.9258381084760654,1.0264573267716075,0.007674313344170642,8.860953580562767e-05,0.9900356344931057,0.00013040769030169712,0.9261361895656194,0.0005204229533118668
41.66947281934956,0.9999999999999999,363.078054770101,0.363078054770101,0.3748234835837332,0.03065787771230501,0.0008020244487426883,0.969342122287695,0.9991505435619878,0.9716799638287186,1.0278448184680864,0.0031531550950368685,5.078887233857587e-05,0.996252200733541,6.836424771640819e-05,0.9721051745517257,0.0005384761036973743
41.66947281934956,0.9999999999999999,389.04514499428046,0.38904514499428045,0.4009454959704331,0.03166017420964617,0.0003285879475624413,0.9683398257903538,0.9996830084215615,1.0181269949953775,1.029227597320283,0.002891519790591662,4.248131660505321e-05,0.9972951485058151,3.989358272259194e-05,1.0186805347302699,0.0005571433115553801
41.66947281934956,0.9999999999999999,416.8693834703355,0.4168693834703355,0.42892573362608877,0.032730823690588697,0.004230122457600277,0.9672691763094113,0.9962707491437104,1.0650393915838723,1.0306097866613655,0.0070393915569885585,8.222176024280654e-05,0.9942863936827524,6.115295914387771e-05,1.0657189181291828,0.00057630069846008
41.66947281934956,0.9999999999999999,446.68359215096257,0.4466835921509626,0.45889707365837556,0.033866949363507606,0.012603273822169364,0.9661330506364924,0.9898125058296595,1.1122643034190716,1.0319959553695852,0.015690893235760194,0.00013704503636661656,0.9881499988986793,9.285363044291758e-05,1.1130636497076558,0.0005957879615655771
41.66947281934956,0.9999999999999999,478.630092322638,0.478630092322638,0.4910018984641864,0.035065504993509286,0.025483446133094587,0.9649344950064908,0.9810497360664341,1.1596353536441555,1.0333911672063283,0.028876751689272364,0.00019810380462067882,0.9796472446528877,0.00012125680337413515,1.1605443967192672,0.0006154174687853875
41.66947281934956,0.9999999999999999,512.8613839913648,0.5128613839913648,0.5253927754014792,0.03632327917061318,0.04283755058925529,0.9636767208293868,0.970594403515799,1.2069723425708259,1.0348010286448583,0.046557132038909876,0.0002636136679361601,0.9694054971116366,0.00014510879810932558,1.2079770568663635,0.0006349865302160156
41.66947281934956,0.9999999999999999,549.5408738576238,0.5495408738576237,0.5622331850799127,0.03763690560738479,0.06455728160738998,0.9623630943926152,0.9589518219574575,1.2540812500114678,1.036231734376873,0.068615203657901,0.0003327607493379151,0.9579419230212187,0.00016473926533724988,1.2551639700013255,0.0006542921099853379
41.66947281934956,0.9999999999999999,588.8436553555883,0.5888436553555884,0.6016983017498934,0.03900287993659377,0.09045336180373917,0.9609971200634062,0.946539386810576,1.3007546538355461,1.0376901097762707,0.09485188818740466,0.00040488493823518154,0.9456829247890686,0.0001807009772925085,1.3018945606221661,0.0006731470136488465
41.66947281934956,0.9999999999999999,630.957344480193,0.630957344480193,0.6439758295180976,0.04041758331905286,0.1202512948295038,0.9595824166809471,0.9337018877552747,1.346772684664614,1.0391836497414637,0.12498231396809559,0.0004793227641186111,0.9329800224877864,0.00019354041612422014,1.3479465171985776,0.0006913963776154788
41.66947281934956,0.9999999999999999,676.0829753919819,0.6760829753919819,0.6892668983835603,0.041877312989568746,0.15358923794363993,0.9581226870104312,0.9207239820184298,1.3919046286325794,1.0407205535198019,0.15863454701898294,0.0005553853701995533,0.9201227890321979,0.00020375579539949233,1.3930876035516375,0.0007089330894965881
41.66947281934956,0.9999999999999999,724.4359600749891,0.7244359600749891,0.7377870243731195,0.04337831967501559,0.19001863537991018,0.9566216803249844,0.9078403139704713,1.4359112700767327,1.0423097553355452,0.1953511698402763,0.0006323778115764852,0.9073493456028981,0.0002117957968160868,1.4370781756835787,0.0007257105924008084
41.66947281934956,0.9999999999999999,776.2471166286912,0.7762471166286912,0.7897671383598472,0.04491685162441989,0.22900821968121102,0.9550831483755801,0.8952436893214571,1.4785480327837646,1.043960950881676,0.23459422077642245,0.0007096331960361179,0.8948548427461458,0.00021806665505380796,1.4796744440170237,0.0007417514120595409
41.66947281934956,0.9999999999999999,831.7637711026708,0.8317637711026709,0.8454546884743515,0.04648920480820632,0.26995187520100844,0.9535107951917937,0.8830916483689353,1.5195689320975692,1.0456846199845642,0.2757538773983097,0.0007865492876208385,0.8827982852555678,0.00022293892804464062,1.5206324765059966,0.0007571497650804506
41.66947281934956,0.9999999999999999,891.2509381337441,0.891250938133744,0.9051148213682165,0.04809177868351352,0.3121806572279986,0.9519082213164864,0.8715117298704342,1.5587312925083028,1.0474920459935892,0.31816106355311957,0.0008626188198032583,0.871308003225477,0.00022675157314209303,1.5597128844889614,0.000772066855062349
41.66947281934956,0.9999999999999999,954.9925860214349,0.9549925860214349,0.9690316479628278,0.04972113679413624,0.35497897439324794,0.9502788632058637,0.8606056730357923,1.5958011198321533,1.0493953326734125,0.3611038877516228,0.000937446465846903,0.8604860252873263,0.000229812951850756,1.5966860739787507,0.0007867180359911353
41.66947281934956,0.9999999999999999,1023.2929922807537,1.0232929922807537,1.0375095997157906,0.051374071384224944,0.3976045883549014,0.9486259286157751,0.8504527680680443,1.630558949151387,1.0514074195711323,0.4038474987813122,0.0010107475054340282,0.8504115711133556,0.00023239916573868628,1.631337885301486,0.0008013519711145093
41.66947281934956,0.9999999999999999,1096.478196143183,1.0964781961431829,1.11087488186517,0.053047671158496686,0.43931169585169866,0.9469523288415033,0.8411125341536156,1.6628059262345944,1.0535420969857991,0.44565660320482603,0.0010823263787901856,0.8411438472454469,0.00023475052433408699,1.6634753896994736,0.0008162231918166823
41.66947281934956,0.9999999999999999,1174.8975549395302,1.1748975549395302,1.189477030611677,0.05473939132020359,0.47937598004584825,0.9452606086797964,0.8326268766200009,1.6923698289540412,1.05581402177872,0.4858195686438794,0.0011520374090011865,0.8327243019272657,0.00023706719130524008,1.6929325692877013,0.000831560867454595
41.66947281934956,0.9999999999999999,1258.9254117941662,1.2589254117941662,1.2736905816229027,0.056447125055525245,0.5171202042352145,0.9435528749444747,0.8250218512185272,1.7191107037412352,1.0582387353215863,0.523672780824979,0.001219734265068282,0.8251784699118897,0.0002395051721691375,1.7195755827227939,0.0008475377865399497
41.66947281934956,0.9999999999999999,1348.9628825916504,1.3489628825916504,1.3639168575336942,0.058169275704349994,0.5519387242967778,0.94183072429565,0.8183091424132641,1.742925786533741,1.0608326848857472,0.5586237733155028,0.0012852180867372633,0.8185175164059582,0.00024217375362903807,1.743307317981308,0.0008642441087414397
41.66947281934956,0.9999999999999999,1445.439770745928,1.4454397707459279,1.4605858838171024,0.059904828983270604,0.5833192587950023,0.9400951710167293,0.8124873435265041,1.7637534018222127,1.0636132497772721,0.5901716389586913,0.0013481954405371915,0.8127395697271688,0.0002451352500674485,1.7640709586462795,0.0008816700609939563
41.66947281934956,0.9999999999999999,1548.8166189124795,1.5488166189124795,1.5641584409380787,0.06165342470736302,0.6108603965446675,0.938346575292637,0.8075431096030709,1.7815755859446145,1.06659877339407,0.6179233736828926,0.0014082557707861517,0.8078309148606329,0.00024840748307213944,1.7818523393394807,0.0008997003768997913
41.66947281934956,0.9999999999999999,1659.5869074375562,1.6595869074375562,1.6751282634571423,0.06341542763017549,0.6342836377192269,0.9365845723698245,0.8034522380266811,1.7964192600127316,1.069808602344137,0.641605092535475,0.0014648739959978994,0.8037671040002388,0.0002519689103925255,1.7966809380579902,0.0009181212251759578
41.66947281934956,0.9999999999999999,1778.2794100389228,1.7782794100389228,1.794024396191467,0.0651919971218826,0.6534392188009658,0.9348080028781174,0.8001807178043265,1.8083558738581453,1.0732631336081715,0.6610674615853565,0.0015174384986859266,0.8005140258803791,0.0002557658628592125,1.8086294392737714,0.0009366381987009722
41.66947281934956,0.9999999999999999,1905.4607179632444,1.9054607179632443,1.921413718704581,0.06698515552586652,0.6683055088278457,0.9330148444741335,0.7976857755158976,1.817499546683572,1.0769838706139079,0.6762851624222936,0.001565299539171023,0.7980289627123847,0.00025972105399144535,1.817811894780879,0.0009549022246928342
41.66947281934956,0.9999999999999999,2041.7379446695318,2.041737944669532,2.057903650139926,0.06879785511959163,0.6789823131713986,0.9312021448804084,0.7959169344300572,1.8240038307989828,1.0809934889566455,0.6873506892915553,0.0016078294725162144,0.7962616520411954,0.0002637424450312256,1.8243805992413835,0.0009725393829655218
41.66947281934956,0.9999999999999999,2187.761623949552,2.187761623949552,2.204145047274208,0.07063404365860837,0.6856789112384436,0.9293659563413916,0.7948170932207259,1.8280573115663212,1.0853159123760665,0.6944632141267639,0.0016444847780661392,0.7951553608203947,0.0002677316526032669,1.8285218753915065,0.0009891806432975037
41.66947281934956,0.9999999999999999,2344.228815319918,2.344228815319918,2.360835309590239,0.072498728494459,0.6886980278922786,0.927501271505541,0.7943236221685811,1.8298783211364655,1.0899763994896459,0.6979135926108203,0.001674860755083203,0.7946479705339284,0.0002715913045273428,1.830451022689848,0.0010044882506091066
41.66947281934956,0.9999999999999999,2511.886431509582,2.511886431509582,2.5287217061586587,0.07439803922245314,0.688417158687176,0.9256019607775469,0.7943694677769685,1.829709080754921,1.095001641689754,0.6980667925850811,0.0016987321562279055,0.7946730653315294,0.0002752310004420159,1.8304067182977657,0.0010181765709383287
41.66947281934956,0.9999999999999999,2691.534803926914,2.691534803926914,2.7086049401798995,0.07633928873034099,0.685268725754887,0.923660711269659,0.794884251435522,1.8278095951092177,1.1004198725413374,0.6953430931046115,0.0017160761628701063,0.7951610099362393,0.0002785717571960455,1.8286451692756582,0.0010300263511478687
41.66947281934956,0.9999999999999999,2884.0315031266,2.8840315031266,2.9013429681760523,0.07833103238197742,0.6797204485014505,0.9216689676180225,0.7957953441550242,1.8244516047054857,1.106260988970235,0.690199337084217,0.00172707717351449,0.7960400005395051,0.0002815489842863233,1.8254343013660455,0.0010398923253947155
41.66947281934956,0.9999999999999999,3090.295432513592,3.090295432513592,3.1078550920423087,0.08038312488144737,0.6722571039665954,0.9196168751185526,0.7970288974589079,1.8199128636425919,1.1125566845094788,0.6831113480705233,0.001732115346616868,0.7972370699928242,0.00028411413755446665,1.8210482367626684,0.0010477048171547534
41.66947281934956,0.9999999999999999,3311.311214825908,3.311311214825908,3.329126343476002,0.08250677412494883,0.663364568898571,0.9174932258750512,0.7985108101792557,1.8144719570977081,1.119340594871092,0.6745583775325272,0.001731742459789443,0.7986790282559747,0.0002862352504181133,1.8157622664542412,0.001053466420075054
41.66947281934956,0.9999999999999999,3548.1338923357457,3.5481338923357457,3.566212181703425,0.08471459106410427,0.6535167240705168,0.9152854089358957,0.8001676120428914,1.8084038125036996,1.1266484561341668,0.6650101715482589,0.001726649399216615,0.8002933201393074,0.0002878965566555035,1.8098484683054692,0.001057245029806933
41.66947281934956,0.9999999999999999,3801.8939632056126,3.801893963205613,3.820243526927112,0.08702063428139749,0.6431655004143444,0.9129793657186025,0.8019272473632003,1.801975997405374,1.1345182758814976,0.6549169700982732,0.0017176296091580261,0.8020087846995677,0.00028909741158728524,1.8035720659401355,0.0010591645006814746
41.66947281934956,0.9999999999999999,4073.802778041122,4.073802778041122,4.0924321535271915,0.08944044762462973,0.6327340854521899,0.9105595523753702,0.803719745645719,1.7954458406781633,1.1429905176774897,0.6447025060839149,0.00170554231946366,0.8037563039891638,0.00028985070011624994,1.7971885707141868,0.0010593940772156483
41.66947281934956,0.9999999999999999,4365.158322401665,4.365158322401665,4.384076468776766,0.09199108887316286,0.6226131048053408,0.9080089111268371,0.805477770200197,1.7890583659054258,1.1521082993531164,0.6347598727669692,0.001691278550343973,0.8054693329572584,0.00029018089728621887,1.7909417032609531,0.0010581375553419571
41.66947281934956,0.9999999999999999,4677.351412871981,4.677351412871981,4.696567704680639,0.0946911470278998,0.6131594536667461,0.9053088529721002,0.8071370406366885,1.7830449882776507,1.1619176056519387,0.6254499859507099,0.001675731963031543,0.8070843068761366,0.0002901219235176402,1.7850620544430522,0.0010556229048742007
41.66947281934956,0.9999999999999999,5011.872336272715,5.011872336272715,5.031396552530161,0.09756074544554333,0.604697374539341,0.9024392545544566,0.8086366301053793,1.7776228999581616,1.1724675158862037,0.6171022809591942,0.0016597757301542542,0.8085409274303901,0.00028971491416432285,1.7797664188849496,0.0010520928639043917
41.66947281934956,0.9999999999999999,5370.317963702532,5.370317963702532,5.3901602718907125,0.10062152769485103,0.5975213517238406,0.899378472305149,0.8099191430289314,1.7729950528456444,1.183810447358291,0.6100172483424562,0.001644245835724864,0.8097823332810441,0.00028900600208705803,1.7752577173086381,0.0010477968174496218
41.66947281934956,0.9999999999999999,5754.399373371566,5.754399373371566,5.774570308015565,0.10389662272074936,0.5919004083202793,0.8961033772792506,0.8109307836030191,1.7693506406836088,1.1960024154129056,0.6044704166795498,0.0016299306288004,0.8107551652470321,0.00028804419262525087,1.7717254155875384,0.001042984107543728
41.66947281934956,0.9999999999999999,6165.95001861481,6.16595001861481,6.186460454119611,0.10741058568606461,0.5880834354805912,0.8925894143139353,0.8116213292751323,1.766865982737917,1.209103311103314,0.6007174249478353,0.0016175660565175484,0.8114095400129544,0.0002868793925922367,1.7693463472450293,0.001037898793983212
41.66947281934956,0.9999999999999999,6606.9344800759645,6.606934480075965,6.627795597559919,0.11118931074786126,0.5863052448736655,0.8888106892521388,0.8119440265727021,1.7657057168871508,1.223177197574643,0.5989998800916819,0.001607835775138912,0.8116989493002478,0.0002855606386755519,1.7682858503484127,0.001032775793122375
41.66947281934956,0.9999999999999999,7079.457843841374,7.079457843841373,7.100681091771297,0.11525991204466067,0.5867931043513277,0.8847400879553393,0.8118554289084295,1.7660242191675977,1.2382926263944025,0.5995517585151838,0.0016013752513677113,0.8115801036041329,0.0002841345559205524,1.7686991377187136,0.0010278382624697609
41.66947281934956,0.9999999999999999,7585.77575029182,7.585775750291821,7.607372798805699,0.1196505693514113,0.5897735865404313,0.8803494306485887,0.8113151972709449,1.767967178035905,1.2545229751870952,0.6026061760924306,0.0015987789846757198,0.8110127408279335,0.00028264406391091283,1.7707328296055902,0.0010232960658134028
41.66947281934956,0.9999999999999999,8128.305161640995,8.128305161640995,8.150287850537753,0.12439033522865725,0.5954796257892515,0.8756096647713427,0.8102858849911945,1.7716732636221444,1.2719468080649003,0.6084024148944882,0.0016006100700371366,0.8099594204168772,0.00028112733695478655,1.7745265892381341,0.0010193451411880546
41.66947281934956,0.9999999999999999,8709.635899560797,8.709635899560798,8.732016180042164,0.12950890107529295,0.6041577378519519,0.870491098924707,0.808732727087354,1.777275844119674,1.2906482604813905,0.6171931530710983,0.0016074114494773221,0.8083853229280099,0.0002796170151444921,1.7802148130165882,0.001016167596475874
41.66947281934956,0.9999999999999999,9332.543007969885,9.332543007969885,9.355332878336151,0.13503632030871734,0.6160754078029859,0.8649636796912826,0.806623453103061,1.7849047125626052,1.310717450278543,0.6292518956967127,0.0016197183470158531,0.8062580734338958,0.0002781396556301426,1.7879283378911053,0.0010139323698118141
41.66947281934956,0.9999999999999999,10000.0,10.0,10.023211435627891,0.14100268795165322,0.6315286950133707,0.8589973120483467,0.8039281399666552,1.7946877971967172,1.3322509168430214,0.6448806486102345,0.001638071528457228,0.803547604840289,0.0002767154078078671,1.7977961382565204,0.0010127963101808429
41.66947281934956,0.9999999999999999,10715.193052376047,10.715193052376048,10.738837930441072,0.1474377771990806,0.6508501404252975,0.8525622228009194,0.8006191183430659,1.8067528372589077,1.3553520904409209,0.6644179149034842,0.0016630311646495528,0.8002260742223524,0.00027535789226356176,1.8099469932475079,0.0010129055545363974
41.66947281934956,0.9999999999999999,11481.53621496884,11.481536214968841,11.505626234513402,0.15437063505506698,0.6744170921320205,0.845629364944933,0.7966709423694296,1.8212290132064384,1.3801317939604962,0.6882471258263538,0.0016951911987687694,0.7962678417894218,0.00027407426105054123,1.8245111125664755,0.0010143970992075259
41.66947281934956,0.9999999999999999,12302.68770812381,12.30268770812381,12.32723430621274,0.1618291408344188,0.7026605918944284,0.8381708591655812,0.79206042872052,1.838248526330007,1.4067087794585371,0.7168056458335019,0.0017351942230021799,0.7916495182272385,0.00027286541597163323,1.841621714942428,0.0010174004838113513
41.66947281934956,0.9999999999999999,13182.567385564047,13.182567385564047,13.20758165040701,0.16983953316653191,0.7360749892465801,0.8301604668334681,0.7867667668056035,1.8579481273635254,1.4352103020838287,0.7505945167557382,0.0017837469582922274,0.7863500820997225,0.0002717263617028477,1.8614165580974857,0.0010220395244567781
41.66947281934956,0.9999999999999999,14125.375446227554,14.125375446227554,14.150868028278339,0.1784259130487825,0.7752284727398763,0.8215740869512175,0.7807716977235521,1.880470597317069,1.4657727341359756,0.7901891300831172,0.0018416365046827455,0.7803510648851042,0.00027064667154165256,1.8840394228224007,0.0010284340492684885
41.66947281934956,0.9999999999999999,15135.612484362071,15.13561248436207,15.161593506523163,0.1876097323869311,0.8207747310303578,0.8123902676130689,0.7740597555656343,1.905966186471856,1.4985422222158487,0.8362510404660106,0.0019097475922209707,0.7736367972398316,0.00026961104500033197,1.9096415565843272,0.001036701603043623
41.66947281934956,0.9999999999999999,16218.100973589266,16.218100973589266,16.244579941751237,0.19740927922906182,0.8734659811819011,0.8025907207709382,0.7666185609202435,1.934594019444754,1.5336753906321834,0.8895411590472694,0.0019890811165600695,0.766194706391558,0.00026859993813276587,1.938383084162513,0.0010469590992499649
41.66947281934956,0.9999999999999999,17378.00828749376,17.378008287493763,17.404994002717668,0.20783917243622804,0.9341676288965152,0.7921608275637719,0.7584391531564435,1.9665234756054895,1.5713400944523772,0.9509345933084467,0.002080774292620798,0.7580156513162772,0.00026759024916138283,1.9704343942751152,0.0010593244067781207
41.66947281934956,0.9999999999999999,18620.871366628657,18.620871366628656,18.64837184033116,0.21890987972337836,1.0038748564592606,0.7810901202766216,0.7495163453873719,2.001935555042968,1.611716225821876,1.0214374318456794,0.0021861228069689096,0.7490942796986338,0.00026655604349198317,2.0059775121541166,0.00107391786612759
41.66947281934956,0.9999999999999999,19952.62314968875,19.952623149688748,19.98064552320977,0.23062727373907388,1.0837314700272491,0.7693727262609261,0.7398490840639771,2.0410242408451635,1.654996577430399,1.102205808938018,0.0023066053977499564,0.7394293887348078,0.0002654693034569871,2.045207468659322,0.0010908637353140883
41.66947281934956,0.9999999999999999,21379.620895022323,21.379620895022324,21.408171364940646,0.24299224103670222,1.175051379498944,0.7570077589632977,0.7294407940248585,2.0839978687704805,1.701387767273589,1.1945676259712337,0.002443911342634286,0.729024270715319,0.0002643006890607553,2.088333676893315,0.0011102915700031155
41.66947281934956,0.9999999999999999,22908.6765276777,22.908676527677702,22.9377602781887,0.2560003583511335,1.2793431326196953,0.7439996416488666,0.7182996895942267,2.131080515533574,1.7511112291487878,1.3000473557946333,0.002599971392572948,0.7178870240895696,0.0002630202966185914,2.1355813274668667,0.0011323375454511076
41.66947281934956,0.9999999999999999,24547.089156850234,24.547089156850234,24.576710300431408,0.26964164949218455,1.3983379812889234,0.7303583505078155,0.7064390330078125,2.1825134169593694,1.804404273634182,1.4203944130384747,0.0027769927543956695,0.7060308113950141,0.00026159840253877443,2.1871928136335104,0.0011571457299915128
41.66947281934956,0.9999999999999999,26302.679918953814,26.302679918953814,26.332841446418776,0.2839004343969001,1.5340220234434498,0.7160995656031,0.6938773230381288,2.2385564272343226,1.8615212246327804,1.5576156395204146,0.00297749880044138,0.6934740470176468,0.00026000617968976775,2.2434291975136382,0.0011848693212282413
41.66947281934956,0.9999999999999999,28183.82931264449,28.18382931264449,28.21453305352699,0.2987552794859967,1.6886730397125642,0.7012447205140033,0.680638399125024,2.2994895304359186,1.922734636920882,1.714012530470837,0.0032043742705343647,0.6802405001756565,0.0002582163739461893,2.3045717286030327,0.0012156718569554371
41.66947281934956,0.9999999999999999,30199.51720402019,30.19951720402019,30.23076379804078,0.3141790555285444,1.8649027317729947,0.6858209444714556,0.6667514494850955,2.3656144154822747,1.9883366005225707,1.8922239159248255,0.0034609168327927303,0.6663593016764906,0.00025620392875400116,2.370923425738443,0.0012497284132454293
41.66947281934956,0.9999999999999999,32359.36569296281,32.35936569296281,32.39115457311742,0.3301391058554674,2.0657051706750407,0.6698608941445325,0.652250915422095,2.437256125634899,2.0586401381435957,2.0952749139857794,0.0037508959872041866,0.6518648467374235,0.0002539465460319701,2.442810733696498,0.0012872268022492692
41.66947281934956,0.9999999999999999,34673.68504525309,34.673685045253094,34.706014432831736,0.3465975241337292,2.2945123803109264,0.6534024758662709,0.637176288201833,2.514764793725721,2.1339807023394424,2.3266330907331088,0.004078620432061901,0.6367965902931438,0.00025142517254862247,2.520585265649614,0.0013283687821311913
41.66947281934956,0.9999999999999999,37153.52290971728,37.153522909717275,37.18638982132029,0.36351153719886525,2.5552581158829453,0.6364884628011347,0.6215717991763914,2.598517474375224,2.214717779565824,2.5902728975789566,0.004449015170927109,0.6211987355280277,0.0002486244021647595,2.6046256428047934,0.001373371291286794
41.66947281934956,0.9999999999999999,39810.71705534969,39.81071705534969,39.84411732172617,0.38083398483561604,2.852451052270215,0.619166015164384,0.6054860081188154,2.6889200846310684,2.30123660876863,2.890749613473815,0.004867709819847476,0.6051198206405941,0.000245532786050617,2.6953394427184207,0.0014224677186403028
41.66947281934956,0.9999999999999999,42657.95188015917,42.65795188015917,42.691880176456046,0.398513885083748,3.191258775536074,0.601486114916252,0.5889712987397135,2.786409464690577,2.393950022716141,3.233284199497291,0.005341139784601018,0.588612212851777,0.00024214304516317455,2.793165268017521,0.0014759092214305582
41.66947281934956,0.9999999999999999,45708.818961487515,45.708818961487516,45.743268848276266,0.4164970708009334,3.577604175864899,0.5835029291990665,0.5720832938979066,2.8914555706822456,2.4933004208607175,3.623860680479539,0.005876662219764692,0.5717315222036647,0.00023845218184129517,2.898574947570541,0.0015339661015215666
41.66947281934956,0.9999999999999999,48977.88193684456,48.97788193684456,49.0128459110923,0.43472688097992435,4.018276075860468,0.5652731190200757,0.5548802059181276,3.00456381187042,2.5997618831483114,4.069337906323641,0.006482688960022123,0.5545359505902159,0.0002344614902361559,3.01207588254128,0.0015969292509437542
41.66947281934956,0.9999999999999999,52480.746024977125,52.48074602497712,52.516215579956835,0.4531448887979077,4.521056198875395,0.5468551112020923,0.5374221395614835,3.1262775451185565,2.7138424348624746,4.577577819175609,0.00716883893462565,0.5370855935881884,0.0002301764682978297,3.134213550231132,0.00166511167711287
41.66947281934956,0.9999999999999999,56234.13251903491,56.23413251903491,56.27009821202985,0.4716916476289226,5.094864893031933,0.5283083523710774,0.5197703664819766,3.2571807400011044,2.8360864733172546,5.1575926667249465,0.00794611294439441,0.5194417139381107,0.00022560663701945075,3.265574179168052,0.0017388501180008971
41.66947281934956,0.9999999999999999,60255.958607435685,60.25595860743569,60.29241013398891,0.4903074362865208,5.749928383758779,0.5096925637134793,0.5019865904217892,3.3979008285912866,2.9670773679844493,5.8197139627112096,0.008827094104083243,0.5016660059379816,0.0002207652754262779,3.406787609539279,0.0018185067574615246
41.66947281934956,0.9999999999999999,64565.422903465624,64.56542290346562,64.60234917685902,0.5089329855455873,6.497970737837604,0.4910670144544127,0.48413222197765615,3.54911175467801,3.107440246469229,6.575786410036862,0.009826177739442311,0.48381986958597933,0.00021566908222690658,3.558530353788831,0.0019044710509462314
41.66947281934956,0.9999999999999999,69183.09709189362,69.18309709189363,69.22048632651124,0.5275101694411991,7.352434192937697,0.4724898305588009,0.46626768058729795,3.7115372379773244,3.2578449796413698,7.439390477654641,0.010959835087081609,0.4659637121189454,0.00021033777698253392,3.7215288730134723,0.0019971616719905243
41.66947281934956,0.9999999999999999,74131.02413009162,74.13102413009162,74.16886392732796,0.5459826468462498,8.328732047411796,0.45401735315375025,0.44845173955277506,3.8859542698060543,3.419009380176692,8.426097868690832,0.012246915787004672,0.44815629275558044,0.0002047936549992363,3.896563085694461,0.0020970285901020626
41.66947281934956,0.9999999999999999,79432.82347242821,79.43282347242821,79.47110090784162,0.5642964412532543,9.444538926079318,0.4357035587467457,0.4307409275784194,4.073196857684082,3.591702629787935,9.553764744510888,0.01370899489461721,0.4304541241094746,0.00019906111085374415,4.0844701262989815,0.0022045552910411824
41.66947281934956,0.9999999999999999,85113.80382023759,85.11380382023759,85.15250553071579,0.5824004493818831,10.720123950645789,0.41759955061811693,0.413188997613093,4.274160037421169,3.7767489515152506,10.84286828961681,0.015370770985218284,0.4129109410447259,0.0001931661455174743,4.286148372379527,0.0023202611509470688
41.66947281934956,0.9999999999999999,91201.08393559078,91.20108393559079,91.24019620538843,0.6002468720539469,12.17873316197676,0.3997531279460531,0.39584647090958747,4.489804172439588,3.9750315446167575,12.31689302913557,0.017260522895580624,0.3955772448672338,0.00018713587148266327,4.5025617599939824,0.0024447039763242275
41.66947281934956,0.9999999999999999,97723.72209558112,97.72372209558112,97.76323094020007,0.6177915635816529,13.847028481244779,0.3822084364183471,0.37876026130268226,4.721159561379326,4.187496800857975,14.002774260013936,0.01941063376277627,0.37849992783133,0.00018099802919173194,4.734744408569054,0.0025784827225611632
41.66947281934956,0.9999999999999999,104712.85480508985,104.71285480508985,104.75274605209798,0.6349942985802988,15.755591575988198,0.36500570141970123,0.36197338189839645,4.969331376439639,4.415158822338864,15.931407047016243,0.02185819230120339,0.3617219801316135,0.0001747805265278631,4.983805577740062,0.0027222404044029507
41.66947281934956,0.9999999999999999,112201.84543019607,112.20184543019607,112.24210479621418,0.6518189575408394,17.939502235972025,0.3481810424591606,0.3455247337751052,5.235504956433415,4.659104262438132,18.13823048605066,0.02464568272926505,0.3452822789582488,0.00016851101125993037,5.250934980226154,0.0028766672126381695
41.66947281934956,0.9999999999999999,120226.4434617413,120.22644346174131,120.26705662496536,0.6682336346066322,20.439002286073823,0.3317663653933678,0.3294489740105341,5.5209514801724895,4.920497512998206,20.663898374139126,0.027821776445433145,0.32921545690833653,0.0001622164842737812,5.537408476448155,0.0030425038521885712
41.66947281934956,0.9999999999999999,128824.95516931322,128.82495516931323,128.86590783707598,0.6842106727418809,23.300257696438816,0.31578932725811915,0.31377645842662805,5.827034047574019,5.200586262524833,23.555049074954574,0.03144224049173595,0.3135518451258439,0.00015592295928629226,5.844594178373928,0.003220545117805371
41.66947281934956,0.9999999999999999,138038.4264602881,138.0384264602881,138.07970443129662,0.6997266328330539,26.576233425062345,0.3002733671669461,0.29853325291944954,6.155214197786775,5.500707451948909,26.8651892627994,0.035570980068060844,0.2983174850202289,0.00014965517263915298,6.173958991990705,0.0034116437246807297
41.66947281934956,0.9999999999999999,147910.8388168207,147.9108388168207,147.9524280378315,0.714762204228173,30.327697680559783,0.28523779577182695,0.2837412061213298,6.507058895686497,5.822293656389584,30.655708402378856,0.0402812349155613,0.2835342012966656,0.00014343634479909,6.527075629863175,0.0036167144124784143
41.66947281934956,0.9999999999999999,158489.3192461111,158.48931924611108,158.53120586291942,0.7293020648100744,34.62437476436419,0.2706979351899256,0.2694180754135188,6.884248020296577,6.166879923398211,34.99704331830001,0.04565695232071659,0.2692197283048382,0.00013728799342239043,6.9056301274506575,0.0038367383425776114
41.66947281934956,0.9999999999999999,169824.3652461746,169.8243652461746,169.86653564889784,0.743334698950785,39.54626848915461,0.25666530104921503,0.2555776979396045,7.288582391060374,6.536111100333615,39.970015074613315,0.05179436285924507,0.2553878813482646,0.00013122979632409145,7.311429899236069,0.004072767809712229
41.66947281934956,0.9999999999999999,181970.08586099825,181.97008586099827,182.0125267237238,0.7568521816490724,45.18518142818323,0.24314781835092758,0.24223019822078096,7.7219923704347675,6.93174968585764,45.6673636756713,0.05880378886542955,0.24204876454975732,0.00012527950145453754,7.746412373272577,0.004325931290679244
41.66947281934956,0.9999999999999999,194984.45997580414,194.98445997580416,195.0271582907495,0.7698499368603166,51.646458990633526,0.23015006313968345,0.22938222419390597,8.186547084005888,7.355684243037914,52.19550987804928,0.06681172005139416,0.22920900709105962,0.00011945288003698933,8.212654245496767,0.004597438854391565
41.66947281934956,0.9999999999999999,208929.6130854041,208.9296130854041,208.97255619180098,0.7823264775393372,59.05099161271174,0.21767352246066285,0.2170372039293198,8.684464302260226,7.8099384142264885,59.676577741422484,0.0759631957972289,0.21687202008309056,0.0001137637183522678,8.712381398097572,0.004888587959268451
41.66947281934956,0.9999999999999999,223872.11385683378,223.87211385683378,223.9152894647989,0.7942831342833608,67.53751328479481,0.20571686571663916,0.205195615885011,9.218121031281713,8.296680580754265,68.25071652707747,0.08642453948401298,0.20503826692455626,0.00010822384324970605,9.247979529385765,0.005200769665798964
41.66947281934956,0.9999999999999999,239883.29190194848,239.8832919019485,239.92668811164233,0.8057237787306626,77.26524029616729,0.1942762212693374,0.19385526626629201,9.790064863023895,8.818234213557156,78.07876627134449,0.09838649695951902,0.193705540720981,0.00010284317628873151,9.822005545992761,0.005535475294088788
41.66947281934956,0.9999999999999999,257039.57827688646,257.03957827688646,257.0831835932905,0.8166545470849136,88.41690057847164,0.18334545291508642,0.18301156784126094,10.403026139412335,9.377088964148545,89.34531792694797,0.11206783893904786,0.18286924311824904,9.762981143746583e-05,10.437199771854445,0.005894303558317907
41.66947281934956,0.9999999999999999,275422.87033381633,275.4228703338163,275.4666736774749,0.8270835683306327,101.20221149162813,0.17291643166936732,0.17265781537191083,11.0599309884128,9.975912548884528,102.2622265036271,0.12771949599884772,0.1725226597152213,9.2590111436522e-05,11.09649903232561,0.006278968212305878
41.66947281934956,0.9999999999999999,295120.9226666378,295.1209226666378,295.1649133807216,0.8370207009125602,115.86187246395599,0.1629792990874398,0.16278545362677355,11.763915294350657,10.617563483255994,117.0726442944467,0.14562930498612792,0.1626572280263726,8.772881824069515e-05,11.803050675940192,0.006691306242814082
41.66947281934956,0.9999999999999999,316227.7660168379,316.2277660168379,316.27193387088636,0.8464772808948698,132.67214873554292,0.15352271910513016,0.15338433471720792,12.518339669220687,11.305104726997287,134.0556512113966,0.16612745734201023,0.1532627947418448,8.304917334349095e-05,12.56022760079959,0.007133286649820535
41.66947281934956,0.9999999999999999,338844.15613920207,338.8441561392021,338.88849132989696,0.8554658839118098,151.95013374848673,0.14453411608819022,0.14444296222659336,13.326805496497734,12.041818305148873,153.5315706631979,0.18959275323504024,0.144327859759368,7.855304423784439e-05,13.371644357362054,0.007607019855797737
41.66947281934956,0.9999999999999999,363078.0547701003,363.07805477010027,363.12254791941353,0.864000102581861,174.0597906953758,0.135999897418139,0.13594872026619642,14.193172124071443,12.831220974872371,175.86807250771773,0.21645978078913916,0.13583980512676364,7.424105374372096e-05,14.241174404538771,0.008114767789018774
41.66947281934956,0.9999999999999999,389045.1449942805,389.04514499428046,389.08978714532446,0.8720943404898598,199.4188886261877,0.1279056595101402,0.1278880861849352,15.121575288408433,13.677081012799874,201.4871796514172,0.24722715735514933,0.12778510762686635,7.011270941695183e-05,15.17296860150179,0.008658954689126218
41.66947281934956,0.9999999999999999,416869.38347033464,416.86938347033464,416.9141660812252,0.8797636233483065,228.50696560836573,0.12023637665169351,0.12024682617871907,16.11644685792153,14.583436203059954,230.87331213640707,0.2824669900571322,0.12014953425470257,6.61665307256655e-05,16.171475023504726,0.009242178686639149
41.66947281934956,0.9999999999999999,446683.5921509635,446.6835921509635,446.7285070869875,0.8870234275303892,261.87447106157776,0.11297657246961079,0.11301017348807063,17.18253598981253,15.554613111845832,264.5825223819593,0.3228357361308436,0.11291832027924817,6.240017212755796e-05,17.241460196333698,0.009867224211760468
41.66947281934956,0.9999999999999999,478630.092322638,478.630092322638,478.6751318469969,0.8938895258200218,300.15326192344793,0.10611047417997821,0.10616298924242218,18.32493180140828,16.595247740528297,303.2530980107015,0.36908667030742814,0.10607632995133733,5.881054059347899e-05,18.38803185077373,0.010537075291798493
41.66947281934956,0.9999999999999999,512861.38399136375,512.8613839913637,512.90654075474,0.9003778499439326,344.0686531751787,0.09962215005606745,0.09968990631035857,19.549087664227013,17.710307655914928,347.6177348254621,0.42208419719140805,0.09960820021956349,5.53939064943317e-05,19.616663305730775,0.011254929800752234
41.66947281934956,0.9999999999999999,549540.8738576248,549.5408738576248,549.5861408868002,0.9065043692312532,394.45325296203026,0.09349563076874678,0.09357545675249634,20.860847236762844,18.905115703282814,398.5175125102404,0.4828202818250151,0.09349846805300432,5.214600709599514e-05,20.933219596420127,0.012024214729147775
41.66947281934956,0.9999999999999999,588843.6553555884,588.8436553555885,588.8890260413172,0.9122849845819749,452.2628466500927,0.08771501541802507,0.08780418365430498,22.266472360269173,20.185375415388528,456.9179400818347,0.5524333120946598,0.08773168214972621,4.906214219004572e-05,22.343985472360508,0.012848602547078477
41.66947281934956,0.9999999999999999,630957.3444801917,630.9573444801918,631.0028125645148,0.9177354368081565,518.5946333202654,0.0822645631918435,0.08236073824671408,23.77267295071585,21.557198238746277,523.9273776758545,0.632229753093137,0.08229249994014833,4.6137261627457175e-05,23.855695398838627,0.013732028738614413
41.66947281934956,0.9999999999999999,676082.9753919819,676.0829753919819,676.1285349551438,0.9228712283362652,594.7081631613735,0.07712877166373477,0.07722996330970644,25.386639029627954,23.027132707135788,600.8181866681347,0.7237090068909141,0.07716577088136811,4.336604472052184e-05,25.475565705068362,0.01467871059133219
41.66947281934956,0.9999999999999999,724435.9600749891,724.4359600749891,724.4816055221037,0.9277075572175264,682.0493758450561,0.0722924427824736,0.0723969639050368,27.11607504670363,24.602195701608476,689.0510122784817,0.8285919524113455,0.07233660708908585,4.0742971638102276e-05,27.211329032516836,0.01569316733070339
41.66947281934956,0.9999999999999999,776247.1166286896,776.2471166286896,776.2928426824491,0.9322592623807706,782.278199247666,0.06774073761922939,0.06784716650422462,28.96923665829416,26.289905946409558,790.3026626873441,0.9488537104331944,0.0677904423736012,3.826238704447508e-05,29.071271248070765,0.016780241695625864
41.66947281934956,0.9999999999999999,831763.7711026708,831.7637711026708,831.8095727781215,0.9365407790690881,897.3002358623634,0.06345922093091194,0.06356636757726075,30.95497013622887,28.09831989972762,906.4981173649762,1.0867612593882032,0.06351308074535945,3.5918556328708664e-05,31.064270997169594,0.017945123057489607
41.66947281934956,0.9999999999999999,891250.938133744,891.2509381337441,891.2968107296016,0.9405661034375539,1029.3031425445872,0.05943389656244613,0.05954077267619495,33.082754597206694,30.036070212507045,1039.8472764078697,1.2449166205131588,0.059490735424088656,3.3705714835718955e-05,33.19984208782575,0.019193372194400763
41.66947281934956,0.9999999999999999,954992.5860214368,954.9925860214369,955.0385250600291,0.9443487653175018,1180.7983986141116,0.05565123468249822,0.05575702702301055,35.36274725067994,32.1124069355664,1192.887152965082,1.426306436944885,0.055710059360655574,3.161811056348616e-05,35.48817890418471,0.02053094783670482
41.66947281934956,0.9999999999999999,1023292.9922807536,1023.2929922807535,1023.338993634836,0.9479018082308425,1354.6692612763022,0.05209819176915753,0.05220223853558825,37.80583189219206,34.33724168172041,1368.5303158318047,1.634358894661437,0.05215816820509166,2.9650040803575534e-05,37.94020507741363,0.02196423511698187
41.66947281934956,0.9999999999999999,1096478.196143183,1096.478196143183,1096.5242558865355,0.9512377757366225,1554.2258231743042,0.04876222426337751,0.04886399422841714,40.42367084854357,36.72119493083295,1570.1205063135985,1.873009070579115,0.04882265665695164,2.7795883246751966e-05,40.567625621052116,0.0235000760456116
41.66947281934956,0.9999999999999999,1174897.5549395303,1174.8975549395304,1174.9436693791072,0.9543687033499806,1783.2682265195374,0.045631296650019415,0.045730370767707806,43.22876065573719,39.275646733664566,1801.4964945186116,2.146773958806956,0.045691608977190344,2.6050122022223664e-05,43.38298281280581,0.025145802176757295
41.66947281934956,0.9999999999999999,1258925.411794166,1258.9254117941662,1258.971577458043,0.9573061152417423,2046.159240353104,0.04269388475825775,0.04278993999268754,46.23449171100637,42.0127910342435,2067.065393885383,2.4608386064597667,0.042753604472770296,2.4407369181886066e-05,46.39971606497521,0.02690926960636012
41.66947281934956,0.9999999999999999,1348962.8825916506,1348.9628825916507,1349.009096217364,0.9600610250497791,2347.9075887054164,0.03993897495022092,0.04003177009191028,49.455212193379325,44.94569387892172,2371.8868358075033,2.821155005426613,0.03999771864230178,2.2862382091288458e-05,49.63222607903563,0.02879889647490593
41.66947281934956,0.9999999999999999,1445439.770745928,1445.439770745928,1445.4860292692233,0.9626439401771916,2694.2636221898124,0.03735605982280843,0.037445423079079054,52.90629655629279,48.08835578848766,2721.769613067574,3.2345556293998285,0.037413520626639905,2.1410077176963557e-05,53.09594358901563,0.030823703153064697
41.66947281934956,0.9999999999999999,1548816.6189124796,1548.8166189124795,1548.8629194564853,0.9650648690164563,3091.829161618016,0.03493513098354373,0.035020949147881675,56.60421891923324,51.45577859110542,3123.382639239243,3.7088837854900922,0.03499106754341373,2.0045540451628002e-05,56.80740302183193,0.03299335530204683
41.66947281934956,0.9999999999999999,1659586.9074375562,1659.5869074375562,1659.633247302391,0.967333330597455,3548.1836131249825,0.032666669402545034,0.032748878425877925,60.56663170874263,55.06403703510504,3584.3823448692783,4.253143271116277,0.03272089622499824,1.8764035209882768e-05,60.78432142620926,0.03531821001424155
41.66947281934956,0.9999999999999999,1778279.410038923,1778.2794100389228,1778.325786691742,0.9694583662124552,4072.028765326978,0.03054163378754482,0.030620210591202346,64.81244992418782,58.93035552346767,4113.5589454463425,4.877670195830343,0.030594012823198603,1.7561007256963456e-05,65.04568304695904,0.03780936525440272
41.66947281934956,0.9999999999999999,1905460.7179632443,1905.4607179632444,1905.5071290287249,0.9714485526226854,4673.355036154713,0.02855144737731463,0.028626402763163195,69.36194143055559,63.07319033632807,4721.004376907091,5.594330251372378,0.02860188069126212,1.6432088002695576e-05,69.6118299483438,0.040478712837404264
41.66947281934956,0.9999999999999999,2041737.9446695233,2041.7379446695234,2041.7843879207849,0.9733120164989519,5363.63234702468,0.026687983501048063,0.0267593560289463,74.23682370928357,67.51231773395237,5418.305108618687,6.416745199646043,0.026736406904990913,1.5373095722796074e-05,74.50455911913147,0.04333899519546932
41.66947281934956,0.9999999999999999,2187761.623949552,2187.761623949552,2187.8080972995076,0.9750564497925848,6156.029272783757,0.024943550207415233,0.025011400923644067,79.46036752898725,72.26892836080513,6218.763519326633,7.360552906756811,0.024989927739778962,1.4380035260544443e-05,79.7472265228766,0.04640386620586126
41.66947281934956,0.9999999999999999,2344228.815319918,2344.228815319918,2344.2753168130507,0.976689125772926,7065.664656376177,0.023310874227074008,0.023375282139717735,85.05750803096757,77.36572840131831,7137.6520675622,8.443705892443994,0.023355193379316318,1.3449096414002458e-05,85.36485859012798,0.04968795636941235
41.66947281934956,0.9999999999999999,2511886.4315095823,2511.8864315095825,2511.9329593141306,0.9782169155040028,8109.896497773517,0.021783084495997196,0.02184414270468249,91.05496375977016,82.82704797025414,8192.505114899626,9.686814100415965,0.02182535209441351,1.2576651227660664e-05,91.38427168478444,0.05320694265103223
41.66947281934956,0.9999999999999999,2691534.803926914,2691.534803926914,2691.5813563274605,0.9796463045653822,9308.65363924531,0.020353695434617847,0.0204115078321101,97.48136420700793,88.67895725508359,9403.453980223687,11.113538440339084,0.02039393409674871,1.1759250382794358e-05,97.834200114879,0.05697762331558823
41.66947281934956,0.9999999999999999,2884031.5031266,2884.0315031266,2884.0780785170527,0.9809834098519102,10684.816587146088,0.019016590148089763,0.019071268620822535,104.36738647729315,94.94939096477455,10793.611629578023,12.751042622699183,0.019054835242137164,1.0993618858018782e-05,104.74543329887332,0.061017998116405146
41.66947281934956,0.9999999999999999,3090295.432513592,3090.295432513592,3090.342029390536,0.982233996312548,12264.654749693731,0.01776600368745196,0.01781766575016086,111.74590172865871,101.66828167907897,12389.514355003277,14.630511921989699,0.017802300730971027,1.0276651010572494e-05,112.15096274223339,0.06534735421916911
41.66947281934956,0.9999999999999999,3311311.2148259077,3311.311214825908,3311.357831782324,0.9834034935122026,14078.328448678876,0.016596506487797424,0.016645273295244345,119.65213208652796,108.86770273486836,14221.628885189935,16.787748782996996,0.016630908929534532,9.605405209718592e-06,120.08613952589724,0.06998635827140942
41.66947281934956,0.9999999999999999,3548133.892335746,3548.133892335746,3548.1805280550757,0.9844970119204521,16160.46530128147,0.015502988079547864,0.015548982764958419,128.12381878028,116.58202133159712,16324.934621585171,19.263856653798207,0.015535555414743475,8.977098136284728e-06,128.588843058428,0.07495715505706672
41.66947281934956,0.9999999999999999,3801893.9632056127,3801.8939632056126,3801.940616456157,0.9855193588491038,18550.821989852026,0.0144806411508962,0.014523987446774411,137.2014023050131,124.84806258678086,18739.592129714765,22.10602511553788,0.01451143732625344,8.389098846695695e-06,137.69966189740126,0.08028347320708165
41.66947281934956,0.9999999999999999,4073802.778041122,4073.802778041122,4073.8494476707597,0.9864750539763205,21295.044069833137,0.013524946023679485,0.013565767126202721,146.9282154685417,133.7052853245753,21511.71066437327,25.368431315357043,0.013554038093594806,7.838922685791971e-06,147.46208750319943,0.08599073847063217
41.66947281934956,0.9999999999999999,4365158.322401647,4365.158322401648,4365.205007332858,0.9873683444083179,24445.538340140803,0.012631655591682112,0.012670073234475776,157.35069024516906,143.1959704366682,24694.229400513985,29.113274932016548,0.012659112591810575,7.324225120175024e-06,157.92272185012445,0.09210619508773227
41.66947281934956,0.9999999999999999,4677351.412871981,4677.351412871981,4677.398112097156,0.9882032192418528,28062.474452108974,0.011796780758147163,0.011832914465756739,168.51857942362386,153.36542271458987,28347.92921532233,33.411966456287644,0.011822672766784852,6.842795552668777e-06,169.13149988587128,0.09865903584257794
41.66947281934956,0.9999999999999999,5011872.336272715,5011.872336272715,5011.919048849748,0.988983423600346,32214.93490373412,0.011016576399654032,0.01105054289455043,180.4851941072971,164.2621871169183,32542.59436264967,38.34649149887952,0.011040973760855,6.392551168621776e-06,181.14192790130312,0.10568054141846388
41.66947281934956,0.9999999999999999,5370317.963702532,5370.317963702532,5370.364688750669,0.9897124721255929,36982.235402539045,0.01028752787440712,0.010319440614909192,193.30765820044465,175.93828050382234,37358.34624641774,44.01097720355705,0.010310500560220807,5.971530856091235e-06,194.0113389484152,0.11320422971950266
41.66947281934956,0.9999999999999999,5754399.373371567,5754.399373371567,5754.446110067506,0.9903936619140692,42455.440837278366,0.00960633808593081,0.009636306915276172,207.04718109520053,188.44943994502177,42887.1747895521,50.51349070648765,0.009627955177929434,5.5778892343403236e-06,207.80116652573992,0.12126601587194365
41.66947281934956,0.9999999999999999,6165950.01861481,6165.95001861481,6165.996766189039,0.9910300848931732,48739.1058380938,0.008969915106826765,0.00899804599624432,221.7693498611023,201.85538878660958,49234.6966723846,57.97810401862966,0.008990244379665804,5.209890818437591e-06,222.57723783767648,0.12990438366888324
41.66947281934956,0.9999999999999999,6606934.480075965,6606.9344800759645,6606.981237809314,0.9916246396378854,55953.27319813081,0.008375360362114614,0.008401755233006791,237.5444423319449,216.22012174678056,56522.17405145205,66.54726480088901,0.008394467954080997,4.865904341981954e-06,238.41008802763344,0.13916056927676876
41.66947281934956,0.9999999999999999,7079457.843841373,7079.457843841373,7079.504611061792,0.9921800426327682,64235.768359058995,0.007819957367231845,0.007844713979688778,254.44776258444065,231.61221040137883,64888.83234916493,76.38451834923735,0.007837907524809564,4.544397254989625e-06,255.37529688501752,0.1490787580806467
41.66947281934956,0.9999999999999999,7585775.750291821,7585.77575029182,7585.822526371341,0.9926988389874786,73744.83382281559,0.007301161012521429,0.007324372908955712,272.5600004102511,248.10513051762842,74494.52142209324,87.67763282074736,0.007318015897550443,4.243930409692373e-06,273.55384963338054,0.15970629560781294
41.66947281934956,0.9999999999999999,8128305.161640995,8128.305161640995,8128.351945992889,0.9931834126172198,84662.15385008357,0.006816587382780237,0.006838343877221598,291.96761649723766,265.7776127984543,85522.77097991071,100.64218743992564,0.006832406932509913,3.963152943327877e-06,293.03252352197273,0.1710939135367346
41.66947281934956,0.9999999999999999,8709635.899560796,8709.635899560795,8709.68269163691,0.9936359959014691,97196.32726717506,0.006364004098530884,0.006384390303299403,312.7632551587423,284.7140187118607,98184.29866387096,115.5256922751689,0.006378845930033952,3.700797363881971e-06,313.90430206614195,0.18329597187011468
41.66947281934956,0.9999999999999999,9332543.007969886,9332.543007969885,9332.589807258139,0.9940586788363838,111586.85476933107,0.005941321163616231,0.005960418046384364,335.04618658103414,305.00474319933903,112721.03784712554,132.61231833684934,0.00595524051531095,3.4556748421060475e-06,336.268818914014,0.19637071842815554
41.66947281934956,0.9999999999999999,10000000.0,10000.0,10000.046806022048,0.9944534176974036,128108.716944073,0.0055465823025964145,0.005564466767763565,358.92278070007364,326.74664618569284,129410.76215463561,152.22832841563542,0.005559632006530562,3.2266707109186265e-06,360.23283345827446,0.21038056690071752
