pc,kappa_0.0109158,kappa_0.109158,kappa_1.09158,kappa_10.9158,kappa_109.158
1.000000000000000000e+00,1.709500206612446689e-04,1.899812225590353110e-04,3.959565907761295562e-04,3.668721318531755881e-03,4.475800182160653146e-02
2.000000000000000000e+00,4.550483719301451541e-04,5.052631389964578343e-04,1.044004695724994611e-03,8.983126538409803852e-03,8.317882066271532759e-02
3.000000000000000000e+00,6.905886117320904479e-04,7.664684887415041574e-04,1.577114493028436773e-03,1.310374959527830542e-02,1.075046745824401601e-01
4.000000000000000000e+00,9.439486448321120866e-04,1.047332526396949244e-03,2.148299286377109742e-03,1.739165321918983986e-02,1.306188833367840918e-01
5.000000000000000000e+00,1.196375586012755638e-03,1.327089109980608000e-03,2.715783287104300663e-03,2.156529310261035351e-02,1.517916600104569358e-01
6.000000000000000000e+00,1.525018970691370546e-03,1.691165567789467469e-03,3.451383744111848235e-03,2.680776903974583722e-02,1.761317870788800255e-01
7.000000000000000000e+00,2.074595089815757520e-03,2.298854964882767783e-03,4.657108484149936369e-03,3.429928557364946007e-02,2.010647680431384143e-01
8.000000000000000000e+00,2.427366281968475290e-03,2.688710279740201027e-03,5.426464296785356474e-03,3.889764160731276621e-02,2.151738328023674873e-01
9.000000000000000000e+00,2.873736288049520433e-03,3.181809935385443867e-03,6.395903325952697650e-03,4.453966499017592007e-02,2.315902781973830926e-01
1.000000000000000000e+01,3.185810213080113307e-03,3.526206895392078669e-03,7.066494482730191311e-03,4.819219793386464445e-02,2.409832061698424510e-01
1.100000000000000000e+01,3.696487298545649176e-03,4.089600670227923167e-03,8.160231904439587888e-03,5.403134770484463445e-02,2.554810373391510070e-01
1.200000000000000000e+01,4.134202397484396975e-03,4.572009081234784666e-03,9.087735069482875613e-03,5.867924037101214518e-02,2.658712074964361682e-01
1.300000000000000000e+01,4.571106145233524119e-03,5.053178794694761569e-03,1.000661856289245151e-02,6.309034832669750681e-02,2.750982044011321404e-01
1.400000000000000000e+01,5.118334927376910065e-03,5.655685171040437595e-03,1.115422840349460966e-02,6.851076358291989521e-02,2.861655182600555958e-01
1.500000000000000000e+01,5.741770059154360437e-03,6.341697078408883859e-03,1.245377052189450794e-02,7.444585472676946980e-02,2.977090307791756540e-01
1.600000000000000000e+01,6.170599529889746367e-03,6.813401170803011671e-03,1.334434510382537763e-02,7.843131806919889648e-02,3.052433299014892798e-01
1.700000000000000000e+01,6.865578893556848958e-03,7.577207160427648462e-03,1.477483914186722425e-02,8.453418144696631109e-02,3.160628528147467753e-01
1.800000000000000000e+01,7.221760242453999397e-03,7.968549895358249466e-03,1.550579957223275143e-02,8.760422963851899336e-02,3.213964607362249648e-01
1.900000000000000000e+01,7.803985385849064767e-03,8.607944162742487207e-03,1.669475633731008074e-02,9.247114830668654029e-02,3.295813704950589229e-01
2.000000000000000000e+01,8.483808606039635811e-03,9.354407660024741805e-03,1.808087344222113202e-02,9.810018328592887138e-02,3.389550123234854051e-01
2.100000000000000000e+01,9.185868682492484213e-03,1.012478258429234078e-02,1.950272014096780804e-02,1.036800123776904919e-01,3.478691122739051567e-01
2.200000000000000000e+01,9.845204905199330184e-03,1.084776003674561493e-02,2.082831217768087856e-02,1.086962613057367438e-01,3.555500210050107079e-01
2.300000000000000000e+01,1.040556338653659922e-02,1.146201492556918160e-02,2.195133343961245057e-02,1.128802757986175770e-01,3.618444603790987868e-01
2.400000000000000000e+01,1.092760291411276619e-02,1.203377002124699294e-02,2.298836900778399375e-02,1.165832977477863075e-01,3.671611159387375700e-01
2.500000000000000000e+01,1.152835972945224358e-02,1.269151082051185077e-02,2.417757956087262031e-02,1.207595494327773633e-01,3.730516513901009357e-01
2.600000000000000000e+01,1.238393208661240676e-02,1.362764437649214254e-02,2.586036366271309006e-02,1.264948756922573969e-01,3.808930540825078981e-01
2.700000000000000000e+01,1.320732907138968439e-02,1.452810557049470305e-02,2.747138810377037707e-02,1.318550889941771387e-01,3.880451315769388176e-01
2.800000000000000000e+01,1.381838995203928284e-02,1.519629235554899142e-02,2.866578834487496993e-02,1.358113652724310672e-01,3.933004173507010925e-01
2.900000000000000000e+01,1.473293274583042760e-02,1.619565437317086257e-02,3.044120260660267488e-02,1.415140676004448539e-01,4.006503755435699698e-01
3.000000000000000000e+01,1.543310167340176953e-02,1.696045337870151146e-02,3.179497439313772045e-02,1.457853558396002835e-01,4.060619249163389677e-01
3.100000000000000000e+01,1.629557911696473405e-02,1.790224425906413244e-02,3.345726683225941356e-02,1.509572870421999335e-01,4.125287606214447789e-01
3.200000000000000000e+01,1.721698247419542818e-02,1.890803113098365670e-02,3.522696874842623505e-02,1.563808111014108049e-01,4.192155240647847947e-01
3.300000000000000000e+01,1.814521355726961965e-02,1.992037130920976118e-02,3.699402172396722144e-02,1.615943278052253129e-01,4.254257019205013868e-01
3.400000000000000000e+01,1.879987678129521264e-02,2.063423041639158781e-02,3.823812198426097819e-02,1.652380652700944363e-01,4.297378145408915495e-01
3.500000000000000000e+01,1.979411264929006528e-02,2.171760871172470284e-02,4.011442259689811107e-02,1.705760562564232752e-01,4.358968824773317707e-01
3.600000000000000000e+01,2.101424358959731731e-02,2.304676819946765293e-02,4.241071469611891465e-02,1.770354351897528988e-01,4.432780168341422522e-01
3.700000000000000000e+01,2.195709411720039167e-02,2.407369403035395164e-02,4.418214916896619909e-02,1.819838244614651601e-01,4.488992105729642801e-01
3.800000000000000000e+01,2.292483167406925496e-02,2.512686135003805790e-02,4.598562763461066377e-02,1.868588070569089099e-01,4.542873475289421203e-01
3.900000000000000000e+01,2.374121708830349495e-02,2.601518662022751088e-02,4.750486716376477181e-02,1.909420070104205780e-01,4.587792374280200702e-01
4.000000000000000000e+01,2.464109958446182927e-02,2.699376664823237987e-02,4.916939531111735873e-02,1.953098502358244226e-01,4.634922009192861680e-01
4.100000000000000000e+01,2.543749578557954680e-02,2.785921361751825254e-02,5.063255465257483073e-02,1.990491940414921002e-01,4.674436926644083279e-01
4.200000000000000000e+01,2.623600142556243436e-02,2.872684587640810666e-02,5.209781396891061817e-02,2.027764389916771326e-01,4.713680819780550202e-01
4.300000000000000000e+01,2.709676148163290763e-02,2.966181496407738205e-02,5.367223412286233758e-02,2.067321658428561970e-01,4.754934307008332195e-01
4.400000000000000000e+01,2.786663861674658002e-02,3.049769050539818949e-02,5.507424518326967805e-02,2.101963093190376275e-01,4.790603093403190682e-01
4.500000000000000000e+01,2.916277002558624598e-02,3.190438926704633471e-02,5.742569745496108047e-02,2.159241494029598418e-01,4.848950710163058009e-01
4.600000000000000000e+01,2.989218002060573323e-02,3.269573043193415435e-02,5.874425087099699461e-02,2.190931485541817436e-01,4.880911500523555380e-01
4.700000000000000000e+01,3.077851116949715041e-02,3.365713444141248123e-02,6.034352079057637985e-02,2.229106266224283595e-01,4.919218877332816597e-01
4.800000000000000000e+01,3.152840443729364173e-02,3.447032564417325945e-02,6.169307166035446766e-02,2.261010680225869207e-01,4.951008613622900345e-01
4.900000000000000000e+01,3.242815183800527162e-02,3.544552509962649312e-02,6.330434411164218012e-02,2.298421306009990062e-01,4.987801447184325165e-01
5.000000000000000000e+01,3.332507037471058725e-02,3.641750448515525262e-02,6.490808364230692129e-02,2.335449757942608395e-01,5.024073150103782748e-01
5.100000000000000000e+01,3.448563015299403040e-02,3.767515490923992183e-02,6.698268933016342241e-02,2.383304892736378133e-01,5.070918779305260138e-01
5.200000000000000000e+01,3.533778702684792911e-02,3.859807735452507743e-02,6.849763529627084235e-02,2.417564645623749009e-01,5.103988766568603452e-01
5.300000000000000000e+01,3.625792903753941726e-02,3.959451906024986922e-02,7.013167335670413005e-02,2.454374910420571709e-01,5.139424504483077749e-01
5.400000000000000000e+01,3.719682567593524808e-02,4.061096216638859085e-02,7.179413600663080153e-02,2.491437038765671463e-01,5.174844576949753083e-01
5.500000000000000000e+01,3.816985063814928858e-02,4.166395851231562142e-02,7.351082206527695395e-02,2.529223528353126138e-01,5.210641052626762137e-01
5.600000000000000000e+01,3.901211468811024985e-02,4.257512688364116504e-02,7.499179037365244493e-02,2.561437536400514858e-01,5.240912695146416889e-01
5.700000000000000000e+01,3.998491930570181180e-02,4.362721421739333694e-02,7.669759035215911736e-02,2.598188624055863816e-01,5.275224994486951147e-01
5.800000000000000000e+01,4.093359112118266641e-02,4.465267733774379993e-02,7.835292197032983630e-02,2.633253227642247674e-01,5.307593791892265545e-01
5.900000000000000000e+01,4.198121278230114439e-02,4.578443278783399240e-02,8.017061754361837211e-02,2.671023094359196715e-01,5.342020439855752478e-01
6.000000000000000000e+01,4.306858734028690128e-02,4.695889664080811488e-02,8.205364867793696337e-02,2.709896064983927100e-01,5.377302133032050291e-01
6.100000000000000000e+01,4.399424605554081574e-02,4.795856119038605786e-02,8.365461974712279369e-02,2.742806620928359695e-01,5.407090291851606167e-01
6.200000000000000000e+01,4.491476058117210152e-02,4.895239108910691417e-02,8.524242845936109980e-02,2.775154209385271020e-01,5.436199319395011997e-01
6.300000000000000000e+01,4.576264518886456051e-02,4.986771753716966876e-02,8.670360275933730598e-02,2.804829960087419360e-01,5.462850976414853621e-01
6.400000000000000000e+01,4.684184459937396766e-02,5.103226440073421050e-02,8.855591028450256197e-02,2.841947918379845173e-01,5.495902235448061335e-01
6.500000000000000000e+01,4.785247054576156900e-02,5.212235079694538253e-02,9.028351134778951625e-02,2.876108205542500240e-01,5.526064911939440050e-01
6.600000000000000000e+01,4.886296382087488427e-02,5.321218563251606248e-02,9.200925257707896765e-02,2.910126119082689922e-01,5.556043577594498295e-01
6.700000000000000000e+01,4.980702925943120835e-02,5.423006680328087969e-02,9.361689029274757046e-02,2.941518243861904747e-01,5.583545860180733067e-01
6.800000000000000000e+01,5.088615594522193780e-02,5.539312927983174040e-02,9.544793877617085975e-02,2.976859384047707557e-01,5.614285930197582264e-01
6.900000000000000000e+01,5.185095527025337936e-02,5.643261696231634955e-02,9.707971528234153602e-02,3.008028499730759919e-01,5.641224872728869411e-01
7.000000000000000000e+01,5.286097979541623526e-02,5.752035812621011240e-02,9.878097945626716780e-02,3.040101501719926214e-01,5.668725191639082395e-01
7.100000000000000000e+01,5.374766793456683261e-02,5.847496439389904960e-02,1.002699530254178989e-01,3.067902445027531066e-01,5.692424403007771971e-01
7.200000000000000000e+01,5.477007803574599626e-02,5.957550170969519443e-02,1.019840918810449998e-01,3.099746314512363821e-01,5.719488209484105967e-01
7.300000000000000000e+01,5.575829747720533608e-02,6.063912596474536898e-02,1.036392981215049358e-01,3.130401508120256859e-01,5.745494328722455801e-01
7.400000000000000000e+01,5.688191577434045104e-02,6.184795363426398573e-02,1.055135862524155532e-01,3.164671564853098751e-01,5.774346924903087652e-01
7.500000000000000000e+01,5.775097291303683822e-02,6.278260529682709590e-02,1.069587314274143830e-01,3.190840330912531608e-01,5.796253965700578492e-01
7.600000000000000000e+01,5.882439532312340458e-02,6.393697852274507487e-02,1.087427154865136664e-01,3.223088966798175470e-01,5.823223453691639406e-01
7.700000000000000000e+01,5.984670981349629604e-02,6.503600156702958601e-02,1.104361433784359914e-01,3.253389812743516796e-01,5.848414023962851260e-01
7.800000000000000000e+01,6.072735793171710889e-02,6.598256170313321345e-02,1.118925006452822640e-01,3.279317172298351069e-01,5.869905731576022800e-01
7.900000000000000000e+01,6.172087355018769650e-02,6.704997791083393277e-02,1.135289136989080377e-01,3.308094867529504102e-01,5.893592704161970675e-01
8.000000000000000000e+01,6.271193507765852881e-02,6.811438531350376413e-02,1.151559614821238697e-01,3.336426401066073244e-01,5.916781578391625551e-01
8.100000000000000000e+01,6.371375922045934004e-02,6.919023951172083298e-02,1.167990763565408402e-01,3.364953798219883496e-01,5.940091953499617716e-01
8.200000000000000000e+01,6.461548044950146674e-02,7.015846813117002090e-02,1.182762223340693419e-01,3.390506568176764879e-01,5.960928833466276888e-01
8.300000000000000000e+01,6.555664395268048783e-02,7.116897477350168921e-02,1.198169368917144789e-01,3.417104894086106515e-01,5.982593478590171321e-01
8.400000000000000000e+01,6.668671079488827647e-02,7.238215744152938502e-02,1.216648272683616833e-01,3.448899623866960029e-01,6.008441957487964391e-01
8.500000000000000000e+01,6.760587185639742314e-02,7.336853768482147486e-02,1.231623966037283524e-01,3.474389292283866504e-01,6.029039428004715484e-01
8.600000000000000000e+01,6.865173468090361719e-02,7.449064937324365032e-02,1.248630667142045236e-01,3.503168369030685292e-01,6.052220082948679414e-01
8.700000000000000000e+01,6.972838858940350049e-02,7.564559965469636049e-02,1.266110286629175963e-01,3.532609283419579915e-01,6.075872326616867936e-01
8.800000000000000000e+01,7.075547595309060467e-02,7.674711469047210133e-02,1.282748105572062702e-01,3.560449296974835809e-01,6.098157799524063227e-01
8.900000000000000000e+01,7.171347051591368815e-02,7.777427005171937135e-02,1.298230286815978129e-01,3.586177900373389016e-01,6.118675556783202962e-01
9.000000000000000000e+01,7.269425697352734084e-02,7.882535900577757049e-02,1.314010625156407375e-01,3.612065375585034599e-01,6.139175407953765262e-01
9.100000000000000000e+01,7.374862928818896879e-02,7.995518183978855831e-02,1.330957347976509109e-01,3.639782980728317185e-01,6.161088915628808449e-01
9.200000000000000000e+01,7.466603035544516764e-02,8.093807678881728696e-02,1.345681074082674122e-01,3.663763493522885772e-01,6.180004869498734177e-01
9.300000000000000000e+01,7.570305889817367795e-02,8.204896956867420432e-02,1.362301242768679255e-01,3.690722762183685224e-01,6.201223995792438659e-01
9.400000000000000000e+01,7.658222221513782957e-02,8.299051321754673249e-02,1.376358281101684178e-01,3.713371169105365022e-01,6.218985887621272246e-01
9.500000000000000000e+01,7.749745220871039064e-02,8.397033295500452854e-02,1.390943929400575707e-01,3.736651599737615959e-01,6.237152450136917992e-01
9.600000000000000000e+01,7.851336768029526514e-02,8.505774250018707794e-02,1.407106589126269347e-01,3.762324513771277412e-01,6.257134692473621529e-01
9.700000000000000000e+01,7.953815989334593606e-02,8.615417344148884604e-02,1.423344960637309975e-01,3.787825936867273979e-01,6.276865077895449341e-01
9.800000000000000000e+01,8.057171749262706517e-02,8.725979978715849017e-02,1.439697378579827547e-01,3.813397120778663774e-01,6.296605359264294544e-01
9.900000000000000000e+01,8.152317475604657637e-02,8.827745091697358770e-02,1.454730474589423506e-01,3.836816148208634369e-01,6.314648507819515810e-01
1.000000000000000000e+02,8.253677802703981992e-02,8.936134535370363063e-02,1.470714843601764465e-01,3.861584222103587316e-01,6.333678078195384975e-01
1.010000000000000000e+02,8.359668678043194467e-02,9.049449638589031342e-02,1.487394320887971688e-01,3.887278498583521813e-01,6.353359580542333740e-01
1.020000000000000000e+02,8.463431257527488649e-02,9.160368023192042020e-02,1.503703676810879408e-01,3.912319614845906623e-01,6.372508090577498896e-01
1.030000000000000000e+02,8.560014341923113945e-02,9.263606855913655846e-02,1.518877919559063761e-01,3.935589660758421204e-01,6.390291196280177832e-01
1.040000000000000000e+02,8.648545698285659000e-02,9.358213317145319676e-02,1.532752513857127685e-01,3.956720604407352182e-01,6.406382638963563636e-01
1.050000000000000000e+02,8.768553449626773078e-02,9.486404992702118788e-02,1.551491679611983476e-01,3.984976068345909006e-01,6.427790023720693080e-01
1.060000000000000000e+02,8.869777493984606909e-02,9.594516123166382804e-02,1.567276595781754989e-01,4.008689922904059566e-01,6.445723152146637380e-01
1.070000000000000000e+02,8.978866633675466891e-02,9.711005479126937068e-02,1.584258727423549784e-01,4.034082860218682343e-01,6.464880540634559969e-01
1.080000000000000000e+02,9.086222181508776807e-02,9.825596525526938962e-02,1.600908514847884101e-01,4.058727210472402591e-01,6.483378481164699947e-01
1.090000000000000000e+02,9.178715588044460139e-02,9.924303922726716853e-02,1.615227127396158258e-01,4.079816734714981075e-01,6.499169201949231978e-01
1.100000000000000000e+02,9.274467475059260113e-02,1.002648040267769824e-01,1.630039213334265047e-01,4.101589675753948838e-01,6.515455453491422189e-01
1.110000000000000000e+02,9.376135601403627617e-02,1.013493718914731251e-01,1.645723224601511048e-01,4.124474466183543075e-01,6.532510624828414825e-01
1.120000000000000000e+02,9.480714342681124951e-02,1.024648371093695304e-01,1.661836263990209561e-01,4.147907475600689509e-01,6.549945757022592741e-01
1.130000000000000000e+02,9.583655730047418997e-02,1.035626198476618381e-01,1.677668477990541251e-01,4.170821747719505868e-01,6.566954582830137888e-01
1.140000000000000000e+02,9.689083276574986248e-02,1.046866911363003722e-01,1.693853767150307610e-01,4.194134739420894431e-01,6.584218554363864273e-01
1.150000000000000000e+02,9.784736222025554320e-02,1.057062417931067533e-01,1.708498916757993091e-01,4.215079357761667977e-01,6.599674621412928710e-01
1.160000000000000000e+02,9.884060850492441819e-02,1.067646610021710379e-01,1.723671519620154080e-01,4.236648075067540042e-01,6.615544660236054586e-01
1.170000000000000000e+02,9.993185700396327309e-02,1.079274339274459565e-01,1.740330944373112976e-01,4.260292195260673709e-01,6.632928130054358551e-01
1.180000000000000000e+02,1.008400194415772638e-01,1.088948714981614746e-01,1.754163088474218202e-01,4.279804328858594076e-01,6.647231429127796742e-01
1.190000000000000000e+02,1.018363466646479837e-01,1.099562026197524051e-01,1.769334746798932045e-01,4.301193804693757561e-01,6.662906581075446200e-01
1.200000000000000000e+02,1.028813007083585196e-01,1.110688663186290004e-01,1.785186774585328373e-01,4.323323241114257476e-01,6.679047280693580779e-01
1.210000000000000000e+02,1.039004935426513371e-01,1.121538215811830747e-01,1.800612360396337819e-01,4.344728975509324354e-01,6.694615542795859797e-01
1.220000000000000000e+02,1.049491630580872414e-01,1.132699441947455921e-01,1.816457060571105009e-01,4.366619804990326537e-01,6.710503284150212133e-01
1.230000000000000000e+02,1.059985255509125757e-01,1.143866702718296241e-01,1.832295116360512233e-01,4.388440677604441009e-01,6.726319337115113095e-01
1.240000000000000000e+02,1.069212600739754826e-01,1.153684444210092142e-01,1.846197117480786465e-01,4.407506467421080099e-01,6.740108456140170290e-01
1.250000000000000000e+02,1.079167468559035920e-01,1.164274798649402726e-01,1.861176661678217714e-01,4.427985019309107484e-01,6.754897169972036153e-01
1.260000000000000000e+02,1.089228141548418405e-01,1.174973801385972294e-01,1.876265839631860999e-01,4.448441523646955997e-01,6.769611903772737582e-01
1.270000000000000000e+02,1.097402066684312893e-01,1.183664090118655421e-01,1.888496752954423596e-01,4.464925411637405417e-01,6.781436330302195170e-01
1.280000000000000000e+02,1.108035142619358260e-01,1.194968257659822369e-01,1.904399539720263712e-01,4.486331250643680324e-01,6.796782492820715449e-01
1.290000000000000000e+02,1.119017175974037354e-01,1.206642550094345345e-01,1.920813438428801145e-01,4.508388374634942908e-01,6.812583319106297886e-01
1.300000000000000000e+02,1.128144877379404359e-01,1.216343433629660936e-01,1.934428317921784435e-01,4.526591180245472246e-01,6.825592202675965225e-01
1.310000000000000000e+02,1.139578443721682988e-01,1.228492411567254361e-01,1.951450405901010987e-01,4.549241356282578974e-01,6.841743812560884264e-01
1.320000000000000000e+02,1.151240947816133953e-01,1.240878911733778317e-01,1.968741636433696540e-01,4.572012681295861691e-01,6.857904506770204911e-01
1.330000000000000000e+02,1.161997028078485400e-01,1.252302274290463258e-01,1.984683443725844820e-01,4.592988778465862398e-01,6.872785233085697554e-01
1.340000000000000000e+02,1.171856945219848095e-01,1.262772197851854683e-01,1.999276134114988945e-01,4.612121472805912892e-01,6.886336093177162221e-01
1.350000000000000000e+02,1.182113464273318176e-01,1.273659495480175818e-01,2.014409114294866965e-01,4.631811651115042006e-01,6.900233283238224047e-01
1.360000000000000000e+02,1.193046864148235991e-01,1.285262524484028224e-01,2.030506471899131138e-01,4.652646821615978312e-01,6.914903527577560549e-01
1.370000000000000000e+02,1.204617920191417280e-01,1.297539735332620958e-01,2.047511495831163264e-01,4.674557937460221968e-01,6.930299944194999728e-01
1.380000000000000000e+02,1.215676266275496908e-01,1.309271741718917581e-01,2.063748207974818172e-01,4.695432290886417115e-01,6.944953030373828273e-01
1.390000000000000000e+02,1.225966103965642345e-01,1.320185876135720471e-01,2.078825264795206851e-01,4.714717733215209039e-01,6.958459876099454267e-01
1.400000000000000000e+02,1.236370542431727421e-01,1.331219971388901691e-01,2.094050724917641548e-01,4.734132234419773932e-01,6.972038041506404271e-01
1.410000000000000000e+02,1.245776296026513408e-01,1.341192849437319035e-01,2.107789150431576830e-01,4.751571398485340825e-01,6.984209976102052631e-01
1.420000000000000000e+02,1.256055911246445334e-01,1.352089867668710144e-01,2.122774569761459174e-01,4.770503239554755304e-01,6.997395738960364708e-01
1.430000000000000000e+02,1.268197046721703247e-01,1.364956153938787498e-01,2.140424363861623547e-01,4.792651351737596821e-01,7.012775451543911132e-01
1.440000000000000000e+02,1.280861405607705283e-01,1.378374579404378908e-01,2.158806480202710154e-01,4.815633196144798456e-01,7.028707972562040496e-01
1.450000000000000000e+02,1.291982465120556922e-01,1.390157253210527188e-01,2.174941737147959020e-01,4.835785587494215165e-01,7.042672694674709799e-01
1.460000000000000000e+02,1.302015100232934430e-01,1.400783518396870875e-01,2.189458789651607395e-01,4.853800593344620440e-01,7.055120936733411119e-01
1.470000000000000000e+02,1.312128735476248698e-01,1.411494169746183303e-01,2.204076098260923655e-01,4.871889872509947983e-01,7.067605307743871634e-01
1.480000000000000000e+02,1.323297042126700684e-01,1.423320149808803281e-01,2.220198473077085732e-01,4.891785014011836852e-01,7.081318877146294266e-01
1.490000000000000000e+02,1.334116090756056472e-01,1.434774309033781947e-01,2.235792697775456639e-01,4.910958258453980152e-01,7.094513747765974765e-01
1.500000000000000000e+02,1.343802764049406573e-01,1.445027534299298533e-01,2.249729773973191960e-01,4.928021406378653713e-01,7.106234732061791348e-01
1.510000000000000000e+02,1.354915154501578067e-01,1.456785022424482712e-01,2.265660356637915485e-01,4.947359157967633481e-01,7.119468954949788042e-01
1.520000000000000000e+02,1.365710539357785636e-01,1.468205453276420769e-01,2.281116862973409098e-01,4.966065560804654444e-01,7.132254597244053196e-01
1.530000000000000000e+02,1.375151018734687147e-01,1.478189963763702208e-01,2.294602984192398165e-01,4.982301157189568674e-01,7.143326181133373698e-01
1.540000000000000000e+02,1.385956897356693529e-01,1.489617751614359387e-01,2.310030080042949352e-01,5.000846569129254737e-01,7.155965028891160262e-01
1.550000000000000000e+02,1.397224795975171574e-01,1.501531429293084807e-01,2.326084599095717131e-01,5.020056249957575156e-01,7.169030350075812352e-01
1.560000000000000000e+02,1.407572539482642993e-01,1.512468500502286151e-01,2.340784269181721278e-01,5.037523601703546294e-01,7.180875573662918177e-01
1.570000000000000000e+02,1.418591889508017123e-01,1.524112797494776572e-01,2.356407093420913035e-01,5.056003200391534502e-01,7.193382860535659784e-01
1.580000000000000000e+02,1.428074919513493968e-01,1.534133304804852771e-01,2.369847797696794933e-01,5.071890782325146896e-01,7.204132702926505649e-01
1.590000000000000000e+02,1.438690995228134040e-01,1.545348428437520183e-01,2.384863395825230215e-01,5.089555720899602287e-01,7.216061047702027054e-01
1.600000000000000000e+02,1.450096844360074799e-01,1.557396433693724325e-01,2.400979027583651781e-01,5.108468770335492515e-01,7.228819066768822355e-01
1.610000000000000000e+02,1.460628022646572599e-01,1.568518799045217904e-01,2.415838684187934238e-01,5.125853734559214780e-01,7.240530928221663443e-01
1.620000000000000000e+02,1.471866646363335362e-01,1.580387077220207492e-01,2.431682031761580320e-01,5.144350693380058681e-01,7.252980898442821234e-01
1.630000000000000000e+02,1.482327269798437985e-01,1.591431205599483922e-01,2.446398821925337419e-01,5.161453188937789038e-01,7.264469939931961218e-01
1.640000000000000000e+02,1.491477389353342842e-01,1.601088918965497820e-01,2.459239312862211424e-01,5.176289374173697055e-01,7.274412474143505669e-01
1.650000000000000000e+02,1.501550021623062059e-01,1.611716014425457755e-01,2.473324643373185361e-01,5.192434442481175250e-01,7.285196214588602892e-01
1.660000000000000000e+02,1.512385742956645629e-01,1.623147435851525766e-01,2.488468207771181995e-01,5.209769607322903839e-01,7.296768509527853386e-01
1.670000000000000000e+02,1.522268544519541356e-01,1.633571766545696413e-01,2.502259493449618954e-01,5.225503981181586211e-01,7.307257591811854303e-01
1.680000000000000000e+02,1.532280039641636671e-01,1.644129914655796387e-01,2.516208237706574757e-01,5.241361375537454403e-01,7.317813106836851267e-01
1.690000000000000000e+02,1.541436536113208744e-01,1.653785673684780022e-01,2.528957650691710524e-01,5.255834724008932035e-01,7.327441669097920496e-01
1.700000000000000000e+02,1.551616492220225518e-01,1.664519131158251064e-01,2.543114192840580379e-01,5.271859962698065560e-01,7.338090185432875057e-01
1.710000000000000000e+02,1.561317511917098555e-01,1.674744792567529617e-01,2.556572517649689513e-01,5.287013707320774580e-01,7.348137530160923081e-01
1.720000000000000000e+02,1.571476788429450877e-01,1.685452550787295833e-01,2.570655839720769609e-01,5.302844249213890526e-01,7.358626293992135414e-01
1.730000000000000000e+02,1.583302527958617978e-01,1.697913761600041982e-01,2.587015404297801080e-01,5.321148997191624819e-01,7.370731559943165534e-01
1.740000000000000000e+02,1.594277616865971137e-01,1.709476427631192175e-01,2.602173415852226390e-01,5.338048034777790329e-01,7.381890706085821874e-01
1.750000000000000000e+02,1.606501042313079330e-01,1.722351839165808529e-01,2.619028098923448233e-01,5.356771153079276093e-01,7.394236281488602014e-01
1.760000000000000000e+02,1.617526457159227660e-01,1.733962671396018784e-01,2.634200728968628114e-01,5.373552184413070698e-01,7.405281662219128647e-01
1.770000000000000000e+02,1.627821078766069907e-01,1.744802861535018346e-01,2.648355886078503918e-01,5.389179235117788069e-01,7.415559858361574497e-01
1.780000000000000000e+02,1.640196232175116786e-01,1.757830673528906207e-01,2.665336128563984830e-01,5.407839034936605671e-01,7.427809940124208143e-01
1.790000000000000000e+02,1.650344265305005997e-01,1.768513656779207299e-01,2.679257661725350514e-01,5.423130783946800149e-01,7.437847110997839462e-01
1.800000000000000000e+02,1.659815751469557732e-01,1.778483634662654245e-01,2.692242156243874196e-01,5.437371841500270309e-01,7.447188967969796680e-01
1.810000000000000000e+02,1.669864923932032896e-01,1.789059695516812820e-01,2.705996096991597488e-01,5.452403015872255843e-01,7.457034963070708899e-01
1.820000000000000000e+02,1.680747998696630885e-01,1.800511456823415124e-01,2.720869840723492694e-01,5.468606818118986190e-01,7.467635650300477046e-01
1.830000000000000000e+02,1.690971531260418437e-01,1.811266248967711157e-01,2.734809128321193938e-01,5.483714612063403937e-01,7.477498969032069231e-01
1.840000000000000000e+02,1.701269940820058779e-01,1.822097126052816818e-01,2.748820653108984824e-01,5.498830874945183078e-01,7.487349691057029188e-01
1.850000000000000000e+02,1.712806857459945875e-01,1.834228514472107663e-01,2.764494681937614273e-01,5.515688314685509575e-01,7.498321517807273739e-01
1.860000000000000000e+02,1.723422284957896178e-01,1.845390151522737499e-01,2.778908131496836686e-01,5.531169973109636429e-01,7.508392731155164590e-01
1.870000000000000000e+02,1.733634901195908185e-01,1.856127015538303338e-01,2.792760969619058620e-01,5.546017883457206032e-01,7.518043534468117350e-01
1.880000000000000000e+02,1.744226070474376167e-01,1.867260517394540853e-01,2.807112390055032103e-01,5.561365909321992484e-01,7.528010588414453252e-01
1.890000000000000000e+02,1.754328256297404132e-01,1.877877823052928885e-01,2.820777223646507292e-01,5.575924779237607654e-01,7.537451107587921362e-01
1.900000000000000000e+02,1.764890963976202820e-01,1.888975387244018200e-01,2.835023765057512191e-01,5.591009984235362218e-01,7.547209157464889184e-01
1.910000000000000000e+02,1.775800491580832030e-01,1.900435017746268385e-01,2.849712680716527946e-01,5.606506487109619297e-01,7.557218791952948767e-01
1.920000000000000000e+02,1.786431929858459666e-01,1.911601545481869113e-01,2.864016313321337548e-01,5.621572215710328724e-01,7.566944030801948662e-01
1.930000000000000000e+02,1.797329570960814471e-01,1.923043336995865771e-01,2.878630715492529468e-01,5.636860074244529617e-01,7.576786252355549589e-01
1.940000000000000000e+02,1.807887276567233525e-01,1.934127648921354359e-01,2.892783030096254260e-01,5.651650830428534000e-01,7.586305002803356290e-01
1.950000000000000000e+02,1.818715679215336389e-01,1.945494504890565579e-01,2.907280190126746433e-01,5.666762340720929991e-01,7.596020265547586137e-01
1.960000000000000000e+02,1.829255111909704190e-01,1.956557341595236421e-01,2.921383081155992656e-01,5.681446650189660996e-01,7.605456827802040687e-01
1.970000000000000000e+02,1.840668987082507146e-01,1.968533864644174680e-01,2.936610701423881253e-01,5.697203259751902893e-01,7.615557972651050278e-01
1.980000000000000000e+02,1.852561937608033504e-01,1.981011063085038049e-01,2.952455665024052434e-01,5.713551508287563196e-01,7.626026743163758503e-01
1.990000000000000000e+02,1.864624008791739840e-01,1.993663898140696222e-01,2.968506595410820847e-01,5.730070614348010682e-01,7.636594653379925601e-01
2.000000000000000000e+02,1.875507503767948059e-01,2.005079517021268187e-01,2.982979312981183240e-01,5.744944259755020433e-01,7.646104675945611939e-01
2.010000000000000000e+02,1.887104144536152772e-01,2.017241639746543136e-01,2.998384099821758131e-01,5.760741022176490977e-01,7.656196387006700688e-01
2.020000000000000000e+02,1.897008826431897111e-01,2.027626398637049077e-01,3.011510139742740177e-01,5.774134846076147687e-01,7.664736810531234124e-01
2.030000000000000000e+02,1.909540216607957253e-01,2.040764873199381602e-01,3.028113878937386261e-01,5.791070315883738440e-01,7.675533815533457371e-01
2.040000000000000000e+02,1.920630379572071667e-01,2.052387618141876258e-01,3.042757916227812331e-01,5.805901736287220061e-01,7.684963908951790712e-01
2.050000000000000000e+02,1.930781709068369878e-01,2.063024937096705202e-01,3.056146186454755664e-01,5.819427807830581667e-01,7.693555936161030617e-01
2.060000000000000000e+02,1.940874220844320541e-01,2.073599023635376293e-01,3.069439850112184454e-01,5.832822961107254622e-01,7.702056283340478204e-01
2.070000000000000000e+02,1.953230674958823521e-01,2.086544346099589720e-01,3.085707737373916126e-01,5.849198911401644052e-01,7.712444311453124923e-01
2.080000000000000000e+02,1.964504954059622943e-01,2.098353840851621965e-01,3.100528784386834547e-01,5.864072865989239380e-01,7.721868622471386168e-01
2.090000000000000000e+02,1.974325638864296573e-01,2.108639967248272795e-01,3.113430794543354252e-01,5.877004181061307175e-01,7.730058039518414859e-01
2.100000000000000000e+02,1.985598123474461019e-01,2.120443560773344338e-01,3.128206866357878257e-01,5.891745929545797456e-01,7.739377814235554043e-01
2.110000000000000000e+02,1.995916659027026085e-01,2.131247592864176921e-01,3.141725445565418662e-01,5.905218777057414936e-01,7.747891972617484413e-01
2.120000000000000000e+02,2.005815719331579816e-01,2.141609637776946962e-01,3.154665170383348372e-01,5.918055523871228463e-01,7.755990111014273714e-01
2.130000000000000000e+02,2.015935402351666517e-01,2.152200552190472460e-01,3.167871476535896735e-01,5.931112936816718140e-01,7.764217112460172210e-01
2.140000000000000000e+02,2.026831990371667502e-01,2.163603350012525406e-01,3.182079054779061167e-01,5.945135139581111394e-01,7.773046053008937362e-01
2.150000000000000000e+02,2.036750307181841857e-01,2.173979939192589861e-01,3.194984980777666461e-01,5.957820721062145886e-01,7.781021206509178834e-01
2.160000000000000000e+02,2.047057275227343320e-01,2.184761974582767330e-01,3.208384458411912554e-01,5.970967340890498409e-01,7.789280561505608214e-01
2.170000000000000000e+02,2.057400523106678036e-01,2.195581123963861181e-01,3.221822337365933819e-01,5.984134336727330306e-01,7.797548669941326560e-01
2.180000000000000000e+02,2.068149369599080467e-01,2.206823611660476137e-01,3.235777531621451542e-01,5.997789243356779210e-01,7.806118724685120469e-01
2.190000000000000000e+02,2.079723537647047149e-01,2.218925364830029723e-01,3.250762967370088297e-01,6.012371517350225680e-01,7.815252064021536160e-01
2.200000000000000000e+02,2.091643468050596311e-01,2.231387574338956903e-01,3.266184975948190350e-01,6.027357029428743740e-01,7.824632957306482117e-01
2.210000000000000000e+02,2.101452626217824582e-01,2.241641717970985770e-01,3.278862901774999838e-01,6.039650594278378470e-01,7.832322790117407507e-01
2.220000000000000000e+02,2.112457579847234201e-01,2.253143639508572993e-01,3.293062865400980810e-01,6.053374749218797257e-01,7.840897033660298998e-01
2.230000000000000000e+02,2.122759756515283092e-01,2.263908979082939477e-01,3.306334612963532926e-01,6.066160719073162566e-01,7.848875701137891792e-01
2.240000000000000000e+02,2.133920961098669800e-01,2.275568524342255206e-01,3.320677477126690036e-01,6.079910952141268643e-01,7.857440617211504108e-01
2.250000000000000000e+02,2.145345118366413506e-01,2.287501840781428208e-01,3.335348755159708856e-01,6.093958025064193373e-01,7.866186321626192912e-01
2.260000000000000000e+02,2.156448674954611067e-01,2.299099296904725531e-01,3.349598317155431104e-01,6.107582430269671292e-01,7.874664565370657066e-01
2.270000000000000000e+02,2.167685350807210809e-01,2.310833253689933142e-01,3.363992624337789894e-01,6.121296126192182774e-01,7.883187218799349028e-01
2.280000000000000000e+02,2.178854115750508413e-01,2.322494948773713708e-01,3.378286141754119898e-01,6.134887948643723554e-01,7.891628271499877556e-01
2.290000000000000000e+02,2.189179940264043556e-01,2.333275521935631591e-01,3.391490861748545638e-01,6.147425698423144569e-01,7.899410465354924638e-01
2.300000000000000000e+02,2.200104337978694702e-01,2.344678221504294113e-01,3.405432335020406875e-01,6.160609648319019804e-01,7.907581733472139884e-01
2.310000000000000000e+02,2.212959217964468039e-01,2.358092565566163590e-01,3.421803192497122614e-01,6.176027782208186601e-01,7.917123540505349721e-01
2.320000000000000000e+02,2.224064987829593165e-01,2.369680748694170391e-01,3.435937103201303078e-01,6.189321819376463196e-01,7.925346925214500349e-01
2.330000000000000000e+02,2.235722514808712591e-01,2.381843672038797266e-01,3.450763208696333573e-01,6.203248574360646916e-01,7.933957588741632483e-01
2.340000000000000000e+02,2.247330476567639401e-01,2.393951235308364178e-01,3.465489283772216211e-01,6.217013977146036430e-01,7.942453483932687686e-01
2.350000000000000000e+02,2.257943421287231800e-01,2.405020307509272426e-01,3.478946490600782759e-01,6.229581366225002137e-01,7.950207322765037166e-01
2.360000000000000000e+02,2.269135149636891113e-01,2.416690244697614065e-01,3.493109350212326714e-01,6.242756762227115175e-01,7.958324992863129443e-01
2.370000000000000000e+02,2.281083911638459305e-01,2.429148701206517991e-01,3.508221523328786673e-01,6.256799646481188137e-01,7.966973682179990801e-01
2.380000000000000000e+02,2.294269899657212508e-01,2.442892890901844083e-01,3.524855482817325081e-01,6.272179804651953905e-01,7.976429049968551954e-01
2.390000000000000000e+02,2.306258679605770190e-01,2.455387507760910248e-01,3.539962266083141462e-01,6.286117839423831510e-01,7.984991230007414398e-01
2.400000000000000000e+02,2.317178110888679088e-01,2.466765204451893678e-01,3.553696990355901808e-01,6.298746477816141720e-01,7.992739524037357768e-01
2.410000000000000000e+02,2.328532894193136027e-01,2.478595031692832629e-01,3.567964374914536219e-01,6.311838590282241590e-01,8.000766439493469662e-01
2.420000000000000000e+02,2.339790964419873887e-01,2.490321981440870858e-01,3.582089072543672148e-01,6.324762681404515474e-01,8.008682261486257392e-01
2.430000000000000000e+02,2.349951200363307735e-01,2.500902619573744934e-01,3.594808939819394977e-01,6.336353554485577577e-01,8.015771139792366995e-01
2.440000000000000000e+02,2.361056105231246482e-01,2.512465556296063496e-01,3.608696959272081339e-01,6.348983767909569531e-01,8.023490231203594947e-01
2.450000000000000000e+02,2.372675668391915071e-01,2.524561797397676388e-01,3.623202990441388716e-01,6.362131839569147296e-01,8.031516287989567404e-01
2.460000000000000000e+02,2.383419367177729287e-01,2.535744677117427459e-01,3.636600063743329891e-01,6.374248142625269509e-01,8.038906786699762108e-01
2.470000000000000000e+02,2.393995043830155767e-01,2.546751637445584526e-01,3.649777435993165620e-01,6.386148329040496341e-01,8.046161719401241363e-01
2.480000000000000000e+02,2.405817991539474510e-01,2.559053276910077113e-01,3.664474777978340980e-01,6.399363108683588930e-01,8.054205673125129916e-01
2.490000000000000000e+02,2.417264402092077213e-01,2.570961843410407011e-01,3.678691320759065464e-01,6.412124060169734907e-01,8.061968780591082240e-01
2.500000000000000000e+02,2.429688316674725457e-01,2.583886683370664183e-01,3.694115059788899980e-01,6.425956996863626536e-01,8.070381551927587882e-01
2.510000000000000000e+02,2.440872117982100797e-01,2.595518374306425846e-01,3.707969417477940399e-01,6.438332275425724394e-01,8.077897166063582324e-01
2.520000000000000000e+02,2.451228685412936148e-01,2.606288697459734904e-01,3.720789149448803790e-01,6.449766884413684620e-01,8.084838002998367967e-01
2.530000000000000000e+02,2.462639931014847794e-01,2.618151943334727783e-01,3.734876311420404771e-01,6.462268661027681382e-01,8.092413248465392117e-01
2.540000000000000000e+02,2.473943551337228486e-01,2.629902458071745053e-01,3.748822377724112531e-01,6.474631594638979859e-01,8.099901491612825355e-01
2.550000000000000000e+02,2.483809948908882459e-01,2.640157086978518475e-01,3.760977276540565239e-01,6.485377068877803408e-01,8.106403810324929182e-01
2.560000000000000000e+02,2.496235053585303398e-01,2.653070232602858236e-01,3.776275872105893661e-01,6.498887736966554307e-01,8.114576472862657930e-01
2.570000000000000000e+02,2.506636358496915351e-01,2.663879221481804116e-01,3.789074215119039857e-01,6.510176540749376128e-01,8.121402222719967812e-01
2.580000000000000000e+02,2.519205178301912040e-01,2.676936538430689239e-01,3.804499343061908956e-01,6.523716689919741851e-01,8.129575548368971338e-01
2.590000000000000000e+02,2.532376729578568186e-01,2.690619181379698133e-01,3.820656119406410922e-01,6.537885997584712561e-01,8.138125929325024099e-01
2.600000000000000000e+02,2.543865269883155422e-01,2.702551518433486955e-01,3.834729182935919800e-01,6.550196745872289839e-01,8.145548291960591492e-01
2.610000000000000000e+02,2.555259586208137867e-01,2.714385304323022607e-01,3.848680179081306330e-01,6.562389985815767490e-01,8.152897577804028018e-01
2.620000000000000000e+02,2.566911074753774336e-01,2.726484045192096861e-01,3.862925423170278094e-01,6.574807225408429989e-01,8.160375001124869909e-01
2.630000000000000000e+02,2.577564309994711533e-01,2.737544851579129523e-01,3.875937056001084735e-01,6.586128111992364254e-01,8.167187869071205197e-01
2.640000000000000000e+02,2.588860057054241937e-01,2.749270786245731069e-01,3.889714525709158099e-01,6.598085144327102691e-01,8.174377341216255699e-01
2.650000000000000000e+02,2.600688450572437582e-01,2.761548687026862403e-01,3.904132382962104408e-01,6.610583179433117129e-01,8.181889061707765531e-01
2.660000000000000000e+02,2.612983857660155507e-01,2.774309262902646678e-01,3.919099463206480727e-01,6.623525554300948581e-01,8.189661318137431145e-01
2.670000000000000000e+02,2.623648320426014147e-01,2.785374434903427066e-01,3.932054804233107714e-01,6.634686714377543426e-01,8.196355382868556472e-01
2.680000000000000000e+02,2.635757239969393484e-01,2.797937872980840179e-01,3.946760443321482570e-01,6.647348783565006913e-01,8.203948208469310499e-01
2.690000000000000000e+02,2.646438722761950690e-01,2.809018307876896547e-01,3.959713558593353500e-01,6.658472148089045195e-01,8.210612281546049163e-01
2.700000000000000000e+02,2.657321472492670811e-01,2.820305766231990807e-01,3.972893952245947768e-01,6.669764501905719456e-01,8.217372265121735131e-01
2.710000000000000000e+02,2.667521853235814699e-01,2.830881966105293079e-01,3.985214490714108493e-01,6.680268430689172421e-01,8.223649786637478032e-01
2.720000000000000000e+02,2.678844182373020799e-01,2.842620642630830363e-01,3.998882502694849905e-01,6.691909324420074467e-01,8.230604404336512303e-01
2.730000000000000000e+02,2.690958921073253185e-01,2.855178727724640431e-01,4.013486807989057326e-01,6.704316489374163579e-01,8.238010523979132360e-01
2.740000000000000000e+02,2.702383068222467544e-01,2.867018488139674304e-01,4.027235329594298641e-01,6.715961041293433409e-01,8.244954261106123283e-01
2.750000000000000000e+02,2.713031568369852486e-01,2.878052638397072260e-01,4.040033915204131465e-01,6.726775961645946600e-01,8.251398248547078262e-01
2.760000000000000000e+02,2.723301700235262746e-01,2.888694159236659953e-01,4.052372472062241715e-01,6.737194165057398543e-01,8.257604252218939678e-01
2.770000000000000000e+02,2.735298703796918418e-01,2.901119236469585361e-01,4.066731500390702858e-01,6.749236791926215284e-01,8.264761645324333328e-01
2.780000000000000000e+02,2.745774774588361500e-01,2.911966924924171973e-01,4.079249656836529958e-01,6.759704901800976939e-01,8.270977158804756479e-01
2.790000000000000000e+02,2.757792439496952186e-01,2.924410361811665138e-01,4.093604941624294780e-01,6.771701879315773498e-01,8.278098978111541051e-01
2.800000000000000000e+02,2.769896066286579028e-01,2.936940948551904906e-01,4.108045541451858518e-01,6.783744346916670276e-01,8.285242687041086684e-01
2.810000000000000000e+02,2.782032760619383982e-01,2.949502120676735784e-01,4.122491559319272914e-01,6.795741069274859880e-01,8.292349339855424883e-01
2.820000000000000000e+02,2.793558741864246020e-01,2.961428306162602331e-01,4.136183555462218386e-01,6.807071849164284538e-01,8.299053679755501456e-01
2.830000000000000000e+02,2.805109300178008636e-01,2.973378706052401954e-01,4.149893457323174939e-01,6.818400947399507750e-01,8.305753784523766114e-01
2.840000000000000000e+02,2.816150704345499189e-01,2.984801249165821568e-01,4.162989027439558121e-01,6.829207828542336323e-01,8.312142189708080497e-01
2.850000000000000000e+02,2.829385779188303141e-01,2.998491172487053325e-01,4.178667728806886861e-01,6.842119285952525942e-01,8.319769394387799277e-01
2.860000000000000000e+02,2.839336540015079957e-01,3.008782272611041364e-01,4.190440581612711046e-01,6.851792348340997041e-01,8.325479297543528778e-01
2.870000000000000000e+02,2.849569527065428098e-01,3.019364433546586346e-01,4.202539782257068701e-01,6.861722643143434164e-01,8.331338914509606175e-01
2.880000000000000000e+02,2.862481308666944280e-01,3.032715270250039841e-01,4.217792238855720410e-01,6.874220673424499273e-01,8.338709740872067844e-01
2.890000000000000000e+02,2.874024662922047835e-01,3.044648194934036489e-01,4.231401008266655883e-01,6.885332902684498935e-01,8.345255720904855012e-01
2.900000000000000000e+02,2.885786258443361341e-01,3.056805943848399654e-01,4.245259875420097084e-01,6.896639078792228261e-01,8.351913959717517377e-01
2.910000000000000000e+02,2.896720296593059407e-01,3.068106088323009906e-01,4.258123665032821359e-01,6.907105077321926689e-01,8.358071927023220660e-01
2.920000000000000000e+02,2.909253967851378464e-01,3.081059139390108781e-01,4.272866772521426437e-01,6.919096350966493780e-01,8.365126610147344266e-01
2.930000000000000000e+02,2.920660630537875169e-01,3.092845468833705369e-01,4.286265851047339481e-01,6.929968487101327845e-01,8.371517875429017597e-01
2.940000000000000000e+02,2.933024779171853336e-01,3.105616988118715671e-01,4.300751596294601908e-01,6.941668844968642560e-01,8.378385744674662350e-01
2.950000000000000000e+02,2.945761913076603289e-01,3.118772978041458033e-01,4.315666999881649923e-01,6.953705981179799656e-01,8.385449327262953778e-01
2.960000000000000000e+02,2.958930556604005835e-01,3.132373182812908663e-01,4.331074180949088248e-01,6.966121093836579181e-01,8.392731092399488002e-01
2.970000000000000000e+02,2.969879461506838569e-01,3.143678693974325533e-01,4.343864187911636865e-01,6.976399315220110919e-01,8.398754176188628628e-01
2.980000000000000000e+02,2.981608134775455832e-01,3.155788359636271800e-01,4.357555902200727638e-01,6.987389422545180473e-01,8.405191998018630706e-01
2.990000000000000000e+02,2.992830521849766390e-01,3.167371285422347360e-01,4.370620275274867961e-01,6.997825911804067545e-01,8.411296013583807740e-01
3.000000000000000000e+02,3.006286419568882651e-01,3.181256467350205841e-01,4.386257560364624219e-01,7.010280527089590707e-01,8.418573323515828877e-01
3.010000000000000000e+02,3.017936051633778316e-01,3.193276809474275280e-01,4.399787200013271504e-01,7.021044781346095220e-01,8.424860734642404259e-01
3.020000000000000000e+02,3.030014122827252021e-01,3.205737276176628403e-01,4.413796866506774497e-01,7.032167057120953801e-01,8.431352757694060562e-01
3.030000000000000000e+02,3.040860541803319661e-01,3.216925245663186383e-01,4.426361262571580912e-01,7.042119368326129614e-01,8.437157628615833405e-01
3.040000000000000000e+02,3.052319768560022295e-01,3.228743927933758751e-01,4.439623026190377408e-01,7.052607173050449152e-01,8.443271659821476316e-01
3.050000000000000000e+02,3.064535663956975964e-01,3.241342669938885312e-01,4.453757392879423849e-01,7.063780890140001212e-01,8.449784771003172601e-01
3.060000000000000000e+02,3.076799956697925387e-01,3.253987911935177224e-01,4.467917164339944569e-01,7.074933602360981011e-01,8.456277944390027113e-01
3.070000000000000000e+02,3.087834511520598513e-01,3.265362247875455148e-01,4.480630595212378720e-01,7.084911707788820179e-01,8.462080645195034778e-01
3.080000000000000000e+02,3.099361707285792633e-01,3.277239858770521486e-01,4.493871227527841405e-01,7.095250128819746704e-01,8.468082960078406884e-01
3.090000000000000000e+02,3.110265967496605999e-01,3.288472637280687172e-01,4.506370054954564330e-01,7.104974823459997424e-01,8.473722569098977031e-01
3.100000000000000000e+02,3.120728414439513099e-01,3.299249649278311880e-01,4.518356768096785103e-01,7.114293612085684781e-01,8.479125403890148682e-01
3.110000000000000000e+02,3.131232921275806658e-01,3.310067320292708337e-01,4.530368088350874012e-01,7.123600784343738779e-01,8.484515837672895744e-01
3.120000000000000000e+02,3.143689108091913820e-01,3.322894408810485034e-01,4.544607100530841937e-01,7.134628989102188568e-01,8.490902096322064940e-01
3.130000000000000000e+02,3.154075999521864793e-01,3.333589295373129424e-01,4.556469255937534713e-01,7.143801524916680856e-01,8.496211048542187116e-01
3.140000000000000000e+02,3.166453337046234440e-01,3.346331878096932000e-01,4.570588950505142800e-01,7.154699530011511266e-01,8.502514973715943336e-01
3.150000000000000000e+02,3.178474745256114065e-01,3.358703550050067266e-01,4.584263240238846127e-01,7.165203176214802738e-01,8.508581540793457298e-01
3.160000000000000000e+02,3.189869237280301140e-01,3.370428071514948165e-01,4.597207161259895813e-01,7.175123758262289542e-01,8.514307329387058587e-01
3.170000000000000000e+02,3.201072124786426554e-01,3.381953040114019093e-01,4.609912433704335677e-01,7.184834740247195706e-01,8.519907290825180501e-01
3.180000000000000000e+02,3.213270110591792128e-01,3.394500983376162462e-01,4.623739852946147644e-01,7.195395289674985095e-01,8.525995690759616830e-01
3.190000000000000000e+02,3.225016070560088322e-01,3.406582441982649034e-01,4.637041853523272139e-01,7.205538092640205727e-01,8.531840263473133845e-01
3.200000000000000000e+02,3.237516104294690389e-01,3.419436592291822952e-01,4.651172373162897333e-01,7.216280584331599135e-01,8.538024594818330870e-01
3.210000000000000000e+02,3.248800430663484340e-01,3.431039226568235456e-01,4.663916705716402156e-01,7.225954309109845486e-01,8.543590950348689539e-01
3.220000000000000000e+02,3.260205283218177708e-01,3.442764602903679583e-01,4.676786871893053310e-01,7.235710671054659260e-01,8.549202532970805457e-01
3.230000000000000000e+02,3.272394897040247774e-01,3.455293847499075754e-01,4.690517056740983737e-01,7.246087110358199190e-01,8.555165034850108485e-01
3.240000000000000000e+02,3.284872087790405293e-01,3.468117945898767096e-01,4.704564792364402392e-01,7.256695616241638502e-01,8.561259463386261537e-01
3.250000000000000000e+02,3.297074080930827988e-01,3.480658223647188354e-01,4.718294281599424433e-01,7.267053356119512753e-01,8.567207957115905437e-01
3.260000000000000000e+02,3.308245393204525264e-01,3.492137693063590009e-01,4.730850638339935688e-01,7.276509451137328499e-01,8.572635654149650675e-01
3.270000000000000000e+02,3.320980963443113665e-01,3.505219152752688250e-01,4.745118495108051060e-01,7.287197107464495893e-01,8.578760027064689098e-01
3.280000000000000000e+02,3.333656085644728928e-01,3.518237034352570403e-01,4.759305836246965349e-01,7.297808814892514651e-01,8.584838094403988151e-01
3.290000000000000000e+02,3.344863061627290080e-01,3.529744450872376871e-01,4.771827410966995586e-01,7.307147248870149436e-01,8.590182016252053687e-01
3.300000000000000000e+02,3.355797713039873065e-01,3.540970563656898884e-01,4.784030339918000641e-01,7.316230618545384035e-01,8.595376889640770068e-01
3.310000000000000000e+02,3.367908905788998264e-01,3.553402722965989247e-01,4.797530407385461881e-01,7.326260365270341746e-01,8.601109616191605634e-01
3.320000000000000000e+02,3.379957755697202693e-01,3.565768689095938360e-01,4.810942216330121313e-01,7.336201966179960454e-01,8.606787976067128421e-01
3.330000000000000000e+02,3.393163872735767139e-01,3.579320236751727946e-01,4.825623929662353206e-01,7.347062995784695572e-01,8.612987629648066745e-01
3.340000000000000000e+02,3.406112942145247957e-01,3.592607281131356411e-01,4.840013641495414243e-01,7.357700559054370926e-01,8.619058412665425717e-01
3.350000000000000000e+02,3.417932388226543328e-01,3.604734066168819306e-01,4.853138250578126200e-01,7.367391195267061210e-01,8.624586733024135476e-01
3.360000000000000000e+02,3.429941910303475061e-01,3.617054663178088103e-01,4.866463671366516586e-01,7.377217889857448085e-01,8.630190526998833267e-01
3.370000000000000000e+02,3.441056260914775455e-01,3.628454655579024246e-01,4.878776776672816284e-01,7.386275448389575393e-01,8.635351749054633874e-01
3.380000000000000000e+02,3.452478538411444808e-01,3.640168180413784760e-01,4.891411473960028955e-01,7.395546482006537525e-01,8.640630578447172638e-01
3.390000000000000000e+02,3.463043818613152358e-01,3.651001586078765349e-01,4.903087470509954748e-01,7.404101402760855377e-01,8.645499453954250679e-01
3.400000000000000000e+02,3.476568956403622290e-01,3.664866665003987389e-01,4.918006645862587622e-01,7.414999941889384161e-01,8.651696476206287567e-01
3.410000000000000000e+02,3.489879347668054521e-01,3.678508782299529933e-01,4.932665216095951100e-01,7.425680437991434291e-01,8.657764712797341167e-01
3.420000000000000000e+02,3.501863291974064984e-01,3.690788311537807620e-01,4.945837089019464172e-01,7.435247657538860411e-01,8.663195229160449706e-01
3.430000000000000000e+02,3.514222850417846322e-01,3.703451913401250017e-01,4.959415049189174751e-01,7.445102013242407279e-01,8.668787376172981674e-01
3.440000000000000000e+02,3.525435160970018522e-01,3.714937851848276740e-01,4.971714294624680064e-01,7.454007147507415443e-01,8.673837204008585378e-01
3.450000000000000000e+02,3.538335896782644485e-01,3.728152485169786701e-01,4.985857821362926767e-01,7.464238618152043703e-01,8.679637605253963661e-01
3.460000000000000000e+02,3.551228994687088969e-01,3.741355711301763143e-01,4.999963052513525241e-01,7.474408134041905516e-01,8.685396996136632852e-01
3.470000000000000000e+02,3.562638977784610139e-01,3.753039820676781768e-01,5.012443005688949071e-01,7.483402748657257408e-01,8.690490459326021266e-01
3.480000000000000000e+02,3.575503184359549169e-01,3.766208979245434518e-01,5.026479326952690840e-01,7.493480185619250111e-01,8.696190444568591138e-01
3.490000000000000000e+02,3.589182103901303877e-01,3.780210616720555139e-01,5.041391743831709071e-01,7.504172075416056797e-01,8.702235489085419218e-01
3.500000000000000000e+02,3.601420419989918020e-01,3.792736448165029417e-01,5.054723568056976868e-01,7.513719327089322109e-01,8.707631426661771590e-01
3.510000000000000000e+02,3.613271595008397674e-01,3.804864387067820597e-01,5.067619934739794330e-01,7.522939279898682718e-01,8.712839745186303775e-01
3.520000000000000000e+02,3.625248320635540145e-01,3.817118442760852881e-01,5.080633353597791002e-01,7.532220961210954746e-01,8.718079198849298939e-01
3.530000000000000000e+02,3.639660165311929263e-01,3.831860725271380996e-01,5.096265603056900906e-01,7.543340271226686156e-01,8.724350854449451909e-01
3.540000000000000000e+02,3.652168614346934516e-01,3.844653685899257489e-01,5.109814453734690121e-01,7.552956721698546039e-01,8.729771304511888541e-01
3.550000000000000000e+02,3.664294642626776954e-01,3.857054126881587774e-01,5.122937554893520762e-01,7.562258221512467848e-01,8.735012068489882431e-01
3.560000000000000000e+02,3.677196071104577024e-01,3.870245818008363203e-01,5.136885868574079250e-01,7.572129206223575659e-01,8.740571095335026852e-01
3.570000000000000000e+02,3.689187857729820386e-01,3.882505017271625225e-01,5.149831169462584235e-01,7.581268837858906595e-01,8.745714618411570829e-01
3.580000000000000000e+02,3.700666291031614596e-01,3.894237686648256425e-01,5.162208141201730660e-01,7.589991683721425408e-01,8.750620973447480466e-01
3.590000000000000000e+02,3.713580428052147830e-01,3.907436429842663927e-01,5.176121515877288859e-01,7.599784539613939627e-01,8.756127030021391144e-01
3.600000000000000000e+02,3.724991150952155494e-01,3.919096546777799395e-01,5.188398169358353629e-01,7.608406878996424316e-01,8.760971856178823014e-01
3.610000000000000000e+02,3.736347613119371247e-01,3.930698862961858331e-01,5.200597258602375206e-01,7.616953906346081160e-01,8.765770879996840348e-01
3.620000000000000000e+02,3.749785250388824043e-01,3.944423795237742003e-01,5.215002557354599944e-01,7.627014924113374450e-01,8.771414692592012230e-01
3.630000000000000000e+02,3.761317336010652213e-01,3.956200790257685118e-01,5.227351734059593191e-01,7.635625531305529901e-01,8.776242493473157547e-01
3.640000000000000000e+02,3.773381413166341791e-01,3.968519764389747406e-01,5.240259975825483085e-01,7.644614554823778718e-01,8.781280569428918659e-01
3.650000000000000000e+02,3.786105449174169135e-01,3.981512638921789193e-01,5.253874336136264978e-01,7.654095282877120265e-01,8.786594227367375831e-01
3.660000000000000000e+02,3.799290819007434816e-01,3.994972480470562193e-01,5.267949038913335436e-01,7.663861059666261522e-01,8.792061759202569604e-01
3.670000000000000000e+02,3.811446663224187237e-01,4.007379631558721789e-01,5.280910785433420296e-01,7.672839733167571286e-01,8.797086156721654060e-01
3.680000000000000000e+02,3.824634511656299085e-01,4.020836180154765960e-01,5.294941215146071745e-01,7.682525119831227212e-01,8.802500488899668296e-01
3.690000000000000000e+02,3.836913182181394544e-01,4.033362250249136194e-01,5.307982083409470420e-01,7.691503942923787474e-01,8.807515978079407670e-01
3.700000000000000000e+02,3.850172934026654392e-01,4.046888322512861014e-01,5.322058143679034847e-01,7.701188384392986253e-01,8.812924447592601629e-01
3.710000000000000000e+02,3.862164771083267945e-01,4.059119206057071327e-01,5.334773748874107602e-01,7.709921660335565807e-01,8.817799230942829913e-01
3.720000000000000000e+02,3.873772993538992515e-01,4.070955807359250000e-01,5.347058437522667074e-01,7.718333816373748046e-01,8.822490651728128741e-01
3.730000000000000000e+02,3.884690377362889913e-01,4.082086797142238654e-01,5.358602601285640255e-01,7.726229094831040811e-01,8.826892211540474653e-01
3.740000000000000000e+02,3.897342569232422615e-01,4.094981901922242207e-01,5.371944262866334974e-01,7.735315617662370524e-01,8.831951676993186062e-01
3.750000000000000000e+02,3.909151820567486335e-01,4.107015175357867642e-01,5.384375560061507304e-01,7.743760067868340480e-01,8.836650046885624610e-01
3.760000000000000000e+02,3.921353843518803894e-01,4.119445314073354458e-01,5.397193733266570925e-01,7.752440179277342303e-01,8.841475139224439506e-01
3.770000000000000000e+02,3.933800685321440227e-01,4.132124622211338361e-01,5.410267298262291247e-01,7.761291411994319933e-01,8.846395059072922340e-01
3.780000000000000000e+02,3.945305419762826782e-01,4.143842121727673855e-01,5.422334684560214946e-01,7.769444528171116637e-01,8.850924202050286516e-01
3.790000000000000000e+02,3.959474566424509012e-01,4.158271537409179985e-01,5.437182821290490464e-01,7.779462259992806494e-01,8.856486874815447941e-01
3.800000000000000000e+02,3.971053716403978862e-01,4.170062082896336397e-01,5.449306617089184623e-01,7.787631596403553624e-01,8.861021498662262630e-01
3.810000000000000000e+02,3.983231207106530669e-01,4.182461106710849141e-01,5.462050710308301582e-01,7.796212663412797061e-01,8.865783659521581095e-01
3.820000000000000000e+02,3.997008432045601745e-01,4.196487772898437330e-01,5.476459577688082003e-01,7.805905222615031613e-01,8.871161132486921064e-01
3.830000000000000000e+02,4.010065400501234278e-01,4.209777739788707063e-01,5.490088451052569374e-01,7.815046299744127234e-01,8.876228339288682045e-01
3.840000000000000000e+02,4.023099684498729345e-01,4.223041958119516659e-01,5.503672812252822233e-01,7.824136721065815259e-01,8.881264133702330144e-01
3.850000000000000000e+02,4.034865676756230757e-01,4.235012557583012760e-01,5.515912269108735888e-01,7.832304216066503511e-01,8.885784992214239564e-01
3.860000000000000000e+02,4.047766284223224820e-01,4.248136274946519020e-01,5.529322415638177057e-01,7.841243429554285438e-01,8.890731495811493579e-01
3.870000000000000000e+02,4.060735216808755155e-01,4.261327806008461949e-01,5.542790388196510154e-01,7.850208147654297308e-01,8.895690033359032745e-01
3.880000000000000000e+02,4.074156576105721905e-01,4.274975046981053239e-01,5.556693336139038042e-01,7.859428138724202650e-01,8.900784324659690716e-01
3.890000000000000000e+02,4.087235992578102106e-01,4.288272996962221306e-01,5.570229707565422794e-01,7.868392923411978712e-01,8.905735687163597314e-01
3.900000000000000000e+02,4.100429113843411799e-01,4.301685763219861292e-01,5.583877644210635260e-01,7.877425620677803719e-01,8.910723611360293894e-01
3.910000000000000000e+02,4.112994700113649649e-01,4.314456571298093679e-01,5.596845644148745746e-01,7.885978380768781104e-01,8.915441780625422696e-01
3.920000000000000000e+02,4.125081815153018305e-01,4.326739517900035636e-01,5.609307680875214031e-01,7.894185651670161397e-01,8.919967498000950235e-01
3.930000000000000000e+02,4.137265633437967050e-01,4.339119674040237684e-01,5.621861239959544676e-01,7.902445286437077554e-01,8.924520842731366033e-01
3.940000000000000000e+02,4.149980478304957088e-01,4.352038295005875579e-01,5.634953315508787197e-01,7.911050912670540836e-01,8.929263612682001305e-01
3.950000000000000000e+02,4.165480476330932214e-01,4.367781972859299811e-01,5.650876766859961320e-01,7.921482666820944818e-01,8.935007312565590443e-01
3.960000000000000000e+02,4.178438167181295348e-01,4.380942086911497890e-01,5.664178565291340117e-01,7.930187455204678049e-01,8.939798662962260556e-01
3.970000000000000000e+02,4.190773353465407913e-01,4.393467696054018101e-01,5.676823880340310380e-01,7.938445982111190791e-01,8.944341770837143102e-01
3.980000000000000000e+02,4.203721025973227721e-01,4.406612367030297017e-01,5.690075046755179722e-01,7.947079241005875483e-01,8.949087750497314309e-01
3.990000000000000000e+02,4.217050442890710737e-01,4.420141916521215242e-01,5.703696485869156341e-01,7.955934407395004460e-01,8.953952705745185092e-01
4.000000000000000000e+02,4.229276218547901034e-01,4.432549054614922657e-01,5.716173339182917257e-01,7.964029678749205976e-01,8.958397719843124163e-01
4.010000000000000000e+02,4.240754743930388315e-01,4.444196638432606483e-01,5.727878318109600464e-01,7.971615413187375099e-01,8.962561596455096424e-01
4.020000000000000000e+02,4.255981998508261976e-01,4.459647094863709582e-01,5.743397855152784226e-01,7.981665644701410045e-01,8.968077071245661447e-01
4.030000000000000000e+02,4.269864220509476116e-01,4.473730539912022519e-01,5.757529349898174997e-01,7.990800898030719912e-01,8.973087916506909956e-01
4.040000000000000000e+02,4.281962060748230048e-01,4.486000211701509643e-01,5.769817690224191553e-01,7.998719739581888755e-01,8.977427685610128716e-01
4.050000000000000000e+02,4.295288828114379176e-01,4.499513471047168478e-01,5.783333178639915584e-01,8.007409779222804946e-01,8.982187069655404033e-01
4.060000000000000000e+02,4.307832347900715786e-01,4.512230842311191203e-01,5.796041647085273807e-01,8.015569204679368065e-01,8.986654037938136552e-01
4.070000000000000000e+02,4.322250774602970913e-01,4.526847805988208906e-01,5.810639871783028765e-01,8.024932892712136612e-01,8.991778899484528242e-01
4.080000000000000000e+02,4.334516267671449929e-01,4.539278887588847899e-01,5.823033451363482937e-01,8.032859615716423374e-01,8.996113782961638883e-01
4.090000000000000000e+02,4.348494356037427844e-01,4.553443424304171039e-01,5.837140528278954577e-01,8.041866717903711770e-01,9.001037108876620563e-01
4.100000000000000000e+02,4.361748265411784509e-01,4.566872680360880565e-01,5.850505925162509113e-01,8.050390393296520397e-01,9.005694677949139804e-01
4.110000000000000000e+02,4.374428061807753010e-01,4.579716656972507849e-01,5.863265641263398775e-01,8.058503495149920148e-01,9.010124185149107623e-01
4.120000000000000000e+02,4.387536717337901515e-01,4.592991794078516987e-01,5.876432635371290347e-01,8.066853596766330181e-01,9.014679739703325145e-01
4.130000000000000000e+02,4.400850980030929227e-01,4.606473353470768028e-01,5.889792762329588705e-01,8.075314108151978587e-01,9.019293693253808142e-01
4.140000000000000000e+02,4.413438647782608748e-01,4.619215533954636466e-01,5.902396607038082887e-01,8.083271303539968367e-01,9.023629460967123039e-01
4.150000000000000000e+02,4.426961678730794159e-01,4.632903627129342228e-01,5.915930095394017485e-01,8.091809218542113102e-01,9.028280715469720885e-01
4.160000000000000000e+02,4.439580229265769895e-01,4.645675313312540577e-01,5.928551824890893052e-01,8.099766050824360741e-01,9.032614518704703555e-01
4.170000000000000000e+02,4.452858176793471623e-01,4.659113639619398284e-01,5.941827486951790638e-01,8.108130102031833042e-01,9.037169358259042884e-01
4.180000000000000000e+02,4.464498651492011527e-01,4.670890652576395463e-01,5.953435888174120061e-01,8.115417029143026095e-01,9.041133593292811632e-01
4.190000000000000000e+02,4.477287172916474267e-01,4.683826908307378023e-01,5.966172411253162222e-01,8.123397293189615898e-01,9.045472784036564518e-01
4.200000000000000000e+02,4.489672862527420150e-01,4.696353031848888304e-01,5.978488233981084088e-01,8.131096784371137920e-01,9.049656723463754826e-01
4.210000000000000000e+02,4.504684064541580324e-01,4.711532087325743801e-01,5.993397473701843614e-01,8.140402434419173883e-01,9.054711178582622866e-01
4.220000000000000000e+02,4.517448920251711519e-01,4.724438150140871095e-01,6.006064399324474445e-01,8.148298709915446913e-01,9.058998643671890560e-01
4.230000000000000000e+02,4.532652607113559773e-01,4.739807913057232924e-01,6.021135964289319187e-01,8.157680465745847931e-01,9.064090659151680107e-01
4.240000000000000000e+02,4.547110506701568244e-01,4.754419697469637329e-01,6.035438603608785924e-01,8.166557835665111398e-01,9.068905068437331796e-01
4.250000000000000000e+02,4.559546554837771715e-01,4.766986213412597317e-01,6.047727239745684935e-01,8.174173146957207647e-01,9.073033241624618439e-01
4.260000000000000000e+02,4.572907652251974042e-01,4.780485778519172890e-01,6.060917517640747043e-01,8.182336461800587823e-01,9.077456879430800818e-01
4.270000000000000000e+02,4.587101979587185907e-01,4.794823775703653257e-01,6.074905362925244745e-01,8.190971865316832856e-01,9.082133138839212361e-01
4.280000000000000000e+02,4.600654215624845889e-01,4.808511118272992824e-01,6.088245447087919926e-01,8.199194503667226464e-01,9.086583965810209884e-01
4.290000000000000000e+02,4.613156860979659157e-01,4.821135333576684889e-01,6.100530069950867995e-01,8.206747528888864718e-01,9.090669517229512664e-01
4.300000000000000000e+02,4.626900166393311808e-01,4.835010301617228001e-01,6.114019440828841745e-01,8.215029126223716283e-01,9.095147367163810559e-01
4.310000000000000000e+02,4.638630123287392215e-01,4.846848071826660442e-01,6.125499706948970280e-01,8.222049383968053071e-01,9.098939102474559171e-01
4.320000000000000000e+02,4.651422234460466099e-01,4.859755302282849354e-01,6.138001816871134775e-01,8.229679603272362920e-01,9.103058093087501579e-01
4.330000000000000000e+02,4.664643253151619096e-01,4.873094751768742294e-01,6.150919164283737972e-01,8.237559930875788528e-01,9.107311610645448807e-01
4.340000000000000000e+02,4.677909269322191865e-01,4.886478011854661352e-01,6.163869040891177820e-01,8.245450509399999683e-01,9.111569251484558096e-01
4.350000000000000000e+02,4.691770099037114172e-01,4.900458661596875931e-01,6.177380305071503708e-01,8.253667051188869896e-01,9.116000415785819877e-01
4.360000000000000000e+02,4.706504455222648708e-01,4.915319947472737150e-01,6.191739898298079803e-01,8.262396838457694015e-01,9.120707984448547245e-01
4.370000000000000000e+02,4.721140031141757842e-01,4.930077110707749566e-01,6.205971056459711477e-01,8.271021796056469144e-01,9.125355112049152728e-01
4.380000000000000000e+02,4.734181306834050473e-01,4.943223465911976144e-01,6.218628662289865661e-01,8.278673800601076271e-01,9.129475199145803410e-01
4.390000000000000000e+02,4.746844356884476479e-01,4.955987645951944187e-01,6.230912736823197573e-01,8.286094681296303222e-01,9.133470067421387562e-01
4.400000000000000000e+02,4.759646126636232766e-01,4.968887332828906267e-01,6.243300624342016381e-01,8.293553011225980320e-01,9.137481423499578259e-01
4.410000000000000000e+02,4.773649996772499904e-01,4.982995717519475010e-01,6.256833307910728559e-01,8.301685501329200134e-01,9.141853178230922028e-01
4.420000000000000000e+02,4.788329659595164656e-01,4.997782650434799412e-01,6.271002826037475053e-01,8.310187472255694541e-01,9.146421636884095596e-01
4.430000000000000000e+02,4.801791413725292612e-01,5.011340388673717339e-01,6.283979871104319326e-01,8.317960209558246110e-01,9.150596262170459516e-01
4.440000000000000000e+02,4.815040776775841858e-01,5.024678671903345384e-01,6.296713006181031691e-01,8.325555222267760902e-01,9.154670875294181887e-01
4.450000000000000000e+02,4.828269573639173418e-01,5.037994884670700113e-01,6.309416757887486016e-01,8.333124968817932077e-01,9.158730818906901661e-01
4.460000000000000000e+02,4.842214451503393247e-01,5.052031291207124131e-01,6.322803814232248465e-01,8.341098373429108870e-01,9.163006755785657598e-01
4.470000000000000000e+02,4.854891136003351981e-01,5.064790789519081349e-01,6.334970658018878042e-01,8.348342804386618132e-01,9.166891444563488589e-01
4.480000000000000000e+02,4.868618566537444847e-01,5.078603225165461144e-01,6.348113182719692382e-01,8.356141949044404438e-01,9.171069825044437795e-01
4.490000000000000000e+02,4.881068903725268582e-01,5.091129225408150827e-01,6.360022984992418360e-01,8.363201557542037090e-01,9.174850852893287056e-01
4.500000000000000000e+02,4.893289518765530643e-01,5.103417807990919819e-01,6.371669042231573599e-01,8.370070023625828526e-01,9.178524542428405653e-01
4.510000000000000000e+02,4.906764482320757903e-01,5.116964638042793556e-01,6.384489057009911095e-01,8.377614005896930616e-01,9.182557142101631653e-01
4.520000000000000000e+02,4.920529206290235047e-01,5.130802324712443463e-01,6.397581626154311696e-01,8.385315921990220689e-01,9.186673815520169928e-01
4.530000000000000000e+02,4.934181734494142990e-01,5.144525677821105702e-01,6.410556759721448561e-01,8.392940351747535388e-01,9.190747877505143215e-01
4.540000000000000000e+02,4.947983840826714608e-01,5.158394744319505509e-01,6.423641883069214353e-01,8.400604319489536342e-01,9.194839508547923979e-01
4.550000000000000000e+02,4.963358025432492715e-01,5.173842195371579633e-01,6.438208284167505902e-01,8.409128767135535254e-01,9.199389524889748371e-01
4.560000000000000000e+02,4.974939376541366309e-01,5.185476312106279684e-01,6.449164375209071043e-01,8.415527420167440154e-01,9.202803037637306005e-01
4.570000000000000000e+02,4.991564290909996093e-01,5.202175068911076838e-01,6.464878615453073518e-01,8.424694814272368770e-01,9.207692167172056852e-01
4.580000000000000000e+02,5.004849443268130083e-01,5.215517975478505264e-01,6.477427396604131804e-01,8.432008867592005741e-01,9.211591936275900228e-01
4.590000000000000000e+02,5.018875150317362310e-01,5.229601849097043065e-01,6.490656369597498365e-01,8.439704504836751386e-01,9.215693066610994855e-01
4.600000000000000000e+02,5.030966975469448599e-01,5.241741787504615724e-01,6.502047348925596992e-01,8.446320218882541475e-01,9.219217180529573064e-01
4.610000000000000000e+02,5.045175624686321081e-01,5.256003356595800868e-01,6.515407670046879929e-01,8.454060757853532060e-01,9.223337816283785351e-01
4.620000000000000000e+02,5.060171844153577014e-01,5.271052003307975520e-01,6.529485106860486443e-01,8.462198944039595050e-01,9.227667639360184193e-01
4.630000000000000000e+02,5.074005963362135940e-01,5.284932419804764248e-01,6.542457528312156656e-01,8.469687615190703012e-01,9.231650397696647969e-01
4.640000000000000000e+02,5.088052860324507876e-01,5.299022102721170357e-01,6.555600699131121090e-01,8.477253133217730330e-01,9.235670993790585648e-01
4.650000000000000000e+02,5.101529015839481040e-01,5.312537360956364196e-01,6.568196625427069613e-01,8.484493696623607306e-01,9.239517509938121043e-01
4.660000000000000000e+02,5.114311675727691853e-01,5.325356028730575675e-01,6.580137001118179230e-01,8.491351906049274811e-01,9.243160132959442610e-01
4.670000000000000000e+02,5.126985738197525899e-01,5.338062630574234024e-01,6.591954489753295565e-01,8.498123485602597782e-01,9.246754512952630733e-01
4.680000000000000000e+02,5.140500048388535470e-01,5.351609541184932928e-01,6.604541250906241778e-01,8.505325287310037119e-01,9.250575787226222868e-01
4.690000000000000000e+02,5.154973500829254096e-01,5.366115226789771597e-01,6.618003207915232888e-01,8.513014383032478927e-01,9.254653752277418599e-01
4.700000000000000000e+02,5.169091081767960283e-01,5.380263007243772932e-01,6.631125788258619425e-01,8.520503421872845928e-01,9.258624754841512372e-01
4.710000000000000000e+02,5.182879019167798695e-01,5.394077049072873997e-01,6.643919116762492250e-01,8.527787669727617814e-01,9.262484834068409612e-01
4.720000000000000000e+02,5.197186126321325927e-01,5.408408073644482839e-01,6.657172851744778130e-01,8.535318370070880123e-01,9.266473348287206369e-01
4.730000000000000000e+02,5.211145878827110334e-01,5.422387817356352224e-01,6.670082362040844481e-01,8.542637025597135114e-01,9.270347289898257515e-01
4.740000000000000000e+02,5.224667695028863967e-01,5.435927543284453378e-01,6.682577142708935325e-01,8.549713438329543669e-01,9.274092026232649832e-01
4.750000000000000000e+02,5.238460025028495171e-01,5.449734767529494928e-01,6.695299330837058971e-01,8.556902202402859592e-01,9.277893959836170934e-01
4.760000000000000000e+02,5.252527983632580000e-01,5.463816864374166915e-01,6.708268726615915778e-01,8.564225537325051985e-01,9.281766362106569357e-01
4.770000000000000000e+02,5.266900893974395537e-01,5.478199784930717353e-01,6.721489705368147716e-01,8.571669530766742318e-01,9.285699636552706693e-01
4.780000000000000000e+02,5.280761878846714774e-01,5.492066277936907825e-01,6.734212236527176154e-01,8.578813031939240830e-01,9.289471426806752419e-01
4.790000000000000000e+02,5.297597131036481111e-01,5.508905855074843760e-01,6.749649061417867246e-01,8.587469304992214614e-01,9.294040429301058115e-01
4.800000000000000000e+02,5.310711338146045790e-01,5.522022406918788429e-01,6.761667145010842317e-01,8.594203638695686598e-01,9.297594320046531635e-01
4.810000000000000000e+02,5.325101216015920569e-01,5.536411052777725494e-01,6.774829106496743636e-01,8.601560971738624328e-01,9.301474540258136692e-01
4.820000000000000000e+02,5.339212652487603794e-01,5.550517072648144534e-01,6.787708621139374454e-01,8.608740693708636371e-01,9.305258412987919003e-01
4.830000000000000000e+02,5.354286893033108896e-01,5.565584856768864830e-01,6.801462472513554181e-01,8.616404686737595409e-01,9.309297082722645111e-01
4.840000000000000000e+02,5.367972047627885823e-01,5.579263571647079534e-01,6.813945103931787761e-01,8.623357626322746272e-01,9.312960685158238050e-01
4.850000000000000000e+02,5.383092677635777923e-01,5.594373153084241101e-01,6.827711212346894154e-01,8.631007212828956110e-01,9.316988890258728340e-01
4.860000000000000000e+02,5.396639714192109638e-01,5.607908566973845987e-01,6.840033376993053249e-01,8.637846458755000789e-01,9.320589300464885429e-01
4.870000000000000000e+02,5.411710272057166371e-01,5.622957354105194705e-01,6.853683479108508836e-01,8.645382356701495352e-01,9.324551018563251858e-01
4.880000000000000000e+02,5.427438173596123017e-01,5.638655198053911244e-01,6.867881205962861335e-01,8.653187506685627861e-01,9.328649853704314987e-01
4.890000000000000000e+02,5.442320469329633426e-01,5.653507679639760974e-01,6.881306684667611862e-01,8.660561965258684047e-01,9.332521689729996739e-01
4.900000000000000000e+02,5.457100871069280323e-01,5.668256772766999685e-01,6.894629226020226875e-01,8.667872291422680231e-01,9.336358838596245935e-01
4.910000000000000000e+02,5.470215054560362278e-01,5.681342167917928787e-01,6.906443355855829136e-01,8.674350425362650219e-01,9.339758572917834512e-01
4.920000000000000000e+02,5.483188561740511835e-01,5.694286777701348390e-01,6.918128048429824650e-01,8.680755723572002314e-01,9.343119834236593979e-01
4.930000000000000000e+02,5.495999519064063144e-01,5.707061759453477823e-01,6.929618283263343503e-01,8.687021630873742462e-01,9.346403585887930188e-01
4.940000000000000000e+02,5.510128575582456945e-01,5.721148772586376330e-01,6.942275499154064722e-01,8.693913578715598556e-01,9.350014049957404705e-01
4.950000000000000000e+02,5.523645359979070246e-01,5.734624491907385213e-01,6.954378799891759444e-01,8.700500238114300400e-01,9.353464095009537127e-01
4.960000000000000000e+02,5.539281675865138643e-01,5.750211221796462935e-01,6.968366615425386490e-01,8.708103408375653665e-01,9.357445380556610459e-01
4.970000000000000000e+02,5.552872727846546175e-01,5.763756006565057266e-01,6.980504483409878391e-01,8.714687330464855330e-01,9.360891138236561160e-01
4.980000000000000000e+02,5.566117793103133593e-01,5.776953726157929569e-01,6.992318915820200376e-01,8.721086103666964018e-01,9.364238712469822312e-01
4.990000000000000000e+02,5.577677696142450126e-01,5.788470349367089707e-01,7.002617691535455435e-01,8.726655600128259138e-01,9.367151335473482554e-01
5.000000000000000000e+02,5.590476700128598209e-01,5.801220052816076223e-01,7.014011570291021069e-01,8.732811421534584229e-01,9.370369804447939988e-01
5.010000000000000000e+02,5.604560002967968746e-01,5.815247224162184425e-01,7.026536740992289642e-01,8.739570434208442373e-01,9.373902585013219602e-01
5.020000000000000000e+02,5.618020401314625101e-01,5.828651703585181476e-01,7.038493470020772413e-01,8.746013075359050370e-01,9.377268738723024688e-01
5.030000000000000000e+02,5.634306760452112428e-01,5.844866543688026495e-01,7.052935939418768507e-01,8.753778838224488545e-01,9.381324059526572334e-01
5.040000000000000000e+02,5.649415196796983007e-01,5.859900564641711274e-01,7.066282751333624601e-01,8.760921829543004691e-01,9.385049764749664458e-01
5.050000000000000000e+02,5.665000473732944020e-01,5.875405267343797311e-01,7.080026764006189799e-01,8.768261658046315743e-01,9.388876082171536686e-01
5.060000000000000000e+02,5.680018308046214104e-01,5.890342174579826784e-01,7.093249680414883684e-01,8.775309706486591477e-01,9.392548532147245721e-01
5.070000000000000000e+02,5.693595318401361016e-01,5.903845456836901429e-01,7.105200424305883056e-01,8.781677349869940752e-01,9.395866149065211781e-01
5.080000000000000000e+02,5.707857629950482403e-01,5.918027883514411780e-01,7.117739083502672148e-01,8.788348308047421176e-01,9.399340502207162995e-01
5.090000000000000000e+02,5.723783674625981810e-01,5.933861541060544420e-01,7.131720441543486499e-01,8.795773896040662843e-01,9.403206198789906267e-01
5.100000000000000000e+02,5.739950012993326744e-01,5.949930144866235615e-01,7.145888007018160737e-01,8.803282415709762221e-01,9.407112997307773838e-01
5.110000000000000000e+02,5.755462167536747886e-01,5.965346439681600277e-01,7.159469274195270350e-01,8.810471847493870357e-01,9.410852685464952128e-01
5.120000000000000000e+02,5.769908751524498447e-01,5.979700369760865275e-01,7.172096531777263362e-01,8.817142746527324437e-01,9.414320902396515756e-01
5.130000000000000000e+02,5.784520587031577454e-01,5.994214976029644815e-01,7.184846349870814830e-01,8.823864419043603302e-01,9.417813711533749021e-01
5.140000000000000000e+02,5.797816497061373253e-01,6.007418846360936815e-01,7.196425785842297529e-01,8.829954984177008637e-01,9.420976760238565229e-01
5.150000000000000000e+02,5.812503300296701925e-01,6.022001289485280351e-01,7.209199871946525562e-01,8.836663340285854096e-01,9.424459288882813812e-01
5.160000000000000000e+02,5.828646886001599414e-01,6.038027512508032935e-01,7.223224616716795721e-01,8.844018118147017882e-01,9.428276063504550386e-01
5.170000000000000000e+02,5.844193652465005107e-01,6.053458386811066960e-01,7.236713157533560814e-01,8.851080538312817714e-01,9.431939685057002531e-01
5.180000000000000000e+02,5.857587715705215858e-01,6.066748019760597188e-01,7.248305735697724295e-01,8.857132539476754163e-01,9.435076883986388552e-01
5.190000000000000000e+02,5.872150826101573129e-01,6.081197491639945829e-01,7.260909550714084171e-01,8.863712105272160136e-01,9.438487512507885979e-01
5.200000000000000000e+02,5.885943886758254751e-01,6.094879353914678388e-01,7.272824988681100278e-01,8.869918631261081154e-01,9.441703020203427998e-01
5.210000000000000000e+02,5.902057951117477552e-01,6.110860777099409447e-01,7.286728727895180890e-01,8.877150405230322949e-01,9.445448363132754599e-01
5.220000000000000000e+02,5.916899862867383009e-01,6.125579087213055551e-01,7.299526040862114318e-01,8.883801244976681222e-01,9.448892144738072485e-01
5.230000000000000000e+02,5.930941686225609244e-01,6.139500469989727094e-01,7.311612067915913560e-01,8.890069170518963837e-01,9.452135966951545898e-01
5.240000000000000000e+02,5.946259932796842396e-01,6.154682726326873299e-01,7.324768663778836730e-01,8.896875011160567670e-01,9.455655977983240534e-01
5.250000000000000000e+02,5.960221932421730928e-01,6.168519942205744622e-01,7.336755322851613581e-01,8.903072527588986596e-01,9.458860964525963588e-01
5.260000000000000000e+02,5.975155779846401671e-01,6.183316742832760671e-01,7.349554576418181329e-01,8.909676849162206924e-01,9.462274636019659679e-01
5.270000000000000000e+02,5.990071153734608522e-01,6.198091749171801279e-01,7.362316815358493916e-01,8.916249138849676736e-01,9.465670113984229195e-01
5.280000000000000000e+02,6.003427547931693420e-01,6.211318721318050962e-01,7.373722564788178779e-01,8.922109149852565091e-01,9.468695871365910843e-01
5.290000000000000000e+02,6.017635253346491631e-01,6.225386512355076674e-01,7.385841740337114603e-01,8.928327487688590969e-01,9.471905610737965109e-01
5.300000000000000000e+02,6.034135437451082495e-01,6.241719740276441275e-01,7.399889467381065566e-01,8.935519102740269171e-01,9.475615682344170621e-01
5.310000000000000000e+02,6.049276434500724386e-01,6.256704335836891229e-01,7.412760781038681968e-01,8.942096886159000002e-01,9.479007629809045321e-01
5.320000000000000000e+02,6.064742987947676633e-01,6.272007071828525904e-01,7.425884511919226272e-01,8.948789083533457145e-01,9.482456747043332967e-01
5.330000000000000000e+02,6.079705850374382825e-01,6.286809124683412353e-01,7.438566902505419076e-01,8.955247896196906199e-01,9.485784534875617569e-01
5.340000000000000000e+02,6.094500308236203701e-01,6.301439803876023316e-01,7.451077975378287421e-01,8.961602463225618598e-01,9.489056486437945637e-01
5.350000000000000000e+02,6.108921223495928920e-01,6.315699593685568658e-01,7.463264312821459301e-01,8.967786844827381199e-01,9.492240154160160870e-01
5.360000000000000000e+02,6.122851294811547662e-01,6.329470244972718040e-01,7.475013348262539159e-01,8.973735992996231259e-01,9.495301065759201853e-01
5.370000000000000000e+02,6.138081344043367915e-01,6.344524859626318181e-01,7.487852058159368829e-01,8.980232909202203739e-01,9.498643313378465347e-01
5.380000000000000000e+02,6.152614103396639722e-01,6.358884240553347444e-01,7.500067488849715414e-01,8.986393599971412849e-01,9.501810006937915221e-01
5.390000000000000000e+02,6.168303335278895183e-01,6.374382921789684131e-01,7.513235006608623978e-01,8.993022786691516890e-01,9.505216065774283463e-01
5.400000000000000000e+02,6.182703485837923729e-01,6.388606989700914562e-01,7.525313611278746651e-01,8.999099662555746226e-01,9.508337840458360724e-01
5.410000000000000000e+02,6.197209685948115165e-01,6.402928390415636439e-01,7.537437423825885663e-01,9.005173922891694938e-01,9.511455137792640402e-01
5.420000000000000000e+02,6.210972033304165141e-01,6.416510040826693961e-01,7.548907996198542802e-01,9.010902727211513863e-01,9.514392908523288117e-01
5.430000000000000000e+02,6.225980715549496169e-01,6.431320379987198743e-01,7.561409846356901276e-01,9.017142273592814172e-01,9.517592059893369427e-01
5.440000000000000000e+02,6.240264465726771403e-01,6.445412419379999980e-01,7.573290598105832938e-01,9.023061956142226503e-01,9.520625994840405948e-01
5.450000000000000000e+02,6.256397113913777508e-01,6.461327261870258853e-01,7.586701723759916582e-01,9.029739884119170057e-01,9.524048017364439289e-01
5.460000000000000000e+02,6.271173890677513851e-01,6.475901520587309390e-01,7.598968095915289434e-01,9.035837750178062899e-01,9.527171561222962382e-01
5.470000000000000000e+02,6.287528422347489210e-01,6.492026228600742410e-01,7.612511100162182576e-01,9.042551482081763181e-01,9.530608274410166114e-01
5.480000000000000000e+02,6.302255795936015925e-01,6.506545869321539444e-01,7.624702169287035369e-01,9.048592462623353816e-01,9.533700298504934612e-01
5.490000000000000000e+02,6.317190660818789993e-01,6.521264597917624251e-01,7.637033229723350081e-01,9.054684899451074243e-01,9.536816472814481083e-01
5.500000000000000000e+02,6.334253922027113237e-01,6.538079001276200231e-01,7.651110503275402319e-01,9.061633844799971138e-01,9.540369973838671580e-01
5.510000000000000000e+02,6.348895768159188435e-01,6.552504567184785911e-01,7.663174275907498334e-01,9.067579994741006288e-01,9.543409591249237822e-01
5.520000000000000000e+02,6.362377581937497251e-01,6.565782420043918544e-01,7.674254501421386987e-01,9.073025861677497250e-01,9.546191584482749404e-01
5.530000000000000000e+02,6.376759793915653951e-01,6.579945164765189647e-01,7.686063889920760062e-01,9.078824074066338401e-01,9.549152838668921728e-01
5.540000000000000000e+02,6.391165405039735958e-01,6.594127916929495292e-01,7.697875059457467417e-01,9.084613487817292388e-01,9.552108426012062559e-01
5.550000000000000000e+02,6.406257060734190656e-01,6.608981443535592026e-01,7.710222028878136458e-01,9.090650786217308044e-01,9.555188777812863021e-01
5.560000000000000000e+02,6.420661866744286073e-01,6.623156964071903463e-01,7.721995659121680955e-01,9.096401455340452635e-01,9.558122125712371631e-01
5.570000000000000000e+02,6.435784676475048149e-01,6.638033147769892839e-01,7.734322409486401595e-01,9.102403795075605375e-01,9.561181617677216860e-01
5.580000000000000000e+02,6.451048944697392873e-01,6.653044245483714647e-01,7.746740356860157828e-01,9.108437387955018449e-01,9.564255456494404894e-01
5.590000000000000000e+02,6.465844397420377199e-01,6.667591995642969671e-01,7.758763805311736927e-01,9.114272173808495303e-01,9.567227154924864418e-01
5.600000000000000000e+02,6.478758432871847273e-01,6.680284845762941570e-01,7.769230115890242150e-01,9.119336030656998160e-01,9.569804381694624329e-01
5.610000000000000000e+02,6.495452772966505695e-01,6.696688674970687760e-01,7.782734356432907674e-01,9.125855778190464784e-01,9.573120909160707237e-01
5.620000000000000000e+02,6.509550212970555139e-01,6.710538253678558496e-01,7.794123613693710872e-01,9.131346733509869695e-01,9.575913180698771843e-01
5.630000000000000000e+02,6.522612362141287923e-01,6.723368054590280751e-01,7.804661332440677723e-01,9.136419042737902174e-01,9.578491593609583798e-01
5.640000000000000000e+02,6.539264686926029579e-01,6.739721241038006960e-01,7.818078930601755072e-01,9.142868790606700768e-01,9.581769153567802899e-01
5.650000000000000000e+02,6.555449812714971847e-01,6.755612142613053317e-01,7.831100579478722512e-01,9.149117822711902992e-01,9.584943478996835742e-01
5.660000000000000000e+02,6.572182856689149366e-01,6.772037217375770357e-01,7.844541874415342786e-01,9.155557001765574077e-01,9.588213056757497466e-01
5.670000000000000000e+02,6.588612929710901955e-01,6.788161608375302691e-01,7.857721429375387201e-01,9.161861073205550543e-01,9.591412877465987918e-01
5.680000000000000000e+02,6.606007177690329524e-01,6.805227953738676172e-01,7.871650537893797317e-01,9.168511088707134160e-01,9.594786800179980757e-01
5.690000000000000000e+02,6.619820575469060886e-01,6.818775152551480589e-01,7.882679910418639579e-01,9.173759817663856841e-01,9.597447774005736232e-01
5.700000000000000000e+02,6.636599453443724483e-01,6.835229184615665421e-01,7.896068772524568180e-01,9.180127049650675941e-01,9.600675287059137197e-01
5.710000000000000000e+02,6.650673421324139190e-01,6.849027801657003867e-01,7.907283315342688024e-01,9.185451960477815092e-01,9.603373474057090853e-01
5.720000000000000000e+02,6.666851219922782512e-01,6.864884950853878953e-01,7.920151381390367895e-01,9.191550116432144479e-01,9.606462071862995611e-01
5.730000000000000000e+02,6.683015088015955563e-01,6.880722904438365539e-01,7.932977823779848725e-01,9.197612750850748808e-01,9.609530821437203274e-01
5.740000000000000000e+02,6.698493079543266226e-01,6.895884438386546966e-01,7.945235971161841437e-01,9.203394395971478126e-01,9.612455889021245259e-01
5.750000000000000000e+02,6.714008407086961006e-01,6.911076907397329938e-01,7.957492787959257186e-01,9.209159583865889065e-01,9.615370777022748117e-01
5.760000000000000000e+02,6.728555715883454136e-01,6.925318532920987646e-01,7.968968660026557460e-01,9.214549158699474329e-01,9.618094785751021281e-01
5.770000000000000000e+02,6.744808680334912765e-01,6.941228226714850624e-01,7.981780530595171674e-01,9.220561320023938912e-01,9.621132895588776490e-01
5.780000000000000000e+02,6.760881886140370778e-01,6.956955619975903060e-01,7.994416171681490990e-01,9.226473274863384866e-01,9.624118327531934192e-01
5.790000000000000000e+02,6.777587480752811366e-01,6.973300778258330057e-01,8.007543418337419450e-01,9.232612441549326032e-01,9.627218171072542408e-01
5.800000000000000000e+02,6.792400769454394194e-01,6.987791405761889507e-01,8.019167114393844775e-01,9.238040082088582183e-01,9.629957770690598107e-01
5.810000000000000000e+02,6.808177733920746100e-01,7.003217978965157187e-01,8.031510493594310462e-01,9.243785456665641886e-01,9.632855620469791269e-01
5.820000000000000000e+02,6.823927475126762010e-01,7.018614182545167557e-01,8.043812322088440547e-01,9.249501367589818557e-01,9.635737436176351478e-01
5.830000000000000000e+02,6.840939460190160748e-01,7.035241290610653175e-01,8.057083867964185409e-01,9.255659773199284013e-01,9.638841411659490044e-01
5.840000000000000000e+02,6.858691179862514975e-01,7.052585877749690813e-01,8.070902818008605095e-01,9.262057453870822243e-01,9.642064284528255591e-01
5.850000000000000000e+02,6.874288393027658817e-01,7.067821890258709772e-01,8.083025899711815399e-01,9.267660768290388873e-01,9.644885924211695771e-01
5.860000000000000000e+02,6.889946674502172019e-01,7.083109048063004343e-01,8.095150950734263384e-01,9.273242635431246939e-01,9.647694193353092418e-01
5.870000000000000000e+02,6.905239607182510619e-01,7.098038467080599601e-01,8.106987497073845361e-01,9.278688945084818673e-01,9.650433947555716596e-01
5.880000000000000000e+02,6.922124021081100809e-01,7.114518080111615905e-01,8.120037414685005173e-01,9.284684556523006282e-01,9.653448993349538210e-01
5.890000000000000000e+02,6.939160955384965357e-01,7.131141954290520779e-01,8.133180751518983564e-01,9.290711172958817654e-01,9.656478265283965357e-01
5.900000000000000000e+02,6.954225995699280238e-01,7.145838623165001735e-01,8.144786300695112669e-01,9.296024633524530012e-01,9.659148150667929977e-01
5.910000000000000000e+02,6.970099150376798391e-01,7.161320175172398717e-01,8.156996014659008143e-01,9.301605809439995598e-01,9.661951539871247441e-01
5.920000000000000000e+02,6.986654262261883241e-01,7.177463007889413049e-01,8.169709940720178976e-01,9.307407647035725873e-01,9.664864645324918735e-01
5.930000000000000000e+02,7.002781226465698561e-01,7.193182482401228039e-01,8.182064110876265950e-01,9.313030455011811481e-01,9.667686167683389176e-01
5.940000000000000000e+02,7.019229162797189225e-01,7.209212319935468516e-01,8.194651024920485138e-01,9.318752902903478796e-01,9.670556973580237692e-01
5.950000000000000000e+02,7.034192455473485817e-01,7.223787568966948403e-01,8.206061520622254246e-01,9.323921341126980566e-01,9.673147672950043185e-01
5.960000000000000000e+02,7.050058207989291503e-01,7.239238584274256816e-01,8.218143007366094377e-01,9.329385559304428366e-01,9.675885709977124494e-01
5.970000000000000000e+02,7.065922139323399520e-01,7.254684027480998720e-01,8.230203294666795788e-01,9.334830830485876252e-01,9.678613194209949588e-01
5.980000000000000000e+02,7.081014963810556839e-01,7.269376354845312749e-01,8.241665121247110370e-01,9.340000126948860837e-01,9.681201793507155928e-01
5.990000000000000000e+02,7.098880135725683660e-01,7.286758769351171505e-01,8.255187186301558011e-01,9.346077442558319293e-01,9.684242713230640787e-01
6.000000000000000000e+02,7.116353824996073385e-01,7.303756063154518419e-01,8.268391114545459164e-01,9.352001593995681317e-01,9.687205848110195250e-01
6.010000000000000000e+02,7.132950614287458801e-01,7.319896504390756009e-01,8.280912479018601724e-01,9.357610232065115552e-01,9.690010128141790524e-01
6.020000000000000000e+02,7.148317576086780090e-01,7.334837690389959253e-01,8.292489286662616532e-01,9.362788028613410196e-01,9.692598120528830297e-01
6.030000000000000000e+02,7.165917517333827425e-01,7.351937456377799496e-01,8.305683990779115788e-01,9.368659859573605919e-01,9.695529703697204349e-01
6.040000000000000000e+02,7.183065347267535428e-01,7.368595786026331806e-01,8.318528626445507168e-01,9.374370812161774147e-01,9.698380397560808497e-01
6.050000000000000000e+02,7.198631887505070326e-01,7.383714607824626297e-01,8.330171641456889375e-01,9.379539668984571144e-01,9.700959623699405565e-01
6.060000000000000000e+02,7.213539170701215308e-01,7.398191555653340634e-01,8.341313513764759824e-01,9.384482375690967881e-01,9.703425593223434786e-01
6.070000000000000000e+02,7.230786081229567674e-01,7.414935162827342996e-01,8.354176407594584575e-01,9.390175997167700128e-01,9.706264805110919047e-01
6.080000000000000000e+02,7.246351569219673383e-01,7.430041602640394816e-01,8.365760844482171832e-01,9.395292670118318146e-01,9.708815085159753222e-01
6.090000000000000000e+02,7.262842083184223307e-01,7.446041918848846919e-01,8.378014119771779455e-01,9.400695924150075378e-01,9.711507224605967492e-01
6.100000000000000000e+02,7.277221557449506939e-01,7.459988633540022285e-01,8.388671933469359354e-01,9.405383589449861637e-01,9.713841492912661524e-01
6.110000000000000000e+02,7.295706833431339078e-01,7.477914397193422547e-01,8.402356835007436242e-01,9.411395486797285992e-01,9.716834381143870658e-01
6.120000000000000000e+02,7.312267125146524327e-01,7.493965332146510505e-01,8.414575880553359921e-01,9.416745291185638633e-01,9.719495662657748891e-01
6.130000000000000000e+02,7.329383410178166303e-01,7.510551327315195813e-01,8.427185964793080242e-01,9.422257796174055011e-01,9.722236943602943215e-01
6.140000000000000000e+02,7.345400835146694840e-01,7.526064709257369589e-01,8.438947531846584527e-01,9.427382215269275445e-01,9.724783351997083880e-01
6.150000000000000000e+02,7.361516255055979840e-01,7.541671457920792188e-01,8.450773360221887076e-01,9.432531251922467996e-01,9.727341622218707018e-01
6.160000000000000000e+02,7.377152331292219367e-01,7.556804734157086534e-01,8.462201435528582394e-01,9.437487026914073152e-01,9.729801675816960316e-01
6.170000000000000000e+02,7.393629739793485811e-01,7.572749660285221784e-01,8.474231407531224169e-01,9.442698153984968590e-01,9.732387867990714980e-01
6.180000000000000000e+02,7.409904878023542141e-01,7.588494214321548359e-01,8.486090778061339268e-01,9.447825444490690616e-01,9.734931369516711674e-01
6.190000000000000000e+02,7.427482695987456252e-01,7.605494361041745810e-01,8.498876611182477614e-01,9.453343448669635496e-01,9.737667621524725980e-01
6.200000000000000000e+02,7.444235871323484632e-01,7.621694151239390980e-01,8.511048758369340606e-01,9.458590636843733357e-01,9.740268932637800026e-01
6.210000000000000000e+02,7.460279795886755050e-01,7.637204486367289435e-01,8.522687747639891009e-01,9.463600326353871495e-01,9.742751669862241837e-01
6.220000000000000000e+02,7.475763828823588364e-01,7.652166259096455647e-01,8.533884844948690374e-01,9.468404559493607264e-01,9.745130931761537552e-01
6.230000000000000000e+02,7.492972310823384774e-01,7.668790601007079433e-01,8.546310806612186228e-01,9.473728327136178295e-01,9.747766653083332899e-01
6.240000000000000000e+02,7.509127518229121723e-01,7.684390956264554040e-01,8.557944719550776291e-01,9.478699412747748632e-01,9.750226325606777822e-01
6.250000000000000000e+02,7.525599681728769585e-01,7.700290673658839458e-01,8.569774317392694352e-01,9.483740397535966871e-01,9.752719105469171978e-01
6.260000000000000000e+02,7.543499617298425886e-01,7.717562756017933845e-01,8.582601264823975784e-01,9.489194641512354034e-01,9.755414979219910743e-01
6.270000000000000000e+02,7.562088130398163521e-01,7.735482560635077443e-01,8.595841227809493112e-01,9.494791133001759809e-01,9.758177589181173950e-01
6.280000000000000000e+02,7.578932973264229656e-01,7.751718376594651794e-01,8.607824638471127665e-01,9.499850454821666679e-01,9.760674389740252588e-01
6.290000000000000000e+02,7.595877692436275863e-01,7.768045030587288347e-01,8.619853148443127333e-01,9.504918137728214367e-01,9.763174176045326114e-01
6.300000000000000000e+02,7.611882726488037321e-01,7.783462395596860706e-01,8.631196100488868206e-01,9.509689402103943534e-01,9.765526935628220384e-01
6.310000000000000000e+02,7.628305373855547300e-01,7.799278655220042156e-01,8.642818903358585603e-01,9.514571791659135469e-01,9.767933790034940555e-01
6.320000000000000000e+02,7.645351230244991081e-01,7.815685673536361122e-01,8.654837972829992898e-01,9.519602434902101340e-01,9.770411795015236933e-01
6.330000000000000000e+02,7.662669463195171948e-01,7.832349083255036870e-01,8.667021780999535352e-01,9.524690985788130115e-01,9.772917153243849686e-01
6.340000000000000000e+02,7.678177273915833823e-01,7.847264872488819432e-01,8.677905265972514215e-01,9.529225734409625392e-01,9.775148711008314617e-01
6.350000000000000000e+02,7.695316057304709689e-01,7.863744761438118402e-01,8.689911707840756172e-01,9.534219689553754540e-01,9.777605326975365996e-01
6.360000000000000000e+02,7.710578294931267340e-01,7.878415995133939420e-01,8.700583603447225034e-01,9.538650585533321458e-01,9.779784123246153538e-01
6.370000000000000000e+02,7.727550253946896541e-01,7.894725632428287732e-01,8.712427079156380705e-01,9.543558395254219118e-01,9.782196428718035186e-01
6.380000000000000000e+02,7.745077725756195353e-01,7.911563750378498572e-01,8.724633221820897733e-01,9.548606586855998835e-01,9.784676693605935949e-01
6.390000000000000000e+02,7.761872366855384620e-01,7.927694203326675071e-01,8.736311994259556846e-01,9.553429941593232222e-01,9.787045785324969271e-01
6.400000000000000000e+02,7.777344702500914586e-01,7.942553144462498604e-01,8.747064275529228272e-01,9.557867901084983187e-01,9.789225293018768426e-01
6.410000000000000000e+02,7.797906040950691731e-01,7.962291746390973701e-01,8.761317858461720176e-01,9.563737164343434349e-01,9.792106271490911285e-01
6.420000000000000000e+02,7.813754835218622574e-01,7.977500176013467836e-01,8.772275941075291517e-01,9.568238218213280799e-01,9.794314480620492924e-01
6.430000000000000000e+02,7.832085014778134013e-01,7.995083260131168323e-01,8.784919844779714992e-01,9.573420110957885365e-01,9.796855495530051305e-01
6.440000000000000000e+02,7.849223711614852217e-01,8.011514995804822625e-01,8.796703151975299173e-01,9.578234317826115340e-01,9.799214650219956191e-01
6.450000000000000000e+02,7.865813127083675083e-01,8.027415688744162781e-01,8.808088572393687476e-01,9.582878163700426777e-01,9.801489510083951640e-01
6.460000000000000000e+02,7.883241360003047093e-01,8.044117423225370933e-01,8.820036182501704847e-01,9.587746125819124332e-01,9.803873617728047218e-01
6.470000000000000000e+02,7.900665310764204419e-01,8.060810315584355790e-01,8.831959232049106934e-01,9.592595794671554543e-01,9.806247906421780014e-01
6.480000000000000000e+02,7.919497537440580714e-01,8.078840597324151718e-01,8.844792306321177522e-01,9.597795199052174819e-01,9.808791306851024627e-01
6.490000000000000000e+02,7.939117798090012945e-01,8.097623199205105093e-01,8.858152606222754466e-01,9.603204503894217092e-01,9.811437001243211720e-01
6.500000000000000000e+02,7.957887541613508642e-01,8.115576543819983391e-01,8.870865791874724682e-01,9.608326227513120932e-01,9.813939407118814628e-01
6.510000000000000000e+02,7.975366975020514726e-01,8.132289042484148744e-01,8.882675105852237962e-01,9.613072620077216524e-01,9.816257281475166963e-01
6.520000000000000000e+02,7.992947059882750116e-01,8.149092396924455528e-01,8.894528322494880124e-01,9.617827679360820836e-01,9.818578467081081618e-01
6.530000000000000000e+02,8.011279696006349260e-01,8.166604068260223670e-01,8.906839917022598696e-01,9.622748478512004322e-01,9.820978703267844168e-01
6.540000000000000000e+02,8.031429542134447264e-01,8.185848202362194792e-01,8.920356899990218302e-01,9.628145527944967919e-01,9.823610676686715948e-01
6.550000000000000000e+02,8.050328765580098134e-01,8.203889516764695244e-01,8.932997615554184589e-01,9.633179000857658991e-01,9.826063948134040604e-01
6.560000000000000000e+02,8.068595910601707999e-01,8.221322294295693167e-01,8.945192780538360200e-01,9.638026725772301795e-01,9.828425839183089208e-01
6.570000000000000000e+02,8.086791240315320817e-01,8.238672425377702169e-01,8.957277852847620458e-01,9.642808147798958007e-01,9.830753140597731088e-01
6.580000000000000000e+02,8.103606642574094909e-01,8.254702633352570817e-01,8.968428438037319150e-01,9.647213359016155731e-01,9.832896668841877297e-01
6.590000000000000000e+02,8.122810705572579559e-01,8.272999712976041309e-01,8.981118176860529712e-01,9.652210552387193720e-01,9.835326624055679146e-01
6.600000000000000000e+02,8.140996246527058000e-01,8.290323313646900116e-01,8.993121553711945770e-01,9.656932684688357416e-01,9.837622344994066959e-01
6.610000000000000000e+02,8.157936513016313951e-01,8.306454821226360030e-01,9.004277582976734084e-01,9.661312413789439058e-01,9.839750689658501859e-01
6.620000000000000000e+02,8.176271546630663467e-01,8.323912949347973544e-01,9.016345374034202553e-01,9.666047683207824592e-01,9.842051567833906001e-01
6.630000000000000000e+02,8.193507460889593030e-01,8.340305507450455069e-01,9.027607584923157402e-01,9.670437922701963229e-01,9.844181897084396393e-01
6.640000000000000000e+02,8.211646793919064047e-01,8.357549407295019606e-01,9.039426309537781368e-01,9.675033288526058151e-01,9.846410580758074849e-01
6.650000000000000000e+02,8.230285421261764878e-01,8.375260135745701273e-01,9.051536907444894808e-01,9.679730509231438962e-01,9.848687501579519443e-01
6.660000000000000000e+02,8.250446227600175542e-01,8.394412703551600297e-01,9.064617100214870105e-01,9.684797053651303944e-01,9.851142775157688547e-01
6.670000000000000000e+02,8.270310476863687033e-01,8.413273094819261333e-01,9.077460446234373315e-01,9.689756535119757874e-01,9.853544641763183343e-01
6.680000000000000000e+02,8.290545751669334829e-01,8.432470148112789499e-01,9.090477635604353734e-01,9.694760572788065911e-01,9.855965850369261538e-01
6.690000000000000000e+02,8.308057290532369077e-01,8.449080046838434166e-01,9.101729324749574523e-01,9.699081377746171517e-01,9.858056026264863103e-01
6.700000000000000000e+02,8.323820795929430805e-01,8.464022448668178100e-01,9.111818090469969711e-01,9.702942147562744202e-01,9.859922333152515428e-01
6.710000000000000000e+02,8.341810588198849130e-01,8.481069134037796386e-01,9.123306433577313967e-01,9.707329997811332545e-01,9.862042593252032807e-01
6.720000000000000000e+02,8.361314234895954600e-01,8.499540735445940687e-01,9.135721605140655344e-01,9.712058464733851482e-01,9.864326127785428833e-01
6.730000000000000000e+02,8.380580130554128315e-01,8.517780550559527208e-01,9.147957943783281420e-01,9.716709651977569751e-01,9.866571440961977579e-01
6.740000000000000000e+02,8.398794241906114566e-01,8.535022069928660526e-01,9.159515778194924351e-01,9.721099441787603990e-01,9.868690224708794867e-01
6.750000000000000000e+02,8.416523992053788206e-01,8.551798538001722516e-01,9.170739136974299655e-01,9.725353201789938007e-01,9.870742471070759194e-01
6.760000000000000000e+02,8.437288585422898501e-01,8.571425715817052593e-01,9.183797381776078739e-01,9.730274098174902520e-01,9.873113821354246866e-01
6.770000000000000000e+02,8.455417237276462439e-01,8.588555964379156471e-01,9.195175956260341898e-01,9.734554841516617207e-01,9.875175986213318158e-01
6.780000000000000000e+02,8.474482428380444299e-01,8.606559619607044853e-01,9.207095237474215432e-01,9.739023720534060180e-01,9.877327297536344641e-01
6.790000000000000000e+02,8.492893179931129133e-01,8.623935340509698566e-01,9.218565052976880336e-01,9.743311087807925430e-01,9.879389970534863119e-01
6.800000000000000000e+02,8.511569040242819018e-01,8.641550468208910596e-01,9.230156401444398195e-01,9.747629915874804762e-01,9.881466429832064247e-01
6.810000000000000000e+02,8.532937659825627907e-01,8.661691834730219641e-01,9.243364437920520427e-01,9.752533752952728952e-01,9.883822484924362772e-01
6.820000000000000000e+02,8.549750833459253130e-01,8.677531893540686436e-01,9.253726742345065315e-01,9.756371556868883577e-01,9.885665451367066092e-01
6.830000000000000000e+02,8.568714534081991463e-01,8.695390132108714587e-01,9.265383033091473264e-01,9.760678719393902636e-01,9.887732861407012575e-01
6.840000000000000000e+02,8.589199000082486934e-01,8.714667556199318099e-01,9.277922728808709607e-01,9.765296268482163144e-01,9.889947719291831696e-01
6.850000000000000000e+02,8.609676069590658232e-01,8.733928704999782688e-01,9.290421061876282804e-01,9.769887143343718439e-01,9.892148689357436186e-01
6.860000000000000000e+02,8.629808998247330276e-01,8.752851209457123138e-01,9.302650557468827852e-01,9.774361147095996794e-01,9.894291903281655642e-01
6.870000000000000000e+02,8.648757306063138417e-01,8.770649221322079914e-01,9.314117048374268570e-01,9.778542724364170935e-01,9.896293771661890393e-01
6.880000000000000000e+02,8.669555785872088416e-01,8.790172462276171217e-01,9.326653985131782010e-01,9.783099719071447486e-01,9.898473949286281659e-01
6.890000000000000000e+02,8.691634160235409690e-01,8.810891602475285911e-01,9.339940990520795294e-01,9.787922862552540515e-01,9.900780844684008430e-01
6.900000000000000000e+02,8.711104444163937366e-01,8.829147260045365764e-01,9.351596740543534070e-01,9.792135329757996054e-01,9.902793907705672583e-01
6.910000000000000000e+02,8.732874624376653072e-01,8.849544706486102141e-01,9.364573090318188964e-01,9.796808309360784950e-01,9.905025465342767177e-01
6.920000000000000000e+02,8.751871189138927809e-01,8.867324326265674239e-01,9.375823291316811581e-01,9.800838165513797717e-01,9.906947888873091079e-01
6.930000000000000000e+02,8.774139089606586284e-01,8.888152928065307101e-01,9.388962358839003652e-01,9.805530416705791064e-01,9.909184978064957683e-01
6.940000000000000000e+02,8.793981330781029948e-01,8.906704253020734097e-01,9.400638444761448831e-01,9.809690957727906779e-01,9.911167705461917388e-01
6.950000000000000000e+02,8.812106424010938133e-01,8.923639338742718197e-01,9.411263428480358684e-01,9.813465185849985506e-01,9.912965238303215187e-01
6.960000000000000000e+02,8.831320943492899644e-01,8.941581173254146142e-01,9.422485287587667457e-01,9.817439423794168674e-01,9.914856914030377721e-01
6.970000000000000000e+02,8.851730489349345365e-01,8.960624415862185055e-01,9.434351198547850093e-01,9.821626365366283862e-01,9.916848409666672026e-01
6.980000000000000000e+02,8.873535533181418078e-01,8.980968086637578507e-01,9.447022314868049886e-01,9.826095682428116485e-01,9.918974054197623458e-01
6.990000000000000000e+02,8.894860208595531947e-01,9.000855055820969897e-01,9.459382680573225066e-01,9.830446419383912504e-01,9.921042472318352123e-01
7.000000000000000000e+02,8.914205246968242013e-01,9.018880528833796983e-01,9.470539063133096569e-01,9.834357438455745282e-01,9.922900374798298007e-01
7.010000000000000000e+02,8.934844370670494973e-01,9.038094445009773326e-01,9.482378095563085418e-01,9.838489996798553960e-01,9.924861887741737165e-01
7.020000000000000000e+02,8.953424932649691748e-01,9.055382584124734846e-01,9.493002151026559421e-01,9.842188978831701851e-01,9.926616736904648741e-01
7.030000000000000000e+02,8.970662705190034503e-01,9.071393575595484426e-01,9.502758076608045501e-01,9.845558271487078184e-01,9.928212682635775277e-01
7.040000000000000000e+02,8.989922096733623524e-01,9.089269351058968383e-01,9.513611735500211442e-01,9.849294100585260781e-01,9.929981106195671092e-01
7.050000000000000000e+02,9.010938000766158806e-01,9.108763863561991636e-01,9.525413976809853356e-01,9.853345312685051205e-01,9.931897815441151911e-01
7.060000000000000000e+02,9.030124802053814959e-01,9.126557861894989410e-01,9.536175425090271940e-01,9.857035615220643976e-01,9.933643440987849349e-01
7.070000000000000000e+02,9.053153165335883212e-01,9.147898837375770809e-01,9.549035839938251335e-01,9.861430838644531516e-01,9.935721175463375632e-01
7.080000000000000000e+02,9.073978437941034869e-01,9.167189486314027969e-01,9.560635354061454150e-01,9.865387018687858944e-01,9.937590632012149872e-01
7.090000000000000000e+02,9.095235674559354333e-01,9.186857954561004069e-01,9.572397225630926432e-01,9.869378003444738701e-01,9.939474690238064847e-01
7.100000000000000000e+02,9.114299535976393418e-01,9.204484654479051509e-01,9.582902541230178262e-01,9.872931417288992595e-01,9.941151178138254441e-01
7.110000000000000000e+02,9.134390799635675462e-01,9.223024304274108909e-01,9.593846381464187223e-01,9.876600413574752046e-01,9.942879288889755474e-01
7.120000000000000000e+02,9.154743029008493016e-01,9.241794410980782581e-01,9.604896978019922260e-01,9.880296191770788772e-01,9.944619214861742940e-01
7.130000000000000000e+02,9.175200686562262620e-01,9.260645325024582375e-01,9.615948962978967396e-01,9.883978325776321405e-01,9.946351469710753568e-01
7.140000000000000000e+02,9.198399461086435025e-01,9.282004955912983579e-01,9.628423954425688880e-01,9.888120056323648210e-01,9.948298662401964254e-01
7.150000000000000000e+02,9.219069172466859419e-01,9.301026436368189376e-01,9.639506708111540423e-01,9.891791519196255766e-01,9.950024055469763873e-01
7.160000000000000000e+02,9.238884571594043749e-01,9.319239480553825894e-01,9.650056998933528307e-01,9.895268227399230954e-01,9.951656314517072222e-01
7.170000000000000000e+02,9.259196827680515884e-01,9.337890272362016075e-01,9.660809028218454442e-01,9.898796066565818119e-01,9.953311237601452088e-01
7.180000000000000000e+02,9.278814763179737968e-01,9.355870904552405776e-01,9.671086356131544104e-01,9.902142357287557761e-01,9.954878756088160197e-01
7.190000000000000000e+02,9.299495995427549122e-01,9.374819465409528485e-01,9.681899122521989698e-01,9.905657818651734114e-01,9.956525071498051327e-01
7.200000000000000000e+02,9.320833276927830147e-01,9.394341172040913124e-01,9.692964398275120130e-01,9.909233962106842597e-01,9.958197955944649848e-01
7.210000000000000000e+02,9.342799793740240721e-01,9.414403611799223581e-01,9.704244009087470424e-01,9.912853277795727891e-01,9.959888795584975751e-01
7.220000000000000000e+02,9.361063442818949865e-01,9.431070085930066682e-01,9.713577583965722351e-01,9.915837853108938615e-01,9.961282219717410014e-01
7.230000000000000000e+02,9.383010242543220469e-01,9.451049817217651583e-01,9.724643400289689765e-01,9.919342338901678824e-01,9.962915488397520170e-01
7.240000000000000000e+02,9.403776612424800119e-01,9.469942126361603485e-01,9.735074304342420382e-01,9.922636825154107498e-01,9.964450129298628722e-01
7.250000000000000000e+02,9.426548241925369886e-01,9.490632601948510993e-01,9.746431849609151765e-01,9.926206054345889651e-01,9.966111236598776957e-01
7.260000000000000000e+02,9.446583243317052681e-01,9.508803937079592927e-01,9.756324913050915537e-01,9.929293234006294488e-01,9.967546166440985900e-01
7.270000000000000000e+02,9.469161338954631413e-01,9.529248979430197108e-01,9.767374690379272417e-01,9.932719971675314508e-01,9.969137134337525685e-01
7.280000000000000000e+02,9.491616632712923662e-01,9.549543734181151766e-01,9.778247854184139998e-01,9.936067160478978533e-01,9.970689109357881996e-01
7.290000000000000000e+02,9.515396738871035875e-01,9.571029429306694425e-01,9.789743561888828438e-01,9.939601983161187038e-01,9.972327750389335943e-01
7.300000000000000000e+02,9.536136449508684221e-01,9.589725052292069618e-01,9.799643311166297277e-01,9.942619798148643051e-01,9.973724554850696977e-01
7.310000000000000000e+02,9.559539565773729208e-01,9.610778109505367928e-01,9.810688780861042124e-01,9.945961179721639622e-01,9.975269015700733988e-01
7.320000000000000000e+02,9.579245797868156664e-01,9.628489139480906900e-01,9.819942611878518246e-01,9.948751078570223783e-01,9.976557792091441668e-01
7.330000000000000000e+02,9.600865041132826683e-01,9.647899968793965941e-01,9.830039273685217127e-01,9.951783923352587324e-01,9.977957885338236688e-01
7.340000000000000000e+02,9.622953317140943152e-01,9.667676945997357718e-01,9.840200677377506366e-01,9.954805818657527228e-01,9.979350463651762704e-01
7.350000000000000000e+02,9.645720422048081888e-01,9.688041353139364986e-01,9.850617909901209224e-01,9.957892789095011965e-01,9.980772141490746874e-01
7.360000000000000000e+02,9.669672437516581009e-01,9.709435475743892763e-01,9.861494399205975592e-01,9.961099863450234571e-01,9.982247845715794821e-01
7.370000000000000000e+02,9.690540651808475792e-01,9.728050524459544990e-01,9.870903504821335606e-01,9.963861467182674181e-01,9.983517545188345110e-01
7.380000000000000000e+02,9.713858477219322607e-01,9.748809094326166269e-01,9.881304934958606845e-01,9.966893236243373755e-01,9.984909777060928526e-01
7.390000000000000000e+02,9.736427978266917194e-01,9.768842890689685143e-01,9.891217130627931731e-01,9.969753811967692059e-01,9.986221132643782195e-01
7.400000000000000000e+02,9.760816667210159281e-01,9.790470289049189034e-01,9.901872750813327517e-01,9.972818818041067068e-01,9.987625405097678710e-01
7.410000000000000000e+02,9.785326205768559715e-01,9.812165810325366166e-01,9.912479793497721570e-01,9.975851620590215907e-01,9.989013490410777463e-01
7.420000000000000000e+02,9.807225179803040760e-01,9.831524177047790136e-01,9.921889413957774018e-01,9.978530019164585374e-01,9.990238425760475938e-01
7.430000000000000000e+02,9.830784832436685328e-01,9.852308984988977780e-01,9.931906882803938075e-01,9.981362900465621246e-01,9.991532567383696328e-01
7.440000000000000000e+02,9.853308175788834111e-01,9.872133658246468046e-01,9.941368634771055035e-01,9.984018786513118027e-01,9.992744315083124107e-01
7.450000000000000000e+02,9.879879355014911102e-01,9.895473098479640184e-01,9.952411908776233052e-01,9.987098413083685955e-01,9.994147837635765086e-01
7.460000000000000000e+02,9.903058578805499224e-01,9.915741523397970658e-01,9.961823441335215801e-01,9.989686431535299560e-01,9.995324525159242635e-01
7.470000000000000000e+02,9.926962735865102472e-01,9.936601802531379590e-01,9.971429485276901428e-01,9.992311771792619091e-01,9.996516953876470879e-01
7.480000000000000000e+02,9.951862635566208759e-01,9.958309834155356643e-01,9.981385808559658512e-01,9.995024833325386604e-01,9.997748618270375642e-01
7.490000000000000000e+02,9.975182059457616823e-01,9.978561483503405327e-01,9.990528204318627203e-01,9.997487576131558473e-01,9.998864502205803140e-01
7.500000000000000000e+02,1.000000000000000222e+00,9.999999999999992228e-01,1.000000000000000666e+00,1.000000000000000222e+00,9.999999999999996669e-01
