pc,kappa_3.28792,kappa_32.8792,kappa_328.792,kappa_3287.92,kappa_32879.2
1.000000000000000000e+00,8.419974306932200025e-05,9.088631505417126564e-05,1.652560535245780444e-04,1.502807020523809099e-03,2.287657604016242463e-02
2.000000000000000000e+00,2.272610289420404737e-04,2.449598997686569307e-04,4.392405861899292005e-04,3.559498414864345484e-03,3.752754474253904710e-02
3.000000000000000000e+00,4.328439307459699633e-04,4.662506625036895252e-04,8.307271700479998411e-04,6.378039957221409186e-03,5.523441397939093944e-02
4.000000000000000000e+00,6.149092772832424458e-04,6.621520398032632775e-04,1.176008197588934885e-03,8.791620761401984854e-03,6.919181459833101400e-02
5.000000000000000000e+00,8.459324434144796989e-04,9.105126443661890273e-04,1.610017043192555047e-03,1.163158510378725988e-02,8.304991158713406763e-02
6.000000000000000000e+00,1.170234056917951720e-03,1.258828760893182909e-03,2.213267534174856357e-03,1.532487163959256327e-02,9.851902190830197359e-02
7.000000000000000000e+00,1.484178605325596565e-03,1.595161573386121457e-03,2.781704884751920025e-03,1.826223574416835707e-02,1.074048105406234660e-01
8.000000000000000000e+00,1.978133228668095718e-03,2.124144456086292983e-03,3.672583086744711338e-03,2.276002059844822387e-02,1.204927103941125094e-01
9.000000000000000000e+00,2.257638153935660405e-03,2.423246272687946869e-03,4.172752418605469790e-03,2.517253946354637562e-02,1.270191780092659317e-01
1.000000000000000000e+01,2.740548724396518233e-03,2.939907468849161168e-03,5.035033962019631881e-03,2.928015404604602384e-02,1.379202864526156147e-01
1.100000000000000000e+01,3.463158697703476625e-03,3.712511272118440130e-03,6.316482707967872694e-03,3.515238014610077427e-02,1.526298146585465532e-01
1.200000000000000000e+01,3.990726988797242865e-03,4.276080607570513677e-03,7.243491051907871570e-03,3.919115660699332149e-02,1.620509788345921853e-01
1.300000000000000000e+01,4.686084392325263505e-03,5.017713407867543593e-03,8.445498619227094148e-03,4.399497141385323717e-02,1.720656183862143696e-01
1.400000000000000000e+01,5.168471150998786394e-03,5.531567529577324088e-03,9.268857936247270821e-03,4.708169870775291005e-02,1.780267697348707767e-01
1.500000000000000000e+01,6.024138148260796063e-03,6.442424722587799038e-03,1.071911205651823046e-02,5.233450700364638414e-02,1.877824866244845736e-01
1.600000000000000000e+01,6.602238110119778604e-03,7.057362455127445464e-03,1.169165906028580941e-02,5.573358529605571682e-02,1.938539926864231433e-01
1.700000000000000000e+01,7.672356016463681948e-03,8.195228654177684827e-03,1.348484862403992804e-02,6.188529266682988444e-02,2.046272563763111563e-01
1.800000000000000000e+01,8.373178911012428907e-03,8.939820622940856248e-03,1.464967752161941590e-02,6.573309625688146529e-02,2.111079256705518659e-01
1.900000000000000000e+01,9.122261871929208954e-03,9.734416698981169028e-03,1.587484543881767171e-02,6.949850217137210073e-02,2.170181881548816916e-01
2.000000000000000000e+01,9.717286376604541281e-03,1.036550345710600396e-02,1.684664230275589522e-02,7.246644322024090035e-02,2.216492273706983096e-01
2.100000000000000000e+01,1.034643581220780380e-02,1.103229001099508000e-02,1.786658874920911411e-02,7.548318771446584086e-02,2.262192643744164733e-01
2.200000000000000000e+01,1.103687505110422656e-02,1.176382446749510598e-02,1.898271389765757156e-02,7.874454395354044123e-02,2.311059426428627162e-01
2.300000000000000000e+01,1.187729090762465987e-02,1.265389466704789322e-02,2.033569817172522706e-02,8.262973521322514170e-02,2.368377142285834347e-01
2.400000000000000000e+01,1.292814564956672359e-02,1.376573439733153395e-02,2.201086953937917562e-02,8.724710313482073043e-02,2.434121272605959674e-01
2.500000000000000000e+01,1.376785385511682287e-02,1.465361337376514840e-02,2.334110453992373213e-02,9.082156768419706594e-02,2.483939103745517185e-01
2.600000000000000000e+01,1.436526102439590613e-02,1.528506303582613003e-02,2.428411664875522111e-02,9.331937406484844266e-02,2.518341006630202550e-01
2.700000000000000000e+01,1.549264545119564962e-02,1.647621559822227966e-02,2.605672025982742890e-02,9.794166002611300048e-02,2.581197230489162275e-01
2.800000000000000000e+01,1.624564723041603195e-02,1.727100417732737453e-02,2.722893783645476476e-02,1.008814717781998660e-01,2.619955242703205234e-01
2.900000000000000000e+01,1.727783154302499000e-02,1.835959630262228720e-02,2.882320723737579610e-02,1.047614031417361258e-01,2.669937549220177675e-01
3.000000000000000000e+01,1.928165039552111326e-02,2.047205591611330616e-02,3.190584941198348901e-02,1.121509481906917821e-01,2.764050979190477153e-01
3.100000000000000000e+01,2.023103379359737775e-02,2.147209681820215835e-02,3.335481064792127082e-02,1.155231421094435051e-01,2.806069508400291235e-01
3.200000000000000000e+01,2.114047462013380826e-02,2.243003568108950171e-02,3.474241346906575822e-02,1.187491274509548111e-01,2.846235239964580166e-01
3.300000000000000000e+01,2.212288294892563595e-02,2.346415486360115682e-02,3.623182793527386647e-02,1.221320482613743597e-01,2.887651237587968711e-01
3.400000000000000000e+01,2.318813008647417628e-02,2.458530998474138529e-02,3.784455397625094419e-02,1.257763464121289809e-01,2.932104397265216655e-01
3.500000000000000000e+01,2.483382850455434845e-02,2.631574283934272687e-02,4.031334862356642651e-02,1.311752126525197737e-01,2.996460162120237469e-01
3.600000000000000000e+01,2.597992013438998188e-02,2.752069299068331601e-02,4.203056640789590986e-02,1.349143564537808315e-01,3.040899027951170508e-01
3.700000000000000000e+01,2.663804908929422871e-02,2.821235801298730209e-02,4.301305279193936432e-02,1.370262698450907812e-01,3.065777467785050225e-01
3.800000000000000000e+01,2.755389849198685431e-02,2.917418955423328047e-02,4.437092329668685525e-02,1.398762360694094375e-01,3.098812573523134217e-01
3.900000000000000000e+01,2.843146415129845644e-02,3.009560504929032626e-02,4.566918666739290533e-02,1.425806283692150067e-01,3.130002933412275867e-01
4.000000000000000000e+01,2.934502662483266799e-02,3.105449391595390199e-02,4.701635722216659929e-02,1.453561349541079295e-01,3.161780649881595351e-01
4.100000000000000000e+01,2.997449994903385664e-02,3.171498703677118336e-02,4.794175828835299524e-02,1.472429263627805518e-01,3.183235906323939601e-01
4.200000000000000000e+01,3.125279793906633047e-02,3.305611021173045228e-02,4.981875815117804696e-02,1.510544387218133722e-01,3.226463226347647817e-01
4.300000000000000000e+01,3.201918691107515785e-02,3.385972266686206045e-02,5.093818746342621689e-02,1.532877823595797384e-01,3.251504364775183453e-01
4.400000000000000000e+01,3.292219447303357249e-02,3.480623028488903647e-02,5.225240909771323300e-02,1.558784032742459857e-01,3.280329114529210721e-01
4.500000000000000000e+01,3.441711003475182717e-02,3.637232837617792452e-02,5.441712600278214573e-02,1.600751173717911147e-01,3.326536164619056657e-01
4.600000000000000000e+01,3.575246266903816389e-02,3.777049687735969941e-02,5.634072107039086313e-02,1.637414571871791125e-01,3.366478159971761364e-01
4.700000000000000000e+01,3.686464843973064759e-02,3.893492788955917050e-02,5.794189274281531798e-02,1.667874154589208679e-01,3.399622256335209647e-01
4.800000000000000000e+01,3.803937036564251917e-02,4.016452961023812135e-02,5.962915015354706277e-02,1.699730175547488620e-01,3.434125264894387630e-01
4.900000000000000000e+01,3.885269831134574581e-02,4.101547232875993321e-02,6.079238989207972482e-02,1.721395692558153889e-01,3.457396887021794152e-01
5.000000000000000000e+01,3.996127772196050171e-02,4.217519893728117336e-02,6.237632479692661186e-02,1.750803045836785421e-01,3.488923410654609647e-01
5.100000000000000000e+01,4.073911598901199665e-02,4.298857359568812597e-02,6.348317795204576341e-02,1.771088891625183237e-01,3.510502365838321648e-01
5.200000000000000000e+01,4.188383249079651038e-02,4.418483184900087041e-02,6.510243123043074620e-02,1.800216472653011213e-01,3.541144243377671863e-01
5.300000000000000000e+01,4.314081748774039465e-02,4.549782447290891263e-02,6.687301385435152901e-02,1.831651740336270595e-01,3.573960324462442939e-01
5.400000000000000000e+01,4.406829509500379688e-02,4.646651666843486239e-02,6.817804797148022122e-02,1.854744588396716465e-01,3.598020766894796663e-01
5.500000000000000000e+01,4.487030112464461540e-02,4.730400261438998805e-02,6.930452523948492372e-02,1.874568717988669975e-01,3.618609702987057308e-01
5.600000000000000000e+01,4.614619337594690063e-02,4.863623784101568648e-02,7.109533557973962692e-02,1.906015115397808046e-01,3.651227878789719550e-01
5.700000000000000000e+01,4.704111625366299426e-02,4.957056044229710828e-02,7.234991893214882952e-02,1.927964405001597881e-01,3.673946582649939008e-01
5.800000000000000000e+01,4.827460186934753178e-02,5.085758039441685280e-02,7.406946847031406489e-02,1.957539238545205063e-01,3.704259812057223988e-01
5.900000000000000000e+01,4.923602968888999426e-02,5.186032672826310780e-02,7.540466908505115418e-02,1.980241670801310971e-01,3.727378118405463292e-01
6.000000000000000000e+01,5.016433834880471010e-02,5.282851438076046485e-02,7.669367380530847655e-02,2.002148361400403753e-01,3.749680201699673865e-01
6.100000000000000000e+01,5.140461381210249120e-02,5.412181173734043060e-02,7.841265025859923965e-02,2.031199379628342017e-01,3.779162452244774206e-01
6.200000000000000000e+01,5.308575568812559653e-02,5.587386959505672573e-02,8.073088484125913455e-02,2.069791472161902623e-01,3.817998684895446693e-01
6.300000000000000000e+01,5.463254803142707228e-02,5.748525550658797195e-02,8.285581520608260864e-02,2.104773220011353363e-01,3.852985208275754303e-01
6.400000000000000000e+01,5.578111403724672623e-02,5.868132567447544717e-02,8.442806233138201721e-02,2.130387346677335147e-01,3.878456419624237705e-01
6.500000000000000000e+01,5.694656327024027326e-02,5.989483440179763779e-02,8.602167997690426948e-02,2.156267048492152838e-01,3.904147026737658788e-01
6.600000000000000000e+01,5.781975488377780192e-02,6.080380776130942660e-02,8.721292398497140774e-02,2.175483279697164318e-01,3.923153556519156648e-01
6.700000000000000000e+01,5.890535712568555765e-02,6.193375430339864013e-02,8.869223069889103916e-02,2.199266220236803515e-01,3.946634176008137485e-01
6.800000000000000000e+01,6.023084433055940490e-02,6.331256761290743329e-02,9.048856139831912282e-02,2.227694307676776619e-01,3.974464099262650651e-01
6.900000000000000000e+01,6.116271150243292321e-02,6.428188163019465939e-02,9.175092750265499697e-02,2.247648435840559067e-01,3.993986026593898675e-01
7.000000000000000000e+01,6.190367287353534115e-02,6.505236035363173852e-02,9.275158693493862350e-02,2.263327033197605476e-01,4.009253303809331981e-01
7.100000000000000000e+01,6.284962042176440999e-02,6.603572057831968989e-02,9.402584486315562762e-02,2.283149337773120457e-01,4.028482307196792900e-01
7.200000000000000000e+01,6.410893243289653154e-02,6.734460500428965379e-02,9.571943946426432481e-02,2.309372607727094573e-01,4.053858508373015535e-01
7.300000000000000000e+01,6.516849269899527286e-02,6.844559799232184660e-02,9.714111096897087849e-02,2.331242798847239506e-01,4.074950241709738297e-01
7.400000000000000000e+01,6.603729637083835535e-02,6.934800306172633766e-02,9.830243127827070770e-02,2.348919580708468402e-01,4.091904023716356753e-01
7.500000000000000000e+01,6.686348688138149532e-02,7.020606851131190596e-02,9.940586649170075895e-02,2.365676098452158538e-01,4.107955746085509841e-01
7.600000000000000000e+01,6.787653811007880733e-02,7.125806324394706737e-02,1.007572105064919454e-01,2.386127447840084015e-01,4.127512384306173399e-01
7.700000000000000000e+01,6.891055221884538617e-02,7.233145933000661998e-02,1.021322023629685494e-01,2.406756747771431060e-01,4.147151215324574869e-01
7.800000000000000000e+01,7.009810624057499773e-02,7.356408968892716449e-02,1.037095684741998342e-01,2.430348041446740992e-01,4.169573687055321831e-01
7.900000000000000000e+01,7.131849060966810594e-02,7.483054872956595993e-02,1.053276444994475092e-01,2.454429325437831044e-01,4.192404376440238556e-01
8.000000000000000000e+01,7.266744821005995114e-02,7.622999812287789556e-02,1.071110990922193029e-01,2.480765220016015460e-01,4.217273575509711270e-01
8.100000000000000000e+01,7.370519875284708977e-02,7.730628596303838751e-02,1.084795549422930688e-01,2.500830552746168833e-01,4.236153836272001372e-01
8.200000000000000000e+01,7.529420496380731520e-02,7.895405806821143013e-02,1.105721294536637783e-01,2.531401849950751792e-01,4.264866844004582269e-01
8.300000000000000000e+01,7.625906255217333729e-02,7.995425471171684062e-02,1.118387850117167764e-01,2.549750813036978925e-01,4.282027427040024370e-01
8.400000000000000000e+01,7.726739928411389957e-02,8.099947231262331904e-02,1.131619360022137616e-01,2.568895398000211050e-01,4.299921474040106495e-01
8.500000000000000000e+01,7.878538268727433569e-02,8.257274629879782224e-02,1.151511924013031152e-01,2.597574495958642204e-01,4.326679223435281885e-01
8.600000000000000000e+01,7.977966161138051737e-02,8.360317040524167798e-02,1.164533491302773144e-01,2.616316489660441835e-01,4.344151142037457336e-01
8.700000000000000000e+01,8.095500210424276533e-02,8.482113128763087151e-02,1.179914052728683743e-01,2.638406432089095421e-01,4.364722232865345108e-01
8.800000000000000000e+01,8.204534476143318655e-02,8.595075233193728848e-02,1.194152562955158731e-01,2.658742130486824173e-01,4.383607328962702554e-01
8.900000000000000000e+01,8.304881698361772646e-02,8.699004073828339734e-02,1.207218652210939880e-01,2.677259495041182102e-01,4.400738328240086927e-01
9.000000000000000000e+01,8.419285025897629837e-02,8.817476489368523962e-02,1.222098769915861832e-01,2.698286880736917026e-01,4.420163857097116900e-01
9.100000000000000000e+01,8.558848760680828893e-02,8.961941794242551940e-02,1.240180577660976585e-01,2.723575892919971597e-01,4.443408693478668736e-01
9.200000000000000000e+01,8.703150700849429655e-02,9.111293969465519837e-02,1.258856191024845805e-01,2.749621673658553811e-01,4.467316254115488716e-01
9.300000000000000000e+01,8.842583887486313299e-02,9.255581378045164842e-02,1.276872758245904405e-01,2.774642733653492899e-01,4.490236371376571389e-01
9.400000000000000000e+01,8.932353857231181693e-02,9.348458893225181088e-02,1.288452249270066741e-01,2.790651841577675429e-01,4.504869356123144541e-01
9.500000000000000000e+01,9.077051188452400776e-02,9.498143458989859178e-02,1.307092436603050911e-01,2.816334740134804893e-01,4.528305963813481494e-01
9.600000000000000000e+01,9.160360995157530717e-02,9.584310863720717222e-02,1.317809060790696152e-01,2.831044898499529006e-01,4.541705277271730345e-01
9.700000000000000000e+01,9.292273503782885746e-02,9.720736441059375788e-02,1.334764682457993124e-01,2.854272534587668497e-01,4.562842791227981198e-01
9.800000000000000000e+01,9.418272064029378776e-02,9.851007901177519233e-02,1.350917831435856920e-01,2.876251433235203492e-01,4.582779257259893546e-01
9.900000000000000000e+01,9.541333900231394050e-02,9.978225080178104722e-02,1.366674450463596924e-01,2.897620577077799076e-01,4.602132372110074310e-01
1.000000000000000000e+02,9.634851818336079288e-02,1.007488074164208935e-01,1.378626045898990182e-01,2.913751857477339113e-01,4.616708574118428832e-01
1.010000000000000000e+02,9.756591073532633329e-02,1.020068187548007765e-01,1.394159060085811419e-01,2.934629784225921689e-01,4.635536637261704618e-01
1.020000000000000000e+02,9.861208881093781742e-02,1.030877530823512273e-01,1.407490892728935905e-01,2.952492081006786173e-01,4.651620940262312098e-01
1.030000000000000000e+02,9.969506906950037495e-02,1.042064201031560333e-01,1.421259407923974039e-01,2.970829507948631876e-01,4.668086711689867774e-01
1.040000000000000000e+02,1.007697219132847044e-01,1.053162521514081629e-01,1.434896345537838569e-01,2.988904969740046047e-01,4.684280896329347521e-01
1.050000000000000000e+02,1.022344241031559048e-01,1.068287638616002982e-01,1.453467661230405938e-01,3.013469831143281152e-01,4.706267742829798317e-01
1.060000000000000000e+02,1.032068094650633316e-01,1.078327142673945749e-01,1.465777574567693475e-01,3.029688467525373241e-01,4.720757611177693880e-01
1.070000000000000000e+02,1.046588502419133759e-01,1.093315621440307667e-01,1.484123699766712878e-01,3.053740794107013823e-01,4.742196851438711391e-01
1.080000000000000000e+02,1.058021078660561359e-01,1.105114839060566123e-01,1.498547740330544165e-01,3.072583083862764353e-01,4.758964043195765270e-01
1.090000000000000000e+02,1.070856761271340302e-01,1.118358869120926052e-01,1.514706112140414007e-01,3.093573803480054174e-01,4.777595110823923408e-01
1.100000000000000000e+02,1.080919592146561276e-01,1.128740657945191961e-01,1.527361043349535485e-01,3.109971850791677928e-01,4.792132862488235889e-01
1.110000000000000000e+02,1.092099745252800153e-01,1.140273658657453421e-01,1.541404521846466702e-01,3.128115639639393875e-01,4.808196552381901467e-01
1.120000000000000000e+02,1.101579369851787560e-01,1.150051490510572982e-01,1.553301406683220143e-01,3.143452207734062087e-01,4.821761119371618109e-01
1.130000000000000000e+02,1.114679238680538476e-01,1.163561947278343306e-01,1.569725373489028464e-01,3.164572570500125970e-01,4.840420122125577707e-01
1.140000000000000000e+02,1.125938721491058087e-01,1.175171233672901300e-01,1.583808401365238427e-01,3.182576083214990192e-01,4.856282733635930993e-01
1.150000000000000000e+02,1.138039552404274402e-01,1.187647293245650687e-01,1.598936058049068298e-01,3.201890698470992169e-01,4.873290783784863245e-01
1.160000000000000000e+02,1.151180737621413375e-01,1.201194785576348706e-01,1.615351550511385792e-01,3.222809446845364967e-01,4.891695346029523717e-01
1.170000000000000000e+02,1.161217208664439837e-01,1.211538421863926351e-01,1.627854855764191144e-01,3.238636921340314889e-01,4.905578524241040461e-01
1.180000000000000000e+02,1.176785014468239021e-01,1.227580204809203129e-01,1.647222466456829959e-01,3.263071359560584250e-01,4.926978825994889899e-01
1.190000000000000000e+02,1.187684596008531379e-01,1.238809741705799439e-01,1.660762144209946001e-01,3.280090718006206107e-01,4.941860221192999059e-01
1.200000000000000000e+02,1.204960150864391316e-01,1.256606102472019315e-01,1.682199027972004213e-01,3.306965896423015860e-01,4.965331514368595545e-01
1.210000000000000000e+02,1.217275041807097252e-01,1.269291481958634005e-01,1.697472115894642086e-01,3.326088514982032396e-01,4.982022328077439499e-01
1.220000000000000000e+02,1.234845871751692609e-01,1.287387373075954689e-01,1.719225812163721612e-01,3.353210063124472118e-01,5.005649987256081124e-01
1.230000000000000000e+02,1.249268040144594638e-01,1.302238211809031709e-01,1.737056789053517680e-01,3.375366967200720270e-01,5.024923842564128496e-01
1.240000000000000000e+02,1.259880443286648666e-01,1.313164258964369946e-01,1.750158521759103969e-01,3.391590217715305111e-01,5.039014064138629401e-01
1.250000000000000000e+02,1.270466772795701693e-01,1.324061940763107403e-01,1.763211929228345465e-01,3.407705452076532637e-01,5.052991906838805169e-01
1.260000000000000000e+02,1.283194264387115258e-01,1.337162411428269582e-01,1.778891220662454642e-01,3.427020097639770224e-01,5.069728520078090606e-01
1.270000000000000000e+02,1.294341847628862341e-01,1.348634563605886905e-01,1.792601864104583775e-01,3.443843652625021012e-01,5.084281289256427083e-01
1.280000000000000000e+02,1.302744479772857955e-01,1.357280913338979600e-01,1.802926613997865302e-01,3.456483675112892451e-01,5.095204179721115612e-01
1.290000000000000000e+02,1.315054855083460095e-01,1.369947125173468228e-01,1.818040096429068553e-01,3.474948424561194460e-01,5.111146105411165097e-01
1.300000000000000000e+02,1.327961308880347135e-01,1.383224453079813232e-01,1.833862306198430492e-01,3.494211741576076502e-01,5.127751968525343651e-01
1.310000000000000000e+02,1.342157957448233407e-01,1.397827915521979991e-01,1.851254255846500052e-01,3.515351543088211517e-01,5.145962335704417079e-01
1.320000000000000000e+02,1.354862197206118390e-01,1.410894449527248518e-01,1.866799480466284911e-01,3.534193390375904853e-01,5.162173092789918982e-01
1.330000000000000000e+02,1.366371890671528866e-01,1.422730772496021145e-01,1.880866264324026482e-01,3.551195002569175752e-01,5.176782440882674585e-01
1.340000000000000000e+02,1.377180498558372157e-01,1.433844406613308253e-01,1.894058334908136909e-01,3.567088228547628526e-01,5.190420192540301514e-01
1.350000000000000000e+02,1.387105997129651769e-01,1.444048662441962116e-01,1.906158483588837882e-01,3.581625849088779789e-01,5.202879744309560905e-01
1.360000000000000000e+02,1.397539666231345512e-01,1.454774214547420175e-01,1.918866182999086067e-01,3.596859468440763985e-01,5.215923167740764699e-01
1.370000000000000000e+02,1.409365165090861460e-01,1.466928124731429195e-01,1.933243981899292752e-01,3.614024388869949700e-01,5.230593990089120737e-01
1.380000000000000000e+02,1.418888726014799484e-01,1.476714613700438883e-01,1.944806852956948162e-01,3.627783390050363654e-01,5.242337045132402507e-01
1.390000000000000000e+02,1.431017645681494088e-01,1.489178120715944353e-01,1.959530174648868306e-01,3.645295268428442315e-01,5.257280220505136104e-01
1.400000000000000000e+02,1.443553283496162021e-01,1.502058517330405740e-01,1.974736336126582392e-01,3.663351079213752470e-01,5.272676361852771665e-01
1.410000000000000000e+02,1.452780393507474843e-01,1.511537671200806621e-01,1.985911290935476192e-01,3.676570669105612144e-01,5.283930491574025945e-01
1.420000000000000000e+02,1.467134029363887926e-01,1.526281129954489002e-01,2.003271666614211688e-01,3.697043028557552846e-01,5.301335539316796019e-01
1.430000000000000000e+02,1.481932569107572151e-01,1.541480547150622382e-01,2.021159523679850467e-01,3.718108208826155781e-01,5.319233928443930504e-01
1.440000000000000000e+02,1.494533981595435324e-01,1.554421984398171863e-01,2.036377815830269500e-01,3.735991880576056690e-01,5.334415349878486312e-01
1.450000000000000000e+02,1.506441970269704611e-01,1.566649293139345256e-01,2.050738145726209716e-01,3.752811272747071381e-01,5.348672980573583313e-01
1.460000000000000000e+02,1.516539376707502218e-01,1.577016266968732372e-01,2.062902672390023451e-01,3.767025309743670114e-01,5.360709947876894921e-01
1.470000000000000000e+02,1.528537491256725389e-01,1.589333230774953587e-01,2.077342015200358549e-01,3.783856847463464290e-01,5.374948875384299996e-01
1.480000000000000000e+02,1.537199817597424134e-01,1.598224502463288510e-01,2.087753970983226015e-01,3.795959105844971537e-01,5.385174526260465555e-01
1.490000000000000000e+02,1.548217156008858675e-01,1.609532023359225572e-01,2.100986307651658558e-01,3.811311980868555827e-01,5.398136832928098761e-01
1.500000000000000000e+02,1.559768577909395049e-01,1.621386581079397593e-01,2.114848710824035749e-01,3.827365427547512189e-01,5.411679721617990158e-01
1.510000000000000000e+02,1.576533628343540494e-01,1.638589569318666950e-01,2.134947190090852598e-01,3.850585741305345699e-01,5.431249083933525901e-01
1.520000000000000000e+02,1.588680787484171020e-01,1.651052283360754658e-01,2.149491699846378667e-01,3.867341950585413413e-01,5.445353811902018393e-01
1.530000000000000000e+02,1.602506032807391456e-01,1.665233264196593344e-01,2.166010749162109728e-01,3.886281489091598651e-01,5.461264005356256668e-01
1.540000000000000000e+02,1.612772142844493273e-01,1.675762835575823617e-01,2.178270120163493806e-01,3.900318689334978384e-01,5.473049443070666653e-01
1.550000000000000000e+02,1.624801915020190335e-01,1.688100259267913961e-01,2.192624711558920358e-01,3.916726525844962392e-01,5.486815207781268189e-01
1.560000000000000000e+02,1.641008597248510836e-01,1.704720100141195460e-01,2.211950097971058515e-01,3.938781424083785954e-01,5.505306484810861267e-01
1.570000000000000000e+02,1.654034643253281534e-01,1.718077099118780759e-01,2.227471425668736960e-01,3.956465438022832015e-01,5.520122742748366784e-01
1.580000000000000000e+02,1.664755833597220680e-01,1.729069628540958192e-01,2.240235704899085634e-01,3.970980585043432098e-01,5.532274319047911781e-01
1.590000000000000000e+02,1.676259918983962205e-01,1.740863074465395510e-01,2.253913953572853623e-01,3.986488319844045392e-01,5.545240517384659729e-01
1.600000000000000000e+02,1.686603890277636464e-01,1.751466491911099765e-01,2.266205426054367922e-01,4.000404736401870776e-01,5.556869546414078265e-01
1.610000000000000000e+02,1.696547639485831982e-01,1.761656819597502421e-01,2.277992821123453748e-01,4.013677634326425214e-01,5.567935578536370445e-01
1.620000000000000000e+02,1.712100106851013603e-01,1.777594663655517049e-01,2.296425986206823977e-01,4.034426590896905696e-01,5.585232125458640118e-01
1.630000000000000000e+02,1.722107750466750908e-01,1.787847924726713722e-01,2.308263556322062704e-01,4.047691259484572646e-01,5.596268969352174993e-01
1.640000000000000000e+02,1.738129866501273435e-01,1.804262741145347682e-01,2.327210046038339641e-01,4.068908466430122828e-01,5.613918087747035157e-01
1.650000000000000000e+02,1.749853781324866853e-01,1.816272994561918541e-01,2.341063667868299447e-01,4.084396875015706141e-01,5.626793026465023440e-01
1.660000000000000000e+02,1.760657020227748004e-01,1.827339430269582232e-01,2.353822803281884479e-01,4.098645158658393295e-01,5.638631432396891130e-01
1.670000000000000000e+02,1.771385744864256984e-01,1.838329275257535589e-01,2.366491321006823911e-01,4.112785696034309546e-01,5.650378065971596309e-01
1.680000000000000000e+02,1.782948176175411237e-01,1.850171735522758709e-01,2.380130458003734961e-01,4.127975060284028719e-01,5.662984124945609210e-01
1.690000000000000000e+02,1.796965837196811411e-01,1.864527656249734267e-01,2.396653497261726495e-01,4.146345435171912563e-01,5.678219702622924192e-01
1.700000000000000000e+02,1.808619112674037244e-01,1.876460948698563946e-01,2.410377712697251429e-01,4.161574618688224092e-01,5.690840069183008554e-01
1.710000000000000000e+02,1.822704817347527706e-01,1.890883826870914663e-01,2.426953751193997033e-01,4.179936443010316971e-01,5.706045580258690686e-01
1.720000000000000000e+02,1.835510076852273631e-01,1.903994760109227191e-01,2.442014505613343545e-01,4.196598837632916634e-01,5.719836680513353810e-01
1.730000000000000000e+02,1.847438592971211158e-01,1.916206428527927053e-01,2.456028246546802518e-01,4.212063865966165777e-01,5.732623521489225160e-01
1.740000000000000000e+02,1.858012446076728053e-01,1.927029520339629265e-01,2.468433065356017975e-01,4.225710596208657743e-01,5.743892506584752367e-01
1.750000000000000000e+02,1.866448603509908710e-01,1.935663306937939476e-01,2.478317918283775012e-01,4.236555557158703800e-01,5.752837947646717298e-01
1.760000000000000000e+02,1.879014987881635901e-01,1.948523022188333176e-01,2.493031817173465281e-01,4.252673235615205827e-01,5.766124047353271553e-01
1.770000000000000000e+02,1.890091038867713902e-01,1.959856435572863431e-01,2.505989021370425007e-01,4.266838352408766077e-01,5.777791130086400440e-01
1.780000000000000000e+02,1.903449350057882794e-01,1.973524918519287130e-01,2.521613919257020830e-01,4.283914571011087080e-01,5.791854166953185334e-01
1.790000000000000000e+02,1.916648399526864333e-01,1.987028990907404868e-01,2.537038204535322916e-01,4.300736983347994702e-01,5.805696618513237484e-01
1.800000000000000000e+02,1.927471186405765036e-01,1.998099934189358495e-01,2.549666362603489889e-01,4.314463615378936190e-01,5.816976280551173772e-01
1.810000000000000000e+02,1.941086064311026704e-01,2.012026384333297779e-01,2.565546416528245444e-01,4.331710776752014103e-01,5.831144145502122900e-01
1.820000000000000000e+02,1.954587243860896606e-01,2.025833030421293479e-01,2.581259412939118092e-01,4.348694558958031697e-01,5.845068504206932802e-01
1.830000000000000000e+02,1.969138467718210828e-01,2.040711544428138735e-01,2.598175507873805024e-01,4.366933872784603543e-01,5.860007401163728202e-01
1.840000000000000000e+02,1.981394079440524369e-01,2.053242268111623581e-01,2.612417569867575007e-01,4.382277391206972350e-01,5.872570342278148336e-01
1.850000000000000000e+02,1.992486497098355513e-01,2.064581569652959581e-01,2.625287185540211565e-01,4.396093652439106991e-01,5.883866793835765829e-01
1.860000000000000000e+02,2.008918214228989085e-01,2.081378918171315484e-01,2.644350676702026393e-01,4.416557344757453540e-01,5.900597645719756201e-01
1.870000000000000000e+02,2.019762703628577571e-01,2.092463706634566933e-01,2.656922219938881446e-01,4.430029227359750243e-01,5.911604525500040452e-01
1.880000000000000000e+02,2.036762180043040771e-01,2.109838736389524627e-01,2.676617922947077122e-01,4.451109700550934245e-01,5.928819373414212501e-01
1.890000000000000000e+02,2.047938935922657133e-01,2.121260924769728662e-01,2.689552905161776697e-01,4.464920445640397362e-01,5.940086571289666661e-01
1.900000000000000000e+02,2.059698984149465062e-01,2.133278281747284788e-01,2.703153857710256514e-01,4.479421199514546648e-01,5.951909828645354228e-01
1.910000000000000000e+02,2.073398357531968939e-01,2.147276529316971827e-01,2.718989280030629230e-01,4.496284736949763827e-01,5.965653233568047886e-01
1.920000000000000000e+02,2.089551788267720867e-01,2.163781341891157228e-01,2.737651372304841235e-01,4.516135306780076353e-01,5.981823465136173468e-01
1.930000000000000000e+02,2.102277102915138529e-01,2.176781701822714521e-01,2.752335805778257649e-01,4.531715452617436912e-01,5.994502212597340174e-01
1.940000000000000000e+02,2.113549157233741704e-01,2.188296479731814126e-01,2.765334406176715443e-01,4.545486669947344516e-01,6.005702330952512602e-01
1.950000000000000000e+02,2.123011336280362371e-01,2.197961465774206369e-01,2.776236761408408249e-01,4.557016122698572813e-01,6.015072457786679871e-01
1.960000000000000000e+02,2.135120093633192939e-01,2.210329248590024720e-01,2.790183605469814254e-01,4.571753982509238479e-01,6.027046477386122092e-01
1.970000000000000000e+02,2.145755109609298050e-01,2.221191316250868963e-01,2.802428659418153556e-01,4.584683647872332957e-01,6.037548207889890106e-01
1.980000000000000000e+02,2.159385251050864596e-01,2.235111143861275018e-01,2.818109603502484961e-01,4.601212500973294039e-01,6.050963988833681917e-01
1.990000000000000000e+02,2.171115083197111550e-01,2.247089647362213449e-01,2.831598258057439477e-01,4.615416778927933228e-01,6.062488585126083462e-01
2.000000000000000000e+02,2.188086840096584162e-01,2.264419328417123234e-01,2.851096726156573391e-01,4.635908749419880848e-01,6.079101522583567618e-01
2.010000000000000000e+02,2.205390739269987577e-01,2.282086358219928279e-01,2.870959443799428468e-01,4.656744430685113567e-01,6.095980574678798725e-01
2.020000000000000000e+02,2.217901980563213304e-01,2.294859209928709065e-01,2.885311693690812418e-01,4.671779267474346353e-01,6.108153798662077083e-01
2.030000000000000000e+02,2.230792942143498825e-01,2.308017874217665188e-01,2.900081760294884736e-01,4.687211962133709942e-01,6.120636441914939496e-01
2.040000000000000000e+02,2.243314297349353614e-01,2.320798387398199658e-01,2.914419989214983020e-01,4.702174785998997630e-01,6.132733085421842034e-01
2.050000000000000000e+02,2.254740788217794167e-01,2.332459967435219772e-01,2.927490968209333633e-01,4.715785058732361312e-01,6.143726692921260835e-01
2.060000000000000000e+02,2.268416206252102107e-01,2.346414646556043426e-01,2.943114430010873583e-01,4.732008556744174976e-01,6.156816985149341503e-01
2.070000000000000000e+02,2.280142389053136931e-01,2.358380150934236141e-01,2.956509699466184360e-01,4.745915429482879810e-01,6.168037151052694345e-01
2.080000000000000000e+02,2.293210040092501512e-01,2.371713461521155475e-01,2.971427421891797427e-01,4.761380910304663927e-01,6.180507853710167643e-01
2.090000000000000000e+02,2.307081280584195870e-01,2.385863975823097338e-01,2.987236483866039238e-01,4.777713268665087498e-01,6.193659537634439438e-01
2.100000000000000000e+02,2.322093872163335515e-01,2.401177772692242307e-01,3.004336345863120594e-01,4.795357255348562386e-01,6.207860520056739384e-01
2.110000000000000000e+02,2.333099454182771815e-01,2.412403491578167802e-01,3.016865659900455632e-01,4.808271212918840964e-01,6.218250063216492762e-01
2.120000000000000000e+02,2.347625618931896696e-01,2.427217698751908681e-01,3.033379038839121855e-01,4.825239416391088332e-01,6.231884991160038245e-01
2.130000000000000000e+02,2.362767212447323684e-01,2.442659085734327773e-01,3.050587734519783489e-01,4.842912741293675660e-01,6.246083597234511897e-01
2.140000000000000000e+02,2.375696472266077552e-01,2.455843013443325396e-01,3.065269497172219415e-01,4.857963662965548712e-01,6.258166868525086857e-01
2.150000000000000000e+02,2.390076295446542931e-01,2.470505143420039240e-01,3.081589580358180536e-01,4.874674950784612104e-01,6.271577146140194792e-01
2.160000000000000000e+02,2.400382676401812687e-01,2.481013290726412079e-01,3.093281184067226963e-01,4.886635139197216260e-01,6.281171176942687007e-01
2.170000000000000000e+02,2.414472633814637170e-01,2.495378498127760747e-01,3.109259326665529399e-01,4.902968346639368091e-01,6.294269348167691458e-01
2.180000000000000000e+02,2.425679613887628538e-01,2.506802572492688452e-01,3.121950747318533170e-01,4.915904450658156732e-01,6.304631659999718751e-01
2.190000000000000000e+02,2.435229059395963291e-01,2.516536788460707608e-01,3.132763045085378284e-01,4.926920841912538207e-01,6.313454854397483329e-01
2.200000000000000000e+02,2.447741963740765747e-01,2.529290627260445401e-01,3.146919580797880589e-01,4.941320834679460150e-01,6.324980659935872662e-01
2.210000000000000000e+02,2.459159614891429646e-01,2.540927577446291941e-01,3.159831831233337884e-01,4.954444126832777129e-01,6.335481177708783829e-01
2.220000000000000000e+02,2.472623112511529719e-01,2.554647492873664549e-01,3.175037191837299932e-01,4.969854353508598721e-01,6.347798091037319956e-01
2.230000000000000000e+02,2.486171674586025726e-01,2.568453695308101636e-01,3.190334872970460589e-01,4.985350195780662297e-01,6.360180981285118440e-01
2.240000000000000000e+02,2.497600899705909316e-01,2.580099294353875861e-01,3.203230515450643523e-01,4.998393639010577649e-01,6.370598203970143647e-01
2.250000000000000000e+02,2.506242764397060840e-01,2.588903879877788028e-01,3.212972845908222963e-01,5.008230072328075932e-01,6.378448730103484232e-01
2.260000000000000000e+02,2.515526204832609358e-01,2.598360918549465493e-01,3.223427138006945136e-01,5.018761562241715879e-01,6.386846689766625396e-01
2.270000000000000000e+02,2.529307672179008093e-01,2.612398998823325935e-01,3.238936452288795897e-01,5.034363798072638563e-01,6.399281516491654997e-01
2.280000000000000000e+02,2.542922196148278968e-01,2.626263926514907365e-01,3.254228817936666851e-01,5.049687165763128149e-01,6.411475596036269042e-01
2.290000000000000000e+02,2.557712980189644214e-01,2.641325361561411844e-01,3.270829422624272342e-01,5.066294473047048275e-01,6.424683206664094648e-01
2.300000000000000000e+02,2.575732288403989600e-01,2.659673424175082457e-01,3.291044487218888759e-01,5.086498823929908042e-01,6.440745765312585469e-01
2.310000000000000000e+02,2.587708944184431981e-01,2.671868120344155217e-01,3.304476188348364762e-01,5.099914346184689640e-01,6.451408417787867222e-01
2.320000000000000000e+02,2.597903703280503573e-01,2.682247309864621010e-01,3.315898584755527234e-01,5.111300439100532333e-01,6.460451242086973078e-01
2.330000000000000000e+02,2.609290847739913488e-01,2.693840122248095104e-01,3.328653838461788639e-01,5.124008740243882754e-01,6.470542218884213215e-01
2.340000000000000000e+02,2.625249266348470556e-01,2.710084008418628398e-01,3.346503815859976361e-01,5.141740128675867938e-01,6.484605777097753876e-01
2.350000000000000000e+02,2.636813042823840658e-01,2.721853548175431903e-01,3.359428087506848848e-01,5.154557750939998684e-01,6.494765737155664409e-01
2.360000000000000000e+02,2.648750455461227893e-01,2.734002925090117664e-01,3.372765792601739032e-01,5.167776900086090697e-01,6.505241408949219428e-01
2.370000000000000000e+02,2.661181887381917632e-01,2.746653875352346175e-01,3.386644147000059668e-01,5.181508838120892912e-01,6.516116508799356666e-01
2.380000000000000000e+02,2.673763802384116484e-01,2.759456951037960737e-01,3.400681075335045267e-01,5.195378532898931034e-01,6.527094953716122694e-01
2.390000000000000000e+02,2.687799211956543588e-01,2.773738001388215690e-01,3.416329667914864698e-01,5.210820591895636289e-01,6.539311960083077357e-01
2.400000000000000000e+02,2.703878654450753705e-01,2.790098413742388428e-01,3.434253105595180267e-01,5.228499129043121529e-01,6.553295857213919939e-01
2.410000000000000000e+02,2.714838530542088013e-01,2.801247514678028572e-01,3.446448690603105547e-01,5.240485406246581102e-01,6.562764371031983845e-01
2.420000000000000000e+02,2.727046901892450359e-01,2.813665594525091018e-01,3.460023626846301936e-01,5.253807467130188202e-01,6.573282147738449543e-01
2.430000000000000000e+02,2.738975352364509952e-01,2.825797899740858377e-01,3.473277653017638467e-01,5.266795262072141437e-01,6.583530263260625182e-01
2.440000000000000000e+02,2.750925348753490707e-01,2.837952006671753957e-01,3.486554581694840671e-01,5.279803423898453696e-01,6.593793831407260830e-01
2.450000000000000000e+02,2.766520022134045798e-01,2.853811000779304941e-01,3.503862055267538689e-01,5.296722958325825736e-01,6.607132346780569820e-01
2.460000000000000000e+02,2.786261825533257186e-01,2.873886167920872148e-01,3.525760644469512761e-01,5.318107811131225215e-01,6.623984304174465043e-01
2.470000000000000000e+02,2.799007234142303902e-01,2.886846292952090498e-01,3.539893835244017906e-01,5.331900201427132169e-01,6.634850415580453298e-01
2.480000000000000000e+02,2.811477185987547589e-01,2.899525740112561256e-01,3.553716231861052122e-01,5.345378686805370982e-01,6.645466080210969961e-01
2.490000000000000000e+02,2.826564256134260766e-01,2.914864937534014100e-01,3.570427304498091092e-01,5.361649650156967706e-01,6.658273907016103443e-01
2.500000000000000000e+02,2.841901669326890034e-01,2.930457401247268390e-01,3.587404085803510556e-01,5.378156448480405638e-01,6.671260616695335877e-01
2.510000000000000000e+02,2.856105941388807357e-01,2.944896582174303945e-01,3.603114688891448369e-01,5.393408639958506834e-01,6.683253341345318788e-01
2.520000000000000000e+02,2.867428425532714820e-01,2.956405872445428962e-01,3.615633823604244568e-01,5.405554474244927965e-01,6.692801191742657752e-01
2.530000000000000000e+02,2.882054724239502819e-01,2.971272833294997251e-01,3.631799962310086616e-01,5.421226810607819857e-01,6.705117767569603870e-01
2.540000000000000000e+02,2.895255445768157299e-01,2.984688350483699626e-01,3.646368369649329866e-01,5.435307035194739678e-01,6.716170460300371348e-01
2.550000000000000000e+02,2.908599156478802739e-01,2.998248245777804799e-01,3.661086004696634255e-01,5.449514761220833892e-01,6.727318336579417579e-01
2.560000000000000000e+02,2.919380118096551180e-01,3.009203099283441207e-01,3.672969955189103186e-01,5.460973230738546125e-01,6.736305025888412734e-01
2.570000000000000000e+02,2.932972275897514636e-01,3.023012947366249259e-01,3.687938608641473381e-01,5.475378591801796091e-01,6.747594917481222199e-01
2.580000000000000000e+02,2.946921233586552447e-01,3.037184722060224384e-01,3.703294834511829392e-01,5.490146557207971068e-01,6.759165961261232036e-01
2.590000000000000000e+02,2.961428704575611026e-01,3.051922944738390542e-01,3.719256924166873257e-01,5.505479783361514334e-01,6.771174828197192852e-01
2.600000000000000000e+02,2.972142512541381953e-01,3.062806829960871835e-01,3.731041933443532965e-01,5.516794627380118277e-01,6.780034818685690690e-01
2.610000000000000000e+02,2.984116881761469942e-01,3.074969289841131825e-01,3.744195359489635444e-01,5.529388311574728876e-01,6.789886028294693787e-01
2.620000000000000000e+02,2.997562402832636974e-01,3.088624681487352475e-01,3.758952720104482559e-01,5.543494523201732971e-01,6.800913672772678220e-01
2.630000000000000000e+02,3.009562178946084132e-01,3.100810918494711355e-01,3.772115623646198901e-01,5.556061987028647620e-01,6.810734146245648324e-01
2.640000000000000000e+02,3.024433340118573010e-01,3.115912454378685359e-01,3.788421847195736492e-01,5.571618382724328189e-01,6.822886701830009892e-01
2.650000000000000000e+02,3.037012351472638816e-01,3.128685330858292923e-01,3.802205652330177821e-01,5.584751049452651994e-01,6.833140854606435388e-01
2.660000000000000000e+02,3.052227115109623634e-01,3.144132688171348278e-01,3.818860510435549971e-01,5.600586560703294525e-01,6.845496024507075061e-01
2.670000000000000000e+02,3.063468098595085176e-01,3.155544682200102091e-01,3.831157915498146771e-01,5.612264678274258012e-01,6.854603394200099453e-01
2.680000000000000000e+02,3.077703836220266331e-01,3.169996335649963304e-01,3.846725604145008748e-01,5.627037197250303047e-01,6.866120761246905513e-01
2.690000000000000000e+02,3.087117327921106713e-01,3.179551697481436401e-01,3.857011674531373724e-01,5.636782423420554355e-01,6.873714168966025273e-01
2.700000000000000000e+02,3.098777414381629347e-01,3.191386237807348758e-01,3.869741084490311844e-01,5.648820869477398920e-01,6.883088227364493328e-01
2.710000000000000000e+02,3.116195809867423061e-01,3.209063828919644368e-01,3.888744158141035356e-01,5.666768545375813204e-01,6.897056822262663811e-01
2.720000000000000000e+02,3.130524275803094336e-01,3.223602963990842563e-01,3.904353263627540760e-01,5.681467890017537492e-01,6.908485017370148418e-01
2.730000000000000000e+02,3.144342123746256545e-01,3.237623615249177744e-01,3.919402891629331642e-01,5.695634356414090993e-01,6.919497204303002302e-01
2.740000000000000000e+02,3.157777167941497320e-01,3.251255644335536155e-01,3.934033792674019314e-01,5.709403315388844602e-01,6.930199435441658506e-01
2.750000000000000000e+02,3.170205380626818226e-01,3.263864371625387895e-01,3.947552900158143863e-01,5.722097452497293402e-01,6.940058116386852438e-01
2.760000000000000000e+02,3.184271811427386578e-01,3.278134317811380316e-01,3.962846899681665702e-01,5.736444964770116561e-01,6.951197106052302566e-01
2.770000000000000000e+02,3.196653277651758662e-01,3.290694867969256587e-01,3.976308412363107614e-01,5.749072512745889707e-01,6.961000514536649364e-01
2.780000000000000000e+02,3.209766758103573259e-01,3.303996598196196621e-01,3.990553046128628711e-01,5.762411087587842040e-01,6.971349236641839475e-01
2.790000000000000000e+02,3.218896723657003189e-01,3.313257150009579211e-01,4.000466266569784879e-01,5.771685847719950635e-01,6.978542808390461039e-01
2.800000000000000000e+02,3.233356116354911269e-01,3.327922244271251939e-01,4.016156172251853507e-01,5.786346914337459069e-01,6.989908846887804561e-01
2.810000000000000000e+02,3.252291991442260444e-01,3.347125701257881447e-01,4.036687393417785485e-01,5.805502210456102707e-01,7.004750674213638950e-01
2.820000000000000000e+02,3.267303252266323677e-01,3.362346369128275669e-01,4.052939097862546247e-01,5.820620407620582526e-01,7.016451982367275519e-01
2.830000000000000000e+02,3.280271047680662910e-01,3.375493938964819196e-01,4.066968434810945832e-01,5.833652928875199262e-01,7.026533847232130370e-01
2.840000000000000000e+02,3.289345974403921624e-01,3.384694185922338949e-01,4.076781896637488578e-01,5.842761228588427835e-01,7.033577742568261071e-01
2.850000000000000000e+02,3.300777374938698716e-01,3.396282853210879082e-01,4.089138306863125960e-01,5.854220116941505347e-01,7.042436757091496968e-01
2.860000000000000000e+02,3.315015943255365527e-01,3.410716259624297364e-01,4.104519710333786042e-01,5.868467357191490263e-01,7.053446734865215229e-01
2.870000000000000000e+02,3.327048670179233447e-01,3.422913237952155963e-01,4.117514646256557609e-01,5.880497616653823645e-01,7.062741656977815641e-01
2.880000000000000000e+02,3.339864796171052030e-01,3.435901332724148327e-01,4.131329196886259214e-01,5.893238985033836252e-01,7.072572685507839685e-01
2.890000000000000000e+02,3.348326382307723059e-01,3.444475984237398425e-01,4.140445774402696233e-01,5.901639796489919210e-01,7.079052506213420193e-01
2.900000000000000000e+02,3.360776930703921472e-01,3.457092386524422967e-01,4.153855546344784044e-01,5.913988576225129856e-01,7.088575248988836508e-01
2.910000000000000000e+02,3.371913305694898555e-01,3.468376417432261771e-01,4.165843770082061637e-01,5.925017300224466599e-01,7.097076972886112722e-01
2.920000000000000000e+02,3.388381766774599124e-01,3.485062104328713883e-01,4.183561964727627314e-01,5.941299533953021683e-01,7.109623506590481146e-01
2.930000000000000000e+02,3.401157373921039340e-01,3.498005696646729334e-01,4.197302376666027790e-01,5.953917982313701174e-01,7.119344521674574322e-01
2.940000000000000000e+02,3.415133038007786559e-01,3.512163999002791970e-01,4.212323517354945035e-01,5.967694831781705789e-01,7.129953016795137488e-01
2.950000000000000000e+02,3.426435971036513317e-01,3.523613910110967029e-01,4.224465522055759759e-01,5.978819535208839131e-01,7.138516105197685313e-01
2.960000000000000000e+02,3.438913007825353807e-01,3.536252836208026995e-01,4.237865644949471156e-01,5.991091357214574087e-01,7.147960622242511830e-01
2.970000000000000000e+02,3.456111310845235707e-01,3.553671490660723076e-01,4.256311668374792023e-01,6.007940524825182704e-01,7.160915827212469553e-01
2.980000000000000000e+02,3.469792744493759851e-01,3.567527261599093835e-01,4.270977269214585870e-01,6.021321684681586461e-01,7.171200402417673425e-01
2.990000000000000000e+02,3.483674823068496074e-01,3.581585529616885810e-01,4.285851746787664451e-01,6.034882489545275730e-01,7.181620031131037418e-01
3.000000000000000000e+02,3.496367928089788024e-01,3.594438898744298783e-01,4.299444908637558016e-01,6.047262207863648431e-01,7.191128589904530743e-01
3.010000000000000000e+02,3.508988663247403772e-01,3.607218210568661210e-01,4.312953768217688832e-01,6.059553195881151044e-01,7.200565704470921480e-01
3.020000000000000000e+02,3.521643883704799749e-01,3.620031677128032754e-01,4.326492829918344718e-01,6.071859889153234935e-01,7.210011637693011233e-01
3.030000000000000000e+02,3.530049784251660383e-01,3.628541355769773213e-01,4.335474105695611424e-01,6.080003212857102435e-01,7.216256387680699547e-01
3.040000000000000000e+02,3.542750560462574749e-01,3.641397593742786709e-01,4.349032494457883979e-01,6.092276142362147429e-01,7.225662340550600415e-01
3.050000000000000000e+02,3.553876204654926041e-01,3.652658825802632681e-01,4.360904193811851459e-01,6.103013256634506334e-01,7.233888772627784514e-01
3.060000000000000000e+02,3.564473028012472566e-01,3.663384588297314282e-01,4.372209825934434968e-01,6.113235301088072449e-01,7.241719725868158708e-01
3.070000000000000000e+02,3.576092077582925244e-01,3.675143705380586323e-01,4.384594606985558474e-01,6.124413206348142680e-01,7.250277525276019874e-01
3.080000000000000000e+02,3.588900892185693525e-01,3.688106284634961596e-01,4.398241923296830058e-01,6.136720857492120595e-01,7.259697594464286086e-01
3.090000000000000000e+02,3.600292866202812747e-01,3.699633387012843388e-01,4.410365443411881636e-01,6.147629788127831896e-01,7.268040433479039386e-01
3.100000000000000000e+02,3.610194871086602197e-01,3.709652192452836950e-01,4.420897611652682135e-01,6.157096982887556580e-01,7.275278004774455853e-01
3.110000000000000000e+02,3.621509498609605249e-01,3.721099533472880805e-01,4.432925769717670494e-01,6.167897679644298581e-01,7.283531975955719329e-01
3.120000000000000000e+02,3.634170179393026445e-01,3.733907814722856600e-01,4.446377020451169892e-01,6.179962793607204352e-01,7.292748573436166337e-01
3.130000000000000000e+02,3.651689170175619892e-01,3.751628414708819137e-01,4.464967079777055758e-01,6.196598097744719924e-01,7.305445782274287980e-01
3.140000000000000000e+02,3.661434164738309183e-01,3.761485352321493059e-01,4.475306098826447032e-01,6.205846960345300367e-01,7.312504337919705222e-01
3.150000000000000000e+02,3.677799026477640565e-01,3.778036116642848885e-01,4.492650420065898431e-01,6.221331703167708449e-01,7.324313685529553197e-01
3.160000000000000000e+02,3.691982120600023065e-01,3.792380155422032662e-01,4.507680888520361751e-01,6.234748120128067450e-01,7.334544947001543358e-01
3.170000000000000000e+02,3.702677961624267766e-01,3.803196890679627629e-01,4.519011609479545721e-01,6.244855049923844215e-01,7.342250518433575124e-01
3.180000000000000000e+02,3.713975325283212503e-01,3.814620868810017495e-01,4.530970212495703531e-01,6.255506219684032754e-01,7.350366756476329755e-01
3.190000000000000000e+02,3.727222722936058830e-01,3.828016046822044771e-01,4.544987021453120168e-01,6.267980489793302246e-01,7.359869490643854428e-01
3.200000000000000000e+02,3.739779339997694185e-01,3.840711726047184582e-01,4.558264172797865110e-01,6.279781727940707547e-01,7.368855545786596739e-01
3.210000000000000000e+02,3.752145011234938599e-01,3.853213251155334085e-01,4.571329969771382729e-01,6.291379197656747913e-01,7.377682169957036074e-01
3.220000000000000000e+02,3.764123829070459837e-01,3.865322776794196113e-01,4.583979273776305208e-01,6.302593986026627793e-01,7.386214057662667809e-01
3.230000000000000000e+02,3.777263905690750323e-01,3.878605725700461360e-01,4.597850462781797876e-01,6.314884756005115785e-01,7.395562555698705909e-01
3.240000000000000000e+02,3.790697918895630791e-01,3.892184558376924897e-01,4.612021173920462513e-01,6.327422896761303317e-01,7.405094382831313160e-01
3.250000000000000000e+02,3.803797388034590998e-01,3.905423853423301006e-01,4.625827045716599528e-01,6.339618284564619843e-01,7.414360311130356873e-01
3.260000000000000000e+02,3.817944234268909054e-01,3.919720542356673332e-01,4.640726766449687624e-01,6.352763255697015943e-01,7.424343276106656342e-01
3.270000000000000000e+02,3.834151491804098644e-01,3.936097263038539351e-01,4.657777611817498498e-01,6.367774577998462915e-01,7.435735274405355089e-01
3.280000000000000000e+02,3.844299685791741084e-01,3.946351157118787034e-01,4.668450503145570307e-01,6.377165015624686184e-01,7.442860068835680520e-01
3.290000000000000000e+02,3.856583722736638409e-01,3.958762388356150685e-01,4.681363213814540569e-01,6.388515460587196326e-01,7.451469139267549169e-01
3.300000000000000000e+02,3.867119977436576650e-01,3.969406414506856384e-01,4.692427328814548493e-01,6.398222219273050904e-01,7.458826535377381939e-01
3.310000000000000000e+02,3.881628646917959502e-01,3.984062033788513535e-01,4.707650422670279222e-01,6.411557251948223346e-01,7.468928616864125569e-01
3.320000000000000000e+02,3.894029667550549245e-01,3.996587972964739666e-01,4.720656230862287361e-01,6.422940392102589602e-01,7.477549480691233486e-01
3.330000000000000000e+02,3.909351554292480602e-01,4.012063077466568872e-01,4.736715747769792983e-01,6.436980507188195810e-01,7.488178407374759260e-01
3.340000000000000000e+02,3.923510284045164109e-01,4.026362935576628943e-01,4.751552197459353866e-01,6.449944945975295552e-01,7.497991312337943803e-01
3.350000000000000000e+02,3.934101479251927436e-01,4.037058846395505385e-01,4.762643064049646990e-01,6.459624504956416047e-01,7.505314720531293116e-01
3.360000000000000000e+02,3.945299661128990887e-01,4.048366585076966229e-01,4.774359655539232028e-01,6.469834037887511879e-01,7.513034850017081823e-01
3.370000000000000000e+02,3.957032534746001695e-01,4.060213633193905380e-01,4.786630462351462167e-01,6.480517994978844953e-01,7.521111485432132593e-01
3.380000000000000000e+02,3.971380536226650215e-01,4.074700961471669491e-01,4.801633774527678811e-01,6.493576994506113920e-01,7.530982477614874826e-01
3.390000000000000000e+02,3.984920238862906250e-01,4.088371307198090943e-01,4.815784760957441679e-01,6.505882585058109235e-01,7.540280952164876149e-01
3.400000000000000000e+02,3.996204523558508637e-01,4.099763229900173500e-01,4.827567926662236220e-01,6.516112015982769012e-01,7.548006124538610973e-01
3.410000000000000000e+02,4.008757176171358627e-01,4.112435002274897333e-01,4.840670289861356279e-01,6.527478219365228096e-01,7.556587554433777942e-01
3.420000000000000000e+02,4.021285263270524823e-01,4.125081569212536436e-01,4.853743554310803177e-01,6.538813599240850261e-01,7.565144249925643827e-01
3.430000000000000000e+02,4.035712156860986055e-01,4.139641783080285076e-01,4.868771799737314776e-01,6.551801550054673351e-01,7.574937305081869132e-01
3.440000000000000000e+02,4.052335726596245635e-01,4.156418035307772874e-01,4.886080339302817377e-01,6.566747479118915098e-01,7.586203373064166477e-01
3.450000000000000000e+02,4.064205610905236021e-01,4.168396189013323094e-01,4.898432950385968598e-01,6.577403771978647118e-01,7.594233305635008646e-01
3.460000000000000000e+02,4.078836770001147416e-01,4.183160415789657915e-01,4.913655845252990484e-01,6.590530933772060784e-01,7.604123764831247634e-01
3.470000000000000000e+02,4.092334042811629491e-01,4.196779835672907466e-01,4.927693849207570587e-01,6.602628110997288413e-01,7.613236057417088753e-01
3.480000000000000000e+02,4.100933627685431904e-01,4.205455663688549839e-01,4.936624589650763784e-01,6.610302869471762488e-01,7.619011606120434932e-01
3.490000000000000000e+02,4.111577288863512702e-01,4.216193017220111749e-01,4.947672436312244293e-01,6.619787975165689620e-01,7.626147170015533661e-01
3.500000000000000000e+02,4.125359791117211850e-01,4.230096231340896296e-01,4.961973168335334639e-01,6.632057677528786499e-01,7.635375445747654144e-01
3.510000000000000000e+02,4.142411855016817634e-01,4.247296146970206410e-01,4.979653787160856493e-01,6.647207301428247339e-01,7.646764599871471724e-01
3.520000000000000000e+02,4.158783195253482612e-01,4.263807869320582755e-01,4.996615390322612371e-01,6.661720015037043696e-01,7.657669554136341539e-01
3.530000000000000000e+02,4.170714328284365613e-01,4.275840493952395294e-01,5.008969827290246091e-01,6.672279924830137876e-01,7.665601550672086484e-01
3.540000000000000000e+02,4.183447889487084126e-01,4.288680885966149603e-01,5.022142665051784194e-01,6.683519739390989534e-01,7.674039192906387807e-01
3.550000000000000000e+02,4.198185938454316868e-01,4.303542248465986875e-01,5.037386332069939687e-01,6.696522100406314681e-01,7.683798830191945761e-01
3.560000000000000000e+02,4.212891182887077979e-01,4.318369595053807020e-01,5.052588202871506340e-01,6.709476494409233327e-01,7.693519291307474584e-01
3.570000000000000000e+02,4.225715849521812228e-01,4.331299321153710413e-01,5.065834009286316331e-01,6.720745309468875162e-01,7.701970152405089864e-01
3.580000000000000000e+02,4.234941253931625016e-01,4.340599584716479664e-01,5.075356366665997321e-01,6.728837077468003969e-01,7.708036041616630474e-01
3.590000000000000000e+02,4.248087976148302025e-01,4.353851381469029391e-01,5.088912837008040535e-01,6.740336032888969431e-01,7.716650737292650719e-01
3.600000000000000000e+02,4.266262396149457792e-01,4.372170493532059887e-01,5.107648970150671097e-01,6.756221170203009496e-01,7.728549555942789695e-01
3.610000000000000000e+02,4.278975738029903719e-01,4.384983430857507525e-01,5.120741708273514048e-01,6.767300704001795175e-01,7.736843365446738341e-01
3.620000000000000000e+02,4.291160497995257228e-01,4.397263323937011803e-01,5.133287406176553214e-01,6.777913166555511459e-01,7.744786479334271334e-01
3.630000000000000000e+02,4.303158252773325310e-01,4.409353862083855713e-01,5.145633134439794310e-01,6.788345020756134662e-01,7.752591488784242868e-01
3.640000000000000000e+02,4.318988427658572160e-01,4.425305254196690297e-01,5.161912397367220962e-01,6.802085167461638937e-01,7.762867788447472828e-01
3.650000000000000000e+02,4.333963653826143347e-01,4.440393491040728891e-01,5.177298629504956118e-01,6.815050338968267063e-01,7.772559075266836093e-01
3.660000000000000000e+02,4.343655706320735388e-01,4.450158206898436886e-01,5.187252710519368870e-01,6.823432026182351118e-01,7.778822719952120934e-01
3.670000000000000000e+02,4.362029337590788147e-01,4.468667705667868639e-01,5.206107415831860985e-01,6.839284397565494888e-01,7.790663129757324779e-01
3.680000000000000000e+02,4.374812109885652389e-01,4.481543837057223589e-01,5.219215192960781069e-01,6.850290180673072049e-01,7.798879790910899779e-01
3.690000000000000000e+02,4.388133608967863530e-01,4.494961255960980284e-01,5.232863991677779714e-01,6.861732876477959486e-01,7.807418245936875723e-01
3.700000000000000000e+02,4.401969072859078236e-01,4.508895155624830786e-01,5.247029559652751640e-01,6.873593903363978130e-01,7.816265084056362999e-01
3.710000000000000000e+02,4.414472400664837815e-01,4.521486565751473563e-01,5.259823953633242510e-01,6.884295837665329598e-01,7.824244607042090127e-01
3.720000000000000000e+02,4.426790282179663416e-01,4.533890672346835848e-01,5.272424023887545275e-01,6.894828329769371322e-01,7.832096048859147341e-01
3.730000000000000000e+02,4.438746007067754795e-01,4.545929687792628626e-01,5.284650335321426917e-01,6.905043398134950161e-01,7.839709606072760018e-01
3.740000000000000000e+02,4.450901948195267188e-01,4.558169498426204447e-01,5.297074645961803441e-01,6.915413709978182055e-01,7.847436301779566747e-01
3.750000000000000000e+02,4.463595529404461026e-01,4.570949964035601609e-01,5.310042725251075124e-01,6.926229243075009423e-01,7.855492542236020004e-01
3.760000000000000000e+02,4.474862030692464687e-01,4.582292507669596393e-01,5.321543993081679913e-01,6.935808098547189271e-01,7.862624253411898412e-01
3.770000000000000000e+02,4.487193989730384192e-01,4.594706905493949889e-01,5.334126361369080360e-01,6.946277507476849022e-01,7.870416530539721123e-01
3.780000000000000000e+02,4.498351560150650186e-01,4.605938561915216001e-01,5.345506353685034462e-01,6.955740249915961515e-01,7.877457996688678188e-01
3.790000000000000000e+02,4.509782351624288532e-01,4.617444394521059148e-01,5.357157933043374953e-01,6.965418229281993279e-01,7.884656967323490084e-01
3.800000000000000000e+02,4.520570866227421325e-01,4.628303108177171388e-01,5.368149676716360563e-01,6.974540441417341752e-01,7.891440600013738260e-01
3.810000000000000000e+02,4.532753960611998201e-01,4.640564377847994360e-01,5.380553233554525860e-01,6.984820866483679724e-01,7.899082151414361652e-01
3.820000000000000000e+02,4.544448404933429386e-01,4.652333122156044887e-01,5.392453214416327301e-01,6.994674861473075822e-01,7.906404468081147385e-01
3.830000000000000000e+02,4.557916774679324212e-01,4.665885716762296354e-01,5.406147242274481624e-01,7.005998035605555119e-01,7.914814403300589607e-01
3.840000000000000000e+02,4.568501719063216004e-01,4.676536613270310672e-01,5.416907553903378414e-01,7.014892473420655250e-01,7.921419737014565587e-01
3.850000000000000000e+02,4.580642022869437224e-01,4.688751012739842960e-01,5.429236297321894389e-01,7.025064591160167238e-01,7.928969240835872512e-01
3.860000000000000000e+02,4.591888528131644054e-01,4.700065361612298376e-01,5.440650837296393538e-01,7.034472784822617397e-01,7.935949378023458012e-01
3.870000000000000000e+02,4.608677116571916477e-01,4.716953813106221083e-01,5.457678696484306036e-01,7.048490600454515587e-01,7.946345253282127707e-01
3.880000000000000000e+02,4.618255506521910525e-01,4.726588403690204498e-01,5.467387263119766194e-01,7.056473657738542293e-01,7.952263325701047769e-01
3.890000000000000000e+02,4.630167154324326684e-01,4.738569104466785475e-01,5.479453948064537672e-01,7.066385675214831297e-01,7.959608898638012020e-01
3.900000000000000000e+02,4.646759160828505264e-01,4.755255736605754069e-01,5.496249168578054567e-01,7.080163236897855095e-01,7.969814517568452050e-01
3.910000000000000000e+02,4.664540499658810790e-01,4.773136143782322760e-01,5.514229196396055466e-01,7.094884868157785851e-01,7.980712557020375186e-01
3.920000000000000000e+02,4.674552911700048941e-01,4.783203780577239828e-01,5.524348929853728496e-01,7.103164035573653612e-01,7.986839768263735984e-01
3.930000000000000000e+02,4.689806191035596483e-01,4.798540016204062009e-01,5.539756135727735842e-01,7.115755083588621854e-01,7.996154663006640462e-01
3.940000000000000000e+02,4.707440463795144470e-01,4.816268954323262297e-01,5.557558269902573844e-01,7.130288667091290167e-01,8.006903039502982766e-01
3.950000000000000000e+02,4.719833103642782079e-01,4.828727593145228369e-01,5.570064582006160059e-01,7.140492543278467164e-01,8.014447828018368414e-01
3.960000000000000000e+02,4.731601160400358275e-01,4.840557547342612121e-01,5.581934280604352594e-01,7.150167890656692338e-01,8.021599574900400986e-01
3.970000000000000000e+02,4.748006717283745348e-01,4.857047480538243533e-01,5.598465995924647443e-01,7.163620963631983640e-01,8.031538198037230236e-01
3.980000000000000000e+02,4.761095244067002907e-01,4.870202849509125964e-01,5.611651326124748040e-01,7.174345293743079610e-01,8.039459566709450389e-01
3.990000000000000000e+02,4.775851389158529692e-01,4.885033374383668248e-01,5.626508670521985778e-01,7.186418140892308903e-01,8.048374193813855326e-01
4.000000000000000000e+02,4.787764875473108361e-01,4.897006133489623658e-01,5.638497553525348982e-01,7.196151061047799669e-01,8.055558789587031754e-01
4.010000000000000000e+02,4.801484930655472994e-01,4.910793235920609123e-01,5.652294610637021988e-01,7.207337820944355045e-01,8.063813122092272634e-01
4.020000000000000000e+02,4.819854561311990859e-01,4.929252297419370876e-01,5.670764603092200984e-01,7.222309516061012902e-01,8.074859271347892831e-01
4.030000000000000000e+02,4.829526406957177498e-01,4.938969536724358567e-01,5.680475604675294665e-01,7.230161674629032031e-01,8.080647838346681766e-01
4.040000000000000000e+02,4.841047157367829867e-01,4.950544357523121164e-01,5.692042989050820623e-01,7.239514864041163289e-01,8.087542954321629285e-01
4.050000000000000000e+02,4.852349549053870392e-01,4.961899371336341846e-01,5.703387711344281019e-01,7.248683141735020596e-01,8.094300565163168315e-01
4.060000000000000000e+02,4.867031580798426016e-01,4.976648088430231653e-01,5.718111241174465009e-01,7.260562840894742020e-01,8.103051994149419457e-01
4.070000000000000000e+02,4.880302652863319213e-01,4.989979237871570161e-01,5.731418215142396466e-01,7.271297307210183858e-01,8.110959207007237826e-01
4.080000000000000000e+02,4.895389545550388188e-01,5.005132706863143488e-01,5.746532052559039094e-01,7.283469684870070848e-01,8.119920831733548061e-01
4.090000000000000000e+02,4.909428758180587882e-01,5.019231989695558394e-01,5.760581186593244363e-01,7.294763174779705928e-01,8.128230199442739723e-01
4.100000000000000000e+02,4.923537855584315670e-01,5.033401452625736461e-01,5.774700225074727022e-01,7.306112815933218929e-01,8.136580871158072270e-01
4.110000000000000000e+02,4.937479226256173970e-01,5.047401597445948518e-01,5.788644394345658917e-01,7.317311990187802540e-01,8.144818432844038725e-01
4.120000000000000000e+02,4.950414453734835463e-01,5.060389235667762664e-01,5.801565182208325844e-01,7.327665314926360418e-01,8.152428036565757541e-01
4.130000000000000000e+02,4.970292308975013396e-01,5.080345378967873193e-01,5.821402786025748899e-01,7.343535745119845748e-01,8.164086553267591029e-01
4.140000000000000000e+02,4.983925947270998469e-01,5.094031208089901952e-01,5.834996767236402260e-01,7.354394346711403685e-01,8.172059289808371041e-01
4.150000000000000000e+02,4.998287081647315722e-01,5.108447230906402181e-01,5.849315429648015430e-01,7.365830834778939185e-01,8.180456094136387968e-01
4.160000000000000000e+02,5.010999890434528758e-01,5.121207920840498140e-01,5.861984981720833598e-01,7.375942273841299412e-01,8.187878130567501911e-01
4.170000000000000000e+02,5.023204092422925982e-01,5.133457557235471258e-01,5.874143410265409981e-01,7.385639880281110736e-01,8.194994979716608841e-01
4.180000000000000000e+02,5.035933551037213851e-01,5.146233724442245139e-01,5.886819680351658146e-01,7.395742951649576513e-01,8.202407567889483664e-01
4.190000000000000000e+02,5.049764673887244815e-01,5.160113400509122039e-01,5.900575465579419587e-01,7.406682093830796454e-01,8.210427737078820343e-01
4.200000000000000000e+02,5.063427665162081315e-01,5.173822588344336726e-01,5.914149953870176946e-01,7.417457619746503639e-01,8.218323285786565124e-01
4.210000000000000000e+02,5.075796264195091556e-01,5.186232883956390927e-01,5.926437451053873096e-01,7.427210166869824270e-01,8.225468942262926797e-01
4.220000000000000000e+02,5.089762544499748520e-01,5.200245534176187734e-01,5.940306478023202885e-01,7.438210150234001450e-01,8.233526717012541463e-01
4.230000000000000000e+02,5.101737867408331351e-01,5.212259510437345922e-01,5.952189608451929903e-01,7.447622949232295397e-01,8.240418940710086959e-01
4.240000000000000000e+02,5.112538580868105642e-01,5.223093855048221990e-01,5.962897388832865131e-01,7.456091319947475426e-01,8.246616430565172351e-01
4.250000000000000000e+02,5.124829800052382867e-01,5.235422658416933883e-01,5.975077385775784400e-01,7.465716530459518552e-01,8.253658755682370396e-01
4.260000000000000000e+02,5.138939832057757284e-01,5.249574619745873694e-01,5.989050084317012468e-01,7.476745230727971370e-01,8.261724804487474705e-01
4.270000000000000000e+02,5.152731457983386054e-01,5.263405724735193969e-01,6.002695552580309402e-01,7.487499398131070016e-01,8.269586198830068957e-01
4.280000000000000000e+02,5.163180602826553667e-01,5.273883633066454024e-01,6.013024875127210844e-01,7.495627719018340684e-01,8.275525138757956478e-01
4.290000000000000000e+02,5.173734128469129612e-01,5.284465793928390109e-01,6.023454093332807346e-01,7.503830187532011253e-01,8.281517194028233941e-01
4.300000000000000000e+02,5.189366732193299026e-01,5.300139432419603835e-01,6.038891639995405125e-01,7.515956854966724388e-01,8.290372436656417987e-01
4.310000000000000000e+02,5.202090752785750727e-01,5.312896445730171946e-01,6.051453678303068129e-01,7.525820369639213414e-01,8.297574027046935585e-01
4.320000000000000000e+02,5.214896509616346876e-01,5.325734618936684983e-01,6.064090186690322959e-01,7.535733945359293084e-01,8.304810174000628598e-01
4.330000000000000000e+02,5.233339209823717475e-01,5.344221295604946187e-01,6.082267763995073961e-01,7.549965798254856253e-01,8.315191517965525581e-01
4.340000000000000000e+02,5.245525996019005932e-01,5.356437014682874365e-01,6.094278362738949628e-01,7.559367970214668775e-01,8.322049561580707744e-01
4.350000000000000000e+02,5.257142076478867887e-01,5.368079147204574131e-01,6.105714487531179735e-01,7.568304297043156881e-01,8.328564002860012749e-01
4.360000000000000000e+02,5.271806355556181156e-01,5.382774917139732107e-01,6.120140593195886325e-01,7.579562310764949018e-01,8.336767445492638817e-01
4.370000000000000000e+02,5.284801991412705346e-01,5.395797979347288775e-01,6.132921374382123147e-01,7.589531269287035364e-01,8.344030392524943718e-01
4.380000000000000000e+02,5.298036192809802980e-01,5.409059284086222830e-01,6.145930282607456885e-01,7.599669494893331878e-01,8.351414617842402022e-01
4.390000000000000000e+02,5.313241796127395888e-01,5.424295451149913072e-01,6.160872501070121521e-01,7.611308362758910651e-01,8.359890420479688666e-01
4.400000000000000000e+02,5.327448008288840908e-01,5.438528673722612394e-01,6.174820518551922266e-01,7.622156691018853181e-01,8.367786734466329257e-01
4.410000000000000000e+02,5.344697031667171583e-01,5.455808098868204503e-01,6.191737282258623631e-01,7.635289123949482448e-01,8.377339769030011096e-01
4.420000000000000000e+02,5.358713964674078900e-01,5.469849205333284781e-01,6.205480050639863299e-01,7.645952080214010183e-01,8.385095118715057971e-01
4.430000000000000000e+02,5.369985729762664084e-01,5.481139108351257283e-01,6.216521164537613942e-01,7.654505380291444228e-01,8.391312929381755659e-01
4.440000000000000000e+02,5.383748934958230148e-01,5.494923693964817168e-01,6.229996744393641039e-01,7.664936701467530700e-01,8.398894115706377894e-01
4.450000000000000000e+02,5.397894123687667634e-01,5.509090754007032187e-01,6.243845524100212208e-01,7.675655857306441510e-01,8.406684245020887847e-01
4.460000000000000000e+02,5.411537927168760254e-01,5.522754145317784191e-01,6.257191646388644557e-01,7.685970450046670788e-01,8.414176738139956813e-01
4.470000000000000000e+02,5.422543956247199981e-01,5.533774913808824358e-01,6.267949264767841422e-01,7.694273640051298990e-01,8.420205617735760928e-01
4.480000000000000000e+02,5.438749356266426860e-01,5.550001266078489204e-01,6.283783053948844843e-01,7.706487171162642591e-01,8.429071977514911440e-01
4.490000000000000000e+02,5.450108216854371301e-01,5.561373561301807822e-01,6.294871693911295862e-01,7.715027742830629087e-01,8.435269000561907982e-01
4.500000000000000000e+02,5.464992445290647316e-01,5.576273620199723169e-01,6.309388036169045755e-01,7.726190366581353608e-01,8.443364396703586516e-01
4.510000000000000000e+02,5.477490986697391984e-01,5.588784748797305246e-01,6.321572170616944764e-01,7.735552452061893458e-01,8.450152341463339489e-01
4.520000000000000000e+02,5.491571159961173842e-01,5.602878761882237324e-01,6.335295507007551175e-01,7.746093797016626592e-01,8.457794505627834747e-01
4.530000000000000000e+02,5.506725496078533899e-01,5.618045761506602620e-01,6.350048457413906000e-01,7.757403546541284944e-01,8.465988531690992192e-01
4.540000000000000000e+02,5.519636792870847852e-01,5.630965854620347821e-01,6.362602334701908946e-01,7.767007505177514481e-01,8.472942078750937966e-01
4.550000000000000000e+02,5.532631873101255815e-01,5.643969230867743603e-01,6.375233360861891629e-01,7.776664917746387573e-01,8.479933041328385768e-01
4.560000000000000000e+02,5.547409609603468628e-01,5.658755452471705416e-01,6.389589759989819928e-01,7.787632054970300421e-01,8.487869923849874487e-01
4.570000000000000000e+02,5.562001929709411430e-01,5.673354926489408978e-01,6.403756560171202095e-01,7.798442178625780707e-01,8.495690367319316261e-01
4.580000000000000000e+02,5.576073346883934079e-01,5.687432363870306151e-01,6.417410861528228816e-01,7.808852524415481611e-01,8.503219588841681720e-01
4.590000000000000000e+02,5.588369998323462484e-01,5.699733465917439235e-01,6.429336750231585684e-01,7.817937071858598319e-01,8.509788087885163943e-01
4.600000000000000000e+02,5.601883404057291793e-01,5.713250967708665140e-01,6.442436572911712789e-01,7.827908014578323082e-01,8.516995680565138116e-01
4.610000000000000000e+02,5.615680593928675801e-01,5.727050971743167240e-01,6.455800949005435774e-01,7.838066854699676789e-01,8.524336001317006639e-01
4.620000000000000000e+02,5.631130837532900557e-01,5.742501292480314268e-01,6.470742860483749137e-01,7.849394747733364763e-01,8.532514127002277515e-01
4.630000000000000000e+02,5.643600855293029461e-01,5.754970084752737414e-01,6.482792702905013638e-01,7.858517532105510073e-01,8.539097410919923581e-01
4.640000000000000000e+02,5.656870172731994773e-01,5.768237068336639073e-01,6.495607006018884189e-01,7.868209075538459274e-01,8.546088840905162742e-01
4.650000000000000000e+02,5.666472054345078613e-01,5.777837130268757004e-01,6.504878627991980133e-01,7.875219995757454239e-01,8.551146192642096189e-01
4.660000000000000000e+02,5.681990691725180564e-01,5.793351134560801308e-01,6.519850519971691627e-01,7.886524911507398761e-01,8.559297293626233483e-01
4.670000000000000000e+02,5.694665345348892682e-01,5.806020643815439364e-01,6.532068205001165806e-01,7.895737074870591288e-01,8.565936481623620535e-01
4.680000000000000000e+02,5.706305360521984893e-01,5.817655127324111719e-01,6.543282375964114550e-01,7.904184825029574313e-01,8.572022990345101734e-01
4.690000000000000000e+02,5.717499032881564469e-01,5.828842568218006726e-01,6.554059559428869752e-01,7.912294643326991395e-01,8.577864032826139074e-01
4.700000000000000000e+02,5.730013426893132422e-01,5.841349138157050369e-01,6.566101772119664615e-01,7.921348193718870112e-01,8.584382927287287357e-01
4.710000000000000000e+02,5.746946266579907592e-01,5.858270318033368396e-01,6.582387521783295004e-01,7.933581867431320767e-01,8.593189302023002130e-01
4.720000000000000000e+02,5.758671830290826854e-01,5.869987157031950620e-01,6.593660026964290877e-01,7.942043450974032304e-01,8.599278941637641394e-01
4.730000000000000000e+02,5.770978394657413357e-01,5.882283977607957182e-01,6.605486608195626497e-01,7.950915366447902644e-01,8.605662623366555630e-01
4.740000000000000000e+02,5.783778802049106549e-01,5.895073395545219475e-01,6.617781256423364011e-01,7.960130300534986603e-01,8.612291281519216524e-01
4.750000000000000000e+02,5.795008744653458166e-01,5.906291728374840622e-01,6.628552503039230048e-01,7.968184837967257073e-01,8.618081015423993962e-01
4.760000000000000000e+02,5.812270902408135376e-01,5.923534090693886034e-01,6.645094754692476569e-01,7.980536496938342994e-01,8.626955451122469976e-01
4.770000000000000000e+02,5.828279816628610943e-01,5.939522479898998730e-01,6.660419578126405282e-01,7.991958850614910848e-01,8.635157624766701678e-01
4.780000000000000000e+02,5.842047693550551646e-01,5.953272380225635985e-01,6.673596663967471532e-01,8.001777354684347365e-01,8.642207420811554019e-01
4.790000000000000000e+02,5.854995626085879312e-01,5.966202059069894981e-01,6.685978773211572745e-01,8.010990949456786581e-01,8.648820058512771691e-01
4.800000000000000000e+02,5.868791521688151436e-01,5.979976791177802342e-01,6.699158808586674896e-01,8.020782375381998452e-01,8.655843832279845884e-01
4.810000000000000000e+02,5.880213149974606868e-01,5.991380155493177817e-01,6.710064947730488560e-01,8.028877655535475721e-01,8.661649350861874153e-01
4.820000000000000000e+02,5.893106397217114933e-01,6.004252582922084969e-01,6.722374755572849692e-01,8.038012961680864876e-01,8.668200302127966328e-01
4.830000000000000000e+02,5.907193792304094027e-01,6.018316123524052319e-01,6.735816312615998669e-01,8.047977950803095748e-01,8.675343931816110743e-01
4.840000000000000000e+02,5.919877543112449514e-01,6.030977019923898785e-01,6.747908180770886277e-01,8.056929680250426440e-01,8.681758347657994035e-01
4.850000000000000000e+02,5.931934374093135176e-01,6.043010350450674917e-01,6.759388995023274394e-01,8.065412786763656028e-01,8.687833334858783285e-01
4.860000000000000000e+02,5.947107724654908667e-01,6.058153413578233337e-01,6.773832070067199451e-01,8.076078187833662936e-01,8.695469670504490933e-01
4.870000000000000000e+02,5.959206198809837707e-01,6.070226394716328189e-01,6.785338148308615036e-01,8.084562556465132444e-01,8.701541677742671288e-01
4.880000000000000000e+02,5.972348727167322568e-01,6.083340520188588174e-01,6.797831820520957580e-01,8.093768714490345850e-01,8.708128810940103381e-01
4.890000000000000000e+02,5.985492746717058221e-01,6.096454688450917425e-01,6.810316051634774936e-01,8.102954836532254568e-01,8.714698695601993395e-01
4.900000000000000000e+02,5.999684982926065668e-01,6.110613073715864818e-01,6.823783731178592049e-01,8.112850000281041085e-01,8.721772438634632918e-01
4.910000000000000000e+02,6.012335560441667281e-01,6.123232941544786145e-01,6.835784439956056335e-01,8.121662510554142900e-01,8.728071155311197815e-01
4.920000000000000000e+02,6.025649102459346151e-01,6.136513561463149413e-01,6.848409536160033895e-01,8.130928112603161839e-01,8.734692514967943300e-01
4.930000000000000000e+02,6.039653887401610355e-01,6.150482556658148914e-01,6.861681454489029219e-01,8.140658040195717371e-01,8.741643386537795157e-01
4.940000000000000000e+02,6.055620914595297721e-01,6.166406732064999563e-01,6.876797611580216518e-01,8.151721740158907048e-01,8.749543029786496229e-01
4.950000000000000000e+02,6.069915482010596053e-01,6.180661544919962003e-01,6.890320035066439530e-01,8.161606592026791063e-01,8.756598220019959911e-01
4.960000000000000000e+02,6.082371156847173888e-01,6.193081740712444994e-01,6.902096634460981317e-01,8.170207811970877643e-01,8.762735589074751585e-01
4.970000000000000000e+02,6.093436350748268060e-01,6.204114805927766207e-01,6.912554006480043922e-01,8.177840110490960379e-01,8.768180393938959094e-01
4.980000000000000000e+02,6.106634025648759456e-01,6.217272220305927188e-01,6.925012257898514045e-01,8.186915636502489768e-01,8.774651009049989625e-01
4.990000000000000000e+02,6.117472436615389864e-01,6.228075825211807359e-01,6.935230456898973106e-01,8.194344049047107559e-01,8.779943909372047717e-01
5.000000000000000000e+02,6.130733204594305263e-01,6.241293548411452896e-01,6.947728979405144445e-01,8.203426186004977305e-01,8.786414238249868891e-01
5.010000000000000000e+02,6.145913682668130429e-01,6.256424196788406000e-01,6.962032750735749342e-01,8.213815281963068315e-01,8.793814611783441482e-01
5.020000000000000000e+02,6.169242380343539223e-01,6.279674417103217055e-01,6.984000040808383547e-01,8.229753953587186643e-01,8.805164423181127686e-01
5.030000000000000000e+02,6.180155125712312181e-01,6.290548280751434573e-01,6.994259837776614086e-01,8.237179251424434634e-01,8.810447794678546440e-01
5.040000000000000000e+02,6.193412001216400675e-01,6.303755971791754620e-01,7.006709063900208312e-01,8.246172268577544040e-01,8.816842974040807190e-01
5.050000000000000000e+02,6.209074600335203753e-01,6.319359747822361761e-01,7.021412174713858034e-01,8.256787301313676108e-01,8.824390271331999935e-01
5.060000000000000000e+02,6.223370421957257204e-01,6.333601030047566471e-01,7.034825956863199892e-01,8.266464197180327655e-01,8.831268958612050746e-01
5.070000000000000000e+02,6.241345845999286546e-01,6.351506766943858517e-01,7.051684113398726250e-01,8.278616401731847541e-01,8.839905107977995558e-01
5.080000000000000000e+02,6.257235730102937987e-01,6.367333038626472597e-01,7.066571517668391866e-01,8.289330815203577174e-01,8.847515725639961692e-01
5.090000000000000000e+02,6.269231584136415458e-01,6.379280162297580326e-01,7.077805349454280304e-01,8.297409742643145902e-01,8.853253003951854216e-01
5.100000000000000000e+02,6.280956739835403813e-01,6.390956111620903490e-01,7.088774071281743749e-01,8.305284638695573651e-01,8.858842480090161065e-01
5.110000000000000000e+02,6.293114066615308477e-01,6.403061379428358624e-01,7.100139438424922789e-01,8.313435514333802345e-01,8.864625932922578500e-01
5.120000000000000000e+02,6.310134323217159169e-01,6.420008315442531366e-01,7.116047730258011628e-01,8.324840730002970313e-01,8.872717698897697458e-01
5.130000000000000000e+02,6.321618636864883012e-01,6.431441388377625579e-01,7.126768761691728571e-01,8.332512135056142633e-01,8.878157177345926687e-01
5.140000000000000000e+02,6.333006045395641603e-01,6.442777716102756624e-01,7.137397328558322540e-01,8.340115089800567150e-01,8.883547624745662397e-01
5.150000000000000000e+02,6.346203111645922768e-01,6.455914125053729968e-01,7.149704258416400560e-01,8.348906414549404076e-01,8.889777975052187697e-01
5.160000000000000000e+02,6.357232189336445849e-01,6.466890829709567301e-01,7.159977119607853213e-01,8.356230715150935184e-01,8.894965629384926631e-01
5.170000000000000000e+02,6.370736328564395867e-01,6.480329664946312684e-01,7.172546720486148164e-01,8.365182752816976430e-01,8.901304065942189370e-01
5.180000000000000000e+02,6.385105602320796381e-01,6.494628775364166273e-01,7.185916644926300112e-01,8.374699178290343493e-01,8.908040905950153077e-01
5.190000000000000000e+02,6.399660000718575548e-01,6.509109900316593089e-01,7.199442704924952086e-01,8.384308518581887748e-01,8.914839599622225164e-01
5.200000000000000000e+02,6.411639897955616618e-01,6.521028739269414398e-01,7.210570721456552867e-01,8.392208071501842115e-01,8.920427282293648119e-01
5.210000000000000000e+02,6.426586419699389374e-01,6.535896486296622898e-01,7.224435487948870360e-01,8.402029106236851286e-01,8.927369540364020750e-01
5.220000000000000000e+02,6.438900557954492232e-01,6.548145421620130691e-01,7.235856191111855740e-01,8.410116432495183814e-01,8.933085750842967299e-01
5.230000000000000000e+02,6.456576213552294163e-01,6.565725446374902630e-01,7.252234582243155536e-01,8.421697816192545982e-01,8.941268036489032900e-01
5.240000000000000000e+02,6.472096995095230065e-01,6.581161077280178739e-01,7.266607687820763051e-01,8.431851656637689985e-01,8.948439707032913581e-01
5.250000000000000000e+02,6.486592602593811430e-01,6.595575160155990879e-01,7.280016918378899859e-01,8.441308386988699564e-01,8.955115548110430534e-01
5.260000000000000000e+02,6.498963221077452834e-01,6.607875540315869545e-01,7.291455596119704730e-01,8.449370035017257363e-01,8.960805404042317956e-01
5.270000000000000000e+02,6.515797769813237439e-01,6.624611632872490219e-01,7.307001106024736403e-01,8.460302958199860113e-01,8.968516860817685732e-01
5.280000000000000000e+02,6.531570376188615690e-01,6.640291424486978178e-01,7.321561867855100880e-01,8.470538757331023128e-01,8.975735633211707754e-01
5.290000000000000000e+02,6.541314879037376517e-01,6.649977469258154805e-01,7.330549609076888462e-01,8.476847957227348074e-01,8.980183281425337949e-01
5.300000000000000000e+02,6.551360078995192016e-01,6.659961076835804183e-01,7.339805087483668444e-01,8.483334506841002653e-01,8.984753699946330663e-01
5.310000000000000000e+02,6.562455559379294368e-01,6.670988132409652049e-01,7.350025443752324916e-01,8.490494155614300986e-01,8.989797720996632879e-01
5.320000000000000000e+02,6.576941360723611574e-01,6.685382741273421248e-01,7.363355310567736289e-01,8.499817371155734547e-01,8.996362864505511592e-01
5.330000000000000000e+02,6.587980999946018157e-01,6.696350643154352911e-01,7.373497893213295518e-01,8.506893686825691692e-01,9.001342072411113726e-01
5.340000000000000000e+02,6.600356508183251592e-01,6.708645541935019940e-01,7.384866418938206278e-01,8.514823819565077168e-01,9.006921745567794124e-01
5.350000000000000000e+02,6.613636404858964646e-01,6.721837159661613326e-01,7.397052966723964840e-01,8.523310634659390095e-01,9.012890160150094365e-01
5.360000000000000000e+02,6.628280928194206778e-01,6.736383136470914801e-01,7.410483206722598970e-01,8.532654230351420788e-01,9.019459141457095708e-01
5.370000000000000000e+02,6.641710862447388619e-01,6.749721770406116317e-01,7.422792920793791493e-01,8.541211041940021120e-01,9.025473454702934717e-01
5.380000000000000000e+02,6.652917593123613971e-01,6.760852117610756107e-01,7.433063460989772775e-01,8.548348836218651048e-01,9.030490062197324974e-01
5.390000000000000000e+02,6.666328262790061077e-01,6.774170942267676576e-01,7.445350675700808107e-01,8.556884756055955776e-01,9.036488584489714704e-01
5.400000000000000000e+02,6.680129712857152402e-01,6.787874520342785933e-01,7.457971959376749060e-01,8.565626851780518969e-01,9.042626551586963046e-01
5.410000000000000000e+02,6.693872433365137820e-01,6.801518943951587737e-01,7.470533524589320074e-01,8.574321106898273870e-01,9.048729568863694839e-01
5.420000000000000000e+02,6.706417649992257868e-01,6.813972969602102303e-01,7.481990092004984216e-01,8.582239358659039530e-01,9.054285514238388233e-01
5.430000000000000000e+02,6.718738563152745202e-01,6.826203351226406424e-01,7.493234896749078056e-01,8.590003820548833824e-01,9.059731994260961097e-01
5.440000000000000000e+02,6.736722444846311442e-01,6.844052125985639057e-01,7.509626950325817285e-01,8.601299833959417107e-01,9.067651001718788351e-01
5.450000000000000000e+02,6.747981626500140218e-01,6.855225133263853632e-01,7.519878244361793973e-01,8.608352117884287003e-01,9.072592452587252554e-01
5.460000000000000000e+02,6.765025119728778069e-01,6.872137792354828800e-01,7.535393296697676657e-01,8.619022617963549848e-01,9.080068530832047236e-01
5.470000000000000000e+02,6.780464940986872246e-01,6.887456994983316427e-01,7.549433620035327364e-01,8.628663069014086417e-01,9.086819631877127712e-01
5.480000000000000000e+02,6.796442465690849533e-01,6.903307206252233819e-01,7.563945228818400590e-01,8.638608394197454521e-01,9.093780337747833231e-01
5.490000000000000000e+02,6.807492681301797743e-01,6.914268270492108792e-01,7.573973814451053777e-01,8.645473116915216583e-01,9.098583228887747731e-01
5.500000000000000000e+02,6.823321068388198407e-01,6.929966767856975407e-01,7.588323337244307076e-01,8.655279286249468740e-01,9.105440715559330878e-01
5.510000000000000000e+02,6.836022374855628136e-01,6.942562894641319815e-01,7.599831228130079497e-01,8.663136480910560433e-01,9.110933813804493742e-01
5.520000000000000000e+02,6.847266208870039783e-01,6.953711664376324153e-01,7.610004807813127714e-01,8.670068210171076872e-01,9.115776915177711270e-01
5.530000000000000000e+02,6.861096798596331148e-01,6.967424475343900747e-01,7.622512974188064838e-01,8.678584383029215310e-01,9.121725759262434563e-01
5.540000000000000000e+02,6.877194959928393247e-01,6.983384906773449918e-01,7.637067383131375120e-01,8.688489023465553185e-01,9.128643522038482061e-01
5.550000000000000000e+02,6.891136061494559373e-01,6.997205429089039530e-01,7.649662407260342523e-01,8.697050680883822160e-01,9.134621320161230296e-01
5.560000000000000000e+02,6.907549198770988053e-01,7.013475010329660586e-01,7.664479562623597309e-01,8.707111190815185475e-01,9.141643218071368038e-01
5.570000000000000000e+02,6.926151267189999405e-01,7.031911834950059781e-01,7.681254948584347320e-01,8.718482764903328075e-01,9.149576379359494194e-01
5.580000000000000000e+02,6.940209718870667954e-01,7.045845043557001919e-01,7.693930360878110664e-01,8.727072456734955574e-01,9.155568273808123436e-01
5.590000000000000000e+02,6.952778710438169973e-01,7.058300559793447837e-01,7.705252316080407615e-01,8.734734067170087934e-01,9.160910529670385216e-01
5.600000000000000000e+02,6.964657023869943453e-01,7.070069923075990026e-01,7.715940143457488132e-01,8.741954208697191309e-01,9.165942424778880104e-01
5.610000000000000000e+02,6.982710384211386900e-01,7.087955178807531231e-01,7.732166543936715986e-01,8.752897835850068642e-01,9.173565602680088249e-01
5.620000000000000000e+02,6.998656807441808736e-01,7.103751870388701484e-01,7.746490523680882312e-01,8.762549478486777454e-01,9.180286974155328350e-01
5.630000000000000000e+02,7.011921382436356875e-01,7.116891510697066492e-01,7.758402830306077025e-01,8.770573358571395195e-01,9.185874213813968181e-01
5.640000000000000000e+02,7.026475477460507602e-01,7.131307460862111869e-01,7.771465768591352408e-01,8.779364675860384937e-01,9.191994285109167384e-01
5.650000000000000000e+02,7.037245539544275674e-01,7.141971809452392073e-01,7.781108100473717037e-01,8.785829216362459615e-01,9.196489534989810144e-01
5.660000000000000000e+02,7.053385655103064922e-01,7.157951854785182810e-01,7.795546746651990100e-01,8.795497755418714148e-01,9.203210387228396572e-01
5.670000000000000000e+02,7.064964722613987780e-01,7.169415162372186900e-01,7.805898750377170403e-01,8.802423263394827391e-01,9.208023166324170727e-01
5.680000000000000000e+02,7.076602335484170059e-01,7.180936220002451797e-01,7.816301638242381111e-01,8.809381338504518322e-01,9.212858277658688699e-01
5.690000000000000000e+02,7.091544932221499620e-01,7.195726650429650206e-01,7.829641459022210759e-01,8.818286248214981526e-01,9.219042664702823409e-01
5.700000000000000000e+02,7.106203430685505973e-01,7.210233188284366213e-01,7.842709061235119128e-01,8.826990744683661516e-01,9.225084079785140778e-01
5.710000000000000000e+02,7.124523708217390672e-01,7.228360489586928006e-01,7.859019928156060208e-01,8.837834484012114800e-01,9.232605977610233161e-01
5.720000000000000000e+02,7.137514840518034420e-01,7.241214378142986074e-01,7.870583389611129910e-01,8.845519294293371360e-01,9.237936083454481029e-01
5.730000000000000000e+02,7.150883366360084592e-01,7.254440645995581249e-01,7.882475686531882353e-01,8.853415564858932996e-01,9.243411427016060555e-01
5.740000000000000000e+02,7.163559121586664524e-01,7.266978987971771664e-01,7.893734309554285566e-01,8.860873763241154943e-01,9.248579516763909547e-01
5.750000000000000000e+02,7.177811757713087326e-01,7.281074485805737462e-01,7.906375440184882919e-01,8.869229868580407183e-01,9.254366198134662547e-01
5.760000000000000000e+02,7.189756457745130058e-01,7.292886512303101698e-01,7.916962855261234777e-01,8.876221758695446162e-01,9.259206810021620715e-01
5.770000000000000000e+02,7.208096341402790985e-01,7.311021585594371652e-01,7.933211195881287869e-01,8.886944628149386904e-01,9.266628945397046291e-01
5.780000000000000000e+02,7.222417228678589263e-01,7.325179373964137985e-01,7.945877164718410102e-01,8.895281990770692593e-01,9.272395604876894071e-01
5.790000000000000000e+02,7.236138164008527607e-01,7.338743238870857333e-01,7.958007011067147474e-01,8.903261050628668016e-01,9.277913357864828736e-01
5.800000000000000000e+02,7.247951178077566281e-01,7.350420368512464719e-01,7.968445703273757674e-01,8.910123272846434128e-01,9.282657906734319564e-01
5.810000000000000000e+02,7.262303392221173270e-01,7.364606988065136584e-01,7.981124756878335003e-01,8.918454911707827115e-01,9.288417740189770511e-01
5.820000000000000000e+02,7.281927970662391836e-01,7.384000605018612440e-01,7.998430588559123366e-01,8.929796684540804996e-01,9.296252515574531250e-01
5.830000000000000000e+02,7.296704951664312322e-01,7.398601886061885180e-01,8.011449401478162313e-01,8.938316999762326853e-01,9.302135895003940114e-01
5.840000000000000000e+02,7.309517314765519025e-01,7.411260249587260374e-01,8.022726060922994451e-01,8.945686189508225139e-01,9.307222229482803311e-01
5.850000000000000000e+02,7.323739752088108679e-01,7.425310057857235080e-01,8.035232361373010335e-01,8.953847883644713290e-01,9.312853366842712699e-01
5.860000000000000000e+02,7.335667018566979225e-01,7.437092148107232736e-01,8.045717682796437176e-01,8.960688012344149023e-01,9.317572165322764999e-01
5.870000000000000000e+02,7.351928749117759843e-01,7.453151891382706618e-01,8.059985979376406151e-01,8.969969515877803667e-01,9.323969953169275460e-01
5.880000000000000000e+02,7.364851539521217738e-01,7.465911681288337487e-01,8.071307820486515183e-01,8.977318230320957548e-01,9.329032271850673519e-01
5.890000000000000000e+02,7.376879615017732927e-01,7.477785755426562542e-01,8.081830354369199387e-01,8.984133394963604857e-01,9.333724135168546265e-01
5.900000000000000000e+02,7.391402458531827202e-01,7.492121549816357362e-01,8.094527931909858420e-01,8.992350172766976346e-01,9.339379530835123511e-01
5.910000000000000000e+02,7.405822476190204728e-01,7.506353583975363675e-01,8.107120396317698541e-01,9.000484477855046350e-01,9.344975318151579335e-01
5.920000000000000000e+02,7.419114590743995930e-01,7.519471453558558283e-01,8.118721413016840582e-01,9.007972185700041656e-01,9.350125084766457428e-01
5.930000000000000000e+02,7.430415850125112742e-01,7.530623709166431867e-01,8.128579104021321777e-01,9.014329237713768483e-01,9.354496157081269025e-01
5.940000000000000000e+02,7.443581992838214090e-01,7.543612467905649321e-01,8.140038024292968188e-01,9.021694917557337989e-01,9.359556058821938418e-01
5.950000000000000000e+02,7.462033439419732961e-01,7.561813795646078473e-01,8.156086687391606027e-01,9.032001228941871629e-01,9.366634165455051120e-01
5.960000000000000000e+02,7.475360871744098912e-01,7.574959304929976822e-01,8.167670146037188106e-01,9.039432101772155725e-01,9.371735946197159439e-01
5.970000000000000000e+02,7.490203252087461738e-01,7.589595681631213786e-01,8.180547593454252642e-01,9.047671855463734758e-01,9.377388936473292080e-01
5.980000000000000000e+02,7.503911301375761900e-01,7.603111230304349100e-01,8.192425941013093960e-01,9.055258424116688909e-01,9.382591093161046780e-01
5.990000000000000000e+02,7.521041472037580666e-01,7.619999638211040205e-01,8.207261608834566236e-01,9.064726344679400194e-01,9.389081853340605077e-01
6.000000000000000000e+02,7.535310934834134056e-01,7.634065948306409943e-01,8.219608012356035553e-01,9.072594777651663556e-01,9.394473966778797980e-01
6.010000000000000000e+02,7.550636407585302745e-01,7.649170951295100052e-01,8.232852944617761182e-01,9.081021836382212609e-01,9.400246178407204445e-01
6.020000000000000000e+02,7.563639073623255049e-01,7.661985231049598388e-01,8.244081569265215848e-01,9.088157877656998229e-01,9.405132513348947176e-01
6.030000000000000000e+02,7.577016829877544213e-01,7.675167095383791382e-01,8.255620382940446200e-01,9.095478436396958744e-01,9.410142753190832154e-01
6.040000000000000000e+02,7.592517851483937541e-01,7.690438734603225468e-01,8.268974717858518231e-01,9.103936270919469331e-01,9.415928541696112486e-01
6.050000000000000000e+02,7.605987494909541846e-01,7.703707799348664675e-01,8.280570691175357378e-01,9.111272875690452633e-01,9.420945860360286916e-01
6.060000000000000000e+02,7.625372803372314490e-01,7.722803534043103380e-01,8.297253472550301101e-01,9.121822380983154455e-01,9.428159348880665869e-01
6.070000000000000000e+02,7.643917710189236381e-01,7.741063540196772008e-01,8.313161095937864342e-01,9.131834607198893172e-01,9.434996410451648163e-01
6.080000000000000000e+02,7.657515236504065514e-01,7.754450749759340678e-01,8.324815569387467029e-01,9.139161471445723661e-01,9.439998095924152510e-01
6.090000000000000000e+02,7.669483072917686606e-01,7.766232308668326034e-01,8.335065567311011892e-01,9.145598468202167375e-01,9.444390988112287832e-01
6.100000000000000000e+02,7.685578915013213663e-01,7.782074638159713897e-01,8.348831490482228057e-01,9.154225890622050832e-01,9.450275360433917360e-01
6.110000000000000000e+02,7.700484778991805168e-01,7.796743183765942886e-01,8.361563015356522355e-01,9.162190100463485365e-01,9.455704532931338280e-01
6.120000000000000000e+02,7.716871480928009230e-01,7.812867413127713156e-01,8.375549057764218874e-01,9.170929864800775322e-01,9.461660640213004347e-01
6.130000000000000000e+02,7.731789066550196488e-01,7.827544472069686288e-01,8.388270859866294726e-01,9.178870388280534476e-01,9.467070309303009523e-01
6.140000000000000000e+02,7.750217110283622590e-01,7.845672960476836044e-01,8.403970575862511616e-01,9.188655553261849684e-01,9.473734004256306740e-01
6.150000000000000000e+02,7.764856173790763982e-01,7.860072285152031046e-01,8.416430723518693036e-01,9.196411339180857736e-01,9.479013742630373329e-01
6.160000000000000000e+02,7.783852728492779427e-01,7.878753034358776386e-01,8.432569196124827249e-01,9.206429670911290275e-01,9.485828579834350016e-01
6.170000000000000000e+02,7.796107181863349833e-01,7.890800663101514845e-01,8.442959820104967150e-01,9.212862213935300026e-01,9.490200886635113964e-01
6.180000000000000000e+02,7.823463470953736509e-01,7.917690852276277891e-01,8.466126949377013045e-01,9.227179439049197907e-01,9.499927840222981423e-01
6.190000000000000000e+02,7.835769834319790128e-01,7.929783643329054721e-01,8.476523655550015635e-01,9.233582680286925859e-01,9.504274002970056756e-01
6.200000000000000000e+02,7.851091675241678169e-01,7.944836644324306807e-01,8.489449009042759897e-01,9.241526910276178786e-01,9.509663023031437179e-01
6.210000000000000000e+02,7.863299184394576535e-01,7.956828129899433666e-01,8.499735390508880162e-01,9.247839010274493399e-01,9.513942970871548388e-01
6.220000000000000000e+02,7.877351254605402531e-01,7.970628312479655087e-01,8.511555372158945421e-01,9.255074389413951996e-01,9.518845619716052031e-01
6.230000000000000000e+02,7.892296751654880316e-01,7.985303366523718305e-01,8.524110597765021113e-01,9.262745887679346701e-01,9.524041172481997330e-01
6.240000000000000000e+02,7.904830067638770608e-01,7.997607615517455804e-01,8.534624898452980446e-01,9.269157925868446446e-01,9.528381433937443967e-01
6.250000000000000000e+02,7.917366137561254735e-01,8.009913029254384087e-01,8.545131687438126677e-01,9.275557015295219365e-01,9.532711370445067223e-01
6.260000000000000000e+02,7.930984988031239968e-01,8.023279780635381719e-01,8.556536288614678964e-01,9.282494672176432315e-01,9.537404193641320083e-01
6.270000000000000000e+02,7.943440937800589907e-01,8.035502746391756101e-01,8.566951711472868825e-01,9.288817586627292622e-01,9.541678770812097587e-01
6.280000000000000000e+02,7.957875687499469386e-01,8.049664270630064733e-01,8.579001257828785532e-01,9.296115229064858543e-01,9.546609099131955212e-01
6.290000000000000000e+02,7.969756931402033340e-01,8.061318357268610901e-01,8.588904879261459735e-01,9.302101153714606996e-01,9.550650989378389744e-01
6.300000000000000000e+02,7.983863531814072712e-01,8.075153792315145074e-01,8.600654196440646881e-01,9.309194894960135525e-01,9.555439478999798730e-01
6.310000000000000000e+02,7.999576257249241262e-01,8.090564576074095182e-01,8.613741864493759115e-01,9.317097193061730787e-01,9.560773864584095616e-01
6.320000000000000000e+02,8.016064432921480298e-01,8.106729824049527799e-01,8.627437000834261571e-01,9.325334245185686877e-01,9.566328319754046072e-01
6.330000000000000000e+02,8.032797322891860325e-01,8.123132806816636409e-01,8.641321620656999825e-01,9.333673825594844820e-01,9.571949806812259931e-01
6.340000000000000000e+02,8.047652056417284872e-01,8.137689373725440767e-01,8.653614538185158134e-01,9.341029927693209611e-01,9.576903322641171501e-01
6.350000000000000000e+02,8.058818273245570429e-01,8.148629002204071936e-01,8.662839645631377206e-01,9.346537591710819548e-01,9.580609804359599968e-01
6.360000000000000000e+02,8.070152107429267030e-01,8.159728181177999806e-01,8.672174081425806369e-01,9.352086746988922394e-01,9.584339872031337748e-01
6.370000000000000000e+02,8.083309728284697737e-01,8.172609687752996344e-01,8.682987533964549032e-01,9.358496474742065141e-01,9.588645008160875394e-01
6.380000000000000000e+02,8.095878301139215472e-01,8.184912777308426257e-01,8.693306131540605719e-01,9.364604188008026631e-01,9.592745716276280810e-01
6.390000000000000000e+02,8.107127769872665146e-01,8.195924276950207199e-01,8.702539599085966637e-01,9.370067850268563037e-01,9.596413692150400632e-01
6.400000000000000000e+02,8.120721161476166516e-01,8.209225353956336457e-01,8.713667422764602710e-01,9.376628746786919155e-01,9.600813995730493877e-01
6.410000000000000000e+02,8.134528854797248298e-01,8.222731386799465580e-01,8.724941417730639470e-01,9.383252483816449940e-01,9.605252234456304050e-01
6.420000000000000000e+02,8.148769042524695028e-01,8.236659106229130556e-01,8.736560169195477510e-01,9.390072113894240013e-01,9.609820530862066557e-01
6.430000000000000000e+02,8.161599283806769689e-01,8.249204318791208967e-01,8.747007004770662730e-01,9.396186846260896619e-01,9.613913570051657587e-01
6.440000000000000000e+02,8.174300694606904116e-01,8.261619838864884269e-01,8.757326095183943782e-01,9.402208815754977689e-01,9.617941289970687313e-01
6.450000000000000000e+02,8.186878543233142569e-01,8.273911526271477967e-01,8.767526126001953246e-01,9.408146672326576088e-01,9.621910133754094652e-01
6.460000000000000000e+02,8.204917806205564990e-01,8.291537487649461857e-01,8.782137473116583548e-01,9.416638771672921626e-01,9.627583765406774186e-01
6.470000000000000000e+02,8.221279076150057596e-01,8.307518618017988299e-01,8.795357502319705034e-01,9.424297235215517432e-01,9.632695984998851380e-01
6.480000000000000000e+02,8.239106979828719757e-01,8.324926507673860998e-01,8.809727366504153112e-01,9.432594616744177651e-01,9.638229869231685898e-01
6.490000000000000000e+02,8.252524377436976089e-01,8.338021522945215924e-01,8.820504245662810217e-01,9.438788266240176750e-01,9.642355538962150696e-01
6.500000000000000000e+02,8.264281689623765859e-01,8.349490798092298327e-01,8.829914366282017868e-01,9.444171078099294903e-01,9.645936636799540276e-01
6.510000000000000000e+02,8.280865123186178511e-01,8.365662452724496045e-01,8.843154090118646726e-01,9.451719598006143030e-01,9.650954169943485317e-01
6.520000000000000000e+02,8.291309895788470108e-01,8.375843850077527852e-01,8.851468834184333945e-01,9.456442169764589512e-01,9.654090131378388895e-01
6.530000000000000000e+02,8.307422121319407715e-01,8.391541866807624706e-01,8.864248090541108072e-01,9.463665460408369201e-01,9.658880561278933019e-01
6.540000000000000000e+02,8.320752315815566069e-01,8.404525135094708110e-01,8.874795682920409989e-01,9.469608809960069484e-01,9.662818925179958995e-01
6.550000000000000000e+02,8.334910200965817140e-01,8.418308823854623313e-01,8.885964340015505281e-01,9.475877329382256242e-01,9.666968471215066083e-01
6.560000000000000000e+02,8.347540781270945676e-01,8.430602755382835545e-01,8.895911551923649796e-01,9.481448200718951558e-01,9.670654106796393590e-01
6.570000000000000000e+02,8.362606340731399968e-01,8.445265469059944907e-01,8.907768806374019022e-01,9.488083236648044982e-01,9.675042826335829016e-01
6.580000000000000000e+02,8.374495294633748088e-01,8.456829750272804036e-01,8.917086252047404793e-01,9.493268437107548197e-01,9.678467640171963815e-01
6.590000000000000000e+02,8.393322415912157775e-01,8.475138039302722026e-01,8.931813810597156733e-01,9.501444771947127332e-01,9.683864727676727568e-01
6.600000000000000000e+02,8.407118155887306488e-01,8.488546346383467611e-01,8.942563353478433230e-01,9.507382614210210248e-01,9.687779094456389073e-01
6.610000000000000000e+02,8.420682277442388397e-01,8.501726450205994157e-01,8.953114510255878455e-01,9.513198210037480118e-01,9.691610716009489979e-01
6.620000000000000000e+02,8.434815088678867534e-01,8.515452866298161005e-01,8.964071762561519607e-01,9.519212170695566799e-01,9.695568708094133292e-01
6.630000000000000000e+02,8.449638588938995776e-01,8.529841820486223636e-01,8.975516836993494563e-01,9.525460718162754858e-01,9.699675488416394931e-01
6.640000000000000000e+02,8.465318273913696734e-01,8.545060055032533963e-01,8.987612613051777499e-01,9.532057355321870151e-01,9.704009836511754417e-01
6.650000000000000000e+02,8.481300512214563492e-01,8.560566604430320803e-01,8.999911275853657022e-01,9.538743612947490069e-01,9.708399530803010213e-01
6.660000000000000000e+02,8.494322138654220034e-01,8.573194538096018391e-01,9.009896802409025351e-01,9.544148460067051198e-01,9.711943947528732801e-01
6.670000000000000000e+02,8.506898525454611448e-01,8.585386272758261939e-01,9.019515811346439094e-01,9.549337881485305823e-01,9.715344242382064621e-01
6.680000000000000000e+02,8.519206492367663586e-01,8.597313361345019223e-01,9.028904429942760101e-01,9.554386073447780348e-01,9.718649175880386126e-01
6.690000000000000000e+02,8.531865029702208059e-01,8.609576858930043652e-01,9.038541784374427568e-01,9.559555463653521823e-01,9.722031368296378817e-01
6.700000000000000000e+02,8.545001676209278418e-01,8.622296559870982202e-01,9.048503894770597578e-01,9.564872906349237702e-01,9.725506098162909341e-01
6.710000000000000000e+02,8.556957103207331050e-01,8.633865108823454149e-01,9.057528756662210911e-01,9.569662732023260787e-01,9.728631546648156547e-01
6.720000000000000000e+02,8.570012472831118888e-01,8.646491416945987218e-01,9.067347318971678005e-01,9.574849885877788624e-01,9.732012333937878346e-01
6.730000000000000000e+02,8.585130938338633166e-01,8.661112597886780895e-01,9.078715147629115023e-01,9.580854002253730295e-01,9.735925337157979031e-01
6.740000000000000000e+02,8.597632885750403631e-01,8.673195640489614888e-01,9.088073105803744500e-01,9.585769125653658129e-01,9.739124141103692178e-01
6.750000000000000000e+02,8.619701113473480225e-01,8.694522368040211724e-01,9.104580289726328379e-01,9.594431980188884435e-01,9.744760810648454008e-01
6.760000000000000000e+02,8.630435541954916134e-01,8.704892829211106076e-01,9.112591645901599868e-01,9.598624704019242948e-01,9.747487010196345114e-01
6.770000000000000000e+02,8.646875230510874255e-01,8.720767933383266612e-01,9.124821684816273315e-01,9.605000259543050589e-01,9.751628477954688012e-01
6.780000000000000000e+02,8.658900222209365838e-01,8.732372635727714272e-01,9.133727590561757648e-01,9.609617785806923163e-01,9.754623896006829886e-01
6.790000000000000000e+02,8.674266762552884646e-01,8.747198833892240177e-01,9.145090592907407778e-01,9.615498162673938864e-01,9.758436743438739791e-01
6.800000000000000000e+02,8.690498838189246733e-01,8.762852913868445226e-01,9.157054553457116830e-01,9.621665196083049043e-01,9.762431549973091816e-01
6.810000000000000000e+02,8.705044980982693525e-01,8.776872450656453273e-01,9.167729325376824390e-01,9.627138959744611091e-01,9.765972684651597069e-01
6.820000000000000000e+02,8.718289172916774410e-01,8.789636566105025750e-01,9.177445407664523991e-01,9.632119134544769867e-01,9.769194183428022704e-01
6.830000000000000000e+02,8.740060771713752397e-01,8.810604514841388069e-01,9.193339827127290365e-01,9.640218888402957154e-01,9.774426114061700588e-01
6.840000000000000000e+02,8.754168461470234197e-01,8.824186807860898707e-01,9.203614452034396543e-01,9.645439827537065636e-01,9.777796134984872989e-01
6.850000000000000000e+02,8.767282164426736246e-01,8.836807076243556880e-01,9.213138311601442032e-01,9.650263113078582089e-01,9.780906921629690665e-01
6.860000000000000000e+02,8.777744617531260118e-01,8.846874306521301801e-01,9.220728495858038221e-01,9.654102185873297826e-01,9.783382161402546240e-01
6.870000000000000000e+02,8.797826459076455441e-01,8.866185922989004986e-01,9.235235876748342232e-01,9.661403404620928503e-01,9.788083870952555277e-01
6.880000000000000000e+02,8.821005080624000350e-01,8.888466810067311430e-01,9.251934512134137867e-01,9.669780301190825655e-01,9.793474020663481827e-01
6.890000000000000000e+02,8.834113449209817226e-01,8.901060513077095893e-01,9.261341771259179456e-01,9.674478103968133791e-01,9.796493503833638705e-01
6.900000000000000000e+02,8.850051092939000830e-01,8.916370091748333504e-01,9.272767390405924903e-01,9.680176784809030321e-01,9.800155194185570240e-01
6.910000000000000000e+02,8.868970161671219099e-01,8.934534471682568091e-01,9.286282880594964873e-01,9.686890259984910490e-01,9.804464655143120266e-01
6.920000000000000000e+02,8.891264858718392894e-01,8.955928246657606229e-01,9.302149932300171065e-01,9.694737328674729593e-01,9.809496440335809808e-01
6.930000000000000000e+02,8.907381535402186801e-01,8.971387574023523825e-01,9.313588772092207257e-01,9.700376510895821758e-01,9.813109692312719234e-01
6.940000000000000000e+02,8.935797556500411076e-01,8.998612822045823911e-01,9.333594446575368409e-01,9.710147431056099787e-01,9.819356281849185297e-01
6.950000000000000000e+02,8.949982357133404731e-01,9.012202031081175679e-01,9.343574948173620776e-01,9.715018626296780813e-01,9.822469942809318733e-01
6.960000000000000000e+02,8.965687533176995849e-01,9.027243812236437348e-01,9.354605036874759083e-01,9.720390848583424503e-01,9.825902139526202506e-01
6.970000000000000000e+02,8.982781755726956252e-01,9.043605399273343393e-01,9.366557191715570996e-01,9.726182566590388934e-01,9.829597836952603807e-01
6.980000000000000000e+02,8.999439002544449284e-01,9.059539190561258781e-01,9.378155745975312874e-01,9.731776587247782384e-01,9.833163387912302600e-01
6.990000000000000000e+02,9.017552278401679278e-01,9.076857179283903676e-01,9.390725088270868159e-01,9.737815407339173168e-01,9.837008908939683938e-01
7.000000000000000000e+02,9.031618944442288965e-01,9.090297360064932830e-01,9.400442154262669270e-01,9.742460056251968092e-01,9.839963037224358500e-01
7.010000000000000000e+02,9.047912279538942171e-01,9.105862197308386419e-01,9.411683251224718383e-01,9.747825601347818170e-01,9.843374537407805214e-01
7.020000000000000000e+02,9.066810904926708714e-01,9.123907241333064633e-01,9.424679217778598739e-01,9.754006076885624044e-01,9.847300783090336962e-01
7.030000000000000000e+02,9.084723322289880443e-01,9.141001663469676686e-01,9.436952841477606047e-01,9.759819666066102961e-01,9.850990469989987508e-01
7.040000000000000000e+02,9.121350281390396830e-01,9.175936332892487002e-01,9.461953197305902341e-01,9.771610826065392219e-01,9.858466383819507461e-01
7.050000000000000000e+02,9.142580273471088148e-01,9.196174901566853688e-01,9.476392688900424632e-01,9.778394303262288867e-01,9.862763323768495294e-01
7.060000000000000000e+02,9.168437473084675160e-01,9.220814021269977401e-01,9.493927954413112769e-01,9.786605550937583775e-01,9.867960742879722247e-01
7.070000000000000000e+02,9.186899633427666467e-01,9.238401821373762868e-01,9.506425691410227419e-01,9.792446277270963062e-01,9.871655996890159601e-01
7.080000000000000000e+02,9.205193719769912963e-01,9.255815429961543606e-01,9.518741716582276302e-01,9.798167445504932793e-01,9.875270524155692620e-01
7.090000000000000000e+02,9.223599183104356225e-01,9.273325465483664987e-01,9.531086717371569650e-01,9.803878828035722526e-01,9.878875466912486747e-01
7.100000000000000000e+02,9.243492789483793715e-01,9.292243254730209179e-01,9.544391676867256535e-01,9.810015170653331174e-01,9.882745841126330255e-01
7.110000000000000000e+02,9.259323944110101623e-01,9.307291519027708349e-01,9.554949449403385975e-01,9.814869426266980001e-01,9.885805371510915096e-01
7.120000000000000000e+02,9.279046217931188334e-01,9.326028822517165029e-01,9.568056435274260307e-01,9.820873086518402406e-01,9.889586055887904514e-01
7.130000000000000000e+02,9.296048764226568784e-01,9.342172197833056302e-01,9.579308637773603641e-01,9.826003922049721950e-01,9.892813736776665534e-01
7.140000000000000000e+02,9.314847397460088718e-01,9.360018417063744600e-01,9.591737805294435759e-01,9.831665722096902815e-01,9.896374608697480202e-01
7.150000000000000000e+02,9.333459955766515437e-01,9.377672904001329579e-01,9.603973319772177719e-01,9.837205073606420935e-01,9.899853550649855283e-01
7.160000000000000000e+02,9.349644147748161771e-01,9.393005395786876432e-01,9.614526034084096562e-01,9.841941330851790015e-01,9.902822234873479568e-01
7.170000000000000000e+02,9.367665814594590135e-01,9.410075237309746266e-01,9.626261044765295205e-01,9.847200731707024257e-01,9.906117757468505536e-01
7.180000000000000000e+02,9.385464696044593103e-01,9.426912239059537235e-01,9.637750979288994824e-01,9.852303550599014192e-01,9.909308560003625699e-01
7.190000000000000000e+02,9.400470134218227303e-01,9.441101708445306384e-01,9.647414640029156052e-01,9.856584643817273284e-01,9.911984032283315260e-01
7.200000000000000000e+02,9.417291312032020079e-01,9.456999711385365437e-01,9.658209258145417087e-01,9.861349082158064050e-01,9.914959084615082574e-01
7.210000000000000000e+02,9.443514528202336944e-01,9.481767774597653631e-01,9.674965346263724175e-01,9.868711835925833009e-01,9.919551988481537519e-01
7.220000000000000000e+02,9.463776626980516804e-01,9.500892807322398603e-01,9.687855423206862548e-01,9.874350052626057472e-01,9.923065522933207649e-01
7.230000000000000000e+02,9.481227964105409800e-01,9.517355205806146135e-01,9.698914516461115687e-01,9.879168144690123610e-01,9.926065308385217945e-01
7.240000000000000000e+02,9.500607701884441481e-01,9.535627133559825275e-01,9.711153051506723477e-01,9.884481100887159144e-01,9.929370567384175894e-01
7.250000000000000000e+02,9.517287609395307380e-01,9.551334760139293945e-01,9.721603699571564894e-01,9.888981473170991299e-01,9.932165289153369603e-01
7.260000000000000000e+02,9.535841275580241305e-01,9.568792478707335292e-01,9.733165178340004164e-01,9.893932791716683051e-01,9.935236288344582167e-01
7.270000000000000000e+02,9.556163719682769786e-01,9.587892635028069099e-01,9.745734051661466557e-01,9.899274967827109695e-01,9.938544184685889071e-01
7.280000000000000000e+02,9.574900344566026344e-01,9.605488368935762855e-01,9.757261995141903732e-01,9.904149272819647853e-01,9.941558920968779356e-01
7.290000000000000000e+02,9.593115068168315274e-01,9.622570024733733129e-01,9.768366719280606736e-01,9.908802131716614170e-01,9.944430972171671712e-01
7.300000000000000000e+02,9.615055226968651780e-01,9.643123690933564918e-01,9.781651203104548831e-01,9.914330792025990435e-01,9.947838602333607394e-01
7.310000000000000000e+02,9.638585197204160293e-01,9.665156177630994661e-01,9.795854172482071354e-01,9.920223750549949093e-01,9.951468371727637541e-01
7.320000000000000000e+02,9.660325173081178995e-01,9.685508247075406141e-01,9.808958531250099311e-01,9.925653526748612343e-01,9.954811861732105749e-01
7.330000000000000000e+02,9.676705707549485558e-01,9.700824814190502909e-01,9.818756627619186217e-01,9.929683030782546771e-01,9.957289086030898240e-01
7.340000000000000000e+02,9.699173046804950848e-01,9.721807434244984503e-01,9.832091045960036357e-01,9.935125624963996316e-01,9.960629604350895727e-01
7.350000000000000000e+02,9.716357205835667310e-01,9.737848728769677997e-01,9.842260137698769507e-01,9.939264614047711444e-01,9.963168473791311763e-01
7.360000000000000000e+02,9.729278454247054508e-01,9.749902325471538900e-01,9.849872785899612682e-01,9.942349974196947882e-01,9.965059325267738854e-01
7.370000000000000000e+02,9.743314500572842762e-01,9.762978436315439268e-01,9.858071893281666886e-01,9.945646110085948344e-01,9.967075847775449526e-01
7.380000000000000000e+02,9.761281780845944001e-01,9.779705278738010099e-01,9.868520812730273706e-01,9.949829048743713544e-01,9.969632612476716504e-01
7.390000000000000000e+02,9.790741578706558812e-01,9.807107574920846949e-01,9.885559218252910618e-01,9.956614662227237789e-01,9.973775674471050401e-01
7.400000000000000000e+02,9.806830370679145981e-01,9.822042520963397694e-01,9.894745649386266217e-01,9.960229626318314322e-01,9.975977277754685124e-01
7.410000000000000000e+02,9.826702234346803566e-01,9.840478276430048021e-01,9.906049543804273938e-01,9.964662371610641944e-01,9.978674957455130334e-01
7.420000000000000000e+02,9.842291474221412928e-01,9.854919598458252716e-01,9.914835086300425315e-01,9.968078164437433886e-01,9.980750018004624913e-01
7.430000000000000000e+02,9.864145550557944508e-01,9.875152984758929220e-01,9.927107405359394399e-01,9.972834067753963971e-01,9.983637219350618430e-01
7.440000000000000000e+02,9.880189086349084882e-01,9.889991724871202150e-01,9.936059664683195569e-01,9.976283330204314126e-01,9.985728672217081270e-01
7.450000000000000000e+02,9.901884237944176270e-01,9.910042808521795088e-01,9.948109372485413049e-01,9.980906532206820225e-01,9.988529498129681272e-01
7.460000000000000000e+02,9.920865630363042698e-01,9.927579413544743714e-01,9.958627875497559900e-01,9.984933971433220812e-01,9.990968364010727187e-01
7.470000000000000000e+02,9.937089150158590067e-01,9.942536359297421411e-01,9.967500022273723115e-01,9.988291048445870901e-01,9.992996332408505822e-01
7.480000000000000000e+02,9.957609790031936026e-01,9.961333368774109021e-01,9.978284139467774594e-01,9.992232117667479985e-01,9.995360329272972022e-01
7.490000000000000000e+02,9.976122407702137096e-01,9.978261304687467970e-01,9.987909289876053531e-01,9.995717628970546276e-01,9.997447238748655707e-01
7.500000000000000000e+02,1.000000000000000000e+00,1.000000000000000000e+00,1.000000000000001332e+00,9.999999999999990008e-01,1.000000000000000222e+00
