pc,kappa_0.160681,kappa_1.60681,kappa_16.0681,kappa_160.681,kappa_1606.81
1.000000000000000000e+00,1.220220216624924564e-04,1.492330208062840765e-04,4.323057496694780949e-04,4.748719952117144011e-03,5.325038309821361615e-02
2.000000000000000000e+00,3.725703059186145157e-04,4.552603676233690040e-04,1.307654591118712463e-03,1.334698883110272544e-02,1.126027026091086375e-01
3.000000000000000000e+00,5.793196473647947058e-04,7.074942212112910649e-04,2.020884528056083804e-03,1.971323878063451981e-02,1.444262463289785747e-01
4.000000000000000000e+00,9.758743915261351362e-04,1.190904702914833118e-03,3.377215068754388719e-03,3.109283666879008451e-02,1.920715796784621676e-01
5.000000000000000000e+00,1.237130632322766977e-03,1.509080013126893986e-03,4.261733619721526888e-03,3.800658225784295241e-02,2.162660727799195770e-01
6.000000000000000000e+00,1.633662182906646561e-03,1.991754318909825291e-03,5.596900149739784079e-03,4.806372521063945191e-02,2.485804789795171832e-01
7.000000000000000000e+00,2.006730445832027518e-03,2.445465382220220717e-03,6.841269564481358874e-03,5.687497062518163254e-02,2.733947480311791356e-01
8.000000000000000000e+00,2.561571634011969127e-03,3.119621282171160075e-03,8.674014737760690069e-03,6.907752158069398185e-02,3.038873197107070379e-01
9.000000000000000000e+00,2.984184119588788493e-03,3.632854787463757860e-03,1.006257878328793015e-02,7.802496106718849467e-02,3.249570739625133320e-01
1.000000000000000000e+01,3.446116865301629764e-03,4.193244997743522835e-03,1.156350300790911709e-02,8.707257319510423865e-02,3.439865760801093519e-01
1.100000000000000000e+01,3.847894372297636870e-03,4.680244580433165144e-03,1.285742213900983172e-02,9.448219534450326418e-02,3.583663947890971535e-01
1.200000000000000000e+01,4.201154049466785181e-03,5.108039700085420173e-03,1.398419334750363417e-02,1.005960870191809214e-01,3.693294579209581707e-01
1.300000000000000000e+01,4.657245287515381256e-03,5.659998848507295961e-03,1.542903145298804048e-02,1.081485382625185510e-01,3.821881903560733762e-01
1.400000000000000000e+01,5.251340902266341676e-03,6.378469775880826927e-03,1.729754180693365492e-02,1.175477096236744040e-01,3.973959598648015845e-01
1.500000000000000000e+01,5.913861620264977692e-03,7.178928678831250978e-03,1.936092108599084607e-02,1.274119633383276329e-01,4.123636608760992694e-01
1.600000000000000000e+01,6.454591396101587268e-03,7.831795069824698877e-03,2.103326368776226724e-02,1.351291643103463558e-01,4.235864573705062641e-01
1.700000000000000000e+01,7.068571497538848718e-03,8.572965693048278588e-03,2.292856470214685652e-02,1.437930894664310455e-01,4.360473791529259069e-01
1.800000000000000000e+01,7.705647426855443717e-03,9.341317037231689976e-03,2.487695143044198545e-02,1.523021120241225268e-01,4.476654831111059885e-01
1.900000000000000000e+01,8.366670420292003987e-03,1.013827425176383121e-02,2.689146184563093525e-02,1.609517641383446940e-01,4.592567837592783642e-01
2.000000000000000000e+01,8.959885856020692596e-03,1.085295657609126711e-02,2.868592268037804469e-02,1.683894984762671077e-01,4.688541759710473933e-01
2.100000000000000000e+01,9.561636932965755092e-03,1.157747184940906629e-02,3.049477289904911625e-02,1.756704525112917081e-01,4.779682568361033335e-01
2.200000000000000000e+01,1.015639060206616900e-02,1.229303879237404751e-02,3.226943025936437198e-02,1.825770681409764618e-01,4.863260683650078020e-01
2.300000000000000000e+01,1.104079957978074643e-02,1.335613817224829206e-02,3.488448151559579019e-02,1.923497959488085218e-01,4.976969110112499650e-01
2.400000000000000000e+01,1.173735605194945950e-02,1.419274307896258025e-02,3.692719350759927910e-02,1.997146641738298256e-01,5.059842540699699409e-01
2.500000000000000000e+01,1.248411586196695316e-02,1.508906939984175008e-02,3.910312226019026921e-02,2.073476866043405809e-01,5.143629536075473574e-01
2.600000000000000000e+01,1.325091770418799532e-02,1.600917830555161764e-02,4.133083431452767853e-02,2.150651908811940516e-01,5.227408230627809127e-01
2.700000000000000000e+01,1.392610038906111868e-02,1.681893454538575111e-02,4.328236950748480527e-02,2.216831054243404708e-01,5.297922464202980963e-01
2.800000000000000000e+01,1.471958523478088601e-02,1.777018985591516387e-02,4.556670346430494178e-02,2.293029816816172239e-01,5.377972403214231756e-01
2.900000000000000000e+01,1.568299596819103248e-02,1.892433762337545830e-02,4.832077297402235377e-02,2.382303056234406913e-01,5.469525996046679106e-01
3.000000000000000000e+01,1.649648332261633571e-02,1.989812061309213786e-02,5.062842391018819443e-02,2.454839861571125603e-01,5.542067121593060586e-01
3.100000000000000000e+01,1.727332674322588565e-02,2.082788128055916912e-02,5.282844256821839224e-02,2.523538255520029749e-01,5.610405636312829625e-01
3.200000000000000000e+01,1.817186306419651606e-02,2.190169540724066707e-02,5.533629459933708805e-02,2.597555750189690649e-01,5.680859108746046937e-01
3.300000000000000000e+01,1.888731077859853724e-02,2.275599380602155719e-02,5.731695130741443212e-02,2.654248725761616523e-01,5.733591799446839943e-01
3.400000000000000000e+01,1.972591479998984237e-02,2.375693675329158122e-02,5.962923445946526069e-02,2.719452894375323226e-01,5.793576699501935545e-01
3.500000000000000000e+01,2.047285578482951549e-02,2.464770551810889845e-02,6.167162642252790178e-02,2.775311239896952609e-01,5.843839380222215496e-01
3.600000000000000000e+01,2.136482311769524398e-02,2.571121017751387336e-02,6.410577040714968144e-02,2.841411427347997898e-01,5.903017275331255975e-01
3.700000000000000000e+01,2.225865298558803856e-02,2.677610488143549947e-02,6.652666624053016342e-02,2.905402318870382028e-01,5.959233127813025055e-01
3.800000000000000000e+01,2.307714160536350478e-02,2.775087434558448987e-02,6.873551225360648165e-02,2.963048429703383224e-01,6.009431742287230094e-01
3.900000000000000000e+01,2.372739438053284716e-02,2.852500917818151863e-02,7.048432304057056230e-02,3.008142652150022078e-01,6.048378888279064558e-01
4.000000000000000000e+01,2.445662910921927655e-02,2.939291749803306028e-02,7.244000185220333954e-02,3.058076633621840124e-01,6.091219635180961101e-01
4.100000000000000000e+01,2.530474398720676879e-02,3.040152973141346804e-02,7.469761940824151680e-02,3.114262543308240483e-01,6.138608668329690321e-01
4.200000000000000000e+01,2.636470763098017200e-02,3.166145562297052046e-02,7.750579026534544502e-02,3.183032946750682379e-01,6.196002957635887709e-01
4.300000000000000000e+01,2.724432584042947234e-02,3.270605815019542867e-02,7.981591884416125438e-02,3.237979757919941526e-01,6.241008374474054099e-01
4.400000000000000000e+01,2.826731718669842075e-02,3.392070968885400883e-02,8.249804755121310784e-02,3.301419126391124670e-01,6.292786129281441321e-01
4.500000000000000000e+01,2.909431166657876211e-02,3.490218676355347216e-02,8.465672436158415415e-02,3.351740601395329366e-01,6.333483828076240663e-01
4.600000000000000000e+01,2.997752436429640746e-02,3.594986886003558035e-02,8.695142436858843693e-02,3.404428166930170141e-01,6.375695898452922172e-01
4.700000000000000000e+01,3.114101339352614434e-02,3.732943263709558729e-02,8.996216491020711525e-02,3.472664853811978647e-01,6.429931623490652282e-01
4.800000000000000000e+01,3.206089991278978507e-02,3.841934228230480669e-02,9.232585940168226701e-02,3.525050088322382869e-01,6.471007721812088720e-01
4.900000000000000000e+01,3.298731728106762962e-02,3.951658504164318186e-02,9.469807276965142018e-02,3.577051385747653245e-01,6.511516904832089780e-01
5.000000000000000000e+01,3.409827392718981637e-02,4.083056911122447119e-02,9.750596922693421931e-02,3.636166859756085334e-01,6.556492453233893070e-01
5.100000000000000000e+01,3.513283220783636196e-02,4.205374962817811507e-02,1.001119204900671328e-01,3.690467004221320568e-01,6.597560472062911074e-01
5.200000000000000000e+01,3.620188738018694646e-02,4.331692982733009734e-02,1.027891563681978399e-01,3.745282359747869605e-01,6.638607594631789066e-01
5.300000000000000000e+01,3.730326766726984461e-02,4.461801459234721046e-02,1.055416140823717958e-01,3.801288065854273035e-01,6.680399581111040597e-01
5.400000000000000000e+01,3.821047158015031947e-02,4.568927716715000253e-02,1.078002077469726039e-01,3.846728045390961359e-01,6.714093936584474287e-01
5.500000000000000000e+01,3.919674435198949175e-02,4.685332585575975595e-02,1.102442846295227652e-01,3.895230780495780865e-01,6.749788064535837684e-01
5.600000000000000000e+01,4.038689238950705918e-02,4.825763095310497269e-02,1.131864350238535599e-01,3.953203943479460247e-01,6.792285576773767763e-01
5.700000000000000000e+01,4.118560310049199091e-02,4.919902315806979481e-02,1.151408592045409379e-01,3.990592780605981549e-01,6.819259045934832342e-01
5.800000000000000000e+01,4.201386755851874849e-02,5.017466436678510999e-02,1.171564477385803049e-01,4.028549769420561866e-01,6.846414423395177362e-01
5.900000000000000000e+01,4.282757452505025347e-02,5.113276169193435583e-02,1.191290955498787857e-01,4.065301075785177076e-01,6.872559040842258771e-01
6.000000000000000000e+01,4.385099110733313432e-02,5.233741836038788980e-02,1.216032850083529210e-01,4.111039724301922549e-01,6.904965474950269799e-01
6.100000000000000000e+01,4.477713054142919147e-02,5.342707848528153308e-02,1.238330437732432232e-01,4.151786111176599681e-01,6.933662360508052735e-01
6.200000000000000000e+01,4.567390402145285466e-02,5.448165441344127863e-02,1.259821324320008484e-01,4.190558644850044812e-01,6.960790059782053785e-01
6.300000000000000000e+01,4.681762674372626915e-02,5.582618010773148648e-02,1.287145776869010605e-01,4.239439414396676820e-01,6.994842628307708088e-01
6.400000000000000000e+01,4.775361675467709038e-02,5.692581083323264290e-02,1.309379641400819638e-01,4.278597895541165208e-01,7.021908129857167280e-01
6.500000000000000000e+01,4.873731565124711507e-02,5.808085403355445209e-02,1.332629803680183411e-01,4.318995595603552506e-01,7.049641956384470332e-01
6.600000000000000000e+01,4.997417342380493926e-02,5.953252515558850322e-02,1.361749073299831914e-01,4.369062976375532314e-01,7.083836170673997179e-01
6.700000000000000000e+01,5.091642529921892868e-02,6.063775405043823202e-02,1.383810948203397784e-01,4.406447356809220506e-01,7.109186600943731005e-01
6.800000000000000000e+01,5.181782906518001691e-02,6.169454023636408713e-02,1.404821080572798975e-01,4.441628460018283153e-01,7.132905550803281258e-01
6.900000000000000000e+01,5.272197409330358492e-02,6.275429862653009172e-02,1.425851786640632834e-01,4.476655199214478187e-01,7.156459252767602974e-01
7.000000000000000000e+01,5.368501116422225161e-02,6.388248857938134961e-02,1.448145875124693949e-01,4.513329602962584675e-01,7.180975121036552444e-01
7.100000000000000000e+01,5.486572863187549193e-02,6.526494871233352868e-02,1.475347860895748764e-01,4.557526118160358797e-01,7.210345806167597349e-01
7.200000000000000000e+01,5.591753470672625181e-02,6.649591510568039765e-02,1.499481892366164859e-01,4.596334088116343364e-01,7.236010089801402367e-01
7.300000000000000000e+01,5.688346056139711310e-02,6.762580900461752365e-02,1.521546532035212562e-01,4.631414704237091784e-01,7.259086918893129514e-01
7.400000000000000000e+01,5.782538909779764286e-02,6.872712253799076465e-02,1.542974196353983085e-01,4.665129959639311430e-01,7.281158865259543811e-01
7.500000000000000000e+01,5.882257000035692046e-02,6.989222420483870435e-02,1.565517940703923805e-01,4.700054807789003641e-01,7.303860245907212168e-01
7.600000000000000000e+01,5.983885880823207326e-02,7.107896802397783986e-02,1.588376243419969691e-01,4.735021884339601916e-01,7.326458786595178019e-01
7.700000000000000000e+01,6.093142177421667638e-02,7.235425314179957934e-02,1.612860289077051867e-01,4.772141455666951693e-01,7.350351600702436095e-01
7.800000000000000000e+01,6.197279901351355341e-02,7.356929071228929251e-02,1.636112042963525082e-01,4.807080173656141930e-01,7.372751087156533822e-01
7.900000000000000000e+01,6.317363006392764935e-02,7.496987068787895614e-02,1.662839126571365178e-01,4.846933794425112296e-01,7.398214322633718254e-01
8.000000000000000000e+01,6.439039631662987762e-02,7.638861622164093423e-02,1.689850030272914694e-01,4.886957323696647371e-01,7.423714727121974999e-01
8.100000000000000000e+01,6.551473134573751467e-02,7.769875183131121077e-02,1.714669013765084682e-01,4.923241404516379149e-01,7.446696130775848355e-01
8.200000000000000000e+01,6.661484443792708987e-02,7.898027304085328271e-02,1.738888345583670114e-01,4.958424289923811235e-01,7.468918222751944613e-01
8.300000000000000000e+01,6.764824795004070745e-02,8.018372815333735248e-02,1.761579880196292303e-01,4.991185468174040296e-01,7.489555398336760206e-01
8.400000000000000000e+01,6.867160044272357933e-02,8.137455422608003142e-02,1.783898155817399966e-01,5.022896957517989369e-01,7.509394099602433315e-01
8.500000000000000000e+01,6.974536482273259452e-02,8.262364938142707782e-02,1.807251425102718856e-01,5.055866964367254912e-01,7.529963601064647571e-01
8.600000000000000000e+01,7.079707802344076262e-02,8.384618695518397669e-02,1.829977427310304217e-01,5.087475080223864410e-01,7.549558550284081182e-01
8.700000000000000000e+01,7.182266263201396439e-02,8.503770906433594234e-02,1.852034777283735612e-01,5.117824645039280584e-01,7.568288202313829816e-01
8.800000000000000000e+01,7.295353112569447074e-02,8.635099381352269454e-02,1.876267002995386513e-01,5.150888636136424781e-01,7.588621696339532541e-01
8.900000000000000000e+01,7.404079925391765515e-02,8.761321138101707540e-02,1.899495454854898957e-01,5.182369722749857743e-01,7.607927463930328482e-01
9.000000000000000000e+01,7.507193554834395988e-02,8.880984209785432182e-02,1.921457200962665979e-01,5.211929353037237922e-01,7.626003202074134180e-01
9.100000000000000000e+01,7.612416163166442484e-02,9.003021360811197527e-02,1.943751661810374509e-01,5.241589562152368931e-01,7.644053864178218527e-01
9.200000000000000000e+01,7.718817292511678807e-02,9.126358827551525610e-02,1.966190922741501979e-01,5.271135434662004293e-01,7.661959284877360998e-01
9.300000000000000000e+01,7.841545607706443266e-02,9.268592833748723336e-02,1.992027133258809368e-01,5.305019949462361772e-01,7.682461111003802134e-01
9.400000000000000000e+01,7.948741103257839224e-02,9.392778299269090303e-02,2.014519856539208342e-01,5.334308625230492762e-01,7.700130913019719303e-01
9.500000000000000000e+01,8.045280458557606262e-02,9.504552985715701563e-02,2.034674388132073630e-01,5.360264628376173457e-01,7.715720851733727237e-01
9.600000000000000000e+01,8.157890558532727987e-02,9.634858757576354737e-02,2.058066749097597070e-01,5.390066259334544974e-01,7.733543539413127998e-01
9.700000000000000000e+01,8.253589643165823442e-02,9.745589093896213362e-02,2.077935416493724707e-01,5.415349153762568646e-01,7.748656804721357760e-01
9.800000000000000000e+01,8.351415148321077175e-02,9.858672954484219708e-02,2.098081881343399624e-01,5.440545463386904368e-01,7.763615790427297325e-01
9.900000000000000000e+01,8.467140184373944667e-02,9.992400166474663115e-02,2.121841569037293262e-01,5.470067781559815323e-01,7.781098519482956277e-01
1.000000000000000000e+02,8.589234493341418863e-02,1.013347850664973460e-01,2.146895372849296213e-01,5.501162454225277942e-01,7.799504149695404287e-01
1.010000000000000000e+02,8.692479147220923130e-02,1.025271017288434672e-01,2.167981258402484901e-01,5.527073037262510979e-01,7.814781927705717335e-01
1.020000000000000000e+02,8.810080913442926154e-02,1.038848593155307920e-01,2.191944938880439064e-01,5.556380343665298094e-01,7.832030820534263693e-01
1.030000000000000000e+02,8.912028971098241714e-02,1.050618061472988335e-01,2.212706455555362994e-01,5.581739735650776968e-01,7.846948963784041720e-01
1.040000000000000000e+02,9.011629971629861457e-02,1.062110090417998087e-01,2.232893036265485298e-01,5.606152103967506628e-01,7.861255039089198871e-01
1.050000000000000000e+02,9.113676071273922596e-02,1.073881442017888405e-01,2.253533559704335720e-01,5.631009531248043487e-01,7.875798702266868512e-01
1.060000000000000000e+02,9.231196908557945391e-02,1.087431594036965127e-01,2.277211227449014441e-01,5.659295369355105132e-01,7.892297471757172556e-01
1.070000000000000000e+02,9.342780934019598305e-02,1.100291383743367407e-01,2.299606463775698273e-01,5.685839120515079337e-01,7.907733942344689071e-01
1.080000000000000000e+02,9.455666552373578893e-02,1.113298054333716480e-01,2.322216999938900017e-01,5.712527315841610109e-01,7.923230190143817353e-01
1.090000000000000000e+02,9.565286722842554490e-02,1.125923272463324187e-01,2.344097198502624047e-01,5.738171483423329944e-01,7.938080719961305709e-01
1.100000000000000000e+02,9.683110158039968940e-02,1.139485474905336942e-01,2.367501068772090156e-01,5.765334334068217270e-01,7.953753317713515569e-01
1.110000000000000000e+02,9.798748772217323599e-02,1.152793883934435104e-01,2.390437489594470499e-01,5.791876774025944696e-01,7.969051264880188112e-01
1.120000000000000000e+02,9.910033295545973842e-02,1.165597329443242847e-01,2.412454336228868901e-01,5.817225822200731145e-01,7.983633854553709996e-01
1.130000000000000000e+02,1.001257260377403646e-01,1.177392357328901074e-01,2.432708281257611738e-01,5.840470091856928558e-01,7.996989686494391236e-01
1.140000000000000000e+02,1.015407327345569516e-01,1.193655882179417149e-01,2.460468584864446140e-01,5.871901844109290725e-01,8.014960497369267856e-01
1.150000000000000000e+02,1.027051955071191236e-01,1.207033130171360075e-01,2.483219225475449821e-01,5.897452323414378306e-01,8.029525350983933718e-01
1.160000000000000000e+02,1.038327760708133429e-01,1.219982402327923626e-01,2.505188642784967334e-01,5.921992598166321287e-01,8.043486928504313127e-01
1.170000000000000000e+02,1.048923889681715321e-01,1.232144991739475004e-01,2.525747217862160388e-01,5.944769646975759381e-01,8.056407034799735190e-01
1.180000000000000000e+02,1.060683891144128532e-01,1.245632424179554248e-01,2.548408549349880925e-01,5.969546938837044792e-01,8.070395261766912798e-01
1.190000000000000000e+02,1.071580046094711552e-01,1.258127756529656416e-01,2.569386262243311125e-01,5.992443534000390093e-01,8.083313692562844599e-01
1.200000000000000000e+02,1.082931189406118183e-01,1.271138353230530649e-01,2.591149609575279511e-01,6.016009982077303864e-01,8.096572560007063712e-01
1.210000000000000000e+02,1.093922790581092763e-01,1.283732735330591346e-01,2.612166759310691755e-01,6.038651570844069116e-01,8.109287862129634927e-01
1.220000000000000000e+02,1.105643045452240486e-01,1.297157125713807591e-01,2.634509693976859745e-01,6.062584081034897432e-01,8.122700995370530919e-01
1.230000000000000000e+02,1.117275549410585989e-01,1.310471548944586451e-01,2.656555777178932209e-01,6.085939171421788085e-01,8.135739816553564374e-01
1.240000000000000000e+02,1.129537464117996992e-01,1.324502607519338071e-01,2.679743207958830142e-01,6.110401402723361075e-01,8.149376900883854580e-01
1.250000000000000000e+02,1.140371991405448593e-01,1.336894916232871100e-01,2.700157857935928662e-01,6.131794277380822056e-01,8.161275046885712037e-01
1.260000000000000000e+02,1.150568855233079363e-01,1.348554268824105618e-01,2.719322201400781180e-01,6.151782230926925443e-01,8.172373603975747747e-01
1.270000000000000000e+02,1.159959590063168039e-01,1.359283633456915275e-01,2.736860718706424778e-01,6.169863060987655912e-01,8.182373030699856553e-01
1.280000000000000000e+02,1.172573771455447111e-01,1.373690966796775048e-01,2.760353021117940564e-01,6.193956578755297482e-01,8.195674051302864749e-01
1.290000000000000000e+02,1.182647143820509256e-01,1.385193941675729457e-01,2.779081895456286255e-01,6.213105825949835070e-01,8.206234442133071294e-01
1.300000000000000000e+02,1.194622182489499251e-01,1.398863909921006510e-01,2.801285921949306923e-01,6.235695852749377766e-01,8.218671279214542214e-01
1.310000000000000000e+02,1.204355642895248713e-01,1.409972503047738079e-01,2.819300162518932340e-01,6.253961537416806715e-01,8.228715837135254230e-01
1.320000000000000000e+02,1.215438215157476770e-01,1.422615340126668071e-01,2.839739104089882282e-01,6.274553928720714158e-01,8.240015408130998420e-01
1.330000000000000000e+02,1.227702942882149678e-01,1.436601072596238593e-01,2.862283468245536699e-01,6.297132464920607298e-01,8.252379899468557101e-01
1.340000000000000000e+02,1.238352645184013778e-01,1.448743218076772865e-01,2.881833785091596489e-01,6.316666820320716580e-01,8.263068937823655480e-01
1.350000000000000000e+02,1.249960078189646245e-01,1.461966534635692205e-01,2.903001863805077520e-01,6.337569334913312202e-01,8.274461449988511630e-01
1.360000000000000000e+02,1.261432808335798683e-01,1.475034461408029907e-01,2.923899208448772491e-01,6.358160588271900560e-01,8.285676341001966261e-01
1.370000000000000000e+02,1.276977931916830622e-01,1.492731151666308043e-01,2.952086925012263885e-01,6.385714666826353136e-01,8.300643728757511886e-01
1.380000000000000000e+02,1.288485547571191214e-01,1.505826172927622886e-01,2.972884904214764812e-01,6.405927656384204916e-01,8.311602399164681465e-01
1.390000000000000000e+02,1.299697374906334246e-01,1.518582587492207925e-01,2.993122471031894327e-01,6.425552036550121748e-01,8.322234094910624380e-01
1.400000000000000000e+02,1.310693914382118630e-01,1.531087953669303670e-01,3.012893544297717829e-01,6.444592724209565748e-01,8.332526264429936935e-01
1.410000000000000000e+02,1.322588877956039632e-01,1.544612903906049106e-01,3.034253054376768177e-01,6.465118166216163864e-01,8.343613028065209880e-01
1.420000000000000000e+02,1.333447707239565350e-01,1.556957335475965820e-01,3.053721509009347246e-01,6.483775561858960979e-01,8.353681794406311312e-01
1.430000000000000000e+02,1.346382831113692446e-01,1.571654792952590085e-01,3.076819770779785079e-01,6.505758495880804571e-01,8.365518399843143715e-01
1.440000000000000000e+02,1.358104678569039825e-01,1.584969924087458459e-01,3.097704252412050718e-01,6.525557262727492702e-01,8.376165449248533790e-01
1.450000000000000000e+02,1.368936650266786015e-01,1.597269594185610764e-01,3.116945132555474784e-01,6.543703555901313473e-01,8.385907465383147796e-01
1.460000000000000000e+02,1.380126997079985374e-01,1.609974299195690850e-01,3.136798816473167495e-01,6.562389426052067654e-01,8.395932503668767088e-01
1.470000000000000000e+02,1.391487990614543591e-01,1.622865288417793539e-01,3.156862249337714643e-01,6.581124235772377595e-01,8.405958243947669883e-01
1.480000000000000000e+02,1.402077391242678994e-01,1.634877184301106456e-01,3.175518483972866179e-01,6.598474563952244631e-01,8.415231012135508948e-01
1.490000000000000000e+02,1.413675074997479408e-01,1.648025499732560517e-01,3.195860748729192902e-01,6.617251675187889592e-01,8.425242281576242886e-01
1.500000000000000000e+02,1.426758865993240089e-01,1.662854849810569691e-01,3.218763253615758990e-01,6.638320154816611529e-01,8.436463032138222795e-01
1.510000000000000000e+02,1.438944105575753196e-01,1.676656210224410359e-01,3.239975797419752945e-01,6.657654893270527063e-01,8.446730312885019076e-01
1.520000000000000000e+02,1.450008366767293055e-01,1.689182701483907256e-01,3.259173371737167368e-01,6.675057033879485680e-01,8.455955280273098618e-01
1.530000000000000000e+02,1.461910026407885199e-01,1.702650325652430296e-01,3.279739868345002418e-01,6.693574503617147897e-01,8.465750633872742847e-01
1.540000000000000000e+02,1.473126090211548389e-01,1.715336383159898614e-01,3.299052128432166664e-01,6.710860012999568802e-01,8.474877348955790479e-01
1.550000000000000000e+02,1.484112510540752661e-01,1.727760712841079627e-01,3.317945094200916989e-01,6.727735156360694635e-01,8.483781610494446346e-01
1.560000000000000000e+02,1.495809086312507030e-01,1.740983463618105964e-01,3.338003181331045677e-01,6.745569144238746651e-01,8.493178383118136221e-01
1.570000000000000000e+02,1.507909427416793957e-01,1.754659742748646278e-01,3.358718761277612597e-01,6.763937106611808137e-01,8.502848225144453709e-01
1.580000000000000000e+02,1.519831362095420690e-01,1.768129235332845384e-01,3.379067602045702778e-01,6.781891675970505018e-01,8.512286067819394564e-01
1.590000000000000000e+02,1.531837682593751582e-01,1.781690446935956240e-01,3.399517470543400033e-01,6.799873943886441952e-01,8.521728495553073657e-01
1.600000000000000000e+02,1.543909477579578360e-01,1.795323348050935630e-01,3.420052024340152763e-01,6.817892515514117902e-01,8.531183803213414629e-01
1.610000000000000000e+02,1.554627718448916007e-01,1.807420833036866847e-01,3.438203583430501920e-01,6.833706644814931952e-01,8.539464073558163948e-01
1.620000000000000000e+02,1.565611071018256362e-01,1.819815071397745954e-01,3.456775025978134352e-01,6.849845927257385281e-01,8.547908067232062868e-01
1.630000000000000000e+02,1.576860519135343253e-01,1.832502820875570038e-01,3.475717126435297621e-01,6.866197575832948541e-01,8.556445667471491712e-01
1.640000000000000000e+02,1.589392628911590055e-01,1.846634539587795332e-01,3.496787633199884282e-01,6.884343424485311891e-01,8.565913200291794816e-01
1.650000000000000000e+02,1.601652001498428679e-01,1.860451035785403995e-01,3.517310355081151862e-01,6.901896044057116431e-01,8.575052016427590074e-01
1.660000000000000000e+02,1.614197719118903307e-01,1.874582897162753725e-01,3.538227428585381529e-01,6.919671588823429476e-01,8.584288933880475092e-01
1.670000000000000000e+02,1.625315253130519833e-01,1.887100709367155182e-01,3.556702318187459078e-01,6.935290480644039635e-01,8.592392460801382414e-01
1.680000000000000000e+02,1.636181994839105425e-01,1.899331604682702457e-01,3.574708441003676129e-01,6.950444409836732396e-01,8.600244063908648595e-01
1.690000000000000000e+02,1.648314368749618508e-01,1.912985368173352185e-01,3.594792900432833282e-01,6.967322743267971852e-01,8.608985277904196431e-01
1.700000000000000000e+02,1.660177252571169437e-01,1.926329824421191828e-01,3.614362559646226991e-01,6.983678871992736736e-01,8.617442191606385915e-01
1.710000000000000000e+02,1.671049177988947199e-01,1.938558312207480927e-01,3.632283292432932909e-01,6.998638424725851515e-01,8.625174162324481530e-01
1.720000000000000000e+02,1.682976525341972895e-01,1.951965728337299866e-01,3.651850998107283308e-01,7.014853585775127076e-01,8.633536818513646294e-01
1.730000000000000000e+02,1.692989733633277205e-01,1.963215214195800362e-01,3.668207859094531620e-01,7.028318433108369234e-01,8.640467398800520948e-01
1.740000000000000000e+02,1.704712639859188028e-01,1.976383907711461996e-01,3.687339854198513067e-01,7.044045395879808824e-01,8.648558924179312601e-01
1.750000000000000000e+02,1.717341298207467892e-01,1.990562670136442613e-01,3.707867381344679969e-01,7.060816023898960347e-01,8.657171752604867487e-01
1.760000000000000000e+02,1.729627627100097931e-01,2.004353077505204583e-01,3.727793823239456406e-01,7.077040130367001636e-01,8.665495541235971322e-01
1.770000000000000000e+02,1.741028593003039748e-01,2.017147705274367209e-01,3.746261766051404707e-01,7.092048796992005411e-01,8.673191541155557127e-01
1.780000000000000000e+02,1.752707277365156135e-01,2.030243711363159398e-01,3.765065738014422569e-01,7.107191507988188661e-01,8.680935517866288365e-01
1.790000000000000000e+02,1.763157769692399457e-01,2.041957497177898373e-01,3.781837471227231795e-01,7.120631603465300552e-01,8.687798958635400970e-01
1.800000000000000000e+02,1.775330752281863711e-01,2.055598520846264599e-01,3.801335518584296191e-01,7.136210773935275364e-01,8.695747989774673670e-01
1.810000000000000000e+02,1.785931693594265401e-01,2.067473358849765963e-01,3.818265746065511723e-01,7.149678904473391050e-01,8.702611139065982160e-01
1.820000000000000000e+02,1.796259709458492004e-01,2.079034005566001431e-01,3.834668087701665340e-01,7.162618924667712994e-01,8.709189330116687833e-01
1.830000000000000000e+02,1.806913738706122097e-01,2.090955584860701433e-01,3.851545065094026943e-01,7.175883181484312701e-01,8.715925021913359938e-01
1.840000000000000000e+02,1.818776752335528324e-01,2.104226981718786971e-01,3.870304810012547003e-01,7.190589679210329654e-01,8.723387634620042297e-01
1.850000000000000000e+02,1.828710947756479188e-01,2.115337584088993195e-01,3.885982290235800440e-01,7.202842886751861240e-01,8.729599988560922119e-01
1.860000000000000000e+02,1.840256955704821507e-01,2.128247986229454547e-01,3.904172500974446014e-01,7.217024542082284277e-01,8.736784926046393673e-01
1.870000000000000000e+02,1.852381409524053169e-01,2.141796910042378099e-01,3.923185603080737160e-01,7.231747386775522202e-01,8.744229603798654438e-01
1.880000000000000000e+02,1.862503171532010893e-01,2.153102804753641020e-01,3.939004546255260308e-01,7.243936588552190026e-01,8.750384501317922670e-01
1.890000000000000000e+02,1.873704633253248097e-01,2.165610959799341984e-01,3.956471195749863834e-01,7.257351109645988618e-01,8.757151789361702354e-01
1.900000000000000000e+02,1.885405686288548210e-01,2.178672583052259915e-01,3.974670412593598878e-01,7.271276760501618197e-01,8.764169599094622232e-01
1.910000000000000000e+02,1.897645533380390159e-01,2.192332993517731865e-01,3.993679682954345833e-01,7.285791407984703039e-01,8.771479850474654949e-01
1.920000000000000000e+02,1.908757026311588556e-01,2.204730200741082669e-01,4.010895690093852495e-01,7.298891983153061869e-01,8.778071561361990849e-01
1.930000000000000000e+02,1.920284261085302147e-01,2.217588339254867313e-01,4.028725308345949552e-01,7.312426165562564417e-01,8.784876737444029526e-01
1.940000000000000000e+02,1.932176128102993939e-01,2.230848317571116346e-01,4.047067845560180510e-01,7.326294322182457242e-01,8.791842043406001839e-01
1.950000000000000000e+02,1.943472249162287724e-01,2.243441424317946797e-01,4.064464540967225314e-01,7.339418303023237389e-01,8.798429502355535892e-01
1.960000000000000000e+02,1.955846629061597231e-01,2.257233777873826619e-01,4.083492577880001861e-01,7.353741545052061568e-01,8.805614513406535560e-01
1.970000000000000000e+02,1.968450464368684538e-01,2.271279439791685506e-01,4.102848140789274178e-01,7.368284240948661523e-01,8.812905817032613554e-01
1.980000000000000000e+02,1.983259836154894484e-01,2.287775532175259918e-01,4.125514104514865776e-01,7.385232763357915120e-01,8.821391986515879635e-01
1.990000000000000000e+02,1.994659847843842926e-01,2.300464378004632993e-01,4.142863566448204415e-01,7.398102606347777277e-01,8.827821666402426715e-01
2.000000000000000000e+02,2.007993574779300405e-01,2.315301632649583718e-01,4.163115783498457789e-01,7.413083958759513203e-01,8.835300477899964422e-01
2.010000000000000000e+02,2.020137552338892584e-01,2.328812763228845784e-01,4.181538295860720011e-01,7.426688351207979544e-01,8.842088667486064368e-01
2.020000000000000000e+02,2.030740379636123416e-01,2.340605784775911247e-01,4.197587654194218088e-01,7.438503925415339557e-01,8.847979298070464127e-01
2.030000000000000000e+02,2.041552027715597128e-01,2.352623817280973806e-01,4.213879584625004893e-01,7.450422992226866103e-01,8.853911266863569995e-01
2.040000000000000000e+02,2.054255569619192756e-01,2.366738106204366865e-01,4.232954415449112218e-01,7.464309274707809916e-01,8.860812945829444898e-01
2.050000000000000000e+02,2.065303475275445111e-01,2.379006040979737835e-01,4.249474428738399534e-01,7.476266790080386970e-01,8.866746680806504299e-01
2.060000000000000000e+02,2.077250266779935850e-01,2.392262535148242109e-01,4.267242886436605209e-01,7.489033416463399817e-01,8.873069221396133743e-01
2.070000000000000000e+02,2.089181868619550131e-01,2.405501413148693202e-01,4.284981187632345145e-01,7.501770936614067242e-01,8.879376348060241675e-01
2.080000000000000000e+02,2.101922135462969410e-01,2.419629985077476619e-01,4.303846676789208625e-01,7.515244634267150836e-01,8.886038213206847169e-01
2.090000000000000000e+02,2.113337994437629042e-01,2.432288732516945384e-01,4.320740185473461170e-01,7.527299421947584168e-01,8.891997113934182462e-01
2.100000000000000000e+02,2.124817093364171072e-01,2.445013821701216283e-01,4.337689970825334140e-01,7.539358262752142714e-01,8.897953208916422607e-01
2.110000000000000000e+02,2.137948108279682236e-01,2.459568757269546824e-01,4.357065399872936950e-01,7.553129751484368715e-01,8.904753474980571237e-01
2.120000000000000000e+02,2.151753849492513415e-01,2.474864474939150183e-01,4.377366615483452850e-01,7.567492349824656017e-01,8.911836759558460219e-01
2.130000000000000000e+02,2.163533762662983861e-01,2.487911533700104261e-01,4.394647850019547386e-01,7.579679333891715665e-01,8.917841923141304195e-01
2.140000000000000000e+02,2.175931797778563048e-01,2.501634708097751347e-01,4.412753156679322109e-01,7.592369481441085810e-01,8.924084774410153686e-01
2.150000000000000000e+02,2.186740223404007033e-01,2.513592546464082922e-01,4.428480694693179287e-01,7.603340372115656720e-01,8.929474955969233241e-01
2.160000000000000000e+02,2.199691358928300977e-01,2.527911805595350891e-01,4.447237956088944122e-01,7.616343244511172283e-01,8.935852889828374002e-01
2.170000000000000000e+02,2.212311489008752519e-01,2.541859028963118772e-01,4.465457707205831017e-01,7.628920321600685117e-01,8.942015076462302980e-01
2.180000000000000000e+02,2.222340451910027048e-01,2.552939488654021871e-01,4.479906801149437512e-01,7.638867429522672170e-01,8.946885196769320814e-01
2.190000000000000000e+02,2.233989518981335520e-01,2.565805413703126647e-01,4.496647184891273130e-01,7.650353162550203034e-01,8.952503634083319728e-01
2.200000000000000000e+02,2.245190572597858536e-01,2.578172261626775486e-01,4.512703273811353166e-01,7.661333020617385747e-01,8.957869938658145070e-01
2.210000000000000000e+02,2.255985510330687782e-01,2.590088866227758246e-01,4.528159612772933995e-01,7.671886981647981774e-01,8.963026066439641060e-01
2.220000000000000000e+02,2.267783239429736475e-01,2.603108532647978590e-01,4.545014664706618079e-01,7.683362958948494192e-01,8.968628411441480486e-01
2.230000000000000000e+02,2.279540613702252250e-01,2.616072762183212497e-01,4.561709606496494041e-01,7.694639725405578723e-01,8.974122041371779268e-01
2.240000000000000000e+02,2.291937101722851255e-01,2.629736021118942446e-01,4.579258929473576378e-01,7.706447266946825359e-01,8.979868376816025899e-01
2.250000000000000000e+02,2.304836924590325797e-01,2.643949456039672019e-01,4.597478042315882862e-01,7.718668400301658128e-01,8.985811311432383430e-01
2.260000000000000000e+02,2.316200155165940855e-01,2.656465154306671961e-01,4.613483604080704792e-01,7.729367396951247748e-01,8.991009355883060605e-01
2.270000000000000000e+02,2.326697468341714925e-01,2.668023096808908590e-01,4.628232342547278777e-01,7.739194480348757788e-01,8.995779794474061397e-01
2.280000000000000000e+02,2.337944589711736798e-01,2.680404382454217305e-01,4.644014042244803409e-01,7.749692337384845864e-01,9.000873658553570911e-01
2.290000000000000000e+02,2.349022609005321782e-01,2.692597566738226256e-01,4.659540528619514066e-01,7.760005189259914227e-01,9.005875843886849141e-01
2.300000000000000000e+02,2.360307521688288224e-01,2.705014299433861069e-01,4.675318650734364700e-01,7.770452762996544749e-01,9.010939326157790807e-01
2.310000000000000000e+02,2.371022626427786717e-01,2.716798815218272600e-01,4.690251927727751569e-01,7.780300485359852303e-01,9.015707055081159105e-01
2.320000000000000000e+02,2.382989781356412706e-01,2.729955608775507803e-01,4.706886979039687224e-01,7.791234443159170686e-01,9.020996213051750701e-01
2.330000000000000000e+02,2.396402483360162705e-01,2.744696004935047728e-01,4.725480116977650025e-01,7.803412909939834163e-01,9.026882127035729120e-01
2.340000000000000000e+02,2.408572440698816264e-01,2.758065082616503738e-01,4.742300190406776861e-01,7.814388614094811558e-01,9.032181634389604419e-01
2.350000000000000000e+02,2.418813125738945302e-01,2.769308536197094828e-01,4.756397395746707613e-01,7.823541533592081043e-01,9.036595380831052848e-01
2.360000000000000000e+02,2.430076158389537222e-01,2.781671781753874417e-01,4.771878020051567582e-01,7.833573255377836997e-01,9.041430526693506886e-01
2.370000000000000000e+02,2.442910794159463828e-01,2.795752229181343029e-01,4.789447849848482708e-01,7.844901755263503640e-01,9.046883739790082535e-01
2.380000000000000000e+02,2.456846695743126197e-01,2.811036431411901848e-01,4.808485951215812348e-01,7.857145525442819078e-01,9.052773711936507040e-01
2.390000000000000000e+02,2.467481094542906817e-01,2.822695186855754268e-01,4.822973602205993249e-01,7.866430852117284322e-01,9.057236620386828196e-01
2.400000000000000000e+02,2.482846101811177486e-01,2.839535034707191263e-01,4.843859948832806017e-01,7.879780826471459720e-01,9.063648762751276289e-01
2.410000000000000000e+02,2.495337636930176350e-01,2.853222291119548726e-01,4.860811060439564346e-01,7.890592528367665892e-01,9.068838967317941480e-01
2.420000000000000000e+02,2.508414116641116687e-01,2.867542118263070039e-01,4.878482286650827060e-01,7.901806022677332342e-01,9.074215136453244179e-01
2.430000000000000000e+02,2.519962721474928724e-01,2.880188442701230866e-01,4.894085679183937665e-01,7.911704933420238284e-01,9.078960754564506797e-01
2.440000000000000000e+02,2.532030859664208822e-01,2.893394498646211788e-01,4.910310644968347016e-01,7.921936143747614345e-01,9.083858259593223794e-01
2.450000000000000000e+02,2.543855888124674780e-01,2.906328218742383340e-01,4.926153904544430806e-01,7.931884697560005471e-01,9.088615460573142846e-01
2.460000000000000000e+02,2.555087148885646919e-01,2.918608504566910788e-01,4.941166979108955193e-01,7.941285607230290644e-01,9.093107656681405082e-01
2.470000000000000000e+02,2.566875989010663495e-01,2.931496771618969377e-01,4.956910868288931238e-01,7.951133139703582264e-01,9.097811963247471878e-01
2.480000000000000000e+02,2.579296712482698206e-01,2.945074626140514740e-01,4.973488039827415608e-01,7.961493861873055744e-01,9.102760476303811688e-01
2.490000000000000000e+02,2.590447451458045003e-01,2.957258475226894889e-01,4.988321028455862116e-01,7.970727454811890045e-01,9.107166268390145536e-01
2.500000000000000000e+02,2.602016852842366501e-01,2.969896939420196280e-01,5.003686554330500913e-01,7.980274305995939121e-01,9.111719375709882440e-01
2.510000000000000000e+02,2.613267332656478148e-01,2.982179659239320157e-01,5.018565548231560536e-01,7.989472108562116759e-01,9.116100516580187829e-01
2.520000000000000000e+02,2.625391120602256767e-01,2.995412504054766334e-01,5.034571276353397851e-01,7.999345580461771910e-01,9.120801048400639655e-01
2.530000000000000000e+02,2.636910824379002927e-01,3.007981138746401162e-01,5.049738110852621809e-01,8.008671174479254917e-01,9.125237191675880100e-01
2.540000000000000000e+02,2.649087460238728209e-01,3.021264175988517819e-01,5.065749951848395050e-01,8.018501771934997135e-01,9.129911860357774467e-01
2.550000000000000000e+02,2.659774271741793261e-01,3.032921088920572661e-01,5.079794841200886424e-01,8.027118985339156687e-01,9.134008865024599855e-01
2.560000000000000000e+02,2.670869460747528068e-01,3.045013711953448166e-01,5.094294237001762982e-01,8.035955615686232179e-01,9.138203287956138121e-01
2.570000000000000000e+02,2.682147813530993963e-01,3.057304921611569415e-01,5.109024224908269574e-01,8.044926466594362058e-01,9.142460687537264930e-01
2.580000000000000000e+02,2.693364917676704384e-01,3.069523591739868329e-01,5.123625664121053136e-01,8.053784275566993056e-01,9.146660419607204329e-01
2.590000000000000000e+02,2.705459705412945337e-01,3.082691621431911111e-01,5.139313729281044241e-01,8.063261604324821752e-01,9.151149311115749363e-01
2.600000000000000000e+02,2.717808347592033380e-01,3.096132132694311423e-01,5.155298634132510216e-01,8.072895353481435166e-01,9.155709655848481843e-01
2.610000000000000000e+02,2.728456726446548131e-01,3.107718551155095876e-01,5.169053634244438200e-01,8.081164825649647110e-01,9.159621853113751877e-01
2.620000000000000000e+02,2.739921665436319542e-01,3.120189544323333508e-01,5.183831005999954833e-01,8.090026271319719076e-01,9.163811509797064048e-01
2.630000000000000000e+02,2.751326235900707351e-01,3.132589884131837810e-01,5.198489435168223149e-01,8.098787791017488802e-01,9.167950655658454462e-01
2.640000000000000000e+02,2.764485025829580556e-01,3.146894749380351741e-01,5.215379055711832912e-01,8.108866626602038163e-01,9.172710273785831259e-01
2.650000000000000000e+02,2.776468523268996735e-01,3.159913715526205813e-01,5.230692608845036728e-01,8.117958537363823002e-01,9.176998558680933282e-01
2.660000000000000000e+02,2.790822915521499192e-01,3.175504937537671490e-01,5.249007302030370692e-01,8.128812731333721064e-01,9.182115825152331601e-01
2.670000000000000000e+02,2.802674302789130434e-01,3.188373174672297639e-01,5.264093318051457082e-01,8.137729570471298191e-01,9.186317014374109080e-01
2.680000000000000000e+02,2.814744297819730678e-01,3.201473440050098818e-01,5.279414299669603627e-01,8.146756005724240524e-01,9.190566537041886530e-01
2.690000000000000000e+02,2.826469360712340895e-01,3.214192262677881273e-01,5.294240325793384550e-01,8.155452516755449244e-01,9.194656430505551148e-01
2.700000000000000000e+02,2.840769627508374362e-01,3.229702590215004498e-01,5.312306829610554670e-01,8.166039237701481213e-01,9.199634087590782272e-01
2.710000000000000000e+02,2.851977443810169710e-01,3.241853992026177411e-01,5.326427861166880273e-01,8.174288314874065264e-01,9.203509760667799577e-01
2.720000000000000000e+02,2.862948772426877619e-01,3.253745920308915296e-01,5.340226281588782431e-01,8.182332608916483840e-01,9.207287395508094718e-01
2.730000000000000000e+02,2.873615385870916250e-01,3.265307130045059791e-01,5.353637987073504023e-01,8.190149152129176935e-01,9.210957820374719995e-01
2.740000000000000000e+02,2.885905197878854689e-01,3.278618727685619905e-01,5.369019239570730351e-01,8.199066736322442317e-01,9.215140052371896262e-01
2.750000000000000000e+02,2.897085007546843505e-01,3.290726517489389047e-01,5.382999196502956663e-01,8.207163999904394380e-01,9.218936687208706404e-01
2.760000000000000000e+02,2.909341964298340355e-01,3.303995780821857853e-01,5.398285768011218400e-01,8.215991839327513313e-01,9.223072966132402906e-01
2.770000000000000000e+02,2.920801218934164223e-01,3.316397353218010768e-01,5.412544989794078054e-01,8.224205383501060895e-01,9.226919092753579354e-01
2.780000000000000000e+02,2.932615187501754761e-01,3.329177183952797825e-01,5.427201265465692037e-01,8.232619131250654698e-01,9.230855823448913533e-01
2.790000000000000000e+02,2.944457449614847899e-01,3.341985880853687307e-01,5.441878957693385699e-01,8.241036403118858766e-01,9.234793236260323557e-01
2.800000000000000000e+02,2.955639110172887940e-01,3.354069820814643554e-01,5.455657684206034475e-01,8.248887241572115947e-01,9.238460106339281275e-01
2.810000000000000000e+02,2.967598086785652178e-01,3.366987516551795401e-01,5.470345361300128495e-01,8.257225207971007341e-01,9.242351135592640210e-01
2.820000000000000000e+02,2.979798997276458805e-01,3.380163455851471488e-01,5.485306237373105409e-01,8.265703269754607341e-01,9.246305906134889563e-01
2.830000000000000000e+02,2.991122341729581247e-01,3.392388034162950872e-01,5.499162668370028983e-01,8.273537766719165631e-01,9.249958545280083655e-01
2.840000000000000000e+02,3.002379537720418767e-01,3.404535830870918378e-01,5.512896736872749948e-01,8.281277394381241219e-01,9.253564164991400220e-01
2.850000000000000000e+02,3.015263742058960639e-01,3.418434047824805977e-01,5.528575000336395373e-01,8.290087489788350306e-01,9.257665753064716618e-01
2.860000000000000000e+02,3.026581937756180340e-01,3.430640590649043364e-01,5.542329114670373480e-01,8.297804958833707722e-01,9.261257430750871045e-01
2.870000000000000000e+02,3.037621537600181942e-01,3.442538019599670207e-01,5.555678600739749617e-01,8.305255142458248807e-01,9.264720381251217995e-01
2.880000000000000000e+02,3.049335859283181516e-01,3.455162212337927752e-01,5.569841038180153303e-01,8.313157234797052819e-01,9.268393192583905815e-01
2.890000000000000000e+02,3.062221249724347283e-01,3.469043838777897681e-01,5.585384365508582194e-01,8.321808685802225547e-01,9.272412028155969654e-01
2.900000000000000000e+02,3.074093188804718491e-01,3.481830986925906757e-01,5.599684933154438493e-01,8.329756199528811633e-01,9.276102554703434810e-01
2.910000000000000000e+02,3.086418319744660410e-01,3.495097816799621615e-01,5.614467589113142365e-01,8.337933446704236529e-01,9.279895679617837789e-01
2.920000000000000000e+02,3.098381422270824470e-01,3.507964066771213640e-01,5.628734280047262839e-01,8.345776909432198742e-01,9.283528831887528643e-01
2.930000000000000000e+02,3.109521484084500353e-01,3.519943036016715543e-01,5.642003715525503171e-01,8.353062844957808153e-01,9.286902749351652053e-01
2.940000000000000000e+02,3.120892506787980025e-01,3.532169926094545498e-01,5.655545028435108312e-01,8.360496162037757140e-01,9.290344713365439322e-01
2.950000000000000000e+02,3.132951391472937885e-01,3.545129093029952272e-01,5.669850687112761856e-01,8.368317021067609440e-01,9.293962736841482331e-01
2.960000000000000000e+02,3.144868103124674463e-01,3.557930139550984916e-01,5.683948133644768363e-01,8.376001080716553027e-01,9.297515050348958976e-01
2.970000000000000000e+02,3.156551791830972675e-01,3.570478960079528918e-01,5.697755781049572699e-01,8.383518997209650214e-01,9.300989693262344815e-01
2.980000000000000000e+02,3.168321089874734930e-01,3.583113466796176705e-01,5.711618402747449252e-01,8.391040249989051292e-01,9.304463081516214373e-01
2.990000000000000000e+02,3.179390512880003739e-01,3.594992409859930627e-01,5.724625516752462895e-01,8.398079506875840705e-01,9.307712007802801946e-01
3.000000000000000000e+02,3.191168754750359771e-01,3.607620002688771699e-01,5.738377771242395564e-01,8.405472333681239805e-01,9.311118938903182318e-01
3.010000000000000000e+02,3.204010052121649132e-01,3.621384200205644555e-01,5.753348630920913642e-01,8.413507516128324593e-01,9.314820568048458593e-01
3.020000000000000000e+02,3.214730961978965462e-01,3.632874094937766363e-01,5.765836399916547395e-01,8.420203754967622300e-01,9.317904728483968890e-01
3.030000000000000000e+02,3.226444429701704197e-01,3.645421257055948550e-01,5.779433348195481823e-01,8.427468535728460663e-01,9.321248026097812556e-01
3.040000000000000000e+02,3.238779439919288183e-01,3.658629002223811044e-01,5.793714289986988675e-01,8.435077953805756312e-01,9.324747771850079303e-01
3.050000000000000000e+02,3.251313012639824862e-01,3.672047252226199876e-01,5.808209958627124081e-01,8.442793393668133195e-01,9.328295410855862446e-01
3.060000000000000000e+02,3.262623560615454110e-01,3.684151797530140215e-01,5.821259880187377167e-01,8.449722089230352617e-01,9.331479517047042149e-01
3.070000000000000000e+02,3.275047324591632836e-01,3.697439699992841611e-01,5.835536951211539591e-01,8.457270990483514161e-01,9.334945416751930791e-01
3.080000000000000000e+02,3.289525774123813195e-01,3.712922183183892666e-01,5.852153694698044584e-01,8.466045249146247897e-01,9.338972704672237057e-01
3.090000000000000000e+02,3.301932638098624140e-01,3.726187858759507643e-01,5.866381768860748913e-01,8.473552144192149083e-01,9.342417664341845507e-01
3.100000000000000000e+02,3.313102587494278772e-01,3.738127312921289969e-01,5.879165164401901622e-01,8.480282610003965216e-01,9.345504859717971291e-01
3.110000000000000000e+02,3.324070598607130056e-01,3.749846505712466360e-01,5.891686197213141796e-01,8.486858081426513767e-01,9.348519235534223926e-01
3.120000000000000000e+02,3.337486835551972675e-01,3.764174459608796708e-01,5.906951713522010650e-01,8.494847812700353495e-01,9.352179190179530366e-01
3.130000000000000000e+02,3.349288799986967491e-01,3.776776379171643550e-01,5.920365932982528667e-01,8.501860849715578983e-01,9.355390947828404746e-01
3.140000000000000000e+02,3.360031758328940743e-01,3.788243022155695083e-01,5.932544947342590635e-01,8.508211344459181147e-01,9.358297575507819044e-01
3.150000000000000000e+02,3.372070461605755631e-01,3.801087281554196839e-01,5.946155017324920022e-01,8.515287988641409012e-01,9.361534528393994359e-01
3.160000000000000000e+02,3.387711735028446358e-01,3.817772899159576627e-01,5.963822010092094672e-01,8.524465681491166791e-01,9.365731680064807163e-01
3.170000000000000000e+02,3.399354440660293242e-01,3.830187299015164193e-01,5.976933071148280430e-01,8.531255914483825142e-01,9.368834899214301126e-01
3.180000000000000000e+02,3.410612851215623076e-01,3.842186338953916258e-01,5.989572562005701650e-01,8.537781677912129608e-01,9.371815210439156107e-01
3.190000000000000000e+02,3.422956288681192061e-01,3.855340410982440180e-01,6.003420678528257337e-01,8.544926510438372036e-01,9.375077751505549450e-01
3.200000000000000000e+02,3.434532970544333930e-01,3.867671397338693917e-01,6.016367316271168386e-01,8.551584878480473773e-01,9.378116011403760943e-01
3.210000000000000000e+02,3.446666493122116370e-01,3.880586294389038460e-01,6.029873396979154032e-01,8.558498485661455435e-01,9.381267485954718488e-01
3.220000000000000000e+02,3.459871609711789864e-01,3.894636915909142072e-01,6.044538924554524462e-01,8.565988576330861859e-01,9.384680040618945673e-01
3.230000000000000000e+02,3.473150004635233157e-01,3.908764198828577618e-01,6.059276898168008962e-01,8.573511117085326205e-01,9.388106925073436138e-01
3.240000000000000000e+02,3.485621794030364651e-01,3.922028005345723489e-01,6.073083458797616796e-01,8.580539921116472346e-01,9.391307061000280232e-01
3.250000000000000000e+02,3.496973339255968760e-01,3.934099157759036181e-01,6.085641253309290732e-01,8.586928623494823887e-01,9.394215330688848731e-01
3.260000000000000000e+02,3.510083717272063919e-01,3.948033544138416784e-01,6.100096650667384823e-01,8.594258503198720645e-01,9.397549637141943135e-01
3.270000000000000000e+02,3.521686559786674220e-01,3.960357093276954954e-01,6.112832146791689070e-01,8.600687482273560169e-01,9.400471280212421288e-01
3.280000000000000000e+02,3.534476163712798602e-01,3.973938239950003948e-01,6.126850896920487122e-01,8.607754640676700264e-01,9.403681991895866954e-01
3.290000000000000000e+02,3.547874345854260536e-01,3.988163111335525923e-01,6.141519809788368311e-01,8.615141182405993137e-01,9.407036976046535548e-01
3.300000000000000000e+02,3.559629541962400778e-01,4.000636622988730795e-01,6.154343073175906342e-01,8.621575269815726639e-01,9.409957079921646983e-01
3.310000000000000000e+02,3.571499950082792640e-01,4.013229187851970470e-01,6.167270680633197832e-01,8.628051244175137802e-01,9.412895164109624790e-01
3.320000000000000000e+02,3.584699131562490981e-01,4.027228414069305429e-01,6.181625765008664786e-01,8.635232692700852697e-01,9.416152370376301706e-01
3.330000000000000000e+02,3.596744454627108789e-01,4.040000761452086642e-01,6.194705468994419206e-01,8.641766117155367244e-01,9.419114679492248676e-01
3.340000000000000000e+02,3.609037600048068950e-01,4.053029439643574539e-01,6.208011552683114775e-01,8.648391894705750316e-01,9.422116833192599739e-01
3.350000000000000000e+02,3.620616184036144491e-01,4.065297172521552538e-01,6.220520229211753405e-01,8.654609026959526608e-01,9.424932697181599428e-01
3.360000000000000000e+02,3.632560538419322138e-01,4.077945011632044814e-01,6.233375145229312908e-01,8.660974778646944872e-01,9.427813586657668443e-01
3.370000000000000000e+02,3.644659978045213800e-01,4.090749569224193527e-01,6.246347857049366903e-01,8.667375469960892920e-01,9.430708015593275428e-01
3.380000000000000000e+02,3.656444627891160537e-01,4.103215922468673726e-01,6.258949999952579946e-01,8.673577665895200184e-01,9.433511165466450521e-01
3.390000000000000000e+02,3.669395610827516085e-01,4.116911608759746266e-01,6.272770330539848560e-01,8.680365696723673086e-01,9.436577763352851367e-01
3.400000000000000000e+02,3.681072773851287172e-01,4.129255761560038929e-01,6.285202374723523056e-01,8.686458255836395637e-01,9.439328857195798950e-01
3.410000000000000000e+02,3.693444107267954690e-01,4.142329867399157650e-01,6.298348455156376202e-01,8.692889045073142196e-01,9.442231550120256944e-01
3.420000000000000000e+02,3.705005300893681741e-01,4.154539669265016610e-01,6.310581213790706911e-01,8.698848701522942095e-01,9.444919244091096733e-01
3.430000000000000000e+02,3.717471824953349491e-01,4.167703546048810992e-01,6.323758754125136106e-01,8.705262564962825689e-01,9.447811192682821213e-01
3.440000000000000000e+02,3.728878454090954198e-01,4.179745489507296075e-01,6.335798323804572307e-01,8.711114412096747639e-01,9.450448952679624259e-01
3.450000000000000000e+02,3.741462723495977416e-01,4.193025557347535015e-01,6.349048229116492914e-01,8.717539538219938322e-01,9.453343684530873814e-01
3.460000000000000000e+02,3.753380511551864807e-01,4.205592366369728663e-01,6.361533232881585453e-01,8.723564963436217790e-01,9.456055591606989941e-01
3.470000000000000000e+02,3.765576576420561206e-01,4.218450517306019387e-01,6.374296513958499499e-01,8.729718676593949400e-01,9.458824664833692664e-01
3.480000000000000000e+02,3.779697439919585400e-01,4.233336530994275537e-01,6.389065075537498917e-01,8.736835122684062371e-01,9.462026562080855241e-01
3.490000000000000000e+02,3.792171462703612383e-01,4.246484346185288028e-01,6.402097833389941428e-01,8.743109070860178855e-01,9.464848816224816774e-01
3.500000000000000000e+02,3.804750489605975838e-01,4.259738361738347745e-01,6.415212044764467825e-01,8.749409490301560677e-01,9.467681766845709168e-01
3.510000000000000000e+02,3.817062978059218015e-01,4.272700637454208139e-01,6.427979899464969504e-01,8.755512901100143131e-01,9.470423236036944470e-01
3.520000000000000000e+02,3.829136349916222315e-01,4.285400541754578740e-01,6.440433420068872872e-01,8.761436680362353346e-01,9.473081251074737530e-01
3.530000000000000000e+02,3.841192346146612979e-01,4.298081452707003258e-01,6.452864565324809565e-01,8.767347851729858643e-01,9.475733423667942468e-01
3.540000000000000000e+02,3.852305775023314727e-01,4.309766235482586083e-01,6.464294618666518444e-01,8.772770159091364262e-01,9.478165049633023864e-01
3.550000000000000000e+02,3.864503708353801414e-01,4.322581299151352363e-01,6.476778425151654695e-01,8.778665482725682701e-01,9.480806280208644576e-01
3.560000000000000000e+02,3.876337581845937796e-01,4.335008305623668790e-01,6.488855345513970807e-01,8.784353803249709269e-01,9.483353379242924763e-01
3.570000000000000000e+02,3.889354923697549427e-01,4.348672017400974088e-01,6.502102793660907709e-01,8.790577400916046447e-01,9.486138664759184991e-01
3.580000000000000000e+02,3.902908194618707749e-01,4.362890283637487765e-01,6.515846920474460680e-01,8.797013472408178325e-01,9.489017097598307915e-01
3.590000000000000000e+02,3.915580381521228670e-01,4.376181891633109111e-01,6.528683299132269635e-01,8.803018379745931599e-01,9.491702132747570353e-01
3.600000000000000000e+02,3.928415989548947884e-01,4.389641755721450100e-01,6.541666066018857473e-01,8.809083614666444184e-01,9.494413385019218055e-01
3.610000000000000000e+02,3.940169728032646979e-01,4.401965589106545673e-01,6.553545191255781832e-01,8.814629273182096325e-01,9.496892008876125502e-01
3.620000000000000000e+02,3.951887834852194636e-01,4.414251094197654823e-01,6.565382436459911153e-01,8.820152888976569017e-01,9.499360549423562228e-01
3.630000000000000000e+02,3.963672803754418328e-01,4.426599892850029971e-01,6.577246082571467367e-01,8.825671447521200585e-01,9.501825220808327588e-01
3.640000000000000000e+02,3.974802210380775080e-01,4.438257556200679854e-01,6.588424439791076281e-01,8.830860576762182834e-01,9.504141778867579715e-01
3.650000000000000000e+02,3.987330266175373450e-01,4.451377573132530574e-01,6.600991477891183790e-01,8.836687591039666945e-01,9.506742480662465633e-01
3.660000000000000000e+02,3.998745503897246367e-01,4.463328088794071280e-01,6.612417639750119980e-01,8.841975336949163822e-01,9.509101549817673416e-01
3.670000000000000000e+02,4.010447201610803369e-01,4.475571315084548862e-01,6.624087626714519894e-01,8.847358106436997716e-01,9.511501374565919376e-01
3.680000000000000000e+02,4.024015118609332031e-01,4.489764801959920670e-01,6.637604936554930557e-01,8.853587224036614245e-01,9.514278004099070429e-01
3.690000000000000000e+02,4.036441365959934080e-01,4.502756598538242283e-01,6.649940986123603626e-01,8.859253938235704950e-01,9.516802287920215209e-01
3.700000000000000000e+02,4.048622429594024297e-01,4.515487704796746216e-01,6.662007899395133714e-01,8.864786477440789181e-01,9.519265837307414602e-01
3.710000000000000000e+02,4.061452802187595634e-01,4.528894263468379311e-01,6.674699279342378722e-01,8.870597664287467321e-01,9.521852763244773588e-01
3.720000000000000000e+02,4.073299993182925571e-01,4.541269024473453264e-01,6.686391833266474016e-01,8.875940802426107723e-01,9.524230354270967203e-01
3.730000000000000000e+02,4.085706428826981207e-01,4.554221393201208778e-01,6.698597928611932373e-01,8.881503067673419682e-01,9.526704036772297712e-01
3.740000000000000000e+02,4.097611465693928312e-01,4.566641318393407922e-01,6.710258242175590748e-01,8.886795541108317709e-01,9.529055822357207495e-01
3.750000000000000000e+02,4.110980896604694568e-01,4.580582650835552938e-01,6.723316079609676921e-01,8.892707649527944458e-01,9.531681621140505323e-01
3.760000000000000000e+02,4.124433295532309862e-01,4.594609904310657522e-01,6.736451490919851404e-01,8.898653500648618930e-01,9.534322281353732054e-01
3.770000000000000000e+02,4.138683039706810285e-01,4.609463286382115554e-01,6.750334801627780879e-01,8.904925708786100014e-01,9.537106780458943778e-01
3.780000000000000000e+02,4.150760924977791588e-01,4.622047862236748350e-01,6.762073526835890025e-01,8.910217725761740981e-01,9.539455110020740314e-01
3.790000000000000000e+02,4.164074412733883013e-01,4.635918531153387367e-01,6.775005397130431373e-01,8.916044567212491057e-01,9.542040490920311591e-01
3.800000000000000000e+02,4.175853239564526476e-01,4.648185682950005670e-01,6.786419941785397647e-01,8.921177239821048710e-01,9.544316922342943599e-01
3.810000000000000000e+02,4.190184419618491196e-01,4.663101311111690350e-01,6.800252321661636179e-01,8.927375381983272407e-01,9.547063955695564985e-01
3.820000000000000000e+02,4.202152847172357375e-01,4.675548082412152029e-01,6.811748593924473738e-01,8.932505180985010895e-01,9.549335566366549122e-01
3.830000000000000000e+02,4.215094580603911956e-01,4.689004872754677367e-01,6.824167347544198847e-01,8.938041800882696730e-01,9.551786898208570742e-01
3.840000000000000000e+02,4.228594011648936779e-01,4.703038309327036148e-01,6.837102841477001869e-01,8.943801695105956240e-01,9.554336449479491344e-01
3.850000000000000000e+02,4.241472205994569200e-01,4.716417075654095736e-01,6.849392961919651412e-01,8.949255025582713019e-01,9.556748593085003796e-01
3.860000000000000000e+02,4.253593087571075348e-01,4.729004293153993843e-01,6.860933323887355995e-01,8.954365369740627800e-01,9.559008108054863895e-01
3.870000000000000000e+02,4.265366064794201550e-01,4.741227503476392324e-01,6.872127175592523951e-01,8.959316465375446459e-01,9.561196695757214759e-01
3.880000000000000000e+02,4.277973955507625714e-01,4.754316551307521399e-01,6.884109227688087751e-01,8.964614042890191037e-01,9.563538252162763209e-01
3.890000000000000000e+02,4.291088302744383576e-01,4.767921294107057562e-01,6.896516153261331716e-01,8.970078171028944558e-01,9.565951537951689065e-01
3.900000000000000000e+02,4.303091130638164730e-01,4.780364628088050183e-01,6.907825194240928557e-01,8.975041431691835880e-01,9.568142077902392906e-01
3.910000000000000000e+02,4.316599917980192824e-01,4.794367587087399740e-01,6.920544252479846614e-01,8.980620191680198650e-01,9.570603975570983746e-01
3.920000000000000000e+02,4.329071133079039901e-01,4.807289286234806003e-01,6.932254667635390222e-01,8.985744742148525921e-01,9.572864390666311341e-01
3.930000000000000000e+02,4.343461283463488920e-01,4.822196151504066775e-01,6.945749921103977487e-01,8.991644029412264594e-01,9.575465981800684867e-01
3.940000000000000000e+02,4.355684118898943136e-01,4.834847983381848069e-01,6.957158206160509728e-01,8.996610970209832914e-01,9.577654646897535429e-01
3.950000000000000000e+02,4.368529598207464559e-01,4.848141251778801397e-01,6.969130868174839843e-01,9.001817473754532006e-01,9.579948334453148862e-01
3.960000000000000000e+02,4.380790880494507267e-01,4.860828332857108913e-01,6.980550133276895997e-01,9.006780064684009046e-01,9.582134282288556903e-01
3.970000000000000000e+02,4.393973981589468503e-01,4.874460834118276020e-01,6.992782017625412960e-01,9.012079078992238923e-01,9.584466957136327236e-01
3.980000000000000000e+02,4.406208076810936292e-01,4.887110062048418690e-01,7.004122942410214714e-01,9.016988327720391050e-01,9.586627722295690823e-01
3.990000000000000000e+02,4.418602754469593830e-01,4.899922528329290206e-01,7.015597550762060486e-01,9.021949941975595522e-01,9.588811055104335956e-01
4.000000000000000000e+02,4.432363093474699367e-01,4.914136914948353252e-01,7.028283526288942040e-01,9.027416278761142276e-01,9.591214827924122721e-01
4.010000000000000000e+02,4.446194981601681029e-01,4.928420094599026968e-01,7.041007867655987296e-01,9.032889246629474123e-01,9.593620655781320838e-01
4.020000000000000000e+02,4.459373836974423466e-01,4.942022239373846104e-01,7.053095470635161179e-01,9.038075491437624898e-01,9.595899329681999435e-01
4.030000000000000000e+02,4.473063988728381291e-01,4.956147112695846180e-01,7.065625292492057063e-01,9.043441964436609304e-01,9.598256366225819125e-01
4.040000000000000000e+02,4.484374840536740070e-01,4.967811120347665477e-01,7.075945360850018906e-01,9.047850647480449870e-01,9.600191744345326628e-01
4.050000000000000000e+02,4.495289130588025484e-01,4.979062636255464080e-01,7.085884712006365049e-01,9.052090031370176870e-01,9.602052226261806878e-01
4.060000000000000000e+02,4.506977350878250133e-01,4.991108130705750878e-01,7.096508334330363654e-01,9.056614063901261558e-01,9.604037006102972285e-01
4.070000000000000000e+02,4.519741739933112457e-01,5.004257101944704633e-01,7.108080509679267633e-01,9.061531682217947026e-01,9.606193568027459051e-01
4.080000000000000000e+02,4.532979805631590642e-01,5.017893665601728115e-01,7.120080238235781955e-01,9.066630332785231561e-01,9.608429462837299040e-01
4.090000000000000000e+02,4.545334638564242913e-01,5.030616246471779629e-01,7.131257372711131692e-01,9.071371806106891533e-01,9.610508067103529228e-01
4.100000000000000000e+02,4.557384116489025527e-01,5.043022481799169787e-01,7.142148236017319407e-01,9.075988354149934212e-01,9.612531606010342733e-01
4.110000000000000000e+02,4.570134886829470000e-01,5.056139363516812812e-01,7.153613044183338987e-01,9.080827511959492782e-01,9.614650948757080817e-01
4.120000000000000000e+02,4.581810249107171606e-01,5.068145052848279652e-01,7.164085262233246265e-01,9.085238905077507310e-01,9.616582195990441839e-01
4.130000000000000000e+02,4.594320961849749918e-01,5.081008288703606768e-01,7.175299246207679227e-01,9.089960193775533659e-01,9.618648891397388878e-01
4.140000000000000000e+02,4.606223276149331580e-01,5.093237473462380871e-01,7.185923640415335933e-01,9.094418176268248555e-01,9.620599041830621978e-01
4.150000000000000000e+02,4.619011538263852468e-01,5.106373790049416606e-01,7.197322554415042095e-01,9.099195609163066578e-01,9.622688464565765099e-01
4.160000000000000000e+02,4.630748370293767402e-01,5.118422979678273199e-01,7.207747688945091991e-01,9.103552562266192805e-01,9.624592939292196947e-01
4.170000000000000000e+02,4.643974171275092599e-01,5.131996362932226274e-01,7.219472722053181801e-01,9.108445152705995085e-01,9.626730899904955008e-01
4.180000000000000000e+02,4.656220450803341127e-01,5.144560947123708594e-01,7.230311221732865778e-01,9.112961719915719794e-01,9.628704029468720949e-01
4.190000000000000000e+02,4.669215005645013239e-01,5.157891150384624757e-01,7.241801180051437026e-01,9.117746143827996086e-01,9.630793869738799584e-01
4.200000000000000000e+02,4.680602321137213861e-01,5.169562853397605684e-01,7.251820193654680002e-01,9.121901505209584204e-01,9.632607536257205005e-01
4.210000000000000000e+02,4.695205773023449769e-01,5.184520705679414032e-01,7.264616518846096493e-01,9.127191460261371292e-01,9.634914955656097568e-01
4.220000000000000000e+02,4.706722767098692195e-01,5.196314759126401395e-01,7.274695977217432441e-01,9.131354208641898618e-01,9.636730357893490417e-01
4.230000000000000000e+02,4.718771635733781666e-01,5.208650477742463591e-01,7.285225731472581012e-01,9.135697938607487689e-01,9.638624267808354462e-01
4.240000000000000000e+02,4.731993418257769424e-01,5.222181911025362000e-01,7.296754676237018344e-01,9.140445398976894120e-01,9.640693497958703340e-01
4.250000000000000000e+02,4.744332530668563530e-01,5.234803072655808132e-01,7.307479125441398438e-01,9.144850239616103549e-01,9.642612443162906777e-01
4.260000000000000000e+02,4.758488363398978849e-01,5.249278587233503490e-01,7.319763045247954514e-01,9.149889267116918523e-01,9.644807138073688835e-01
4.270000000000000000e+02,4.772464498127059196e-01,5.263564944032141923e-01,7.331864019906187968e-01,9.154844515861888521e-01,9.646964613718446158e-01
4.280000000000000000e+02,4.785544641057614679e-01,5.276919054696938005e-01,7.343107859787862957e-01,9.159422745089713658e-01,9.648955771673397575e-01
4.290000000000000000e+02,4.798844094755853051e-01,5.290490074716784896e-01,7.354505670886758439e-01,9.164052684957060269e-01,9.650968506864624485e-01
4.300000000000000000e+02,4.811826003016470565e-01,5.303735009751150420e-01,7.365621213314068605e-01,9.168564751369606691e-01,9.652929733071322627e-01
4.310000000000000000e+02,4.824091746076210607e-01,5.316248167952672965e-01,7.376118129159021652e-01,9.172823984371678563e-01,9.654780919396220851e-01
4.320000000000000000e+02,4.837454620122460525e-01,5.329875752135475597e-01,7.387530193756669528e-01,9.177447040350241725e-01,9.656789611101525006e-01
4.330000000000000000e+02,4.848521268740844103e-01,5.341155386027623964e-01,7.396950693773016727e-01,9.181253702818019669e-01,9.658442789495638170e-01
4.340000000000000000e+02,4.861530149888950159e-01,5.354409143140811400e-01,7.407997727602461113e-01,9.185709233510216398e-01,9.660377068923383659e-01
4.350000000000000000e+02,4.875124380661918222e-01,5.368250622300715369e-01,7.419499788435903742e-01,9.190335201618916594e-01,9.662384261430774224e-01
4.360000000000000000e+02,4.889213789886507899e-01,5.382593307108808345e-01,7.431406375596795177e-01,9.195119382140893860e-01,9.664459732413709370e-01
4.370000000000000000e+02,4.902086777116400063e-01,5.395695616279987394e-01,7.442274892055288360e-01,9.199483325163079206e-01,9.666352638305526490e-01
4.380000000000000000e+02,4.916283915026586904e-01,5.410140286636269114e-01,7.454235382704821333e-01,9.204277691972703179e-01,9.668431584810449619e-01
4.390000000000000000e+02,4.927183203487472962e-01,5.421224666625201749e-01,7.463393763106391798e-01,9.207941508434412947e-01,9.670019697616052401e-01
4.400000000000000000e+02,4.940245089696409519e-01,5.434503291648342671e-01,7.474344922226933141e-01,9.212315052826914874e-01,9.671914835161347090e-01
4.410000000000000000e+02,4.952795261221379364e-01,5.447257868455597229e-01,7.484848642861245960e-01,9.216504279602651950e-01,9.673729643671642453e-01
4.420000000000000000e+02,4.965294911935678179e-01,5.459955240645257835e-01,7.495282071223983156e-01,9.220656950623685733e-01,9.675527919039638158e-01
4.430000000000000000e+02,4.978277168927013330e-01,5.473138567427756618e-01,7.506097906956391563e-01,9.224955633768615604e-01,9.677388917709855987e-01
4.440000000000000000e+02,4.992219667992919829e-01,5.487290266909010672e-01,7.517681709425195757e-01,9.229549868873033747e-01,9.679377078835239567e-01
4.450000000000000000e+02,5.005448933760231478e-01,5.500709790580290415e-01,7.528633933789320443e-01,9.233881904420950804e-01,9.681250819781087591e-01
4.460000000000000000e+02,5.019462768625121418e-01,5.514917811570065886e-01,7.540201014373738575e-01,9.238446783168030585e-01,9.683224431326049597e-01
4.470000000000000000e+02,5.033142320835722883e-01,5.528783854571776013e-01,7.551477774740863458e-01,9.242892798179362934e-01,9.685146304138255724e-01
4.480000000000000000e+02,5.047504578111865481e-01,5.543333034162827300e-01,7.563275719317851253e-01,9.247531964439588137e-01,9.687150671144729719e-01
4.490000000000000000e+02,5.060548062009430081e-01,5.556544773318073949e-01,7.573983322029421705e-01,9.251740308943200430e-01,9.688968731767501064e-01
4.500000000000000000e+02,5.073439870142124608e-01,5.569592633493688494e-01,7.584518658101857547e-01,9.255866907682097633e-01,9.690750343274150413e-01
4.510000000000000000e+02,5.087368321033380880e-01,5.583682540131991168e-01,7.595868007201286298e-01,9.260302654032547265e-01,9.692664644086115278e-01
4.520000000000000000e+02,5.101251055073080520e-01,5.597721427474657840e-01,7.607158031940455256e-01,9.264708780497827867e-01,9.694565643885173500e-01
4.530000000000000000e+02,5.112907613822259556e-01,5.609501631711478753e-01,7.616603218158422006e-01,9.268384948344892127e-01,9.696150905030634926e-01
4.540000000000000000e+02,5.125215648707355243e-01,5.621933145846036428e-01,7.626543811131447637e-01,9.272244568632151962e-01,9.697814524536567671e-01
4.550000000000000000e+02,5.136720817870223943e-01,5.633551289382967564e-01,7.635824755283999732e-01,9.275844842719573879e-01,9.699366098986279550e-01
4.560000000000000000e+02,5.147925274754404645e-01,5.644863876688943627e-01,7.644854478573842593e-01,9.279345180946000360e-01,9.700874406193993327e-01
4.570000000000000000e+02,5.161368985835925738e-01,5.658420507663766141e-01,7.655612328308277759e-01,9.283493662504310739e-01,9.702660265009662721e-01
4.580000000000000000e+02,5.173101611025530122e-01,5.670243700672213949e-01,7.664964895900658881e-01,9.287090054412880935e-01,9.704207647178672014e-01
4.590000000000000000e+02,5.186816010099950525e-01,5.684058838931307367e-01,7.675874145996653963e-01,9.291278555320195975e-01,9.706009273806119886e-01
4.600000000000000000e+02,5.199368102569131844e-01,5.696700158005574277e-01,7.685845468136998093e-01,9.295103198611537332e-01,9.707654094091205943e-01
4.610000000000000000e+02,5.211694222800559162e-01,5.709109411815217472e-01,7.695617171500370723e-01,9.298845649727086604e-01,9.709263120435241978e-01
4.620000000000000000e+02,5.224553350991572032e-01,5.722054150734351419e-01,7.705806423046929199e-01,9.302746619562145547e-01,9.710940189285496293e-01
4.630000000000000000e+02,5.237290828881411286e-01,5.734871412059610041e-01,7.715876869061080168e-01,9.306595860779197649e-01,9.712594524648915373e-01
4.640000000000000000e+02,5.251118234305837129e-01,5.748778603729545189e-01,7.726778639034760365e-01,9.310754430335099752e-01,9.714381136868270872e-01
4.650000000000000000e+02,5.262849049119112665e-01,5.760574652815441121e-01,7.736016517089220335e-01,9.314275277373950113e-01,9.715893530981620785e-01
4.660000000000000000e+02,5.274910555886382912e-01,5.772697693263625363e-01,7.745490259765692720e-01,9.317879250548979364e-01,9.717441097808829920e-01
4.670000000000000000e+02,5.286727613125248304e-01,5.784571665945764662e-01,7.754757096608908551e-01,9.321400415992687760e-01,9.718952783299128484e-01
4.680000000000000000e+02,5.299466555980659743e-01,5.797360837225389307e-01,7.764697877811316262e-01,9.325164285482601123e-01,9.720567612856612083e-01
4.690000000000000000e+02,5.312770066283091230e-01,5.810712639058397411e-01,7.775060963769041544e-01,9.329083085884731785e-01,9.722248522818071059e-01
4.700000000000000000e+02,5.325610943188254787e-01,5.823593326197328279e-01,7.785033933128459038e-01,9.332846308417410697e-01,9.723862068035304951e-01
4.710000000000000000e+02,5.338473067443038067e-01,5.836491884971892752e-01,7.795008399738138083e-01,9.336606042774082681e-01,9.725473799875569147e-01
4.720000000000000000e+02,5.351086588601017269e-01,5.849130278766823121e-01,7.804742923973750912e-01,9.340262681430754332e-01,9.727040347355374594e-01
4.730000000000000000e+02,5.363728353020881245e-01,5.861788574113189210e-01,7.814462968611499694e-01,9.343904206587357875e-01,9.728599665278088171e-01
4.740000000000000000e+02,5.378467811306272273e-01,5.876538255441055014e-01,7.825756968279438119e-01,9.348125074754473074e-01,9.730406256573000956e-01
4.750000000000000000e+02,5.391563353479015275e-01,5.889640452222741906e-01,7.835780914650218865e-01,9.351868534214529127e-01,9.732008295657949004e-01
4.760000000000000000e+02,5.406885518454555006e-01,5.904964840634835399e-01,7.847485409815377899e-01,9.356233314092026188e-01,9.733875744550208875e-01
4.770000000000000000e+02,5.420961314348288207e-01,5.919039158793768518e-01,7.858222773871608169e-01,9.360233477806106928e-01,9.735586886714030497e-01
4.780000000000000000e+02,5.433735655070615067e-01,5.931806456291166540e-01,7.867943055267220265e-01,9.363848357448671944e-01,9.737132722186010447e-01
4.790000000000000000e+02,5.445734476675375690e-01,5.943789020305626503e-01,7.877032312400825687e-01,9.367217902537013918e-01,9.738572819874435904e-01
4.800000000000000000e+02,5.459451184381904909e-01,5.957479212854164263e-01,7.887389399488662356e-01,9.371048773007603083e-01,9.740209411117467520e-01
4.810000000000000000e+02,5.473034253559984075e-01,5.971032937445601707e-01,7.897632575653845688e-01,9.374834147730294331e-01,9.741826306442544769e-01
4.820000000000000000e+02,5.485835037203801168e-01,5.983798888535146743e-01,7.907255670628458022e-01,9.378382609111135526e-01,9.743341407757329931e-01
4.830000000000000000e+02,5.497788568603335646e-01,5.995717569463973051e-01,7.916232103228646455e-01,9.381690117168044463e-01,9.744753435616242410e-01
4.840000000000000000e+02,5.510864136025662718e-01,6.008747282518621669e-01,7.926018814678897906e-01,9.385287923541266730e-01,9.746288761228071307e-01
4.850000000000000000e+02,5.523727709671057973e-01,6.021559052881162444e-01,7.935618999648927918e-01,9.388810068201032255e-01,9.747791254659660121e-01
4.860000000000000000e+02,5.536861138770554636e-01,6.034638685922441015e-01,7.945416816364686552e-01,9.392403763798411465e-01,9.749324197181431506e-01
4.870000000000000000e+02,5.550215346412207262e-01,6.047932815391481309e-01,7.955357036351293765e-01,9.396044037623081380e-01,9.750876574897855420e-01
4.880000000000000000e+02,5.563676492718319100e-01,6.061324570053655547e-01,7.965340359837216333e-01,9.399690893747462139e-01,9.752431055485251132e-01
4.890000000000000000e+02,5.577499498561278024e-01,6.075075079263009270e-01,7.975586943588202082e-01,9.403432631212101933e-01,9.754025881044907642e-01
4.900000000000000000e+02,5.593310356517117166e-01,6.090794227330817989e-01,7.987270923428291258e-01,9.407690199970270006e-01,9.755839875259838534e-01
4.910000000000000000e+02,5.608225088429342753e-01,6.105611238700060506e-01,7.998246789432876813e-01,9.411678299976030670e-01,9.757538187304489741e-01
4.920000000000000000e+02,5.620510013552955098e-01,6.117812331581736762e-01,8.007273724887963295e-01,9.414954864749623953e-01,9.758933237709623842e-01
4.930000000000000000e+02,5.635615235289761493e-01,6.132804478679922955e-01,8.018332351105121880e-01,9.418958834304855809e-01,9.760637228671219523e-01
4.940000000000000000e+02,5.650752978795445802e-01,6.147825266797425359e-01,8.029400039073866235e-01,9.422962448579934591e-01,9.762340792255821409e-01
4.950000000000000000e+02,5.663242266890876619e-01,6.160210730798405532e-01,8.038501716640631400e-01,9.426247604471441610e-01,9.763738095600191791e-01
4.960000000000000000e+02,5.675362394402270194e-01,6.172226891972254492e-01,8.047321419725562697e-01,9.429427815411316471e-01,9.765090521703525539e-01
4.970000000000000000e+02,5.687979871634232243e-01,6.184732450110413948e-01,8.056488205555362159e-01,9.432729554786094539e-01,9.766494355115687975e-01
4.980000000000000000e+02,5.700380964662008498e-01,6.197021319618464252e-01,8.065488851090801825e-01,9.435969274694212539e-01,9.767871654281077287e-01
4.990000000000000000e+02,5.714735137884594529e-01,6.211236126429110493e-01,8.075869100403850753e-01,9.439696369952489396e-01,9.769455455974250802e-01
5.000000000000000000e+02,5.726846020740908871e-01,6.223223682877712104e-01,8.084604201839861171e-01,9.442827229447953163e-01,9.770785474290916151e-01
5.010000000000000000e+02,5.739512688929246931e-01,6.235754466470655455e-01,8.093712734159258515e-01,9.446085335805205485e-01,9.772169051400390050e-01
5.020000000000000000e+02,5.752586307817516564e-01,6.248683975825461978e-01,8.103098597967833827e-01,9.449438972106466439e-01,9.773592919760105691e-01
5.030000000000000000e+02,5.765851114606606043e-01,6.261794806740405006e-01,8.112591042490262527e-01,9.452823364618456736e-01,9.775029296240734800e-01
5.040000000000000000e+02,5.779037115812849512e-01,6.274817778269720092e-01,8.121987856462107302e-01,9.456164348092785943e-01,9.776446551502083748e-01
5.050000000000000000e+02,5.791219435651348002e-01,6.286847214786052129e-01,8.130660532397578910e-01,9.459245765766474134e-01,9.777753540646356711e-01
5.060000000000000000e+02,5.805197861682974692e-01,6.300640317379424538e-01,8.140573143650391419e-01,9.462758611028686540e-01,9.779242838621050593e-01
5.070000000000000000e+02,5.818349627680764469e-01,6.313607922439530284e-01,8.149861403248248592e-01,9.466041266955895761e-01,9.780633879865920921e-01
5.080000000000000000e+02,5.831539073502173265e-01,6.326608164078844077e-01,8.159158760255015297e-01,9.469323050622360238e-01,9.782024246822657032e-01
5.090000000000000000e+02,5.844022198054242834e-01,6.338908564497452991e-01,8.167944090540851798e-01,9.472420808200158193e-01,9.783336403836699890e-01
5.100000000000000000e+02,5.858125196749046637e-01,6.352801414658520995e-01,8.177855106503839622e-01,9.475912156844656931e-01,9.784815031290685639e-01
5.110000000000000000e+02,5.871304764145166555e-01,6.365773208727163457e-01,8.187073359609144951e-01,9.479149351755986608e-01,9.786185270854211860e-01
5.120000000000000000e+02,5.883837014552872891e-01,6.378103431821572356e-01,8.195821767440112371e-01,9.482217618998870501e-01,9.787483715159178699e-01
5.130000000000000000e+02,5.897018843363182050e-01,6.391060484932339358e-01,8.204976777366438379e-01,9.485417786937839768e-01,9.788837186127453682e-01
5.140000000000000000e+02,5.910332320872486722e-01,6.404136156697696203e-01,8.214182300820912497e-01,9.488626325869503608e-01,9.790193512126482700e-01
5.150000000000000000e+02,5.923852545000278802e-01,6.417407149438842939e-01,8.223501575300774524e-01,9.491867917418341793e-01,9.791563324229706211e-01
5.160000000000000000e+02,5.939356158821430531e-01,6.432622766075748455e-01,8.234179664811858146e-01,9.495580283534535981e-01,9.793131935456567128e-01
5.170000000000000000e+02,5.951459601891716522e-01,6.444491726518950525e-01,8.242479658814378940e-01,9.498457753005123960e-01,9.794347175041334674e-01
5.180000000000000000e+02,5.964981507242901326e-01,6.457751654677098552e-01,8.251752316217525474e-01,9.501672416581413705e-01,9.795704820679503877e-01
5.190000000000000000e+02,5.978321014253968890e-01,6.470820064372584390e-01,8.260852644862893834e-01,9.504816822419176470e-01,9.797032023573578607e-01
5.200000000000000000e+02,5.992035479831521183e-01,6.484251348054158592e-01,8.270192174567633225e-01,9.508040197297046303e-01,9.798392288293870100e-01
5.210000000000000000e+02,6.006801025906788327e-01,6.498708873324152702e-01,8.280235850113122353e-01,9.511504019367887919e-01,9.799853833093042921e-01
5.220000000000000000e+02,6.020237443208995565e-01,6.511855397722743355e-01,8.289339922560808871e-01,9.514635972367743166e-01,9.801174775507879300e-01
5.230000000000000000e+02,6.034352689835247308e-01,6.525657072094561695e-01,8.298870672684161010e-01,9.517907418611597503e-01,9.802554019104637861e-01
5.240000000000000000e+02,6.047879396174169475e-01,6.538878390011615416e-01,8.307986079821751968e-01,9.521032376083202742e-01,9.803871217083459655e-01
5.250000000000000000e+02,6.061948475705591921e-01,6.552623970023168098e-01,8.317445502138056668e-01,9.524270592882391195e-01,9.805235814383002069e-01
5.260000000000000000e+02,6.076224325274919291e-01,6.566565051191101121e-01,8.327020161564296918e-01,9.527543098494202223e-01,9.806614485856574026e-01
5.270000000000000000e+02,6.088027699243988566e-01,6.578088689037956405e-01,8.334925822206803447e-01,9.530242836207013513e-01,9.807751687458260426e-01
5.280000000000000000e+02,6.100898587790043459e-01,6.590642685985924620e-01,8.343503462350183586e-01,9.533162798935677085e-01,9.808980983022318467e-01
5.290000000000000000e+02,6.113768006728679261e-01,6.603189624980878580e-01,8.352059805104944390e-01,9.536071159550988385e-01,9.810205078934723932e-01
5.300000000000000000e+02,6.130250679507641687e-01,6.619250165846956024e-01,8.362985643099610789e-01,9.539777930139416995e-01,9.811764710456990501e-01
5.310000000000000000e+02,6.143088639040773513e-01,6.631756968177244804e-01,8.371487008701741228e-01,9.542660347077336347e-01,9.812977362492676381e-01
5.320000000000000000e+02,6.155950025398970737e-01,6.644280802040946066e-01,8.379983130660300095e-01,9.545536581008218224e-01,9.814187095240161085e-01
5.330000000000000000e+02,6.170269582163899758e-01,6.658213162244596139e-01,8.389401906509507123e-01,9.548716598668247624e-01,9.815523981047235003e-01
5.340000000000000000e+02,6.183720365618332604e-01,6.671289092402334919e-01,8.398209657799218242e-01,9.551682020078210433e-01,9.816770053547634323e-01
5.350000000000000000e+02,6.197855070432697344e-01,6.685022769061632619e-01,8.407440096983177513e-01,9.554784502522061240e-01,9.818073342149876703e-01
5.360000000000000000e+02,6.211109844587107132e-01,6.697893579935071395e-01,8.416068082819505580e-01,9.557678708373918974e-01,9.819288723413542863e-01
5.370000000000000000e+02,6.225129392498556236e-01,6.711503518778776378e-01,8.425181620069041033e-01,9.560733246320913814e-01,9.820571251645405786e-01
5.380000000000000000e+02,6.238431890609645869e-01,6.724406811760101910e-01,8.433792113154922054e-01,9.563611568574094113e-01,9.821779246720857559e-01
5.390000000000000000e+02,6.251468456187551093e-01,6.737042182348272901e-01,8.442195745831198028e-01,9.566413622758416224e-01,9.822954725022261524e-01
5.400000000000000000e+02,6.265027784787534637e-01,6.750181127659417024e-01,8.450925598282174045e-01,9.569322248336541437e-01,9.824174753609485888e-01
5.410000000000000000e+02,6.277674104321275816e-01,6.762426976057688277e-01,8.459038574876528438e-01,9.572019427184985663e-01,9.825305669233217465e-01
5.420000000000000000e+02,6.292594106500234430e-01,6.776870900019448252e-01,8.468597737370128220e-01,9.575194866144558503e-01,9.826636937346990841e-01
5.430000000000000000e+02,6.306524780985955925e-01,6.790352311810726738e-01,8.477506671250468751e-01,9.578150990126289566e-01,9.827876024161804613e-01
5.440000000000000000e+02,6.322025952070691179e-01,6.805349150322224094e-01,8.487404767727964039e-01,9.581432261185693910e-01,9.829251181024761808e-01
5.450000000000000000e+02,6.336526882558209950e-01,6.819372719961854790e-01,8.496645061194677551e-01,9.584491614848438257e-01,9.830533060411247304e-01
5.460000000000000000e+02,6.350680498019545261e-01,6.833046344524484894e-01,8.505616012989517527e-01,9.587452178160192906e-01,9.831772865520808091e-01
5.470000000000000000e+02,6.364444128055454231e-01,6.846339772734232332e-01,8.514328093363243699e-01,9.590324976065588425e-01,9.832975751630927963e-01
5.480000000000000000e+02,6.377136898179408542e-01,6.858591720649243051e-01,8.522337906603328905e-01,9.592961342696622040e-01,9.834079296740180220e-01
5.490000000000000000e+02,6.391016275443757166e-01,6.871984748214072791e-01,8.531081932094142228e-01,9.595836473615201312e-01,9.835282580597292101e-01
5.500000000000000000e+02,6.403929366671967660e-01,6.884433328671190067e-01,8.539176699734425391e-01,9.598490139844788605e-01,9.836392615922648908e-01
5.510000000000000000e+02,6.417674703883115006e-01,6.897679693480091023e-01,8.547777994894623088e-01,9.601306876109427790e-01,9.837570653853200398e-01
5.520000000000000000e+02,6.430794595336352115e-01,6.910312299074254927e-01,8.555951083929964618e-01,9.603976189948187914e-01,9.838686530125498875e-01
5.530000000000000000e+02,6.445736649349282921e-01,6.924684143101731415e-01,8.565208639334649376e-01,9.606989865342154822e-01,9.839945674399110942e-01
5.540000000000000000e+02,6.460426119897727526e-01,6.938803808677872498e-01,8.574279187442057637e-01,9.609936775729699399e-01,9.841176511526035231e-01
5.550000000000000000e+02,6.473605391772980777e-01,6.951468449167926833e-01,8.582405981160998731e-01,9.612574910806267470e-01,9.842278231178167580e-01
5.560000000000000000e+02,6.487811238440428507e-01,6.965113554957468311e-01,8.591145991592286091e-01,9.615408308740265309e-01,9.843461229547761926e-01
5.570000000000000000e+02,6.502820061723787459e-01,6.979525316423486059e-01,8.600364852911908109e-01,9.618394039114774863e-01,9.844707626799203970e-01
5.580000000000000000e+02,6.517072926432937452e-01,6.993200355336699481e-01,8.609083957077835469e-01,9.621211164945904226e-01,9.845883169593164785e-01
5.590000000000000000e+02,6.532757047223629598e-01,7.008241819558840291e-01,8.618656459195697117e-01,9.624299815397193703e-01,9.847171722462644272e-01
5.600000000000000000e+02,6.546933842097670819e-01,7.021829132200166912e-01,8.627281119286757116e-01,9.627077368668486290e-01,9.848330122549674437e-01
5.610000000000000000e+02,6.561244307211652194e-01,7.035536630585511597e-01,8.635961469060400297e-01,9.629868032912566322e-01,9.849493655696022198e-01
5.620000000000000000e+02,6.574406328711673853e-01,7.048138150566177762e-01,8.643926108934565367e-01,9.632425020625372536e-01,9.850559511834386939e-01
5.630000000000000000e+02,6.590048882832032495e-01,7.063110906261081956e-01,8.653379991859200260e-01,9.635457912639052713e-01,9.851823591215408404e-01
5.640000000000000000e+02,6.605011347502978136e-01,7.077424386110303667e-01,8.662396200230324528e-01,9.638345424465135647e-01,9.853026733425127581e-01
5.650000000000000000e+02,6.621462743211704582e-01,7.093162064572755554e-01,8.672309136935250073e-01,9.641520030340241521e-01,9.854349493124688886e-01
5.660000000000000000e+02,6.636990195881204979e-01,7.107986414766370720e-01,8.681571551215756521e-01,9.644469032853590917e-01,9.855577060655554833e-01
5.670000000000000000e+02,6.649871983559394462e-01,7.120280569505678114e-01,8.689242095574049030e-01,9.646908699949141575e-01,9.856592436598801132e-01
5.680000000000000000e+02,6.664774134406007411e-01,7.134496248401963614e-01,8.698094636133001378e-01,9.649720460642942088e-01,9.857762411021355753e-01
5.690000000000000000e+02,6.678433129469024676e-01,7.147520929106063736e-01,8.706192625230125826e-01,9.652289630154993194e-01,9.858831241773875487e-01
5.700000000000000000e+02,6.693707823161314519e-01,7.162075337391151653e-01,8.715214238501416411e-01,9.655145608746530383e-01,9.860018964429442256e-01
5.710000000000000000e+02,6.707497366605120748e-01,7.175209417062268225e-01,8.723342414584683846e-01,9.657715807340694347e-01,9.861087637145301565e-01
5.720000000000000000e+02,6.721813681671352514e-01,7.188835584302447623e-01,8.731751081413001714e-01,9.660369293901756027e-01,9.862190570314102178e-01
5.730000000000000000e+02,6.737026111564545783e-01,7.203304591950827618e-01,8.740654860994998554e-01,9.663173424753522811e-01,9.863355736774025440e-01
5.740000000000000000e+02,6.751664940107251489e-01,7.217217681094076909e-01,8.749190986795549740e-01,9.665856073165465245e-01,9.864470036350058146e-01
5.750000000000000000e+02,6.766382055352331282e-01,7.231201506523148304e-01,8.757761476977418136e-01,9.668547512728985494e-01,9.865587850465743491e-01
5.760000000000000000e+02,6.780910827084628556e-01,7.245003504775004988e-01,8.766213476734437959e-01,9.671200176631088441e-01,9.866689453411510158e-01
5.770000000000000000e+02,6.794125028949327127e-01,7.257542881542594637e-01,8.773858484520239420e-01,9.673592106964070680e-01,9.867682271016560147e-01
5.780000000000000000e+02,6.809059838284756694e-01,7.271702421087751222e-01,8.782460693865992152e-01,9.676276811098746267e-01,9.868796154411684229e-01
5.790000000000000000e+02,6.823160196336800487e-01,7.285063641721915006e-01,8.790560517478607228e-01,9.678800921195834794e-01,9.869843149410768568e-01
5.800000000000000000e+02,6.837132993337141640e-01,7.298288730570003935e-01,8.798541094878211677e-01,9.681279894571368505e-01,9.870870882048944361e-01
5.810000000000000000e+02,6.850503998365709002e-01,7.310938486035107875e-01,8.806160733645709282e-01,9.683643773105078401e-01,9.871850697300883493e-01
5.820000000000000000e+02,6.864335039203923738e-01,7.324008870852432018e-01,8.813998980494517355e-01,9.686067993565292689e-01,9.872855019576431967e-01
5.830000000000000000e+02,6.878900341374505345e-01,7.337766097291588130e-01,8.822232439535179216e-01,9.688610870030900379e-01,9.873908258482029243e-01
5.840000000000000000e+02,6.893719782399515550e-01,7.351750889921842003e-01,8.830572664483592460e-01,9.691180445246433406e-01,9.874972133682883291e-01
5.850000000000000000e+02,6.907632220897740316e-01,7.364877698808695028e-01,8.838396350006645363e-01,9.693589843770278325e-01,9.875969621766657047e-01
5.860000000000000000e+02,6.922545003816221731e-01,7.378937116780456273e-01,8.846749513349021488e-01,9.696156712215828755e-01,9.877031926978862009e-01
5.870000000000000000e+02,6.936218892057465224e-01,7.391822362035685989e-01,8.854390649281976833e-01,9.698501734087687787e-01,9.878002216118055845e-01
5.880000000000000000e+02,6.951661140401643735e-01,7.406360116292667328e-01,8.862979536095905164e-01,9.701130844519876284e-01,9.879089598066789213e-01
5.890000000000000000e+02,6.966660160178230754e-01,7.420474895306425900e-01,8.871305319253837141e-01,9.703676648729965271e-01,9.880142339924264938e-01
5.900000000000000000e+02,6.981562944970249873e-01,7.434486422085976320e-01,8.879540955482360109e-01,9.706188789827492336e-01,9.881180754224596630e-01
5.910000000000000000e+02,6.996860919189260564e-01,7.448869031813023511e-01,8.887993619864777983e-01,9.708766905561181382e-01,9.882246424585847677e-01
5.920000000000000000e+02,7.011667846679863203e-01,7.462785241808219672e-01,8.896161312520282083e-01,9.711255842830220919e-01,9.883275081985180011e-01
5.930000000000000000e+02,7.028803942361161461e-01,7.478884579323207271e-01,8.905596748120232498e-01,9.714128281379733609e-01,9.884462049456205213e-01
5.940000000000000000e+02,7.043436566611164240e-01,7.492610253137110821e-01,8.913591777281282269e-01,9.716552076029979501e-01,9.885462951676442511e-01
5.950000000000000000e+02,7.057059247266523894e-01,7.505377846410056231e-01,8.921004496827449337e-01,9.718794374872296027e-01,9.886388576283796636e-01
5.960000000000000000e+02,7.071889058424621899e-01,7.519273026521806624e-01,8.929063388557214598e-01,9.721230402242375668e-01,9.887394057301723826e-01
5.970000000000000000e+02,7.086337765740363670e-01,7.532800719281200763e-01,8.936885815164412605e-01,9.723590205604250025e-01,9.888367762248109205e-01
5.980000000000000000e+02,7.102696416090042986e-01,7.548112167184075627e-01,8.945729773452665290e-01,9.726256160527902983e-01,9.889467658409910600e-01
5.990000000000000000e+02,7.117236498796081223e-01,7.561709643839711337e-01,8.953557410565154973e-01,9.728610432865123503e-01,9.890438611875358443e-01
6.000000000000000000e+02,7.130849399824594759e-01,7.574429322386055929e-01,8.960855971343201221e-01,9.730800801512053955e-01,9.891341652776552973e-01
6.010000000000000000e+02,7.145625893826894615e-01,7.588225948524123243e-01,8.968749791637652402e-01,9.733165270397804436e-01,9.892316172116949469e-01
6.020000000000000000e+02,7.161228729343416255e-01,7.602786406682158216e-01,8.977063707882350085e-01,9.735652193340252891e-01,9.893340938688383046e-01
6.030000000000000000e+02,7.177036415772022337e-01,7.617525920244641036e-01,8.985453388854005574e-01,9.738156520580465436e-01,9.894372531360159373e-01
6.040000000000000000e+02,7.191450940330452735e-01,7.630954615355871606e-01,8.993071304097841612e-01,9.740425404692565348e-01,9.895306806741271943e-01
6.050000000000000000e+02,7.207273873275198417e-01,7.645688519267754835e-01,9.001414752679117726e-01,9.742907443369454024e-01,9.896328661995638099e-01
6.060000000000000000e+02,7.222739638187176681e-01,7.660077663446491769e-01,9.009536717120084637e-01,9.745318443508400597e-01,9.897320933643508623e-01
6.070000000000000000e+02,7.237564484615645055e-01,7.673864442189692880e-01,9.017305649092239861e-01,9.747622097969860233e-01,9.898268859452221680e-01
6.080000000000000000e+02,7.253706579320745584e-01,7.688864632487336648e-01,9.025733521005804283e-01,9.750116305908262948e-01,9.899294879929873003e-01
6.090000000000000000e+02,7.268477309236923700e-01,7.702571758242260369e-01,9.033395116884553877e-01,9.752376044300958835e-01,9.900223947851578554e-01
6.100000000000000000e+02,7.285231389267687874e-01,7.718114883131261816e-01,9.042073350659129982e-01,9.754933782678678611e-01,9.901275414870407410e-01
6.110000000000000000e+02,7.299518604463877125e-01,7.731360080019560321e-01,9.049448831846953478e-01,9.757103764868538809e-01,9.902167231483213206e-01
6.120000000000000000e+02,7.315659222341780454e-01,7.746311557369852663e-01,9.057749368344619745e-01,9.759541113982055371e-01,9.903168618707957060e-01
6.130000000000000000e+02,7.331990041791104362e-01,7.761422471412019464e-01,9.066103471724813456e-01,9.761987543023040725e-01,9.904173305693599882e-01
6.140000000000000000e+02,7.348087284011687315e-01,7.776309372986393020e-01,9.074317361463066778e-01,9.764389808105700119e-01,9.905159654757812460e-01
6.150000000000000000e+02,7.363202072776094953e-01,7.790273561563334503e-01,9.081992950547352894e-01,9.766629133187936240e-01,9.906078746342248387e-01
6.160000000000000000e+02,7.376872636577921361e-01,7.802901035253884121e-01,9.088928793279090756e-01,9.768651697621391072e-01,9.906908811458271513e-01
6.170000000000000000e+02,7.391489659485076524e-01,7.816388838293247820e-01,9.096308654729066134e-01,9.770798396535874675e-01,9.907789477035978676e-01
6.180000000000000000e+02,7.406390130553722750e-01,7.830133422452303371e-01,9.103819271114611533e-01,9.772981309179974430e-01,9.908684881655592802e-01
6.190000000000000000e+02,7.423937697989279050e-01,7.846308398951846730e-01,9.112634831323095375e-01,9.775539188486801478e-01,9.909733815960155567e-01
6.200000000000000000e+02,7.439820958922015448e-01,7.860940049913432981e-01,9.120590599417721656e-01,9.777844131295971852e-01,9.910678803516199675e-01
6.210000000000000000e+02,7.455396977516690615e-01,7.875266454440428276e-01,9.128335666596623099e-01,9.780079791465637884e-01,9.911594858376631123e-01
6.220000000000000000e+02,7.470721958486963299e-01,7.889359007936930235e-01,9.135948391934124446e-01,9.782276162696443844e-01,9.912494745004645225e-01
6.230000000000000000e+02,7.487175871048886711e-01,7.904461608592674438e-01,9.144050831979556593e-01,9.784603636727924325e-01,9.913447696004827892e-01
6.240000000000000000e+02,7.501513936626357237e-01,7.917603441958349642e-01,9.151064504799948374e-01,9.786611698889741140e-01,9.914269444273270393e-01
6.250000000000000000e+02,7.517376286069772373e-01,7.932131267512465556e-01,9.158796091622840585e-01,9.788821386544224179e-01,9.915173453292378536e-01
6.260000000000000000e+02,7.533441746128104466e-01,7.946839948743227300e-01,9.166613841310270461e-01,9.791053888660393723e-01,9.916086680786596608e-01
6.270000000000000000e+02,7.549348927070759219e-01,7.961390198784685790e-01,9.174321100038475008e-01,9.793250140312658170e-01,9.916984781368149982e-01
6.280000000000000000e+02,7.567083855492580113e-01,7.977608302605947443e-01,9.182904104152486147e-01,9.795694566870363218e-01,9.917984279302536343e-01
6.290000000000000000e+02,7.582977408871739433e-01,7.992131527120853729e-01,9.190568903668555611e-01,9.797873715415891249e-01,9.918875068808822304e-01
6.300000000000000000e+02,7.600504802021919026e-01,8.008130819462488947e-01,9.198980243338293894e-01,9.800259367981939418e-01,9.919849909433611224e-01
6.310000000000000000e+02,7.616540665396693832e-01,8.022762919162358397e-01,9.206661900448954716e-01,9.802436142056620838e-01,9.920739275135032065e-01
6.320000000000000000e+02,7.632324474641717371e-01,8.037158365342420563e-01,9.214206599927474706e-01,9.804571868266218626e-01,9.921611728463775037e-01
6.330000000000000000e+02,7.647141449262949697e-01,8.050662171715625703e-01,9.221265260828007682e-01,9.806566725019996156e-01,9.922426428772013196e-01
6.340000000000000000e+02,7.661559612982382639e-01,8.063781760109147712e-01,9.228083912825191248e-01,9.808486936139869661e-01,9.923210214757007819e-01
6.350000000000000000e+02,7.678113687423100409e-01,8.078830689355256389e-01,9.235878692322622152e-01,9.810677430268258670e-01,9.924104034554126486e-01
6.360000000000000000e+02,7.694862586776018976e-01,8.094037436588011891e-01,9.243719299530184230e-01,9.812874625219388802e-01,9.925000201125745436e-01
6.370000000000000000e+02,7.710306909574746737e-01,8.108054574943946990e-01,9.250936996431249337e-01,9.814895622323893676e-01,9.925824399449476587e-01
6.380000000000000000e+02,7.726076695591557186e-01,8.122358757485980130e-01,9.258287078250870827e-01,9.816951049934198315e-01,9.926662473904612760e-01
6.390000000000000000e+02,7.743403692219656964e-01,8.138070488690468673e-01,9.266351312359292214e-01,9.819204633194988929e-01,9.927581246457745090e-01
6.400000000000000000e+02,7.758377609198796598e-01,8.151630661035761394e-01,9.273278520512217016e-01,9.821134916408688076e-01,9.928367864624342287e-01
6.410000000000000000e+02,7.775364671543507633e-01,8.166993391219812271e-01,9.281089229722984113e-01,9.823305093624652429e-01,9.929251850648632693e-01
6.420000000000000000e+02,7.791250572164616361e-01,8.181357360867392847e-01,9.288386905043160002e-01,9.825331843461321268e-01,9.930077358864685122e-01
6.430000000000000000e+02,7.806263768292461824e-01,8.194922524980240430e-01,9.295261197906771189e-01,9.827238065438245185e-01,9.930853592060221446e-01
6.440000000000000000e+02,7.823615714131038068e-01,8.210598085763807230e-01,9.303199946489978389e-01,9.829438618407758677e-01,9.931749627606882846e-01
6.450000000000000000e+02,7.839029466334451746e-01,8.224494296189599485e-01,9.310186722116934321e-01,9.831366849336644620e-01,9.932534253711163830e-01
6.460000000000000000e+02,7.855734933547047216e-01,8.239535164842746173e-01,9.317713764459463199e-01,9.833438371724063654e-01,9.933376827456225078e-01
6.470000000000000000e+02,7.870821902526101699e-01,8.253090342000870550e-01,9.324447359111296407e-01,9.835283371597707269e-01,9.934126761955763829e-01
6.480000000000000000e+02,7.886569103876232001e-01,8.267236161217298429e-01,9.331469897443191996e-01,9.837206815007518701e-01,9.934908536443035620e-01
6.490000000000000000e+02,7.902765646733604932e-01,8.281775437593488221e-01,9.338670034616405324e-01,9.839176021961151264e-01,9.935708733818445770e-01
6.500000000000000000e+02,7.918048132519265314e-01,8.295477142545261140e-01,9.345425910445656070e-01,9.841018963531370511e-01,9.936457329744583511e-01
6.510000000000000000e+02,7.934651496082784083e-01,8.310358450876188519e-01,9.352755406679652550e-01,9.843017093339110346e-01,9.937268883214491755e-01
6.520000000000000000e+02,7.952039058624305046e-01,8.325919436686485264e-01,9.360379947694931202e-01,9.845089295940485652e-01,9.938110131708747241e-01
6.530000000000000000e+02,7.968437094324843928e-01,8.340581446878112537e-01,9.367541209099370381e-01,9.847031953844226360e-01,9.938898566533981294e-01
6.540000000000000000e+02,7.984624963898643291e-01,8.355050928607392624e-01,9.374600612034200697e-01,9.848945735755746389e-01,9.939675205716573814e-01
6.550000000000000000e+02,8.003263880093531846e-01,8.371702461387259264e-01,9.382709692948393299e-01,9.851141716468471143e-01,9.940566220329046798e-01
6.560000000000000000e+02,8.025649901674901665e-01,8.391658124846197442e-01,9.392354972994161333e-01,9.853742250208764597e-01,9.941620682964810163e-01
6.570000000000000000e+02,8.042168896329027206e-01,8.406362122290325090e-01,9.399426064908109613e-01,9.855643139900547300e-01,9.942391113747649500e-01
6.580000000000000000e+02,8.057166879966227713e-01,8.419710263417963247e-01,9.405841882108428864e-01,9.857367368756159154e-01,9.943089913063865026e-01
6.590000000000000000e+02,8.075055424911566915e-01,8.435611407822153351e-01,9.413452550924392703e-01,9.859407708989051944e-01,9.943916522990753348e-01
6.600000000000000000e+02,8.090615648308505659e-01,8.449428362927333680e-01,9.420041876955064231e-01,9.861170566630055312e-01,9.944630492816193268e-01
6.610000000000000000e+02,8.108773696792489494e-01,8.465536434769445062e-01,9.427698347747472951e-01,9.863215005581276174e-01,9.945458268007024705e-01
6.620000000000000000e+02,8.128254140870317945e-01,8.482784029962888717e-01,9.435842282700521721e-01,9.865381359134107742e-01,9.946334907300119488e-01
6.630000000000000000e+02,8.144413572219545427e-01,8.497072384821199309e-01,9.442558734853943037e-01,9.867163422654154914e-01,9.947055763976920817e-01
6.640000000000000000e+02,8.162341988114519831e-01,8.512912374463792453e-01,9.449984644838262948e-01,9.869130724981035607e-01,9.947851370321141307e-01
6.650000000000000000e+02,8.180326872162426710e-01,8.528780383278201649e-01,9.457389132198461557e-01,9.871087175405403036e-01,9.948642276910864002e-01
6.660000000000000000e+02,8.199438424591314334e-01,8.545636994453214008e-01,9.465246349821866412e-01,9.873161965778602944e-01,9.949480946050491825e-01
6.670000000000000000e+02,8.215907417911818555e-01,8.560138172003847190e-01,9.471967084381431867e-01,9.874930929353016307e-01,9.950195651201141356e-01
6.680000000000000000e+02,8.232115539787062675e-01,8.574384784399501358e-01,9.478531331158090989e-01,9.876653032205097160e-01,9.950891084407725851e-01
6.690000000000000000e+02,8.247957017531453161e-01,8.588306273193292428e-01,9.484941379865561295e-01,9.878334035723592699e-01,9.951569881926423111e-01
6.700000000000000000e+02,8.266160579970599498e-01,8.604267173983032313e-01,9.492234807572023092e-01,9.880238592027238420e-01,9.952338468088779422e-01
6.710000000000000000e+02,8.283999958449379530e-01,8.619890812480095477e-01,9.499346916538636831e-01,9.882091858815139629e-01,9.953086121804595177e-01
6.720000000000000000e+02,8.299748852340234073e-01,8.633677891343056743e-01,9.505614353710294395e-01,9.883723772504364735e-01,9.953744401893465099e-01
6.730000000000000000e+02,8.318814757630743628e-01,8.650341178211501392e-01,9.513147851165294488e-01,9.885679393837168982e-01,9.954532905988002778e-01
6.740000000000000000e+02,8.343142686898848970e-01,8.671586362215391031e-01,9.522727443986088725e-01,9.888162530360228297e-01,9.955533888315546420e-01
6.750000000000000000e+02,8.363262652441246781e-01,8.689151607565146485e-01,9.530640006526839292e-01,9.890212451534332594e-01,9.956360170955975697e-01
6.760000000000000000e+02,8.381872928980581561e-01,8.705380277791592292e-01,9.537922978658680551e-01,9.892095353482301956e-01,9.957118900117767346e-01
6.770000000000000000e+02,8.400796039136936288e-01,8.721854246237752406e-01,9.545275634435079759e-01,9.893990568289718901e-01,9.957882254217645945e-01
6.780000000000000000e+02,8.420493159999479227e-01,8.738978692230801038e-01,9.552884576565052743e-01,9.895947067951997855e-01,9.958670011213542894e-01
6.790000000000000000e+02,8.437027315796009619e-01,8.753318943111439987e-01,9.559206886158455596e-01,9.897565852338765513e-01,9.959321387748339971e-01
6.800000000000000000e+02,8.457047007910467595e-01,8.770672258320999504e-01,9.566843305927935637e-01,9.899519127510776340e-01,9.960107242611958567e-01
6.810000000000000000e+02,8.474930230835524547e-01,8.786157545723216611e-01,9.573634732304820982e-01,9.901253100954142683e-01,9.960804680898350805e-01
6.820000000000000000e+02,8.491439454894582628e-01,8.800431927930502107e-01,9.579865166827560286e-01,9.902839741849498445e-01,9.961442619130634890e-01
6.830000000000000000e+02,8.509833224019052178e-01,8.816298657117515036e-01,9.586738692095346792e-01,9.904583100748962643e-01,9.962143157368452684e-01
6.840000000000000000e+02,8.527875004021536753e-01,8.831840656723251026e-01,9.593442275689615384e-01,9.906279407079527921e-01,9.962824558273660758e-01
6.850000000000000000e+02,8.547071014900241570e-01,8.848369158323516892e-01,9.600560579602410716e-01,9.908079205167098502e-01,9.963547446993541445e-01
6.860000000000000000e+02,8.569704967398092954e-01,8.867836466411924690e-01,9.608915121461527598e-01,9.910187631805087438e-01,9.964394067072591676e-01
6.870000000000000000e+02,8.587069353031490104e-01,8.882754706211447582e-01,9.615294502462876647e-01,9.911794534446530802e-01,9.965039127240590267e-01
6.880000000000000000e+02,8.606436481048428400e-01,8.899383548976756986e-01,9.622391752934391640e-01,9.913580448396960287e-01,9.965755942851657334e-01
6.890000000000000000e+02,8.622024268667251024e-01,8.912736417601664352e-01,9.628048990934193752e-01,9.914998489384467817e-01,9.966324785521687435e-01
6.900000000000000000e+02,8.639737572778223296e-01,8.927879565705819642e-01,9.634424039275291118e-01,9.916591134588819134e-01,9.966963362979651686e-01
6.910000000000000000e+02,8.657992374008283143e-01,8.943472657669027104e-01,9.640971302043233049e-01,9.918224561216654189e-01,9.967618162608308241e-01
6.920000000000000000e+02,8.677963553307239675e-01,8.960482138937251317e-01,9.648048094635983674e-01,9.919981693317964089e-01,9.968322069912509686e-01
6.930000000000000000e+02,8.693996323490179590e-01,8.974127355698773290e-01,9.653712295017391476e-01,9.921386430654351996e-01,9.968884712778778301e-01
6.940000000000000000e+02,8.711743829525698812e-01,8.989213032913653256e-01,9.659949972682119190e-01,9.922930265382966519e-01,9.969502889385832844e-01
6.950000000000000000e+02,8.731334321978271307e-01,9.005825988767987011e-01,9.666768854156969626e-01,9.924611577637084681e-01,9.970175749984534486e-01
6.960000000000000000e+02,8.750126137678732041e-01,9.021741246893163479e-01,9.673275461787474994e-01,9.926212630829331918e-01,9.970816304633872695e-01
6.970000000000000000e+02,8.770544978339743780e-01,9.038992331129793723e-01,9.680275257492879648e-01,9.927928432669911318e-01,9.971502392101710965e-01
6.980000000000000000e+02,8.790983302309103298e-01,9.056238331478303483e-01,9.687246166436925821e-01,9.929633823092985923e-01,9.972184127014825927e-01
6.990000000000000000e+02,8.809486943091406896e-01,9.071844382452430855e-01,9.693544962098578077e-01,9.931173640445387640e-01,9.972799608529311355e-01
7.000000000000000000e+02,8.827761678497941800e-01,9.087249082017423429e-01,9.699752234806804374e-01,9.932689815917090659e-01,9.973405568094179108e-01
7.010000000000000000e+02,8.847217137488452288e-01,9.103638144543079180e-01,9.706342679050075084e-01,9.934297922241740464e-01,9.974048174700116398e-01
7.020000000000000000e+02,8.865081815737659854e-01,9.118658032641984157e-01,9.712346903466767545e-01,9.935758622215077329e-01,9.974631629839735281e-01
7.030000000000000000e+02,8.886076290293192237e-01,9.136246192051239445e-01,9.719301658878058969e-01,9.937441361166130527e-01,9.975303256098180249e-01
7.040000000000000000e+02,8.906664753634661036e-01,9.153477341340227058e-01,9.726095101744594018e-01,9.939082645947951988e-01,9.975958200269592346e-01
7.050000000000000000e+02,8.925121432526941234e-01,9.168918907760819081e-01,9.732176540217488681e-01,9.940551136116611008e-01,9.976544148157188152e-01
7.060000000000000000e+02,8.944513123847421809e-01,9.185079137855345355e-01,9.738466258605964487e-01,9.942061057915847488e-01,9.977146130912900590e-01
7.070000000000000000e+02,8.965249919062359130e-01,9.202347345505924592e-01,9.745172115074128838e-01,9.943669095930139923e-01,9.977787131151962807e-01
7.080000000000000000e+02,8.985868705905006859e-01,9.219496646915689153e-01,9.751807907506694351e-01,9.945257524227327783e-01,9.978420157251548517e-01
7.090000000000000000e+02,9.003722679166140663e-01,9.234297570547214118e-01,9.757479215245615789e-01,9.946608594957617733e-01,9.978958228982465206e-01
7.100000000000000000e+02,9.024164222566822824e-01,9.251215156391712213e-01,9.763929430789323183e-01,9.948141513128947455e-01,9.979568515794419170e-01
7.110000000000000000e+02,9.044679691938644073e-01,9.268146541139918870e-01,9.770331960555862505e-01,9.949657044078262791e-01,9.980171544172505849e-01
7.120000000000000000e+02,9.064311945988448027e-01,9.284340441266577537e-01,9.776446106321470264e-01,9.951103227894347869e-01,9.980746919181036070e-01
7.130000000000000000e+02,9.085541501486085192e-01,9.301808005067077056e-01,9.782992844006188626e-01,9.952646271326651695e-01,9.981360528113165653e-01
7.140000000000000000e+02,9.107085012248582467e-01,9.319488239245971029e-01,9.789569682914237569e-01,9.954190850079192021e-01,9.981974440560874573e-01
7.150000000000000000e+02,9.130851720019026452e-01,9.338908711011517649e-01,9.796703880772797968e-01,9.955856387103859673e-01,9.982635883067217941e-01
7.160000000000000000e+02,9.153042862516999056e-01,9.357028629102577266e-01,9.803346459124673284e-01,9.957405626916354668e-01,9.983251056101454246e-01
7.170000000000000000e+02,9.171587009065902407e-01,9.372099291417976819e-01,9.808796957592536003e-01,9.958668791498986872e-01,9.983752194102701871e-01
7.180000000000000000e+02,9.194934663054510349e-01,9.391064187364648319e-01,9.815646035721293794e-01,9.960255018687093065e-01,9.984381443372177811e-01
7.190000000000000000e+02,9.214923730722363038e-01,9.407282012692467221e-01,9.821483589696506922e-01,9.961604887624858629e-01,9.984916816064098866e-01
7.200000000000000000e+02,9.237993749589702430e-01,9.425872589318650130e-01,9.828047828101104111e-01,9.963109371520337820e-01,9.985512782697554268e-01
7.210000000000000000e+02,9.263683145727572565e-01,9.446526331620299644e-01,9.835293690055725291e-01,9.964765184264987585e-01,9.986168429581029349e-01
7.220000000000000000e+02,9.285154751502556758e-01,9.463757968319024272e-01,9.841308672096736876e-01,9.966136571115861154e-01,9.986711283016967977e-01
7.230000000000000000e+02,9.307863145597561338e-01,9.481947356590182396e-01,9.847624322701722388e-01,9.967573037603962849e-01,9.987279710304445279e-01
7.240000000000000000e+02,9.329219028169184469e-01,9.498958260583547641e-01,9.853440579954811929e-01,9.968886772814543606e-01,9.987799080174269983e-01
7.250000000000000000e+02,9.349673482806698521e-01,9.515227797472896043e-01,9.858981532666044600e-01,9.970136123965590569e-01,9.988292878465284685e-01
7.260000000000000000e+02,9.370613226953062869e-01,9.531819133602880134e-01,9.864572855599830215e-01,9.971390930530078522e-01,9.988788517382777288e-01
7.270000000000000000e+02,9.393421946101331299e-01,9.549884323306719880e-01,9.870654460830809995e-01,9.972755128929515767e-01,9.989327331133114329e-01
7.280000000000000000e+02,9.416350113759320850e-01,9.567885025884306227e-01,9.876572368713082417e-01,9.974068845193251320e-01,9.989845476409950908e-01
7.290000000000000000e+02,9.440578414575193644e-01,9.586862002729785726e-01,9.882772431123328927e-01,9.975441467879658797e-01,9.990386657512072555e-01
7.300000000000000000e+02,9.463198977480371532e-01,9.604556630465188594e-01,9.888533537235577597e-01,9.976714997403348661e-01,9.990888668080821766e-01
7.310000000000000000e+02,9.490370831818912833e-01,9.625789176759509402e-01,9.895427344210279141e-01,9.978237087074107725e-01,9.991488561350108100e-01
7.320000000000000000e+02,9.513546596301654112e-01,9.643780921436994058e-01,9.901169038129847833e-01,9.979495449704518517e-01,9.991984021681207251e-01
7.330000000000000000e+02,9.538865585006842673e-01,9.663354316104374453e-01,9.907347591451740598e-01,9.980843281211192464e-01,9.992514380068225899e-01
7.340000000000000000e+02,9.562787792596906256e-01,9.681738710490305211e-01,9.913062668277297096e-01,9.982081997747100921e-01,9.993001384958161148e-01
7.350000000000000000e+02,9.588602006017317159e-01,9.701397467072134795e-01,9.919033728562796082e-01,9.983363785141239344e-01,9.993504680380131955e-01
7.360000000000000000e+02,9.615965358419814590e-01,9.722021116442040034e-01,9.925137188215517048e-01,9.984660171450955302e-01,9.994012997520088648e-01
7.370000000000000000e+02,9.643364258640970688e-01,9.742529478567231171e-01,9.931103918745695092e-01,9.985918857989319886e-01,9.994506089251903314e-01
7.380000000000000000e+02,9.668219792446283156e-01,9.761069872571151995e-01,9.936452616453339548e-01,9.987043370537700415e-01,9.994946424047748135e-01
7.390000000000000000e+02,9.694423769632899424e-01,9.780525861584955516e-01,9.942002670886355142e-01,9.988205033829609114e-01,9.995401042323172058e-01
7.400000000000000000e+02,9.724957742015403195e-01,9.802990811976004526e-01,9.948272079737925377e-01,9.989506055054606648e-01,9.995909631430185405e-01
7.410000000000000000e+02,9.748815798314802716e-01,9.820484571574916721e-01,9.953114923904471389e-01,9.990507903090902753e-01,9.996301110807442880e-01
7.420000000000000000e+02,9.774386678100535075e-01,9.839155535006355313e-01,9.958232555025028354e-01,9.991562557586517457e-01,9.996713021161325319e-01
7.430000000000000000e+02,9.799261133943532043e-01,9.857187167593187693e-01,9.963092069185520705e-01,9.992557583919473574e-01,9.997101320224889287e-01
7.440000000000000000e+02,9.826128908945320761e-01,9.876620733138835595e-01,9.968302583653781967e-01,9.993622410480518248e-01,9.997516754397894889e-01
7.450000000000000000e+02,9.852831382665241389e-01,9.895892964000692071e-01,9.973444033801400765e-01,9.994671141703997952e-01,9.997925809940374497e-01
7.460000000000000000e+02,9.879446759629482155e-01,9.915024043760697348e-01,9.978500098591625012e-01,9.995698828080923359e-01,9.998326475889640630e-01
7.470000000000000000e+02,9.904446759857387095e-01,9.932848717675772932e-01,9.983124603312091283e-01,9.996632361753883256e-01,9.998690114883796998e-01
7.480000000000000000e+02,9.937923820320392343e-01,9.956634674285779196e-01,9.989247561085732308e-01,9.997864822415134523e-01,9.999170018239477153e-01
7.490000000000000000e+02,9.966502703609559921e-01,9.976699253902859832e-01,9.994276883480792684e-01,9.998867391337470378e-01,9.999559924762747576e-01
7.500000000000000000e+02,9.999999999999997780e-01,9.999999999999988898e-01,1.000000000000000666e+00,9.999999999999993339e-01,1.000000000000000000e+00
