feature,family,t,feature_dim,cutoff,taper_power,whitening_power,taper_strength,low_high_backprop_gain_ratio,retained_signal_fraction,n,sigma,noise_signal_ratio,de_alpha_cv,de_lambda,de_kappa,de_effective_noise_variance,de_df2,de_variance_scale,de_gen_error,de_gen_error_normalized,de_r2_gen,de_slope_gen,de_acc_error,de_acc_error_normalized,de_r2_acc,de_slope_acc,de_acc_numerator,de_acc_denominator,de_mean_feature_norm_sq,de_mean_pixel_gradient_norm_sq,n_trials,mc_elapsed_seconds,case_path,mc_alpha_cv,mc_alpha_cv_std,mc_alpha_cv_se,mc_alpha_cv_median,mc_alpha_cv_q25,mc_alpha_cv_q75,mc_gen_error_normalized,mc_gen_error_normalized_std,mc_gen_error_normalized_se,mc_gen_error_normalized_median,mc_gen_error_normalized_q25,mc_gen_error_normalized_q75,mc_r2_gen,mc_r2_gen_std,mc_r2_gen_se,mc_r2_gen_median,mc_r2_gen_q25,mc_r2_gen_q75,mc_slope_gen,mc_slope_gen_std,mc_slope_gen_se,mc_slope_gen_median,mc_slope_gen_q25,mc_slope_gen_q75,mc_acc_error_normalized,mc_acc_error_normalized_std,mc_acc_error_normalized_se,mc_acc_error_normalized_median,mc_acc_error_normalized_q25,mc_acc_error_normalized_q75,mc_r2_acc,mc_r2_acc_std,mc_r2_acc_se,mc_r2_acc_median,mc_r2_acc_q25,mc_r2_acc_q75,mc_slope_acc,mc_slope_acc_std,mc_slope_acc_se,mc_slope_acc_median,mc_slope_acc_q25,mc_slope_acc_q75
coupled_t000,coupled,0.0,10000,100,2.0,1.0,0.0,40919881.46171217,1.0,1000,0.0,0.0,1e-06,9.999999999999999e-10,9.000000001111117,0.0,99.99999997777763,6.100472934520198,6100.472934520197,0.8999999999999998,0.1000000000000002,1.0000000001111118,6778.072786305651,0.9999659982353272,-3459671995.3642626,1.70010268538735e-05,69.19999752153124,4070342.2279322366,67.78303259071701,4070342.2279322366,nan,nan,nan,nan,nan,nan,nan,nan,nan,nan,nan,nan,nan,nan,nan,nan,nan,nan,nan,nan,nan,nan,nan,nan,nan,nan,nan,nan,nan,nan,nan,nan,nan,nan,nan,nan,nan,nan,nan,nan,nan,nan,nan,nan,nan
coupled_t000,coupled,0.0,10000,100,2.0,1.0,0.0,40919881.46171217,1.0,1000,0.01,1.4752954560412044e-08,1e-06,9.999999999999999e-10,9.000000001111117,0.0001,99.99999997777763,6.1004730456313085,6100.472945631308,0.900000001639217,0.099999998360783,0.9999999837189406,6778.072786309848,0.9999659982359465,-3459672121.391829,1.7001026544225424e-05,69.19999752153124,4070342.302067386,67.78303259071701,4070342.302067386,nan,nan,nan,nan,nan,nan,nan,nan,nan,nan,nan,nan,nan,nan,nan,nan,nan,nan,nan,nan,nan,nan,nan,nan,nan,nan,nan,nan,nan,nan,nan,nan,nan,nan,nan,nan,nan,nan,nan,nan,nan,nan,nan,nan,nan
coupled_t000,coupled,0.0,10000,100,2.0,1.0,0.0,40919881.46171217,1.0,1000,0.03,1.3277659104370838e-07,0.0012589254117941675,1.2589254117941674e-06,9.00000139880599,0.0009,99.99997202388606,6.100473934520178,6100.47303452018,0.9000000147529518,0.09999998524704823,0.9999999923510572,6778.072786311217,0.9999659982361483,-3459672162.482716,1.700102644326566e-05,69.19998784948444,4070341.7573293354,67.78301364272151,4070341.7573293354,nan,nan,nan,nan,nan,nan,nan,nan,nan,nan,nan,nan,nan,nan,nan,nan,nan,nan,nan,nan,nan,nan,nan,nan,nan,nan,nan,nan,nan,nan,nan,nan,nan,nan,nan,nan,nan,nan,nan,nan,nan,nan,nan,nan,nan
coupled_t000,coupled,0.0,10000,100,2.0,1.0,0.0,40919881.46171217,1.0,1000,0.1,1.4752954560412047e-06,0.014125375446227554,1.4125375446227553e-05,9.00001569485887,0.010000000000000002,99.99968610356157,6.100484045629288,6100.474045629288,0.9000001639214191,0.09999983607858087,0.9999999302691266,6778.072786363724,0.9999659982438946,-3459673738.8876367,1.700102257006096e-05,69.19988892097113,4070336.8656678987,67.78281983725478,4070336.8656678987,nan,nan,nan,nan,nan,nan,nan,nan,nan,nan,nan,nan,nan,nan,nan,nan,nan,nan,nan,nan,nan,nan,nan,nan,nan,nan,nan,nan,nan,nan,nan,nan,nan,nan,nan,nan,nan,nan,nan,nan,nan,nan,nan,nan,nan
coupled_t000,coupled,0.0,10000,100,2.0,1.0,0.0,40919881.46171217,1.0,1000,0.3,1.3277659104370838e-05,0.12589254117941687,0.00012589254117941688,9.000139880383905,0.09,99.99720245102034,6.100572934356719,6100.482934356719,0.900001475271338,0.099998524728662,0.9999992351192323,6778.0727868597405,0.9999659983170718,-3459688630.8505707,1.700098598084831e-05,69.19902957053796,4070295.0786790242,67.78113634224292,4070295.0786790242,nan,nan,nan,nan,nan,nan,nan,nan,nan,nan,nan,nan,nan,nan,nan,nan,nan,nan,nan,nan,nan,nan,nan,nan,nan,nan,nan,nan,nan,nan,nan,nan,nan,nan,nan,nan,nan,nan,nan,nan,nan,nan,nan,nan,nan
coupled_t000,coupled,0.0,10000,100,2.0,1.0,0.0,40919881.46171217,1.0,1000,0.5,3.6882386401030106e-05,0.354813389233576,0.000354813389233576,9.000394235372305,0.25,99.99211575879399,6.100750711035038,6100.500711035036,0.9000040978566125,0.0999959021433875,0.9999984433580082,6778.072787713795,0.9999659984430701,-3459714272.4279966,1.7000922980632054e-05,69.19726952808868,4070206.6356585594,67.77768842799257,4070206.6356585594,nan,nan,nan,nan,nan,nan,nan,nan,nan,nan,nan,nan,nan,nan,nan,nan,nan,nan,nan,nan,nan,nan,nan,nan,nan,nan,nan,nan,nan,nan,nan,nan,nan,nan,nan,nan,nan,nan,nan,nan,nan,nan,nan,nan,nan
coupled_t000,coupled,0.0,10000,100,2.0,1.0,0.0,40919881.46171217,1.0,1000,0.7,7.228947734601901e-05,0.7079457843841388,0.0007079457843841388,9.000786599552754,0.48999999999999994,99.9842698649668,6.101017374108235,6100.527374108233,0.9000080314476856,0.0999919685523144,0.9999983391636431,6778.072788745093,0.999965998595217,-3459745235.788456,1.700084690596488e-05,69.19455468864308,4070065.160363607,67.77237024322153,4070065.160363607,nan,nan,nan,nan,nan,nan,nan,nan,nan,nan,nan,nan,nan,nan,nan,nan,nan,nan,nan,nan,nan,nan,nan,nan,nan,nan,nan,nan,nan,nan,nan,nan,nan,nan,nan,nan,nan,nan,nan,nan,nan,nan,nan,nan,nan
coupled_t000,coupled,0.0,10000,100,2.0,1.0,0.0,40919881.46171217,1.0,1000,1.0,0.00014752954560412043,1.4125375446227555,0.0014125375446227555,9.001569458796027,1.0,99.96861821213615,6.101584025434713,6100.584025434713,0.9000163891921391,0.09998361080786089,0.9999930282846542,6778.072792109235,0.9999659990915273,-3459846242.7526245,1.7000598746487144e-05,69.18913857900694,4069805.988056955,67.76176107827993,4069805.988056955,nan,nan,nan,nan,nan,nan,nan,nan,nan,nan,nan,nan,nan,nan,nan,nan,nan,nan,nan,nan,nan,nan,nan,nan,nan,nan,nan,nan,nan,nan,nan,nan,nan,nan,nan,nan,nan,nan,nan,nan,nan,nan,nan,nan,nan
coupled_t000,coupled,0.0,10000,100,2.0,1.0,0.0,40919881.46171217,1.0,1000,1.5,0.00033194147760927097,3.1622776601683795,0.0031622776601683794,9.003513504728394,2.25,99.9297669222369,6.102972832344575,6100.7228323445715,0.9000368673124772,0.09996313268752277,0.9999825481191594,6778.072799768126,0.99996600022144,-3460076214.176152,1.700003378055124e-05,69.17569261691023,4069150.3034570534,67.73542649577976,4069150.3034570534,nan,nan,nan,nan,nan,nan,nan,nan,nan,nan,nan,nan,nan,nan,nan,nan,nan,nan,nan,nan,nan,nan,nan,nan,nan,nan,nan,nan,nan,nan,nan,nan,nan,nan,nan,nan,nan,nan,nan,nan,nan,nan,nan,nan,nan
coupled_t000,coupled,0.0,10000,100,2.0,1.0,0.0,40919881.46171217,1.0,1000,2.0,0.0005901181824164817,5.62341325190349,0.00562341325190349,9.006247803494613,4.0,99.87516093777609,6.10491705614365,6100.917056143651,0.900065521061301,0.099934478938699,0.9999691613247894,6778.072810189747,0.999966001758937,-3460389178.1139894,1.6999265019134948e-05,69.15678972596758,4068222.340678986,67.69841290352795,4068222.340678986,nan,nan,nan,nan,nan,nan,nan,nan,nan,nan,nan,nan,nan,nan,nan,nan,nan,nan,nan,nan,nan,nan,nan,nan,nan,nan,nan,nan,nan,nan,nan,nan,nan,nan,nan,nan,nan,nan,nan,nan,nan,nan,nan,nan,nan
coupled_t000,coupled,0.0,10000,100,2.0,1.0,0.0,40919881.46171217,1.0,1000,3.0,0.0013277659104370839,12.589254117941687,0.012589254117941687,9.013985889776336,9.0,99.72086792743703,6.1104713026364506,6101.471302636453,0.9001472887945368,0.09985271120546324,0.9999236468976627,6778.072841610878,0.9999660063944822,-3461333019.9666414,1.699694720705485e-05,69.10335034510996,4065633.0518240076,67.5938284220214,4065633.0518240076,nan,nan,nan,nan,nan,nan,nan,nan,nan,nan,nan,nan,nan,nan,nan,nan,nan,nan,nan,nan,nan,nan,nan,nan,nan,nan,nan,nan,nan,nan,nan,nan,nan,nan,nan,nan,nan,nan,nan,nan,nan,nan,nan,nan,nan
coupled_t000,coupled,0.0,10000,100,2.0,1.0,0.0,40919881.46171217,1.0,1000,5.0,0.003688238640103011,35.481338923357605,0.03548133892335761,9.039406523484004,25.0,99.21650379525478,6.12823814501446,6103.238145014459,0.9004079502477181,0.09959204975228186,0.9998450979685589,6778.072926408456,0.9999660189046303,-3463882135.2235694,1.6990692026647583e-05,68.9283747673219,4056831.5086411517,67.25195511785249,4056831.5086411517,nan,nan,nan,nan,nan,nan,nan,nan,nan,nan,nan,nan,nan,nan,nan,nan,nan,nan,nan,nan,nan,nan,nan,nan,nan,nan,nan,nan,nan,nan,nan,nan,nan,nan,nan,nan,nan,nan,nan,nan,nan,nan,nan,nan,nan
coupled_t000,coupled,0.0,10000,100,2.0,1.0,0.0,40919881.46171217,1.0,1000,8.233044840382567,0.009999999223695108,100.0,0.1,9.110975772792461,67.78302734375,97.81689220034279,6.17569567294409,6107.912645600342,0.9010975771950795,0.09890242280492045,1.0000000008510275,6778.073067026313,0.9999660396499189,-3468115484.722042,1.6980319206148262e-05,68.44047407909915,4030576.4130934654,66.303255934119,4030576.4130934654,50.0,0.6755091400118545,/n/home12/binxuwang/Github/AccentuationPredRMT/tables/ffhq_linear_feature_cases/ffhq_feature_whiten_full_nsr0p01_trials50_seed20260814.npz,658.7402718604263,961.0019506458674,135.90619920703853,179.00777435302734,1.778279423713684,1000.0,0.9011966785688982,0.004499365581729942,0.0006363063827757194,0.9010359794180561,0.8980469933654429,0.9037598553094341,0.09880332143110176,0.004499365581729942,0.0006363063827757194,0.09896402058194387,0.09624014469056583,0.10195300663455703,1.060438779908286,0.10237368014311526,0.014477824688843881,1.0116155870981767,0.9905656524943097,1.0952875807140843,0.99996757158669,5.0340788010527865e-05,7.119262514503741e-06,0.999967825841215,0.9999266424832773,1.000001641318282,-314911996686.66943,1791830208673.387,253403058257.5717,-2678657875.5086756,-14372314238.080805,-678568182.0659602,1.621464856005594e-05,2.5170749022307734e-05,3.559681464243692e-06,1.608720942927963e-05,-8.206586018722141e-07,3.6679431172844965e-05
coupled_t000,coupled,0.0,10000,100,2.0,1.0,0.0,40919881.46171217,1.0,1000,10.0,0.014752954560412044,141.25375446227554,0.14125375446227553,9.156680061106123,100.0,96.93853576489659,6.211385987379155,6111.385987379155,0.9016099977294356,0.09839000227056438,0.9993162421183596,6778.0733551453795,0.9999660821559938,-3476813685.4464808,1.695906580801278e-05,68.13249714758061,4017467.5845287135,65.70787930508553,4017467.5845287135,nan,nan,nan,nan,nan,nan,nan,nan,nan,nan,nan,nan,nan,nan,nan,nan,nan,nan,nan,nan,nan,nan,nan,nan,nan,nan,nan,nan,nan,nan,nan,nan,nan,nan,nan,nan,nan,nan,nan,nan,nan,nan,nan,nan,nan
coupled_t000,coupled,0.0,10000,100,2.0,1.0,0.0,40919881.46171217,1.0,1000,14.260051964535403,0.029999997671085327,316.2277660168379,0.3162277660168379,9.350048741155176,203.34908203125002,93.3501908082636,6.325614352790476,6122.265270759225,0.9032150134629958,0.09678498653700418,1.001732323826259,6778.073208757716,0.9999660605594884,-3472390215.6513066,1.6969864243954172e-05,66.85958613321152,3939901.0606128736,63.275590273123136,3939901.0606128736,nan,nan,nan,nan,nan,nan,nan,nan,nan,nan,nan,nan,nan,nan,nan,nan,nan,nan,nan,nan,nan,nan,nan,nan,nan,nan,nan,nan,nan,nan,nan,nan,nan,nan,nan,nan,nan,nan,nan,nan,nan,nan,nan,nan,nan
coupled_t000,coupled,0.0,10000,100,2.0,1.0,0.0,40919881.46171217,1.0,1000,20.0,0.059011818241648174,562.341325190349,0.5623413251903491,9.620791952536274,400.0,88.65152211452863,6.5419240376856,6141.9240376856,0.9061152624147811,0.09388473758521887,0.9971384772219635,6778.074996565563,0.9999663243139677,-3526997480.910477,1.6837984775011708e-05,65.15521426130097,3869537.5445400155,60.09069014041117,3869537.5445400155,nan,nan,nan,nan,nan,nan,nan,nan,nan,nan,nan,nan,nan,nan,nan,nan,nan,nan,nan,nan,nan,nan,nan,nan,nan,nan,nan,nan,nan,nan,nan,nan,nan,nan,nan,nan,nan,nan,nan,nan,nan,nan,nan,nan,nan
coupled_t000,coupled,0.0,10000,100,2.0,1.0,0.0,40919881.46171217,1.0,1000,26.035173773906333,0.09999999223695111,1000.0,1.0,10.099019513592783,677.8302734375002,81.17658368865823,6.845421632493459,6167.5913590559585,0.9099019506734252,0.09009804932657484,1.000000007612296,6778.07529436243,0.9999663682478042,-3536218508.6169143,1.6816017487160276e-05,62.3478474332549,3707646.4436873985,55.023950189941466,3707646.4436873985,50.0,0.6751593520166352,/n/home12/binxuwang/Github/AccentuationPredRMT/tables/ffhq_linear_feature_cases/ffhq_feature_whiten_full_nsr0p1_trials50_seed20260814.npz,961.0886779611511,1145.6358432398497,162.01737470505324,473.93540954589844,16.332397937774658,1503.4012451171875,0.9112925662343634,0.003707648881547571,0.0005243407332802012,0.911489362580177,0.9090989769384935,0.9130606999144784,0.08870743376563688,0.003707648881547571,0.0005243407332802012,0.08851063741982301,0.0869393000855217,0.09090102306150652,0.9930347976563232,0.11072429606274638,0.01565878011761498,0.9484182065681597,0.9093914374792439,1.038958676221658,0.9999782633377001,5.358060813608967e-05,7.577442270625621e-06,0.999977071931043,0.9999411788910586,1.0000080491163517,-181927599466.63333,771790352171.8989,109147638335.02068,-2075074613.3455343,-13219280178.142075,-1023885670.9359821,1.0868741904560459e-05,2.679056050441742e-05,3.78875740089241e-06,1.1464101922050644e-05,-4.024550062282506e-06,2.9410987121372843e-05
coupled_t000,coupled,0.0,10000,100,2.0,1.0,0.0,40919881.46171217,1.0,1000,30.0,0.1327765910437084,1258.9254117941662,1.2589254117941662,10.380206754408992,900.0,77.21464788368097,7.086585593751591,6186.585593751591,0.9127041614871698,0.08729583851283018,0.9934873832899449,6778.077473413161,0.9999666897221683,-3604805036.005073,1.665527761500161e-05,60.807328919933965,3650934.5761468466,52.33842995143362,3650934.5761468466,nan,nan,nan,nan,nan,nan,nan,nan,nan,nan,nan,nan,nan,nan,nan,nan,nan,nan,nan,nan,nan,nan,nan,nan,nan,nan,nan,nan,nan,nan,nan,nan,nan,nan,nan,nan,nan,nan,nan,nan,nan,nan,nan,nan,nan
coupled_t000,coupled,0.0,10000,100,2.0,1.0,0.0,40919881.46171217,1.0,1000,40.0,0.2360472729665927,2238.7211385683377,2.2387211385683377,11.434507544743521,1600.0,64.67595044926293,7.838889483955919,6238.889483955918,0.920420530642342,0.07957946935765803,0.9896399660244427,6778.08023211642,0.9999670967124066,-3694536567.0597405,1.6451779127185934e-05,55.65157870564269,3382708.841117408,43.83932058112199,3382708.841117408,nan,nan,nan,nan,nan,nan,nan,nan,nan,nan,nan,nan,nan,nan,nan,nan,nan,nan,nan,nan,nan,nan,nan,nan,nan,nan,nan,nan,nan,nan,nan,nan,nan,nan,nan,nan,nan,nan,nan,nan,nan,nan,nan,nan,nan
coupled_t000,coupled,0.0,10000,100,2.0,1.0,0.0,40919881.46171217,1.0,1000,45.09424376029051,0.2999999767108532,3162.2776601683795,3.1622776601683795,12.41695189005732,2033.4908203124996,55.55105035916431,8.300119822148236,6266.629001835737,0.924512929110429,0.07548707088957096,1.0129725298326147,6778.075983464778,0.9999664699107604,-3557695130.7324543,1.6765185155472334e-05,51.57654145014941,3076407.505903046,37.65418657780559,3076407.505903046,nan,nan,nan,nan,nan,nan,nan,nan,nan,nan,nan,nan,nan,nan,nan,nan,nan,nan,nan,nan,nan,nan,nan,nan,nan,nan,nan,nan,nan,nan,nan,nan,nan,nan,nan,nan,nan,nan,nan,nan,nan,nan,nan,nan,nan
coupled_t000,coupled,0.0,10000,100,2.0,1.0,0.0,40919881.46171217,1.0,1000,60.0,0.5311063641748336,5623.413251903491,5.623413251903491,14.998348743020177,3600.0,39.0705640265547,9.946007226141854,6346.00722614185,0.9362235624731718,0.06377643752682816,1.0207390588933172,6778.077102189503,0.9999666349557108,-3592980367.2847266,1.668266130013515e-05,43.254462470329024,2592779.51473957,26.483213153381723,2592779.51473957,nan,nan,nan,nan,nan,nan,nan,nan,nan,nan,nan,nan,nan,nan,nan,nan,nan,nan,nan,nan,nan,nan,nan,nan,nan,nan,nan,nan,nan,nan,nan,nan,nan,nan,nan,nan,nan,nan,nan,nan,nan,nan,nan,nan,nan
coupled_t000,coupled,0.0,10000,100,2.0,1.0,0.0,40919881.46171217,1.0,1000,82.33044840382567,0.999999922369511,10000.0,10.0,19.5124921972504,6778.302734375001,23.766385774174967,13.226158409249113,6447.855674874108,0.9512492178351265,0.048750782164873496,1.000000038766818,6778.08520296047,0.9999678300587705,-3864902114.046259,1.6085099979953044e-05,33.735538745748364,2097316.074366536,16.10957701852448,2097316.074366536,50.0,0.6746459039859474,/n/home12/binxuwang/Github/AccentuationPredRMT/tables/ffhq_linear_feature_cases/ffhq_feature_whiten_full_nsr1_trials50_seed20260814.npz,13049.932443847656,8496.196299294112,1201.5436035045832,11220.1845703125,7943.2822265625,17299.3291015625,0.9555811879504084,0.006950057544889245,0.0009828865639255825,0.9549352289705498,0.9509803313971265,0.9589933720133272,0.04441881204959161,0.006950057544889245,0.0009828865639255825,0.04506477102945017,0.04100662798667282,0.049019668602873545,1.1478256012790413,0.40962531646792866,0.05792976780403158,1.051996445330588,0.8773459353634725,1.3203609135147385,0.9999557014091482,9.395615503512319e-05,1.3287406871910036e-05,0.9999593099522543,0.9998910553369247,1.000017536834658,-131631912427.4225,836930080469.8457,118359787055.84616,-1249400497.469229,-3444049945.1540766,-317143602.9536436,2.21506222262007e-05,4.697970230332902e-05,6.643933215361843e-06,2.034523132142314e-05,-8.76837843708005e-06,5.4473817276234364e-05
coupled_t000,coupled,0.0,10000,100,2.0,1.0,0.0,40919881.46171217,1.0,1000,100.0,1.4752954560412044,14125.375446227554,14.125375446227554,23.720858754501418,10000.0,16.363375388505773,16.511186228929397,6511.186228929396,0.9605923456977602,0.0394076543022398,0.9748403985992316,6778.0927509228195,0.9999689436062262,-4147035090.7881136,1.5528317451268497e-05,27.992554067976936,1802677.8597117257,11.091592074997044,1802677.8597117257,nan,nan,nan,nan,nan,nan,nan,nan,nan,nan,nan,nan,nan,nan,nan,nan,nan,nan,nan,nan,nan,nan,nan,nan,nan,nan,nan,nan,nan,nan,nan,nan,nan,nan,nan,nan,nan,nan,nan,nan,nan,nan,nan,nan,nan
coupled_t000,coupled,0.0,10000,100,2.0,1.0,0.0,40919881.46171217,1.0,1000,142.60051964535404,2.999999767108533,31622.776601683792,31.622776601683793,41.386854400296514,20334.908203125004,5.565928510741951,26.94713962618737,6612.231423062363,0.9754994972736771,0.02450050272632287,1.0400407815242674,6778.082101285007,0.999967372469999,-3757252141.136588,1.6313898072053357e-05,16.325815753087852,1000730.523200639,3.772755137250621,1000730.523200639,nan,nan,nan,nan,nan,nan,nan,nan,nan,nan,nan,nan,nan,nan,nan,nan,nan,nan,nan,nan,nan,nan,nan,nan,nan,nan,nan,nan,nan,nan,nan,nan,nan,nan,nan,nan,nan,nan,nan,nan,nan,nan,nan,nan,nan
coupled_t000,coupled,0.0,10000,100,2.0,1.0,0.0,40919881.46171217,1.0,1000,180.0,4.779957277573502,50118.72336272735,50.11872336272735,59.95466701578002,32400.0,2.69144849737039,39.06285854363447,6662.858543634467,0.9829684933669246,0.0170315066330754,1.0396629498176766,6778.083864075603,0.9999676325336945,-3817873163.211318,1.618386411152002e-05,11.352698803408375,701482.583218632,1.8243454125403469,701482.583218632,nan,nan,nan,nan,nan,nan,nan,nan,nan,nan,nan,nan,nan,nan,nan,nan,nan,nan,nan,nan,nan,nan,nan,nan,nan,nan,nan,nan,nan,nan,nan,nan,nan,nan,nan,nan,nan,nan,nan,nan,nan,nan,nan,nan,nan
coupled_t000,coupled,0.0,10000,100,2.0,1.0,0.0,40919881.46171217,1.0,1000,260.3517377390633,9.999999223695108,100000.0,100.0,109.90983667184014,67783.02734375,0.812942574486326,74.50021516192173,6717.187818171734,0.990983666552409,0.009016333447591007,1.0000000700511853,6778.093945982536,0.9999691199128431,-4194525505.090442,1.544016277781084e-05,6.239302085888832,404095.6158088809,0.5510371303303333,404095.6158088809,50.0,0.6751056920038536,/n/home12/binxuwang/Github/AccentuationPredRMT/tables/ffhq_linear_feature_cases/ffhq_feature_whiten_full_nsr10_trials50_seed20260814.npz,2339569.0640234374,4114851.8595452136,581927.930692499,133573.14453125,72954.138671875,671544.6875,1.0025818118786314,0.0315755602030391,0.004465458547866606,0.9957373053935317,0.9920858951128964,0.9997823739184735,-0.002581811878631499,0.03157556020303911,0.0044654585478666065,0.004262694606468387,0.00021762608152653407,0.00791410488710359,22.78200224008183,40.25109991191587,5.692365139586592,1.2274682577745235,0.6933999830768912,6.322222230221259,0.9993167840908737,0.00809112176731104,0.001144257413814344,0.9999532235734694,0.9998306474395529,1.000044498053033,-2922584361.9929376,9233762981.035498,1305851283.9519022,-269759406.08600515,-1837860443.8742135,-9665076.813129432,0.0003496990895353532,0.004048176774189247,0.0005724986496942199,2.3388486783696475e-05,-2.2248778889964398e-05,8.467986696856983e-05
coupled_t020,coupled,0.2,10000,100,2.0,0.8,0.2,11500.644160537347,1.0,1000,0.0,0.0,1e-06,9.999999999999999e-10,0.3307809028600435,0.0,280.94549466138545,0.21801358252973704,218.01358252973702,0.03216344476613851,0.9678365552338615,1.1590942393607881,5981.100305286916,0.8823890102516447,-238.927038879572,0.06064436433710325,494.28839641621744,8150.607262838494,2578.8115299154897,8150.607262838494,,,,,,,,,,,,,,,,,,,,,,,,,,,,,,,,,,,,,,,,,,,,,
coupled_t020,coupled,0.2,10000,100,2.0,0.8,0.2,11500.644160537347,1.0,1000,0.01,1.4752954560412044e-08,1e-06,9.999999999999999e-10,0.3307809028600435,0.0001,280.94549466138545,0.21801372160125285,218.01362160125274,0.03216345053034147,0.9678365494696586,1.159094230260954,5981.100775168565,0.8823890795730709,-238.92734969068553,0.060644327438711426,494.28839641621744,8150.612221988228,2578.8115299154897,8150.612221988228,,,,,,,,,,,,,,,,,,,,,,,,,,,,,,,,,,,,,,,,,,,,,
coupled_t020,coupled,0.2,10000,100,2.0,0.8,0.2,11500.644160537347,1.0,1000,0.03,1.3277659104370838e-07,1e-06,9.999999999999999e-10,0.3307809028600435,0.0009,280.94549466138545,0.21801483417337925,218.01393417337925,0.03216349664396526,0.9678365033560348,1.1590941574622822,5981.104534201826,0.8823896341415398,-238.92983618684218,0.06064403225319329,494.28839641621744,8150.651895186109,2578.8115299154897,8150.651895186109,,,,,,,,,,,,,,,,,,,,,,,,,,,,,,,,,,,,,,,,,,,,,
coupled_t020,coupled,0.2,10000,100,2.0,0.8,0.2,11500.644160537347,1.0,1000,0.1,1.4752954560412047e-06,1e-06,9.999999999999999e-10,0.3307809028600435,0.010000000000000002,280.94549466138545,0.218027489681317,218.01748968131702,0.032164021186435715,0.9678359788135643,1.1590933293780348,5981.147290712851,0.8823959419901829,-238.95812098746245,0.060640674720167057,494.28839641621744,8151.103177811999,2578.8115299154897,8151.103177811999,,,,,,,,,,,,,,,,,,,,,,,,,,,,,,,,,,,,,,,,,,,,,
coupled_t020,coupled,0.2,10000,100,2.0,0.8,0.2,11500.644160537347,1.0,1000,0.3,1.3277659104370838e-05,1e-06,9.999999999999999e-10,0.3307809028600435,0.09,280.94549466138545,0.2181387468939567,218.04874689395672,0.0321686325488133,0.9678313674511867,1.1590860495674415,5981.522975037895,0.8824513665279472,-239.20685032523338,0.06061117393916848,494.28839641621744,8155.0704976000425,2578.8115299154897,8155.0704976000425,,,,,,,,,,,,,,,,,,,,,,,,,,,,,,,,,,,,,,,,,,,,,
coupled_t020,coupled,0.2,10000,100,2.0,0.8,0.2,11500.644160537347,1.0,1000,0.5,3.6882386401030106e-05,1e-06,9.999999999999999e-10,0.3307809028600435,0.25,280.94549466138545,0.21836126131923614,218.11126131923615,0.03217785527356848,0.9678221447264315,1.1590714902205816,5982.273283473893,0.882562059190573,-239.70469553222577,0.06055225840360174,494.28839641621744,8163.005137176129,2578.8115299154897,8163.005137176129,,,,,,,,,,,,,,,,,,,,,,,,,,,,,,,,,,,,,,,,,,,,,
coupled_t020,coupled,0.2,10000,100,2.0,0.8,0.2,11500.644160537347,1.0,1000,0.7,7.228947734601901e-05,1e-06,9.999999999999999e-10,0.3307809028600435,0.48999999999999994,280.94549466138545,0.21869503295715528,218.20503295715517,0.03219168936070123,0.9678083106392987,1.1590496518860824,5983.3961030539185,0.8827277082530095,-240.4524296713407,0.06046409954009233,494.28839641621744,8174.90709654026,2578.8115299154897,8174.90709654026,,,,,,,,,,,,,,,,,,,,,,,,,,,,,,,,,,,,,,,,,,,,,
coupled_t020,coupled,0.2,10000,100,2.0,0.8,0.2,11500.644160537347,1.0,1000,1.0,0.00014752954560412043,1e-06,9.999999999999999e-10,0.3307809028600435,1.0,280.94549466138545,0.21940429768773342,218.4042976877334,0.03222108679585836,0.9677789132041417,1.159003248157521,5985.77161969781,0.8830781671440578,-242.04521493258017,0.060277611661796224,494.28839641621744,8200.198760189034,2578.8115299154897,8200.198760189034,,,,,,,,,,,,,,,,,,,,,,,,,,,,,,,,,,,,,,,,,,,,,
coupled_t020,coupled,0.2,10000,100,2.0,0.8,0.2,11500.644160537347,1.0,1000,1.5,0.00033194147760927097,1e-06,9.999999999999999e-10,0.3307809028600435,2.25,280.94549466138545,0.2211426916352289,218.89269163522889,0.03229313933300817,0.9677068606669919,1.158889529241126,5991.534415711217,0.8839283498213251,-245.97124540781465,0.059825362062278856,494.28839641621744,8262.18813187721,2578.8115299154897,8262.18813187721,,,,,,,,,,,,,,,,,,,,,,,,,,,,,,,,,,,,,,,,,,,,,
coupled_t020,coupled,0.2,10000,100,2.0,0.8,0.2,11500.644160537347,1.0,1000,2.0,0.0005901181824164817,1e-06,9.999999999999999e-10,0.3307809028600435,4.0,280.94549466138545,0.22357644316172257,219.5764431617225,0.0323940128850179,0.9676059871149821,1.1587303602434216,5999.463091584625,0.8850980637701712,-251.5205341698949,0.05920349502659655,494.28839641621744,8348.973252240658,2578.8115299154897,8348.973252240658,,,,,,,,,,,,,,,,,,,,,,,,,,,,,,,,,,,,,,,,,,,,,
coupled_t020,coupled,0.2,10000,100,2.0,0.8,0.2,11500.644160537347,1.0,1000,3.0,0.0013277659104370839,1e-06,9.999999999999999e-10,0.3307809028600435,9.0,280.94549466138545,0.23053001895170447,221.5300189517044,0.03268222303361714,0.9673177769663829,1.1582758325039098,6021.261349224948,0.8883139508148098,-267.71536982638656,0.05749591469595753,494.28839641621744,8596.930738993362,2578.8115299154897,8596.930738993362,,,,,,,,,,,,,,,,,,,,,,,,,,,,,,,,,,,,,,,,,,,,,
coupled_t020,coupled,0.2,10000,100,2.0,0.8,0.2,11500.644160537347,1.0,1000,5.0,0.003688238640103011,1e-06,9.999999999999999e-10,0.3307809028600435,25.0,280.94549466138545,0.25278146147964653,227.7814614796465,0.03360449550913471,0.9663955044908653,1.1568237370139087,6083.4960276274705,0.8974954046403524,-322.92099411928285,0.05263765926634368,494.28839641621744,9390.394696602012,2578.8115299154897,9390.394696602012,,,,,,,,,,,,,,,,,,,,,,,,,,,,,,,,,,,,,,,,,,,,,
coupled_t020,coupled,0.2,10000,100,2.0,0.8,0.2,11500.644160537347,1.0,1000,8.233044840382567,0.009999999223695108,1e-06,9.999999999999999e-10,0.3307809028600435,67.78302734375,280.94549466138545,0.3122804661115733,244.49743876782327,0.03607059604278823,0.9639294039572117,1.1529587460816777,6208.725620051783,0.9159704695069004,-495.85242741308315,0.04293653841195027,494.28839641621744,11512.06908376771,2578.8115299154897,11512.06908376771,,,,,,,,,,,,,,,,,,,,,,,,,,,,,,,,,,,,,,,,,,,,,
coupled_t020,coupled,0.2,10000,100,2.0,0.8,0.2,11500.644160537347,1.0,1000,10.0,0.014752954560412044,1e-06,9.999999999999999e-10,0.3307809028600435,100.0,280.94549466138545,0.3570850983293751,257.085098329375,0.037927647738123314,0.9620723522618767,1.1500652892973857,6276.802819596408,0.92601386782172,-650.3972837697431,0.03770385648610233,494.28839641621744,13109.756997892577,2578.8115299154897,13109.756997892577,,,,,,,,,,,,,,,,,,,,,,,,,,,,,,,,,,,,,,,,,,,,,
coupled_t020,coupled,0.2,10000,100,2.0,0.8,0.2,11500.644160537347,1.0,1000,14.260051964535403,0.029999997671085327,1e-06,9.999999999999999e-10,0.3307809028600435,203.34908203125002,280.94549466138545,0.5008142332752457,297.46515124399565,0.043884898596087636,0.9561151014039123,1.1408805821048948,6415.810415153384,0.9465215952297621,-1287.1928521803936,0.027106585884269663,494.28839641621744,18234.992725626136,2578.8115299154897,18234.992725626136,,,,,,,,,,,,,,,,,,,,,,,,,,,,,,,,,,,,,,,,,,,,,
coupled_t020,coupled,0.2,10000,100,2.0,0.8,0.2,11500.644160537347,1.0,1000,20.0,0.059011818241648174,1e-06,9.999999999999999e-10,0.3307809028600435,400.0,280.94549466138545,0.774299645728289,374.29964572828897,0.05522025665407773,0.9447797433459223,1.1238031557373673,6540.991239205019,0.964989465320449,-3092.7188013414866,0.017661226805920537,494.28839641621744,27987.206203054826,2578.8115299154897,27987.206203054826,,,,,,,,,,,,,,,,,,,,,,,,,,,,,,,,,,,,,,,,,,,,,
coupled_t020,coupled,0.2,10000,100,2.0,0.8,0.2,11500.644160537347,1.0,1000,26.035173773906333,0.09999999223695111,31.622776601683793,0.03162277660168379,0.3736700262363006,677.8302734375002,245.7930798222976,1.1529760979433945,475.1458245058942,0.07009804758504973,0.9299019524149503,1.1281824505854359,6584.740133637621,0.9714437198367735,-4695.842247645296,0.01438155463852372,479.56073884764066,33345.542321484936,2479.4130036840465,33345.542321484936,,,,,,,,,,,,,,,,,,,,,,,,,,,,,,,,,,,,,,,,,,,,,
coupled_t020,coupled,0.2,10000,100,2.0,0.8,0.2,11500.644160537347,1.0,1000,30.0,0.1327765910437084,63.09573444801943,0.06309573444801943,0.41464147527012696,900.0,218.77780747736858,1.442590466983712,542.5904669837118,0.08004812504323452,0.9199518749567654,1.1382571193052546,6596.274631359166,0.9731453990444048,-5323.873547949721,0.013518677802562287,466.4329920348868,34502.85588924093,2389.983751734185,34502.85588924093,,,,,,,,,,,,,,,,,,,,,,,,,,,,,,,,,,,,,,,,,,,,,
coupled_t020,coupled,0.2,10000,100,2.0,0.8,0.2,11500.644160537347,1.0,1000,40.0,0.2360472729665927,125.89254117941661,0.12589254117941662,0.4929382311937793,1600.0,179.3783100085566,2.3132582885220194,713.2582885220197,0.10522667120402619,0.8947733287959738,1.146054672502304,6629.630819259207,0.9780664222883835,-8041.793358003326,0.011027592756813287,443.53602251040763,40220.566019394704,2232.5633926722835,40220.566019394704,,,,,,,,,,,,,,,,,,,,,,,,,,,,,,,,,,,,,,,,,,,,,
coupled_t020,coupled,0.2,10000,100,2.0,0.8,0.2,11500.644160537347,1.0,1000,45.09424376029051,0.2999999767108532,177.82794100389228,0.17782794100389226,0.5552974469326379,2033.4908203124996,155.8665496176614,2.833150597121074,799.6597768085746,0.11797344351046138,0.8820265564895386,1.1629557112261706,6632.625718730794,0.9785082584465568,-8381.553383433173,0.010804236540331311,427.05464839163795,39526.59188805046,2118.4575905747542,39526.59188805046,,,,,,,,,,,,,,,,,,,,,,,,,,,,,,,,,,,,,,,,,,,,,
coupled_t020,coupled,0.2,10000,100,2.0,0.8,0.2,11500.644160537347,1.0,1000,60.0,0.5311063641748336,281.83829312644605,0.28183829312644604,0.6759875178683991,3600.0,122.73643631671838,4.649475137134624,1049.4751371346242,0.1548285901042931,0.8451714098957069,1.1705292062656252,6658.531157910865,0.9823300761174677,-12472.416458627109,0.008874338886603253,398.75630507689186,44933.63507662034,1921.838336412994,44933.63507662034,,,,,,,,,,,,,,,,,,,,,,,,,,,,,,,,,,,,,,,,,,,,,
coupled_t020,coupled,0.2,10000,100,2.0,0.8,0.2,11500.644160537347,1.0,1000,82.33044840382567,0.999999922369511,446.6835921509635,0.4466835921509635,0.8602232853556382,6778.302734375001,90.44650019232532,8.189040532048427,1410.7377976734263,0.20812550625731815,0.7918744937426818,1.1755548153630362,6680.872223127048,0.9856260433171232,-18943.418242592415,0.007212991968003602,362.6788758003762,50281.33642865511,1671.7732302779866,50281.33642865511,,,,,,,,,,,,,,,,,,,,,,,,,,,,,,,,,,,,,,,,,,,,,
coupled_t020,coupled,0.2,10000,100,2.0,0.8,0.2,11500.644160537347,1.0,1000,100.0,1.4752954560412044,630.9573444801943,0.6309573444801942,1.0602415988306084,10000.0,68.60425476645652,11.680945696361835,1680.9456963618359,0.24798915476946345,0.7520108452305365,1.204147972342248,6685.7294095434045,0.9863426218220429,-21006.39269752201,0.0068521651727559045,330.6831954829008,48259.66495928787,1452.7637547656652,48259.66495928787,,,,,,,,,,,,,,,,,,,,,,,,,,,,,,,,,,,,,,,,,,,,,
coupled_t020,coupled,0.2,10000,100,2.0,0.8,0.2,11500.644160537347,1.0,1000,142.60051964535404,2.999999767108533,1000.0,1.0,1.4508052794094937,20334.908203125004,44.37797547416848,22.613986332473083,2279.0781293480804,0.3362313608190111,0.6637686391809889,1.1997148526383243,6703.759800490952,0.9890026372055992,-32528.873947631204,0.005513882849237975,282.71487263077677,51273.28243287727,1134.3042187871285,51273.28243287727,,,,,,,,,,,,,,,,,,,,,,,,,,,,,,,,,,,,,,,,,,,,,
coupled_t020,coupled,0.2,10000,100,2.0,0.8,0.2,11500.644160537347,1.0,1000,180.0,4.779957277573502,1412.5375446227554,1.4125375446227553,1.8790594988231137,32400.0,30.394343640595707,35.14219382035879,2742.193820358794,0.4045546082759599,0.5954453917240401,1.2165954107034425,6710.017403121184,0.9899258184782084,-38818.25597073043,0.005049841209013876,244.36032465736128,48389.70465470924,893.0496779258278,48389.70465470924,,,,,,,,,,,,,,,,,,,,,,,,,,,,,,,,,,,,,,,,,,,,,
coupled_t020,coupled,0.2,10000,100,2.0,0.8,0.2,11500.644160537347,1.0,1000,260.3517377390633,9.999999223695108,2238.7211385683377,2.2387211385683377,2.7245104565502123,67783.02734375,17.1267237382743,71.34453621902652,3561.508875276516,0.5254277860345864,0.4745722139654136,1.1703095237207768,6723.5306615141035,0.991919423348547,-60517.98858090129,0.004048483434787398,193.19960627764263,47721.47629839278,598.475660128569,47721.47629839278,,,,,,,,,,,,,,,,,,,,,,,,,,,,,,,,,,,,,,,,,,,,,
coupled_t040,coupled,0.4,10000,100,2.0,0.6,0.4,3.2322873718746927,1.0,1000,0.0,0.0,1e-06,9.999999999999999e-10,0.02506321314989724,0.0,530.0055048796306,0.0018613329795887335,1.8613329795887308,0.00027460160869668905,0.9997253983913034,1.007474985535718,0.1561351980340017,2.3034554818765627e-05,0.9999767427375674,0.9952005672398954,629.379778055312,632.4150113789059,2030.6336357591283,632.4150113789059,,,,,,,,,,,,,,,,,,,,,,,,,,,,,,,,,,,,,,,,,,,,,
coupled_t040,coupled,0.4,10000,100,2.0,0.6,0.4,3.2322873718746927,1.0,1000,0.01,1.4752954560412044e-08,1e-06,9.999999999999999e-10,0.02506321314989724,0.0001,530.0055048796306,0.0018615457480382327,1.8614457480382305,0.0002746182453748022,0.9997253817546252,1.007474968519432,0.15647327469141342,2.3084431114412942e-05,0.9999766921357931,0.9951953739880806,629.379778055312,632.4183115252806,2030.6336357591283,632.4183115252806,,,,,,,,,,,,,,,,,,,,,,,,,,,,,,,,,,,,,,,,,,,,,
coupled_t040,coupled,0.4,10000,100,2.0,0.6,0.4,3.2322873718746927,1.0,1000,0.03,1.3277659104370838e-07,1e-06,9.999999999999999e-10,0.02506321314989724,0.0009,530.0055048796306,0.0018632478956342278,1.8623478956342254,0.0002747513387997072,0.9997252486612003,1.0074748323891602,0.15919092208152252,2.348536439898796e-05,0.9999762853420167,0.9951538299246737,629.379778055312,632.4447126962791,2030.6336357591283,632.4447126962791,,,,,,,,,,,,,,,,,,,,,,,,,,,,,,,,,,,,,,,,,,,,,
coupled_t040,coupled,0.4,10000,100,2.0,0.6,0.4,3.2322873718746927,1.0,1000,0.1,1.4752954560412047e-06,1e-06,9.999999999999999e-10,0.02506321314989724,0.010000000000000002,530.0055048796306,0.0018826098245386703,1.8726098245386678,0.0002762652765080013,0.999723734723492,1.0074732839099163,0.1917333476455923,2.8286333655311086e-05,0.9999714103677056,0.9946815102091561,629.379778055312,632.7450260163874,2030.6336357591283,632.7450260163874,,,,,,,,,,,,,,,,,,,,,,,,,,,,,,,,,,,,,,,,,,,,,
coupled_t040,coupled,0.4,10000,100,2.0,0.6,0.4,3.2322873718746927,1.0,1000,0.3,1.3277659104370838e-05,1e-06,9.999999999999999e-10,0.02506321314989724,0.09,530.0055048796306,0.0020528245841381658,1.9628245841381635,0.00028957461899849993,0.9997104253810015,1.0074596711104291,0.6055161203368686,8.933151808926813e-05,0.9999089555962679,0.9905484647760658,629.379778055312,635.3851431162396,2030.6336357591283,635.3851431162396,,,,,,,,,,,,,,,,,,,,,,,,,,,,,,,,,,,,,,,,,,,,,
coupled_t040,coupled,0.4,10000,100,2.0,0.6,0.4,3.2322873718746927,1.0,1000,0.5,3.6882386401030106e-05,1e-06,9.999999999999999e-10,0.02506321314989724,0.25,530.0055048796306,0.0023932541033371574,2.143254103337155,0.00031619330397949705,0.9996838066960205,1.0074324466150277,2.103331547633593,0.00031030354747719536,0.9996784683864973,0.982384565078398,629.379778055312,640.6653773159446,2030.6336357591283,640.6653773159446,,,,,,,,,,,,,,,,,,,,,,,,,,,,,,,,,,,,,,,,,,,,,
coupled_t040,coupled,0.4,10000,100,2.0,0.6,0.4,3.2322873718746927,1.0,1000,0.7,7.228947734601901e-05,1e-06,9.999999999999999e-10,0.02506321314989724,0.48999999999999994,530.0055048796306,0.002903898382135644,2.413898382135642,0.0003561213314509927,0.999643878668549,1.007391612630633,5.943713013816498,0.0008768732801296451,0.9990687934046035,0.9703879538003595,629.379778055312,648.5857286155018,2030.6336357591283,648.5857286155018,,,,,,,,,,,,,,,,,,,,,,,,,,,,,,,,,,,,,,,,,,,,,
coupled_t040,coupled,0.4,10000,100,2.0,0.6,0.4,3.2322873718746927,1.0,1000,1.0,0.00014752954560412043,1e-06,9.999999999999999e-10,0.02506321314989724,1.0,530.0055048796306,0.003989017474582429,2.9890174745824263,0.00044096838982792094,0.9995590316101721,1.0073048514038312,19.88034214839528,0.002932937843607199,0.9967215815267408,0.9458433951986722,629.379778055312,665.4164751270608,2030.6336357591283,665.4164751270608,,,,,,,,,,,,,,,,,,,,,,,,,,,,,,,,,,,,,,,,,,,,,
coupled_t040,coupled,0.4,10000,100,2.0,0.6,0.4,3.2322873718746927,1.0,1000,1.5,0.00033194147760927097,1.7782794100389228,0.0017782794100389228,0.028693722799090687,2.25,491.6361763529154,0.006577123838703876,4.327123838703879,0.0006383786136967406,0.9993616213863032,1.0082227122978613,48.99167153343266,0.007227719039713643,0.991366751224562,0.9149840071532794,625.7472438249933,683.8887225710463,2022.4915467400665,683.8887225710463,,,,,,,,,,,,,,,,,,,,,,,,,,,,,,,,,,,,,,,,,,,,,
coupled_t040,coupled,0.4,10000,100,2.0,0.6,0.4,3.2322873718746927,1.0,1000,2.0,0.0005901181824164817,5.011872336272725,0.005011872336272725,0.03474173586237802,4.0,441.4187390807262,0.009854951756650967,5.854951756650963,0.0008637783721927633,0.9991362216278072,1.0098567666282185,69.72962994704488,0.010287180621231,0.9872594429512072,0.8985742605586186,620.1068253019411,690.100810272974,2009.516105477211,690.100810272974,,,,,,,,,,,,,,,,,,,,,,,,,,,,,,,,,,,,,,,,,,,,,
coupled_t040,coupled,0.4,10000,100,2.0,0.6,0.4,3.2322873718746927,1.0,1000,3.0,0.0013277659104370839,11.220184543019652,0.011220184543019653,0.045234559347098566,9.0,379.28736781827615,0.018287266658989942,9.287266658989937,0.001370146230105083,0.9986298537698949,1.0125707323516404,128.2025321540274,0.018913661313981305,0.974573619685894,0.8624730524079688,611.2240557362896,708.6877138129612,1988.3195701030506,708.6877138129612,,,,,,,,,,,,,,,,,,,,,,,,,,,,,,,,,,,,,,,,,,,,,
coupled_t040,coupled,0.4,10000,100,2.0,0.6,0.4,3.2322873718746927,1.0,1000,5.0,0.003688238640103011,25.11886431509582,0.02511886431509582,0.06620840287582459,25.0,302.62083210075645,0.04232071862906984,17.320718629069855,0.0025553177488834996,0.9974446822511165,1.017808007793671,254.49584320768165,0.03754565610656675,0.9422384852824623,0.8062329849882423,595.7442562376418,738.9231987901486,1949.391236334434,738.9231987901486,,,,,,,,,,,,,,,,,,,,,,,,,,,,,,,,,,,,,,,,,,,,,
coupled_t040,coupled,0.4,10000,100,2.0,0.6,0.4,3.2322873718746927,1.0,1000,8.233044840382567,0.01,50.118723362727245,0.05011872336272725,0.10021421685248373,67.78302734375,234.12313362908014,0.10053898253660577,32.75595519285578,0.004832471185430942,0.995167528814569,1.0259042335461572,455.33716783646315,0.06717568546758053,0.8775976077409565,0.7408172739791856,574.5883231832611,775.6140999479516,1892.6429413964597,775.6140999479516,25,28.353349795012036,/n/home12/binxuwang/Github/AccentuationPredRMT/tables/ffhq_feature_interpolation_cases/ffhq_feature_path_coupled_t040_n1000_trials25_seed20260827.npz,46.996544189453125,4.670271940854883,0.9340543881709766,44.668357849121094,44.668357849121094,50.11872482299805,0.004866942373397069,0.00039500306706802274,7.900061341360455e-05,0.004801241863246133,0.004658275342375587,0.005139449902326587,0.995133057626603,0.00039500306706803363,7.900061341360673e-05,0.9951987581367538,0.9948605500976734,0.9953417246576244,1.0251373999323323,0.004595361153905133,0.0009190722307810265,1.0241899662023377,1.0218399126729678,1.0265847981865852,0.07640052013730252,0.011956042285288324,0.002391208457057665,0.07515908414209316,0.06897142006057719,0.08204015331002261,0.8527146915725917,0.03220822347337262,0.006441644694674524,0.857344146158868,0.8388801439336878,0.8731497597323808,0.7243980951319433,0.021508481137322934,0.004301696227464587,0.7258484285252168,0.7135734765947424,0.7373758958881017
coupled_t040,coupled,0.4,10000,100,2.0,0.6,0.4,3.2322873718746927,1.0,1000,10.0,0.014752954560412044,63.09573444801943,0.06309573444801943,0.11690869237436627,100.0,212.08097246862957,0.14216563513513475,42.165635135134735,0.006220676991595563,0.9937793230084044,1.0295759904707047,582.7380302727203,0.08597107681237459,0.8279045369950853,0.7067917518002357,565.400178996729,799.9529954284626,1866.858614919632,799.9529954284626,,,,,,,,,,,,,,,,,,,,,,,,,,,,,,,,,,,,,,,,,,,,,
coupled_t040,coupled,0.4,10000,100,2.0,0.6,0.4,3.2322873718746927,1.0,1000,14.260051964535403,0.029999997671085327,89.12509381337459,0.08912509381337459,0.14925585066855224,203.34908203125002,180.48292299496848,0.27041061127849697,67.06152924724698,0.00989355693736378,0.9901064430626362,1.0355630342329498,970.1739872106368,0.143129327490123,0.6296597275315454,0.6216756319107597,549.208779864206,883.4330182384306,1819.8821168948448,883.4330182384306,,,,,,,,,,,,,,,,,,,,,,,,,,,,,,,,,,,,,,,,,,,,,
coupled_t040,coupled,0.4,10000,100,2.0,0.6,0.4,3.2322873718746927,1.0,1000,20.0,0.059011818241648174,141.25375446227554,0.14125375446227553,0.21127469432772356,400.0,141.84907615684443,0.5044498661656507,104.44986616565076,0.01540944129382965,0.9845905587061704,1.0486196085682737,1214.870360159117,0.17922927220218865,0.4609965402089232,0.5766452171025008,522.5040033892204,906.110009920265,1738.399873522226,906.110009920265,,,,,,,,,,,,,,,,,,,,,,,,,,,,,,,,,,,,,,,,,,,,,
coupled_t040,coupled,0.4,10000,100,2.0,0.6,0.4,3.2322873718746927,1.0,1000,26.035173773906333,0.1,177.82794100389228,0.17782794100389226,0.25344223807480504,677.8302734375002,124.2603701352188,0.8249152609444539,147.08498750695358,0.021699381372088593,0.9783006186279114,1.0543958753012708,1675.339402687468,0.2471620608111607,0.02251131136761031,0.5028460391275549,506.72456534819963,1007.7131485958884,1688.0500566964588,1007.7131485958884,25,28.353349795012036,/n/home12/binxuwang/Github/AccentuationPredRMT/tables/ffhq_feature_interpolation_cases/ffhq_feature_path_coupled_t040_n1000_trials25_seed20260827.npz,177.90512939453126,18.32070871224503,3.6641417424490057,177.82794189453125,158.48931884765625,177.82794189453125,0.02231106296134873,0.002403427483329423,0.0004806854966658846,0.02215895530849218,0.020291226218630252,0.023703312943024427,0.9776889370386512,0.002403427483329436,0.0004806854966658872,0.9778410446915078,0.9762966870569756,0.9797087737813698,1.058285767259803,0.01334684015047479,0.002669368030094958,1.0552233220949219,1.0491405519436898,1.0674753931220025,0.2502723570633717,0.04226075085377576,0.008452150170755152,0.25275146039061186,0.22866587929484897,0.2727380862386655,-0.04449580859157442,0.35919461533885827,0.07183892306777165,-0.022194380855207863,-0.19490190715528288,0.16019796274499076,0.5014764373345956,0.042654309702687146,0.00853086194053743,0.49725606876799405,0.47775667908659136,0.5218097875375857
coupled_t040,coupled,0.4,10000,100,2.0,0.6,0.4,3.2322873718746927,1.0,1000,30.0,0.1327765910437084,199.52623149688827,0.19952623149688828,0.27809924297169997,900.0,115.92834931390432,1.0768208374660042,176.82083746600418,0.02608629780469963,0.9739137021953004,1.0568274104320659,1970.1051362119094,0.2906487155376868,-0.3683266455430261,0.4608815384929888,498.1931391853756,1080.9570303344976,1660.175367125157,1080.9570303344976,,,,,,,,,,,,,,,,,,,,,,,,,,,,,,,,,,,,,,,,,,,,,
coupled_t040,coupled,0.4,10000,100,2.0,0.6,0.4,3.2322873718746927,1.0,1000,40.0,0.2360472729665927,281.83829312644605,0.28183829312644604,0.3699174492112183,1600.0,92.84681739705442,1.8550167891108456,255.01678911084548,0.03762251101894484,0.9623774889810551,1.0712125685987866,2338.2485529593164,0.3449607465275801,-1.025682799299132,0.41266640950173805,469.9707317913073,1138.863549274,1564.831829933505,1138.863549274,,,,,,,,,,,,,,,,,,,,,,,,,,,,,,,,,,,,,,,,,,,,,
coupled_t040,coupled,0.4,10000,100,2.0,0.6,0.4,3.2322873718746927,1.0,1000,45.09424376029051,0.2999999767108532,316.2277660168379,0.3162277660168379,0.4076763208854178,2033.4908203124996,85.80314924308972,2.3301631529486055,296.67233263610615,0.04376793442711921,0.9562320655728808,1.0751344175259305,2565.7714479055494,0.3785270958335319,-1.5569938667122503,0.3847544426543724,459.6853500864339,1194.7499473043706,1528.9311584306333,1194.7499473043706,,,,,,,,,,,,,,,,,,,,,,,,,,,,,,,,,,,,,,,,,,,,,
coupled_t040,coupled,0.4,10000,100,2.0,0.6,0.4,3.2322873718746927,1.0,1000,60.0,0.5311063641748336,446.6835921509635,0.4466835921509635,0.5487799676861519,3600.0,66.6470814504921,4.022260329453868,422.2603294538678,0.06229587453097531,0.9377041254690247,1.094414124079375,2931.3193308979826,0.4324562089079537,-2.6890132024671196,0.3423859726952643,426.27566557937524,1245.0149818455786,1408.3146320398052,1245.0149818455786,,,,,,,,,,,,,,,,,,,,,,,,,,,,,,,,,,,,,,,,,,,,,
coupled_t040,coupled,0.4,10000,100,2.0,0.6,0.4,3.2322873718746927,1.0,1000,82.33044840382567,1.0,630.9573444801943,0.6309573444801942,0.7443703819279445,6778.302734375001,50.442546830548146,7.3955258097467516,617.2230753717506,0.09105863984597215,0.9089413601540278,1.1138032919151828,3423.399081025484,0.5050525108452532,-5.033245513002852,0.28932953428100505,389.3462087611049,1345.6842894682186,1268.4574765302987,1345.6842894682186,25,28.353349795012036,/n/home12/binxuwang/Github/AccentuationPredRMT/tables/ffhq_feature_interpolation_cases/ffhq_feature_path_coupled_t040_n1000_trials25_seed20260827.npz,645.8795056152344,90.32259217530326,18.064518435060652,630.9573364257812,562.34130859375,707.94580078125,0.09267477228926385,0.012332637052202859,0.0024665274104405718,0.09289530464782206,0.08432914529396113,0.1026216383653193,0.9073252277107362,0.012332637052202862,0.0024665274104405726,0.907104695352178,0.8973783616346807,0.9156708547060388,1.1298227233423608,0.05855283711296165,0.01171056742259233,1.1313717393143046,1.0840848093902886,1.1730297857190737,0.49881366986290987,0.06449270506950376,0.012898541013900752,0.4998788299085011,0.46424167151165385,0.5281603893140827,-5.431290771017209,3.2699938687468366,0.6539987737493673,-4.823606792831229,-6.073496979386877,-3.5721868989342784,0.29517968124733424,0.04612017969731807,0.009224035939463613,0.29297890419839595,0.27325355913215327,0.3186471754577854
coupled_t040,coupled,0.4,10000,100,2.0,0.6,0.4,3.2322873718746927,1.0,1000,100.0,1.4752954560412044,794.3282347242822,0.7943282347242822,0.9155413838776701,10000.0,41.243292448598524,10.773845606422187,773.8456064221867,0.11416509068321024,0.8858349093167898,1.1308217011033996,3670.2623893698496,0.5414721425516272,-6.760112306232615,0.26415209278572566,363.08645206890594,1374.5355875845119,1165.3870868835043,1374.5355875845119,,,,,,,,,,,,,,,,,,,,,,,,,,,,,,,,,,,,,,,,,,,,,
coupled_t040,coupled,0.4,10000,100,2.0,0.6,0.4,3.2322873718746927,1.0,1000,142.60051964535404,2.999999767108533,1122.0184543019652,1.1220184543019651,1.2550987717949678,20334.908203125004,29.737308885371657,21.482477583165384,1147.569380040378,0.16930038918655918,0.8306996108134408,1.1397890775242498,4271.834272134417,0.6302217690640991,-13.831677461187766,0.2061349175936134,321.9256458774,1561.723019251223,999.0986334200204,1561.723019251223,,,,,,,,,,,,,,,,,,,,,,,,,,,,,,,,,,,,,,,,,,,,,
coupled_t040,coupled,0.4,10000,100,2.0,0.6,0.4,3.2322873718746927,1.0,1000,180.0,4.779957277573502,1412.5375446227554,1.4125375446227553,1.5534985829007015,32400.0,23.49669371349153,33.866524367049465,1466.5243670494667,0.21635567348817816,0.7836443265118218,1.138606786199445,4620.236629265736,0.6816214104990871,-21.411375512969233,0.17439633570393653,293.8087469499012,1684.718579458486,883.296872755432,1684.718579458486,,,,,,,,,,,,,,,,,,,,,,,,,,,,,,,,,,,,,,,,,,,,,
coupled_t040,coupled,0.4,10000,100,2.0,0.6,0.4,3.2322873718746927,1.0,1000,260.3517377390633,10.0,2238.7211385683377,2.2387211385683377,2.394914869647612,67783.02734375,14.04288769001933,69.88432135334746,2101.294009597451,0.3100029504165722,0.6899970495834278,1.1647725107879987,4934.323489298671,0.7279585022399709,-32.78182911528086,0.14679515810095703,237.75434957847006,1619.6334583117289,651.8003936913846,1619.6334583117289,25,28.353349795012036,/n/home12/binxuwang/Github/AccentuationPredRMT/tables/ffhq_feature_interpolation_cases/ffhq_feature_path_coupled_t040_n1000_trials25_seed20260827.npz,2233.8630126953126,622.6115253886834,124.52230507773668,1995.2623291015625,1778.2794189453125,2511.886474609375,0.30560170309216517,0.055884958365410284,0.011176991673082056,0.3032693121216608,0.2681087280639069,0.3355746087775053,0.6943982969078348,0.055884958365410284,0.011176991673082056,0.6967306878783392,0.6644253912224947,0.731891271936093,1.1573598492056718,0.23571220149930325,0.04714244029986065,1.1156339990924342,1.0060107731329786,1.2563622798871341,0.7253237019702665,0.06958821508875336,0.013917643017750673,0.7269300194022897,0.6934594261728826,0.7731999192048992,-42.44708034156803,31.90515155404551,6.381030310809102,-32.45868749249279,-52.08916290822922,-23.788362703405564,0.1493026393312191,0.04130302805480968,0.008260605610961936,0.14739808855346231,0.12068212846269344,0.167257887354745
coupled_t060,coupled,0.6,10000,100,2.0,0.4,0.6,0.0009084431714034086,1.0,1000,0.0,0.0,1e-06,9.999999999999999e-10,0.0023601016053852375,0.0,665.5871534500362,0.0004921907855280807,0.4921907855280806,7.261268293949283e-05,0.9999273873170605,1.000445628585654,0.05400994659940273,7.968062879912695e-06,0.9999920767314735,1.00282277574028,648.0189453056512,646.1948820690536,1417.4358736050317,646.1948820690536,,,,,,,,,,,,,,,,,,,,,,,,,,,,,,,,,,,,,,,,,,,,,
coupled_t060,coupled,0.6,10000,100,2.0,0.4,0.6,0.0009084431714034086,1.0,1000,0.01,1.4752954560412044e-08,1e-06,9.999999999999999e-10,0.0023601016053852375,0.0001,665.5871534500362,0.0004924898171024705,0.4923898171024704,7.264204597722343e-05,0.9999273579540228,1.0004455991812156,0.05373246381428444,7.927125970711227e-06,0.9999921173241042,1.0028155152229585,648.0189453056512,646.1995606056968,1417.4358736050317,646.1995606056968,,,,,,,,,,,,,,,,,,,,,,,,,,,,,,,,,,,,,,,,,,,,,
coupled_t060,coupled,0.6,10000,100,2.0,0.4,0.6,0.0009084431714034086,1.0,1000,0.03,1.3277659104370838e-07,1e-06,9.999999999999999e-10,0.0023601016053852375,0.0009,665.5871534500362,0.0004948820696975887,0.49398206969758857,7.287695027906819e-05,0.999927123049721,1.0004453639457682,0.05153846997570576,7.603447056647475e-06,0.9999924383121617,1.0027574348689765,648.0189453056512,646.2369888988392,1417.4358736050317,646.2369888988392,,,,,,,,,,,,,,,,,,,,,,,,,,,,,,,,,,,,,,,,,,,,,
coupled_t060,coupled,0.6,10000,100,2.0,0.4,0.6,0.0009084431714034086,1.0,1000,0.1,1.4752954560412047e-06,1e-06,9.999999999999999e-10,0.0023601016053852375,0.010000000000000002,665.5871534500362,0.0005220939429670577,0.5120939429670576,7.554898671255237e-05,0.9999244510132874,1.000442688150341,0.029813909957227245,4.398432588671897e-06,0.9999956199587077,1.0020972440460452,648.0189453056512,646.6627357333352,1417.4358736050317,646.6627357333352,,,,,,,,,,,,,,,,,,,,,,,,,,,,,,,,,,,,,,,,,,,,,
coupled_t060,coupled,0.6,10000,100,2.0,0.4,0.6,0.0009084431714034086,1.0,1000,0.3,1.3277659104370838e-05,0.2818382931264455,0.0002818382931264455,0.0031239587136044976,0.09,600.4868800641325,0.0007400968726099225,0.6500968726099227,9.590849621480166e-05,0.9999040915037852,1.0005814733027496,0.03450735630230782,5.090854595278955e-06,0.9999949320407988,1.0022562922229354,645.215543835497,643.7630263257847,1402.3440629373185,643.7630263257847,,,,,,,,,,,,,,,,,,,,,,,,,,,,,,,,,,,,,,,,,,,,,
coupled_t060,coupled,0.6,10000,100,2.0,0.4,0.6,0.0009084431714034086,1.0,1000,0.5,3.6882386401030106e-05,0.7943282347242822,0.0007943282347242822,0.004300526626270512,0.25,533.0994260755839,0.0011081801216759177,0.8581801216759176,0.00012660692339733692,0.9998733930766026,1.0007932794590495,0.0450615166695798,6.647905078495606e-06,0.9999933862440862,1.0025783531717931,641.6511702130789,640.0010215492166,1385.56558201478,640.0010215492166,,,,,,,,,,,,,,,,,,,,,,,,,,,,,,,,,,,,,,,,,,,,,
coupled_t060,coupled,0.6,10000,100,2.0,0.4,0.6,0.0009084431714034086,1.0,1000,0.7,7.228947734601901e-05,1.4125375446227555,0.0014125375446227555,0.005554902532680995,0.48999999999999994,483.9983307302803,0.0015944129258707387,1.1044129258707391,0.0001629335371130273,0.999837066462887,1.0010129324942463,0.036870064734859924,5.439423896728389e-06,0.9999945858598882,1.0023322572535482,638.4562603205425,636.9706808298794,1372.2399179408108,636.9706808298794,,,,,,,,,,,,,,,,,,,,,,,,,,,,,,,,,,,,,,,,,,,,,
coupled_t060,coupled,0.6,10000,100,2.0,0.4,0.6,0.0009084431714034086,1.0,1000,1.0,0.00014752954560412043,2.5118864315095824,0.0025118864315095825,0.007572348451992275,1.0,429.88006816758497,0.0025236768525844877,1.5236768525844875,0.00022478735370930582,0.9997752126462907,1.0013587364702345,0.02026573270544685,2.989794337369136e-06,0.9999970205182275,1.0017291021766712,634.096751909467,633.0022263819922,1355.9573654706799,633.0022263819922,,,,,,,,,,,,,,,,,,,,,,,,,,,,,,,,,,,,,,,,,,,,,
coupled_t060,coupled,0.6,10000,100,2.0,0.4,0.6,0.0009084431714034086,1.0,1000,1.5,0.00033194147760927097,5.011872336272725,0.005011872336272725,0.011691954825679366,2.25,362.8821035196597,0.0045742647057214056,2.324264705721406,0.00034289771589877374,0.9996571022841012,1.0020622577300302,0.035457458337309046,5.231022716780235e-06,0.9999947928236351,1.0022871429156877,626.8551273835626,625.4246917305749,1332.226784836073,625.4246917305749,,,,,,,,,,,,,,,,,,,,,,,,,,,,,,,,,,,,,,,,,,,,,
coupled_t060,coupled,0.6,10000,100,2.0,0.4,0.6,0.0009084431714034086,1.0,1000,2.0,0.0005901181824164817,7.943282347242821,0.00794328234724282,0.016130045711629626,4.0,319.2226832295702,0.007232970689614699,3.2329706896146995,0.0004769586967902965,0.9995230413032097,1.0028018275364174,0.04742435683697223,6.996493814726175e-06,0.9999930403725411,1.002645088621337,620.4259393952424,618.7891871572863,1313.432591359016,618.7891871572863,,,,,,,,,,,,,,,,,,,,,,,,,,,,,,,,,,,,,,,,,,,,,
coupled_t060,coupled,0.6,10000,100,2.0,0.4,0.6,0.0009084431714034086,1.0,1000,3.0,0.0013277659104370839,14.125375446227554,0.014125375446227554,0.024848581050287723,9.0,267.5829616537224,0.014317780003292833,5.3177800032928335,0.0007845296675084698,0.9992154703324916,1.0041859450307464,0.005555281020671738,8.195680846828959e-07,0.9999991819138127,1.0009052999970633,609.9780674756693,609.4263537993644,1285.6732178265343,609.4263537993644,,,,,,,,,,,,,,,,,,,,,,,,,,,,,,,,,,,,,,,,,,,,,
coupled_t060,coupled,0.6,10000,100,2.0,0.4,0.6,0.0009084431714034086,1.0,1000,5.0,0.003688238640103011,25.11886431509582,0.02511886431509582,0.039342828487255184,25.0,220.28003848504372,0.03535249569559054,10.35249569559054,0.001527298985839085,0.998472701014161,1.0062015395465165,1.1680247926125282,0.0001723181669084733,0.9998230671256458,0.9868729985560878,595.9935988675842,603.9212743074271,1251.6884144894507,603.9212743074271,,,,,,,,,,,,,,,,,,,,,,,,,,,,,,,,,,,,,,,,,,,,,
coupled_t060,coupled,0.6,10000,100,2.0,0.4,0.6,0.0009084431714034086,1.0,1000,8.233044840382567,0.01,50.118723362727245,0.05011872336272725,0.07027900410897671,67.78302734375,169.9131371945844,0.0881274503531945,20.3444230094445,0.0030014034821613596,0.9969985965178386,1.0104748046503491,3.7767065569046907,0.0005571758022202512,0.999415558869153,0.9763954283618564,572.9163931855039,586.7667714777323,1199.6435434095545,586.7667714777323,25,27.81015654699877,/n/home12/binxuwang/Github/AccentuationPredRMT/tables/ffhq_feature_interpolation_cases/ffhq_feature_path_coupled_t060_n1000_trials25_seed20260827.npz,49.75475936889649,5.809244144777104,1.1618488289554207,50.11872482299805,44.668357849121094,56.234130859375,0.0030319646017891774,0.00025939967883265404,5.187993576653081e-05,0.0030213256743805757,0.0028855210988429692,0.003137217385568395,0.9969680353982109,0.0002593996788326446,5.1879935766528924e-05,0.9969786743256194,0.9968627826144316,0.997114478901157,1.0106983361009596,0.0040600425927224595,0.0008120085185444919,1.0104452246676061,1.0081396570927985,1.01388963880745,0.0009542913202476863,0.0011611710321911084,0.0002322342064382217,0.00048806674305113104,0.0002055839906954375,0.0012709662463860013,0.9989531313240705,0.0013295575523871355,0.0002659115104774271,0.9994896320140328,0.9986333251579255,0.9997883913378495,0.9741301351756797,0.017231312770986003,0.0034462625541972006,0.9779077673592927,0.9643493864514788,0.9856617996005274
coupled_t060,coupled,0.6,10000,100,2.0,0.4,0.6,0.0009084431714034086,1.0,1000,10.0,0.014752954560412044,63.09573444801943,0.06309573444801943,0.08576414306570386,100.0,154.6940120016221,0.1265695887956458,26.569588795645817,0.003919799361909957,0.99608020063809,1.0123731755380783,7.8524341404568725,0.0011584660406278844,0.9987584573417501,0.9659637540168149,563.3373087462093,583.1867980590947,1178.8440164534372,583.1867980590947,,,,,,,,,,,,,,,,,,,,,,,,,,,,,,,,,,,,,,,,,,,,,
coupled_t060,coupled,0.6,10000,100,2.0,0.4,0.6,0.0009084431714034086,1.0,1000,14.260051964535403,0.029999997671085327,100.0,0.1,0.12864498975879324,203.34908203125002,126.56617985069757,0.24664716538004622,43.29808334879618,0.006387746561977234,0.9936122534380227,1.0175635746489644,18.730483584731314,0.0027632997322008476,0.996921557336765,0.9474329025701357,540.8577854120521,570.8665847943928,1130.9709479936391,570.8665847943928,,,,,,,,,,,,,,,,,,,,,,,,,,,,,,,,,,,,,,,,,,,,,
coupled_t060,coupled,0.6,10000,100,2.0,0.4,0.6,0.0009084431714034086,1.0,1000,20.0,0.059011818241648174,141.25375446227554,0.14125375446227553,0.175330984297991,400.0,107.45824975690137,0.4688344357312476,68.83443573124758,0.010155113025346987,0.989844886974653,1.0218601925283293,62.92861686441462,0.00928383025150288,0.9886308180240605,0.9036473651034759,520.8233141549327,576.3568115924221,1088.8351543132312,576.3568115924221,,,,,,,,,,,,,,,,,,,,,,,,,,,,,,,,,,,,,,,,,,,,,
coupled_t060,coupled,0.6,10000,100,2.0,0.4,0.6,0.0009084431714034086,1.0,1000,26.035173773906333,0.1,199.52623149688827,0.19952623149688828,0.23994426704022362,677.8302734375002,90.03662027512205,0.7761168686006733,98.2865951631731,0.01450017672339907,0.9854998232766009,1.0284509543653235,100.70510158684604,0.014856977877124184,0.9807322127343171,0.878110796716345,497.89199590883516,567.0036147723948,1040.6568603259586,567.0036147723948,25,27.81015654699877,/n/home12/binxuwang/Github/AccentuationPredRMT/tables/ffhq_feature_interpolation_cases/ffhq_feature_path_coupled_t060_n1000_trials25_seed20260827.npz,203.21151489257812,28.465441262264694,5.693088252452939,199.52622985839844,177.82794189453125,223.8721160888672,0.014922709210551,0.0019130197380815017,0.00038260394761630034,0.014949190511861249,0.012967633427103806,0.01597204979695244,0.9850772907894491,0.001913019738081498,0.0003826039476162996,0.9850508094881387,0.9840279502030476,0.9870323665728962,1.0326904563843684,0.013760031078730046,0.002752006215746009,1.0291167264440395,1.0235571182943157,1.0431174213750574,0.016854187027509647,0.012783579157912735,0.002556715831582547,0.014871296467025912,0.007072164259249064,0.020192801119681122,0.9761557245094301,0.02046365495454094,0.004092730990908188,0.9807110634405964,0.9725637579541386,0.9915695146081651,0.8803823192766816,0.05149633366686496,0.010299266733372992,0.8780520747735907,0.8578986237938523,0.9159038392121908
coupled_t060,coupled,0.6,10000,100,2.0,0.4,0.6,0.0009084431714034086,1.0,1000,30.0,0.1327765910437084,251.18864315095823,0.25118864315095824,0.296371470631706,900.0,79.36024389354722,1.0188339067251944,118.83390672519427,0.01753151226153034,0.9824684877384696,1.0348504362743243,106.09153782677905,0.015651636368027067,0.9795520690639468,0.8748934998969795,480.96521793205636,549.7414462316739,1004.8801762424148,549.7414462316739,,,,,,,,,,,,,,,,,,,,,,,,,,,,,,,,,,,,,,,,,,,,,
coupled_t060,coupled,0.6,10000,100,2.0,0.4,0.6,0.0009084431714034086,1.0,1000,40.0,0.2360472729665927,354.81338923357606,0.3548133892335761,0.4079783458520573,1600.0,64.76517913582067,1.7737139648257911,173.71396482579124,0.025627942295839142,0.9743720577041609,1.0446637111866557,190.42527017258533,0.02809335358010338,0.9594537560856534,0.8323892796384927,453.15204564772154,544.3991852520323,945.3219024982849,544.3991852520323,,,,,,,,,,,,,,,,,,,,,,,,,,,,,,,,,,,,,,,,,,,,,
coupled_t060,coupled,0.6,10000,100,2.0,0.4,0.6,0.0009084431714034086,1.0,1000,45.09424376029051,0.2999999767108532,398.1071705534969,0.3981071705534969,0.45415672265580237,2033.4908203124996,60.28195470721047,2.2364026234914247,202.91180317892483,0.0299354861206995,0.9700645138793005,1.047411677099089,262.46720114169335,0.0387216669204193,0.9399817829353084,0.803221782403592,443.2565667712102,551.8482895779944,923.831224629815,551.8482895779944,,,,,,,,,,,,,,,,,,,,,,,,,,,,,,,,,,,,,,,,,,,,,
coupled_t060,coupled,0.6,10000,100,2.0,0.4,0.6,0.0009084431714034086,1.0,1000,60.0,0.5311063641748336,562.341325190349,0.5623413251903491,0.6277015684801557,3600.0,47.9865634937051,3.892256739065393,292.25673906539294,0.04311650391405941,0.9568834960859406,1.0603884884175012,415.06238179424906,0.06123396458346951,0.8918746813192213,0.752545025138977,411.8269511113769,547.2455964150747,854.3074764813791,547.2455964150747,,,,,,,,,,,,,,,,,,,,,,,,,,,,,,,,,,,,,,,,,,,,,
coupled_t060,coupled,0.6,10000,100,2.0,0.4,0.6,0.0009084431714034086,1.0,1000,82.33044840382567,1.0,794.3282347242822,0.7943282347242822,0.8699265966901386,6778.302734375001,37.42144381360407,7.21095848791704,432.6557535420389,0.06382950672306532,0.9361704932769347,1.0734329273207275,705.5456484619327,0.10408882892055343,0.7731443258996793,0.6773719960689193,378.0708968680026,558.143677421137,777.2510317529476,558.143677421137,25,27.81015654699877,/n/home12/binxuwang/Github/AccentuationPredRMT/tables/ffhq_feature_interpolation_cases/ffhq_feature_path_coupled_t060_n1000_trials25_seed20260827.npz,820.5410095214844,135.4431897640122,27.08863795280244,794.3282470703125,794.3282470703125,891.2509155273438,0.06461464353078149,0.010040879217942833,0.0020081758435885667,0.06306241552275467,0.05672791518306652,0.07206228058516023,0.9353853564692184,0.010040879217942836,0.002008175843588567,0.9369375844772453,0.9279377194148397,0.9432720848169335,1.0884641083752167,0.049628660536741476,0.009925732107348295,1.0841125628302977,1.0612596113019044,1.1272435920866601,0.10323044080595317,0.06448689860961862,0.012897379721923724,0.08657265722074692,0.062221784008341274,0.12061443677515303,0.7231457655338519,0.3072546958369459,0.06145093916738918,0.8261970221536117,0.7168825738908884,0.8895476301073052,0.6933047802030342,0.09772667539092121,0.01954533507818424,0.7057676815495162,0.6527041077479421,0.7505570525985125
coupled_t060,coupled,0.6,10000,100,2.0,0.4,0.6,0.0009084431714034086,1.0,1000,100.0,1.4752954560412044,1000.0,1.0,1.082880813839241,10000.0,31.32470424905766,10.547043318425581,547.0433184255826,0.08070505219309636,0.9192949478069037,1.0847107468347261,894.8682250777942,0.13201950262129275,0.6742911031304473,0.6366551189003858,354.511033633368,556.833712804619,721.92990865255,556.833712804619,,,,,,,,,,,,,,,,,,,,,,,,,,,,,,,,,,,,,,,,,,,,,
coupled_t060,coupled,0.6,10000,100,2.0,0.4,0.6,0.0009084431714034086,1.0,1000,142.60051964535404,2.999999767108533,1412.5375446227554,1.4125375446227553,1.5069023902067586,20334.908203125004,23.544916973463856,21.163023728850362,828.1155257253599,0.12217150721797966,0.8778284927820204,1.0907191675265029,1487.8207985367253,0.21949752634848269,0.22297982533612237,0.531494368925535,318.03722955605673,598.3830650906018,633.869201569173,598.3830650906018,,,,,,,,,,,,,,,,,,,,,,,,,,,,,,,,,,,,,,,,,,,,,
coupled_t060,coupled,0.6,10000,100,2.0,0.4,0.6,0.0009084431714034086,1.0,1000,180.0,4.779957277573502,1995.262314968883,1.9952623149688828,2.1015939721329824,32400.0,17.294834344839263,33.474094644383314,1074.0946443833116,0.15846069482168929,0.8415393051783107,1.121887233931011,1609.6431515009208,0.23746992272571524,0.09656485286069472,0.5126911423689128,280.8436323735896,547.7832737190247,541.4600364793736,547.7832737190247,,,,,,,,,,,,,,,,,,,,,,,,,,,,,,,,,,,,,,,,,,,,,
coupled_t060,coupled,0.6,10000,100,2.0,0.4,0.6,0.0009084431714034086,1.0,1000,260.3517377390633,10.0,2818.3829312644607,2.818382931264461,2.9369172142200664,67783.02734375,12.409533320357307,69.37339197426114,1590.3646305111408,0.2346257712841735,0.7653742287158265,1.1059540047607825,2397.587839255624,0.35371504447134716,-1.1536986159565372,0.40526052386667055,243.74064434513497,601.4418626802271,447.56439278093006,601.4418626802271,25,27.81015654699877,/n/home12/binxuwang/Github/AccentuationPredRMT/tables/ffhq_feature_interpolation_cases/ffhq_feature_path_coupled_t060_n1000_trials25_seed20260827.npz,2954.1993701171873,833.5752140530055,166.71504281060112,2818.3828125,2511.886474609375,3548.1337890625,0.23144256969566662,0.05104171789950113,0.010208343579900225,0.2264939605026833,0.19121844314902542,0.2644655658950743,0.7685574303043334,0.05104171789950113,0.010208343579900225,0.7735060394973167,0.7355344341049257,0.8087815568509746,1.108383031938569,0.195143768788728,0.0390287537577456,1.0831940646098623,0.9963982553073802,1.204598108462121,0.3434358264532929,0.13640914229242718,0.027281828458485435,0.31777323813419206,0.28505676810065683,0.40428741672701163,-2.3685426230998274,5.253772954460541,1.0507545908921083,-0.66945358512987,-2.0485701912005845,-0.3121586310475277,0.42646331707307716,0.12286298173878556,0.02457259634775711,0.43628620902607673,0.36416400170561936,0.4660929218481395
coupled_t080,coupled,0.8,10000,100,2.0,0.19999999999999996,0.8,2.5532042814337754e-07,1.0,1000,0.0,0.0,0.03548133892335753,3.5481338923357534e-05,0.00036041251990394775,0.0,665.8978706395905,0.0004855736348272685,0.48557363482726856,7.163645770340804e-05,0.9999283635422966,1.0000320328143395,7.290719149502411e-05,1.07559648325335e-08,0.9999999892418038,0.9998962890322457,649.6292674489754,649.6966481170983,1499.5070555472141,649.6966481170983,,,,,,,,,,,,,,,,,,,,,,,,,,,,,,,,,,,,,,,,,,,,,
coupled_t080,coupled,0.8,10000,100,2.0,0.19999999999999996,0.8,2.5532042814337754e-07,1.0,1000,0.01,1.4752954560412044e-08,0.03548133892335753,3.5481338923357534e-05,0.00036041251990394775,0.0001,665.8978706395905,0.0004858729445029997,0.4857729445029998,7.166586176930317e-05,0.9999283341382307,1.0000320034053423,8.150293920879827e-05,1.2024091586874258e-08,0.9999999879732709,0.9998903455810882,649.6292674489754,649.700509980864,1499.5070555472141,649.700509980864,,,,,,,,,,,,,,,,,,,,,,,,,,,,,,,,,,,,,,,,,,,,,
coupled_t080,coupled,0.8,10000,100,2.0,0.19999999999999996,0.8,2.5532042814337754e-07,1.0,1000,0.03,1.3277659104370838e-07,0.03548133892335753,3.5481338923357534e-05,0.00036041251990394775,0.0009,665.8978706395905,0.0004882674219088502,0.48736742190885024,7.190109429646433e-05,0.9999280989057036,1.000031768133424,0.0001675032473974221,2.4711677975756253e-08,0.9999999752805508,0.9998428005153451,649.6292674489754,649.7314048909883,1499.5070555472141,649.7314048909883,,,,,,,,,,,,,,,,,,,,,,,,,,,,,,,,,,,,,,,,,,,,,
coupled_t080,coupled,0.8,10000,100,2.0,0.19999999999999996,0.8,2.5532042814337754e-07,1.0,1000,0.1,1.4752954560412047e-06,0.04466835921509635,4.466835921509635e-05,0.0003873721593725786,0.010000000000000002,652.7595415087203,0.0005149123524964657,0.5049123524964656,7.448948993371106e-05,0.9999255105100663,1.00003510901248,2.6008066438777832e-05,3.836958223754668e-09,0.9999999961625664,0.9999380568145495,649.1788926715813,649.2191073711472,1481.9316153788618,649.2191073711472,,,,,,,,,,,,,,,,,,,,,,,,,,,,,,,,,,,,,,,,,,,,,
coupled_t080,coupled,0.8,10000,100,2.0,0.19999999999999996,0.8,2.5532042814337754e-07,1.0,1000,0.3,1.3277659104370838e-05,0.12589254117941687,0.00012589254117941688,0.0005969313238123473,0.09,578.6780540512226,0.0007223902603982298,0.6323902603982299,9.329624776102225e-05,0.999906703752239,1.0000605134570255,0.0013836728747719028,2.0413263047984586e-07,0.9999997960517031,1.0004518103921778,646.3275324779679,646.0356468589997,1387.2987059894465,646.0356468589997,,,,,,,,,,,,,,,,,,,,,,,,,,,,,,,,,,,,,,,,,,,,,
coupled_t080,coupled,0.8,10000,100,2.0,0.19999999999999996,0.8,2.5532042814337754e-07,1.0,1000,0.5,3.6882386401030106e-05,0.2818382931264455,0.0002818382931264455,0.0009365792253440202,0.25,509.5134493374555,0.0010728535953116473,0.8228535953116474,0.00012139521701504414,0.999878604782985,1.0000996667279158,0.004724142212378192,6.969505539613989e-07,0.9999993042116687,1.0008348356448795,643.0234809489694,642.4871098083258,1304.7353366517546,642.4871098083258,,,,,,,,,,,,,,,,,,,,,,,,,,,,,,,,,,,,,,,,,,,,,
coupled_t080,coupled,0.8,10000,100,2.0,0.19999999999999996,0.8,2.5532042814337754e-07,1.0,1000,0.7,7.228947734601901e-05,0.5011872336272725,0.0005011872336272724,0.0013597967654060369,0.48999999999999994,457.92065913150344,0.0015365968775101478,1.046596877510148,0.00015440396176976342,0.9998455960382302,1.0001461606495785,0.007180584374973388,1.059348350011871e-06,0.9999989428289491,1.001029246496235,639.9578212144858,639.2998241104764,1245.714252906807,639.2998241104764,,,,,,,,,,,,,,,,,,,,,,,,,,,,,,,,,,,,,,,,,,,,,
coupled_t080,coupled,0.8,10000,100,2.0,0.19999999999999996,0.8,2.5532042814337754e-07,1.0,1000,1.0,0.00014752954560412043,1.0,0.001,0.0022261580411730817,1.0,396.8488465174147,0.0024245738275734657,1.4245738275734656,0.000210166729461436,0.9997898332705386,1.0002448968526638,0.025613300730014308,3.778718618120697e-06,0.9999962359295032,1.0019438926457294,635.3092931899482,634.0767161246453,1177.3706350211366,634.0767161246453,,,,,,,,,,,,,,,,,,,,,,,,,,,,,,,,,,,,,,,,,,,,,
coupled_t080,coupled,0.8,10000,100,2.0,0.19999999999999996,0.8,2.5532042814337754e-07,1.0,1000,1.5,0.00033194147760927097,1.9952623149688828,0.001995262314968883,0.0037928053059528674,2.25,339.021115407303,0.004389955241633943,2.139955241633943,0.00031570662441141137,0.9996842933755886,1.0004034677810707,0.027372092954311398,4.038192435783307e-06,0.9999959779884747,1.002009525425513,629.2844690272054,628.0224419622895,1112.6452326193257,628.0224419622895,,,,,,,,,,,,,,,,,,,,,,,,,,,,,,,,,,,,,,,,,,,,,
coupled_t080,coupled,0.8,10000,100,2.0,0.19999999999999996,0.8,2.5532042814337754e-07,1.0,1000,2.0,0.0005901181824164817,3.5481338923357604,0.00354813389233576,0.006058173958765183,4.0,294.37929548301406,0.006944205591248911,2.9442055912489122,0.0004343573130420628,0.9995656426869579,1.0006479575818923,0.0993575722736287,1.4658177489856997e-05,0.9999854534217933,1.0038285999386012,622.8482505915927,620.4727088167133,1061.160305159183,620.4727088167133,,,,,,,,,,,,,,,,,,,,,,,,,,,,,,,,,,,,,,,,,,,,,
coupled_t080,coupled,0.8,10000,100,2.0,0.19999999999999996,0.8,2.5532042814337754e-07,1.0,1000,3.0,0.0013277659104370839,7.0794578438413875,0.007079457843841387,0.010876037293490563,9.0,245.61561946426025,0.013778441640979647,4.778441640979646,0.0007049613239895348,0.9992950386760104,1.0011100739487395,0.15617903196325195,2.3041021618429962e-05,0.9999771785945595,1.0048001064174068,612.782289327527,609.8549208084671,1000.9764644883409,609.8549208084671,,,,,,,,,,,,,,,,,,,,,,,,,,,,,,,,,,,,,,,,,,,,,
coupled_t080,coupled,0.8,10000,100,2.0,0.19999999999999996,0.8,2.5532042814337754e-07,1.0,1000,5.0,0.003688238640103011,15.848931924611142,0.01584893192461114,0.022073548562957783,25.0,195.36397824786272,0.03419342718415074,9.193427184150744,0.0013563021350223277,0.9986436978649776,1.0020549834316237,0.12159376105613469,1.7938672316907546e-05,0.9999822123228742,1.0042354069836212,596.4758785211656,593.9602152773865,930.2371638505964,593.9602152773865,,,,,,,,,,,,,,,,,,,,,,,,,,,,,,,,,,,,,,,,,,,,,
coupled_t080,coupled,0.8,10000,100,2.0,0.19999999999999996,0.8,2.5532042814337754e-07,1.0,1000,8.233044840382567,0.01,35.481338923357605,0.03548133892335761,0.0457360307180501,67.78302734375,151.72145635868725,0.08574530711644841,17.962279772698412,0.0026499669728802804,0.9973500330271197,1.0038926002316375,0.11164014111605024,1.6470219290030775e-05,0.999983662655175,1.0040583517947599,573.1633971297473,570.8467003986517,855.3741947853657,570.8467003986517,25,42.403243740991456,/n/home12/binxuwang/Github/AccentuationPredRMT/tables/ffhq_feature_interpolation_cases/ffhq_feature_path_coupled_t080_n1000_trials25_seed20260827.npz,35.020263595581056,4.994955090241261,0.9989910180482522,35.48133850097656,31.62277603149414,39.81071853637695,0.0026913824729407673,0.00022546946548640992,4.5093893097281984e-05,0.0026329930224584137,0.002579229189162875,0.0028033717399539378,0.9973086175270593,0.00022546946548640865,4.509389309728173e-05,0.9973670069775415,0.9971966282600461,0.9974207708108371,1.0040858840906284,0.004008444403107344,0.0008016888806214688,1.0039556006034294,1.0012664186397708,1.0063311839724418,0.0002051206822408978,0.0003168612411330143,6.337224822660286e-05,7.913120950974083e-05,4.142977428155203e-05,0.0001702958548880014,0.9997933258989583,0.000328921009469836,6.578420189396721e-05,0.9999222580604185,0.9998325288030797,0.9999590984537576,1.0015819203838159,0.014527926058549174,0.002905585211709835,1.0040878802383977,0.9901041231124099,1.0088050115893497
coupled_t080,coupled,0.8,10000,100,2.0,0.19999999999999996,0.8,2.5532042814337754e-07,1.0,1000,10.0,0.014752954560412044,44.668359215096345,0.04466835921509635,0.056491097865871455,100.0,140.35943084185902,0.12342835711609501,23.428357116095018,0.0034563748795885594,0.9965436251204114,1.0044388727706735,0.06894229893900568,1.0171026035374943e-05,0.9999897637873242,0.996810795391422,564.869765653946,566.6770146004851,832.777513560298,566.6770146004851,,,,,,,,,,,,,,,,,,,,,,,,,,,,,,,,,,,,,,,,,,,,,
coupled_t080,coupled,0.8,10000,100,2.0,0.19999999999999996,0.8,2.5532042814337754e-07,1.0,1000,14.260051964535403,0.029999997671085327,79.43282347242821,0.07943282347242821,0.09625503190466159,203.34908203125002,113.95102598045199,0.24138680076880406,38.03771873755406,0.005611687361168688,0.9943883126388313,1.0070647378768751,0.2719186375867568,4.011603304446573e-05,0.9999593709303769,0.9936662781049003,540.4219233955748,543.8666233358108,773.5807180093208,543.8666233358108,,,,,,,,,,,,,,,,,,,,,,,,,,,,,,,,,,,,,,,,,,,,,
coupled_t080,coupled,0.8,10000,100,2.0,0.19999999999999996,0.8,2.5532042814337754e-07,1.0,1000,20.0,0.059011818241648174,141.25375446227554,0.14125375446227553,0.16500760134346187,400.0,90.29733069711588,0.46013936349378437,60.13936349378438,0.008872332969159038,0.991127667030841,1.0115271050289203,0.3309648266874259,4.882709049214241e-05,0.9999504833179246,0.9930123615940618,510.22847092415566,513.8188512629356,710.5444089859114,513.8188512629356,,,,,,,,,,,,,,,,,,,,,,,,,,,,,,,,,,,,,,,,,,,,,
coupled_t080,coupled,0.8,10000,100,2.0,0.19999999999999996,0.8,2.5532042814337754e-07,1.0,1000,26.035173773906333,0.1,199.52623149688827,0.19952623149688828,0.22858388461961374,677.8302734375002,77.42830554028298,0.763254170027583,85.42389659008285,0.012602548647668296,0.9873974513523317,1.0144923274889295,4.025898676677671,0.0005939390024184866,0.9993760176261555,0.9756291361987621,489.25444367104717,501.47584314391855,670.9164568676973,501.47584314391855,25,42.403243740991456,/n/home12/binxuwang/Github/AccentuationPredRMT/tables/ffhq_feature_interpolation_cases/ffhq_feature_path_coupled_t080_n1000_trials25_seed20260827.npz,203.44473754882813,35.353829019856164,7.070765803971232,199.52622985839844,177.82794189453125,223.8721160888672,0.012993914063379646,0.0016914315514902265,0.0003382863102980453,0.012785570541131948,0.011209886289829885,0.014435678018484506,0.9870060859366202,0.0016914315514902248,0.00033828631029804494,0.9872144294588681,0.9855643219815154,0.9887901137101701,1.018411339646261,0.01332840233006929,0.002665680466013858,1.0167142199585324,1.0101110908407926,1.0289380861424462,0.0025264197481712236,0.004276885701010328,0.0008553771402020656,0.0008832537935772452,0.00016712467793132807,0.0017252522868540906,0.9969643774516919,0.005614297405187994,0.0011228594810375988,0.9990880666995567,0.9982029301959762,0.9998284689963639,0.9752497544548381,0.04464962081802194,0.00892992416360439,0.9821059175280396,0.9593321266817239,1.0022037480554795
coupled_t080,coupled,0.8,10000,100,2.0,0.19999999999999996,0.8,2.5532042814337754e-07,1.0,1000,30.0,0.1327765910437084,251.18864315095823,0.25118864315095824,0.28432883557720956,900.0,69.41628958985939,1.0028929828278743,102.89298282787428,0.015179755002448858,0.9848202449975512,1.0175870011877792,5.155569245467394,0.0007605987881143827,0.9991956465458643,0.9724210444702055,474.09251096733374,487.5383082907557,643.7209502494453,487.5383082907557,,,,,,,,,,,,,,,,,,,,,,,,,,,,,,,,,,,,,,,,,,,,,
coupled_t080,coupled,0.8,10000,100,2.0,0.19999999999999996,0.8,2.5532042814337754e-07,1.0,1000,40.0,0.2360472729665927,398.1071705534969,0.3981071705534969,0.44086036863085154,1600.0,54.80812995325402,1.749312141916281,149.31214191628098,0.022027952450086877,0.9779720475499131,1.0258691694735704,8.336432128411602,0.0012298700438641542,0.9986791084613986,0.964930496954417,441.049105839505,457.07862610993834,587.3221470411044,457.07862610993834,,,,,,,,,,,,,,,,,,,,,,,,,,,,,,,,,,,,,,,,,,,,,
coupled_t080,coupled,0.8,10000,100,2.0,0.19999999999999996,0.8,2.5532042814337754e-07,1.0,1000,45.09424376029051,0.2999999767108532,446.6835921509635,0.4466835921509635,0.49216045452309054,2033.4908203124996,51.460340884704685,2.2072936150160056,173.802794703506,0.025641047327334472,0.9743589526726655,1.0268528335509512,21.78444150956905,0.003213848757146261,0.9963882530825012,0.9433091827793402,432.2495201337876,458.2267702093385,572.7774595761988,458.2267702093385,,,,,,,,,,,,,,,,,,,,,,,,,,,,,,,,,,,,,,,,,,,,,
coupled_t080,coupled,0.8,10000,100,2.0,0.19999999999999996,0.8,2.5532042814337754e-07,1.0,1000,60.0,0.5311063641748336,630.9573444801943,0.6309573444801942,0.685412855519916,3600.0,42.16891499114087,3.848645516724882,248.64551672488167,0.03668256009892352,0.9633174399010764,1.032562114197354,64.5311607130353,0.009520252817300567,0.9883097674958611,0.9024282171050433,404.6628227026782,448.415524949809,528.0213295285129,448.415524949809,,,,,,,,,,,,,,,,,,,,,,,,,,,,,,,,,,,,,,,,,,,,,
coupled_t080,coupled,0.8,10000,100,2.0,0.19999999999999996,0.8,2.5532042814337754e-07,1.0,1000,82.33044840382567,1.0,1000.0,1.0,1.068355990711632,6778.302734375001,31.56002127206572,7.143927406708519,365.6246723335186,0.05394044177101943,0.9460595582289806,1.0463700269351408,104.6196656501968,0.01543449173462854,0.9798758387734333,0.8757643701081347,365.4412223510484,417.2825874452116,465.74567831092816,417.2825874452116,25,42.403243740991456,/n/home12/binxuwang/Github/AccentuationPredRMT/tables/ffhq_feature_interpolation_cases/ffhq_feature_path_coupled_t080_n1000_trials25_seed20260827.npz,1048.1821069335938,209.74210265315907,41.948420530631815,1000.0,891.2509155273438,1122.0184326171875,0.0540857971691684,0.008961108005909218,0.0017922216011818435,0.05328531899926724,0.047895700196639364,0.05962402443525648,0.9459142028308317,0.008961108005909216,0.0017922216011818433,0.9467146810007327,0.9403759755647435,0.9521042998033606,1.0608319330194416,0.04310773310073529,0.008621546620147058,1.056313215188035,1.033940851491737,1.0930460765987637,0.02115568189180411,0.026798207731512796,0.005359641546302559,0.012177817040925253,0.005995192014463546,0.026595871853419124,0.9652491486834904,0.05773117390412347,0.011546234780824694,0.9846137015865327,0.9690439946524975,0.992956262759977,0.8970061323233197,0.10482100374369635,0.02096420074873927,0.8908328935898033,0.8503812176813896,0.9565148196106913
coupled_t080,coupled,0.8,10000,100,2.0,0.19999999999999996,0.8,2.5532042814337754e-07,1.0,1000,100.0,1.4752954560412044,1258.9254117941662,1.2589254117941662,1.3350585735070986,10000.0,27.014806165694687,10.461267021944455,461.2670219444548,0.06805051414963127,0.9319494858503687,1.0517523214066382,173.53300262964584,0.025601245025270288,0.9637167202618503,0.8399961093433341,344.98277259313136,410.6956791297774,433.58875602853857,410.6956791297774,,,,,,,,,,,,,,,,,,,,,,,,,,,,,,,,,,,,,,,,,,,,,
coupled_t080,coupled,0.8,10000,100,2.0,0.19999999999999996,0.8,2.5532042814337754e-07,1.0,1000,142.60051964535404,2.999999767108533,1995.262314968883,1.9952623149688828,2.088540073804143,20334.908203125004,19.38046357550663,21.03211547045798,697.2072673329786,0.10285867134152486,0.8971413286584752,1.0672460673045383,310.14984370892523,0.04575626551156671,0.9259537838184376,0.7860928577359636,302.917094325255,385.3451807178232,367.75162178496083,385.3451807178232,,,,,,,,,,,,,,,,,,,,,,,,,,,,,,,,,,,,,,,,,,,,,
coupled_t080,coupled,0.8,10000,100,2.0,0.19999999999999996,0.8,2.5532042814337754e-07,1.0,1000,180.0,4.779957277573502,2818.3829312644607,2.818382931264461,2.925810737441941,32400.0,14.835775279036227,33.30804228116469,908.0422811646902,0.13396306512955572,0.8660369348704443,1.0870883091333412,359.22699725337833,0.05299659567352352,0.9105658622914192,0.76979010517894,270.8664055808978,351.87046931180555,317.70545585688683,351.87046931180555,,,,,,,,,,,,,,,,,,,,,,,,,,,,,,,,,,,,,,,,,,,,,
coupled_t080,coupled,0.8,10000,100,2.0,0.19999999999999996,0.8,2.5532042814337754e-07,1.0,1000,260.3517377390633,10.0,4466.835921509635,4.466835921509635,4.594610659951491,67783.02734375,10.143468597782501,69.14236513399644,1359.3377902464433,0.20054248651756695,0.7994575134824331,1.1008376024737647,595.3465994105171,0.0878312132879919,0.8226006877324648,0.703636687007329,228.36873056305808,324.55489427980814,251.61468461606802,324.55489427980814,25,42.403243740991456,/n/home12/binxuwang/Github/AccentuationPredRMT/tables/ffhq_feature_interpolation_cases/ffhq_feature_path_coupled_t080_n1000_trials25_seed20260827.npz,4055.0562744140625,1302.5097747052896,260.50195494105793,3981.07177734375,3162.277587890625,5011.87255859375,0.20077809081112238,0.047870646195170695,0.009574129239034139,0.19778264349747748,0.16175415277574662,0.2258027939461964,0.7992219091888777,0.047870646195170695,0.009574129239034139,0.8022173565025226,0.7741972060538036,0.8382458472242533,1.0542330246364455,0.17510405593682438,0.03502081118736487,1.0145845069458077,0.9510318224805733,1.1327692522093404,0.15797750020043877,0.13199469415907267,0.026398938831814534,0.13280180247043594,0.06980960461287537,0.1903333834032575,0.07568388135965463,2.1471229833450876,0.4294245966690175,0.6712518836221204,0.4010701252981488,0.8710523581736469,0.6453428897807014,0.18313199466543426,0.03662639893308685,0.6355801837572003,0.5637278562602724,0.7357849273548623
coupled_t100,coupled,1.0,10000,100,2.0,0.0,1.0,7.175850188472594e-11,1.0,1000,0.0,0.0,0.01,1e-05,6.0557213633695996e-05,0.0,656.3711493141212,0.0005145639691170426,0.5145639691170426,7.591338854808996e-05,0.9999240866114519,0.9999791093826707,0.019451337685668927,2.8696470101590403e-06,0.9999971206058466,0.9983059967502513,649.521308466057,650.6234667330656,3239.033401458842,650.6234667330656,,,,,,,,,,,,,,,,,,,,,,,,,,,,,,,,,,,,,,,,,,,,,
coupled_t100,coupled,1.0,10000,100,2.0,0.0,1.0,7.175850188472594e-11,1.0,1000,0.01,1.4752954560412044e-08,0.01,1e-05,6.0557213633695996e-05,0.0001,656.3711493141212,0.0005148549807704599,0.5147549807704599,7.59415684105237e-05,0.9999240584315895,0.9999790812024355,0.019567858654507272,2.886837295745113e-06,0.9999971033277714,0.9983009304617688,649.521308466057,650.6267685893249,3239.033401458842,650.6267685893249,,,,,,,,,,,,,,,,,,,,,,,,,,,,,,,,,,,,,,,,,,,,,
coupled_t100,coupled,1.0,10000,100,2.0,0.0,1.0,7.175850188472594e-11,1.0,1000,0.03,1.3277659104370838e-07,0.01,1e-05,6.0557213633695996e-05,0.0009,656.3711493141212,0.0005171830739977987,0.5162830739977987,7.616700730999373e-05,0.99992383299269,0.9999788557606142,0.020512509353734193,3.0262011841566757e-06,0.9999969632425313,0.9982604020050148,649.521308466057,650.653183439399,3239.033401458842,650.653183439399,,,,,,,,,,,,,,,,,,,,,,,,,,,,,,,,,,,,,,,,,,,,,
coupled_t100,coupled,1.0,10000,100,2.0,0.0,1.0,7.175850188472594e-11,1.0,1000,0.1,1.4752954560412047e-06,0.01122018454301963,1.122018454301963e-05,6.406593740736478e-05,0.010000000000000002,648.2058283473121,0.0005433966583657718,0.5333966583657717,7.869176663545856e-05,0.9999213082333646,0.999977989285427,0.023384904204886633,3.44996429134281e-06,0.9999965371839311,0.9981425920503716,649.2535467758426,650.4617195446538,3169.2778377161853,650.4617195446538,,,,,,,,,,,,,,,,,,,,,,,,,,,,,,,,,,,,,,,,,,,,,
coupled_t100,coupled,1.0,10000,100,2.0,0.0,1.0,7.175850188472594e-11,1.0,1000,0.3,1.3277659104370838e-05,0.02818382931264455,2.818382931264455e-05,0.00010746476642251211,0.09,577.3302328974804,0.0007482730397577668,0.6582730397577667,9.711472243890643e-05,0.9999028852775611,0.9999778796551988,0.017863911267264942,2.6354547119719243e-06,0.9999973559675676,0.9983765916373346,646.6896913163916,647.7412398620269,2624.768848550382,647.7412398620269,,,,,,,,,,,,,,,,,,,,,,,,,,,,,,,,,,,,,,,,,,,,,
coupled_t100,coupled,1.0,10000,100,2.0,0.0,1.0,7.175850188472594e-11,1.0,1000,0.5,3.6882386401030106e-05,0.06309573444801943,6.309573444801943e-05,0.00018349716454218307,0.25,511.36619204217243,0.0010960533313585812,0.8460533313585811,0.0001248178635321838,0.9998751821364679,0.9999769297271144,0.01871814141046399,2.761478896839422e-06,0.9999972293202906,0.9983382301913805,643.7882990755058,644.8599078010789,2202.3207679117777,644.8599078010789,,,,,,,,,,,,,,,,,,,,,,,,,,,,,,,,,,,,,,,,,,,,,
coupled_t100,coupled,1.0,10000,100,2.0,0.0,1.0,7.175850188472594e-11,1.0,1000,0.7,7.228947734601901e-05,0.12589254117941687,0.00012589254117941688,0.00030437128949235923,0.48999999999999994,455.2684653156345,0.0015577849808973679,1.0677849808973678,0.0001575298330346931,0.9998424701669653,0.9999803976101646,0.012999883362499,1.9178668853760427e-06,0.9999980768100643,0.9986151292892923,640.7318873719727,641.6204487388222,1893.592388914808,641.6204487388222,,,,,,,,,,,,,,,,,,,,,,,,,,,,,,,,,,,,,,,,,,,,,
coupled_t100,coupled,1.0,10000,100,2.0,0.0,1.0,7.175850188472594e-11,1.0,1000,1.0,0.00014752954560412043,0.25118864315095824,0.0002511886431509582,0.0005224611208033597,1.0,401.5187950201249,0.002443094415560978,1.4430944155609777,0.0002128990633915548,0.9997871009366085,0.9999812393309551,0.020842687427331648,3.0749122053229517e-06,0.9999969142753828,0.9982464572416611,637.0347420827235,638.1537720083354,1634.1983939757529,638.1537720083354,,,,,,,,,,,,,,,,,,,,,,,,,,,,,,,,,,,,,,,,,,,,,
coupled_t100,coupled,1.0,10000,100,2.0,0.0,1.0,7.175850188472594e-11,1.0,1000,1.5,0.00033194147760927097,0.6309573444801942,0.0006309573444801943,0.0011190343818647296,2.25,335.37629098397866,0.004399298879069035,2.1492988790690357,0.0003170850869965002,0.9996829149130035,1.000006580202034,0.009968447516163088,1.4706405324380634e-06,0.9999985257860781,0.9987873003123452,630.8114844521924,631.5773981656778,1358.3214608180556,631.5773981656778,,,,,,,,,,,,,,,,,,,,,,,,,,,,,,,,,,,,,,,,,,,,,
coupled_t100,coupled,1.0,10000,100,2.0,0.0,1.0,7.175850188472594e-11,1.0,1000,2.0,0.0005901181824164817,1.2589254117941688,0.0012589254117941688,0.002029528064107012,4.0,290.5656757219532,0.006938248543502065,2.938248543502064,0.0004334784724948282,0.9995665215275051,1.0000601617796727,1.5735429372811267e-06,2.321440745256576e-10,0.999999999767863,1.0000152362749557,624.8185740032761,624.8090542407309,1194.162276512121,624.8090542407309,,,,,,,,,,,,,,,,,,,,,,,,,,,,,,,,,,,,,,,,,,,,,
coupled_t100,coupled,1.0,10000,100,2.0,0.0,1.0,7.175850188472594e-11,1.0,1000,3.0,0.0013277659104370839,2.818382931264455,0.0028183829312644552,0.004147571625811713,9.0,243.5693187179261,0.013728832272563055,4.728832272563057,0.0006976424764093281,0.9993023575235906,1.0001407294866431,8.498711281231718e-05,1.2538110135407276e-08,0.9999999874590815,0.9998880262971256,615.7598307872063,615.82878741687,1036.002784325722,615.82878741687,,,,,,,,,,,,,,,,,,,,,,,,,,,,,,,,,,,,,,,,,,,,,
coupled_t100,coupled,1.0,10000,100,2.0,0.0,1.0,7.175850188472594e-11,1.0,1000,5.0,0.003688238640103011,7.943282347242821,0.00794328234724282,0.010654381366513057,25.0,190.9138715859138,0.03401393327049919,9.01393327049919,0.0013298214795026088,0.9986701785204974,1.0004081680915327,0.0058880944355634655,8.686678965528281e-07,0.9999991329490804,1.0009320235493553,599.2505233165491,598.6925277818334,868.6084693602422,598.6925277818334,,,,,,,,,,,,,,,,,,,,,,,,,,,,,,,,,,,,,,,,,,,,,
coupled_t100,coupled,1.0,10000,100,2.0,0.0,1.0,7.175850188472594e-11,1.0,1000,8.233044840382567,0.01,19.95262314968883,0.01995262314968883,0.025077320307624006,67.78302734375,150.4771347095723,0.08529404355606324,17.51101621231324,0.0025833922648689583,0.9974166077351311,1.0008465480722506,0.0010191066301229177,1.5034833806418048e-07,0.9999998495349997,0.9996122522236502,577.6320799105935,577.8561423448377,739.651004057039,577.8561423448377,25,45.107078784989426,/n/home12/binxuwang/Github/AccentuationPredRMT/tables/ffhq_feature_interpolation_cases/ffhq_feature_path_coupled_t100_n1000_trials25_seed20260827.npz,20.75107666015625,3.7831614601121393,0.7566322920224279,19.95262336730957,17.782794952392578,22.387210845947266,0.0026323576769795385,0.00022769466635017287,4.5538933270034573e-05,0.0025577197163807806,0.002483221077736024,0.0027572459643402042,0.9973676423230206,0.00022769466635017647,4.553893327003529e-05,0.9974422802836193,0.9972427540356598,0.997516778922264,1.0012058696385393,0.004002948486028722,0.0008005896972057443,1.0012577111004588,0.9985987850760132,1.0029236753846338,0.00019116787952033312,0.00027542835923089604,5.508567184617921e-05,6.713392801434049e-05,1.7253309208918502e-05,0.00018672764481543732,0.999806000971055,0.0002869782893031103,5.739565786062206e-05,0.999933952824965,0.9998080626106844,0.9999826024622932,0.9998991917058181,0.01411108153515635,0.00282221630703127,1.0029535063592288,0.9884712901875076,1.008018184574965
coupled_t100,coupled,1.0,10000,100,2.0,0.0,1.0,7.175850188472594e-11,1.0,1000,10.0,0.014752954560412044,28.183829312644548,0.028183829312644546,0.03468342486170483,100.0,136.6484101824465,0.12281255070650131,22.812550706501305,0.003365525239801094,0.996634474760199,1.001080651339463,0.0287817855510732,4.246163744025069e-06,0.9999957362825389,0.9979393778259892,567.2687811563811,568.4401214752905,693.8970355381617,568.4401214752905,,,,,,,,,,,,,,,,,,,,,,,,,,,,,,,,,,,,,,,,,,,,,
coupled_t100,coupled,1.0,10000,100,2.0,0.0,1.0,7.175850188472594e-11,1.0,1000,14.260051964535403,0.029999997671085327,56.23413251903491,0.05623413251903491,0.06663792413209113,203.34908203125002,110.9423403798986,0.2403300096199385,36.980927588688466,0.005455779443178091,0.9945442205568219,1.0020430743266313,0.03288979882766821,4.852217076056824e-06,0.9999951263354003,0.9977972251417685,542.1627021997853,543.3596010679966,605.9574521868927,543.3596010679966,,,,,,,,,,,,,,,,,,,,,,,,,,,,,,,,,,,,,,,,,,,,,
coupled_t100,coupled,1.0,10000,100,2.0,0.0,1.0,7.175850188472594e-11,1.0,1000,20.0,0.059011818241648174,112.20184543019653,0.11220184543019653,0.12867587455300264,400.0,87.71688517551061,0.4582040950821968,58.204095082196794,0.008586823699775514,0.9914131763002245,1.0040848649740606,0.0031108373209546045,4.5894041640877215e-07,0.999999541680772,1.0006774514125816,510.8143280731136,510.4685104596243,523.9559201078691,510.4685104596243,,,,,,,,,,,,,,,,,,,,,,,,,,,,,,,,,,,,,,,,,,,,,
coupled_t100,coupled,1.0,10000,100,2.0,0.0,1.0,7.175850188472594e-11,1.0,1000,26.035173773906333,0.1,177.82794100389228,0.17782794100389226,0.20001332147331527,677.8302734375002,73.64005976058762,0.7600164961896044,82.18622275210424,0.012124896097536962,0.987875103902463,1.005840572435678,0.15752590453137616,2.3239725116391982e-05,0.999976534577886,0.9951792401930409,486.42485374409483,488.7811502677046,473.09474773960346,488.7811502677046,25,45.107078784989426,/n/home12/binxuwang/Github/AccentuationPredRMT/tables/ffhq_feature_interpolation_cases/ffhq_feature_path_coupled_t100_n1000_trials25_seed20260827.npz,186.26055908203125,38.784409880769935,7.756881976153987,177.82794189453125,158.48931884765625,223.8721160888672,0.012530241145749512,0.0015763137958090586,0.0003152627591618117,0.012261416993036109,0.010994274929460165,0.01383291640813703,0.9874697588542505,0.0015763137958090684,0.00031526275916181367,0.9877385830069639,0.986167083591863,0.9890057250705399,1.0099308956920683,0.013674591186421609,0.0027349182372843218,1.0071671328609857,1.0020009226143507,1.0174861817943466,0.0017256865183251733,0.003071961713910742,0.0006143923427821484,0.0004974062788741143,0.0001955218811144969,0.0021853992566763757,0.9980647433344394,0.0038258926395665937,0.0007651785279133188,0.999479641864544,0.9980054436949218,0.9997988933249987,0.9956175867365376,0.04216140825636394,0.008432281651272789,1.0056914963669346,0.977349897600962,1.0168757342193493
coupled_t100,coupled,1.0,10000,100,2.0,0.0,1.0,7.175850188472594e-11,1.0,1000,30.0,0.1327765910437084,251.18864315095823,0.25118864315095824,0.27876245144808515,900.0,63.87111856697222,0.9985921392305258,98.59213923052585,0.014545253500817654,0.9854547464991823,1.0088349378806631,0.18557606081119501,2.737795192647822e-05,0.9999729063194913,1.0052323944735158,466.3579997214939,463.93053216887824,436.8283830679913,463.93053216887824,,,,,,,,,,,,,,,,,,,,,,,,,,,,,,,,,,,,,,,,,,,,,
coupled_t100,coupled,1.0,10000,100,2.0,0.0,1.0,7.175850188472594e-11,1.0,1000,40.0,0.2360472729665927,398.1071705534969,0.3981071705534969,0.43462258159684886,1600.0,51.97398537924269,1.7415278380619574,141.52783806195748,0.02087953763961413,0.9791204623603859,1.0122312678535736,0.1847925265171305,2.726235746810964e-05,0.9999724507053008,0.9947786632489266,437.348678824081,439.64420929145103,390.5732685309622,439.64420929145103,,,,,,,,,,,,,,,,,,,,,,,,,,,,,,,,,,,,,,,,,,,,,
coupled_t100,coupled,1.0,10000,100,2.0,0.0,1.0,7.175850188472594e-11,1.0,1000,45.09424376029051,0.2999999767108532,501.1872336272735,0.5011872336272735,0.543027973383974,2033.4908203124996,46.536010011900174,2.1976690312544513,164.17821094195153,0.024221136858363544,0.9757788631416364,1.0152154640878575,0.0565057709932228,8.336270718640648e-06,0.9999916153820325,0.9971127399288182,421.93180831519817,423.1535627007624,368.18673256923523,423.1535627007624,,,,,,,,,,,,,,,,,,,,,,,,,,,,,,,,,,,,,,,,,,,,,
coupled_t100,coupled,1.0,10000,100,2.0,0.0,1.0,7.175850188472594e-11,1.0,1000,60.0,0.5311063641748336,794.3282347242822,0.7943282347242822,0.8487483493636738,3600.0,36.73154539899864,3.8324694458485853,232.4694458485854,0.034296111712883486,0.9657038882871165,1.0214676804644671,0.9568033735630725,0.0001411567669342496,0.9998554283456458,0.9881190586680074,389.43569986296825,394.11819501582204,324.6089785585044,394.11819501582204,,,,,,,,,,,,,,,,,,,,,,,,,,,,,,,,,,,,,,,,,,,,,
coupled_t100,coupled,1.0,10000,100,2.0,0.0,1.0,7.175850188472594e-11,1.0,1000,82.33044840382567,1.0,1258.9254117941662,1.2589254117941662,1.3287669101930966,6778.302734375001,28.392272401829636,7.117184276837845,338.88154246284455,0.0499950399731669,0.9500049600268331,1.0284272159750236,7.620844011536777,0.001124299654141903,0.9987963344217856,0.9664694221024763,355.0207322990456,367.3377803580445,282.4274633356954,367.3377803580445,25,45.107078784989426,/n/home12/binxuwang/Github/AccentuationPredRMT/tables/ffhq_feature_interpolation_cases/ffhq_feature_path_coupled_t100_n1000_trials25_seed20260827.npz,1322.091162109375,310.7247114482536,62.144942289650714,1258.9254150390625,1122.0184326171875,1412.53759765625,0.049727668409188706,0.008222338798515248,0.0016444677597030495,0.04989557016063096,0.04422534447142709,0.053958823250840636,0.9502723315908114,0.008222338798515251,0.0016444677597030502,0.950104429839369,0.9460411767491593,0.9557746555285729,1.0413733154757343,0.03862870484237724,0.0077257409684754474,1.0369716733743835,1.0154606737661862,1.0712978196919174,0.009106136606201127,0.014116903646293165,0.002823380729258633,0.0032103560022099607,0.000702851221077697,0.008805990974914205,0.9898633677927928,0.017778027427641792,0.0035556054855283583,0.9963924139573314,0.9918976860557014,0.9992583455426742,0.9863220109899047,0.09638815421924282,0.019277630843848564,0.9734886586329983,0.9424660605737465,1.0185327577522143
coupled_t100,coupled,1.0,10000,100,2.0,0.0,1.0,7.175850188472594e-11,1.0,1000,100.0,1.4752954560412044,1584.8931924611175,1.5848931924611174,1.6636022669021813,10000.0,24.771252755589945,10.425708206160733,425.7082061607336,0.06280453821483825,0.9371954617851618,1.029570994820144,27.54124010287492,0.004063146637751116,0.9953647605907556,0.936257183638067,337.23562669567434,360.1955024636062,261.85394133261127,360.1955024636062,,,,,,,,,,,,,,,,,,,,,,,,,,,,,,,,,,,,,,,,,,,,,
coupled_t100,coupled,1.0,10000,100,2.0,0.0,1.0,7.175850188472594e-11,1.0,1000,142.60051964535404,2.999999767108533,2818.3829312644607,2.818382931264461,2.9228810392727427,20334.908203125004,17.245894903972367,20.97487499880959,639.9667956845858,0.09441401056907192,0.905585989430928,1.0459516037541938,35.048401618646416,0.005170674764949625,0.99399705166505,0.9280925958961831,291.6622862184482,314.25989982908305,212.13862198192453,314.25989982908305,,,,,,,,,,,,,,,,,,,,,,,,,,,,,,,,,,,,,,,,,,,,,
coupled_t100,coupled,1.0,10000,100,2.0,0.0,1.0,7.175850188472594e-11,1.0,1000,180.0,4.779957277573502,3981.0717055349855,3.9810717055349856,4.103650504083532,32400.0,13.692777326766995,33.23212487473349,832.1248747334971,0.12276300465531846,0.8772369953446816,1.0558644024800137,50.815804764987874,0.007496832586486359,0.9910145295102366,0.9134157486231684,263.9672248523799,288.9891325502864,183.69880908858823,288.9891325502864,,,,,,,,,,,,,,,,,,,,,,,,,,,,,,,,,,,,,,,,,,,,,
coupled_t100,coupled,1.0,10000,100,2.0,0.0,1.0,7.175850188472594e-11,1.0,1000,260.3517377390633,10.0,6309.573444801943,6.309573444801943,6.459427677937624,67783.02734375,9.91818740491971,69.031101965903,1248.0746221530035,0.18412788188626691,0.8158721181137331,1.0540046986883647,151.36648042117545,0.022331028076231007,0.9691330004666452,0.8505643011987062,227.23739767467393,267.16075122648186,147.7233584674343,267.16075122648186,25,45.107078784989426,/n/home12/binxuwang/Github/AccentuationPredRMT/tables/ffhq_feature_interpolation_cases/ffhq_feature_path_coupled_t100_n1000_trials25_seed20260827.npz,5966.377797851563,2259.7772108193376,451.95544216386753,5623.4130859375,4466.8359375,7079.4580078125,0.18662604937456068,0.04480326051461407,0.008960652102922814,0.18618794137140873,0.1510240796797071,0.21038368729937124,0.8133739506254394,0.04480326051461408,0.008960652102922816,0.8138120586285913,0.7896163127006288,0.8489759203202929,1.019159747690936,0.15936509716368621,0.031873019432737244,0.9979442059890168,0.912251517516867,1.0989830781996486,0.08835106845663834,0.11163114721462163,0.022326229442924325,0.060519937681088744,0.025117626440447956,0.08206014323286667,0.5741103102870517,1.2578974763477544,0.25157949526955087,0.8944022506573724,0.8388251231366404,0.9764647111874418,0.7924067848344248,0.21712161884207093,0.04342432376841419,0.7547408632933483,0.713538583343469,0.9235733350922652
hard_top100,hard,1.0,100,100,inf,0.0,1.0,0.0,0.995170448343696,1000,0.0,0.0,12.589254117941687,0.012589254117941687,0.013966030867086822,32.73616573905565,97.1906785080308,0.03631294591652419,36.312945916524185,0.005357232410611814,0.9946427675893882,1.0005047598552443,0.0012225943333540735,1.80368786457899e-07,0.9999998194779112,0.999575301534665,499.5287695831897,499.7410088227017,496.12763681553514,499.7410088227017,nan,nan,nan,nan,nan,nan,nan,nan,nan,nan,nan,nan,nan,nan,nan,nan,nan,nan,nan,nan,nan,nan,nan,nan,nan,nan,nan,nan,nan,nan,nan,nan,nan,nan,nan,nan,nan,nan,nan,nan,nan,nan,nan,nan,nan
hard_top100,hard,1.0,100,100,inf,0.0,1.0,0.0,0.995170448343696,1000,0.01,1.4752954560412044e-08,12.589254117941687,0.012589254117941687,0.013966030867086822,32.73626573905565,97.1906785080308,0.03631305668188474,36.312956681884735,0.005357233998820564,0.9946427660011794,1.0005047582560629,0.0012227212646237703,1.8038751257044034e-07,0.9999998194591612,0.9995752794888748,499.5287695831897,499.7410198445683,496.12763681553514,499.7410198445683,nan,nan,nan,nan,nan,nan,nan,nan,nan,nan,nan,nan,nan,nan,nan,nan,nan,nan,nan,nan,nan,nan,nan,nan,nan,nan,nan,nan,nan,nan,nan,nan,nan,nan,nan,nan,nan,nan,nan,nan,nan,nan,nan,nan,nan
hard_top100,hard,1.0,100,100,inf,0.0,1.0,0.0,0.995170448343696,1000,0.03,1.3277659104370838e-07,12.589254117941687,0.012589254117941687,0.013966030867086822,32.73706573905565,97.1906785080308,0.036313942804769114,36.31304280476911,0.005357246704490562,0.9946427532955094,1.000504745462609,0.0012237369517885876,1.8053735643634176e-07,0.9999998193091262,0.9995751031225858,499.5287695831897,499.74110801950275,496.12763681553514,499.74110801950275,nan,nan,nan,nan,nan,nan,nan,nan,nan,nan,nan,nan,nan,nan,nan,nan,nan,nan,nan,nan,nan,nan,nan,nan,nan,nan,nan,nan,nan,nan,nan,nan,nan,nan,nan,nan,nan,nan,nan,nan,nan,nan,nan,nan,nan
hard_top100,hard,1.0,100,100,inf,0.0,1.0,0.0,0.995170448343696,1000,0.1,1.4752954560412047e-06,12.589254117941687,0.012589254117941687,0.013966030867086822,32.74616573905565,97.1906785080308,0.03632402245257886,36.31402245257886,0.005357391231486787,0.9946426087685132,1.0005045999370963,0.0012353200469089392,1.8224620519613655e-07,0.9999998175980922,0.9995730969604276,499.5287695831897,499.742111009382,496.12763681553514,499.742111009382,nan,nan,nan,nan,nan,nan,nan,nan,nan,nan,nan,nan,nan,nan,nan,nan,nan,nan,nan,nan,nan,nan,nan,nan,nan,nan,nan,nan,nan,nan,nan,nan,nan,nan,nan,nan,nan,nan,nan,nan,nan,nan,nan,nan,nan
hard_top100,hard,1.0,100,100,inf,0.0,1.0,0.0,0.995170448343696,1000,0.3,1.3277659104370838e-05,12.589254117941687,0.012589254117941687,0.013966030867086822,32.826165739055654,97.1906785080308,0.03641263474101625,36.32263474101624,0.005358661798486564,0.9946413382015135,1.0005033205937492,0.0013394955815636653,1.9761517448681457e-07,0.9999998022090129,0.9995554607165988,499.5287695831897,499.75092850282545,496.12763681553514,499.75092850282545,nan,nan,nan,nan,nan,nan,nan,nan,nan,nan,nan,nan,nan,nan,nan,nan,nan,nan,nan,nan,nan,nan,nan,nan,nan,nan,nan,nan,nan,nan,nan,nan,nan,nan,nan,nan,nan,nan,nan,nan,nan,nan,nan,nan,nan
hard_top100,hard,1.0,100,100,inf,0.0,1.0,0.0,0.995170448343696,1000,0.5,3.6882386401030106e-05,14.125375446227554,0.014125375446227554,0.015667209710875863,32.98616573905565,96.86049167701154,0.03658980867247701,36.33980867247701,0.005361195460791209,0.9946388045392088,1.000626135275194,0.0008594296411928037,1.267912644438866e-07,0.9999998732989824,1.0003560776101412,499.11531915151585,498.9376586224241,495.3152758677312,498.9376586224241,nan,nan,nan,nan,nan,nan,nan,nan,nan,nan,nan,nan,nan,nan,nan,nan,nan,nan,nan,nan,nan,nan,nan,nan,nan,nan,nan,nan,nan,nan,nan,nan,nan,nan,nan,nan,nan,nan,nan,nan,nan,nan,nan,nan,nan
hard_top100,hard,1.0,100,100,inf,0.0,1.0,0.0,0.995170448343696,1000,0.7,7.228947734601901e-05,14.125375446227554,0.014125375446227554,0.015667209710875863,33.22616573905565,96.86049167701154,0.036855548348117655,36.365548348117656,0.00536499282344247,0.9946350071765575,1.0006223102845981,0.0006236788703914368,9.201106035173978e-08,0.9999999080447343,1.000303333249664,499.11531915151585,498.9639667900042,495.3152758677312,498.9639667900042,nan,nan,nan,nan,nan,nan,nan,nan,nan,nan,nan,nan,nan,nan,nan,nan,nan,nan,nan,nan,nan,nan,nan,nan,nan,nan,nan,nan,nan,nan,nan,nan,nan,nan,nan,nan,nan,nan,nan,nan,nan,nan,nan,nan,nan
hard_top100,hard,1.0,100,100,inf,0.0,1.0,0.0,0.995170448343696,1000,1.0,0.00014752954560412043,14.125375446227554,0.014125375446227554,0.015667209710875863,33.73616573905565,96.86049167701154,0.03742024515885402,36.42024515885402,0.005373062219076401,0.9946269377809236,1.0006141822766759,0.00024797875736688854,3.65841933938115e-08,0.9999999634297975,1.0001912699490088,499.11531915151585,499.0198716461117,495.3152758677312,499.0198716461117,nan,nan,nan,nan,nan,nan,nan,nan,nan,nan,nan,nan,nan,nan,nan,nan,nan,nan,nan,nan,nan,nan,nan,nan,nan,nan,nan,nan,nan,nan,nan,nan,nan,nan,nan,nan,nan,nan,nan,nan,nan,nan,nan,nan,nan
hard_top100,hard,1.0,100,100,inf,0.0,1.0,0.0,0.995170448343696,1000,1.5,0.00033194147760927097,14.125375446227554,0.014125375446227554,0.015667209710875863,34.98616573905565,96.86049167701154,0.03880430596948236,36.554305969482364,0.00539284014955172,0.9946071598504482,1.0005942612470653,4.70213037434686e-05,6.937031574987249e-09,0.9999999930618128,0.9999167111557591,499.11531915151585,499.15689335225807,495.3152758677312,499.15689335225807,nan,nan,nan,nan,nan,nan,nan,nan,nan,nan,nan,nan,nan,nan,nan,nan,nan,nan,nan,nan,nan,nan,nan,nan,nan,nan,nan,nan,nan,nan,nan,nan,nan,nan,nan,nan,nan,nan,nan,nan,nan,nan,nan,nan,nan
hard_top100,hard,1.0,100,100,inf,0.0,1.0,0.0,0.995170448343696,1000,2.0,0.0005901181824164817,14.125375446227554,0.014125375446227554,0.015667209710875863,36.73616573905565,96.86049167701154,0.040741991104362045,36.74199110436205,0.0054205292522171685,0.9945794707477829,1.0005663731381624,0.0014809209914189126,2.184796009396357e-07,0.9999997813160132,0.9995325819847934,499.11531915151585,499.34872374086274,495.3152758677312,499.34872374086274,nan,nan,nan,nan,nan,nan,nan,nan,nan,nan,nan,nan,nan,nan,nan,nan,nan,nan,nan,nan,nan,nan,nan,nan,nan,nan,nan,nan,nan,nan,nan,nan,nan,nan,nan,nan,nan,nan,nan,nan,nan,nan,nan,nan,nan
hard_top100,hard,1.0,100,100,inf,0.0,1.0,0.0,0.995170448343696,1000,3.0,0.0013277659104370839,17.78279410038923,0.01778279410038923,0.019715138075693132,41.73616573905565,96.08483393818291,0.04627596320021872,37.27596320021872,0.005499305912884183,0.9945006940871158,1.000784650906876,0.0012065767753122977,1.7800572339830818e-07,0.9999998221443854,1.0004219072450176,498.13818294366234,497.92810346931077,493.4017605365724,497.92810346931077,nan,nan,nan,nan,nan,nan,nan,nan,nan,nan,nan,nan,nan,nan,nan,nan,nan,nan,nan,nan,nan,nan,nan,nan,nan,nan,nan,nan,nan,nan,nan,nan,nan,nan,nan,nan,nan,nan,nan,nan,nan,nan,nan,nan,nan
hard_top100,hard,1.0,100,100,inf,0.0,1.0,0.0,0.995170448343696,1000,5.0,0.003688238640103011,22.387211385683422,0.022387211385683423,0.024806295665310583,57.73616573905565,95.1288117075722,0.06396739515576576,38.967395155765765,0.005748842100706327,0.9942511578992936,1.0009061158779125,0.0020633160856927723,3.044000845599271e-07,0.9999996952637472,0.9994482753544023,496.9223227423012,497.19663838140457,491.03320775776524,497.19663838140457,nan,nan,nan,nan,nan,nan,nan,nan,nan,nan,nan,nan,nan,nan,nan,nan,nan,nan,nan,nan,nan,nan,nan,nan,nan,nan,nan,nan,nan,nan,nan,nan,nan,nan,nan,nan,nan,nan,nan,nan,nan,nan,nan,nan,nan
hard_top100,hard,1.0,100,100,inf,0.0,1.0,0.0,0.995170448343696,1000,8.233044840382567,0.009999999223695108,39.81071705534978,0.039810717055349776,0.04402466207093931,100.51919308280566,91.70413679266228,0.11115281674649402,43.369789402744004,0.006398325323533221,0.9936016746764668,1.0016456084630447,0.0004654135121361779,6.866224396346811e-08,0.9999999313017581,0.9997379651855889,492.4587505032535,492.5878256627322,482.454118300321,492.5878256627322,50.0,0.6111094189691357,/n/home12/binxuwang/Github/AccentuationPredRMT/tables/ffhq_linear_feature_cases/ffhq_feature_top_pc_100_nsr0p01_trials50_seed20260814.npz,36.85192405693233,11.47437983352979,1.6227223580398165,39.81071853637695,39.81071853637695,39.81071853637695,0.007116205340018227,0.0032410352094391606,0.00045835159493175855,0.006453122975311839,0.006237286784110711,0.006643011571106547,0.9928837946599818,0.0032410352094391632,0.00045835159493175893,0.9935468770246881,0.9933569884288934,0.9937627132158893,1.0006968910544074,0.00505039899861885,0.0007142342759242276,1.0014105729395515,0.9984610664804474,1.0041814068069645,0.00042331288049320175,0.0017441990522881843,0.00024666699552242495,4.329722036820117e-05,1.2379022570189635e-05,0.0001256440771500098,0.9995026587712863,0.0021812250236020766,0.0003084718010965631,0.9999567948403899,0.9998728010098205,0.9999875332345511,0.9959020893648152,0.020367040423976173,0.0028803344792988177,0.9993283148672557,0.9938649522289502,1.006539328963452
hard_top100,hard,1.0,100,100,inf,0.0,1.0,0.0,0.995170448343696,1000,10.0,0.014752954560412044,50.118723362727245,0.05011872336272725,0.055361482487540276,132.73616573905565,89.81024360436982,0.1465798648367886,46.57986483678861,0.006871906293672771,0.9931280937063273,1.001980367401058,0.012911531423795627,1.904832364005891e-06,0.9999980898987967,0.9986198433552651,489.9144688082855,490.59156201244787,477.64374015866406,490.59156201244787,nan,nan,nan,nan,nan,nan,nan,nan,nan,nan,nan,nan,nan,nan,nan,nan,nan,nan,nan,nan,nan,nan,nan,nan,nan,nan,nan,nan,nan,nan,nan,nan,nan,nan,nan,nan,nan,nan,nan,nan,nan,nan,nan,nan,nan
hard_top100,hard,1.0,100,100,inf,0.0,1.0,0.0,0.995170448343696,1000,14.260051964535403,0.029999997671085327,89.12509381337459,0.08912509381337459,0.09806213579951063,236.08524777030567,83.39931668357569,0.25969319060310403,56.34410857185405,0.008312420735074854,0.9916875792649251,1.0035276674377376,0.010797941194410425,1.5930153578713836e-06,0.9999984029557767,0.9987378528778817,480.8650042850069,481.472693659688,460.9826289601603,481.472693659688,nan,nan,nan,nan,nan,nan,nan,nan,nan,nan,nan,nan,nan,nan,nan,nan,nan,nan,nan,nan,nan,nan,nan,nan,nan,nan,nan,nan,nan,nan,nan,nan,nan,nan,nan,nan,nan,nan,nan,nan,nan,nan,nan,nan,nan
hard_top100,hard,1.0,100,100,inf,0.0,1.0,0.0,0.995170448343696,1000,20.0,0.059011818241648174,158.48931924611173,0.15848931924611173,0.17334658255224913,432.73616573905565,74.27366576402949,0.4731719814433229,73.17198144332289,0.010795029173286558,0.9892049708267134,1.0061073378048218,0.01462883427853941,2.1581852738309e-06,0.9999978354596476,0.9985309236664384,466.6498478538131,467.3364006998932,436.12373059362807,467.3364006998932,nan,nan,nan,nan,nan,nan,nan,nan,nan,nan,nan,nan,nan,nan,nan,nan,nan,nan,nan,nan,nan,nan,nan,nan,nan,nan,nan,nan,nan,nan,nan,nan,nan,nan,nan,nan,nan,nan,nan,nan,nan,nan,nan,nan,nan
hard_top100,hard,1.0,100,100,inf,0.0,1.0,0.0,0.995170448343696,1000,26.035173773906333,0.09999999223695111,251.18864315095823,0.25118864315095824,0.27296754419635894,710.5664391765558,65.13694700854482,0.7720143207315833,94.18404729408309,0.013894929700453066,0.986105070299547,1.009376508652599,0.00976959944002609,1.4413045661213185e-06,0.9999985552284943,0.9987994565538385,450.4854144327803,451.02689181178755,409.5969429166658,451.02689181178755,50.0,0.6109935899730772,/n/home12/binxuwang/Github/AccentuationPredRMT/tables/ffhq_linear_feature_cases/ffhq_feature_top_pc_100_nsr0p1_trials50_seed20260814.npz,243.0591226196289,27.459322222000488,3.8833345899926,251.1886444091797,223.8721160888672,251.1886444091797,0.014136582322688907,0.0014053442768998548,0.0001987456936195185,0.014138355103945906,0.013181681344542886,0.015119762787316395,0.9858634176773111,0.0014053442768998555,0.00019874569361951857,0.9858616448960541,0.9848802372126836,0.9868183186554571,1.0105476161175913,0.010056801955361567,0.001422246571937259,1.01169340780987,1.0042037621848283,1.0174877381354566,0.0007214372079171773,0.0008706312467543692,0.00012312585169858256,0.00040394348413040865,0.00015817257860487461,0.0008999423883476063,0.9992604943574842,0.0008878665129133918,0.00012556328641390255,0.9995981279038524,0.9990558587105747,0.9998457322040555,0.9974170851782247,0.02700653282532842,0.003819300499425363,1.002836411275468,0.9715257334562122,1.0164044995773494
hard_top100,hard,1.0,100,100,inf,0.0,1.0,0.0,0.995170448343696,1000,30.0,0.1327765910437084,316.2277660168379,0.3162277660168379,0.3423466877299928,932.7361657390557,60.12461439623162,1.0093094562210811,109.30945622108113,0.016126374406529594,0.9838736255934704,1.0113895911655906,0.05496021114401425,8.108254976382938e-06,0.9999918453705322,0.9971525002236378,440.6021835286061,441.8603808643005,394.1903174591019,441.8603808643005,nan,nan,nan,nan,nan,nan,nan,nan,nan,nan,nan,nan,nan,nan,nan,nan,nan,nan,nan,nan,nan,nan,nan,nan,nan,nan,nan,nan,nan,nan,nan,nan,nan,nan,nan,nan,nan,nan,nan,nan,nan,nan,nan,nan,nan
hard_top100,hard,1.0,100,100,inf,0.0,1.0,0.0,0.995170448343696,1000,40.0,0.2360472729665927,446.6835921509635,0.4466835921509635,0.4805451555074712,1632.7361657390557,52.33444936537794,1.750642794495159,150.64279449515888,0.022224263020405685,0.9777757369795943,1.0132551015915658,4.615561242047556,0.0006809316527472656,0.9992820899472147,0.9739053328676669,423.45272965914876,434.7986558532245,368.748813139645,434.7986558532245,nan,nan,nan,nan,nan,nan,nan,nan,nan,nan,nan,nan,nan,nan,nan,nan,nan,nan,nan,nan,nan,nan,nan,nan,nan,nan,nan,nan,nan,nan,nan,nan,nan,nan,nan,nan,nan,nan,nan,nan,nan,nan,nan,nan,nan
hard_top100,hard,1.0,100,100,inf,0.0,1.0,0.0,0.995170448343696,1000,45.09424376029051,0.2999999767108532,562.341325190349,0.5623413251903491,0.6022425584907848,2066.2269860515553,47.12896525247516,2.2063420958523206,172.85127553982122,0.02550067013748244,0.9744993298625175,1.0167582671586843,3.886273511573644,0.0005733401652557892,0.999398184510489,0.9760554773433299,410.50106802511726,420.57145065405183,350.5044946829473,420.57145065405183,nan,nan,nan,nan,nan,nan,nan,nan,nan,nan,nan,nan,nan,nan,nan,nan,nan,nan,nan,nan,nan,nan,nan,nan,nan,nan,nan,nan,nan,nan,nan,nan,nan,nan,nan,nan,nan,nan,nan,nan,nan,nan,nan,nan,nan
hard_top100,hard,1.0,100,100,inf,0.0,1.0,0.0,0.995170448343696,1000,60.0,0.5311063641748336,891.2509381337477,0.8912509381337477,0.9454684599789437,3632.7361657390557,37.184179680575944,3.8411297347663447,241.12973476634457,0.03557376020172089,0.9644262397982791,1.0243981691229123,6.893952306463382,0.0010170616511890208,0.9989148266324046,0.9681085959671102,381.258578253084,393.8179867850658,311.91273165044396,393.8179867850658,nan,nan,nan,nan,nan,nan,nan,nan,nan,nan,nan,nan,nan,nan,nan,nan,nan,nan,nan,nan,nan,nan,nan,nan,nan,nan,nan,nan,nan,nan,nan,nan,nan,nan,nan,nan,nan,nan,nan,nan,nan,nan,nan,nan,nan
hard_top100,hard,1.0,100,100,inf,0.0,1.0,0.0,0.995170448343696,1000,82.33044840382567,0.999999922369511,1412.5375446227554,1.4125375446227553,1.4841836803471518,6811.038900114057,28.413252884998087,7.126857995631525,348.5552612565241,0.05142219931110048,0.9485778006888995,1.0333698370187145,18.157558002532518,0.002678776281394083,0.9970208178386634,0.9482431040208739,348.3093102747536,367.32068896446856,271.95630996039006,367.32068896446856,50.0,0.6140958690084517,/n/home12/binxuwang/Github/AccentuationPredRMT/tables/ffhq_linear_feature_cases/ffhq_feature_top_pc_100_nsr1_trials50_seed20260814.npz,1419.0486950683594,256.96260510965266,36.340000116879274,1412.53759765625,1258.9254150390625,1584.8931884765625,0.05371254971015042,0.0077079982596594075,0.0010900755677558547,0.052303301504615235,0.04802754697937842,0.05808414959067781,0.9462874502898495,0.007707998259659404,0.0010900755677558543,0.9476966984953847,0.9419158504093221,0.9519724530206215,1.0315498085315966,0.040375880521727504,0.005710011782658271,1.0320664008889051,1.0080506920079464,1.0588570589251702,0.00884589761942811,0.01129721640743861,0.0015976676660463534,0.004159221544935393,0.0012610548999150522,0.009134671543336267,0.9881192518715135,0.017332533060389996,0.0024511903324283576,0.9955397251440858,0.9891128267629465,0.9986443546713791,0.9452724106499781,0.07726702033858658,0.010927206808698691,0.9435517728738316,0.907622837166508,0.9989293486104974
hard_top100,hard,1.0,100,100,inf,0.0,1.0,0.0,0.995170448343696,1000,100.0,1.4752954560412044,1778.2794100389228,1.7782794100389228,1.8598416867056773,10032.736165739056,24.58986901236341,10.435996384844648,435.9963848446483,0.06432234854117018,0.9356776514588299,1.0358125248854155,44.74397447081207,0.0066010582222012695,0.9921798348418691,0.9187531033072569,330.78788923725153,360.04002386115127,251.94223477269995,360.04002386115127,nan,nan,nan,nan,nan,nan,nan,nan,nan,nan,nan,nan,nan,nan,nan,nan,nan,nan,nan,nan,nan,nan,nan,nan,nan,nan,nan,nan,nan,nan,nan,nan,nan,nan,nan,nan,nan,nan,nan,nan,nan,nan,nan,nan,nan
hard_top100,hard,1.0,100,100,inf,0.0,1.0,0.0,0.995170448343696,1000,142.60051964535404,2.999999767108533,2818.3829312644607,2.818382931264461,2.9222378206998725,20367.644368864057,18.122319993352992,20.98703518889067,652.1269857656644,0.09620799788619318,0.9037920021138068,1.0426784551574217,111.35914791646486,0.016428764490978097,0.9783854593680332,0.8718252579835711,294.392401518745,337.67363221345505,212.58624223615837,337.67363221345505,nan,nan,nan,nan,nan,nan,nan,nan,nan,nan,nan,nan,nan,nan,nan,nan,nan,nan,nan,nan,nan,nan,nan,nan,nan,nan,nan,nan,nan,nan,nan,nan,nan,nan,nan,nan,nan,nan,nan,nan,nan,nan,nan,nan,nan
hard_top100,hard,1.0,100,100,inf,0.0,1.0,0.0,0.995170448343696,1000,180.0,4.779957277573502,3981.0717055349855,3.9810717055349856,4.103843357807846,32432.736165739057,14.247202062734848,33.244462998271565,844.4629982715635,0.1245832424144969,0.8754167575855031,1.0524861098834442,139.06098892992296,0.020515604508091156,0.9720514972643152,0.8567673064272994,266.47797460875216,311.02724463187025,184.0951394827991,311.02724463187025,nan,nan,nan,nan,nan,nan,nan,nan,nan,nan,nan,nan,nan,nan,nan,nan,nan,nan,nan,nan,nan,nan,nan,nan,nan,nan,nan,nan,nan,nan,nan,nan,nan,nan,nan,nan,nan,nan,nan,nan,nan,nan,nan,nan,nan
hard_top100,hard,1.0,100,100,inf,0.0,1.0,0.0,0.995170448343696,1000,260.3517377390633,9.999999223695108,6309.573444801943,6.309573444801943,6.460563977304697,67815.76350948906,10.201254323123225,69.04522618066495,1262.1988369149678,0.1862116208721145,0.8137883791278855,1.0502230079405002,287.53316810013916,0.04241963763592671,0.9327205393811651,0.7940397183048957,229.26960001562972,288.7382012893147,147.9895815909136,288.7382012893147,50.0,0.6110245599993505,/n/home12/binxuwang/Github/AccentuationPredRMT/tables/ffhq_linear_feature_cases/ffhq_feature_top_pc_100_nsr10_trials50_seed20260814.npz,6646.260297851562,1925.543907035196,272.3130308274052,6309.5732421875,5623.4130859375,7943.2822265625,0.19281767944658007,0.05282680793263302,0.007470838823520822,0.18176454329895456,0.15339638286224241,0.22768655858522885,0.8071823205534199,0.05282680793263302,0.007470838823520822,0.8182354567010455,0.7723134414147712,0.8466036171377576,1.0407047079244267,0.1131933650853571,0.01600795920743612,1.0141159127269295,0.9483266249152221,1.111782672661826,0.075732398438149,0.08848391282357947,0.01251351495669447,0.04117719746149652,0.01716836367250993,0.11036899865359903,0.7472886586994173,0.5668649085910202,0.08016680417628055,0.9388907608756948,0.7524961778152506,0.977260917848513,0.7929543875849138,0.18312623285873464,0.025897960213511605,0.8091910300521867,0.667782358606611,0.8714235618949934
power_t000,power,0.0,10000,100,0.0,1.0,0.0,40919881.46171217,1.0,1000,0.0,0.0,1e-06,9.999999999999999e-10,9.000000001111117,0.0,99.99999997777763,6.100472934520198,6100.472934520197,0.8999999999999998,0.1000000000000002,1.0000000001111118,6778.072786305651,0.9999659982353272,-3459671995.3642626,1.70010268538735e-05,69.19999752153124,4070342.2279322366,67.78303259071701,4070342.2279322366,nan,nan,nan,nan,nan,nan,nan,nan,nan,nan,nan,nan,nan,nan,nan,nan,nan,nan,nan,nan,nan,nan,nan,nan,nan,nan,nan,nan,nan,nan,nan,nan,nan,nan,nan,nan,nan,nan,nan,nan,nan,nan,nan,nan,nan
power_t000,power,0.0,10000,100,0.0,1.0,0.0,40919881.46171217,1.0,1000,0.01,1.4752954560412044e-08,1e-06,9.999999999999999e-10,9.000000001111117,0.0001,99.99999997777763,6.1004730456313085,6100.472945631308,0.900000001639217,0.099999998360783,0.9999999837189406,6778.072786309848,0.9999659982359465,-3459672121.391829,1.7001026544225424e-05,69.19999752153124,4070342.302067386,67.78303259071701,4070342.302067386,nan,nan,nan,nan,nan,nan,nan,nan,nan,nan,nan,nan,nan,nan,nan,nan,nan,nan,nan,nan,nan,nan,nan,nan,nan,nan,nan,nan,nan,nan,nan,nan,nan,nan,nan,nan,nan,nan,nan,nan,nan,nan,nan,nan,nan
power_t000,power,0.0,10000,100,0.0,1.0,0.0,40919881.46171217,1.0,1000,0.03,1.3277659104370838e-07,0.0012589254117941675,1.2589254117941674e-06,9.00000139880599,0.0009,99.99997202388606,6.100473934520178,6100.47303452018,0.9000000147529518,0.09999998524704823,0.9999999923510572,6778.072786311217,0.9999659982361483,-3459672162.482716,1.700102644326566e-05,69.19998784948444,4070341.7573293354,67.78301364272151,4070341.7573293354,nan,nan,nan,nan,nan,nan,nan,nan,nan,nan,nan,nan,nan,nan,nan,nan,nan,nan,nan,nan,nan,nan,nan,nan,nan,nan,nan,nan,nan,nan,nan,nan,nan,nan,nan,nan,nan,nan,nan,nan,nan,nan,nan,nan,nan
power_t000,power,0.0,10000,100,0.0,1.0,0.0,40919881.46171217,1.0,1000,0.1,1.4752954560412047e-06,0.014125375446227554,1.4125375446227553e-05,9.00001569485887,0.010000000000000002,99.99968610356157,6.100484045629288,6100.474045629288,0.9000001639214191,0.09999983607858087,0.9999999302691266,6778.072786363724,0.9999659982438946,-3459673738.8876367,1.700102257006096e-05,69.19988892097113,4070336.8656678987,67.78281983725478,4070336.8656678987,nan,nan,nan,nan,nan,nan,nan,nan,nan,nan,nan,nan,nan,nan,nan,nan,nan,nan,nan,nan,nan,nan,nan,nan,nan,nan,nan,nan,nan,nan,nan,nan,nan,nan,nan,nan,nan,nan,nan,nan,nan,nan,nan,nan,nan
power_t000,power,0.0,10000,100,0.0,1.0,0.0,40919881.46171217,1.0,1000,0.3,1.3277659104370838e-05,0.12589254117941687,0.00012589254117941688,9.000139880383905,0.09,99.99720245102034,6.100572934356719,6100.482934356719,0.900001475271338,0.099998524728662,0.9999992351192323,6778.0727868597405,0.9999659983170718,-3459688630.8505707,1.700098598084831e-05,69.19902957053796,4070295.0786790242,67.78113634224292,4070295.0786790242,nan,nan,nan,nan,nan,nan,nan,nan,nan,nan,nan,nan,nan,nan,nan,nan,nan,nan,nan,nan,nan,nan,nan,nan,nan,nan,nan,nan,nan,nan,nan,nan,nan,nan,nan,nan,nan,nan,nan,nan,nan,nan,nan,nan,nan
power_t000,power,0.0,10000,100,0.0,1.0,0.0,40919881.46171217,1.0,1000,0.5,3.6882386401030106e-05,0.354813389233576,0.000354813389233576,9.000394235372305,0.25,99.99211575879399,6.100750711035038,6100.500711035036,0.9000040978566125,0.0999959021433875,0.9999984433580082,6778.072787713795,0.9999659984430701,-3459714272.4279966,1.7000922980632054e-05,69.19726952808868,4070206.6356585594,67.77768842799257,4070206.6356585594,nan,nan,nan,nan,nan,nan,nan,nan,nan,nan,nan,nan,nan,nan,nan,nan,nan,nan,nan,nan,nan,nan,nan,nan,nan,nan,nan,nan,nan,nan,nan,nan,nan,nan,nan,nan,nan,nan,nan,nan,nan,nan,nan,nan,nan
power_t000,power,0.0,10000,100,0.0,1.0,0.0,40919881.46171217,1.0,1000,0.7,7.228947734601901e-05,0.7079457843841388,0.0007079457843841388,9.000786599552754,0.48999999999999994,99.9842698649668,6.101017374108235,6100.527374108233,0.9000080314476856,0.0999919685523144,0.9999983391636431,6778.072788745093,0.999965998595217,-3459745235.788456,1.700084690596488e-05,69.19455468864308,4070065.160363607,67.77237024322153,4070065.160363607,nan,nan,nan,nan,nan,nan,nan,nan,nan,nan,nan,nan,nan,nan,nan,nan,nan,nan,nan,nan,nan,nan,nan,nan,nan,nan,nan,nan,nan,nan,nan,nan,nan,nan,nan,nan,nan,nan,nan,nan,nan,nan,nan,nan,nan
power_t000,power,0.0,10000,100,0.0,1.0,0.0,40919881.46171217,1.0,1000,1.0,0.00014752954560412043,1.4125375446227555,0.0014125375446227555,9.001569458796027,1.0,99.96861821213615,6.101584025434713,6100.584025434713,0.9000163891921391,0.09998361080786089,0.9999930282846542,6778.072792109235,0.9999659990915273,-3459846242.7526245,1.7000598746487144e-05,69.18913857900694,4069805.988056955,67.76176107827993,4069805.988056955,nan,nan,nan,nan,nan,nan,nan,nan,nan,nan,nan,nan,nan,nan,nan,nan,nan,nan,nan,nan,nan,nan,nan,nan,nan,nan,nan,nan,nan,nan,nan,nan,nan,nan,nan,nan,nan,nan,nan,nan,nan,nan,nan,nan,nan
power_t000,power,0.0,10000,100,0.0,1.0,0.0,40919881.46171217,1.0,1000,1.5,0.00033194147760927097,3.1622776601683795,0.0031622776601683794,9.003513504728394,2.25,99.9297669222369,6.102972832344575,6100.7228323445715,0.9000368673124772,0.09996313268752277,0.9999825481191594,6778.072799768126,0.99996600022144,-3460076214.176152,1.700003378055124e-05,69.17569261691023,4069150.3034570534,67.73542649577976,4069150.3034570534,nan,nan,nan,nan,nan,nan,nan,nan,nan,nan,nan,nan,nan,nan,nan,nan,nan,nan,nan,nan,nan,nan,nan,nan,nan,nan,nan,nan,nan,nan,nan,nan,nan,nan,nan,nan,nan,nan,nan,nan,nan,nan,nan,nan,nan
power_t000,power,0.0,10000,100,0.0,1.0,0.0,40919881.46171217,1.0,1000,2.0,0.0005901181824164817,5.62341325190349,0.00562341325190349,9.006247803494613,4.0,99.87516093777609,6.10491705614365,6100.917056143651,0.900065521061301,0.099934478938699,0.9999691613247894,6778.072810189747,0.999966001758937,-3460389178.1139894,1.6999265019134948e-05,69.15678972596758,4068222.340678986,67.69841290352795,4068222.340678986,nan,nan,nan,nan,nan,nan,nan,nan,nan,nan,nan,nan,nan,nan,nan,nan,nan,nan,nan,nan,nan,nan,nan,nan,nan,nan,nan,nan,nan,nan,nan,nan,nan,nan,nan,nan,nan,nan,nan,nan,nan,nan,nan,nan,nan
power_t000,power,0.0,10000,100,0.0,1.0,0.0,40919881.46171217,1.0,1000,3.0,0.0013277659104370839,12.589254117941687,0.012589254117941687,9.013985889776336,9.0,99.72086792743703,6.1104713026364506,6101.471302636453,0.9001472887945368,0.09985271120546324,0.9999236468976627,6778.072841610878,0.9999660063944822,-3461333019.9666414,1.699694720705485e-05,69.10335034510996,4065633.0518240076,67.5938284220214,4065633.0518240076,nan,nan,nan,nan,nan,nan,nan,nan,nan,nan,nan,nan,nan,nan,nan,nan,nan,nan,nan,nan,nan,nan,nan,nan,nan,nan,nan,nan,nan,nan,nan,nan,nan,nan,nan,nan,nan,nan,nan,nan,nan,nan,nan,nan,nan
power_t000,power,0.0,10000,100,0.0,1.0,0.0,40919881.46171217,1.0,1000,5.0,0.003688238640103011,35.481338923357605,0.03548133892335761,9.039406523484004,25.0,99.21650379525478,6.12823814501446,6103.238145014459,0.9004079502477181,0.09959204975228186,0.9998450979685589,6778.072926408456,0.9999660189046303,-3463882135.2235694,1.6990692026647583e-05,68.9283747673219,4056831.5086411517,67.25195511785249,4056831.5086411517,nan,nan,nan,nan,nan,nan,nan,nan,nan,nan,nan,nan,nan,nan,nan,nan,nan,nan,nan,nan,nan,nan,nan,nan,nan,nan,nan,nan,nan,nan,nan,nan,nan,nan,nan,nan,nan,nan,nan,nan,nan,nan,nan,nan,nan
power_t000,power,0.0,10000,100,0.0,1.0,0.0,40919881.46171217,1.0,1000,8.233044840382567,0.009999999223695108,100.0,0.1,9.110975772792461,67.78302734375,97.81689220034279,6.17569567294409,6107.912645600342,0.9010975771950795,0.09890242280492045,1.0000000008510275,6778.073067026313,0.9999660396499189,-3468115484.722042,1.6980319206148262e-05,68.44047407909915,4030576.4130934654,66.303255934119,4030576.4130934654,50.0,0.6755091400118545,/n/home12/binxuwang/Github/AccentuationPredRMT/tables/ffhq_linear_feature_cases/ffhq_feature_whiten_full_nsr0p01_trials50_seed20260814.npz,658.7402718604263,961.0019506458674,135.90619920703853,179.00777435302734,1.778279423713684,1000.0,0.9011966785688982,0.004499365581729942,0.0006363063827757194,0.9010359794180561,0.8980469933654429,0.9037598553094341,0.09880332143110176,0.004499365581729942,0.0006363063827757194,0.09896402058194387,0.09624014469056583,0.10195300663455703,1.060438779908286,0.10237368014311526,0.014477824688843881,1.0116155870981767,0.9905656524943097,1.0952875807140843,0.99996757158669,5.0340788010527865e-05,7.119262514503741e-06,0.999967825841215,0.9999266424832773,1.000001641318282,-314911996686.66943,1791830208673.387,253403058257.5717,-2678657875.5086756,-14372314238.080805,-678568182.0659602,1.621464856005594e-05,2.5170749022307734e-05,3.559681464243692e-06,1.608720942927963e-05,-8.206586018722141e-07,3.6679431172844965e-05
power_t000,power,0.0,10000,100,0.0,1.0,0.0,40919881.46171217,1.0,1000,10.0,0.014752954560412044,141.25375446227554,0.14125375446227553,9.156680061106123,100.0,96.93853576489659,6.211385987379155,6111.385987379155,0.9016099977294356,0.09839000227056438,0.9993162421183596,6778.0733551453795,0.9999660821559938,-3476813685.4464808,1.695906580801278e-05,68.13249714758061,4017467.5845287135,65.70787930508553,4017467.5845287135,nan,nan,nan,nan,nan,nan,nan,nan,nan,nan,nan,nan,nan,nan,nan,nan,nan,nan,nan,nan,nan,nan,nan,nan,nan,nan,nan,nan,nan,nan,nan,nan,nan,nan,nan,nan,nan,nan,nan,nan,nan,nan,nan,nan,nan
power_t000,power,0.0,10000,100,0.0,1.0,0.0,40919881.46171217,1.0,1000,14.260051964535403,0.029999997671085327,316.2277660168379,0.3162277660168379,9.350048741155176,203.34908203125002,93.3501908082636,6.325614352790476,6122.265270759225,0.9032150134629958,0.09678498653700418,1.001732323826259,6778.073208757716,0.9999660605594884,-3472390215.6513066,1.6969864243954172e-05,66.85958613321152,3939901.0606128736,63.275590273123136,3939901.0606128736,nan,nan,nan,nan,nan,nan,nan,nan,nan,nan,nan,nan,nan,nan,nan,nan,nan,nan,nan,nan,nan,nan,nan,nan,nan,nan,nan,nan,nan,nan,nan,nan,nan,nan,nan,nan,nan,nan,nan,nan,nan,nan,nan,nan,nan
power_t000,power,0.0,10000,100,0.0,1.0,0.0,40919881.46171217,1.0,1000,20.0,0.059011818241648174,562.341325190349,0.5623413251903491,9.620791952536274,400.0,88.65152211452863,6.5419240376856,6141.9240376856,0.9061152624147811,0.09388473758521887,0.9971384772219635,6778.074996565563,0.9999663243139677,-3526997480.910477,1.6837984775011708e-05,65.15521426130097,3869537.5445400155,60.09069014041117,3869537.5445400155,nan,nan,nan,nan,nan,nan,nan,nan,nan,nan,nan,nan,nan,nan,nan,nan,nan,nan,nan,nan,nan,nan,nan,nan,nan,nan,nan,nan,nan,nan,nan,nan,nan,nan,nan,nan,nan,nan,nan,nan,nan,nan,nan,nan,nan
power_t000,power,0.0,10000,100,0.0,1.0,0.0,40919881.46171217,1.0,1000,26.035173773906333,0.09999999223695111,1000.0,1.0,10.099019513592783,677.8302734375002,81.17658368865823,6.845421632493459,6167.5913590559585,0.9099019506734252,0.09009804932657484,1.000000007612296,6778.07529436243,0.9999663682478042,-3536218508.6169143,1.6816017487160276e-05,62.3478474332549,3707646.4436873985,55.023950189941466,3707646.4436873985,50.0,0.6751593520166352,/n/home12/binxuwang/Github/AccentuationPredRMT/tables/ffhq_linear_feature_cases/ffhq_feature_whiten_full_nsr0p1_trials50_seed20260814.npz,961.0886779611511,1145.6358432398497,162.01737470505324,473.93540954589844,16.332397937774658,1503.4012451171875,0.9112925662343634,0.003707648881547571,0.0005243407332802012,0.911489362580177,0.9090989769384935,0.9130606999144784,0.08870743376563688,0.003707648881547571,0.0005243407332802012,0.08851063741982301,0.0869393000855217,0.09090102306150652,0.9930347976563232,0.11072429606274638,0.01565878011761498,0.9484182065681597,0.9093914374792439,1.038958676221658,0.9999782633377001,5.358060813608967e-05,7.577442270625621e-06,0.999977071931043,0.9999411788910586,1.0000080491163517,-181927599466.63333,771790352171.8989,109147638335.02068,-2075074613.3455343,-13219280178.142075,-1023885670.9359821,1.0868741904560459e-05,2.679056050441742e-05,3.78875740089241e-06,1.1464101922050644e-05,-4.024550062282506e-06,2.9410987121372843e-05
power_t000,power,0.0,10000,100,0.0,1.0,0.0,40919881.46171217,1.0,1000,30.0,0.1327765910437084,1258.9254117941662,1.2589254117941662,10.380206754408992,900.0,77.21464788368097,7.086585593751591,6186.585593751591,0.9127041614871698,0.08729583851283018,0.9934873832899449,6778.077473413161,0.9999666897221683,-3604805036.005073,1.665527761500161e-05,60.807328919933965,3650934.5761468466,52.33842995143362,3650934.5761468466,nan,nan,nan,nan,nan,nan,nan,nan,nan,nan,nan,nan,nan,nan,nan,nan,nan,nan,nan,nan,nan,nan,nan,nan,nan,nan,nan,nan,nan,nan,nan,nan,nan,nan,nan,nan,nan,nan,nan,nan,nan,nan,nan,nan,nan
power_t000,power,0.0,10000,100,0.0,1.0,0.0,40919881.46171217,1.0,1000,40.0,0.2360472729665927,2238.7211385683377,2.2387211385683377,11.434507544743521,1600.0,64.67595044926293,7.838889483955919,6238.889483955918,0.920420530642342,0.07957946935765803,0.9896399660244427,6778.08023211642,0.9999670967124066,-3694536567.0597405,1.6451779127185934e-05,55.65157870564269,3382708.841117408,43.83932058112199,3382708.841117408,nan,nan,nan,nan,nan,nan,nan,nan,nan,nan,nan,nan,nan,nan,nan,nan,nan,nan,nan,nan,nan,nan,nan,nan,nan,nan,nan,nan,nan,nan,nan,nan,nan,nan,nan,nan,nan,nan,nan,nan,nan,nan,nan,nan,nan
power_t000,power,0.0,10000,100,0.0,1.0,0.0,40919881.46171217,1.0,1000,45.09424376029051,0.2999999767108532,3162.2776601683795,3.1622776601683795,12.41695189005732,2033.4908203124996,55.55105035916431,8.300119822148236,6266.629001835737,0.924512929110429,0.07548707088957096,1.0129725298326147,6778.075983464778,0.9999664699107604,-3557695130.7324543,1.6765185155472334e-05,51.57654145014941,3076407.505903046,37.65418657780559,3076407.505903046,nan,nan,nan,nan,nan,nan,nan,nan,nan,nan,nan,nan,nan,nan,nan,nan,nan,nan,nan,nan,nan,nan,nan,nan,nan,nan,nan,nan,nan,nan,nan,nan,nan,nan,nan,nan,nan,nan,nan,nan,nan,nan,nan,nan,nan
power_t000,power,0.0,10000,100,0.0,1.0,0.0,40919881.46171217,1.0,1000,60.0,0.5311063641748336,5623.413251903491,5.623413251903491,14.998348743020177,3600.0,39.0705640265547,9.946007226141854,6346.00722614185,0.9362235624731718,0.06377643752682816,1.0207390588933172,6778.077102189503,0.9999666349557108,-3592980367.2847266,1.668266130013515e-05,43.254462470329024,2592779.51473957,26.483213153381723,2592779.51473957,nan,nan,nan,nan,nan,nan,nan,nan,nan,nan,nan,nan,nan,nan,nan,nan,nan,nan,nan,nan,nan,nan,nan,nan,nan,nan,nan,nan,nan,nan,nan,nan,nan,nan,nan,nan,nan,nan,nan,nan,nan,nan,nan,nan,nan
power_t000,power,0.0,10000,100,0.0,1.0,0.0,40919881.46171217,1.0,1000,82.33044840382567,0.999999922369511,10000.0,10.0,19.5124921972504,6778.302734375001,23.766385774174967,13.226158409249113,6447.855674874108,0.9512492178351265,0.048750782164873496,1.000000038766818,6778.08520296047,0.9999678300587705,-3864902114.046259,1.6085099979953044e-05,33.735538745748364,2097316.074366536,16.10957701852448,2097316.074366536,50.0,0.6746459039859474,/n/home12/binxuwang/Github/AccentuationPredRMT/tables/ffhq_linear_feature_cases/ffhq_feature_whiten_full_nsr1_trials50_seed20260814.npz,13049.932443847656,8496.196299294112,1201.5436035045832,11220.1845703125,7943.2822265625,17299.3291015625,0.9555811879504084,0.006950057544889245,0.0009828865639255825,0.9549352289705498,0.9509803313971265,0.9589933720133272,0.04441881204959161,0.006950057544889245,0.0009828865639255825,0.04506477102945017,0.04100662798667282,0.049019668602873545,1.1478256012790413,0.40962531646792866,0.05792976780403158,1.051996445330588,0.8773459353634725,1.3203609135147385,0.9999557014091482,9.395615503512319e-05,1.3287406871910036e-05,0.9999593099522543,0.9998910553369247,1.000017536834658,-131631912427.4225,836930080469.8457,118359787055.84616,-1249400497.469229,-3444049945.1540766,-317143602.9536436,2.21506222262007e-05,4.697970230332902e-05,6.643933215361843e-06,2.034523132142314e-05,-8.76837843708005e-06,5.4473817276234364e-05
power_t000,power,0.0,10000,100,0.0,1.0,0.0,40919881.46171217,1.0,1000,100.0,1.4752954560412044,14125.375446227554,14.125375446227554,23.720858754501418,10000.0,16.363375388505773,16.511186228929397,6511.186228929396,0.9605923456977602,0.0394076543022398,0.9748403985992316,6778.0927509228195,0.9999689436062262,-4147035090.7881136,1.5528317451268497e-05,27.992554067976936,1802677.8597117257,11.091592074997044,1802677.8597117257,nan,nan,nan,nan,nan,nan,nan,nan,nan,nan,nan,nan,nan,nan,nan,nan,nan,nan,nan,nan,nan,nan,nan,nan,nan,nan,nan,nan,nan,nan,nan,nan,nan,nan,nan,nan,nan,nan,nan,nan,nan,nan,nan,nan,nan
power_t000,power,0.0,10000,100,0.0,1.0,0.0,40919881.46171217,1.0,1000,142.60051964535404,2.999999767108533,31622.776601683792,31.622776601683793,41.386854400296514,20334.908203125004,5.565928510741951,26.94713962618737,6612.231423062363,0.9754994972736771,0.02450050272632287,1.0400407815242674,6778.082101285007,0.999967372469999,-3757252141.136588,1.6313898072053357e-05,16.325815753087852,1000730.523200639,3.772755137250621,1000730.523200639,nan,nan,nan,nan,nan,nan,nan,nan,nan,nan,nan,nan,nan,nan,nan,nan,nan,nan,nan,nan,nan,nan,nan,nan,nan,nan,nan,nan,nan,nan,nan,nan,nan,nan,nan,nan,nan,nan,nan,nan,nan,nan,nan,nan,nan
power_t000,power,0.0,10000,100,0.0,1.0,0.0,40919881.46171217,1.0,1000,180.0,4.779957277573502,50118.72336272735,50.11872336272735,59.95466701578002,32400.0,2.69144849737039,39.06285854363447,6662.858543634467,0.9829684933669246,0.0170315066330754,1.0396629498176766,6778.083864075603,0.9999676325336945,-3817873163.211318,1.618386411152002e-05,11.352698803408375,701482.583218632,1.8243454125403469,701482.583218632,nan,nan,nan,nan,nan,nan,nan,nan,nan,nan,nan,nan,nan,nan,nan,nan,nan,nan,nan,nan,nan,nan,nan,nan,nan,nan,nan,nan,nan,nan,nan,nan,nan,nan,nan,nan,nan,nan,nan,nan,nan,nan,nan,nan,nan
power_t000,power,0.0,10000,100,0.0,1.0,0.0,40919881.46171217,1.0,1000,260.3517377390633,9.999999223695108,100000.0,100.0,109.90983667184014,67783.02734375,0.812942574486326,74.50021516192173,6717.187818171734,0.990983666552409,0.009016333447591007,1.0000000700511853,6778.093945982536,0.9999691199128431,-4194525505.090442,1.544016277781084e-05,6.239302085888832,404095.6158088809,0.5510371303303333,404095.6158088809,50.0,0.6751056920038536,/n/home12/binxuwang/Github/AccentuationPredRMT/tables/ffhq_linear_feature_cases/ffhq_feature_whiten_full_nsr10_trials50_seed20260814.npz,2339569.0640234374,4114851.8595452136,581927.930692499,133573.14453125,72954.138671875,671544.6875,1.0025818118786314,0.0315755602030391,0.004465458547866606,0.9957373053935317,0.9920858951128964,0.9997823739184735,-0.002581811878631499,0.03157556020303911,0.0044654585478666065,0.004262694606468387,0.00021762608152653407,0.00791410488710359,22.78200224008183,40.25109991191587,5.692365139586592,1.2274682577745235,0.6933999830768912,6.322222230221259,0.9993167840908737,0.00809112176731104,0.001144257413814344,0.9999532235734694,0.9998306474395529,1.000044498053033,-2922584361.9929376,9233762981.035498,1305851283.9519022,-269759406.08600515,-1837860443.8742135,-9665076.813129432,0.0003496990895353532,0.004048176774189247,0.0005724986496942199,2.3388486783696475e-05,-2.2248778889964398e-05,8.467986696856983e-05
power_t020,power,0.2,10000,100,0.0,0.8,0.0,1228987.5788332822,1.0,1000,0.0,0.0,1e-06,9.999999999999999e-10,2.324912165845768,0.0,121.03958221556752,2.3208663174600077,2320.866317460008,0.3423963532227833,0.6576036467772167,1.8203727345650602,6772.700154376105,0.9991733762880631,-5846628.480061644,0.0004133973046342244,228.14151738337694,551869.8714913912,716.440801453197,551869.8714913912,,,,,,,,,,,,,,,,,,,,,,,,,,,,,,,,,,,,,,,,,,,,,
power_t020,power,0.2,10000,100,0.0,0.8,0.0,1228987.5788332822,1.0,1000,0.01,1.4752954560412044e-08,1e-06,9.999999999999999e-10,2.324912165845768,0.0001,121.03958221556752,2.3208664312307734,2320.866331230773,0.342396355254378,0.6576036447456219,1.8203727197139217,6772.700154650676,0.9991733763285705,-5846629.053426427,0.00041339728437216983,228.14151738337694,551869.8985404742,716.440801453197,551869.8985404742,,,,,,,,,,,,,,,,,,,,,,,,,,,,,,,,,,,,,,,,,,,,,
power_t020,power,0.2,10000,100,0.0,0.8,0.0,1228987.5788332822,1.0,1000,0.03,1.3277659104370838e-07,1e-06,9.999999999999999e-10,2.324912165845768,0.0009,121.03958221556752,2.3208673413969017,2320.866441396902,0.3423963715071369,0.657603628492863,1.8203726009048213,6772.700156847244,0.9991733766526292,-5846633.640345704,0.00041339712227580415,228.14151738337694,551870.114933139,716.440801453197,551870.114933139,,,,,,,,,,,,,,,,,,,,,,,,,,,,,,,,,,,,,,,,,,,,,
power_t020,power,0.2,10000,100,0.0,0.8,0.0,1228987.5788332822,1.0,1000,0.1,1.4752954560412047e-06,1e-06,9.999999999999999e-10,2.324912165845768,0.010000000000000002,121.03958221556752,2.320877694536606,2320.867694536606,0.34239655638226807,0.6576034436177319,1.8203712494523978,6772.7001818330855,0.9991733803387789,-5846685.8166791145,0.0004133952784385924,228.14151738337694,551872.5763996991,716.440801453197,551872.5763996991,,,,,,,,,,,,,,,,,,,,,,,,,,,,,,,,,,,,,,,,,,,,,
power_t020,power,0.2,10000,100,0.0,0.8,0.0,1228987.5788332822,1.0,1000,0.3,1.3277659104370838e-05,1e-06,9.999999999999999e-10,2.324912165845768,0.09,121.03958221556752,2.320968711149392,2320.878711149392,0.3423981816581465,0.6576018183418535,1.8203593686383344,6772.700401479253,0.9991734127430782,-5847144.519740003,0.0004133790695885435,228.14151738337694,551894.2156661619,716.440801453197,551894.2156661619,,,,,,,,,,,,,,,,,,,,,,,,,,,,,,,,,,,,,,,,,,,,,
power_t020,power,0.2,10000,100,0.0,0.8,0.0,1228987.5788332822,1.0,1000,0.5,3.6882386401030106e-05,1e-06,9.999999999999999e-10,2.324912165845768,0.25,121.03958221556752,2.321150744374965,2320.9007443749656,0.34240143220990354,0.6575985677900964,1.8203356074754489,6772.7008407199255,0.999173477544055,-5848061.979841146,0.0004133466557013511,228.14151738337694,551937.4941990881,716.440801453197,551937.4941990881,,,,,,,,,,,,,,,,,,,,,,,,,,,,,,,,,,,,,,,,,,,,,
power_t020,power,0.2,10000,100,0.0,0.8,0.0,1228987.5788332822,1.0,1000,0.7,7.228947734601901e-05,1e-06,9.999999999999999e-10,2.324912165845768,0.48999999999999994,121.03958221556752,2.321423794213324,2320.9337942133243,0.3424063080375389,0.6575936919624611,1.820299966894177,6772.701499451821,0.9991735747264723,-5849438.3049412295,0.0004132980444005858,228.14151738337694,552002.4119984768,716.440801453197,552002.4119984768,,,,,,,,,,,,,,,,,,,,,,,,,,,,,,,,,,,,,,,,,,,,,
power_t020,power,0.2,10000,100,0.0,0.8,0.0,1228987.5788332822,1.0,1000,1.0,0.00014752954560412043,1e-06,9.999999999999999e-10,2.324912165845768,1.0,121.03958221556752,2.3220040251198366,2321.0040251198366,0.342416669171264,0.657583330828736,1.8202242352926874,6772.7028987428885,0.9991737811632476,-5852363.533463869,0.00041319478334071605,228.14151738337694,552140.3623221783,716.440801453197,552140.3623221783,,,,,,,,,,,,,,,,,,,,,,,,,,,,,,,,,,,,,,,,,,,,,
power_t020,power,0.2,10000,100,0.0,0.8,0.0,1228987.5788332822,1.0,1000,1.5,0.00033194147760927097,1e-06,9.999999999999999e-10,2.324912165845768,2.25,121.03958221556752,2.3234261596946233,2321.1761596946235,0.34244206410686506,0.6575579358931349,1.8200386452694315,6772.706325423192,0.9991742866998357,-5859536.30378249,0.0004129419105929391,228.14151738337694,552478.4758606624,716.440801453197,552478.4758606624,,,,,,,,,,,,,,,,,,,,,,,,,,,,,,,,,,,,,,,,,,,,,
power_t020,power,0.2,10000,100,0.0,0.8,0.0,1228987.5788332822,1.0,1000,2.0,0.0005901181824164817,1e-06,9.999999999999999e-10,2.324912165845768,4.0,121.03958221556752,2.325417148099324,2321.417148099324,0.3424776170167064,0.6575223829832936,1.8197788828082553,6772.711115736818,0.9991749934126283,-5869585.562218118,0.0004125884082831474,228.14151738337694,552951.8348145401,716.440801453197,552951.8348145401,,,,,,,,,,,,,,,,,,,,,,,,,,,,,,,,,,,,,,,,,,,,,
power_t020,power,0.2,10000,100,0.0,0.8,0.0,1228987.5788332822,1.0,1000,3.0,0.0013277659104370839,1e-06,9.999999999999999e-10,2.324912165845768,9.0,121.03958221556752,2.3311056863984705,2322.10568639847,0.34257919675911047,0.6574208032408895,1.8190371127543874,6772.724757274379,0.999177005942466,-5898345.171967092,0.00041158172852664234,228.14151738337694,554304.2889684764,716.440801453197,554304.2889684764,,,,,,,,,,,,,,,,,,,,,,,,,,,,,,,,,,,,,,,,,,,,,
power_t020,power,0.2,10000,100,0.0,0.8,0.0,1228987.5788332822,1.0,1000,5.0,0.003688238640103011,1e-06,9.999999999999999e-10,2.324912165845768,25.0,121.03958221556752,2.3493090089557374,2324.3090089557363,0.3429042519348033,0.6570957480651967,1.8166675069659355,6772.767966411741,0.999183380566867,-5990848.242495708,0.00040839310903230635,228.14151738337694,558632.1422610722,716.440801453197,558632.1422610722,,,,,,,,,,,,,,,,,,,,,,,,,,,,,,,,,,,,,,,,,,,,,
power_t020,power,0.2,10000,100,0.0,0.8,0.0,1228987.5788332822,1.0,1000,8.233044840382567,0.01,1e-06,9.999999999999999e-10,2.324912165845768,67.78302734375,121.03958221556752,2.3979835868754025,2330.200559531652,0.3437734297141718,0.6562265702858282,1.8103615444110117,6772.88028384561,0.9991999507068491,-6241731.07789348,0.00040010468845627043,228.14151738337694,570204.558870876,716.440801453197,570204.558870876,25,23.470607900002506,/n/home12/binxuwang/Github/AccentuationPredRMT/tables/ffhq_feature_interpolation_cases/ffhq_feature_path_power_t020_n1000_trials25_seed20260827.npz,0.0373713291207514,0.052893879406376916,0.010578775881275383,9.999999974752427e-07,9.999999974752427e-07,0.07943282276391983,0.34526174307352614,0.011470005918546093,0.002294001183709219,0.3428617615281463,0.3374573753637758,0.3482805188567492,0.6547382569264739,0.011470005918546106,0.002294001183709221,0.6571382384718537,0.6517194811432507,0.6625426246362243,1.8150243514015068,0.030075212401684922,0.0060150424803369846,1.807571150806364,1.7979044197892982,1.8206602148654172,0.9992257982725244,0.00010047322816214736,2.009464563242947e-05,0.9992105171040436,0.999175945568084,0.9993086099464574,-7014226.725960594,1944836.8788872755,388967.3757774551,-6410028.851200435,-8359169.689753757,-5883165.860098385,0.00038717702908538487,5.025604682237842e-05,1.0051209364475684e-05,0.0003948193891531796,0.0003457547999621322,0.0004121121341636335
power_t020,power,0.2,10000,100,0.0,0.8,0.0,1228987.5788332822,1.0,1000,10.0,0.014752954560412044,1e-06,9.999999999999999e-10,2.324912165845768,100.0,121.03958221556752,2.4346370834429254,2334.637083442925,0.3444279480708637,0.6555720519291364,1.8056417753455232,6772.961899158293,0.9992119913768435,-6434050.372027875,0.00039408196187458905,228.14151738337694,578918.9545701148,716.440801453197,578918.9545701148,,,,,,,,,,,,,,,,,,,,,,,,,,,,,,,,,,,,,,,,,,,,,
power_t020,power,0.2,10000,100,0.0,0.8,0.0,1228987.5788332822,1.0,1000,14.260051964535403,0.029999997671085327,1e-06,9.999999999999999e-10,2.324912165845768,203.34908203125002,121.03958221556752,2.552218125706192,2348.869043674941,0.346527582696949,0.6534724173030511,1.7906659110959606,6773.207896829994,0.9992482833015692,-7070687.871672775,0.00037592901052581476,228.14151738337694,606873.9336298459,716.440801453197,606873.9336298459,,,,,,,,,,,,,,,,,,,,,,,,,,,,,,,,,,,,,,,,,,,,,
power_t020,power,0.2,10000,100,0.0,0.8,0.0,1228987.5788332822,1.0,1000,20.0,0.059011818241648174,1e-06,9.999999999999999e-10,2.324912165845768,400.0,121.03958221556752,2.7759493813916776,2375.949381391678,0.35052273261510525,0.6494772673848948,1.7628454770817386,6773.618442189605,0.9993088508719226,-8365001.523606225,0.00034563429557185935,228.14151738337694,660066.2038062857,716.440801453197,660066.2038062857,,,,,,,,,,,,,,,,,,,,,,,,,,,,,,,,,,,,,,,,,,,,,
power_t020,power,0.2,10000,100,0.0,0.8,0.0,1228987.5788332822,1.0,1000,26.035173773906333,0.1,1e-06,9.999999999999999e-10,2.324912165845768,677.8302734375002,121.03958221556752,3.0920390116139553,2414.208738176455,0.35616711813666935,0.6438328818633307,1.724982256170318,6774.0972288976045,0.999379486057395,-10378928.430114247,0.00031030511593496836,228.14151738337694,735216.7452862404,716.440801453197,735216.7452862404,25,23.470607900002506,/n/home12/binxuwang/Github/AccentuationPredRMT/tables/ffhq_feature_interpolation_cases/ffhq_feature_path_power_t020_n1000_trials25_seed20260827.npz,0.03489129658300953,0.06160182185663534,0.012320364371327068,9.999999974752427e-07,9.999999974752427e-07,0.025118865072727203,0.3588955145850629,0.010907186147414927,0.002181437229482985,0.3593532307631725,0.3492138161188815,0.36594595733235663,0.6411044854149371,0.01090718614741492,0.002181437229482984,0.6406467692368275,0.6340540426676433,0.6507861838811184,1.732661204205445,0.030162155864261294,0.006032431172852259,1.7273585985609181,1.711254576801167,1.7536546860531255,0.9993729346452495,0.00010013471396102021,2.002694279220404e-05,0.9993663816038291,0.9993151138376593,0.9994539131293213,-11037878.065831978,4128124.559018288,825624.9118036575,-9953859.50613171,-13402340.759949025,-8518769.228445822,0.000313583048522464,5.008291092705824e-05,1.0016582185411647e-05,0.00031685939802451185,0.00027308072187975745,0.00034250173488962956
power_t020,power,0.2,10000,100,0.0,0.8,0.0,1228987.5788332822,1.0,1000,30.0,0.1327765910437084,1e-06,9.999999999999999e-10,2.324912165845768,900.0,121.03958221556752,3.3448032113062647,2444.8032113062645,0.3606807068555076,0.6393192931444924,1.695855147391301,6774.414997025884,0.9994263662449675,-12145538.361835688,0.0002868580212783649,228.14151738337694,795311.6191999041,716.440801453197,795311.6191999041,,,,,,,,,,,,,,,,,,,,,,,,,,,,,,,,,,,,,,,,,,,,,
power_t020,power,0.2,10000,100,0.0,0.8,0.0,1228987.5788332822,1.0,1000,40.0,0.2360472729665927,1e-06,9.999999999999999e-10,2.324912165845768,1600.0,121.03958221556752,4.141198573186687,2541.198573186686,0.374901870792071,0.625098129207929,1.6101902127898078,6775.162601308588,0.9995366599650866,-18619088.26511456,0.00023169685917403334,228.14151738337694,984655.2007509696,716.440801453197,984655.2007509696,,,,,,,,,,,,,,,,,,,,,,,,,,,,,,,,,,,,,,,,,,,,,
power_t020,power,0.2,10000,100,0.0,0.8,0.0,1228987.5788332822,1.0,1000,45.09424376029051,0.2999999767108532,1e-06,9.999999999999999e-10,2.324912165845768,2033.4908203124996,121.03958221556752,4.63438439992185,2600.893579609349,0.38370864796444154,0.6162913520355584,1.5613479368779883,6775.4967671011555,0.9995859592926205,-23318688.14178083,0.0002070417868405423,228.14151738337694,1101910.4928759383,716.440801453197,1101910.4928759383,,,,,,,,,,,,,,,,,,,,,,,,,,,,,,,,,,,,,,,,,,,,,
power_t020,power,0.2,10000,100,0.0,0.8,0.0,1228987.5788332822,1.0,1000,60.0,0.5311063641748336,1e-06,9.999999999999999e-10,2.324912165845768,3600.0,121.03958221556752,6.416613892845035,2816.613892845035,0.4155337677536808,0.5844662322463192,1.4071072502643687,6776.276176931545,0.9997009452707372,-44705791.5372104,0.0001495385455196944,228.14151738337694,1525636.8623254427,716.440801453197,1525636.8623254427,,,,,,,,,,,,,,,,,,,,,,,,,,,,,,,,,,,,,,,,,,,,,
power_t020,power,0.2,10000,100,0.0,0.8,0.0,1228987.5788332822,1.0,1000,82.33044840382567,1.0,141.25375446227554,0.14125375446227553,2.4844096018951376,6778.302734375001,108.09406233204061,10.023615926827063,3245.313192452061,0.47877958062550996,0.52122041937449,1.2384734386203304,6776.895614964042,0.9997923306822014,-92721407.77772062,0.0001038400502772634,218.55825094093964,2104758.716481426,665.7289223295684,2104758.716481426,25,23.470607900002506,/n/home12/binxuwang/Github/AccentuationPredRMT/tables/ffhq_feature_interpolation_cases/ffhq_feature_path_power_t020_n1000_trials25_seed20260827.npz,70.81493974560445,144.18132018432826,28.83626403686565,9.999999974752427e-07,9.999999974752427e-07,89.12509155273438,0.4839743164899742,0.018236313765783843,0.003647262753156769,0.4923031402086014,0.4685360439686844,0.4960020761814789,0.5160256835100258,0.018236313765783864,0.0036472627531567727,0.5076968597913987,0.503997923818521,0.5314639560313156,1.2101741536369237,0.07239393977639567,0.014478787955279135,1.1896415880429319,1.1681492892160386,1.2075052797101375,0.9998030022928001,5.8975996076547785e-05,1.1795199215309557e-05,0.9997971955894617,0.999769323005878,0.999842951954097,-159875797.81215447,199757144.7086154,39951428.94172308,-97223906.65925439,-162140907.58869004,-75145180.12311795,9.850412258950931e-05,2.9490762276009018e-05,5.898152455201804e-06,0.00010140734699412069,7.852710620468537e-05,0.00011534514931280972
power_t020,power,0.2,10000,100,0.0,0.8,0.0,1228987.5788332822,1.0,1000,100.0,1.4752954560412044,562.341325190349,0.5623413251903491,2.948776383033399,10000.0,80.37188770789655,13.578622143693295,3578.6221436932924,0.5279524987479148,0.47204750125208517,1.2386889965384873,6777.023815844505,0.9998112440998422,-112236972.08895068,9.438240409793754e-05,194.80184836988897,2063963.6194025048,545.4086759215796,2063963.6194025048,,,,,,,,,,,,,,,,,,,,,,,,,,,,,,,,,,,,,,,,,,,,,
power_t020,power,0.2,10000,100,0.0,0.8,0.0,1228987.5788332822,1.0,1000,142.60051964535404,2.999999767108533,1584.8931924611175,1.5848931924611174,4.037526946810669,20334.908203125004,46.01731335637283,24.57245249257118,4237.5442894461785,0.6251629834993301,0.3748370165006699,1.1856176024911962,6777.275848486906,0.9998484263610531,-174065974.6589852,7.578969151211678e-05,155.3890579949994,2050266.4002815844,365.2455452169524,2050266.4002815844,,,,,,,,,,,,,,,,,,,,,,,,,,,,,,,,,,,,,,,,,,,,,
power_t020,power,0.2,10000,100,0.0,0.8,0.0,1228987.5788332822,1.0,1000,180.0,4.779957277573502,2818.3829312644607,2.818382931264461,5.316828277133606,32400.0,27.873045790596777,37.08057291358647,4680.572913586476,0.6905227951083668,0.3094772048916332,1.1875091128562671,6777.366583162798,0.9998618124065578,-209426606.32019448,6.909618386246557e-05,125.64265776597054,1818373.327477238,248.19548181351328,1818373.327477238,,,,,,,,,,,,,,,,,,,,,,,,,,,,,,,,,,,,,,,,,,,,,
power_t020,power,0.2,10000,100,0.0,0.8,0.0,1228987.5788332822,1.0,1000,260.3517377390633,10.0,5623.413251903491,5.623413251903491,8.17517609961511,67783.02734375,12.487675368588397,73.12523910353045,5342.21175978045,0.7881340734413984,0.2118659265586016,1.1147710519972804,6777.5325083326425,0.9998862912714693,-309313093.6881253,5.68559805665748e-05,88.0875629915705,1549310.417545705,128.0970032333638,1549310.417545705,25,23.470607900002506,/n/home12/binxuwang/Github/AccentuationPredRMT/tables/ffhq_feature_interpolation_cases/ffhq_feature_path_power_t020_n1000_trials25_seed20260827.npz,3998.386963490625,7829.258291581942,1565.8516583163885,9.999999974752427e-07,9.999999974752427e-07,5623.4130859375,1.3442997425506156,0.44291252622122473,0.08858250524424495,1.5493910177462988,0.827542637928416,1.751071398321869,-0.34429974255061546,0.4429125262212248,0.08858250524424496,-0.5493910177462988,-0.7510713983218691,0.17245736207158402,0.8487611896169063,1.0405426154547257,0.20810852309094513,0.3239918266429753,0.2915359694287427,1.1044214471142004,0.9999476341794533,0.00017678257804142723,3.535651560828544e-05,0.9999542575391693,0.9999021672981677,0.9999696869665945,-3858114199.186717,7207191175.557402,1441438235.1114802,-1460265439.7155855,-2450134219.8962684,-136224054.4845258,2.6187002667965423e-05,8.838263265355885e-05,1.767652653071177e-05,2.287149196791265e-05,1.5156631564470877e-05,4.891754737937835e-05
power_t040,power,0.4,10000,100,0.0,0.6,0.0,36911.408708252195,1.0,1000,0.0,0.0,1e-06,9.999999999999999e-10,0.6998826028579458,0.0,193.0164007128781,0.2664960829569244,266.49608295692445,0.039316046023913045,0.960683953976087,1.1787491951312759,6518.561247638553,0.9616803788567441,-2568.242812697192,0.019346963061479136,427.14870315910173,22078.33352458186,1298.6223308791643,22078.33352458186,,,,,,,,,,,,,,,,,,,,,,,,,,,,,,,,,,,,,,,,,,,,,
power_t040,power,0.4,10000,100,0.0,0.6,0.0,36911.408708252195,1.0,1000,0.01,1.4752954560412044e-08,1e-06,9.999999999999999e-10,0.6998826028579458,0.0001,193.0164007128781,0.2664962068751801,266.4961068751801,0.03931604955256243,0.9606839504474376,1.178749189253829,6518.561365653461,0.9616803962674297,-2568.2452169369217,0.019346954184391595,427.14870315910173,22078.343654925768,1298.6223308791643,22078.343654925768,,,,,,,,,,,,,,,,,,,,,,,,,,,,,,,,,,,,,,,,,,,,,
power_t040,power,0.4,10000,100,0.0,0.6,0.0,36911.408708252195,1.0,1000,0.03,1.3277659104370838e-07,1e-06,9.999999999999999e-10,0.6998826028579458,0.0009,193.0164007128781,0.2664971982212257,266.49629822122563,0.03931607778175759,0.9606839222182424,1.178749142234257,6518.562309768866,0.9616805355523466,-2568.2644508952426,0.019346883167984566,427.14870315910173,22078.424697676994,1298.6223308791643,22078.424697676994,,,,,,,,,,,,,,,,,,,,,,,,,,,,,,,,,,,,,,,,,,,,,
power_t040,power,0.4,10000,100,0.0,0.6,0.0,36911.408708252195,1.0,1000,0.1,1.4752954560412047e-06,1e-06,9.999999999999999e-10,0.6998826028579458,0.010000000000000002,193.0164007128781,0.2665084747824941,266.4984747824941,0.0393163988888525,0.9606836011111475,1.1787486073868918,6518.573048598606,0.9616821198470183,-2568.4832422383215,0.0193460753930476,427.14870315910173,22079.346558972175,1298.6223308791643,22079.346558972175,,,,,,,,,,,,,,,,,,,,,,,,,,,,,,,,,,,,,,,,,,,,,
power_t040,power,0.4,10000,100,0.0,0.6,0.0,36911.408708252195,1.0,1000,0.3,1.3277659104370838e-05,1e-06,9.999999999999999e-10,0.6998826028579458,0.09,193.0164007128781,0.26660760938705197,266.51760938705183,0.03931922180836822,0.9606807781916318,1.1787439054529185,6518.667417693459,0.9616960420767012,-2570.407083537201,0.019338976976906057,427.14870315910173,22087.450834094692,1298.6223308791643,22087.450834094692,,,,,,,,,,,,,,,,,,,,,,,,,,,,,,,,,,,,,,,,,,,,,
power_t040,power,0.4,10000,100,0.0,0.6,0.0,36911.408708252195,1.0,1000,0.5,3.6882386401030106e-05,1e-06,9.999999999999999e-10,0.6998826028579458,0.25,193.0164007128781,0.26680587859616767,266.55587859616764,0.0393248676473997,0.9606751323526003,1.1787345016975037,6518.855950326902,0.9617238562104444,-2574.256925974156,0.019324795760367768,427.14870315910173,22103.659384339735,1298.6223308791643,22103.659384339735,,,,,,,,,,,,,,,,,,,,,,,,,,,,,,,,,,,,,,,,,,,,,
power_t040,power,0.4,10000,100,0.0,0.6,0.0,36911.408708252195,1.0,1000,0.7,7.228947734601901e-05,1e-06,9.999999999999999e-10,0.6998826028579458,0.48999999999999994,193.0164007128781,0.26710328240984127,266.6132824098413,0.039333336405946925,0.9606666635940531,1.1787203963457082,6519.138236504433,0.961765501761946,-2580.0370892275723,0.019303562889134342,427.14870315910173,22127.97220970729,1298.6223308791643,22127.97220970729,,,,,,,,,,,,,,,,,,,,,,,,,,,,,,,,,,,,,,,,,,,,,
power_t040,power,0.4,10000,100,0.0,0.6,0.0,36911.408708252195,1.0,1000,1.0,0.00014752954560412043,1e-06,9.999999999999999e-10,0.6998826028579458,1.0,193.0164007128781,0.26773526551389754,266.7352655138975,0.039351332517859716,0.9606486674821403,1.1786904235939986,6519.736059960763,0.9618536983848098,-2592.3414501643047,0.019258597598322172,427.14870315910173,22179.63696361335,1298.6223308791643,22179.63696361335,,,,,,,,,,,,,,,,,,,,,,,,,,,,,,,,,,,,,,,,,,,,,
power_t040,power,0.4,10000,100,0.0,0.6,0.0,36911.408708252195,1.0,1000,1.5,0.00033194147760927097,1e-06,9.999999999999999e-10,0.6998826028579458,2.25,193.0164007128781,0.26928424371011395,267.03424371011397,0.03939544063529307,0.9606045593647069,1.1786169674133682,6521.189716094638,0.9620681556137051,-2622.6229383454242,0.01914926945344781,427.14870315910173,22306.26626240271,1298.6223308791643,22306.26626240271,,,,,,,,,,,,,,,,,,,,,,,,,,,,,,,,,,,,,,,,,,,,,
power_t040,power,0.4,10000,100,0.0,0.6,0.0,36911.408708252195,1.0,1000,2.0,0.0005901181824164817,1e-06,9.999999999999999e-10,0.6998826028579458,4.0,193.0164007128781,0.27145281318481695,267.45281318481693,0.03945719199969975,0.9605428080003002,1.1785141441405564,6523.197592390803,0.9623643766913076,-2665.3123123138207,0.01899827895599108,427.14870315910173,22483.547280707815,1298.6223308791643,22483.547280707815,,,,,,,,,,,,,,,,,,,,,,,,,,,,,,,,,,,,,,,,,,,,,
power_t040,power,0.4,10000,100,0.0,0.6,0.0,36911.408708252195,1.0,1000,3.0,0.0013277659104370839,1e-06,9.999999999999999e-10,0.6998826028579458,9.0,193.0164007128781,0.2776487259696826,268.6487259696827,0.03963362446943316,0.9603663755305668,1.1782204621935526,6528.765367256456,0.9631857879872634,-2789.18024839028,0.01857970879583736,427.14870315910173,22990.064475865256,1298.6223308791643,22990.064475865256,,,,,,,,,,,,,,,,,,,,,,,,,,,,,,,,,,,,,,,,,,,,,
power_t040,power,0.4,10000,100,0.0,0.6,0.0,36911.408708252195,1.0,1000,5.0,0.003688238640103011,1e-06,9.999999999999999e-10,0.6998826028579458,25.0,193.0164007128781,0.2974756468812528,272.47564688125277,0.040198208372579994,0.95980179162742,1.1772816627804326,6545.055773526343,0.9655891042219663,-3204.4562367839894,0.017356064374299228,427.14870315910173,24610.91950036907,1298.6223308791643,24610.91950036907,,,,,,,,,,,,,,,,,,,,,,,,,,,,,,,,,,,,,,,,,,,,,
power_t040,power,0.4,10000,100,0.0,0.6,0.0,36911.408708252195,1.0,1000,8.233044840382567,0.01,1e-06,9.999999999999999e-10,0.6998826028579458,67.78302734375,193.0164007128781,0.35049162810013246,282.7086007563825,0.04170787140796581,0.9582921285920342,1.174778703162132,6579.721050171103,0.970703256733609,-4456.332470581574,0.014757259994467635,427.14870315910173,28944.987302469155,1298.6223308791643,28944.987302469155,25,22.196775434014853,/n/home12/binxuwang/Github/AccentuationPredRMT/tables/ffhq_feature_interpolation_cases/ffhq_feature_path_power_t040_n1000_trials25_seed20260827.npz,0.014268308510158931,0.01974325767857391,0.003948651535714782,9.999999974752427e-07,9.999999974752427e-07,0.03162277489900589,0.042194546249253166,0.0028807781309268957,0.0005761556261853791,0.041780265564362706,0.040219589544880446,0.044216344484804083,0.957805453750747,0.0028807781309268953,0.000576155626185379,0.9582197344356373,0.955783655515196,0.9597804104551195,1.1766917612865928,0.00965121859474602,0.0019302437189492039,1.1738623206781387,1.1712869681974682,1.1832277452766016,0.9710216149251614,0.0010078567067978432,0.00020157134135956865,0.9708602967641612,0.9703222725268886,0.9717413968012676,-4574.0159361625165,338.95625570779845,67.79125114155968,-4505.595634992368,-4797.516244747836,-4340.075536982408,0.01459583725707218,0.0005113035534104143,0.00010226071068208287,0.014677567105994854,0.01423055596084356,0.014950624320339617
power_t040,power,0.4,10000,100,0.0,0.6,0.0,36911.408708252195,1.0,1000,10.0,0.014752954560412044,1e-06,9.999999999999999e-10,0.6998826028579458,100.0,193.0164007128781,0.39041433865423797,290.41433865423795,0.04284469541858087,0.9571553045814192,1.1729009089221414,6599.708870526395,0.9736520507882419,-5534.940101656859,0.01326191378449273,427.14870315910173,32208.67742773071,1298.6223308791643,32208.67742773071,,,,,,,,,,,,,,,,,,,,,,,,,,,,,,,,,,,,,,,,,,,,,
power_t040,power,0.4,10000,100,0.0,0.6,0.0,36911.408708252195,1.0,1000,14.260051964535403,0.029999997671085327,1e-06,9.999999999999999e-10,0.6998826028579458,203.34908203125002,193.0164007128781,0.5184827183865487,315.1336363552986,0.04649152217607133,0.9535084778239287,1.1669174273401925,6643.300007373703,0.9800830313996923,-9783.053187992673,0.010008570037249125,427.14870315910173,42678.294858243746,1298.6223308791643,42678.294858243746,,,,,,,,,,,,,,,,,,,,,,,,,,,,,,,,,,,,,,,,,,,,,
power_t040,power,0.4,10000,100,0.0,0.6,0.0,36911.408708252195,1.0,1000,20.0,0.059011818241648174,1e-06,9.999999999999999e-10,0.6998826028579458,400.0,193.0164007128781,0.7621691057461787,362.1691057461787,0.053430643602584385,0.9465693563974156,1.1556991343531393,6686.115443456469,0.986399573229825,-21184.52945033548,0.006823493416288463,427.14870315910173,62599.709137177255,1298.6223308791643,62599.709137177255,,,,,,,,,,,,,,,,,,,,,,,,,,,,,,,,,,,,,,,,,,,,,
power_t040,power,0.4,10000,100,0.0,0.6,0.0,36911.408708252195,1.0,1000,26.035173773906333,0.1,1e-06,9.999999999999999e-10,0.6998826028579458,677.8302734375002,193.0164007128781,1.1064515343890056,428.6212609515054,0.06323429986444072,0.9367657001355593,1.140212535395127,6714.640620162792,0.9906078795875862,-44707.26041617608,0.004707138783972681,427.14870315910173,90744.87130345483,1298.6223308791643,90744.87130345483,25,22.196775434014853,/n/home12/binxuwang/Github/AccentuationPredRMT/tables/ffhq_feature_interpolation_cases/ffhq_feature_path_power_t040_n1000_trials25_seed20260827.npz,0.8611635130737841,3.982396137908226,0.7964792275816452,9.999999974752427e-07,9.999999974752427e-07,0.05011872202157974,0.06479602707309075,0.0034942486613873747,0.000698849732277475,0.06487379001903973,0.06132683631151127,0.06810218742166037,0.9352039729269093,0.003494248661387379,0.0006988497322774758,0.9351262099809603,0.9318978125783396,0.9386731636884887,1.1453808889950223,0.014798095937967071,0.002959619187593414,1.1444718287598599,1.1342061105561705,1.15596870892915,0.9905047994153261,0.00070028362258227,0.000140056724516454,0.9905206232891479,0.9900028474948888,0.9907993007621113,-44528.21049844408,7734.104795456611,1546.8209590913223,-43882.188172859285,-46600.423076030274,-39423.37004867364,0.004758983646238716,0.0003517552096511273,7.035104193022545e-05,0.004750974233509771,0.004610980188091773,0.005011131974388008
power_t040,power,0.4,10000,100,0.0,0.6,0.0,36911.408708252195,1.0,1000,30.0,0.1327765910437084,19.95262314968883,0.01995262314968883,0.7244717493688385,900.0,184.21540047775503,1.3811207550045765,481.1207550045765,0.07097952636653652,0.9290204736334635,1.136325717785148,6724.432703738449,0.9920525012280204,-62574.274753375015,0.00398167625890512,422.47352340991625,106104.43841712229,1282.2783226295624,106104.43841712229,,,,,,,,,,,,,,,,,,,,,,,,,,,,,,,,,,,,,,,,,,,,,
power_t040,power,0.4,10000,100,0.0,0.6,0.0,36911.408708252195,1.0,1000,40.0,0.2360472729665927,141.25375446227554,0.14125375446227553,0.8693029338752845,1600.0,143.48390829709032,2.2156534375706123,615.6534375706121,0.09082707189440714,0.9091729281055929,1.1522155650500194,6733.710442708427,0.9934212418424948,-91510.04060304473,0.003294806955188632,397.3161269000765,120588.59056200141,1192.952711935116,120588.59056200141,,,,,,,,,,,,,,,,,,,,,,,,,,,,,,,,,,,,,,,,,,,,,
power_t040,power,0.4,10000,100,0.0,0.6,0.0,36911.408708252195,1.0,1000,45.09424376029051,0.2999999767108532,199.52623149688827,0.19952623149688828,0.9367624987633503,2033.4908203124996,129.29051399607047,2.7167708792733634,683.2800589608635,0.10080399661885281,0.8991960033811472,1.1576903909436607,6737.482715907539,0.9939777635934546,-109296.5394300317,0.0030156653219397356,386.8011426540866,128263.948867273,1154.9735058167666,128263.948867273,,,,,,,,,,,,,,,,,,,,,,,,,,,,,,,,,,,,,,,,,,,,,
power_t040,power,0.4,10000,100,0.0,0.6,0.0,36911.408708252195,1.0,1000,60.0,0.5311063641748336,398.1071705534969,0.3981071705534969,1.1601371148130464,3600.0,95.46937565969675,4.476603519140862,876.6035191408616,0.12932491885382422,0.8706750811461758,1.1804262941572026,6743.943483614835,0.9949309177175656,-154485.80838724633,0.0025377612573167195,356.27582854010603,140389.81307359514,1042.8467571791853,140389.81307359514,,,,,,,,,,,,,,,,,,,,,,,,,,,,,,,,,,,,,,,,,,,,,
power_t040,power,0.4,10000,100,0.0,0.6,0.0,36911.408708252195,1.0,1000,82.33044840382567,1.0,707.9457843841374,0.7079457843841374,1.4966304717620291,6778.302734375001,65.89539552148848,7.932343091296928,1154.0403569219268,0.17025504946550882,0.8297449505344912,1.2100354682940064,6749.874155889262,0.9958058671033387,-225962.40833112242,0.0020992699154195405,319.5573017945078,152223.06547971658,905.0737815933262,152223.06547971658,25,22.196775434014853,/n/home12/binxuwang/Github/AccentuationPredRMT/tables/ffhq_feature_interpolation_cases/ffhq_feature_path_power_t040_n1000_trials25_seed20260827.npz,265.584502593125,369.88178943395945,73.97635788679189,9.999999974752427e-07,9.999999974752427e-07,630.9573364257812,0.2426698832732505,0.05738428547231226,0.011476857094462452,0.27474833200213494,0.1818591594112316,0.2902090213785499,0.7573301167267493,0.057384285472312266,0.011476857094462454,0.7252516679978651,0.70979097862145,0.8181408405887685,1.0110140324516574,0.17830461294083222,0.035660922588166444,0.9030193174006313,0.8811674837629985,1.1568807524136535,0.9976824145778729,0.001626837268960467,0.00032536745379209344,0.9987764928615918,0.9959451226661031,0.9988689117428096,-2123573.3103761375,1681204.368230176,336240.8736460352,-2667161.5549881933,-3121257.828302511,-241800.01065625783,0.0011597837706355993,0.0008145939359980986,0.00016291878719961974,0.000611940804978451,0.0005657041391817914,0.0020294980982137104
power_t040,power,0.4,10000,100,0.0,0.6,0.0,36911.408708252195,1.0,1000,100.0,1.4752954560412044,891.2509381337477,0.8912509381337477,1.6916670599296642,10000.0,54.93724096094939,11.361785846577286,1361.7858465772858,0.20090364715566944,0.7990963528443306,1.2073870571268284,6754.512383963784,0.9964901427835813,-322990.3849216295,0.0017564712037542705,301.9597335297838,171912.71504159988,838.3295800169274,171912.71504159988,,,,,,,,,,,,,,,,,,,,,,,,,,,,,,,,,,,,,,,,,,,,,
power_t040,power,0.4,10000,100,0.0,0.6,0.0,36911.408708252195,1.0,1000,142.60051964535404,2.999999767108533,1412.5375446227554,1.4125375446227553,2.237170898728268,20334.908203125004,35.97829057534084,22.16226382024682,1827.3556171218188,0.269588943851119,0.730411056148881,1.2143065640776136,6760.015776616274,0.9973020558008842,-547310.1991229116,0.0013498831918737704,262.5160001386375,194473.1230961099,688.3931371990578,194473.1230961099,,,,,,,,,,,,,,,,,,,,,,,,,,,,,,,,,,,,,,,,,,,,,
power_t040,power,0.4,10000,100,0.0,0.6,0.0,36911.408708252195,1.0,1000,180.0,4.779957277573502,1995.262314968883,1.9952623149688828,2.837848433772059,32400.0,24.876182314683263,34.59630313590151,2196.303135901503,0.3240196036484535,0.6759803963515465,1.2428694523149242,6761.924469075028,0.9975836443320223,-682592.9140864701,0.0012089085639468474,230.28262645499663,190488.0429527022,567.2009351054269,190488.0429527022,,,,,,,,,,,,,,,,,,,,,,,,,,,,,,,,,,,,,,,,,,,,,
power_t040,power,0.4,10000,100,0.0,0.6,0.0,36911.408708252195,1.0,1000,260.3517377390633,10.0,3162.2776601683795,3.1622776601683795,4.027210685075529,67783.02734375,14.244797450340416,70.66598983379427,2882.9624900442554,0.42532214614995256,0.5746778538500474,1.2411907945951306,6765.386472548449,0.9980943921313359,-1098373.4916940713,0.0009532582850109787,186.17049638726917,195299.11180905713,407.3325168357042,195299.11180905713,25,22.196775434014853,/n/home12/binxuwang/Github/AccentuationPredRMT/tables/ffhq_feature_interpolation_cases/ffhq_feature_path_power_t040_n1000_trials25_seed20260827.npz,1112.9864459125,1522.2928398851168,304.45856797702334,9.999999974752427e-07,9.999999974752427e-07,2238.72119140625,1.6405382734065141,1.0222930628571278,0.20445861257142556,2.324123553077671,0.41606901239749017,2.4866810863501705,-0.6405382734065143,1.0222930628571278,0.20445861257142556,-1.324123553077671,-1.4866810863501705,0.5839309876025098,0.6247822372170696,0.474645830275261,0.09492916605505221,0.28318896578736774,0.26219694559577567,1.0186245683326338,0.9991420990060004,0.000958809698153716,0.0001917619396307432,0.9998043732130797,0.9983001054101166,0.9998434160654858,-47624613692.75272,234202733053.12842,46840546610.62569,-104490279.8909703,-163103609.8665043,-1380725.8233090355,0.00042915303099390914,0.0004796870336873484,9.593740673746967e-05,9.781817765805776e-05,7.829503231311457e-05,0.0008503088074756979
power_t060,power,0.6,10000,100,0.0,0.4,0.0,1108.5971219668947,1.0,1000,0.0,0.0,1e-06,9.999999999999999e-10,0.23472171207757214,0.0,291.3387551672358,0.028576482723621004,28.576482723620998,0.004215875511179803,0.9957841244888201,1.0373688895009383,2665.9224230037926,0.39330232368158524,-1.8289855683493705,0.3728617985789852,542.6861139913073,1455.4618254257744,1035.33264305778,1455.4618254257744,,,,,,,,,,,,,,,,,,,,,,,,,,,,,,,,,,,,,,,,,,,,,
power_t060,power,0.6,10000,100,0.0,0.4,0.0,1108.5971219668947,1.0,1000,0.01,1.4752954560412044e-08,1e-06,9.999999999999999e-10,0.23472171207757214,0.0001,291.3387551672358,0.028576623834766463,28.576523834766455,0.004215881576288412,0.9957841184237116,1.0373688827103236,2665.9331338313445,0.39330390384510705,-1.829016051549861,0.37286053875943426,542.6861139913073,1455.4667431337987,1035.33264305778,1455.4667431337987,,,,,,,,,,,,,,,,,,,,,,,,,,,,,,,,,,,,,,,,,,,,,
power_t060,power,0.6,10000,100,0.0,0.4,0.0,1108.5971219668947,1.0,1000,0.03,1.3277659104370838e-07,1e-06,9.999999999999999e-10,0.23472171207757214,0.0009,291.3387551672358,0.02857775272393013,28.576852723930116,0.004215930097157281,0.9957840699028427,1.0373688283854057,2666.018818620725,0.39331654488314954,-1.8292599230661342,0.37285046050949733,542.6861139913073,1455.5060847979933,1035.33264305778,1455.5060847979933,,,,,,,,,,,,,,,,,,,,,,,,,,,,,,,,,,,,,,,,,,,,,
power_t060,power,0.6,10000,100,0.0,0.4,0.0,1108.5971219668947,1.0,1000,0.1,1.4752954560412047e-06,1e-06,9.999999999999999e-10,0.23472171207757214,0.010000000000000002,291.3387551672358,0.0285905938381668,28.5805938381668,0.004216482022040672,0.9957835179779593,1.0373682104398667,2666.993254036141,0.3934603028972064,-1.832034701347247,0.37273585875071225,542.6861139913073,1455.9535962282037,1035.33264305778,1455.9535962282037,,,,,,,,,,,,,,,,,,,,,,,,,,,,,,,,,,,,,,,,,,,,,
power_t060,power,0.6,10000,100,0.0,0.4,0.0,1108.5971219668947,1.0,1000,0.3,1.3277659104370838e-05,1e-06,9.999999999999999e-10,0.23472171207757214,0.09,291.3387551672358,0.02870348275453315,28.613482754533138,0.00422133410892761,0.9957786658910723,1.0373627779832966,2675.5416272399157,0.39472144051161373,-1.856486888887809,0.3717313946156359,542.6861139913073,1459.8877626476387,1035.33264305778,1459.8877626476387,,,,,,,,,,,,,,,,,,,,,,,,,,,,,,,,,,,,,,,,,,,,,
power_t060,power,0.6,10000,100,0.0,0.4,0.0,1108.5971219668947,1.0,1000,0.5,3.6882386401030106e-05,1e-06,9.999999999999999e-10,0.23472171207757214,0.25,291.3387551672358,0.028929260587265852,28.679260587265848,0.004231038282701491,0.9957689617172986,1.0373519132408462,2692.541381112343,0.39722940647579486,-1.905706589609165,0.3697386205106688,542.6861139913073,1467.756095486509,1035.33264305778,1467.756095486509,,,,,,,,,,,,,,,,,,,,,,,,,,,,,,,,,,,,,,,,,,,,,
power_t060,power,0.6,10000,100,0.0,0.4,0.0,1108.5971219668947,1.0,1000,0.7,7.228947734601901e-05,1e-06,9.999999999999999e-10,0.23472171207757214,0.48999999999999994,291.3387551672358,0.0292679273363649,28.777927336364897,0.004245594543362309,0.9957544054566377,1.0373356165538796,2717.80079725586,0.40095591666167324,-1.9803244547917758,0.3667892004540089,542.6861139913073,1479.5585947448137,1035.33264305778,1479.5585947448137,,,,,,,,,,,,,,,,,,,,,,,,,,,,,,,,,,,,,,,,,,,,,
power_t060,power,0.6,10000,100,0.0,0.4,0.0,1108.5971219668947,1.0,1000,1.0,0.00014752954560412043,1e-06,9.999999999999999e-10,0.23472171207757214,1.0,291.3387551672358,0.02998759417820039,28.98759417820038,0.004276526597266549,0.9957234734027335,1.037300987794147,2770.5369040374458,0.408736050532091,-2.1420283572993184,0.36067531681305237,542.6861139913073,1504.6389056687124,1035.33264305778,1504.6389056687124,,,,,,,,,,,,,,,,,,,,,,,,,,,,,,,,,,,,,,,,,,,,,
power_t060,power,0.6,10000,100,0.0,0.4,0.0,1108.5971219668947,1.0,1000,1.5,0.00033194147760927097,1e-06,9.999999999999999e-10,0.23472171207757214,2.25,291.3387551672358,0.03175148349642462,29.50148349642461,0.00435234045487498,0.995647659545125,1.0372161231599422,2894.5939028975304,0.42703812320293016,-2.556426983152142,0.34651845993713776,542.6861139913073,1566.1102559723845,1035.33264305778,1566.1102559723845,,,,,,,,,,,,,,,,,,,,,,,,,,,,,,,,,,,,,,,,,,,,,
power_t060,power,0.6,10000,100,0.0,0.4,0.0,1108.5971219668947,1.0,1000,2.0,0.0005901181824164817,1e-06,9.999999999999999e-10,0.23472171207757214,4.0,291.3387551672358,0.03422092854193855,30.220928541938534,0.004458479855526786,0.9955415201444732,1.0370973359979456,3056.7052777599597,0.4509543406736436,-3.17969598672149,0.3284686599468022,542.6861139913073,1652.1701463975257,1035.33264305778,1652.1701463975257,,,,,,,,,,,,,,,,,,,,,,,,,,,,,,,,,,,,,,,,,,,,,
power_t060,power,0.6,10000,100,0.0,0.4,0.0,1108.5971219668947,1.0,1000,3.0,0.0013277659104370839,1e-06,9.999999999999999e-10,0.23472171207757214,9.0,291.3387551672358,0.04127648581483548,32.27648581483547,0.004761735285960515,0.9952382647140395,1.0367580939801997,3456.356520875905,0.5099147069706609,-5.237606244332888,0.28591687670785776,542.6861139913073,1898.0555476122154,1035.33264305778,1898.0555476122154,,,,,,,,,,,,,,,,,,,,,,,,,,,,,,,,,,,,,,,,,,,,,
power_t060,power,0.6,10000,100,0.0,0.4,0.0,1108.5971219668947,1.0,1000,5.0,0.003688238640103011,1e-06,9.999999999999999e-10,0.23472171207757214,25.0,291.3387551672358,0.06385426908810564,38.85426908810564,0.005732152663348447,0.9942678473366515,1.0356740093806966,4315.08654349651,0.6366027570044948,-14.582018420714636,0.2021261020659375,542.6861139913073,2684.888831499221,1035.33264305778,2684.888831499221,,,,,,,,,,,,,,,,,,,,,,,,,,,,,,,,,,,,,,,,,,,,,
power_t060,power,0.6,10000,100,0.0,0.4,0.0,1108.5971219668947,1.0,1000,8.233044840382567,0.01,6.309573444801943,0.006309573444801943,0.24355735936899195,67.78302734375,280.5796474259731,0.1241383594393256,56.3553320955756,0.008314076536429573,0.9916859234635704,1.0343464541570315,5251.087250546184,0.7746905160006686,-52.9462479704414,0.11983494956873651,539.5911030447891,4502.785748120028,1030.0066540596063,4502.785748120028,25,20.892967062012758,/n/home12/binxuwang/Github/AccentuationPredRMT/tables/ffhq_feature_interpolation_cases/ffhq_feature_path_power_t060_n1000_trials25_seed20260827.npz,3.9566038899639806,7.822014733860119,1.5644029467720237,9.999999974752427e-07,9.999999974752427e-07,3.1622776985168457,0.008348458119158743,0.000492227736517832,9.84455473035664e-05,0.008395758406533513,0.007900809792518103,0.008784158029341627,0.9916515418808415,0.0004922277365178328,9.844554730356655e-05,0.9916042415934665,0.9912158419706584,0.9920991902074819,1.0345026992582695,0.005149202429200578,0.0010298404858401157,1.0333879571204563,1.0320656082573276,1.0382902166194778,0.7796305379894699,0.013687335175068094,0.0027374670350136187,0.7814487928415714,0.7752507557204188,0.7900622405822629,-56.67322750607833,7.8718637251475245,1.5743727450295049,-57.07029374248045,-62.95539412132286,-53.27310360981971,0.11706611814226055,0.00779277557348341,0.001558555114696682,0.11600407645647406,0.11114554589501947,0.11951674875644638
power_t060,power,0.6,10000,100,0.0,0.4,0.0,1108.5971219668947,1.0,1000,10.0,0.014752954560412044,28.183829312644548,0.028183829312644546,0.27329229260824994,100.0,249.29212989754413,0.167832637917829,67.83263791782902,0.010007318249146146,0.9899926817508539,1.037644553937058,5387.8923791704,0.7948733144629124,-66.59153518835387,0.10844331954557565,529.637535487739,4884.003345776845,1012.7058695330259,4884.003345776845,,,,,,,,,,,,,,,,,,,,,,,,,,,,,,,,,,,,,,,,,,,,,
power_t060,power,0.6,10000,100,0.0,0.4,0.0,1108.5971219668947,1.0,1000,14.260051964535403,0.029999997671085327,89.12509381337459,0.08912509381337459,0.3512421670974349,203.34908203125002,191.78704778759595,0.29972243473918303,96.37335270793301,0.014217916933346987,0.985782083066653,1.04639354765015,5572.095907230872,0.8220487772563498,-93.37267631259175,0.09333094391815168,506.37964296628957,5425.6350756547445,971.2950003148475,5425.6350756547445,,,,,,,,,,,,,,,,,,,,,,,,,,,,,,,,,,,,,,,,,,,,,
power_t060,power,0.6,10000,100,0.0,0.4,0.0,1108.5971219668947,1.0,1000,20.0,0.059011818241648174,158.48931924611173,0.15848931924611173,0.4349000885609414,400.0,152.68477793498724,0.5361822238047571,136.18222380475711,0.02009090159727445,0.9799090984027256,1.05395078628097,5794.070755155908,0.854796625706274,-149.16500548302935,0.07544787831822379,484.9525984951605,6427.650575536785,931.9705060991254,6427.650575536785,,,,,,,,,,,,,,,,,,,,,,,,,,,,,,,,,,,,,,,,,,,,,
power_t060,power,0.6,10000,100,0.0,0.4,0.0,1108.5971219668947,1.0,1000,26.035173773906333,0.1,251.18864315095823,0.25118864315095824,0.5420961658712011,677.8302734375002,120.17928508048763,0.8567726463444796,178.94237290697947,0.026399286964289753,0.9736007130357103,1.064718904274758,5884.099922647732,0.8680785878774601,-185.12774941261216,0.06829264901608727,461.42278847945573,6756.55132913004,887.521639037419,6756.55132913004,25,20.892967062012758,/n/home12/binxuwang/Github/AccentuationPredRMT/tables/ffhq_feature_interpolation_cases/ffhq_feature_path_power_t060_n1000_trials25_seed20260827.npz,114.10863093109374,134.13203765661638,26.826407531323277,9.999999974752427e-07,9.999999974752427e-07,223.8721160888672,0.03749511737624961,0.009769504057570197,0.0019539008115140393,0.04341115858803325,0.02684125125048277,0.04520967917646005,0.9625048826237504,0.009769504057570181,0.0019539008115140363,0.9565888414119668,0.95479032082354,0.9731587487495172,1.0287453459864553,0.0368069632438924,0.007361392648778479,1.014700560194417,0.9940272257086868,1.059672194553512,0.9231110245011827,0.05281092681080772,0.010562185362161544,0.9662535244799553,0.8692926171564821,0.9682624891201886,-2232.211916389093,1888.0112230576551,377.60224461153103,-3335.3512890875727,-3782.8347477239226,-188.9945818476445,0.0395945673512783,0.02762150128682264,0.005524300257364528,0.017018044682428946,0.015996702688355492,0.06764136880893191
power_t060,power,0.6,10000,100,0.0,0.4,0.0,1108.5971219668947,1.0,1000,30.0,0.1327765910437084,316.2277660168379,0.3162277660168379,0.6153399311725875,900.0,104.52713948209013,1.1075383916168569,207.53839161685687,0.030618044610644893,0.9693819553893551,1.072001333994943,5923.14850643326,0.8738394076998235,-204.5197448206577,0.06520622183295237,447.29754336172704,6859.737165996672,860.2060955199178,6859.737165996672,,,,,,,,,,,,,,,,,,,,,,,,,,,,,,,,,,,,,,,,,,,,,
power_t060,power,0.6,10000,100,0.0,0.4,0.0,1108.5971219668947,1.0,1000,40.0,0.2360472729665927,446.6835921509635,0.4466835921509635,0.7591470480478597,1600.0,82.71492465273619,1.8801654585856786,280.16545858567855,0.04133268279911518,0.9586673172008848,1.0826942527810404,6058.78480780578,0.8938497696087349,-299.2317889636635,0.05456371467521162,423.06994342649256,7753.686601889183,812.2484811325969,7753.686601889183,,,,,,,,,,,,,,,,,,,,,,,,,,,,,,,,,,,,,,,,,,,,,
power_t060,power,0.6,10000,100,0.0,0.4,0.0,1108.5971219668947,1.0,1000,45.09424376029051,0.2999999767108532,501.1872336272735,0.5011872336272735,0.8183436608948284,2033.4908203124996,76.01311512700296,2.3509747493834854,317.48392907098594,0.04683825979245336,0.9531617402075466,1.085413720215881,6124.105942826817,0.9034865669767339,-368.0171824297698,0.049480896048515036,414.1929722319418,8370.765392482663,794.3263579109855,8370.765392482663,,,,,,,,,,,,,,,,,,,,,,,,,,,,,,,,,,,,,,,,,,,,,
power_t060,power,0.6,10000,100,0.0,0.4,0.0,1108.5971219668947,1.0,1000,60.0,0.5311063641748336,707.9457843841374,0.7079457843841374,1.0397617688516911,3600.0,57.8978318976114,4.027179139649903,427.1791396499027,0.06302154436410926,0.9369784556358908,1.1003286269466233,6211.728431164237,0.9164134728658557,-501.49462342292185,0.04270512752555916,385.285562065877,9021.997694194504,734.662423458523,9021.997694194504,,,,,,,,,,,,,,,,,,,,,,,,,,,,,,,,,,,,,,,,,,,,,
power_t060,power,0.6,10000,100,0.0,0.4,0.0,1108.5971219668947,1.0,1000,82.33044840382567,1.0,1000.0,1.0,1.3471039535638503,6778.302734375001,42.93609598915534,7.369859518920786,591.5567845457856,0.08727210362307432,0.9127278963769256,1.1156937976853873,6306.6097712518,0.930411273855284,-740.542199911699,0.035421711909663575,353.31790770483656,9974.614118196983,666.3944602772084,9974.614118196983,25,20.892967062012758,/n/home12/binxuwang/Github/AccentuationPredRMT/tables/ffhq_feature_interpolation_cases/ffhq_feature_path_power_t060_n1000_trials25_seed20260827.npz,424.573936146875,542.7541580675645,108.5508316135129,9.999999974752427e-07,9.999999974752427e-07,1000.0,0.28458093795787415,0.1622877067880622,0.03245754135761244,0.3958489283942793,0.09773672116371138,0.4195236745963718,0.7154190620421259,0.16228770678806217,0.03245754135761243,0.6041510716057207,0.5804763254036283,0.9022632788362887,0.8921436599222933,0.2168948004089711,0.04337896008179422,0.7378465923643837,0.7193676548905473,1.1226642805080833,0.9683509787839353,0.036628596583872554,0.007325719316774511,0.9964414426202194,0.9314235515204334,0.9969447567194629,-259331.82713657193,236339.62845852107,47267.925691704215,-314187.33954124013,-426554.24907625857,-763.8351100691693,0.01612261970431626,0.018716061686134863,0.0037432123372269726,0.0017808644289474126,0.0015287902400675363,0.03489712904766807
power_t060,power,0.6,10000,100,0.0,0.4,0.0,1108.5971219668947,1.0,1000,100.0,1.4752954560412044,1258.9254117941662,1.2589254117941662,1.616411269513784,10000.0,34.692557237973716,10.720772165136944,720.7721651369434,0.10633519000675132,0.8936648099932487,1.1299069846354115,6344.978679291771,0.9360718214237472,-885.6608745466209,0.032491952786051895,330.6214612507653,10175.487556189422,616.5259007362706,10175.487556189422,,,,,,,,,,,,,,,,,,,,,,,,,,,,,,,,,,,,,,,,,,,,,
power_t060,power,0.6,10000,100,0.0,0.4,0.0,1108.5971219668947,1.0,1000,142.60051964535404,2.999999767108533,1778.2794100389228,1.7782794100389228,2.1513865455810866,20334.908203125004,24.715225512969685,21.361687822603486,1026.779619478481,0.151480330697232,0.848519669302768,1.1391450984032971,6437.07491159206,0.9496587367268603,-1459.950631425475,0.025495645609081814,295.1162509518703,11575.162891609492,536.4106825789839,11575.162891609492,,,,,,,,,,,,,,,,,,,,,,,,,,,,,,,,,,,,,,,,,,,,,
power_t060,power,0.6,10000,100,0.0,0.4,0.0,1108.5971219668947,1.0,1000,180.0,4.779957277573502,2238.7211385683377,2.2387211385683377,2.6221432475043764,32400.0,19.47701738415083,33.68791498706524,1287.9149870652423,0.19000551281847183,0.8099944871815281,1.1410003845976133,6484.818303800298,0.956702297684941,-1995.8649545898666,0.021888402233701677,270.88844544944345,12375.889411989845,480.5223545413735,12375.889411989845,,,,,,,,,,,,,,,,,,,,,,,,,,,,,,,,,,,,,,,,,,,,,
power_t060,power,0.6,10000,100,0.0,0.4,0.0,1108.5971219668947,1.0,1000,260.3517377390633,10.0,3548.1338923357603,3.5481338923357604,3.9515745513343976,67783.02734375,11.76822010132366,69.60036054837104,1817.3332046210362,0.2681103418890215,0.7318896581109785,1.1710184446531127,6516.743976514922,0.9614122776736354,-2531.60949520887,0.01948366781902336,222.4823764166393,11418.916524506394,367.2608674215113,11418.916524506394,25,20.892967062012758,/n/home12/binxuwang/Github/AccentuationPredRMT/tables/ffhq_feature_interpolation_cases/ffhq_feature_path_power_t060_n1000_trials25_seed20260827.npz,1362.4835503646877,1660.457426765286,332.09148535305724,9.999999974752427e-07,9.999999974752427e-07,3162.277587890625,2.3965673263024088,1.95556535817712,0.39111307163542397,3.7171452104448184,0.24892698768995594,4.125171305332046,-1.3965673263024088,1.95556535817712,0.39111307163542397,-2.7171452104448184,-3.125171305332046,0.7510730123100441,0.5673660103002723,0.43859861604838724,0.08771972320967744,0.20803148252250056,0.19378462533579896,1.017070045033382,0.983976735758995,0.019000102292409032,0.0038000204584818066,0.9994540452214483,0.9647367314767947,0.9996457174731335,-48866576.66760025,97029456.39353354,19405891.278706707,-13408829.515706126,-31851484.529228818,-3047.33762464654,0.00808858681352554,0.009600572324853278,0.0019201144649706556,0.0002730146577775384,0.0001771569557267848,0.01778987407133971
power_t080,power,0.8,10000,100,0.0,0.19999999999999996,0.0,33.29560214152753,1.0,1000,0.0,0.0,1e-06,9.999999999999999e-10,0.08441621111368632,0.0,386.32019376999796,0.005519883731432408,5.51988373143241,0.0008143459386858002,0.9991856540613142,1.0091678834910944,69.52473040524623,0.010256951884934952,0.98730109630664,0.8987233892503558,596.7581906113904,664.0065205259197,747.5640527300525,664.0065205259197,,,,,,,,,,,,,,,,,,,,,,,,,,,,,,,,,,,,,,,,,,,,,
power_t080,power,0.8,10000,100,0.0,0.19999999999999996,0.0,33.29560214152753,1.0,1000,0.01,1.4752954560412044e-08,1e-06,9.999999999999999e-10,0.08441621111368632,0.0001,386.32019376999796,0.00552004668285917,5.519946682859172,0.0008143552258811855,0.9991856447741189,1.0091678739391274,69.53110686903744,0.01025789260174063,0.9872998003689043,0.8987187450623728,596.7581906113904,664.0099518231082,747.5640527300525,664.0099518231082,,,,,,,,,,,,,,,,,,,,,,,,,,,,,,,,,,,,,,,,,,,,,
power_t080,power,0.8,10000,100,0.0,0.19999999999999996,0.0,33.29560214152753,1.0,1000,0.03,1.3277659104370838e-07,1e-06,9.999999999999999e-10,0.08441621111368632,0.0009,386.32019376999796,0.005521350294273263,5.520450294273265,0.0008144295234442677,0.9991855704765558,1.009167797523399,69.58212673233281,0.01026541953898938,0.987289430486605,0.8986815932863659,596.7581906113904,664.0374022006176,747.5640527300525,664.0374022006176,,,,,,,,,,,,,,,,,,,,,,,,,,,,,,,,,,,,,,,,,,,,,
power_t080,power,0.8,10000,100,0.0,0.19999999999999996,0.0,33.29560214152753,1.0,1000,0.1,1.4752954560412047e-06,1e-06,9.999999999999999e-10,0.08441621111368632,0.010000000000000002,386.32019376999796,0.005536178874108575,5.526178874108576,0.000815274658224328,0.9991847253417757,1.0091669282953037,70.1634966101266,0.010351188772888221,0.9871711752262226,0.8982592079208727,596.7581906113904,664.3496502447862,747.5640527300525,664.3496502447862,,,,,,,,,,,,,,,,,,,,,,,,,,,,,,,,,,,,,,,,,,,,,
power_t080,power,0.8,10000,100,0.0,0.19999999999999996,0.0,33.29560214152753,1.0,1000,0.3,1.3277659104370838e-05,1e-06,9.999999999999999e-10,0.08441621111368632,0.09,386.32019376999796,0.005666540015517905,5.5765400155179075,0.0008227044145325516,0.9991772955854674,1.009159286794076,75.35420727645858,0.01111697195885464,0.9861080024487746,0.8945629478842725,596.7581906113904,667.0946879957202,747.5640527300525,667.0946879957202,,,,,,,,,,,,,,,,,,,,,,,,,,,,,,,,,,,,,,,,,,,,,
power_t080,power,0.8,10000,100,0.0,0.19999999999999996,0.0,33.29560214152753,1.0,1000,0.5,3.6882386401030106e-05,1e-06,9.999999999999999e-10,0.08441621111368632,0.25,386.32019376999796,0.005927262298336567,5.677262298336568,0.0008375639271489982,0.999162436072851,1.009144004138787,86.1528802375419,0.012710095273930763,0.9838547015119696,0.8872609416664714,596.7581906113904,672.5847634975875,747.5640527300525,672.5847634975875,,,,,,,,,,,,,,,,,,,,,,,,,,,,,,,,,,,,,,,,,,,,,
power_t080,power,0.8,10000,100,0.0,0.19999999999999996,0.0,33.29560214152753,1.0,1000,0.7,7.228947734601901e-05,1e-06,9.999999999999999e-10,0.08441621111368632,0.48999999999999994,386.32019376999796,0.006318345722564559,5.828345722564559,0.0008598531960736683,0.9991401468039264,1.0091210810237323,103.33625920800142,0.015245151365386057,0.9801573616519885,0.8765287427561133,596.7581906113904,680.819876750389,747.5640527300525,680.819876750389,,,,,,,,,,,,,,,,,,,,,,,,,,,,,,,,,,,,,,,,,,,,,
power_t080,power,0.8,10000,100,0.0,0.19999999999999996,0.0,33.29560214152753,1.0,1000,1.0,0.00014752954560412043,1e-06,9.999999999999999e-10,0.08441621111368632,1.0,386.32019376999796,0.007149397999049042,6.149397999049045,0.000907217892538593,0.9990927821074614,1.009072372861901,143.37359781486222,0.021151841737254536,0.9710359198250417,0.8545632723922374,596.7581906113904,698.3194924125916,747.5640527300525,698.3194924125916,,,,,,,,,,,,,,,,,,,,,,,,,,,,,,,,,,,,,,,,,,,,,
power_t080,power,0.8,10000,100,0.0,0.19999999999999996,0.0,33.29560214152753,1.0,1000,1.5,0.00033194147760927097,1e-06,9.999999999999999e-10,0.08441621111368632,2.25,386.32019376999796,0.009186290833569836,6.936290833569838,0.001023307834854584,0.9989766921651454,1.0089530099957376,257.44700960034197,0.03798104034347808,0.9414059593371075,0.8051127496641248,596.7581906113904,741.2107072709316,747.5640527300525,741.2107072709316,,,,,,,,,,,,,,,,,,,,,,,,,,,,,,,,,,,,,,,,,,,,,
power_t080,power,0.8,10000,100,0.0,0.19999999999999996,0.0,33.29560214152753,1.0,1000,2.0,0.0005901181824164817,1e-06,9.999999999999999e-10,0.08441621111368632,4.0,386.32019376999796,0.012037940801898947,8.037940801898948,0.0011858337540969711,0.998814166245903,1.0087859494164282,441.5331786450912,0.06513918921465324,0.8825668335335847,0.744776197789757,596.7581906113904,801.2584080726078,747.5640527300525,801.2584080726078,,,,,,,,,,,,,,,,,,,,,,,,,,,,,,,,,,,,,,,,,,,,,
power_t080,power,0.8,10000,100,0.0,0.19999999999999996,0.0,33.29560214152753,1.0,1000,3.0,0.0013277659104370839,2.5118864315095824,0.0025118864315095825,0.08846224917346969,9.0,372.21628815128906,0.020158163892343893,11.158163892343897,0.0016461588488137988,0.9983538411511862,1.0087744901046196,907.5169711222991,0.13388556637770047,0.6670159638209974,0.6340962334469615,594.4378089739481,937.4567733080052,744.4688406319492,937.4567733080052,,,,,,,,,,,,,,,,,,,,,,,,,,,,,,,,,,,,,,,,,,,,,
power_t080,power,0.8,10000,100,0.0,0.19999999999999996,0.0,33.29560214152753,1.0,1000,5.0,0.003688238640103011,28.183829312644548,0.028183829312644546,0.12627092945426582,25.0,279.3024051814338,0.04364317227438925,18.643172274389247,0.002750418734259982,0.99724958126574,1.0118902380083536,1183.5853831258673,0.174613813756238,0.4847287441789998,0.5821318225130825,574.9631862373419,987.6855447537754,718.2704370298486,987.6855447537754,,,,,,,,,,,,,,,,,,,,,,,,,,,,,,,,,,,,,,,,,,,,,
power_t080,power,0.8,10000,100,0.0,0.19999999999999996,0.0,33.29560214152753,1.0,1000,8.233044840382567,0.01,70.79457843841388,0.07079457843841389,0.18224902282141806,67.78302734375,206.14976110310994,0.09971424812640767,31.931220782657647,0.00471079849265033,0.9952892015073497,1.0159845831864196,1568.104308712998,0.231341716124292,0.14121254998803812,0.5190200460265605,551.3063768180766,1062.206327171155,686.1673189879727,1062.206327171155,25,19.19270680201589,/n/home12/binxuwang/Github/AccentuationPredRMT/tables/ffhq_feature_interpolation_cases/ffhq_feature_path_power_t080_n1000_trials25_seed20260827.npz,70.02788833618165,10.689396354966572,2.1378792709933143,70.7945785522461,63.095733642578125,79.43282318115234,0.004719353927180145,0.00028363457923402273,5.672691584680455e-05,0.004685988063816516,0.004493334210594888,0.004984737588509021,0.9952806460728199,0.0002836345792340249,5.672691584680498e-05,0.9953140119361835,0.995015262411491,0.9955066657894052,1.0164484250051893,0.004386981627264081,0.0008773963254528162,1.0164191266974762,1.013787200060934,1.0180937118282551,0.23602004039550664,0.030272945645969985,0.006054589129193997,0.23475231805312374,0.215477994065319,0.24735858990551193,0.08691657226296849,0.24119214026254437,0.04823842805250887,0.11656716950961765,0.02096471195934646,0.24943010838722401,0.5151170976227433,0.03076475556735599,0.006152951113471198,0.5154875460288727,0.5026484242454721,0.5358039271328128
power_t080,power,0.8,10000,100,0.0,0.19999999999999996,0.0,33.29560214152753,1.0,1000,10.0,0.014752954560412044,100.0,0.1,0.21834201766502873,100.0,177.06855852008343,0.13964190377327226,39.641903773272254,0.005848352050553123,0.9941516479494469,1.018661190098802,1643.0638011099647,0.242400455976332,0.05943105566783269,0.5076581919272628,538.288049033306,1060.3355911381252,668.4611326857568,1060.3355911381252,,,,,,,,,,,,,,,,,,,,,,,,,,,,,,,,,,,,,,,,,,,,,
power_t080,power,0.8,10000,100,0.0,0.19999999999999996,0.0,33.29560214152753,1.0,1000,14.260051964535403,0.029999997671085327,158.48931924611173,0.15848931924611173,0.28772312657750343,203.34908203125002,139.96605829835408,0.26238943625703354,59.04035422578354,0.008710196631236157,0.9912898033687638,1.0229040730035461,1997.5517893321214,0.2946979078008656,-0.41019843727217653,0.45713914508332293,516.6929999510326,1130.2751153740176,639.0973651176906,1130.2751153740176,,,,,,,,,,,,,,,,,,,,,,,,,,,,,,,,,,,,,,,,,,,,,
power_t080,power,0.8,10000,100,0.0,0.19999999999999996,0.0,33.29560214152753,1.0,1000,20.0,0.059011818241648174,251.18864315095823,0.25118864315095824,0.3932827860035654,400.0,106.82355881261643,0.48662583838105095,86.62583838105098,0.012779870573932426,0.9872201294260676,1.0292712238691553,2223.302906602369,0.3280028675513677,-0.7965654765531838,0.42728465399348015,489.8727640526491,1146.478722028065,602.6807077512195,1146.478722028065,,,,,,,,,,,,,,,,,,,,,,,,,,,,,,,,,,,,,,,,,,,,,
power_t080,power,0.8,10000,100,0.0,0.19999999999999996,0.0,33.29560214152753,1.0,1000,26.035173773906333,0.1,316.2277660168379,0.3162277660168379,0.46547881367753025,677.8302734375002,92.19148432815048,0.7946953201001632,116.86504666266296,0.017241047231146996,0.9827589527688531,1.0315242531186712,2698.9274499648,0.3981715403117944,-1.9244024757488698,0.3689916479857066,474.4641642769004,1285.8398472349147,581.7800111928649,1285.8398472349147,25,19.19270680201589,/n/home12/binxuwang/Github/AccentuationPredRMT/tables/ffhq_feature_interpolation_cases/ffhq_feature_path_power_t080_n1000_trials25_seed20260827.npz,334.60833557128905,51.547031366026474,10.309406273205294,316.2277526855469,316.2277526855469,354.8133850097656,0.017670336242214674,0.0019451531205134898,0.00038903062410269797,0.01749528402616278,0.016104657778942107,0.019180720615586733,0.9823296637577853,0.0019451531205134916,0.0003890306241026983,0.9825047159738373,0.9808192793844133,0.9838953422210579,1.0372592845054536,0.012693093192509105,0.002538618638501821,1.0356614706420406,1.0296342691504559,1.0479504538296311,0.37793631966825,0.06032183167410744,0.012064366334821488,0.38423550041617593,0.3604084006263716,0.40331181782400166,-1.736044823809702,1.0796540025522818,0.21593080051045638,-1.6590535523465597,-2.028432530593891,-1.2563894115881045,0.3872662662449089,0.05096660657965103,0.010193321315930207,0.380132675150419,0.3649316431879151,0.3996597626125901
power_t080,power,0.8,10000,100,0.0,0.19999999999999996,0.0,33.29560214152753,1.0,1000,30.0,0.1327765910437084,398.1071705534969,0.3981071705534969,0.554986306190823,900.0,78.96677880573796,1.0370285024222015,137.02850242220148,0.0202157526971605,0.9797842473028395,1.036933755297912,2657.6180700154378,0.39207718625867705,-1.8054439505789883,0.37383932871931574,457.75962784669287,1224.4822646532884,559.1229587492076,1224.4822646532884,,,,,,,,,,,,,,,,,,,,,,,,,,,,,,,,,,,,,,,,,,,,,
power_t080,power,0.8,10000,100,0.0,0.19999999999999996,0.0,33.29560214152753,1.0,1000,40.0,0.2360472729665927,562.341325190349,0.5623413251903491,0.7315152502507739,1600.0,61.78766817798124,1.789456708977396,189.456708977396,0.027950462187087317,0.9720495378129127,1.0448684277098368,2883.219996749721,0.4253601359971999,-2.5163218931048643,0.3478036062678667,430.4274267460422,1237.5588377727786,522.0029538544433,1237.5588377727786,,,,,,,,,,,,,,,,,,,,,,,,,,,,,,,,,,,,,,,,,,,,,
power_t080,power,0.8,10000,100,0.0,0.19999999999999996,0.0,33.29560214152753,1.0,1000,45.09424376029051,0.2999999767108532,630.9573444801943,0.6309573444801942,0.8044486120525669,2033.4908203124996,56.751909725599354,2.2501821259254,216.6913056129,0.03196836985343473,0.9680316301465652,1.046952553489398,3056.0058996023636,0.45085116173184797,-3.176785558409966,0.32854548796523236,420.7605295330194,1280.6766336646374,508.84467456310534,1280.6766336646374,,,,,,,,,,,,,,,,,,,,,,,,,,,,,,,,,,,,,,,,,,,,,
power_t080,power,0.8,10000,100,0.0,0.19999999999999996,0.0,33.29560214152753,1.0,1000,60.0,0.5311063641748336,891.2509381337477,0.8912509381337477,1.0783182856811253,3600.0,43.586901664036844,3.8977987377916903,297.7987377916901,0.04393411246788865,0.9560658875321113,1.0574518921709315,3240.7993539066,0.4781136560759678,-4.022287036789175,0.3085423685604679,390.3214143360459,1265.0496466891257,467.2447897285492,1265.0496466891257,,,,,,,,,,,,,,,,,,,,,,,,,,,,,,,,,,,,,,,,,,,,,
power_t080,power,0.8,10000,100,0.0,0.19999999999999996,0.0,33.29560214152753,1.0,1000,82.33044840382567,1.0,1258.9254117941662,1.2589254117941662,1.4604493849062166,6778.302734375001,33.070792772824014,7.200249724267568,421.94698989256756,0.062249647687876886,0.9377503523121231,1.0677950141081585,3539.6614232631155,0.5222046413664416,-5.78804259043842,0.2773627179791776,358.1377077986172,1291.2251163673109,422.87946594226344,1291.2251163673109,25,19.19270680201589,/n/home12/binxuwang/Github/AccentuationPredRMT/tables/ffhq_feature_interpolation_cases/ffhq_feature_path_power_t080_n1000_trials25_seed20260827.npz,1314.3310009765626,228.25703391710698,45.65140678342139,1412.53759765625,1122.0184326171875,1412.53759765625,0.06325983299821061,0.009494621607082627,0.0018989243214165255,0.061921339680006196,0.056398819123939355,0.0699932831601333,0.9367401670017894,0.00949462160708264,0.001898924321416528,0.9380786603199938,0.9300067168398667,0.9436011808760606,1.0825875292815526,0.047305929603695174,0.009461185920739034,1.0817249389585537,1.0488441355432236,1.1249668008000313,0.5061467738933357,0.07888847609662468,0.015777695219324935,0.49489456289592315,0.4539818005654847,0.5550853407730503,-6.288905000546556,5.23135123328774,1.046270246657548,-4.628937956071503,-7.539203181287981,-3.2660097603413956,0.29060229777129964,0.05497796875014131,0.010995593750028263,0.29651257090412536,0.2549595039375039,0.3262182841858316
power_t080,power,0.8,10000,100,0.0,0.19999999999999996,0.0,33.29560214152753,1.0,1000,100.0,1.4752954560412044,1584.8931924611175,1.5848931924611174,1.7965059643254273,10000.0,27.343312423438412,10.521514496758329,521.5144967583275,0.0769387967327176,0.9230612032672824,1.0768284374873993,3660.307358893221,0.5400034814289351,-6.6808799344044845,0.26515070835651267,336.0002665094188,1267.204860933821,392.0763347514926,1267.204860933821,,,,,,,,,,,,,,,,,,,,,,,,,,,,,,,,,,,,,,,,,,,,,
power_t080,power,0.8,10000,100,0.0,0.19999999999999996,0.0,33.29560214152753,1.0,1000,142.60051964535404,2.999999767108533,2238.7211385683377,2.2387211385683377,2.4660810630789,20334.908203125004,20.385071534446496,21.09924822983786,764.3400267128533,0.11276273682798851,0.8872372631720115,1.0810959865498302,4091.1625416378643,0.6035673507604326,-11.12581436231057,0.22310402835358153,302.22537746326884,1354.6388189113895,344.5770278803142,1354.6388189113895,,,,,,,,,,,,,,,,,,,,,,,,,,,,,,,,,,,,,,,,,,,,,
power_t080,power,0.8,10000,100,0.0,0.19999999999999996,0.0,33.29560214152753,1.0,1000,180.0,4.779957277573502,3162.2776601683795,3.1622776601683795,3.4060377714690317,32400.0,15.052698127240912,33.37717193837853,977.1719383785338,0.14416173204608265,0.8558382679539174,1.1058447331842973,4023.4280270383133,0.5935745085998452,-10.263535781398412,0.22956213190170544,268.3113847432721,1168.796362538393,296.2864468447788,1168.796362538393,,,,,,,,,,,,,,,,,,,,,,,,,,,,,,,,,,,,,,,,,,,,,
power_t080,power,0.8,10000,100,0.0,0.19999999999999996,0.0,33.29560214152753,1.0,1000,260.3517377390633,10.0,4466.835921509635,4.466835921509635,4.7275395458660485,67783.02734375,11.008172281352117,69.21331140951146,1430.284065761456,0.21100915830660152,0.7889908416933985,1.0909446612412304,4489.042574731959,0.6622664112477566,-18.10125177927945,0.18620247527547942,234.84786092692892,1261.2499408478889,248.21248542691376,1261.2499408478889,25,19.19270680201589,/n/home12/binxuwang/Github/AccentuationPredRMT/tables/ffhq_feature_interpolation_cases/ffhq_feature_path_power_t080_n1000_trials25_seed20260827.npz,4580.90865234375,1513.378558059307,302.6757116118614,4466.8359375,3548.1337890625,5623.4130859375,0.21009170414156006,0.04598522485218631,0.009197044970437263,0.20999761083469093,0.17656812175272443,0.23654961539152938,0.78990829585844,0.04598522485218631,0.009197044970437263,0.7900023891653091,0.7634503846084706,0.8234318782472756,1.0825390668156984,0.19179487584222732,0.03835897516844546,1.0611661093453688,0.9662422699483395,1.1611663328908555,0.6510729182240922,0.10864797657533182,0.021729595315066363,0.6364814412357769,0.590676621337862,0.7091696671843563,-28.155473353097765,30.503796791579077,6.100759358315815,-14.567335749452486,-27.451658459676654,-10.02690845581209,0.19588831567173876,0.06829254893821203,0.013658509787642405,0.20220213008821786,0.15787787869908312,0.23144510844191354
power_t100,power,1.0,10000,100,0.0,0.0,0.0,1.0,1.0,1000,0.0,0.0,1e-06,9.999999999999999e-10,0.03180267636984721,0.0,467.2220691287312,0.0018055251147911487,1.8055251147911489,0.0002663682997619656,0.999733631700238,1.0026688337127794,5.5756604852383286e-14,8.225746578300602e-18,1.0,1.0000000028680562,622.4271650521074,622.4271632669513,592.1799014693928,622.4271632669513,nan,nan,nan,nan,nan,nan,nan,nan,nan,nan,nan,nan,nan,nan,nan,nan,nan,nan,nan,nan,nan,nan,nan,nan,nan,nan,nan,nan,nan,nan,nan,nan,nan,nan,nan,nan,nan,nan,nan,nan,nan,nan,nan,nan,nan
power_t100,power,1.0,10000,100,0.0,0.0,0.0,1.0,1.0,1000,0.01,1.4752954560412044e-08,1e-06,9.999999999999999e-10,0.03180267636984721,0.0001,467.2220691287312,0.001805712810253377,1.8056128102533773,0.0002663812374336597,0.9997336187625664,1.0026688206678633,1.7279010947593164e-07,2.549164633587042e-11,0.9999999999745081,0.9999949510747346,622.4271650521074,622.4303076562137,592.1799014693928,622.4303076562137,nan,nan,nan,nan,nan,nan,nan,nan,nan,nan,nan,nan,nan,nan,nan,nan,nan,nan,nan,nan,nan,nan,nan,nan,nan,nan,nan,nan,nan,nan,nan,nan,nan,nan,nan,nan,nan,nan,nan,nan,nan,nan,nan,nan,nan
power_t100,power,1.0,10000,100,0.0,0.0,0.0,1.0,1.0,1000,0.03,1.3277659104370838e-07,1e-06,9.999999999999999e-10,0.03180267636984721,0.0009,467.2220691287312,0.0018072143739512048,1.8063143739512053,0.0002664847388072126,0.9997335152611928,1.0026687163085468,1.4009004176535964e-05,2.066742020530576e-09,0.99999999793307,0.9999545385655689,622.4271650521074,622.4554627703144,592.1799014693928,622.4554627703144,nan,nan,nan,nan,nan,nan,nan,nan,nan,nan,nan,nan,nan,nan,nan,nan,nan,nan,nan,nan,nan,nan,nan,nan,nan,nan,nan,nan,nan,nan,nan,nan,nan,nan,nan,nan,nan,nan,nan,nan,nan,nan,nan,nan,nan
power_t100,power,1.0,10000,100,0.0,0.0,0.0,1.0,1.0,1000,0.1,1.4752954560412047e-06,1e-06,9.999999999999999e-10,0.03180267636984721,0.010000000000000002,467.2220691287312,0.0018242946610139937,1.814294661013994,0.00026766206693137624,0.9997323379330686,1.0026675292228533,0.0017281160898456986,2.549481814861053e-07,0.9999997447941645,0.999495076063663,622.4271650521074,622.7416021932077,592.1799014693928,622.7416021932077,nan,nan,nan,nan,nan,nan,nan,nan,nan,nan,nan,nan,nan,nan,nan,nan,nan,nan,nan,nan,nan,nan,nan,nan,nan,nan,nan,nan,nan,nan,nan,nan,nan,nan,nan,nan,nan,nan,nan,nan,nan,nan,nan,nan,nan
power_t100,power,1.0,10000,100,0.0,0.0,0.0,1.0,1.0,1000,0.3,1.3277659104370838e-05,1e-06,9.999999999999999e-10,0.03180267636984721,0.09,467.2220691287312,0.0019744510307967535,1.8844510307967541,0.0002780122042866615,0.9997219877957133,1.0026570934256402,0.13885476650335427,2.04851806072061e-05,0.9999793281186856,0.9954739442549604,622.4271650521074,625.2571136032583,592.1799014693928,625.2571136032583,nan,nan,nan,nan,nan,nan,nan,nan,nan,nan,nan,nan,nan,nan,nan,nan,nan,nan,nan,nan,nan,nan,nan,nan,nan,nan,nan,nan,nan,nan,nan,nan,nan,nan,nan,nan,nan,nan,nan,nan,nan,nan,nan,nan,nan
power_t100,power,1.0,10000,100,0.0,0.0,0.0,1.0,1.0,1000,0.5,3.6882386401030106e-05,1e-06,9.999999999999999e-10,0.03180267636984721,0.25,467.2220691287312,0.002274763770362274,2.024763770362274,0.00029871247899723193,0.9997012875210027,1.002636222482898,1.0543751435546276,0.00015555148582489345,0.9998404946141547,0.9875279718640113,622.4271650521074,630.2881364233594,592.1799014693928,630.2881364233594,nan,nan,nan,nan,nan,nan,nan,nan,nan,nan,nan,nan,nan,nan,nan,nan,nan,nan,nan,nan,nan,nan,nan,nan,nan,nan,nan,nan,nan,nan,nan,nan,nan,nan,nan,nan,nan,nan,nan,nan,nan,nan,nan,nan,nan
power_t100,power,1.0,10000,100,0.0,0.0,0.0,1.0,1.0,1000,0.7,7.228947734601901e-05,1e-06,9.999999999999999e-10,0.03180267636984721,0.48999999999999994,467.2220691287312,0.0027252328797105537,2.235232879710554,0.0003297628910630876,0.9996702371089369,1.00260491769789,3.9552088332321342,0.0005835101619361401,0.9993872439734249,0.9758440450005358,622.4271650521074,637.8346706535117,592.1799014693928,637.8346706535117,nan,nan,nan,nan,nan,nan,nan,nan,nan,nan,nan,nan,nan,nan,nan,nan,nan,nan,nan,nan,nan,nan,nan,nan,nan,nan,nan,nan,nan,nan,nan,nan,nan,nan,nan,nan,nan,nan,nan,nan,nan,nan,nan,nan,nan
power_t100,power,1.0,10000,100,0.0,0.0,0.0,1.0,1.0,1000,1.0,0.00014752954560412043,1e-06,9.999999999999999e-10,0.03180267636984721,1.0,467.2220691287312,0.003682479737075649,2.6824797370756492,0.00039574501670303097,0.999604254983297,1.0025384015199506,15.675064200850224,0.002312535098866849,0.9974479129571405,0.9519111749065664,622.4271650521074,653.8710558925846,592.1799014693928,653.8710558925846,nan,nan,nan,nan,nan,nan,nan,nan,nan,nan,nan,nan,nan,nan,nan,nan,nan,nan,nan,nan,nan,nan,nan,nan,nan,nan,nan,nan,nan,nan,nan,nan,nan,nan,nan,nan,nan,nan,nan,nan,nan,nan,nan,nan,nan
power_t100,power,1.0,10000,100,0.0,0.0,0.0,1.0,1.0,1000,1.5,0.00033194147760927097,1.9952623149688828,0.001995262314968883,0.03543697572286249,2.25,435.6598881677358,0.005992864308838234,3.7428643088382345,0.000552183070740785,0.9994478169292592,1.0027002675510563,43.58830404607244,0.0064305626895713106,0.9923993021555515,0.9198092106936756,619.063209329912,673.0343664019676,587.1187871224878,673.0343664019676,nan,nan,nan,nan,nan,nan,nan,nan,nan,nan,nan,nan,nan,nan,nan,nan,nan,nan,nan,nan,nan,nan,nan,nan,nan,nan,nan,nan,nan,nan,nan,nan,nan,nan,nan,nan,nan,nan,nan,nan,nan,nan,nan,nan,nan
power_t100,power,1.0,10000,100,0.0,0.0,0.0,1.0,1.0,1000,2.0,0.0005901181824164817,6.309573444801943,0.006309573444801943,0.042741201607263496,4.0,385.50980889107944,0.008950051290199842,4.95005129019984,0.0007302788175602725,0.9992697211824397,1.0031557817502283,58.3577483034956,0.008609492089694335,0.9895393340032832,0.9072126512411615,612.7860196693107,675.4601788576863,577.6976582907508,675.4601788576863,nan,nan,nan,nan,nan,nan,nan,nan,nan,nan,nan,nan,nan,nan,nan,nan,nan,nan,nan,nan,nan,nan,nan,nan,nan,nan,nan,nan,nan,nan,nan,nan,nan,nan,nan,nan,nan,nan,nan,nan,nan,nan,nan,nan,nan
power_t100,power,1.0,10000,100,0.0,0.0,0.0,1.0,1.0,1000,3.0,0.0013277659104370839,15.848931924611142,0.01584893192461114,0.057387091710740246,9.0,317.1995764973191,0.016588336824468464,7.588336824468465,0.0011195038836048468,0.9988804961163952,1.0040106821087895,87.2532306993335,0.012872429477564163,0.9836220083206092,0.886543270461536,601.6585384564007,678.6567091566509,561.1176547908017,678.6567091566509,nan,nan,nan,nan,nan,nan,nan,nan,nan,nan,nan,nan,nan,nan,nan,nan,nan,nan,nan,nan,nan,nan,nan,nan,nan,nan,nan,nan,nan,nan,nan,nan,nan,nan,nan,nan,nan,nan,nan,nan,nan,nan,nan,nan,nan
power_t100,power,1.0,10000,100,0.0,0.0,0.0,1.0,1.0,1000,5.0,0.003688238640103011,39.81071705534978,0.039810717055349776,0.09022809125373066,25.0,233.73398594850096,0.03850797898512336,13.507978985123362,0.0019928260017052575,0.9980071739982947,1.0058225154530944,118.98636011879067,0.017554003641413424,0.9766746199030208,0.8675084770960292,581.2237319737486,669.9919912245535,531.2686070954643,669.9919912245535,nan,nan,nan,nan,nan,nan,nan,nan,nan,nan,nan,nan,nan,nan,nan,nan,nan,nan,nan,nan,nan,nan,nan,nan,nan,nan,nan,nan,nan,nan,nan,nan,nan,nan,nan,nan,nan,nan,nan,nan,nan,nan,nan,nan,nan
power_t100,power,1.0,10000,100,0.0,0.0,0.0,1.0,1.0,1000,8.233044840382567,0.009999999223695108,79.43282347242821,0.07943282347242821,0.13973891756842338,67.78302734375,172.9887668507723,0.0920581777552937,24.27515041154368,0.0035813019096867164,0.9964186980903132,1.0080629129026932,185.8749928385453,0.02742205323263973,0.9606135107346804,0.8344039456006281,557.2396167274503,667.8295562544747,497.48446828043603,667.8295562544747,50.0,0.7537798329722136,/n/home12/binxuwang/Github/AccentuationPredRMT/tables/ffhq_linear_feature_cases/ffhq_feature_pca_full_nsr0p01_trials50_seed20260814.npz,77.08655624389648,8.947694750610044,1.2653951268287271,79.43282318115234,70.7945785522461,79.43282318115234,0.0035381534348407277,0.00024823248903237756,3.510537526112189e-05,0.003509441710382401,0.0033599480606440707,0.003676419122903389,0.9964618465651592,0.0002482324890323832,3.510537526112269e-05,0.9964905582896175,0.9963235808770966,0.9966400519393559,1.0075413318477564,0.0032965913185195256,0.00046620841522517165,1.0073665424777776,1.0052058890366422,1.0100912525604047,0.030836676287904433,0.011363995460095498,0.0016071116502413333,0.028979496551003552,0.022480623067362135,0.038021624339775795,0.9534535391216231,0.02131473711160099,0.003014359030164325,0.9579080737683294,0.941328109714533,0.9688895756978549,0.827188266112803,0.03150608815161548,0.0044556337161336885,0.8297715261193281,0.8050087837351144,0.8500650064556949
power_t100,power,1.0,10000,100,0.0,0.0,0.0,1.0,1.0,1000,10.0,0.014752954560412044,100.0,0.1,0.16432172272468792,100.0,154.5400499301245,0.13060109860019362,30.601098600193616,0.00451456617147345,0.9954854338285265,1.008949345934193,233.99553918135254,0.0345212555688161,0.9479257188787387,0.8142010345324385,547.2603752414138,672.1440430933405,483.8603686637966,672.1440430933405,nan,nan,nan,nan,nan,nan,nan,nan,nan,nan,nan,nan,nan,nan,nan,nan,nan,nan,nan,nan,nan,nan,nan,nan,nan,nan,nan,nan,nan,nan,nan,nan,nan,nan,nan,nan,nan,nan,nan,nan,nan,nan,nan,nan,nan
power_t100,power,1.0,10000,100,0.0,0.0,0.0,1.0,1.0,1000,14.260051964535403,0.029999997671085327,158.48931924611173,0.15848931924611173,0.23204310351409704,203.34908203125002,121.29038895232907,0.2501348939647485,46.78581193349845,0.006902289575268862,0.9930977104247312,1.011367928747572,301.5055358658149,0.04448097470341051,0.928564209077727,0.7890948680012492,524.0753658055497,664.1474771379708,453.1969250982379,664.1474771379708,nan,nan,nan,nan,nan,nan,nan,nan,nan,nan,nan,nan,nan,nan,nan,nan,nan,nan,nan,nan,nan,nan,nan,nan,nan,nan,nan,nan,nan,nan,nan,nan,nan,nan,nan,nan,nan,nan,nan,nan,nan,nan,nan,nan,nan
power_t100,power,1.0,10000,100,0.0,0.0,0.0,1.0,1.0,1000,20.0,0.059011818241648174,251.18864315095823,0.25118864315095824,0.3357172985650772,400.0,93.31157460166447,0.4700593447383461,70.05934473834613,0.01033582329457063,0.9896641767054294,1.0148332290454811,342.0380796581665,0.050460722471275254,0.9160654672141104,0.7753653578112333,496.54085876513835,640.3959807629474,418.5068484935283,640.3959807629474,nan,nan,nan,nan,nan,nan,nan,nan,nan,nan,nan,nan,nan,nan,nan,nan,nan,nan,nan,nan,nan,nan,nan,nan,nan,nan,nan,nan,nan,nan,nan,nan,nan,nan,nan,nan,nan,nan,nan,nan,nan,nan,nan,nan,nan
power_t100,power,1.0,10000,100,0.0,0.0,0.0,1.0,1.0,1000,26.035173773906333,0.09999999223695111,354.81338923357606,0.3548133892335761,0.44882365551179454,677.8302734375002,75.77695089984391,0.7735948537433781,95.76458030587804,0.014128105017495488,0.9858718949825045,1.0180806173712968,383.4254357045514,0.05656658030255436,0.9026211725690239,0.7621627020365511,473.1754278283111,620.8325683793681,390.417042432963,620.8325683793681,50.0,0.7475423950236291,/n/home12/binxuwang/Github/AccentuationPredRMT/tables/ffhq_linear_feature_cases/ffhq_feature_pca_full_nsr0p1_trials50_seed20260814.npz,335.3797817993164,42.773700083105105,6.049114677040642,354.8133850097656,316.2277526855469,354.8133850097656,0.014126792264485648,0.0011699390867159795,0.00016545437235841306,0.014053199409887286,0.013208262915620873,0.015157334618447366,0.9858732077355142,0.0011699390867159806,0.00016545437235841322,0.9859468005901126,0.9848426653815526,0.9867917370843792,1.0159463671255087,0.01137612313224578,0.0016088267620848276,1.015470335746629,1.0086308625438891,1.0228467970161639,0.0729434491850551,0.028248673411342445,0.003994965705736873,0.06720321173192759,0.05497076088947803,0.08578884515146425,0.8551804747811741,0.07966049560124823,0.011265695326464752,0.877518808977751,0.8284199803226311,0.9062018146197843,0.7348714988389746,0.052003993735600294,0.007354475323845141,0.7407724576650928,0.7071028341878587,0.7655416104006632
power_t100,power,1.0,10000,100,0.0,0.0,0.0,1.0,1.0,1000,30.0,0.1327765910437084,398.1071705534969,0.3981071705534969,0.49553154449857445,900.0,70.55863532991154,1.0131927100118945,113.19271001189446,0.016699269073753763,0.9833007309262463,1.0182227695767567,500.90356367425363,0.07389807514034724,0.8606259627555062,0.7281579959970365,464.9120405516261,638.4768732986876,380.75349296725454,638.4768732986876,nan,nan,nan,nan,nan,nan,nan,nan,nan,nan,nan,nan,nan,nan,nan,nan,nan,nan,nan,nan,nan,nan,nan,nan,nan,nan,nan,nan,nan,nan,nan,nan,nan,nan,nan,nan,nan,nan,nan,nan,nan,nan,nan,nan,nan
power_t100,power,1.0,10000,100,0.0,0.0,0.0,1.0,1.0,1000,40.0,0.2360472729665927,630.9573444801943,0.6309573444801942,0.74338611412342,1600.0,52.573872672971596,1.75838773236798,158.38773236798013,0.023366870185515146,0.9766331298144848,1.0255829147886355,429.9063605697386,0.06342389002717469,0.886690827517274,0.7481589985185599,429.791421271234,574.465350443248,341.0858638712169,574.465350443248,nan,nan,nan,nan,nan,nan,nan,nan,nan,nan,nan,nan,nan,nan,nan,nan,nan,nan,nan,nan,nan,nan,nan,nan,nan,nan,nan,nan,nan,nan,nan,nan,nan,nan,nan,nan,nan,nan,nan,nan,nan,nan,nan,nan,nan
power_t100,power,1.0,10000,100,0.0,0.0,0.0,1.0,1.0,1000,45.09424376029051,0.2999999767108532,707.9457843841374,0.7079457843841374,0.8244781228214401,2033.4908203124996,48.746475252499295,2.2153190616891005,181.82824137660072,0.026825037828286234,0.9731749621717137,1.0263164776775702,511.2694724579109,0.07542735295297397,0.8566419290783334,0.7253595933716709,420.5620553784437,579.7980191087782,331.0032866061465,579.7980191087782,nan,nan,nan,nan,nan,nan,nan,nan,nan,nan,nan,nan,nan,nan,nan,nan,nan,nan,nan,nan,nan,nan,nan,nan,nan,nan,nan,nan,nan,nan,nan,nan,nan,nan,nan,nan,nan,nan,nan,nan,nan,nan,nan,nan,nan
power_t100,power,1.0,10000,100,0.0,0.0,0.0,1.0,1.0,1000,60.0,0.5311063641748336,1000.0,1.0,1.1297399757476025,3600.0,38.68750982629512,3.8523115137973893,252.31151379738918,0.03722340298121659,0.9627765970187834,1.0310149122140508,611.3022739727348,0.0901851467059631,0.8157863872826724,0.6996915806941751,392.03078383308974,560.2908404931067,300.61578881615173,560.2908404931067,nan,nan,nan,nan,nan,nan,nan,nan,nan,nan,nan,nan,nan,nan,nan,nan,nan,nan,nan,nan,nan,nan,nan,nan,nan,nan,nan,nan,nan,nan,nan,nan,nan,nan,nan,nan,nan,nan,nan,nan,nan,nan,nan,nan,nan
power_t100,power,1.0,10000,100,0.0,0.0,0.0,1.0,1.0,1000,82.33044840382567,0.999999922369511,1584.8931924611175,1.5848931924611174,1.7344596442136047,6778.302734375001,28.169480501641345,7.13949995127695,361.19721690194916,0.05328726128301749,0.9467127387169825,1.0423150362476252,585.2079830062363,0.08633546781681388,0.8268711432160033,0.706171022843536,352.58815391557795,499.29569822309145,260.29358092448143,499.29569822309145,50.0,0.7476894739666022,/n/home12/binxuwang/Github/AccentuationPredRMT/tables/ffhq_linear_feature_cases/ffhq_feature_pca_full_nsr1_trials50_seed20260814.npz,1536.581016845703,303.7082391509568,42.95083108117345,1584.8931884765625,1412.53759765625,1778.2794189453125,0.05395702541459337,0.009139974885262636,0.0012925876442487893,0.05378500960223247,0.04779177038613139,0.06060795618941263,0.9460429745854068,0.009139974885262631,0.0012925876442487886,0.9462149903977675,0.9393920438105874,0.9522082296138686,1.0421140831729963,0.04644133026046615,0.006567795910899925,1.041021489082795,1.011350767877644,1.0721466472021681,0.10429606659863262,0.06750661440112633,0.009546876963596376,0.08540235502097873,0.062230458924138386,0.1318385041393798,0.7140500769190669,0.31958706670829856,0.04519643640979108,0.8295064377141197,0.6749920047005016,0.8895168876946308,0.6954140123479005,0.10843714780982695,0.015335328509771323,0.7077658931061136,0.6369042938002061,0.7505482628294807
power_t100,power,1.0,10000,100,0.0,0.0,0.0,1.0,1.0,1000,100.0,1.4752954560412044,1995.262314968883,1.9952623149688828,2.155752950721886,10000.0,23.953607288736013,10.44882500033333,448.82500033332894,0.06621494835494522,0.9337850516450548,1.0462655094145858,670.9392873926364,0.09898336819698801,0.7892854195648599,0.6853837763290201,332.5334592819713,485.1784806799072,240.43665868145075,485.1784806799072,nan,nan,nan,nan,nan,nan,nan,nan,nan,nan,nan,nan,nan,nan,nan,nan,nan,nan,nan,nan,nan,nan,nan,nan,nan,nan,nan,nan,nan,nan,nan,nan,nan,nan,nan,nan,nan,nan,nan,nan,nan,nan,nan,nan,nan
power_t100,power,1.0,10000,100,0.0,0.0,0.0,1.0,1.0,1000,142.60051964535404,2.999999767108533,3162.2776601683795,3.1622776601683795,3.3467768603266057,20334.908203125004,17.211302232781037,20.999423179474135,664.5149763491347,0.09803559250792068,0.9019644074920793,1.0571941101806293,761.3190584892739,0.11231705475867935,0.745913344755903,0.6648626330015118,292.30957658383295,439.654091047659,201.748547288453,439.654091047659,nan,nan,nan,nan,nan,nan,nan,nan,nan,nan,nan,nan,nan,nan,nan,nan,nan,nan,nan,nan,nan,nan,nan,nan,nan,nan,nan,nan,nan,nan,nan,nan,nan,nan,nan,nan,nan,nan,nan,nan,nan,nan,nan,nan,nan
power_t100,power,1.0,10000,100,0.0,0.0,0.0,1.0,1.0,1000,180.0,4.779957277573502,3981.0717055349855,3.9810717055349856,4.178709443629401,32400.0,14.544542452204787,33.25678367815156,856.7836781515509,0.12640090671872528,0.8735990932812747,1.0524816330833016,1011.1528049957257,0.1491749138573512,0.6040075871498582,0.6137683158292795,272.3409663848109,443.71949375855843,183.0600577325817,443.71949375855843,nan,nan,nan,nan,nan,nan,nan,nan,nan,nan,nan,nan,nan,nan,nan,nan,nan,nan,nan,nan,nan,nan,nan,nan,nan,nan,nan,nan,nan,nan,nan,nan,nan,nan,nan,nan,nan,nan,nan,nan,nan,nan,nan,nan,nan
power_t100,power,1.0,10000,100,0.0,0.0,0.0,1.0,1.0,1000,260.3517377390633,9.999999223695108,7079.457843841402,7.079457843841402,7.313435414424786,67783.02734375,9.453280756585103,69.05613444844091,1273.1071046909178,0.1878209126604285,0.8121790873395716,1.075654821028557,898.7300911425908,0.13258924196701616,0.6720792018727392,0.6358719429005557,223.54260061472522,351.5528607773234,138.72608927152558,351.5528607773234,50.0,0.7479650030145422,/n/home12/binxuwang/Github/AccentuationPredRMT/tables/ffhq_linear_feature_cases/ffhq_feature_pca_full_nsr10_trials50_seed20260814.npz,7033.976110839843,2581.125704510258,365.02629775082164,7079.4580078125,5164.7576904296875,8912.509765625,0.20029105619735013,0.05905258698424005,0.008351296940632918,0.18985128259979328,0.16720456988720744,0.22535010677511924,0.7997089438026499,0.05905258698424005,0.008351296940632918,0.8101487174002067,0.7746498932248808,0.8327954301127926,1.0874822586285786,0.1810743957818073,0.025607786631314546,1.0778097922999992,0.9678298969492174,1.1907642125692481,0.18600304405126894,0.17378812898620044,0.024577352899172945,0.13774621058851044,0.06559691176680107,0.2717038920561747,-1.5602144879660984,9.2880051910197,1.3135222908531767,0.651682432617302,-0.18609400912146118,0.8813165189041897,0.6157312134780473,0.19779535847150814,0.027972487852485486,0.6288584192539208,0.47876906134900643,0.7439863654467587
