panel,series,sweep_name,sweep_value,realization,sigma2_noise,sigma_noise,lambda,kappa,beta_hat_1,beta_hat_2,E_gen,R2_gen,z,E_acc_over_S,R2_acc
fixed_lambda,representative_path,sigma2,0.0,3,0.0,0.0,0.05,0.05179536610433671,1.0038830918106683,0.18183967167797244,0.01800542376045999,0.9853244569561822,-0.14856861698046464,0.03044772534459687,0.9779273660485119
fixed_lambda,representative_path,sigma2,0.0001,3,0.0001,0.01,0.05,0.05179536610433671,1.0030283594690663,0.18664801011067678,0.017991301728636458,0.9853359672926592,-0.15004178500949428,0.031162284833565864,0.9774874627511647
fixed_lambda,representative_path,sigma2,0.00011416309914166939,3,0.00011416309914166939,0.010684713339237014,0.05,0.05179536610433671,1.002969834805489,0.18697724345712072,0.017990455880736778,0.985336656711438,-0.1501410378566298,0.031210815043332923,0.9774576687513341
fixed_lambda,representative_path,sigma2,0.00013033213205630633,3,0.00013033213205630633,0.011416309914166938,0.05,0.05179536610433671,1.0029073028801294,0.18732901984996758,0.01798956926893061,0.9853373793553423,-0.15024685813718197,0.03126261052683863,0.9774258816199055
fixed_lambda,representative_path,sigma2,0.00014879120113289246,3,0.00014879120113289246,0.012197999882476326,0.05,0.05179536610433671,1.002840489310427,0.18770488284167575,0.017988641531374413,0.985338135519297,-0.15035966326581884,0.03131788637342218,0.9773919716625896
fixed_lambda,representative_path,sigma2,0.00016986464646342474,3,0.00016986464646342474,0.013033213205630634,0.05,0.05179536610433671,1.0027691009264836,0.18810648167379876,0.01798767262551462,0.9853389252379863,-0.15047989469065892,0.03137687112750247,0.9773558012938882
fixed_lambda,representative_path,sigma2,0.00019392274474868578,3,0.00019392274474868578,0.013925614699132163,0.05,0.05179536610433671,1.0026928244846647,0.18853557851365937,0.017986662898681213,0.9853397482283143,-0.15060801889971953,0.03143980751446877,0.9773172246431017
fixed_lambda,representative_path,sigma2,0.00022138821534568862,3,0.00022138821534568862,0.014879120113289247,0.05,0.05179536610433671,1.0026113252931275,0.1889940561865277,0.01798561317041507,0.9853406038223042,-0.15074452840681718,0.0315069531853273,0.9772760871554063
fixed_lambda,representative_path,sigma2,0.000252743647773071,3,0.000252743647773071,0.015897913315057136,0.05,0.05179536610433671,1.0025242457432317,0.18948392643723147,0.017984524828312667,0.9853414908889782,-0.15088994270309297,0.031578581476316855,0.9772322251910573
fixed_lambda,representative_path,sigma2,0.0002885399811814427,3,0.0002885399811814427,0.016986464646342472,0.05,0.05179536610433671,1.0024312037403975,0.19000733875745054,0.017983399939427953,0.9853424077435586,-0.1510448091576514,0.031654982178568124,0.9771854656265286
fixed_lambda,representative_path,sigma2,0.00032940618477952466,3,0.00032940618477952466,0.01814955053932534,0.05,0.05179536610433671,1.0023317910275182,0.19056658981742708,0.01798224137957192,0.9853433520420801,-0.15120970384775045,0.03173646231153651,0.9771356254622756
fixed_lambda,representative_path,sigma2,0.00037606030930863936,3,0.00037606030930863936,0.019392274474868576,0.05,0.05179536610433671,1.0022255713935788,0.19116413354347847,0.017981052983188445,0.9853443206592318,-0.15138523229542222,0.03182334689230288,0.9770825114428611
fixed_lambda,representative_path,sigma2,0.00042932210374849053,3,0.00042932210374849053,0.020720089375977375,0.05,0.05179536610433671,1.0021120787596152,0.19180259188553045,0.017979839716876514,0.985345309546926,-0.15157203008332765,0.03191597969088738,0.9770259196964188
fixed_lambda,representative_path,sigma2,0.0004901274189394899,3,0.0004901274189394899,0.02213882153456886,0.05,0.05179536610433671,1.0019908151336132,0.1924847663219173,0.017978607880074025,0.9853463135707279,-0.1517707633179587,0.032014723959387134,0.9769656354018842
fixed_lambda,representative_path,sigma2,0.0005595446512043951,3,0.0005595446512043951,0.023654696176539557,0.05,0.05179536610433671,1.0018612484253826,0.1932136501519323,0.01797736533692534,0.9853473263208694,-0.15198212890289675,0.03211996311994999,0.9769014324941433
fixed_lambda,representative_path,sigma2,0.0006387935148963817,3,0.0006387935148963817,0.025274364777307098,0.05,0.05179536610433671,1.0017228101118074,0.19399244163006368,0.017976121783940317,0.9853483398940905,-0.1522068545786508,0.03223210139326399,0.9768330734192735
fixed_lambda,representative_path,sigma2,0.000729266473721711,3,0.000729266473721711,0.02700493424768353,0.05,0.05179536610433671,1.0015748927422352,0.19482455799955134,0.017974889058714673,0.9853493446420126,-0.15244569867851487,0.032351564345270686,0.9767603089544195
fixed_lambda,representative_path,sigma2,0.0008325532074018732,3,0.0008325532074018732,0.02885399811814427,0.05,0.05179536610433671,1.0014168472730582,0.19571365048683748,0.017973681495743354,0.9853503288811286,-0.15269944954174508,0.03247879932506581,0.976682878109648
fixed_lambda,representative_path,sigma2,0.0009504685435733489,3,0.0009504685435733489,0.03082966985832558,0.05,0.05179536610433671,1.0012479802197858,0.19666362032270956,0.017972516336228334,0.9853512785587837,-0.15296892451610278,0.032614275761333224,0.9766005081323869
fixed_lambda,representative_path,sigma2,0.0010850843457100234,3,0.0010850843457100234,0.03294061847795247,0.05,0.05179536610433671,1.0010675506141204,0.19767863586043116,0.017971414199772856,0.9853521768687156,-0.15325496847117948,0.03275848527795034,0.9765129146388978
fixed_lambda,representative_path,sigma2,0.0012387659173636685,3,0.0012387659173636685,0.0351961065654096,0.05,0.05179536610433671,1.0008747667526756,0.19876315086597388,0.01797039962699264,0.9853530038087924,-0.15355845173185367,0.032911941581474626,0.976419801901716
fixed_lambda,representative_path,sigma2,0.0014142135623730952,3,0.0014142135623730952,0.03760603093086394,0.05,0.05179536610433671,1.000668782723079,0.19992192406060633,0.01796950170336719,0.9853537356725347,-0.15388026732743243,0.03307518006379462,0.9763208633272379
fixed_lambda,representative_path,sigma2,0.001614510031286931,3,0.001614510031286931,0.040180966032276166,0.05,0.05179536610433671,1.0004486946922084,0.20116004000159018,0.017968754776140114,0.9853543444647974,-0.15422132743636274,0.0332487570520869,0.9762157821637661
fixed_lambda,representative_path,sigma2,0.0018431746876702965,3,0.0018431746876702965,0.04293221037484905,0.05,0.05179536610433671,1.0002135369402838,0.20248293139260554,0.01796819927776634,0.9853547972306086,-0.15458255888855366,0.03343324862502921,0.9761042324874668
fixed_lambda,representative_path,sigma2,0.0021042253460391955,3,0.0021042253460391955,0.04587183608750794,0.05,0.05179536610433671,0.9999622776234024,0.20389640292179995,0.017967882671341598,0.9853550552845859,-0.15496489756711562,0.03362924889865865,0.9759858805220134
fixed_lambda,representative_path,sigma2,0.0024022488679628627,3,0.0024022488679628627,0.04901274189394899,0.05,0.05179536610433671,0.9996938142459333,0.20540665673206143,0.01796786053565588,0.9853550733265499,-0.15536928152835117,0.033837367666909916,0.9758603863573639
fixed_lambda,representative_path,sigma2,0.0027424817567620733,3,0.0027424817567620733,0.05236870971068576,0.05,0.05179536610433671,0.9994069688228995,0.20702031963527473,0.017968197810038503,0.9853547984268983,-0.15579664263281,0.0340582272602756,0.9757274061443445
fixed_lambda,representative_path,sigma2,0.0031309021669144823,3,0.0031309021669144823,0.055954465120439514,0.05,0.05179536610433671,0.9991004827111201,0.20874447218997433,0.01796897022204517,0.9853541688629512,-0.1562478964507843,0.03429245846068075,0.975586594854705
fixed_lambda,representative_path,sigma2,0.0035743349448432555,3,0.0035743349448432555,0.05978574198622323,0.05,0.05179536610433671,0.9987730110864383,0.21058667976998222,0.017970265924329078,0.9853531127847999,-0.1567239301723411,0.03454069528096933,0.9754376097113352
fixed_lambda,representative_path,sigma2,0.004080571546736739,3,0.004080571546736739,0.06387935148963818,0.05,0.05179536610433671,0.9984231170427929,0.2125550257603576,0.017972187370803035,0.985351546686117,-0.15722558821444754,0.03480356838272825,0.975280114410621
fixed_lambda,representative_path,sigma2,0.004658506940447816,3,0.004658506940447816,0.06825325589631469,0.05,0.05179536610433671,0.9980492652872466,0.2146581470263173,0.017974853466492628,0.9853493736518929,-0.15775365517540918,0.035081696865807165,0.9751137842787981
fixed_lambda,representative_path,sigma2,0.005318295896944989,3,0.005318295896944989,0.0729266473721711,0.05,0.05179536610433671,0.9976498154033085,0.21690527181076055,0.017978402030389282,0.9853464813510561,-0.15830883573921906,0.035375678116103426,0.974938312526893
fixed_lambda,representative_path,sigma2,0.006071531417476643,3,0.006071531417476643,0.07792003219632705,0.05,0.05179536610433671,0.9972230146529814,0.21930626022668775,0.01798299261621817,0.9853427397373721,-0.15889173107889865,0.035686075344189924,0.974753417794751
fixed_lambda,representative_path,sigma2,0.0069314484315514645,3,0.0069314484315514645,0.08325532074018732,0.05,0.05179536610433671,0.9967669902859597,0.2218716475221887,0.017988809742433755,0.9853379984167954,-0.15950281124786125,0.03601340238540707,0.9745588532040291
fixed_lambda,representative_path,sigma2,0.007913156344865786,3,0.007913156344865786,0.08895592360751355,0.05,0.05179536610433671,0.9962797413222264,0.22461269030784364,0.01799606659006951,0.9853320836334913,-0.16014238298109051,0.03635810526144126,0.9743544171731378
fixed_lambda,representative_path,sigma2,0.00903390452322443,3,0.00903390452322443,0.09504685435733488,0.05,0.05179536610433671,0.9957591297719935,0.22754141594937416,0.01800500923541449,0.985324794819941,-0.16081055225275043,0.03672053992361874,0.9741399662841654
fixed_lambda,representative_path,sigma2,0.01,3,0.01,0.1,0.05,0.05179536610433671,0.9953357683946483,0.229923056005015,0.018013186932585346,0.9853181294868487,-0.16134236847766792,0.0370107128093662,0.9739686401340164
fixed_lambda,representative_path,sigma2,0.01031338537721246,3,0.01031338537721246,0.10155483926043338,0.05,0.05179536610433671,0.99520287125446,0.23067067534227692,0.01801592149402538,0.985315900648769,-0.1615071808529832,0.03710094550890316,0.9739154305329217
fixed_lambda,representative_path,sigma2,0.011774080373049493,3,0.011774080373049493,0.10850843457100233,0.05,0.05179536610433671,0.9946085249742244,0.23401419930000505,0.018029130463469347,0.9853051345150629,-0.16223183615326198,0.03749941234105758,0.9736808313383412
fixed_lambda,representative_path,sigma2,0.01344165504930433,3,0.01344165504930433,0.11593815182805153,0.05,0.05179536610433671,0.9939734830113686,0.23758665880312457,0.018045012864627386,0.9852921893678153,-0.16298373312594328,0.03791584380250822,0.9734363027363313
fixed_lambda,representative_path,sigma2,0.015345409980218511,3,0.015345409980218511,0.12387659173636685,0.05,0.05179536610433671,0.9932949588782185,0.24140372937381116,0.01806400229558629,0.9852767117975497,-0.16376166756870814,0.03834991108899757,0.973182116235116
fixed_lambda,representative_path,sigma2,0.01751879560941249,3,0.01751879560941249,0.13235858721447766,0.05,0.05179536610433671,0.9925699752925721,0.24548215985815353,0.018086597528359574,0.9852582952739755,-0.16456393935751124,0.03880099974250977,0.9729187098631373
fixed_lambda,representative_path,sigma2,0.020000000000000004,3,0.020000000000000004,0.14142135623730953,0.05,0.05179536610433671,0.9917953511137438,0.24983984591807393,0.018113371997192828,0.9852364724124274,-0.1653882644116289,0.03926814674365571,0.9726467219949091
fixed_lambda,representative_path,sigma2,0.02283261982833388,3,0.02283261982833388,0.15110466514417706,0.05,0.05179536610433671,0.9909676873841017,0.2544959085553378,0.018144984648349707,0.985210706130614,-0.16623167390050642,0.03974996684103657,0.9723670305922357
fixed_lambda,representative_path,sigma2,0.02606642641126127,3,0.02606642641126127,0.1614510031286931,0.05,0.05179536610433671,0.9900833524148503,0.2594707780122074,0.018182192345413628,0.9851803795375225,-0.16709039905360035,0.04024456671437649,0.9720807985441086
fixed_lambda,representative_path,sigma2,0.029758240226578497,3,0.029758240226578497,0.1725057686762344,0.05,0.05179536610433671,0.9891384658506195,0.2647862834168852,0.018225864051705336,0.9851447843738648,-0.16795973975054335,0.04074944552799469,0.9717895258229298
fixed_lambda,representative_path,sigma2,0.03397292929268495,3,0.03397292929268495,0.18431746876702965,0.05,0.05179536610433671,0.9881288816429288,0.2704657485671,0.018276997042891128,0.9851031077977903,-0.16883391486916988,0.0412613804560946,0.9714951091899499
fixed_lambda,representative_path,sigma2,0.03878454894973716,3,0.03878454894973716,0.19693793171894833,0.05,0.05179536610433671,0.9870501698578293,0.2765340942721229,0.01833673543879097,0.9850544172803073,-0.16970589215277454,0.0417762958850924,0.9711999101686308
fixed_lambda,representative_path,sigma2,0.04427764306913773,3,0.04427764306913773,0.21042253460391958,0.05,0.05179536610433671,0.9858975972378847,0.28301794770227917,0.018406391384433875,0.984997643341402,-0.17056719512530394,0.04228911526625485,0.9709068319470865
fixed_lambda,representative_path,sigma2,0.05054872955461421,3,0.05054872955461421,0.22483044623585616,0.05,0.05179536610433671,0.984666106433209,0.2899457592257639,0.01848746925725637,0.9849315598196623,-0.17140768433405984,0.04279359506435359,0.9706194057512353
fixed_lambda,representative_path,sigma2,0.05770799623628855,3,0.05770799623628855,0.24022488679628626,0.05,0.05179536610433671,0.9833502938104222,0.29734792724543363,0.018581693330838533,0.9848547613246079,-0.1722153099344682,0.04328214100305894,0.970341887024175
fixed_lambda,representative_path,sigma2,0.06588123695590493,3,0.06588123695590493,0.25667340523689813,0.05,0.05179536610433671,0.9819443857421593,0.30525693158333755,0.01869103938664954,0.9847656374711472,-0.17297583235144354,0.04374560794500628,0.9700793614223253
fixed_lambda,representative_path,sigma2,0.07521206186172788,3,0.07521206186172788,0.27424817567620735,0.05,0.05179536610433671,0.9804422132730884,0.31370747599826604,0.018817770835015964,0.984662343438735,-0.17367250745841756,0.04417308638822381,0.9698378601531059
fixed_lambda,representative_path,sigma2,0.0858644207496981,3,0.0858644207496981,0.29302631409089885,0.05,0.05179536610433671,0.9788371850512768,0.32273664046166617,0.018964479986151233,0.9845427663329113,-0.1742857324103494,0.04455168086200788,0.9696244834781881
fixed_lambda,representative_path,sigma2,0.098025483787898,3,0.098025483787898,0.3130902166914482,0.05,0.05179536610433671,0.9771222584061328,0.33238404386009185,0.019134135202995953,0.9844044867527949,-0.17479264795398441,0.044866288642222286,0.9694475302212344
fixed_lambda,representative_path,sigma2,0.1,3,0.1,0.31622776601683794,0.05,0.05179536610433671,0.9768540819179544,0.33389268376066944,0.019161870555471187,0.9843818807111654,-0.1748581643587891,0.044907059238156265,0.9694246223570747
fixed_lambda,representative_path,sigma2,0.11190893024087904,3,0.11190893024087904,0.3345279214667724,0.05,0.05179536610433671,0.9752899084460142,0.3426920178381076,0.019330134771420114,0.9842447348835112,-0.17516669272115015,0.0450993913787484,0.9693166297611342
fixed_lambda,representative_path,sigma2,0.12775870297927638,3,0.12775870297927638,0.35743349448432554,0.05,0.05179536610433671,0.9733320950399114,0.353705792544449,0.019556368441846595,0.9840603403359307,-0.1753771046938638,0.0452308776484196,0.9692428711491975
fixed_lambda,representative_path,sigma2,0.1458532947443422,3,0.1458532947443422,0.3819074426406773,0.05,0.05179536610433671,0.9712402275383192,0.36547369509646876,0.01981728773166613,0.9838476748458178,-0.17538836471954777,0.045237921317497924,0.9692389215210029
fixed_lambda,representative_path,sigma2,0.16651064148037467,3,0.16651064148037467,0.408057154673674,0.05,0.05179536610433671,0.9690051270785008,0.37804736163370944,0.020117986232295198,0.983602586818571,-0.1751595766579983,0.0450949490744068,0.9693191227049908
fixed_lambda,representative_path,sigma2,0.1900937087146698,3,0.1900937087146698,0.43599737237129055,0.05,0.05179536610433671,0.9666169863087456,0.3914819638910668,0.02046429134110617,0.9833203265619804,-0.17464377846758883,0.04477374062751905,0.9694995506425638
fixed_lambda,representative_path,sigma2,0.2170168691420047,3,0.2170168691420047,0.4658506940447816,0.05,0.05179536610433671,0.9640653263548875,0.40583645128571977,0.020862869039833292,0.9829954608852935,-0.17378717829660884,0.04424371671597676,0.9697980166597027
fixed_lambda,representative_path,sigma2,0.24775318347273373,3,0.24775318347273373,0.49774811247530987,0.05,0.05179536610433671,0.9613389508402692,0.42117380958007555,0.021321343570961125,0.9826217755554967,-0.17252830944806896,0.043472482806647644,0.9702339824389914
fixed_lambda,representative_path,sigma2,0.28284271247461906,3,0.28284271247461906,0.5318295896944989,0.05,0.05179536610433671,0.9584258967573879,0.4375613372557118,0.02184843412609308,0.9821921638877715,-0.1707970979457082,0.04242670923680047,0.9708283513333241
fixed_lambda,representative_path,sigma2,0.32290200625738624,3,0.32290200625738624,0.5682446711209761,0.05,0.05179536610433671,0.95531338197566,0.4550709408110103,0.022454110959973492,0.9816984995028336,-0.16851383635936057,0.04107344004943938,0.9716030869554506
fixed_lambda,representative_path,sigma2,0.36863493753405935,3,0.36863493753405935,0.6071531417476643,0.05,0.05179536610433671,0.9519877491549698,0.47377945027821516,0.023149773685982103,0.9811314910049864,-0.1655880575645584,0.03938193044653913,0.9725805951919965
fixed_lambda,representative_path,sigma2,0.4208450692078392,3,0.4208450692078392,0.648725727259093,0.05,0.05179536610433671,0.9484344058189066,0.49376895634436385,0.023948454899537095,0.9804805160163526,-0.1619173022300705,0.03732611322035578,0.9737827872385361
fixed_lambda,representative_path,sigma2,0.48044977359257257,3,0.48044977359257257,0.6931448431551465,0.05,0.05179536610433671,0.9446377603247342,0.5151271705553376,0.02486505272181111,0.9797334316392443,-0.15738577406423016,0.0348877831753176,0.975229718122203
fixed_lambda,representative_path,sigma2,0.5484963513524147,3,0.5484963513524147,0.7406053951683141,0.05,0.05179536610433671,0.9405811534491404,0.537947810183565,0.025916596365312884,0.9788763580036572,-0.15186287722206793,0.03206055989691842,0.9769376665218351
fixed_lambda,representative_path,sigma2,0.6261804333828965,3,0.6261804333828965,0.7913156344865786,0.05,0.05179536610433671,0.9362467852895708,0.5623310094481292,0.027122549404175304,0.977893431083075,-0.14520163079508352,0.028854637206870783,0.9789164864144483
fixed_lambda,representative_path,sigma2,0.7148669889686512,3,0.7148669889686512,0.8454980715345548,0.05,0.05179536610433671,0.9316156371603987,0.5883837588916654,0.028505156095631333,0.9767665204208726,-0.13723695598627972,0.025302246647176486,0.98116601791162
fixed_lambda,representative_path,sigma2,0.816114309347348,3,0.816114309347348,0.9033904523224429,0.05,0.05179536610433671,0.9266673881412242,0.6162203748419804,0.030089836856817716,0.9754749067920632,-0.1277838324240339,0.02146364877595791,0.9836712921710264
fixed_lambda,representative_path,sigma2,0.9317013880895633,3,0.9317013880895633,0.9652468016468966,0.05,0.05179536610433671,0.92138032591112,0.6459630010183355,0.03190563986604887,0.9739949141201003,-0.11663532109384755,0.017433320656861692,0.9863962018733351
fixed_lambda,representative_path,sigma2,1.0,3,1.0,1.0,0.05,0.05179536610433671,0.9184098576504695,0.6626735149483978,0.03298140451776869,0.9731180988525807,-0.1099077196005811,0.015247067577573294,0.9879202931722001
fixed_lambda,representative_path,sigma2,1.063659179388998,3,1.063659179388998,1.031338537721246,0.05,0.05179536610433671,0.9157312514775832,0.6777421444833797,0.033985756745239196,0.972299489163551,-0.10356045256540392,0.013345838465891796,0.9892752326644487
fixed_lambda,representative_path,sigma2,1.2143062834953289,3,1.2143062834953289,1.1019556631259395,0.05,0.05179536610433671,0.9096953773821477,0.711697248292428,0.03636811140759753,0.970357721568508,-0.08830198055438665,0.009380778177595028,0.9922027602301727
fixed_lambda,representative_path,sigma2,1.3862896863102931,3,1.3862896863102931,1.1774080373049494,0.05,0.05179536610433671,0.9032462189360024,0.7479773033527997,0.03909603244187099,0.9681342958335064,-0.07057400236570743,0.005765803836725931,0.9950193101900852
fixed_lambda,representative_path,sigma2,1.5826312689731574,3,1.5826312689731574,1.2580267361917066,0.05,0.05179536610433671,0.896355478008364,0.78674150217798,0.042219020873917566,0.9655888655359707,-0.05005944938812401,0.0027770217601018974,0.9974940515269578
fixed_lambda,representative_path,sigma2,1.8067809046448862,3,1.8067809046448862,1.344165504930433,0.05,0.05179536610433671,0.8889929188576876,0.8281599374052044,0.0457936268240475,0.9626753388018197,-0.026407452508757534,0.0007356962343626043,0.9993026464519977
fixed_lambda,representative_path,sigma2,2.062677075442492,3,2.062677075442492,1.4362023100672454,0.05,0.05179536610433671,0.8811262354608722,0.8724143481414689,0.04988445049389738,0.9593410624387502,0.0007694109638609614,5.910833094344672e-07,0.9999994080067687
fixed_lambda,representative_path,sigma2,2.354816074609899,3,2.354816074609899,1.5345409980218512,0.05,0.05179536610433671,0.8727209097583215,0.9196989174128531,0.05456528510323167,0.9555258903714796,0.031897980604586484,0.0009555487620257312,0.9989825188333494
fixed_lambda,representative_path,sigma2,2.6883310098608666,3,2.6883310098608666,1.6396130671170155,0.05,0.05179536610433671,0.863740060192854,0.9702211242162566,0.059920421893449226,0.9511611199825175,0.0674474765901758,0.003992439854998492,0.9954508379016177
fixed_lambda,representative_path,sigma2,3.069081996043703,3,3.069081996043703,1.7518795609412487,0.05,0.05179536610433671,0.8541442798778707,1.0242026539122582,0.06604614016456992,0.9461682776391149,0.10793255268234447,0.009490263077661062,0.9883505640714729
fixed_lambda,representative_path,sigma2,3.503759121882498,3,3.503759121882498,1.8718330913525645,0.05,0.05179536610433671,0.8438914636846817,1.0818803709537868,0.07305240856618196,0.9404577320350624,0.15391642630676694,0.017791855019841592,0.9763097337129536
fixed_lambda,representative_path,sigma2,4.0,3,4.0,2.0,0.05,0.05179536610433671,0.8329366234902708,1.1435073582188229,0.08106482757742231,0.9339271109483884,0.2060140729619402,0.02918025114793955,0.9575582017416324
fixed_lambda,conditional_mean,sigma2,0.0,mean,0.0,0.0,0.05,0.05179536610433671,1.0038830918106683,0.18183967167797244,0.01800542376045999,0.9853244569561822,-0.14856861698046464,0.03044772534459687,0.9779273660485119
fixed_lambda,cloud,sigma2,0.01,cloud,0.01,0.1,0.05,0.05179536610433671,0.997647047692896,0.19665212673897603,0.018697098613592058,0.9847606988233825,-0.15610380459248518,0.0342175505834249,0.9756316021917512
fixed_lambda,cloud,sigma2,0.01,cloud,0.01,0.1,0.05,0.05179536610433671,1.0124713332593926,0.21583219607199772,0.01520133478009489,0.9876099643164928,-0.14539576606564508,0.028944992398880782,0.9788600712101843
fixed_lambda,cloud,sigma2,0.01,cloud,0.01,0.1,0.05,0.05179536610433671,1.0173917828484025,0.17305266450375356,0.01592326797444427,0.9870215437489247,-0.13525485029736506,0.02446411032305636,0.9817061254710374
fixed_lambda,cloud,sigma2,0.01,cloud,0.01,0.1,0.05,0.05179536610433671,1.0030206757687394,0.17027662925807865,0.018610369825791617,0.9848313881931766,-0.14741150710425244,0.029893986844056742,0.978269847573253
fixed_lambda,cloud,sigma2,0.01,cloud,0.01,0.1,0.05,0.05179536610433671,0.9913768073050147,0.18321468980964295,0.020514539023632254,0.9832793715676647,-0.15972866654826745,0.03613488169686897,0.9744867530827124
fixed_lambda,cloud,sigma2,0.01,cloud,0.01,0.1,0.05,0.05179536610433671,0.9734389956413072,0.16278906471293209,0.02551266764281306,0.9792055850983674,-0.1721169084870292,0.04322241691163372,0.9703757698128677
fixed_lambda,cloud,sigma2,0.01,cloud,0.01,0.1,0.05,0.05179536610433671,1.0012422399949417,0.19454136451535436,0.018050797906718128,0.9852874741978008,-0.15269847134139314,0.032478308212922045,0.9766831768500017
fixed_lambda,cloud,sigma2,0.01,cloud,0.01,0.1,0.05,0.05179536610433671,0.9850350103003056,0.16011691215724255,0.02281636644682505,0.9814032386935977,-0.1614017902891135,0.03704322875057311,0.973949462091469
fixed_lambda,cloud,sigma2,0.01,cloud,0.01,0.1,0.05,0.05179536610433671,1.0032737746952276,0.17959316469569314,0.018207266289750144,0.9851599427094709,-0.14874971477077392,0.030534987207993945,0.9778735223556134
fixed_lambda,cloud,sigma2,0.01,cloud,0.01,0.1,0.05,0.05179536610433671,0.9957238697414288,0.21331739600334304,0.018501179207034573,0.9849203853557466,-0.1596351704557547,0.03608456083366986,0.9745166123535621
fixed_lambda,cloud,sigma2,0.01,cloud,0.01,0.1,0.05,0.05179536610433671,0.9841216621408195,0.2098295395257617,0.02117779055597052,0.9827387802135704,-0.16932910657670863,0.041553273991505026,0.9713276536659337
fixed_lambda,cloud,sigma2,0.01,cloud,0.01,0.1,0.05,0.05179536610433671,0.9930568876050032,0.19525403868805785,0.01970858486190983,0.9839362744625398,-0.15992384641094004,0.03624007930323269,0.9744243633491301
fixed_lambda,cloud,sigma2,0.01,cloud,0.01,0.1,0.05,0.05179536610433671,1.0029577756293189,0.15922290450539678,0.01905167960929439,0.9844716932029551,-0.14540910278147479,0.028951206318302197,0.9788561928282865
fixed_lambda,cloud,sigma2,0.01,cloud,0.01,0.1,0.05,0.05179536610433671,1.0274229373431347,0.18987166668667266,0.01373615334860658,0.988804178540544,-0.12917599040717487,0.0220040595183541,0.9833135635023255
fixed_lambda,cloud,sigma2,0.01,cloud,0.01,0.1,0.05,0.05179536610433671,1.0047114220887,0.2326496953232656,0.016047164152908446,0.9869205606382685,-0.15348073620771518,0.03287260008578761,0.9764436636131377
fixed_lambda,cloud,sigma2,0.01,cloud,0.01,0.1,0.05,0.05179536610433671,1.0102600669392978,0.19204308880354576,0.01644223688624321,0.9865985517269189,-0.14449162358078493,0.02852573279670759,0.9791221707149887
fixed_lambda,cloud,sigma2,0.01,cloud,0.01,0.1,0.05,0.05179536610433671,1.0288254385100566,0.1440861576170097,0.015303770839874595,0.9875264725406515,-0.1192473280437395,0.01833113579116012,0.9857800747544287
fixed_lambda,cloud,sigma2,0.01,cloud,0.01,0.1,0.05,0.05179536610433671,1.008114870489158,0.17135266552470227,0.01760700785723652,0.9856491907594453,-0.1431184643076634,0.027896503036303918,0.9795171051742161
fixed_lambda,cloud,sigma2,0.01,cloud,0.01,0.1,0.05,0.05179536610433671,0.9851772504945377,0.2207006087164263,0.020556182498252033,0.9832454295392844,-0.16939032290312084,0.04158945397853619,0.9713069185067764
fixed_lambda,cloud,sigma2,0.01,cloud,0.01,0.1,0.05,0.05179536610433671,0.9676511204501403,0.1494479309571915,0.027538320871024743,0.977554551413298,-0.17465690012757917,0.044781892817243416,0.9694949672378248
fixed_lambda,cloud,sigma2,0.01,cloud,0.01,0.1,0.05,0.05179536610433671,0.9825177573096673,0.1884859471198897,0.022321886187783267,0.9818062709366833,-0.16822052623761374,0.04090172050716732,0.9717018545523403
fixed_lambda,cloud,sigma2,0.01,cloud,0.01,0.1,0.05,0.05179536610433671,1.0388380622127644,0.1800977128039089,0.012573109014374393,0.9897521321913975,-0.11761183947921072,0.017765717027877305,0.9861674552143164
fixed_lambda,cloud,sigma2,0.01,cloud,0.01,0.1,0.05,0.05179536610433671,1.00199190407815,0.15627036490737295,0.01935634496897452,0.9842233719382391,-0.14567491334281202,0.029075233971158753,0.9787788196225642
fixed_lambda,cloud,sigma2,0.01,cloud,0.01,0.1,0.05,0.05179536610433671,1.0224508223746458,0.21612651184722959,0.01354372309924284,0.9889610211922383,-0.13678847184519505,0.02511103030522818,0.9812889139702563
fixed_lambda,cloud,sigma2,0.01,cloud,0.01,0.1,0.05,0.05179536610433671,0.9852162551808896,0.19953471279100923,0.021292067073909814,0.9826456377260495,-0.1672691150842066,0.04034801502718041,0.9720210431389464
fixed_lambda,cloud,sigma2,0.01,cloud,0.01,0.1,0.05,0.05179536610433671,1.0011432456637168,0.13184369042148886,0.020512096324145135,0.9832813625200545,-0.14093649329080193,0.02691512380820304,0.9801369048588917
fixed_lambda,cloud,sigma2,0.01,cloud,0.01,0.1,0.05,0.05179536610433671,1.0204470912790935,0.1705302937821132,0.015524313253183564,0.9873467167224846,-0.13211612995218525,0.023173330370991337,0.9825453282064573
fixed_lambda,cloud,sigma2,0.01,cloud,0.01,0.1,0.05,0.05179536610433671,1.0173154463920122,0.20179626769357037,0.014872198831488765,0.9878782306369804,-0.13962572408899043,0.0263363777375139,0.9805046571726251
fixed_lambda,cloud,sigma2,0.01,cloud,0.01,0.1,0.05,0.05179536610433671,1.015365637306647,0.22160426842969166,0.014503891461616411,0.9881784241082269,-0.1434393647772907,0.028042742432476665,0.9794251486322874
fixed_lambda,cloud,sigma2,0.01,cloud,0.01,0.1,0.05,0.05179536610433671,1.0288787867370133,0.25070717625564903,0.011435617339748745,0.9906792588314054,-0.13383576122721663,0.023875025751266293,0.9820879890167314
fixed_lambda,cloud,sigma2,0.01,cloud,0.01,0.1,0.05,0.05179536610433671,0.997873495726491,0.1857238015139107,0.019051918414354857,0.9844714985619408,-0.15441509964624966,0.03334763917593387,0.9761559770012388
fixed_lambda,cloud,sigma2,0.01,cloud,0.01,0.1,0.05,0.05179536610433671,1.0008758803923383,0.13595878805994338,0.020395125790906122,0.9833767007980225,-0.1421795555597698,0.02747144598536096,0.9797849739808263
fixed_lambda,cloud,sigma2,0.01,cloud,0.01,0.1,0.05,0.05179536610433671,0.9997977344893303,0.21178169327599655,0.017721905387392878,0.9855555421082461,-0.15595850946474787,0.034142125958754314,0.9756769433255341
fixed_lambda,cloud,sigma2,0.01,cloud,0.01,0.1,0.05,0.05179536610433671,1.0209956208032405,0.1977390396293581,0.014423290983280398,0.9882441185236935,-0.1358974910469014,0.024733885465543545,0.9815318719271573
fixed_lambda,cloud,sigma2,0.01,cloud,0.01,0.1,0.05,0.05179536610433671,1.018607005002856,0.14505574061811777,0.016823567837913833,0.9862877432244569,-0.12854664112109937,0.021758711305754224,0.9834757610564833
fixed_lambda,cloud,sigma2,0.01,cloud,0.01,0.1,0.05,0.05179536610433671,0.9705015329044595,0.18755553865018154,0.025324048173419756,0.979359321726775,-0.1785785005740863,0.04726353631254782,0.968109719132711
fixed_lambda,cloud,sigma2,0.01,cloud,0.01,0.1,0.05,0.05179536610433671,1.0178293610848472,0.1962204144795726,0.01498865038912807,0.9877833153564854,-0.13845626951750867,0.025826799996050368,0.980829861431295
fixed_lambda,cloud,sigma2,0.01,cloud,0.01,0.1,0.05,0.05179536610433671,1.022066643055095,0.18364874098566758,0.014772947996072093,0.9879591262563598,-0.13291406112808724,0.02349727873422123,0.982333852354439
fixed_lambda,cloud,sigma2,0.01,cloud,0.01,0.1,0.05,0.05179536610433671,0.9941779052152416,0.10810219348774021,0.022944445052746346,0.98129884664378,-0.14072657492894936,0.026821896015719188,0.9801960311087669
fixed_lambda,cloud,sigma2,0.01,cloud,0.01,0.1,0.05,0.05179536610433671,0.9974268324160478,0.20907279015720714,0.018297926883395575,0.9850860486727561,-0.15773282277729817,0.03507069702249146,0.9751203566187054
fixed_lambda,cloud,sigma2,0.01,cloud,0.01,0.1,0.05,0.05179536610433671,0.991789525968255,0.23829290742959347,0.018489615893086075,0.9849298101776134,-0.1648893787684731,0.03898498299255756,0.972811492769347
fixed_lambda,cloud,sigma2,0.01,cloud,0.01,0.1,0.05,0.05179536610433671,1.0114109723856273,0.14479350893668225,0.01805735975816052,0.985282125879729,-0.13487600177827785,0.024305952679719182,0.981808464144306
fixed_lambda,cloud,sigma2,0.01,cloud,0.01,0.1,0.05,0.05179536610433671,1.004940977443252,0.25851745064481413,0.015166561227429754,0.9876383069301249,-0.15448621372806437,0.03338397696485398,0.9761340097679668
fixed_lambda,cloud,sigma2,0.01,cloud,0.01,0.1,0.05,0.05179536610433671,0.9900049030216967,0.15623030938876245,0.021851261653919048,0.9821898592762907,-0.15626112367144218,0.034299340176946816,0.9755824612289382
fixed_lambda,cloud,sigma2,0.01,cloud,0.01,0.1,0.05,0.05179536610433671,0.9932973199010311,0.15652845213378852,0.0211260286824419,0.9827809693679666,-0.15341120423290167,0.03283742736141835,0.9764650024158109
fixed_lambda,cloud,sigma2,0.01,cloud,0.01,0.1,0.05,0.05179536610433671,1.0043263560524254,0.15879683228471325,0.018804668225148587,0.9846730228827545,-0.14411621988233558,0.028352811605905144,0.9792305151668264
fixed_lambda,cloud,sigma2,0.01,cloud,0.01,0.1,0.05,0.05179536610433671,0.9797796439051069,0.23177425182583145,0.021449445077016654,0.9825173648406418,-0.17479771830384894,0.04486944300849632,0.9694457576757682
fixed_lambda,cloud,sigma2,0.01,cloud,0.01,0.1,0.05,0.05179536610433671,1.0504557603582951,0.2093974344155849,0.010219856513657442,0.9916701797101171,-0.11172499110552903,0.01581997417490854,0.9875175263624695
fixed_lambda,cloud,sigma2,0.01,cloud,0.01,0.1,0.05,0.05179536610433671,1.0330015160999246,0.1890567979626976,0.012987542265084726,0.9894143432512147,-0.12417042447455184,0.020100049098500248,0.9845817056858096
fixed_lambda,cloud,sigma2,0.01,cloud,0.01,0.1,0.05,0.05179536610433671,1.0018435931142704,0.17062237154979587,0.0188267966390586,0.9846549868456609,-0.14850778266446274,0.030418448701411686,0.9779454384880847
fixed_lambda,cloud,sigma2,0.01,cloud,0.01,0.1,0.05,0.05179536610433671,1.025475816940618,0.2511121024495332,0.011918316053157569,0.9902858292826167,-0.1367580537158004,0.02509809463139588,0.9812972347438662
fixed_lambda,cloud,sigma2,0.01,cloud,0.01,0.1,0.05,0.05179536610433671,0.991707885710899,0.2024322274670273,0.019739858457608814,0.9839107845320655,-0.16196550074285998,0.03735263473790844,0.9737671765691146
fixed_lambda,cloud,sigma2,0.01,cloud,0.01,0.1,0.05,0.05179536610433671,1.025260845229997,0.1837230486572406,0.014282509069874407,0.9883588645611913,-0.13012512240728802,0.022377353642119985,0.9830674525184883
fixed_lambda,cloud,sigma2,0.01,cloud,0.01,0.1,0.05,0.05179536610433671,1.0004078282546067,0.21968561310112947,0.017325419535849967,0.9858787027990464,-0.15617740975712247,0.034255801679801724,0.9756086166815559
fixed_lambda,cloud,sigma2,0.01,cloud,0.01,0.1,0.05,0.05179536610433671,1.0053644505842816,0.18603286701454463,0.017566507232844628,0.9856822012936306,-0.14790761394554763,0.0301305939517199,0.9781233377369348
fixed_lambda,cloud,sigma2,0.01,cloud,0.01,0.1,0.05,0.05179536610433671,0.9840829805316528,0.17495196681442216,0.022463580755764646,0.9816907810288005,-0.16483940474641678,0.03895669317393318,0.972827970642847
fixed_lambda,cloud,sigma2,0.01,cloud,0.01,0.1,0.05,0.05179536610433671,1.0141821235251538,0.167950742588739,0.016659567385481907,0.9864214138189894,-0.13716511474081916,0.025271554137773378,0.9811857312981379
fixed_lambda,cloud,sigma2,0.01,cloud,0.01,0.1,0.05,0.05179536610433671,1.0074086034558392,0.15981907875930856,0.018184260135932977,0.9851786941593178,-0.14159498417425453,0.027208916339872956,0.9799508604566927
fixed_lambda,cloud,sigma2,0.01,cloud,0.01,0.1,0.05,0.05179536610433671,1.006988878517881,0.22983538916575397,0.015712600727261234,0.98719325069096,-0.1513266819422565,0.031794347938085415,0.9771002353323471
fixed_lambda,cloud,sigma2,0.01,cloud,0.01,0.1,0.05,0.05179536610433671,1.007680616459623,0.19469180392211385,0.016815090713903195,0.9862946526090935,-0.1471040242731657,0.029747945485554747,0.9783604060426399
fixed_lambda,cloud,sigma2,0.01,cloud,0.01,0.1,0.05,0.05179536610433671,1.0137997178112697,0.19479456967572123,0.015718968001285232,0.9871880609656164,-0.14177960389975797,0.027291653844496867,0.9798985439180278
fixed_lambda,cloud,sigma2,0.01,cloud,0.01,0.1,0.05,0.05179536610433671,0.9822356064667954,0.13152554038484182,0.024621082995172714,0.9799322821785209,-0.15769534955318343,0.03505091626455409,0.9751321767292993
fixed_lambda,cloud,sigma2,0.01,cloud,0.01,0.1,0.05,0.05179536610433671,0.9821936869997385,0.16443824584243216,0.02330913606673857,0.9810016007280637,-0.1647046941352629,0.03888050276449634,0.9728723637298095
fixed_lambda,cloud,sigma2,0.01,cloud,0.01,0.1,0.05,0.05179536610433671,1.0309076277430351,0.2707846730365461,0.010525926472254992,0.9914207136097033,-0.13275758245884695,0.023433526356195857,0.9823754242996825
fixed_lambda,cloud,sigma2,0.01,cloud,0.01,0.1,0.05,0.05179536610433671,1.0000156961184994,0.20155031660335623,0.01804114576421028,0.9852953412957778,-0.1546443437949112,0.03346487094055282,0.9760851269322413
fixed_lambda,cloud,sigma2,0.01,cloud,0.01,0.1,0.05,0.05179536610433671,0.9929553759419856,0.17263732044174956,0.02057355665312298,0.9832312685197465,-0.1566679993878679,0.03451146814989302,0.975455137967803
fixed_lambda,cloud,sigma2,0.01,cloud,0.01,0.1,0.05,0.05179536610433671,1.0083314456340697,0.14729205614330726,0.018511734932204482,0.9849117817815597,-0.13816628850012136,0.02570142641276901,0.9809100767221013
fixed_lambda,cloud,sigma2,0.01,cloud,0.01,0.1,0.05,0.05179536610433671,1.0065645397194682,0.21741024569788076,0.01621554105892156,0.9867833229611854,-0.1506548603708353,0.03146283717874691,0.9773031130466441
fixed_lambda,cloud,sigma2,0.01,cloud,0.01,0.1,0.05,0.05179536610433671,0.9907295739541953,0.2564165608837993,0.018136342950093146,0.9852177496535226,-0.16648085972038562,0.03989307061427592,0.9722841233467613
fixed_lambda,cloud,sigma2,0.01,cloud,0.01,0.1,0.05,0.05179536610433671,0.9828347705936361,0.16450838246787397,0.023155775409604305,0.9811265992260133,-0.16415278488287632,0.03856938468342489,0.9730538632151962
fixed_lambda,cloud,sigma2,0.01,cloud,0.01,0.1,0.05,0.05179536610433671,0.9986076725848784,0.13547470880532167,0.020869855069813988,0.9829897668352645,-0.14408127249854608,0.028336748338807977,0.9792405869151997
fixed_lambda,cloud,sigma2,0.01,cloud,0.01,0.1,0.05,0.05179536610433671,1.0131959487833677,0.22492630091387913,0.01476244929381006,0.9879676833533213,-0.14559942850507146,0.029039977817798757,0.9788008064189966
fixed_lambda,cloud,sigma2,0.01,cloud,0.01,0.1,0.05,0.05179536610433671,0.9827210033819147,0.11129699910093435,0.025362399974851232,0.9793280626172864,-0.1519145655518752,0.03208629876878659,0.976921964773185
fixed_lambda,cloud,sigma2,0.01,cloud,0.01,0.1,0.05,0.05179536610433671,0.9872997599367244,0.176396804571514,0.02167334357912289,0.9823348736008453,-0.16224953161082378,0.037509177824842095,0.9736750894920683
fixed_lambda,cloud,sigma2,0.01,cloud,0.01,0.1,0.05,0.05179536610433671,1.0032912820668893,0.15235188617936535,0.019258721931835393,0.9843029408005254,-0.14371992394183242,0.02817100102737747,0.9793445834621539
fixed_lambda,cloud,sigma2,0.01,cloud,0.01,0.1,0.05,0.05179536610433671,0.9961957361820697,0.1446437535766088,0.020990722618748067,0.9828912522465172,-0.14834508555890635,0.030340240087062306,0.9779937355905207
fixed_lambda,cloud,sigma2,0.01,cloud,0.01,0.1,0.05,0.05179536610433671,1.0140063384212707,0.18606171363779983,0.016004459173824825,0.986955367858974,-0.14034834751061198,0.026654442441135982,0.9803023413510406
fixed_lambda,cloud,sigma2,0.01,cloud,0.01,0.1,0.05,0.05179536610433671,1.016171626542688,0.20419290820354527,0.014976954720339108,0.9877928480557999,-0.14091376496391383,0.026905019819356432,0.9801433108436949
fixed_lambda,cloud,sigma2,0.01,cloud,0.01,0.1,0.05,0.05179536610433671,1.0328600278872209,0.16300223953880127,0.013994448603073696,0.9885936518028579,-0.11973932859990244,0.018503378803381203,0.9856624931864446
fixed_lambda,cloud,sigma2,0.01,cloud,0.01,0.1,0.05,0.05179536610433671,1.0282239037807102,0.16447602811955248,0.014581149079303392,0.9881154543326242,-0.1241231416930405,0.020082575816030516,0.9845934456962494
fixed_lambda,cloud,sigma2,0.01,cloud,0.01,0.1,0.05,0.05179536610433671,1.015629831856641,0.1663799310990982,0.0164738601142872,0.986572776824283,-0.13559792757907374,0.024607897272817574,0.9816132020362602
fixed_lambda,cloud,sigma2,0.01,cloud,0.01,0.1,0.05,0.05179536610433671,1.0011990621355666,0.18995412983527216,0.018227313429116505,0.9851436030409026,-0.15211354449239978,0.03218550865167992,0.9768614695819587
fixed_lambda,cloud,sigma2,0.01,cloud,0.01,0.1,0.05,0.05179536610433671,1.0177274099830038,0.17858993698357067,0.01565787696863091,0.9872378539663942,-0.1359035212479981,0.024736425804177124,0.9815302329123949
fixed_lambda,cloud,sigma2,0.01,cloud,0.01,0.1,0.05,0.05179536610433671,1.0273565639194868,0.2093893984821792,0.013042576892379452,0.9893694865984355,-0.1318042294380094,0.023047475462059853,0.9826276451022525
fixed_lambda,cloud,sigma2,0.01,cloud,0.01,0.1,0.05,0.05179536610433671,0.9844837850007723,0.1655432499668179,0.02273192963385635,0.9814720599609941,-0.16288671940505595,0.03786194228918683,0.9734679166414586
fixed_lambda,cloud,sigma2,0.01,cloud,0.01,0.1,0.05,0.05179536610433671,1.005766869071377,0.18974561715898175,0.017353246841585682,0.9858560218097762,-0.14809387685573838,0.030219740119477343,0.9780682036378374
fixed_lambda,cloud,sigma2,0.01,cloud,0.01,0.1,0.05,0.05179536610433671,1.0112356440880244,0.18123016939874334,0.016668917043745134,0.9864137932645325,-0.14202793475851894,0.027403197971286354,0.9798280657482299
fixed_lambda,cloud,sigma2,0.01,cloud,0.01,0.1,0.05,0.05179536610433671,1.0187649767178675,0.19014619565091545,0.015057749862621674,0.987726994977079,-0.1367897886306243,0.025111590379850515,0.9812885537263891
fixed_lambda,cloud,sigma2,0.01,cloud,0.01,0.1,0.05,0.05179536610433671,1.0068197018416427,0.1959353121942261,0.016929557593366576,0.9862013549650611,-0.14801930735892987,0.03018403037661384,0.9780902846489826
fixed_lambda,cloud,sigma2,0.01,cloud,0.01,0.1,0.05,0.05179536610433671,1.0049674868762055,0.2153706888864801,0.016587284073784705,0.9864803292250511,-0.15184087116099232,0.0320496057806466,0.976944349845071
fixed_lambda,cloud,sigma2,0.01,cloud,0.01,0.1,0.05,0.05179536610433671,1.002808393475122,0.1620477681287695,0.018970103602411335,0.984538182735014,-0.14608835315057178,0.02926882664563918,0.9786581930737538
fixed_lambda,cloud,sigma2,0.01,cloud,0.01,0.1,0.05,0.05179536610433671,1.0284718400932387,0.25026473106430147,0.011507809068891043,0.9906204180708362,-0.13416192577334518,0.024009615664109932,0.9820005776727874
fixed_lambda,cloud,sigma2,0.01,cloud,0.01,0.1,0.05,0.05179536610433671,0.9829338574333962,0.12693908194944534,0.024648190695099985,0.9799101877128535,-0.15593303901728084,0.03412891515818387,0.9756848873428352
fixed_lambda,cloud,sigma2,0.01,cloud,0.01,0.1,0.05,0.05179536610433671,1.0088570159806647,0.20156366239025114,0.016350849491502617,0.986673038151844,-0.14695738255497848,0.02967845979140953,0.9784035277125898
fixed_lambda,cloud,sigma2,0.01,cloud,0.01,0.1,0.05,0.05179536610433671,1.0006404747456352,0.14547712811937236,0.020054048388799817,0.9836547001476894,-0.14458697510869345,0.02856976226275261,0.979094606628918
fixed_lambda,cloud,sigma2,0.01,cloud,0.01,0.1,0.05,0.05179536610433671,0.9727320671232371,0.14932468804409954,0.026224157458809773,0.978625676535325,-0.1701366757065257,0.04203226010274272,0.9710535115795325
fixed_lambda,cloud,sigma2,0.01,cloud,0.01,0.1,0.05,0.05179536610433671,1.0097404630849822,0.20508624958283225,0.016064713816524266,0.9869062565681602,-0.14660882884392223,0.02951372035263966,0.9785058513050136
fixed_lambda,cloud,sigma2,0.01,cloud,0.01,0.1,0.05,0.05179536610433671,1.0077862052976325,0.21364195736006356,0.016119717588472658,0.9868614250644122,-0.1492315107655393,0.030767930014536444,0.9777299561946348
fixed_lambda,cloud,sigma2,0.01,cloud,0.01,0.1,0.05,0.05179536610433671,1.024039907123223,0.1664550926498521,0.015122562806819142,0.9876741683863239,-0.12819503355914297,0.02162239133792713,0.9835660333707702
fixed_lambda,cloud,sigma2,0.01,cloud,0.01,0.1,0.05,0.05179536610433671,0.9967427642402229,0.18262989313908645,0.019399449408237478,0.9841882391325801,-0.15494408173394758,0.033618558653561115,0.9759923315356238
fixed_lambda,cloud,sigma2,0.01,cloud,0.01,0.1,0.05,0.05179536610433671,1.0025240748876136,0.16662351187504268,0.018847669147396256,0.9846379744499175,-0.1471939011833019,0.029790585348253053,0.9783339554544404
fixed_lambda,cloud,sigma2,0.01,cloud,0.01,0.1,0.05,0.05179536610433671,1.0169845371870323,0.12850852814589,0.017769701274713882,0.9855165854798974,-0.1259689224988828,0.02077174963202066,0.9841318305644704
fixed_lambda,cloud,sigma2,0.01,cloud,0.01,0.1,0.05,0.05179536610433671,1.0340279132296621,0.19160109413252474,0.012757498508852936,0.989601843256294,-0.1236531265143973,0.019909397629600454,0.9847099043032145
fixed_lambda,cloud,sigma2,0.01,cloud,0.01,0.1,0.05,0.05179536610433671,0.9982031806630479,0.2298464524943319,0.01742375256638399,0.9857985552478735,-0.1588752180806453,0.035677257424020996,0.9747586650798274
fixed_lambda,cloud,sigma2,0.01,cloud,0.01,0.1,0.05,0.05179536610433671,1.0163216650223008,0.16042795071019617,0.016589295402472774,0.9864786898667595,-0.13384132095392431,0.023877315923093716,0.9820865008053086
fixed_lambda,cloud,sigma2,0.01,cloud,0.01,0.1,0.05,0.05179536610433671,1.0164488072946973,0.21425061213741067,0.014575902963383488,0.9881197302442062,-0.14179357332581177,0.027297920817465668,0.9798945825634976
fixed_lambda,cloud,sigma2,0.01,cloud,0.01,0.1,0.05,0.05179536610433671,0.9893432097909336,0.12487383197883284,0.023275224912997158,0.9810292404328004,-0.14968808521392973,0.0309897403059164,0.9775934771449873
fixed_lambda,cloud,sigma2,0.01,cloud,0.01,0.1,0.05,0.05179536610433671,0.9711103472782218,0.16663979478792607,0.025958026098046948,0.9788425901882412,-0.17484624567731166,0.044899640430824825,0.9694287903725491
fixed_lambda,cloud,sigma2,0.01,cloud,0.01,0.1,0.05,0.05179536610433671,0.9980498249215422,0.14183120946679842,0.020723258985407306,0.9831092517846546,-0.14606635454572914,0.029258504917070605,0.9786646200697213
fixed_lambda,cloud,sigma2,0.01,cloud,0.01,0.1,0.05,0.05179536610433671,1.0019850347854415,0.16194606006386733,0.01913479933749841,0.9844039454417651,-0.14679544869429761,0.02960185006392256,0.9784510962426398
fixed_lambda,cloud,sigma2,0.01,cloud,0.01,0.1,0.05,0.05179536610433671,0.9932589236443966,0.1573576840356139,0.021101515440702934,0.9828009491884401,-0.15360917390118345,0.03293763496987285,0.976404221693396
fixed_lambda,cloud,sigma2,0.01,cloud,0.01,0.1,0.05,0.05179536610433671,0.9790333688975583,0.1941963972498767,0.022943202811473922,0.9812998591478735,-0.17200125940568944,0.04315229531969619,0.9704155667628567
fixed_lambda,cloud,sigma2,0.01,cloud,0.01,0.1,0.05,0.05179536610433671,0.9913801432823343,0.2059678197212742,0.01968485635828941,0.9839556146725166,-0.1626432195357782,0.03772687581564038,0.9735471831390367
fixed_lambda,cloud,sigma2,0.01,cloud,0.01,0.1,0.05,0.05179536610433671,1.0238427970959303,0.18358556437506385,0.014501616584544767,0.9881802782748841,-0.13134675484831237,0.022863662547811674,0.9827480299908173
fixed_lambda,cloud,sigma2,0.01,cloud,0.01,0.1,0.05,0.05179536610433671,1.0037799209616889,0.20979522075250898,0.017009513517032147,0.9861361859018403,-0.15230380011218558,0.03228055600310688,0.9768035524713874
fixed_lambda,cloud,sigma2,0.01,cloud,0.01,0.1,0.05,0.05179536610433671,1.0112635641361785,0.17730947986545792,0.01681160816281669,0.986297491105374,-0.1413674054591615,0.027107148400791023,0.980015256673745
fixed_lambda,cloud,sigma2,0.01,cloud,0.01,0.1,0.05,0.05179536610433671,0.9784577471610607,0.1262359536983963,0.02574567027309381,0.9790156734264457,-0.15974507866134136,0.03614371969194605,0.9744815098434818
fixed_lambda,cloud,sigma2,0.01,cloud,0.01,0.1,0.05,0.05179536610433671,0.993267272189426,0.17447955280293237,0.020436663013986063,0.9833428453712723,-0.1567013481058127,0.03452889286465722,0.9754446875018209
fixed_lambda,cloud,sigma2,0.01,cloud,0.01,0.1,0.05,0.05179536610433671,0.9863086810570518,0.1407444810858834,0.023299363344766632,0.9810095661058222,-0.15624445154467603,0.03429066633067466,0.9755876713615034
fixed_lambda,cloud,sigma2,0.01,cloud,0.01,0.1,0.05,0.05179536610433671,0.9975716595510138,0.16647460314382073,0.01984343730333047,0.9838263613144262,-0.15152936824025498,0.03189480827675108,0.9770388505607092
fixed_lambda,cloud,sigma2,0.01,cloud,0.01,0.1,0.05,0.05179536610433671,1.0180214199243474,0.14711040359859556,0.016836405437970905,0.9862772797799568,-0.12952967841686358,0.022142703131303686,0.9832220624092239
fixed_lambda,cloud,sigma2,0.01,cloud,0.01,0.1,0.05,0.05179536610433671,0.9857133320394671,0.12753034468089489,0.023980424102691703,0.9804544591224291,-0.15360503206014786,0.03293553642292022,0.9764054941258009
fixed_lambda,cloud,sigma2,0.01,cloud,0.01,0.1,0.05,0.05179536610433671,0.9971320925107684,0.18350991586745471,0.0192863263349727,0.9842804414907713,-0.15473588455446974,0.033511758673271906,0.9760568060311459
fixed_lambda,cloud,sigma2,0.01,cloud,0.01,0.1,0.05,0.05179536610433671,1.0023441682301777,0.1956882582709333,0.017792627825571783,0.9854978989114257,-0.15188801380789585,0.03207307530284297,0.9769300312614925
fixed_lambda,cloud,sigma2,0.01,cloud,0.01,0.1,0.05,0.05179536610433671,1.0333623989670313,0.21395220670087878,0.01204607699307045,0.9901816961504031,-0.1271032296729787,0.021202515962292487,0.983844769006698
fixed_lambda,cloud,sigma2,0.01,cloud,0.01,0.1,0.05,0.05179536610433671,0.98169878374553,0.1983364103186001,0.02215517769704242,0.9819421487512899,-0.17018501952800058,0.0420610505791939,0.9710370591282541
fixed_lambda,cloud,sigma2,0.01,cloud,0.01,0.1,0.05,0.05179536610433671,1.0135003942572456,0.2057204906825807,0.015377553089625044,0.9874663354066142,-0.1434160376059953,0.028032095290718782,0.9794318401573957
fixed_lambda,cloud,sigma2,0.01,cloud,0.01,0.1,0.05,0.05179536610433671,1.0032969702195147,0.19034864307756622,0.01780265076555083,0.9854897295903897,-0.1503363954677417,0.031306479678781286,0.9773989681977667
fixed_lambda,cloud,sigma2,0.01,cloud,0.01,0.1,0.05,0.05179536610433671,1.0194539201327815,0.10901355869204113,0.018194324169138347,0.9851704913447401,-0.11833668485846838,0.018014958071202063,0.9859964290167076
fixed_lambda,cloud,sigma2,0.01,cloud,0.01,0.1,0.05,0.05179536610433671,1.0284164971818783,0.20436541750068227,0.013067805120485696,0.9893489240194917,-0.13028282341486752,0.022439761097072262,0.9830263859230505
fixed_lambda,cloud,sigma2,0.01,cloud,0.01,0.1,0.05,0.05179536610433671,1.0312146371479676,0.14519771837030793,0.014924439884227494,0.9878356509216502,-0.11738170151596294,0.017687031411561506,0.9862215361492174
fixed_lambda,cloud,sigma2,0.01,cloud,0.01,0.1,0.05,0.05179536610433671,1.0210270804521664,0.24593078794341672,0.012767599147189737,0.9895936106062517,-0.1403029475429287,0.026634387532574123,0.9803150829107662
fixed_lambda,cloud,sigma2,0.01,cloud,0.01,0.1,0.05,0.05179536610433671,1.0138354570395252,0.18051770930427705,0.016240873314663666,0.9867626755932319,-0.13963390252408459,0.026339963836769037,0.9805023732658944
fixed_lambda,cloud,sigma2,0.01,cloud,0.01,0.1,0.05,0.05179536610433671,1.0112316098889327,0.15642046840389195,0.01762465724333599,0.9856348054092949,-0.13753499359501165,0.025429830004872457,0.9810841255368201
fixed_lambda,cloud,sigma2,0.01,cloud,0.01,0.1,0.05,0.05179536610433671,0.9935592263035843,0.1546727333745111,0.021143602347598732,0.9827666457351057,-0.15280779617921303,0.03253322549890385,0.9766497774268521
fixed_lambda,cloud,sigma2,0.01,cloud,0.01,0.1,0.05,0.05179536610433671,0.982068735576612,0.23121612219404947,0.020922980580906653,0.9829464662312277,-0.1728035527532482,0.04364032871965973,0.9701389321558553
fixed_lambda,cloud,sigma2,0.01,cloud,0.01,0.1,0.05,0.05179536610433671,1.01820425163972,0.24321664230242193,0.013309452453806886,0.9891519663755751,-0.1425702622046381,0.027647814881867922,0.9796737203349007
fixed_lambda,cloud,sigma2,0.01,cloud,0.01,0.1,0.05,0.05179536610433671,0.9677357641911716,0.10690570376997137,0.029291884657997,0.9761252875882329,-0.1640714546076324,0.03852367809408828,0.9730805577829357
fixed_lambda,cloud,sigma2,0.01,cloud,0.01,0.1,0.05,0.05179536610433671,1.0294936777567754,0.15526207575530643,0.014761766023703373,0.9879682402610617,-0.12113206107582974,0.018996385325188457,0.9853270237795214
fixed_lambda,cloud,sigma2,0.01,cloud,0.01,0.1,0.05,0.05179536610433671,1.0091800584543824,0.15182227923834568,0.018175503440880487,0.9851858314117854,-0.13839391669761147,0.025799808820586367,0.9808471238210946
fixed_lambda,cloud,sigma2,0.01,cloud,0.01,0.1,0.05,0.05179536610433671,1.0102427529584925,0.23307846990796954,0.015009305886641414,0.9877664798380948,-0.14876211278893636,0.030540967111564437,0.9778698337985717
fixed_lambda,cloud,sigma2,0.01,cloud,0.01,0.1,0.05,0.05179536610433671,0.9915833785584733,0.19422279153886995,0.020063478354900136,0.9836470141373379,-0.1610752761418658,0.036864791491070824,0.9740547554158216
fixed_lambda,cloud,sigma2,0.01,cloud,0.01,0.1,0.05,0.05179536610433671,1.0131824320988057,0.1712796754710331,0.016704216060963284,0.9863850223645259,-0.1386462680361501,0.025909157363141717,0.980777212359648
fixed_lambda,cloud,sigma2,0.01,cloud,0.01,0.1,0.05,0.05179536610433671,0.9782252977640307,0.1948432782205876,0.023115783759898274,0.9811591949140939,-0.17278458506653305,0.04362874808725492,0.970145487163386
fixed_lambda,cloud,sigma2,0.01,cloud,0.01,0.1,0.05,0.05179536610433671,1.0300526905709506,0.20350040879720974,0.012867101494133547,0.9895125099892953,-0.12875048275806433,0.021837988418559325,0.9834233131895653
fixed_lambda,cloud,sigma2,0.01,cloud,0.01,0.1,0.05,0.05179536610433671,0.9914017292849219,0.15118648043403243,0.02174618149437693,0.982275506158304,-0.1540009708574419,0.03313654222917502,0.9762837009749653
fixed_lambda,cloud,sigma2,0.01,cloud,0.01,0.1,0.05,0.05179536610433671,0.9823571508518731,0.1266738816839022,0.024794649000160728,0.9797908150622213,-0.15637992473685058,0.03436118934999713,0.975545319139297
fixed_lambda,cloud,sigma2,0.01,cloud,0.01,0.1,0.05,0.05179536610433671,0.9730442599051955,0.2207874415615819,0.023486696755869674,0.9808568776951099,-0.17983803963038725,0.04807993528346441,0.9676582795018993
fixed_lambda,cloud,sigma2,0.01,cloud,0.01,0.1,0.05,0.05179536610433671,1.0271943923726772,0.18297755606230268,0.014025055027645285,0.988568705658452,-0.12831023295864952,0.021666995417895622,0.9835364841180971
fixed_lambda,cloud,sigma2,0.01,cloud,0.01,0.1,0.05,0.05179536610433671,1.006448811529075,0.1741332507627919,0.017809791385506053,0.9854839095398924,-0.14506397063416376,0.028790677287798543,0.9789564444238504
fixed_lambda,cloud,sigma2,0.01,cloud,0.01,0.1,0.05,0.05179536610433671,1.000589204658032,0.23828826026164007,0.01666276849605814,0.9864188047142732,-0.15736348652437204,0.03487605789430816,0.9752367331088938
fixed_lambda,cloud,sigma2,0.01,cloud,0.01,0.1,0.05,0.05179536610433671,0.9801273511933443,0.10900756931657109,0.02607636433419443,0.9787461371471233,-0.15358006837696858,0.032922889922047914,0.9764131625973257
fixed_lambda,cloud,sigma2,0.01,cloud,0.01,0.1,0.05,0.05179536610433671,1.009384520970651,0.18293863956544754,0.01693701761615742,0.9861952745813372,-0.1439185402492491,0.028262027037393566,0.9792874537725252
fixed_lambda,cloud,sigma2,0.01,cloud,0.01,0.1,0.05,0.05179536610433671,1.02898318465402,0.18125838434086622,0.013832136151914429,0.9887259465711025,-0.12646117142363678,0.020958006599351705,0.9840075721221615
fixed_lambda,cloud,sigma2,0.01,cloud,0.01,0.1,0.05,0.05179536610433671,1.0092055823565502,0.2510502468163145,0.014610062497826145,0.9880918880937108,-0.15062070330668997,0.031446042734819005,0.9773134037353981
fixed_lambda,cloud,sigma2,0.01,cloud,0.01,0.1,0.05,0.05179536610433671,1.0061897338900172,0.129560943570618,0.019634638485910023,0.9839965453697042,-0.135865939076524,0.024720596293705877,0.9815404465988543
fixed_lambda,cloud,sigma2,0.01,cloud,0.01,0.1,0.05,0.05179536610433671,1.0092036246231422,0.19081155560680035,0.016678142880145158,0.9864062736326146,-0.14524188706280994,0.028873358456007553,0.9789047942424339
fixed_lambda,cloud,sigma2,0.01,cloud,0.01,0.1,0.05,0.05179536610433671,0.9844188915722751,0.1590939211460869,0.022998543755610487,0.9812547528277688,-0.161750785002997,0.03723458204680381,0.9738366835509142
fixed_lambda,cloud,sigma2,0.01,cloud,0.01,0.1,0.05,0.05179536610433671,0.9989847929459187,0.1423766787376859,0.02051132950775424,0.9832819875232258,-0.14536032538068877,0.028928483853992916,0.9788703758052203
fixed_lambda,cloud,sigma2,0.01,cloud,0.01,0.1,0.05,0.05179536610433671,1.033971360955537,0.19946441421894412,0.012479073736267166,0.9898287768063679,-0.12481057344016888,0.02033754995785979,0.9844223207575362
fixed_lambda,cloud,sigma2,0.01,cloud,0.01,0.1,0.05,0.05179536610433671,1.0063720546276524,0.12462830047239129,0.019806809061228437,0.9838562156155934,-0.1344262259553055,0.024119029748368714,0.9819295897754131
fixed_lambda,cloud,sigma2,0.01,cloud,0.01,0.1,0.05,0.05179536610433671,1.0193327683531548,0.1561027419692359,0.016264582321178087,0.9867433512746123,-0.1303027654123905,0.022447660601520102,0.9830211893258836
fixed_lambda,cloud,sigma2,0.01,cloud,0.01,0.1,0.05,0.05179536610433671,0.994718271849109,0.20047310779502436,0.019167219355056688,0.9843775211059934,-0.1591213480222171,0.03580883936830903,0.9746803966035925
fixed_lambda,cloud,sigma2,0.01,cloud,0.01,0.1,0.05,0.05179536610433671,1.00731010089517,0.18798445839166072,0.017129751823569482,0.986038184184881,-0.14649217233795153,0.029458716539457294,0.9785400434437079
fixed_lambda,cloud,sigma2,0.01,cloud,0.01,0.1,0.05,0.05179536610433671,0.991089887364925,0.1355876404868297,0.022446215658981035,0.9817049346654324,-0.15079607774964798,0.03153233329074065,0.9772605429353222
fixed_lambda,cloud,sigma2,0.01,cloud,0.01,0.1,0.05,0.05179536610433671,0.9923067829448666,0.1887648811312253,0.020107342394799797,0.9836112622097972,-0.15971353206502448,0.036126732974759185,0.9744915876753144
fixed_lambda,cloud,sigma2,0.01,cloud,0.01,0.1,0.05,0.05179536610433671,0.9938524673349853,0.1807762046730735,0.02007413749491059,0.9836383262736078,-0.1571924037152087,0.03478613896071439,0.9752905482142349
fixed_lambda,cloud,sigma2,0.01,cloud,0.01,0.1,0.05,0.05179536610433671,0.9894986515107324,0.19599123421631862,0.020455506394283462,0.9833274868414024,-0.16311538842681383,0.037989073758496944,0.9733933700583697
fixed_lambda,cloud,sigma2,0.01,cloud,0.01,0.1,0.05,0.05179536610433671,1.015721087016494,0.19555392263722765,0.01536378466289781,0.9874775575328896,-0.14020582379865898,0.026591516695180197,0.9803423269729394
fixed_lambda,cloud,sigma2,0.01,cloud,0.01,0.1,0.05,0.05179536610433671,1.029346440903124,0.21049741260526023,0.012718426386122583,0.9896336894725547,-0.1302029578169297,0.022408141974404838,0.9830471897757228
fixed_lambda,cloud,sigma2,0.01,cloud,0.01,0.1,0.05,0.05179536610433671,1.0094867699837975,0.146249221236664,0.018343238692152698,0.9850491167233248,-0.13691034233448474,0.02516289977027654,0.9812555581618542
fixed_lambda,cloud,sigma2,0.01,cloud,0.01,0.1,0.05,0.05179536610433671,0.9967507379841987,0.17542901424877494,0.019669114927483196,0.9839684449201376,-0.1537994794727543,0.033034151404697135,0.9763457201139099
fixed_lambda,cloud,sigma2,0.01,cloud,0.01,0.1,0.05,0.05179536610433671,0.9976133698410565,0.2481644355520079,0.016941894869513748,0.9861912993157439,-0.16037699191745713,0.036485093614792144,0.9742792204635079
fixed_lambda,cloud,sigma2,0.01,cloud,0.01,0.1,0.05,0.05179536610433671,1.0011813901964788,0.08192550415966632,0.022673462956470568,0.9815197139485936,-0.1260014751537819,0.020784034756881585,0.9841236282590708
fixed_lambda,cloud,sigma2,0.01,cloud,0.01,0.1,0.05,0.05179536610433671,1.0048870162914996,0.18341681591739534,0.017754474376679957,0.9855289963512267,-0.14793197797072277,0.03014224497065298,0.9781161298936696
fixed_lambda,cloud,sigma2,0.01,cloud,0.01,0.1,0.05,0.05179536610433671,0.9844249132521844,0.19426997059726986,0.021665195064741655,0.9823415151481444,-0.16731658151409134,0.04037552036972361,0.9720051615504385
fixed_lambda,cloud,sigma2,0.01,cloud,0.01,0.1,0.05,0.05179536610433671,0.9805667485603171,0.12589270645111011,0.02525183975550023,0.9794181760897381,-0.15777756875061255,0.035094326417780944,0.9751062387991457
fixed_lambda,cloud,sigma2,0.01,cloud,0.01,0.1,0.05,0.05179536610433671,1.0003615259959053,0.21248425811581403,0.017584626477723454,0.9856674329792783,-0.1555411932236811,0.033926098138854555,0.9758069372105534
fixed_lambda,cloud,sigma2,0.01,cloud,0.01,0.1,0.05,0.05179536610433671,1.0096949506550073,0.19743416366172173,0.0163476353860242,0.9866756578482156,-0.14570863402699807,0.02909099257146532,0.9787689939699863
fixed_lambda,cloud,sigma2,0.01,cloud,0.01,0.1,0.05,0.05179536610433671,1.021581443286537,0.14661828303785923,0.016285196155892724,0.9867265497140005,-0.12625977785702214,0.0208816775126213,0.9840584684954954
fixed_lambda,cloud,sigma2,0.01,cloud,0.01,0.1,0.05,0.05179536610433671,1.0007742736308385,0.2326225679448437,0.016813901605046,0.9862956218069557,-0.1568571263725853,0.03461036358618252,0.9753958419061348
fixed_lambda,cloud,sigma2,0.01,cloud,0.01,0.1,0.05,0.05179536610433671,1.0026114825981616,0.2380542872378999,0.01627249413225119,0.9867369026552684,-0.15561947894848627,0.03396655500796131,0.9757825777718017
fixed_lambda,cloud,sigma2,0.01,cloud,0.01,0.1,0.05,0.05179536610433671,0.9994646184891578,0.16924940319748727,0.0193522083885695,0.9842267435091943,-0.15035953458005225,0.03131782327969225,0.9773920103608701
fixed_lambda,cloud,sigma2,0.01,cloud,0.01,0.1,0.05,0.05179536610433671,1.005352724087097,0.18712883972706965,0.017528095278229565,0.9857135094317144,-0.1480792018299808,0.030212710399734343,0.9780725499853958
fixed_lambda,cloud,sigma2,0.01,cloud,0.01,0.1,0.05,0.05179536610433671,1.0229681708290044,0.2013135007787164,0.013986685688767504,0.9885999790620528,-0.13464312787815513,0.024209057971946536,0.9818712281151868
fixed_lambda,cloud,sigma2,0.01,cloud,0.01,0.1,0.05,0.05179536610433671,1.0069861625823946,0.1943058412588966,0.016957860603579226,0.9861782862469808,-0.14765811123691663,0.03001144818466791,0.9781970821859464
fixed_lambda,cloud,sigma2,0.01,cloud,0.01,0.1,0.05,0.05179536610433671,1.0173124955602142,0.19904479161083208,0.014971647389412326,0.9877971738614294,-0.1392791838334525,0.02618471273370392,0.9806013089506873
fixed_lambda,cloud,sigma2,0.01,cloud,0.01,0.1,0.05,0.05179536610433671,0.9931935486844408,0.15192335158597325,0.021330831950436946,0.9826140419346019,-0.15256827388652283,0.0324129849390073,0.9767229218032869
fixed_lambda,cloud,sigma2,0.01,cloud,0.01,0.1,0.05,0.05179536610433671,0.9822964876510306,0.16343867249761163,0.023323793836119468,0.9809896537320731,-0.16443297280692737,0.038727122536962595,0.9729617974538762
fixed_lambda,cloud,sigma2,0.01,cloud,0.01,0.1,0.05,0.05179536610433671,1.0175686631919587,0.1537342555279462,0.01664611285341683,0.9864323801015431,-0.13136946706111807,0.02287276637558202,0.9827420631240779
fixed_lambda,cloud,sigma2,0.01,cloud,0.01,0.1,0.05,0.05179536610433671,1.0180472831797418,0.17917666106622765,0.015583232453611281,0.9872986939003902,-0.135719492722156,0.02465897493166071,0.9815802192952406
fixed_lambda,cloud,sigma2,0.01,cloud,0.01,0.1,0.05,0.05179536610433671,0.9906495495232583,0.1793816802016502,0.020816785136659223,0.9830330221398165,-0.1597830280362269,0.03616416105830388,0.9744693839515743
fixed_lambda,cloud,sigma2,0.01,cloud,0.01,0.1,0.05,0.05179536610433671,1.0033590658518121,0.1510128390771503,0.01929899762366824,0.9842701136004008,-0.14337775058447622,0.02801462571367615,0.9794428206373358
fixed_lambda,cloud,sigma2,0.01,cloud,0.01,0.1,0.05,0.05179536610433671,1.0006951201536425,0.19538107868271978,0.018128593706087017,0.9852240657705705,-0.15328523998487487,0.0327737710333546,0.9765036352027793
fixed_lambda,cloud,sigma2,0.01,cloud,0.01,0.1,0.05,0.05179536610433671,1.0040729274149978,0.14280902686876573,0.01949171058376064,0.984113040521835,-0.1409407566226767,0.02691701936406897,0.9801357031226274
fixed_lambda,cloud,sigma2,0.01,cloud,0.01,0.1,0.05,0.05179536610433671,0.9895590775435485,0.19297332031165718,0.020552132790909988,0.9832487303032765,-0.1626773397163057,0.037745782603558646,0.9735360831428257
fixed_lambda,cloud,sigma2,0.01,cloud,0.01,0.1,0.05,0.05179536610433671,1.032867940949627,0.18048955817450343,0.01332431555166969,0.9891398520240691,-0.12292270373266978,0.019642124978243167,0.9848900089070503
fixed_lambda,cloud,sigma2,0.01,cloud,0.01,0.1,0.05,0.05179536610433671,1.0262822702781116,0.2141506846220096,0.013032888703967922,0.9893773830760715,-0.13326354644488403,0.023640061820746853,0.9822408271889322
fixed_lambda,cloud,sigma2,0.01,cloud,0.01,0.1,0.05,0.05179536610433671,1.02535057924195,0.17461327486967632,0.014612237556717766,0.9880901152850944,-0.1285264072620238,0.021750851936402252,0.9834809626363163
fixed_lambda,cloud,sigma2,0.01,cloud,0.01,0.1,0.05,0.05179536610433671,1.0127365202951815,0.18835308837816758,0.016139629730592332,0.9868451954270174,-0.14180031359222012,0.027300944970445037,0.979892671065148
fixed_lambda,cloud,sigma2,0.01,cloud,0.01,0.1,0.05,0.05179536610433671,1.0276939206591054,0.18815106627055606,0.013760346613132735,0.9887844595214502,-0.12868042860192264,0.021810722848898886,0.9834413472948255
fixed_lambda,cloud,sigma2,0.01,cloud,0.01,0.1,0.05,0.05179536610433671,1.0206845378108185,0.1505992309895307,0.016266987665813425,0.9867413907687559,-0.12793708124349334,0.021522724014042368,0.9836321032428957
fixed_lambda,cloud,sigma2,0.01,cloud,0.01,0.1,0.05,0.05179536610433671,0.9781737002562823,0.17545074357845197,0.02384952718005595,0.9805611482760975,-0.17010210901015255,0.04201168249682065,0.9710652725102982
fixed_lambda,cloud,sigma2,0.01,cloud,0.01,0.1,0.05,0.05179536610433671,1.0333738674588693,0.1992214369261966,0.01256709405446365,0.9897570347587712,-0.12529916857601375,0.020519997324312384,0.9843001183541596
fixed_lambda,cloud,sigma2,0.01,cloud,0.01,0.1,0.05,0.05179536610433671,1.0206114096496357,0.23381756637509032,0.013230861000136063,0.9892160233106724,-0.13990908064212249,0.026460806722760407,0.9804254491538761
fixed_lambda,cloud,sigma2,0.01,cloud,0.01,0.1,0.05,0.05179536610433671,1.010236153629663,0.17966922736074492,0.016905989542855045,0.9862205643957495,-0.14265493747105906,0.02768613379497779,0.9796495688151282
fixed_lambda,cloud,sigma2,0.01,cloud,0.01,0.1,0.05,0.05179536610433671,1.0178934833233324,0.1788476366345845,0.015620862060968571,0.9872680234241026,-0.13580029574536212,0.02469296295093531,0.9815582796754722
fixed_lambda,cloud,sigma2,0.01,cloud,0.01,0.1,0.05,0.05179536610433671,0.9963952428335449,0.15784150561916255,0.02042274505116867,0.983354189378785,-0.15093403421898388,0.03160032103095255,0.9772189173143826
fixed_lambda,cloud,sigma2,0.01,cloud,0.01,0.1,0.05,0.05179536610433671,1.0143725487866275,0.200712889009393,0.01540641672538994,0.9874428097437526,-0.14205220219767734,0.027414113978177907,0.9798211718507902
fixed_lambda,cloud,sigma2,0.01,cloud,0.01,0.1,0.05,0.05179536610433671,1.021340854663241,0.2124012343472388,0.0138469683331422,0.9887138574185816,-0.13735981539575293,0.025354790514721743,0.9811322811144447
fixed_lambda,cloud,sigma2,0.01,cloud,0.01,0.1,0.05,0.05179536610433671,1.031349810420231,0.19344417656817284,0.013050577325718788,0.9893629657464188,-0.12626365445713505,0.0208831451156253,0.9840574895631292
fixed_lambda,cloud,sigma2,0.01,cloud,0.01,0.1,0.05,0.05179536610433671,1.0316897052547638,0.19420833801377207,0.012976137933627776,0.9894236384924381,-0.12607589677500142,0.020812137995379756,0.9841048682523792
fixed_lambda,cloud,sigma2,0.01,cloud,0.01,0.1,0.05,0.05179536610433671,1.0273437668558436,0.16908126945693247,0.014530241230184248,0.9881569474038763,-0.12577392851010694,0.0206982555336425,0.9841809189071345
fixed_lambda,cloud,sigma2,0.01,cloud,0.01,0.1,0.05,0.05179536610433671,1.0410418508429484,0.1984964772881629,0.011630280592873089,0.9905205961424133,-0.11850844710856445,0.01807433405627359,0.9859557479639166
fixed_lambda,cloud,sigma2,0.01,cloud,0.01,0.1,0.05,0.05179536610433671,1.0134215237850155,0.20977256946747844,0.015247840167439299,0.9875720595260907,-0.14394201070646773,0.028272796059991823,0.9792806975537791
fixed_lambda,cloud,sigma2,0.01,cloud,0.01,0.1,0.05,0.05179536610433671,0.9893337643208104,0.16214444952506385,0.021767137244570068,0.9822584259152579,-0.15799201616061376,0.03520771690529953,0.9750385228295043
fixed_lambda,cloud,sigma2,0.01,cloud,0.01,0.1,0.05,0.05179536610433671,0.9960854074631595,0.1795122830601181,0.019652590213749696,0.9839819135921838,-0.15503935160427862,0.03366750397329955,0.9759627994541249
fixed_lambda,cloud,sigma2,0.01,cloud,0.01,0.1,0.05,0.05179536610433671,0.9969924834263599,0.19480966434260166,0.01889847813770455,0.9845965619547603,-0.1564378143176962,0.03439135382470721,0.975527210251502
fixed_lambda,cloud,sigma2,0.01,cloud,0.01,0.1,0.05,0.05179536610433671,0.9940519694148022,0.19023123789238724,0.019680477769280686,0.9839591834955737,-0.15839211722411795,0.03541991698274987,0.9749119372012612
fixed_lambda,cloud,sigma2,0.01,cloud,0.01,0.1,0.05,0.05179536610433671,1.0000764388229588,0.1620103417666328,0.01951007434001065,0.9840980729154694,-0.1484917338050854,0.03041072819856476,0.9779502049915596
fixed_lambda,cloud,sigma2,0.01,cloud,0.01,0.1,0.05,0.05179536610433671,1.0170103894218006,0.21344313456051184,0.014510551334415265,0.9881729958966377,-0.14122345809613668,0.027042904702370384,0.9800559348833687
fixed_lambda,cloud,sigma2,0.01,cloud,0.01,0.1,0.05,0.05179536610433671,0.9948698236752386,0.19862783009759294,0.019201827404571745,0.9843493133877482,-0.15876705196439245,0.03561953235195809,0.974793023210536
fixed_lambda,cloud,sigma2,0.01,cloud,0.01,0.1,0.05,0.05179536610433671,0.9933937041523525,0.14631578809875675,0.021512813727099223,0.9824657154396452,-0.15119816389687912,0.031730755586183615,0.9771391152342125
fixed_lambda,cloud,sigma2,0.01,cloud,0.01,0.1,0.05,0.05179536610433671,1.0025314666732936,0.19672884606511792,0.01771830454843767,0.9855584770165151,-0.1518591904256722,0.032058724523437075,0.9769387862832595
fixed_lambda,cloud,sigma2,0.01,cloud,0.01,0.1,0.05,0.05179536610433671,1.036922969972451,0.2003958980180378,0.012064465657856608,0.9901667082420273,-0.12236068273019451,0.019438002839682358,0.9850278633218007
fixed_lambda,cloud,sigma2,0.01,cloud,0.01,0.1,0.05,0.05179536610433671,1.016988369369806,0.19552535101863217,0.015152819082553266,0.9876495076350532,-0.13909627793828838,0.02610488875902908,0.9806522254637144
fixed_lambda,cloud,sigma2,0.01,cloud,0.01,0.1,0.05,0.05179536610433671,1.017973630641566,0.15100992790806578,0.01668796895197879,0.9863982647713923,-0.13042906311781755,0.02249773086413328,0.9829882594942083
fixed_lambda,cloud,sigma2,0.01,cloud,0.01,0.1,0.05,0.05179536610433671,0.9889979192495838,0.18348418927217647,0.02102694199728348,0.9828617311946504,-0.1618498858754056,0.03728903788583081,0.9738046144421182
fixed_lambda,cloud,sigma2,0.01,cloud,0.01,0.1,0.05,0.05179536610433671,1.0321308202367807,0.15004070619068643,0.014604597380384488,0.9880963425051883,-0.11766372381312462,0.017783486411337476,0.9861552480984287
fixed_lambda,cloud,sigma2,0.01,cloud,0.01,0.1,0.05,0.05179536610433671,0.9872684721936151,0.1532290392352318,0.02257965285992778,0.9815961750265484,-0.1580777141682177,0.03525309761830622,0.9750114362833513
fixed_lambda,cloud,sigma2,0.01,cloud,0.01,0.1,0.05,0.05179536610433671,0.9889128996532648,0.17098574542643377,0.021518530106832412,0.9824610562337335,-0.15994068788667448,0.03624916594323729,0.9744189763583374
fixed_lambda,cloud,sigma2,0.01,cloud,0.01,0.1,0.05,0.05179536610433671,1.0325572557708753,0.15326427601787715,0.014418378928356892,0.988248122154734,-0.11799112396804678,0.017895867890046206,0.986078094664757
fixed_lambda,cloud,sigma2,0.01,cloud,0.01,0.1,0.05,0.05179536610433671,0.9730519021096977,0.17820717060840383,0.0250193585125789,0.9796076627984522,-0.17501719498360924,0.045006127350597364,0.9693689814600693
fixed_lambda,cloud,sigma2,0.01,cloud,0.01,0.1,0.05,0.05179536610433671,1.025629756999997,0.17072180877669427,0.01471923642717085,0.9880029045340526,-0.12758588921806668,0.021387495283874507,0.9837218408724352
fixed_lambda,cloud,sigma2,0.01,cloud,0.01,0.1,0.05,0.05179536610433671,0.9944314241232481,0.21335917119432182,0.018770932747849918,0.9847005194002364,-0.16075675962057356,0.03669127328168862,0.9741572642362931
fixed_lambda,cloud,sigma2,0.01,cloud,0.01,0.1,0.05,0.05179536610433671,0.9839151459919124,0.19079011151547898,0.021910642197357676,0.9821414604308765,-0.16731075744051338,0.04037214482421899,0.9720071104446817
fixed_lambda,cloud,sigma2,0.01,cloud,0.01,0.1,0.05,0.05179536610433671,0.9924428151826206,0.12424192917233953,0.022625409967456864,0.9815588801308527,-0.14675796953053444,0.02958413719415833,0.9784620983792747
fixed_lambda,cloud,sigma2,0.01,cloud,0.01,0.1,0.05,0.05179536610433671,1.0008190226898526,0.1725705223558177,0.01895442250513987,0.9845509638070422,-0.14974585052883527,0.031017877295515237,0.9775761802493957
fixed_lambda,cloud,sigma2,0.01,cloud,0.01,0.1,0.05,0.05179536610433671,1.0074114014388764,0.19815055152164907,0.01673936554712051,0.9863563733416574,-0.14779010317943608,0.030074440590778188,0.9781580854022116
fixed_lambda,cloud,sigma2,0.01,cloud,0.01,0.1,0.05,0.05179536610433671,1.008879268744119,0.22265811355195392,0.015607831181125487,0.9872786444036796,-0.14912850155192237,0.030718029659080923,0.9777606900248783
fixed_lambda,cloud,sigma2,0.01,cloud,0.01,0.1,0.05,0.05179536610433671,1.0155604791306183,0.21288396307237717,0.014772849874223198,0.9879592062317848,-0.14242110844294287,0.027580399809445783,0.9797162278698835
fixed_lambda,cloud,sigma2,0.01,cloud,0.01,0.1,0.05,0.05179536610433671,0.9946158515629584,0.16888596623696736,0.020364647281149898,0.9834015426838781,-0.1545621469973042,0.03342280585480924,0.9761105427155837
fixed_lambda,cloud,sigma2,0.01,cloud,0.01,0.1,0.05,0.05179536610433671,1.0139926221372468,0.19504148283222755,0.015676759140566352,0.9872224638189205,-0.14164469723569462,0.027231179437805324,0.9799367797450084
fixed_lambda,cloud,sigma2,0.01,cloud,0.01,0.1,0.05,0.05179536610433671,1.045826778923729,0.21572827713875656,0.010478415052853449,0.9914594383789604,-0.11648587544045774,0.017382792345294683,0.9864310408228701
fixed_lambda,cloud,sigma2,0.01,cloud,0.01,0.1,0.05,0.05179536610433671,1.0233071148735564,0.13539454152627756,0.016474549744655894,0.9865722147325325,-0.12207460437097561,0.01933461047406348,0.9850977909676698
fixed_lambda,cloud,sigma2,0.01,cloud,0.01,0.1,0.05,0.05179536610433671,0.9944942948368932,0.20247285162017187,0.019142675763443664,0.9843975256635067,-0.1595502001488288,0.03603886877753085,0.9745437336324687
fixed_lambda,cloud,sigma2,0.01,cloud,0.01,0.1,0.05,0.05179536610433671,1.0075548909001992,0.13481243109229793,0.019162827442755218,0.9843811007883648,-0.1359578405222157,0.024759316326144497,0.9815154656005357
fixed_lambda,cloud,sigma2,0.01,cloud,0.01,0.1,0.05,0.05179536610433671,1.0203224225071503,0.13308786533917033,0.017036442553513706,0.9861142370580213,-0.12415939877018745,0.02009597371763269,0.9845844436970256
fixed_lambda,cloud,sigma2,0.01,cloud,0.01,0.1,0.05,0.05179536610433671,1.0211693118510947,0.17981743570609288,0.015057143144669735,0.9877274894900402,-0.13308403296151328,0.0235666527436408,0.9822886401706988
fixed_lambda,cloud,sigma2,0.01,cloud,0.01,0.1,0.05,0.05179536610433671,0.9761532756350603,0.15191906978417732,0.02526139565771175,0.9794103874336036,-0.16764067825328155,0.04056365900974066,0.9718966029947798
fixed_lambda,cloud,sigma2,0.1,cloud,0.1,0.31622776601683794,0.05,0.05179536610433671,0.984162988809213,0.2286807674096321,0.020518608991635982,0.9832760542899699,-0.17084663940062694,0.0424563984511233,0.9708114258055122
fixed_lambda,cloud,sigma2,0.1,cloud,0.1,0.31622776601683794,0.05,0.05179536610433671,1.0310414958841019,0.2893334721819273,0.009958489061436135,0.9918832104805313,-0.13269575880073736,0.02340836842491864,0.9823918355962965
fixed_lambda,cloud,sigma2,0.1,cloud,0.1,0.31622776601683794,0.05,0.05179536610433671,1.0466013236974117,0.15405271519120034,0.012689967003237447,0.9896568856441132,-0.10571328389948154,0.01397351188605729,0.9888247016071876
fixed_lambda,cloud,sigma2,0.1,cloud,0.1,0.31622776601683794,0.05,0.05179536610433671,1.001155892827506,0.14527412094996298,0.019960086042040814,0.9837312853190636,-0.14408465137629323,0.028338301155129444,0.9792396132377721
fixed_lambda,cloud,sigma2,0.1,cloud,0.1,0.31622776601683794,0.05,0.05179536610433671,0.96433474770673,0.18618786079808025,0.027009928698639066,0.9779852239802437,-0.18377448264121854,0.0506932437808887,0.9662269395299524
fixed_lambda,cloud,sigma2,0.1,cloud,0.1,0.31622776601683794,0.05,0.05179536610433671,0.9076104066102801,0.12159636285977703,0.04818217179438243,0.960728525719796,-0.22170479274983135,0.08114494144556267,0.9508469848717543
fixed_lambda,cloud,sigma2,0.1,cloud,0.1,0.31622776601683794,0.05,0.05179536610433671,0.9955319851099809,0.2220059511839459,0.018240722367939635,0.9851326739196841,-0.16057788783018256,0.036594066391020426,0.9742147419399974
fixed_lambda,cloud,sigma2,0.1,cloud,0.1,0.31622776601683794,0.05,0.05179536610433671,0.9442802247134157,0.11314627452835822,0.03577712531741559,0.9708394120813305,-0.1868154480782236,0.052777319889061515,0.9650999883593325
fixed_lambda,cloud,sigma2,0.1,cloud,0.1,0.31622776601683794,0.05,0.05179536610433671,1.001956261908552,0.1747355928344981,0.018647624847679505,0.9848010230274028,-0.14911299529119693,0.030710522573762215,0.9777653146352875
fixed_lambda,cloud,sigma2,0.1,cloud,0.1,0.31622776601683794,0.05,0.05179536610433671,0.9780813661367593,0.2813809761050305,0.02029935267417016,0.9834547618598336,-0.17712980862958783,0.04633622472097068,0.9686250308948456
fixed_lambda,cloud,sigma2,0.1,cloud,0.1,0.31622776601683794,0.05,0.05179536610433671,0.9413919642327173,0.2703514054841016,0.030921831222671534,0.974796779507155,-0.20800732296675695,0.0689786860521878,0.9567329535922032
fixed_lambda,cloud,sigma2,0.1,cloud,0.1,0.31622776601683794,0.05,0.05179536610433671,0.9696476281066732,0.22425962479926503,0.024241935541258714,0.9802413109941652,-0.18300535732605916,0.050175208933621256,0.9665090391899614
fixed_lambda,cloud,sigma2,0.1,cloud,0.1,0.31622776601683794,0.05,0.05179536610433671,1.000956985121795,0.11031917410290668,0.02145973454980311,0.9825089782787488,-0.13530042011987498,0.024483178240521684,0.9816937963153853
fixed_lambda,cloud,sigma2,0.1,cloud,0.1,0.31622776601683794,0.05,0.05179536610433671,1.0783226194618016,0.20723907006056913,0.00831139847023105,0.9932256920122007,-0.08716483882073023,0.009117965455967424,0.9924022908733561
fixed_lambda,cloud,sigma2,0.1,cloud,0.1,0.31622776601683794,0.05,0.05179536610433671,1.0065025021441287,0.3425150743641101,0.01252366128504102,0.9897924351739824,-0.1499665774445781,0.031125544378929886,0.9775100256495594
fixed_lambda,cloud,sigma2,0.1,cloud,0.1,0.31622776601683794,0.05,0.05179536610433671,1.0240488577993836,0.21410570971155227,0.01336872929382105,0.989103652054918,-0.13519445403261687,0.024438853073738498,0.9817224595988226
fixed_lambda,cloud,sigma2,0.1,cloud,0.1,0.31622776601683794,0.05,0.05179536610433671,1.0827577175703185,0.062452577570137016,0.014105775247543945,0.9885029136461456,-0.0449511381802471,0.002215288039550867,0.9979793951763003
fixed_lambda,cloud,sigma2,0.1,cloud,0.1,0.31622776601683794,0.05,0.05179536610433671,1.0172651509884334,0.1486768463974377,0.01689805141448747,0.9862270344653293,-0.13054812169621932,0.02254499561792527,0.9829571879215891
fixed_lambda,cloud,sigma2,0.1,cloud,0.1,0.31622776601683794,0.05,0.05179536610433671,0.9447300277020141,0.30472874472788475,0.02887725388610463,0.976463237520495,-0.20359413418091032,0.06535241219533251,0.9585494285271254
fixed_lambda,cloud,sigma2,0.1,cloud,0.1,0.31622776601683794,0.05,0.05179536610433671,0.8893075381934105,0.07940799362268054,0.05741432297178902,0.953203746864627,-0.2259350127662313,0.08519463145524302,0.9489533700063228
fixed_lambda,cloud,sigma2,0.1,cloud,0.1,0.31622776601683794,0.05,0.05179536610433671,0.9363199718161286,0.20285704003127283,0.03478862469225676,0.9716451017260928,-0.20998543414014248,0.07064934563027757,0.9559061174489759
fixed_lambda,cloud,sigma2,0.1,cloud,0.1,0.31622776601683794,0.05,0.05179536610433671,1.1144204138250642,0.1763311140455889,0.009182436875737818,0.9925157414004908,-0.05031949419700099,0.0028074852771708026,0.997467948503758
fixed_lambda,cloud,sigma2,0.1,cloud,0.1,0.31622776601683794,0.05,0.05179536610433671,0.9979026310929415,0.10098242409131361,0.022480684684010016,0.9816768402608118,-0.13523605508818082,0.02445624853614559,0.9817112094041865
fixed_lambda,cloud,sigma2,0.1,cloud,0.1,0.31622776601683794,0.05,0.05179536610433671,1.0625994113731596,0.29026418038297797,0.006575198426255376,0.9946408033040546,-0.10619297746236678,0.014115753655435518,0.9887230515376773
fixed_lambda,cloud,sigma2,0.1,cloud,0.1,0.31622776601683794,0.05,0.05179536610433671,0.944853371350306,0.23779630488548958,0.03086695183200833,0.9748415096324001,-0.20488318834314345,0.06639735444569196,0.958022879134348
fixed_lambda,cloud,sigma2,0.1,cloud,0.1,0.31622776601683794,0.05,0.05179536610433671,0.9952189375478657,0.023738497052397195,0.026667209851565697,0.9782645612099066,-0.10732276389684292,0.014454223873082093,0.9884818243495425
fixed_lambda,cloud,sigma2,0.1,cloud,0.1,0.31622776601683794,0.05,0.05179536610433671,1.0562630572927105,0.14607627860749461,0.012070484836663587,0.9901618022359903,-0.09532567343215281,0.011102869428957975,0.9909130159847066
fixed_lambda,cloud,sigma2,0.1,cloud,0.1,0.31622776601683794,0.05,0.05179536610433671,1.0463599266267127,0.24494796943110306,0.009439943370211116,0.9923058575513806,-0.1185636247060573,0.018093433886161376,0.9859426668965612
fixed_lambda,cloud,sigma2,0.1,cloud,0.1,0.31622776601683794,0.05,0.05179536610433671,1.0401940889144692,0.307586367651538,0.008266630825493136,0.9932621804340263,-0.12463801589325496,0.020273358028923015,0.9844653649941927
fixed_lambda,cloud,sigma2,0.1,cloud,0.1,0.31622776601683794,0.05,0.05179536610433671,1.0829264194766333,0.39961784291550256,0.0027991561353393297,0.9977185132159595,-0.08170158933335114,0.007915773236740465,0.9933248503004044
fixed_lambda,cloud,sigma2,0.1,cloud,0.1,0.31622776601683794,0.05,0.05179536610433671,0.9848790803670389,0.19412236868735308,0.021565802726387903,0.9824225261012406,-0.16690241044838705,0.04013594214849114,0.9721435853865181
fixed_lambda,cloud,sigma2,0.1,cloud,0.1,0.31622776601683794,0.05,0.05179536610433671,0.99437345432308,0.03675157838389363,0.02619991221622432,0.9786454379197781,-0.1141363134028377,0.016600221489337114,0.9869729019628092
fixed_lambda,cloud,sigma2,0.1,cloud,0.1,0.31622776601683794,0.05,0.05179536610433671,0.9909640576195957,0.2765246576776832,0.017468189983693733,0.9857623359819923,-0.16642431324384876,0.03986056673687353,0.9723029479613133
fixed_lambda,cloud,sigma2,0.1,cloud,0.1,0.31622776601683794,0.05,0.05179536610433671,1.0579976599528633,0.23211788776143638,0.008749214958593848,0.9928688442753331,-0.10758278098401186,0.014532811828282715,0.9884259452357461
fixed_lambda,cloud,sigma2,0.1,cloud,0.1,0.31622776601683794,0.05,0.05179536610433671,1.0504441935685818,0.06551866823421996,0.016120515038376197,0.9868607750930181,-0.0754126337953559,0.006652613733532715,0.9943129346640476
fixed_lambda,cloud,sigma2,0.1,cloud,0.1,0.31622776601683794,0.05,0.05179536610433671,0.8983213338199694,0.19991483011268346,0.04877735079825605,0.960243417720877,-0.24251087363181867,0.10249663941668367,0.9411884761703321
fixed_lambda,cloud,sigma2,0.1,cloud,0.1,0.31622776601683794,0.05,0.05179536610433671,1.0479850675790976,0.22731557337609976,0.009852038175166066,0.9919699745902958,-0.11579326751840391,0.01714979700317119,0.9865919191974113
fixed_lambda,cloud,sigma2,0.1,cloud,0.1,0.31622776601683794,0.05,0.05179536610433671,1.0613845296934463,0.18756045113539274,0.010045168001160395,0.9918125617400274,-0.09905191635543542,0.012087214600113323,0.9901887178663158
fixed_lambda,cloud,sigma2,0.1,cloud,0.1,0.31622776601683794,0.05,0.05179536610433671,0.9731925970521852,-0.05133870832015208,0.03575515679389667,0.9708573177977857,-0.08427219031671229,0.008469070667441993,0.9928981979392238
fixed_lambda,cloud,sigma2,0.1,cloud,0.1,0.31622776601683794,0.05,0.05179536610433671,0.983466606958808,0.267958353861575,0.019418264469059247,0.9841729036848486,-0.17275504433159372,0.043610716247464286,0.9701556946579891
fixed_lambda,cloud,sigma2,0.1,cloud,0.1,0.31622776601683794,0.05,0.05179536610433671,0.9656398787154291,0.36036047793954235,0.021408284301181035,0.9825509134394156,-0.18058564760746332,0.04856901868527772,0.967388823878193
fixed_lambda,cloud,sigma2,0.1,cloud,0.1,0.31622776601683794,0.05,0.05179536610433671,1.0276883403812764,0.06468941884622814,0.018932515173236797,0.9845688196485152,-0.09567312925733595,0.011192551132609656,0.9908466523381091
fixed_lambda,cloud,sigma2,0.1,cloud,0.1,0.31622776601683794,0.05,0.05179536610433671,1.0072284199136012,0.42431609913614454,0.010643894996092178,0.9913245619071708,-0.136731754125349,0.02508691383651779,0.9813044274138051
fixed_lambda,cloud,sigma2,0.1,cloud,0.1,0.31622776601683794,0.05,0.05179536610433671,0.9599964054397043,0.10085575741964492,0.03166338245616975,0.9741923690144513,-0.1692184198840888,0.0414879095901346,0.9713651263719322
fixed_lambda,cloud,sigma2,0.1,cloud,0.1,0.31622776601683794,0.05,0.05179536610433671,0.9704079417851852,0.10179856756178257,0.02881509397344451,0.9765139017251248,-0.1601626952753038,0.036369088276081096,0.9743479110421501
fixed_lambda,cloud,sigma2,0.1,cloud,0.1,0.31622776601683794,0.05,0.05179536610433671,1.0052848164199284,0.108971815437821,0.020679425860232574,0.9831449785147668,-0.1310272531495872,0.02273583773014989,0.982831858932074
fixed_lambda,cloud,sigma2,0.1,cloud,0.1,0.31622776601683794,0.05,0.05179536610433671,0.9276612969658792,0.33974667894943417,0.03355091349239914,0.9726539135280796,-0.2137174231575536,0.07387926288883405,0.9543248630388952
fixed_lambda,cloud,sigma2,0.1,cloud,0.1,0.31622776601683794,0.05,0.05179536610433671,1.1511588011332556,0.2689849691473447,0.008424121082817985,0.9931338160544315,-0.030251169979590764,0.0009731187108775358,0.999084866714866
fixed_lambda,cloud,sigma2,0.1,cloud,0.1,0.31622776601683794,0.05,0.05179536610433671,1.0959636344398875,0.20466222889877278,0.007949321461711225,0.9935208073504677,-0.07139415267265459,0.0059110204134007974,0.9949028749641536
fixed_lambda,cloud,sigma2,0.1,cloud,0.1,0.31622776601683794,0.05,0.05179536610433671,0.997433630645107,0.14636745407523566,0.02066568977523074,0.9831561742805194,-0.14762746075124578,0.02999683265141643,0.9782061328321394
fixed_lambda,cloud,sigma2,0.1,cloud,0.1,0.31622776601683794,0.05,0.05179536610433671,1.0721652841112648,0.4008983319724395,0.0032568370491711327,0.9973454747337427,-0.09007704608743106,0.009799841016044463,0.9918861257681628
fixed_lambda,cloud,sigma2,0.1,cloud,0.1,0.31622776601683794,0.05,0.05179536610433671,0.9653817095534221,0.2469590508154715,0.024619764391541867,0.979933356922698,-0.1877327582095728,0.05341733833856364,0.9647564114950261
fixed_lambda,cloud,sigma2,0.1,cloud,0.1,0.31622776601683794,0.05,0.05179536610433671,1.0714854838731998,0.18779543262518747,0.00935840011403106,0.9923723203895745,-0.09022272687948207,0.009834713906592664,0.9918598595544303
fixed_lambda,cloud,sigma2,0.1,cloud,0.1,0.31622776601683794,0.05,0.05179536610433671,0.9928933435041375,0.30151904676846303,0.016329394856329133,0.9866905250172556,-0.16412361843095147,0.03855298936570032,0.9730634378731314
fixed_lambda,cloud,sigma2,0.1,cloud,0.1,0.31622776601683794,0.05,0.05179536610433671,1.0085675595671608,0.1950997196155367,0.016637261767259232,0.9864395942886468,-0.14638487457470772,0.02940818394448142,0.978571468495747
fixed_lambda,cloud,sigma2,0.1,cloud,0.1,0.31622776601683794,0.05,0.05179536610433671,0.9412696422441897,0.16005883645813415,0.034797020222597834,0.9716382588453845,-0.1999477895504853,0.06245921990242145,0.9600208814538749
fixed_lambda,cloud,sigma2,0.1,cloud,0.1,0.31622776601683794,0.05,0.05179536610433671,1.0364514897227517,0.1379190214954269,0.014527490300305588,0.9881591895832541,-0.11099111305464204,0.015587060048910908,0.9876809728228917
fixed_lambda,cloud,sigma2,0.1,cloud,0.1,0.31622776601683794,0.05,0.05179536610433671,1.0150317385268552,0.11220444262761951,0.018788567918947487,0.9846861456361989,-0.12323875679063034,0.019757497223578033,0.9848122088246999
fixed_lambda,cloud,sigma2,0.1,cloud,0.1,0.31622776601683794,0.05,0.05179536610433671,1.0137044517321352,0.33361545687333666,0.0114508888160301,0.9906668116260249,-0.14492479943003933,0.02872610834330684,0.9789968025101629
fixed_lambda,cloud,sigma2,0.1,cloud,0.1,0.31622776601683794,0.05,0.05179536610433671,1.0158919191719966,0.22248168235915017,0.01438504573730847,0.9882752907838386,-0.14306357919796453,0.027871540262520995,0.9795328123070677
fixed_lambda,cloud,sigma2,0.1,cloud,0.1,0.31622776601683794,0.05,0.05179536610433671,1.035242216676615,0.22280665620601317,0.011493336620233979,0.9906322140188818,-0.12638102117723182,0.020927608389764787,0.9840278374862
fixed_lambda,cloud,sigma2,0.1,cloud,0.1,0.31622776601683794,0.05,0.05179536610433671,0.9354277325089166,0.022732418298926638,0.04282261598928123,0.9650968978814237,-0.16115480104727287,0.03690819871550014,0.9740291300994139
fixed_lambda,cloud,sigma2,0.1,cloud,0.1,0.31622776601683794,0.05,0.05179536610433671,0.9352951715147167,0.12681153150316626,0.0380767274690891,0.9689650929423025,-0.19832938455121596,0.061204337031702194,0.9606654552235359
fixed_lambda,cloud,sigma2,0.1,cloud,0.1,0.31622776601683794,0.05,0.05179536610433671,1.0893421780660095,0.46310846245783577,0.001510727040571618,0.9987686632646738,-0.0654714004862188,0.004908152730001768,0.9957134957183732
fixed_lambda,cloud,sigma2,0.1,cloud,0.1,0.31622776601683794,0.05,0.05179536610433671,0.9916533128102918,0.2441702037930247,0.018326917564560306,0.9850624194599721,-0.16528936072467226,0.039211901390785724,0.9726794272312291
fixed_lambda,cloud,sigma2,0.1,cloud,0.1,0.31622776601683794,0.05,0.05179536610433671,0.9693266200424654,0.1527392819426419,0.02696626109844301,0.9780208157971775,-0.1738391328007396,0.04427574259220594,0.9697799559070869
fixed_lambda,cloud,sigma2,0.1,cloud,0.1,0.31622776601683794,0.05,0.05179536610433671,1.0179500217309343,0.0725905188606146,0.02006826729034034,0.9836431108563531,-0.10749346868317555,0.014505788755818198,0.9884451541904592
fixed_lambda,cloud,sigma2,0.1,cloud,0.1,0.31622776601683794,0.05,0.05179536610433671,1.0123625746295721,0.29432370326049423,0.012740543448050489,0.9896156626880345,-0.14821323091947547,0.030276953202178672,0.9780328381804102
fixed_lambda,cloud,sigma2,0.1,cloud,0.1,0.31622776601683794,0.05,0.05179536610433671,0.9622880161405181,0.417672502378411,0.021123633144558614,0.9827829218807086,-0.17259753253631516,0.04351465474075256,0.9702100917623756
fixed_lambda,cloud,sigma2,0.1,cloud,0.1,0.31622776601683794,0.05,0.05179536610433671,0.937322455841999,0.12703332298696057,0.037403749183920816,0.9695136122064383,-0.19657895824598837,0.05986702193596774,0.961356713174922
fixed_lambda,cloud,sigma2,0.1,cloud,0.1,0.31622776601683794,0.05,0.05179536610433671,0.9872007514449304,0.03522078537125249,0.027841809784169985,0.977307189025862,-0.11995561858923698,0.018579415202185784,0.9856106495688735
fixed_lambda,cloud,sigma2,0.1,cloud,0.1,0.31622776601683794,0.05,0.05179536610433671,1.0333329313677795,0.3180915567626379,0.00885102662770318,0.9927858614168203,-0.12986691124062522,0.02227540735316665,0.9831345853648196
fixed_lambda,cloud,sigma2,0.1,cloud,0.1,0.31622776601683794,0.05,0.05179536610433671,0.9369626923299135,-0.041235845900967766,0.045693443478647545,0.9627569944749796,-0.12377893023802544,0.019955658614798723,0.98467877642913
fixed_lambda,cloud,sigma2,0.1,cloud,0.1,0.31622776601683794,0.05,0.05179536610433671,0.9514419918945374,0.1646278146199534,0.03149292810588682,0.9743312999381475,-0.19179194534972832,0.05631374109292286,0.9632158496989668
fixed_lambda,cloud,sigma2,0.1,cloud,0.1,0.31622776601683794,0.05,0.05179536610433671,1.0020116250788464,0.08859110634789007,0.02220891945455602,0.9818983458679957,-0.12754070319168187,0.021370134949018346,0.9837333690293714
fixed_lambda,cloud,sigma2,0.1,cloud,0.1,0.31622776601683794,0.05,0.05179536610433671,0.9795735388405817,0.06421585081657748,0.02822825532476275,0.9769922118145222,-0.1390040258810128,0.02606468710032387,0.9806778807888707
fixed_lambda,cloud,sigma2,0.1,cloud,0.1,0.31622776601683794,0.05,0.05179536610433671,1.035895608415752,0.19519094064782797,0.01238342423913892,0.9899067371104907,-0.12254031553293265,0.019503099899340823,0.9849838710690894
fixed_lambda,cloud,sigma2,0.1,cloud,0.1,0.31622776601683794,0.05,0.05179536610433671,1.0427428506699377,0.2525268121752512,0.009597778550987791,0.9921772120376658,-0.12208820695663991,0.019339518854813845,0.9850944697221127
fixed_lambda,cloud,sigma2,0.1,cloud,0.1,0.31622776601683794,0.05,0.05179536610433671,1.0955162094256772,0.12227048084933367,0.011160042193234127,0.9909038697585507,-0.05405640182136506,0.003265605987192056,0.9970779054221272
fixed_lambda,cloud,sigma2,0.1,cloud,0.1,0.31622776601683794,0.05,0.05179536610433671,1.0808554977338907,0.12693100955405426,0.011310558717662705,0.9907811894060945,-0.06849374774552608,0.005406675584954307,0.9953086065197723
fixed_lambda,cloud,sigma2,0.1,cloud,0.1,0.31622776601683794,0.05,0.05179536610433671,1.0410295454378535,0.13295167941339972,0.014171073144123145,0.9884496917889615,-0.10566547255287617,0.013959382374439635,0.9888348079101774
fixed_lambda,cloud,sigma2,0.1,cloud,0.1,0.31622776601683794,0.05,0.05179536610433671,0.995395444729865,0.20749984143317227,0.018774368596529464,0.9846977189693297,-0.1593267485973361,0.035918891767813675,0.9746149871814013
fixed_lambda,cloud,sigma2,0.1,cloud,0.1,0.31622776601683794,0.05,0.05179536610433671,1.047662669887308,0.17156310825239154,0.011895270498729427,0.9903046128464182,-0.10832274496385508,0.014757878685733118,0.9882661829234957
fixed_lambda,cloud,sigma2,0.1,cloud,0.1,0.31622776601683794,0.05,0.05179536610433671,1.0781127282669702,0.26895955729465737,0.006286725422998829,0.9948759267886553,-0.09265598155206944,0.01042804655006683,0.9914148690826226
fixed_lambda,cloud,sigma2,0.1,cloud,0.1,0.31622776601683794,0.05,0.05179536610433671,0.9425370972629818,0.13030586136010533,0.03559784564783415,0.9709855361905337,-0.19272030378149285,0.05699107954939856,0.9628588845103692
fixed_lambda,cloud,sigma2,0.1,cloud,0.1,0.31622776601683794,0.05,0.05179536610433671,1.009840118558941,0.20684046645507745,0.015984419108335972,0.986971701761891,-0.14672346268302583,0.0295678351205836,0.9784722254983027
fixed_lambda,cloud,sigma2,0.1,cloud,0.1,0.31622776601683794,0.05,0.05179536610433671,1.0271339036225715,0.17991225623654422,0.01414876747474937,0.9884678723003102,-0.12786255208205766,0.021493981349513733,0.9836511677750631
fixed_lambda,cloud,sigma2,0.1,cloud,0.1,0.31622776601683794,0.05,0.05179536610433671,1.0509437439939013,0.20810720687126313,0.010217285878100566,0.9916722749383808,-0.11114038027967965,0.015634262625153068,0.9876478158712882
fixed_lambda,cloud,sigma2,0.1,cloud,0.1,0.31622776601683794,0.05,0.05179536610433671,1.0131694681082455,0.2264140007882857,0.014716545217732472,0.9880050980375479,-0.14574489020394,0.029107942228560797,0.9787584269794415
fixed_lambda,cloud,sigma2,0.1,cloud,0.1,0.31622776601683794,0.05,0.05179536610433671,1.0073122501012137,0.2878740583191575,0.01383642688682945,0.9887224493546096,-0.15257722926259176,0.03241747532350161,0.9767201891105505
fixed_lambda,cloud,sigma2,0.1,cloud,0.1,0.31622776601683794,0.05,0.05179536610433671,1.00048459727275,0.11925217723212043,0.02117104543488054,0.9827442779078324,-0.13824275677397357,0.025734449746453412,0.980888940199532
fixed_lambda,cloud,sigma2,0.1,cloud,0.1,0.31622776601683794,0.05,0.05179536610433671,1.0816395411961441,0.3982187083710552,0.0028728592000616814,0.9976584406226574,-0.0829211881482923,0.008175563825303515,0.9931240765560755
fixed_lambda,cloud,sigma2,0.1,cloud,0.1,0.31622776601683794,0.05,0.05179536610433671,0.9376357959417891,0.008228763249381418,0.04283694757227311,0.9650852167476787,-0.15193611406641772,0.03209703310734606,0.9769154172423965
fixed_lambda,cloud,sigma2,0.1,cloud,0.1,0.31622776601683794,0.05,0.05179536610433671,1.0196120210968191,0.24421240687677995,0.013048769981447706,0.9893644388446917,-0.14142100923543566,0.027131096748777516,0.9800000981468309
fixed_lambda,cloud,sigma2,0.1,cloud,0.1,0.31622776601683794,0.05,0.05179536610433671,0.9936290363054335,0.06685121251571154,0.02491728225108663,0.979690861316255,-0.12730704313190278,0.021280504541832758,0.9837929167690118
fixed_lambda,cloud,sigma2,0.1,cloud,0.1,0.31622776601683794,0.05,0.05179536610433671,0.9053749023502511,0.07901826531183548,0.05091973428907456,0.9584972415933861,-0.21133591492513826,0.07180629001151956,0.9553371310627548
fixed_lambda,cloud,sigma2,0.1,cloud,0.1,0.31622776601683794,0.05,0.05179536610433671,1.0224057261387438,0.2553518056618744,0.01225075922782936,0.9900148673666727,-0.13955018908185401,0.026303271731874224,0.9805257447272188
fixed_lambda,cloud,sigma2,0.1,cloud,0.1,0.31622776601683794,0.05,0.05179536610433671,1.016225820395597,0.2824073292327417,0.012423088032463035,0.989874408645804,-0.14518398435351365,0.028846433167448234,0.9789216106872387
fixed_lambda,cloud,sigma2,0.1,cloud,0.1,0.31622776601683794,0.05,0.05179536610433671,1.067624538573699,0.13318936110625237,0.01173189996151645,0.9904377700207707,-0.08199983310116066,0.007978852131525969,0.9932760273713818
fixed_lambda,cloud,sigma2,0.1,cloud,0.1,0.31622776601683794,0.05,0.05179536610433671,0.9813033934483646,0.18433857135103876,0.022762507052129424,0.9814471374585301,-0.16870219180180057,0.04118396718610979,0.9715395704812685
fixed_lambda,cloud,sigma2,0.1,cloud,0.1,0.31622776601683794,0.05,0.05179536610433671,0.9995855029551022,0.13372194945961546,0.02074479223557101,0.9830917008431241,-0.14278619490491662,0.027745600417102396,0.9796121025445752
fixed_lambda,cloud,sigma2,0.1,cloud,0.1,0.31622776601683794,0.05,0.05179536610433671,1.0453134998402605,0.013191787895234702,0.019211601259883915,0.9843413470862468,-0.05659881853103799,0.0035993319346827083,0.9967965737408906
fixed_lambda,cloud,sigma2,0.1,cloud,0.1,0.31622776601683794,0.05,0.05179536610433671,1.0992093871537179,0.21270799983746913,0.007649596804918583,0.9937651016342663,-0.06967880059015563,0.005609646544969017,0.9951448647483173
fixed_lambda,cloud,sigma2,0.1,cloud,0.1,0.31622776601683794,0.05,0.05179536610433671,0.9859216356768075,0.3336504421901459,0.01701695491571468,0.9861301206979259,-0.1675309240407732,0.04049988114310361,0.9719333894900447
fixed_lambda,cloud,sigma2,0.1,cloud,0.1,0.31622776601683794,0.05,0.05179536610433671,1.0432173140021823,0.1141298647958148,0.014710545501276841,0.9880099881805552,-0.0985455968013138,0.011950523194608003,0.9902887653510729
fixed_lambda,cloud,sigma2,0.1,cloud,0.1,0.31622776601683794,0.05,0.05179536610433671,1.0436193731698453,0.28433206463790134,0.008527296639840367,0.993049721542228,-0.1221573989404321,0.01936449821112165,0.9850775698841081
fixed_lambda,cloud,sigma2,0.1,cloud,0.1,0.31622776601683794,0.05,0.05179536610433671,0.957903947718177,0.0016978694046502069,0.0370031141754574,0.9698401547188382,-0.1300866206645388,0.02236213387233896,0.9830774711240804
fixed_lambda,cloud,sigma2,0.1,cloud,0.1,0.31622776601683794,0.05,0.05179536610433671,0.9002465739133076,0.13377344055126925,0.050561025660582654,0.9587896114919042,-0.23104270596888632,0.09027761622988054,0.9466192680185748
fixed_lambda,cloud,sigma2,0.1,cloud,0.1,0.31622776601683794,0.05,0.05179536610433671,0.9854366822413851,0.05532180540988571,0.027270439980699692,0.9777728910418945,-0.13017985703626378,0.022399001517738052,0.983053204822018
fixed_lambda,cloud,sigma2,0.1,cloud,0.1,0.31622776601683794,0.05,0.05179536610433671,0.9978809084820681,0.11893054809062137,0.021709699362500876,0.9823052413705267,-0.1404823367106126,0.026713686991424526,0.9802647130723261
fixed_lambda,cloud,sigma2,0.1,cloud,0.1,0.31622776601683794,0.05,0.05179536610433671,0.9702865221605954,0.10442082908002331,0.028731851602862894,0.9765817494474994,-0.16105610151668726,0.03685433042263407,0.9740609321642465
fixed_lambda,cloud,sigma2,0.1,cloud,0.1,0.31622776601683794,0.05,0.05179536610433671,0.925301368181167,0.22091506890683676,0.03788416708302118,0.969122041663525,-0.22079766077909901,0.08029498857877128,0.9512483929944779
fixed_lambda,cloud,sigma2,0.1,cloud,0.1,0.31622776601683794,0.05,0.05179536610433671,0.9643452969932826,0.25813957521654096,0.024544382148299633,0.9799947981511944,-0.1888150894933761,0.054179335066695145,0.9643488619796083
fixed_lambda,cloud,sigma2,0.1,cloud,0.1,0.31622776601683794,0.05,0.05179536610433671,1.067001221937797,0.18736066915103544,0.00965032537153365,0.9921343831025075,-0.09408837448208751,0.010786989725480695,0.9911473777873184
fixed_lambda,cloud,sigma2,0.1,cloud,0.1,0.31622776601683794,0.05,0.05179536610433671,1.0035568369397607,0.2702428799941199,0.015069902508870338,0.9877170898126414,-0.15584359768125433,0.03408255102730186,0.9757127730617633
fixed_lambda,cloud,sigma2,0.1,cloud,0.1,0.31622776601683794,0.05,0.05179536610433671,1.0272221945671203,0.16751394731297986,0.01460832060512619,0.9880933078448723,-0.12558810421405153,0.020628369161631268,0.9842276280799205
fixed_lambda,cloud,sigma2,0.1,cloud,0.1,0.31622776601683794,0.05,0.05179536610433671,0.9234810924231329,0.006005276488856029,0.04774809288853836,0.9610823270938639,-0.16364999494829435,0.03828739905067115,0.9732186791534232
fixed_lambda,cloud,sigma2,0.1,cloud,0.1,0.31622776601683794,0.05,0.05179536610433671,0.9703129225780367,0.15856493218324946,0.026479075085452497,0.9784179027749185,-0.17409383717676863,0.04443297391022827,0.9696913358570688
fixed_lambda,cloud,sigma2,0.1,cloud,0.1,0.31622776601683794,0.05,0.05179536610433671,0.9483079252938842,0.05188526852824721,0.037320134808786924,0.9695817631357185,-0.16240130321068136,0.03759300426971503,0.9736258167154723
fixed_lambda,cloud,sigma2,0.1,cloud,0.1,0.31622776601683794,0.05,0.05179536610433671,0.9839245905722971,0.13325105870546833,0.024154679406969658,0.9803124301842289,-0.15661053781575573,0.03448145800976516,0.9754731394450598
fixed_lambda,cloud,sigma2,0.1,cloud,0.1,0.31622776601683794,0.05,0.05179536610433671,1.0485924109566862,0.0720160830765599,0.01600535654013273,0.9869546364494802,-0.07959073691719531,0.007477614812192679,0.9936653145969778
fixed_lambda,cloud,sigma2,0.1,cloud,0.1,0.31622776601683794,0.05,0.05179536610433671,0.9464252663955728,0.010098500176334485,0.03996415598073388,0.9674267210198599,-0.14490687562365145,0.028717799329068584,0.9790019973969916
fixed_lambda,cloud,sigma2,0.1,cloud,0.1,0.31622776601683794,0.05,0.05179536610433671,0.9825345575407829,0.18712144756539834,0.022368392344297758,0.9817683655193595,-0.16801855679411515,0.040783756059549,0.9717697645728227
fixed_lambda,cloud,sigma2,0.1,cloud,0.1,0.31622776601683794,0.05,0.05179536610433671,0.9990165881513768,0.22563274768579974,0.017401152062056825,0.9858169760680929,-0.15786647703240408,0.03514130805923052,0.9750781754293775
fixed_lambda,cloud,sigma2,0.1,cloud,0.1,0.31622776601683794,0.05,0.05179536610433671,1.097104846268477,0.28338842379228363,0.0053845438275094025,0.9956112610420496,-0.0769722453770818,0.006954065727589386,0.9940752734416103
fixed_lambda,cloud,sigma2,0.1,cloud,0.1,0.31622776601683794,0.05,0.05179536610433671,0.9337301500099883,0.2340069397468657,0.03456767206285175,0.9718251918959558,-0.21420860814679188,0.0743120607344886,0.9541146721958141
fixed_lambda,cloud,sigma2,0.1,cloud,0.1,0.31622776601683794,0.05,0.05179536610433671,1.0342956724885628,0.25735745212276934,0.010483785469871151,0.9914550611542333,-0.1295066706486666,0.02213366755037416,0.9832280222574978
fixed_lambda,cloud,sigma2,0.1,cloud,0.1,0.31622776601683794,0.05,0.05179536610433671,1.0020296125968213,0.2087474018459194,0.01738635102303799,0.9858290398377716,-0.1537092954228414,0.03298839014547572,0.9763734525006137
fixed_lambda,cloud,sigma2,0.1,cloud,0.1,0.31622776601683794,0.05,0.05179536610433671,1.053122374364004,-0.048456718494336595,0.021711183289663687,0.9823040318773627,-0.013774457282741959,0.00019507270239588767,0.999810264326566
fixed_lambda,cloud,sigma2,0.1,cloud,0.1,0.31622776601683794,0.05,0.05179536610433671,1.081464531543901,0.25307233447175886,0.006645626457355012,0.9945834000673608,-0.08898615358240969,0.009541022368395904,0.9920814644706077
fixed_lambda,cloud,sigma2,0.1,cloud,0.1,0.31622776601683794,0.05,0.05179536610433671,1.0903130270486883,0.06596764130821192,0.013737589284923189,0.9888030081629121,-0.039517106212914044,0.001692742894820063,0.9984383983165572
fixed_lambda,cloud,sigma2,0.1,cloud,0.1,0.31622776601683794,0.05,0.05179536610433671,1.0580971440978577,0.38451357685944093,0.004575170967634428,0.9962709503890828,-0.10356218210528556,0.013346335740606138,0.9892748744375917
fixed_lambda,cloud,sigma2,0.1,cloud,0.1,0.31622776601683794,0.05,0.05179536610433671,1.035355234039719,0.17765925959605217,0.013103176767873507,0.9893200939213681,-0.12025645547275421,0.018685495570393566,0.9855383849171295
fixed_lambda,cloud,sigma2,0.1,cloud,0.1,0.31622776601683794,0.05,0.05179536610433671,1.027121146364907,0.10145709302506863,0.017347300138865644,0.9858608687432834,-0.1091412633512695,0.015009294057144745,0.9880881846340889
fixed_lambda,cloud,sigma2,0.1,cloud,0.1,0.31622776601683794,0.05,0.05179536610433671,0.9712361625510337,0.09593026958576367,0.028859856481036013,0.9764774174903936,-0.15761022009666037,0.03500600677922049,0.9751590185210823
fixed_lambda,cloud,sigma2,0.1,cloud,0.1,0.31622776601683794,0.05,0.05179536610433671,0.9349000404207576,0.337981718083372,0.031152212983075682,0.9746090040075999,-0.20816679752360923,0.069112325349052,0.9566665844087647
fixed_lambda,cloud,sigma2,0.1,cloud,0.1,0.31622776601683794,0.05,0.05179536610433671,1.0491705756057792,0.37593069473247986,0.005588189747840664,0.9954452769191942,-0.1118099537938888,0.015847075695671408,0.9874985342326085
fixed_lambda,cloud,sigma2,0.1,cloud,0.1,0.31622776601683794,0.05,0.05179536610433671,0.8895752052047463,-0.055122341025273636,0.06416649489714316,0.9477003057322169,-0.15733550626011217,0.03486134138831423,0.9752455384698742
fixed_lambda,cloud,sigma2,0.1,cloud,0.1,0.31622776601683794,0.05,0.05179536610433671,1.0848708756118652,0.09779393383074345,0.012426151985316672,0.9898719113331839,-0.05602212129652395,0.0035220495763464616,0.9968615219254375
fixed_lambda,cloud,sigma2,0.1,cloud,0.1,0.31622776601683794,0.05,0.05179536610433671,1.0206335710947432,0.08691634214963334,0.01898155826669915,0.9845288464693951,-0.11019846890731888,0.015337861915461956,0.9878562974504826
fixed_lambda,cloud,sigma2,0.1,cloud,0.1,0.31622776601683794,0.05,0.05179536610433671,1.0239941061846738,0.3438709786545674,0.00952549500306315,0.9922361276362677,-0.1356375762404406,0.024624548933409658,0.9816024479116187
fixed_lambda,cloud,sigma2,0.1,cloud,0.1,0.31622776601683794,0.05,0.05179536610433671,0.9649879833667753,0.22099853497727606,0.025589934915035913,0.979142607453716,-0.18677867127985603,0.052751770699365715,0.9651137279549314
fixed_lambda,cloud,sigma2,0.1,cloud,0.1,0.31622776601683794,0.05,0.05179536610433671,1.0332901878581493,0.14844603158130526,0.014512454365462663,0.9881714448076757,-0.11627867104065914,0.01731288503352197,0.9864792706610181
fixed_lambda,cloud,sigma2,0.1,cloud,0.1,0.31622776601683794,0.05,0.05179536610433671,0.9227460228877848,0.22296068614930348,0.03871347542506067,0.9684461036555052,-0.2230910646384282,0.08245635244112078,0.9502303768784927
fixed_lambda,cloud,sigma2,0.1,cloud,0.1,0.31622776601683794,0.05,0.05179536610433671,1.0866386293458796,0.2503369367729166,0.00656774879007902,0.9946468752220401,-0.08436494443094755,0.008489443583102479,0.9928825561511632
fixed_lambda,cloud,sigma2,0.1,cloud,0.1,0.31622776601683794,0.05,0.05179536610433671,0.9644135579270376,0.08490576979439185,0.031156942834471554,0.9746051488837953,-0.1601560668099823,0.03636550397288521,0.9743500342639565
fixed_lambda,cloud,sigma2,0.1,cloud,0.1,0.31622776601683794,0.05,0.05179536610433671,0.9358120896025668,0.007390126374183736,0.0434755679079311,0.9645647013546897,-0.1531603920365302,0.03271075843038275,0.9765418943112164
fixed_lambda,cloud,sigma2,0.1,cloud,0.1,0.31622776601683794,0.05,0.05179536610433671,0.9063621426103037,0.3050033342942892,0.04225652778839473,0.9655582950620305,-0.2348722305489257,0.09423135053383286,0.9448350353169723
fixed_lambda,cloud,sigma2,0.1,cloud,0.1,0.31622776601683794,0.05,0.05179536610433671,1.0775998968073797,0.18543797804639434,0.009134479512704942,0.992554829641613,-0.08445229290579348,0.008508655338126796,0.9928678102229541
fixed_lambda,cloud,sigma2,0.1,cloud,0.1,0.31622776601683794,0.05,0.05179536610433671,1.0119966099584397,0.15746982897804268,0.01744803543348376,0.9857787631970953,-0.13707173433751607,0.025231694992784347,0.9812113396457054
fixed_lambda,cloud,sigma2,0.1,cloud,0.1,0.31622776601683794,0.05,0.05179536610433671,0.9934669060527709,0.36034578230414016,0.014705282739129187,0.9880142776598507,-0.15840746282319862,0.035428072489276506,0.9749070757219169
fixed_lambda,cloud,sigma2,0.1,cloud,0.1,0.31622776601683794,0.05,0.05179536610433671,0.9287608439557504,-0.04847565856258376,0.04883757838692429,0.9601943284807855,-0.12642929713974593,0.020945914478285622,0.9840156328247498
fixed_lambda,cloud,sigma2,0.1,cloud,0.1,0.31622776601683794,0.05,0.05179536610433671,1.0212801383422805,0.1853149132777773,0.0148341058122921,0.9879092788228119,-0.1338637200337387,0.023886543999661367,0.9820805044587289
fixed_lambda,cloud,sigma2,0.1,cloud,0.1,0.31622776601683794,0.05,0.05179536610433671,1.0832565546773518,0.18000147971770236,0.009116287323974487,0.9925696574097527,-0.07851077272801732,0.007259019763403493,0.9938360585656496
fixed_lambda,cloud,sigma2,0.1,cloud,0.1,0.31622776601683794,0.05,0.05179536610433671,1.0207142847603687,0.4007027272853563,0.00877218984837829,0.9928501183076223,-0.13072339885298212,0.022614692301723513,0.9829113929923241
fixed_lambda,cloud,sigma2,0.1,cloud,0.1,0.31622776601683794,0.05,0.05179536610433671,1.0111773345281976,0.016519817682068783,0.023941351557098114,0.9804863056833498,-0.08929430190049137,0.009613718135257526,0.992026527648104
fixed_lambda,cloud,sigma2,0.1,cloud,0.1,0.31622776601683794,0.05,0.05179536610433671,1.0207080938637472,0.2102112597957285,0.01402377181913875,0.9885697515533958,-0.13766889170442942,0.0254872820798979,0.981047276256874
fixed_lambda,cloud,sigma2,0.1,cloud,0.1,0.31622776601683794,0.05,0.05179536610433671,0.942331886223754,0.10991129290722756,0.036527066562924995,0.9702281632057014,-0.1876680031866157,0.053371983892600824,0.9647807205799483
fixed_lambda,cloud,sigma2,0.1,cloud,0.1,0.31622776601683794,0.05,0.05179536610433671,0.9883933107378425,0.05704673069952154,0.026519796271024822,0.9783847124696187,-0.1282003751820454,0.021624458285421245,0.9835646638031827
fixed_lambda,cloud,sigma2,0.1,cloud,0.1,0.31622776601683794,0.05,0.05179536610433671,1.0990305531606201,0.2375740012815064,0.006804748003932259,0.9944537060853107,-0.07264947300136171,0.006137296291930403,0.9947220540726244
fixed_lambda,cloud,sigma2,0.1,cloud,0.1,0.31622776601683794,0.05,0.05179536610433671,1.0117538833238076,0.0009214306069625922,0.024639496678240672,0.9799172738786855,-0.08071769710940035,0.007709739898669996,0.9934846533733551
fixed_lambda,cloud,sigma2,0.1,cloud,0.1,0.31622776601683794,0.05,0.05179536610433671,1.0527392587978013,0.10045235381871079,0.014313682275917032,0.9883334564545464,-0.0857974113126383,0.008807719506701487,0.99263880421205
fixed_lambda,cloud,sigma2,0.1,cloud,0.1,0.31622776601683794,0.05,0.05179536610433671,0.9749013863867643,0.24076377044310024,0.022348634791231572,0.9817844691570368,-0.17942080467561905,0.04780844261293913,0.9678081748495534
fixed_lambda,cloud,sigma2,0.1,cloud,0.1,0.31622776601683794,0.05,0.05179536610433671,1.0147202460797828,0.20127119342916833,0.015326938102552125,0.987507589777038,-0.14181928233247376,0.02730945682253561,0.9798872911587021
fixed_lambda,cloud,sigma2,0.1,cloud,0.1,0.31622776601683794,0.05,0.05179536610433671,0.9634274271899272,0.035577906704810466,0.03375264799313236,0.972489487331378,-0.14169194584251066,0.027252349704548783,0.979923392483363
fixed_lambda,cloud,sigma2,0.1,cloud,0.1,0.31622776601683794,0.05,0.05179536610433671,0.9672755888971347,0.20373910682398072,0.025581720693732754,0.9791493025562533,-0.18329632727191103,0.0503707606091871,0.9664024564086284
fixed_lambda,cloud,sigma2,0.1,cloud,0.1,0.31622776601683794,0.05,0.05179536610433671,0.9721634721136784,0.17847669372605401,0.02523554699641085,0.9794314557042866,-0.17583578528067223,0.04551840374439838,0.9690817766147294
fixed_lambda,cloud,sigma2,0.1,cloud,0.1,0.31622776601683794,0.05,0.05179536610433671,0.9583954975961554,0.22659084174946023,0.027222847712657688,0.9778116817078346,-0.19280072716062369,0.0570500213242163,0.9628278796063348
fixed_lambda,cloud,sigma2,0.1,cloud,0.1,0.31622776601683794,0.05,0.05179536610433671,1.0413181195912316,0.22520794111236805,0.010661494820068748,0.9913102169532408,-0.12135685983499245,0.01907671604323903,0.98527251257099
fixed_lambda,cloud,sigma2,0.1,cloud,0.1,0.31622776601683794,0.05,0.05179536610433671,1.0844052717988104,0.27246340560322757,0.005944550752017504,0.9951548204808726,-0.08743105435420484,0.009179099123235751,0.9923558107345121
fixed_lambda,cloud,sigma2,0.1,cloud,0.1,0.31622776601683794,0.05,0.05179536610433671,1.0216034781123278,0.06929278533209296,0.019634849410778633,0.9839963734527846,-0.10295050817568718,0.013171164696909364,0.9894011928663677
fixed_lambda,cloud,sigma2,0.1,cloud,0.1,0.31622776601683794,0.05,0.05179536610433671,0.9813286086408068,0.16156739290262878,0.023625555594164207,0.980743699083736,-0.16494188923764252,0.03901472338305826,0.9727941731747173
fixed_lambda,cloud,sigma2,0.1,cloud,0.1,0.31622776601683794,0.05,0.05179536610433671,0.9840564900906985,0.3915769907927775,0.016114195557596963,0.9868659258638871,-0.16102433174080177,0.036837002158251884,0.9740711645874283
fixed_lambda,cloud,sigma2,0.1,cloud,0.1,0.31622776601683794,0.05,0.05179536610433671,0.9953395611516762,-0.13411666819948823,0.035547365433854394,0.9710266807124832,0.0009828738937649462,9.641448939489432e-07,0.999999033958909
fixed_lambda,cloud,sigma2,0.1,cloud,0.1,0.31622776601683794,0.05,0.05179536610433671,1.0070577797688975,0.18682703967316278,0.017219423948603804,0.9859650958117175,-0.14654348590572464,0.029482902833372415,0.9785250067385987
fixed_lambda,cloud,sigma2,0.1,cloud,0.1,0.31622776601683794,0.05,0.05179536610433671,0.9423509284476073,0.22114772825968174,0.032209800600404744,0.9737470041564881,-0.20621354448658458,0.06748806958992225,0.9574759740702794
fixed_lambda,cloud,sigma2,0.1,cloud,0.1,0.31622776601683794,0.05,0.05179536610433671,0.930150340433265,0.0049198333868486765,0.04549404370924183,0.9629195177200734,-0.1570198495212063,0.034695601152098306,0.9753447668563378
fixed_lambda,cloud,sigma2,0.1,cloud,0.1,0.31622776601683794,0.05,0.05179536610433671,0.9927469229058313,0.27874636277545767,0.017016393072265792,0.986130578635369,-0.16490704525084798,0.03899498708708111,0.9728056664266348
fixed_lambda,cloud,sigma2,0.1,cloud,0.1,0.31622776601683794,0.05,0.05179536610433671,1.0222618031981734,0.2311537852998576,0.01306051330474505,0.9893548673039816,-0.13829248439755826,0.025755939476401372,0.9808751887591511
fixed_lambda,cloud,sigma2,0.1,cloud,0.1,0.31622776601683794,0.05,0.05179536610433671,1.0598501933046167,0.07045986122123399,0.015046677875905105,0.9877360193366166,-0.06882201202007343,0.005462473308554124,0.9952635306615089
fixed_lambda,cloud,sigma2,0.1,cloud,0.1,0.31622776601683794,0.05,0.05179536610433671,0.9940521455310674,0.34242929006134737,0.015008937531056822,0.9877667800708642,-0.16005553654704519,0.03631117141505291,0.9743822252206374
fixed_lambda,cloud,sigma2,0.1,cloud,0.1,0.31622776601683794,0.05,0.05179536610433671,0.9998619104054938,0.3596058946380847,0.013400786444795263,0.9890775234780379,-0.15338402142886265,0.03282368363866165,0.9764733419703102
fixed_lambda,cloud,sigma2,0.1,cloud,0.1,0.31622776601683794,0.05,0.05179536610433671,0.9899106523340057,0.14202574692661196,0.022441178140942854,0.9817090405567341,-0.15333661627500605,0.03279972441714712,0.9764878821093316
fixed_lambda,cloud,sigma2,0.1,cloud,0.1,0.31622776601683794,0.05,0.05179536610433671,1.008530477127081,0.19856548964050863,0.01651839830034,0.986536475425593,-0.14686822689104084,0.02963626505059822,0.9784297239298817
fixed_lambda,cloud,sigma2,0.1,cloud,0.1,0.31622776601683794,0.05,0.05179536610433671,1.0642354108329006,0.24342132640119188,0.007891354551306056,0.9935680539968164,-0.10311809349010104,0.013219018925147975,0.9893666587949668
fixed_lambda,cloud,sigma2,0.1,cloud,0.1,0.31622776601683794,0.05,0.05179536610433671,1.0136958631900201,0.2212611612515994,0.014801083704568818,0.9879361938996097,-0.14484990304872336,0.028691398606667213,0.9790185055867754
fixed_lambda,cloud,sigma2,0.1,cloud,0.1,0.31622776601683794,0.05,0.05179536610433671,1.046350595277239,0.2362470380821719,0.009725919166937654,0.9920727694458085,-0.11795978926008399,0.017885093187113288,0.9860854881177166
fixed_lambda,cloud,sigma2,0.1,cloud,0.1,0.31622776601683794,0.05,0.05179536610433671,0.9700797883851928,0.08723596097659693,0.029547395930753676,0.9759170299692284,-0.1558352140486795,0.03407820728261805,0.9757153860624023
fixed_lambda,cloud,sigma2,0.1,cloud,0.1,0.31622776601683794,0.05,0.05179536610433671,0.9356202557177484,0.12365060304514083,0.0381024478372882,0.9689441292384968,-0.1972686388196888,0.06039147474006859,0.9610850841382271
fixed_lambda,cloud,sigma2,0.1,cloud,0.1,0.31622776601683794,0.05,0.05179536610433671,1.0471606684563628,0.09296254205700888,0.015203624140042005,0.9876080983453892,-0.08835657583747092,0.009393506635219729,0.9921931155062772
fixed_lambda,cloud,sigma2,0.1,cloud,0.1,0.31622776601683794,0.05,0.05179536610433671,1.0486741977514396,0.17341849271166038,0.011719535300027372,0.990447847990849,-0.10777541664501011,0.01459120135433814,0.9883844595669945
fixed_lambda,cloud,sigma2,0.1,cloud,0.1,0.31622776601683794,0.05,0.05179536610433671,0.9620349566702984,0.17406682014351388,0.02809484884849873,0.977100946410874,-0.18403167436797851,0.05086728448829504,0.9661323428293184
fixed_lambda,cloud,sigma2,0.1,cloud,0.1,0.31622776601683794,0.05,0.05179536610433671,1.0022259762276289,0.08435666761064213,0.022357854903701718,0.9817769541904787,-0.125905054660731,0.020747659604584072,0.9841479172108784
fixed_lambda,cloud,sigma2,0.1,cloud,0.1,0.31622776601683794,0.05,0.05179536610433671,0.9938018402584055,0.22466136053633243,0.0185145674613334,0.9849094730937049,-0.16227820489208322,0.03752500514819762,0.973665784217003
fixed_lambda,cloud,sigma2,0.1,cloud,0.1,0.31622776601683794,0.05,0.05179536610433671,1.0044834047013436,0.05841393553585092,0.023122382844174547,0.9811538162489408,-0.1141846297694713,0.016616091413592923,0.9869618703244087
fixed_lambda,cloud,sigma2,0.1,cloud,0.1,0.31622776601683794,0.05,0.05179536610433671,0.9585865814898227,0.21704736002843766,0.027495674473068398,0.9775893108867321,-0.19198932386889445,0.0564572812051779,0.9631400995203647
fixed_lambda,cloud,sigma2,0.1,cloud,0.1,0.31622776601683794,0.05,0.05179536610433671,1.095541232726148,0.17757023790726048,0.008947475810042476,0.9927072493193884,-0.06722692336156544,0.005194388974491093,0.9954805407753382
fixed_lambda,cloud,sigma2,0.1,cloud,0.1,0.31622776601683794,0.05,0.05179536610433671,1.0747155134843887,0.28401606608831237,0.0059970748536171195,0.9951120100630719,-0.09593150874405931,0.011259520158739655,0.9907971456300885
fixed_lambda,cloud,sigma2,0.1,cloud,0.1,0.31622776601683794,0.05,0.05179536610433671,1.071769247734556,0.15898779848758537,0.010440694654835605,0.9914901828552974,-0.08447539138212556,0.00851373994827646,0.9928639082508367
fixed_lambda,cloud,sigma2,0.1,cloud,0.1,0.31622776601683794,0.05,0.05179536610433671,1.0318800909231425,0.20243690380036708,0.012652831015831425,0.9896871537893622,-0.12702372420294183,0.02117214211851713,0.983864973489615
fixed_lambda,cloud,sigma2,0.1,cloud,0.1,0.31622776601683794,0.05,0.05179536610433671,1.0791795439481737,0.20179805380260696,0.008468890773211266,0.9930973259652691,-0.0856543904914111,0.008775633763390788,0.9926633253895448
fixed_lambda,cloud,sigma2,0.1,cloud,0.1,0.31622776601683794,0.05,0.05179536610433671,1.0570139291554688,0.0830487239950977,0.014705152261194544,0.9880143840075031,-0.07604313665562945,0.006773554871743747,0.9942174413675733
fixed_lambda,cloud,sigma2,0.1,cloud,0.1,0.31622776601683794,0.05,0.05179536610433671,0.9225828572417119,0.16163610707643677,0.04101681422097313,0.9665687389184342,-0.21664278390875558,0.07648367702035068,0.9530659041802643
fixed_lambda,cloud,sigma2,0.1,cloud,0.1,0.31622776601683794,0.05,0.05179536610433671,1.0971411128240125,0.23680563961672255,0.006837356413986859,0.9944271281979078,-0.07420996769348531,0.006425389865115973,0.9944928806949319
fixed_lambda,cloud,sigma2,0.1,cloud,0.1,0.31622776601683794,0.05,0.05179536610433671,1.0567826776050318,0.34620820690125287,0.005559315097156712,0.9954688115599016,-0.10871851105479668,0.014879119040512916,0.988180285354028
fixed_lambda,cloud,sigma2,0.1,cloud,0.1,0.31622776601683794,0.05,0.05179536610433671,1.0239732372745438,0.17497612410096436,0.014805975957478526,0.9879322064084453,-0.12980126811778792,0.022249537034648135,0.9831516307950141
fixed_lambda,cloud,sigma2,0.1,cloud,0.1,0.31622776601683794,0.05,0.05179536610433671,1.0481878399013786,0.1723780261018257,0.01180940993210071,0.9903745945618219,-0.1080116646914242,0.014663004536775135,0.9883334802905873
fixed_lambda,cloud,sigma2,0.1,cloud,0.1,0.31622776601683794,0.05,0.05179536610433671,0.9802044342675964,0.10595080726518687,0.026190558533762724,0.9786530617542076,-0.15261762628806164,0.03243773615501185,0.9767078601461976
fixed_lambda,cloud,sigma2,0.1,cloud,0.1,0.31622776601683794,0.05,0.05179536610433671,1.0370536672730417,0.24152202522062646,0.010636411038967291,0.9913306617988693,-0.12632275962660677,0.020905529147819908,0.9840425604003186
fixed_lambda,cloud,sigma2,0.1,cloud,0.1,0.31622776601683794,0.05,0.05179536610433671,1.0590893852758765,0.27848381856682936,0.007194649319773063,0.9941359122016684,-0.10905486338907555,0.014982633397485703,0.98810703677119
fixed_lambda,cloud,sigma2,0.1,cloud,0.1,0.31622776601683794,0.05,0.05179536610433671,1.0907404824678193,0.21853633824956767,0.007532174321372424,0.9938608082799149,-0.07779498177760225,0.007116200969852415,0.9939479408102225
fixed_lambda,cloud,sigma2,0.1,cloud,0.1,0.31622776601683794,0.05,0.05179536610433671,1.0918153243098696,0.2209528289177484,0.0074302479166999304,0.9939438846550657,-0.07714866210674531,0.006988650236620204,0.9940480839351392
fixed_lambda,cloud,sigma2,0.1,cloud,0.1,0.31622776601683794,0.05,0.05179536610433671,1.0780722603984962,0.14149406135493478,0.010823957349523313,0.991177799861828,-0.07480550254529472,0.0065373390171191295,0.9944041367889459
fixed_lambda,cloud,sigma2,0.1,cloud,0.1,0.31622776601683794,0.05,0.05179536610433671,1.1213894053780282,0.23451311594884489,0.007362680695167141,0.9939989561535846,-0.05299660312334853,0.003131792604236159,0.9971913600573863
fixed_lambda,cloud,sigma2,0.1,cloud,0.1,0.31622776601683794,0.05,0.05179536610433671,1.034046262156182,0.2701712503414938,0.010120690698256864,0.9917510060328821,-0.1300913423303356,0.0223639999996034,0.9830762426506914
fixed_lambda,cloud,sigma2,0.1,cloud,0.1,0.31622776601683794,0.05,0.05179536610433671,0.9578740785190176,0.11955791065177608,0.03145452996290276,0.9743625968188909,-0.1763848748223632,0.04586422457354407,0.9688883759338993
fixed_lambda,cloud,sigma2,0.1,cloud,0.1,0.31622776601683794,0.05,0.05179536610433671,0.9792246487974969,0.17447982264520123,0.023631463020949553,0.9807388841625646,-0.16902553955306399,0.041374171424100555,0.9714303669787956
fixed_lambda,cloud,sigma2,0.1,cloud,0.1,0.31622776601683794,0.05,0.05179536610433671,0.9820930748520016,0.22285438973387717,0.02120017789264046,0.9827205331382831,-0.17221198775186042,0.04328012372260451,0.9703430312745531
fixed_lambda,cloud,sigma2,0.1,cloud,0.1,0.31622776601683794,0.05,0.05179536610433671,0.9727943530838402,0.2083761340516398,0.023982542166365743,0.9804527327684687,-0.17898427031109732,0.04752550885050714,0.967964630981204
fixed_lambda,cloud,sigma2,0.1,cloud,0.1,0.31622776601683794,0.05,0.05179536610433671,0.9918453981076216,0.1191338246832343,0.022970173754316918,0.981277876147757,-0.14593204012425987,0.029195535699922545,0.9787038396651714
fixed_lambda,cloud,sigma2,0.1,cloud,0.1,0.31622776601683794,0.05,0.05179536610433671,1.0453952517847336,0.28177859633538727,0.00840515861232216,0.9931492716502387,-0.12065228188697352,0.01882564211698912,0.9854430268754663
fixed_lambda,cloud,sigma2,0.1,cloud,0.1,0.31622776601683794,0.05,0.05179536610433671,0.9753806353408916,0.23492849000370597,0.022421360384464007,0.9817251932639466,-0.17873651036836058,0.04736543355163866,0.9680532598613409
fixed_lambda,cloud,sigma2,0.1,cloud,0.1,0.31622776601683794,0.05,0.05179536610433671,0.9707127355499302,0.06950328823299637,0.030194254043874456,0.9753898002739633,-0.1490143882833601,0.030662811576293376,0.9777947120845359
fixed_lambda,cloud,sigma2,0.1,cloud,0.1,0.31622776601683794,0.05,0.05179536610433671,0.9996088778338263,0.22892337522079367,0.017170598367201563,0.9860048917049462,-0.1576024299889065,0.03500189904996336,0.9751614740615918
fixed_lambda,cloud,sigma2,0.1,cloud,0.1,0.31622776601683794,0.05,0.05179536610433671,1.1083643604163589,0.2405196116901891,0.006776930061588892,0.9944763794428324,-0.06485990915582951,0.004810600805036912,0.9957931921842975
fixed_lambda,cloud,sigma2,0.1,cloud,0.1,0.31622776601683794,0.05,0.05179536610433671,1.0453256182662356,0.22511758972116866,0.010210290520543366,0.9916779765909663,-0.11788524136533562,0.017859475382411907,0.9861030698682366
fixed_lambda,cloud,sigma2,0.1,cloud,0.1,0.31622776601683794,0.05,0.05179536610433671,1.0484412879753515,0.08434746168568116,0.015456812549697918,0.9874017340046476,-0.08423697471850389,0.008461343250661417,0.9929041320902742
fixed_lambda,cloud,sigma2,0.1,cloud,0.1,0.31622776601683794,0.05,0.05179536610433671,0.9568120431529993,0.18704009292787754,0.029076066008267697,0.976301193244545,-0.190445337500315,0.0553411694969477,0.9637305734243911
fixed_lambda,cloud,sigma2,0.1,cloud,0.1,0.31622776601683794,0.05,0.05179536610433671,1.093210252363067,0.08128251350106243,0.01298368385096001,0.9894174880993072,-0.04273610646288395,0.0019930883402986864,0.998173625204393
fixed_lambda,cloud,sigma2,0.1,cloud,0.1,0.31622776601683794,0.05,0.05179536610433671,0.951343051363466,0.09136490786100508,0.03458181502469088,0.9718136645002112,-0.17403885442710887,0.04439900076323556,0.9697104771496996
fixed_lambda,cloud,sigma2,0.1,cloud,0.1,0.31622776601683794,0.05,0.05179536610433671,0.9565431875828837,0.1475165431676165,0.03067944200448859,0.9749943418334921,-0.18408704895776062,0.05090480966453229,0.966111958406023
fixed_lambda,cloud,sigma2,0.1,cloud,0.1,0.31622776601683794,0.05,0.05179536610433671,1.0945587599260362,0.0914763363515805,0.012507554407752626,0.9898055632832727,-0.04515126073897202,0.0022359938507129883,0.9979613636536814
fixed_lambda,cloud,sigma2,0.1,cloud,0.1,0.31622776601683794,0.05,0.05179536610433671,0.9063863093828756,0.1703526946951377,0.046688722693832244,0.9619457798566857,-0.2321796760809588,0.09143852142540485,0.946092598014941
fixed_lambda,cloud,sigma2,0.1,cloud,0.1,0.31622776601683794,0.05,0.05179536610433671,1.0726520853220443,0.14668190219644572,0.010881072740296283,0.9911312472570737,-0.08089519847480364,0.007746676493537812,0.9934559668637222
fixed_lambda,cloud,sigma2,0.1,cloud,0.1,0.31622776601683794,0.05,0.05179536610433671,0.9739942942314043,0.281513080858212,0.021308742269386206,0.982632046402,-0.18053797660738613,0.04853773185489247,0.9674060390025109
fixed_lambda,cloud,sigma2,0.1,cloud,0.1,0.31622776601683794,0.05,0.05179536610433671,0.940738902828564,0.2101434476248004,0.03310304853894548,0.9730189513905408,-0.20680795142535968,0.06797946798776613,0.957230471227246
fixed_lambda,cloud,sigma2,0.1,cloud,0.1,0.31622776601683794,0.05,0.05179536610433671,0.9677057606036465,-0.0003003827237215567,0.03441738928828445,0.9719476817277003,-0.1201060133571683,0.018632400224372004,0.9855745455554477
fixed_lambda,cloud,sigma2,0.1,cloud,0.1,0.31622776601683794,0.05,0.05179536610433671,0.9941936544807015,0.15252804784775734,0.021094116479275723,0.9828069798033452,-0.15180840417607477,0.03203344890990599,0.9769542084215135
fixed_lambda,cloud,sigma2,0.1,cloud,0.1,0.31622776601683794,0.05,0.05179536610433671,1.0150405865261076,0.23341920262532156,0.014159684367480737,0.9884589743520411,-0.14466606170443064,0.02860631445844735,0.9790717305909299
fixed_lambda,cloud,sigma2,0.1,cloud,0.1,0.31622776601683794,0.05,0.05179536610433671,1.0196823905135686,0.31091891853894554,0.011049957585806845,0.9909935955776291,-0.14151121329068173,0.027171427485477084,0.9799745765129992
fixed_lambda,cloud,sigma2,0.1,cloud,0.1,0.31622776601683794,0.05,0.05179536610433671,1.0408102328616797,0.2800103408302555,0.008979122449590338,0.992681455334917,-0.12450561283842743,0.02022418961062363,0.9844983523717277
fixed_lambda,cloud,sigma2,0.1,cloud,0.1,0.31622776601683794,0.05,0.05179536610433671,0.9745775050039223,0.1408764583454803,0.026099073477714826,0.9787276277791875,-0.16668669472546738,0.04001153727094112,0.9722155458014988
fixed_lambda,cloud,sigma2,0.1,cloud,0.1,0.31622776601683794,0.05,0.05179536610433671,1.0358522337172023,0.22358746416483474,0.011388041947767498,0.9907180357423038,-0.12592774707476106,0.020756216851870547,0.9841422025166751
fixed_lambda,cloud,sigma2,0.1,cloud,0.1,0.31622776601683794,0.05,0.05179536610433671,1.136520676553393,0.28900485166086987,0.006546459700893171,0.9946642271571496,-0.043686866396506874,0.0020868995643636636,0.9980914577044537
fixed_lambda,cloud,sigma2,0.1,cloud,0.1,0.31622776601683794,0.05,0.05179536610433671,1.065307246013035,0.03496727417565473,0.016334197332597052,0.9866866106996519,-0.04894198056474908,0.0026481894835611187,0.9976046825383997
fixed_lambda,cloud,sigma2,0.1,cloud,0.1,0.31622776601683794,0.05,0.05179536610433671,0.9741931088846429,0.24708751566742387,0.022320912653353266,0.9818070644279459,-0.1802559416707652,0.04835291076862303,0.9675077954923857
fixed_lambda,cloud,sigma2,0.1,cloud,0.1,0.31622776601683794,0.05,0.05179536610433671,1.015494340044119,0.033126479354529864,0.022362524183520503,0.9817731484362862,-0.09331820508599065,0.010593097321161125,0.991291712599529
fixed_lambda,cloud,sigma2,0.1,cloud,0.1,0.31622776601683794,0.05,0.05179536610433671,1.0558688200202742,0.02767292359992328,0.017439200647229643,0.9857859640987614,-0.054108881083673954,0.0032723127976487187,0.9970722289878728
fixed_lambda,cloud,sigma2,0.1,cloud,0.1,0.31622776601683794,0.05,0.05179536610433671,1.0585469192732642,0.17544480004050875,0.010726463414080994,0.9912572634981816,-0.09944792117248469,0.012194773890151916,0.9901101109744713
fixed_lambda,cloud,sigma2,0.1,cloud,0.1,0.31622776601683794,0.05,0.05179536610433671,0.9161937135979673,0.08722242073043246,0.04645349507004668,0.9621375050370473,-0.20430946193311594,0.06593083449651858,0.9582576437646007
fixed_lambda,cloud,sigma2,1.0,cloud,1.0,1.0,0.05,0.05179536610433671,0.9415226506329469,0.3299642222880081,0.029211986223035804,0.976190409794575,-0.2038235668951045,0.06553754339861398,0.9584559535781568
fixed_lambda,cloud,sigma2,1.0,cloud,1.0,1.0,0.05,0.05179536610433671,1.0897655062979128,0.5217649156182251,0.0007625143359941015,0.9993785032716651,-0.05075902968120405,0.0028593918415903935,0.9974235209058226
fixed_lambda,cloud,sigma2,1.0,cloud,1.0,1.0,0.05,0.05179536610433671,1.1389700021880091,0.0939695999357821,0.0138854533023564,0.9886824897690468,-0.005985240894960553,3.625580927967728e-05,0.9999641768914292
fixed_lambda,cloud,sigma2,1.0,cloud,1.0,1.0,0.05,0.05179536610433671,0.9952589313913804,0.06620924747903445,0.024603157162435378,0.9799468928499182,-0.12558816465741862,0.02062839186964392,0.9842276128979811
fixed_lambda,cloud,sigma2,1.0,cloud,1.0,1.0,0.05,0.05179536610433671,0.8788202467541324,0.19558985299467646,0.05718002651395891,0.9533947130866747,-0.2589559523643665,0.12211351991578352,0.9329418147350639
fixed_lambda,cloud,sigma2,1.0,cloud,1.0,1.0,0.05,0.05179536610433671,0.6994421301170579,-0.008666397972431808,0.17780026407787916,0.8550816985264658,-0.35935533913225703,0.31463988987094865,0.8708637402371405
fixed_lambda,cloud,sigma2,1.0,cloud,1.0,1.0,0.05,0.05179536610433671,0.9774745736534022,0.30885660005179133,0.019667632874544528,0.9839696528856919,-0.17643700334482892,0.04589714755952389,0.9688699838506968
fixed_lambda,cloud,sigma2,1.0,cloud,1.0,1.0,0.05,0.05179536610433671,0.8154022767070415,-0.03538792352932685,0.09978612833232914,0.9186680835175408,-0.23778187506952075,0.09731929438424587,0.9434597798884228
fixed_lambda,cloud,sigma2,1.0,cloud,1.0,1.0,0.05,0.05179536610433671,0.9977899206562625,0.15937460185517865,0.020075431571643716,0.9836372715203817,-0.15000254241962163,0.031143110499934866,0.9774992372676496
fixed_lambda,cloud,sigma2,1.0,cloud,1.0,1.0,0.05,0.05179536610433671,0.9222908711182733,0.4966169149316779,0.03252158931930521,0.9734928769098499,-0.17951722154978844,0.04787108777945987,0.9677735671670442
fixed_lambda,cloud,sigma2,1.0,cloud,1.0,1.0,0.05,0.05179536610433671,0.8062687951121815,0.46173835015586484,0.08769571867693109,0.9285225212511768,-0.27274384616610325,0.14064850213577146,0.925610794378521
fixed_lambda,cloud,sigma2,1.0,cloud,1.0,1.0,0.05,0.05179536610433671,0.8956210497540192,0.3159833417788259,0.04623344042241874,0.9623168632957708,-0.24239584889089094,0.10236834098283093,0.9412442524404644
fixed_lambda,cloud,sigma2,1.0,cloud,1.0,1.0,0.05,0.05179536610433671,0.9946299299971747,-0.044328000047784914,0.0303865065184146,0.9752331025198349,-0.06948978013522689,0.005576986335390479,0.9951711704567578
fixed_lambda,cloud,sigma2,1.0,cloud,1.0,1.0,0.05,0.05179536610433671,1.239281547135334,0.2621596217649748,0.02541615573199174,0.9792842483234234,0.04625217917896318,0.001954301870448768,0.9978607359211971
fixed_lambda,cloud,sigma2,1.0,cloud,1.0,1.0,0.05,0.05179536610433671,1.012166394590984,0.6899399081309037,0.00777855008960694,0.9936599966667153,-0.03927798690025475,0.0016714868268731798,0.9984572397450634
fixed_lambda,cloud,sigma2,1.0,cloud,1.0,1.0,0.05,0.05179536610433671,1.0676528430969652,0.28387384293370493,0.006408273075234895,0.9947768578733108,-0.10189527723875624,0.012872240644404906,0.989617352476437
fixed_lambda,cloud,sigma2,1.0,cloud,1.0,1.0,0.05,0.05179536610433671,1.2533065588045513,-0.1956954689316557,0.052110934019354654,0.9575263395392007,0.2857829941887786,0.04940118985000755,0.9183280802324966
fixed_lambda,cloud,sigma2,1.0,cloud,1.0,1.0,0.05,0.05179536610433671,1.0462008785955663,0.07696961014526998,0.016028898571771557,0.9869354482257955,-0.08359954397227787,0.00832218227377962,0.9930111162476272
fixed_lambda,cloud,sigma2,1.0,cloud,1.0,1.0,0.05,0.05179536610433671,0.8168246786493634,0.5704490420625102,0.08044139681838727,0.9344352458893249,-0.21798201480842117,0.07769764262772526,0.9524838412200612
fixed_lambda,cloud,sigma2,1.0,cloud,1.0,1.0,0.05,0.05179536610433671,0.6415633782053896,-0.14207773552983685,0.23525962176733775,0.8082487392881753,-0.29603628665515047,0.1768436007071501,0.9123625169834295
fixed_lambda,cloud,sigma2,1.0,cloud,1.0,1.0,0.05,0.05179536610433671,0.7902297468006597,0.24830242609714404,0.10241204740236105,0.9165277957434501,-0.3342865040801952,0.25215231751085687,0.8882525331898417
fixed_lambda,cloud,sigma2,1.0,cloud,1.0,1.0,0.05,0.05179536610433671,1.3534327958316312,0.16442008293733615,0.07365969623722057,0.9399627547174011,0.1649267137401087,0.020044018827895974,0.9727991790948882
fixed_lambda,cloud,sigma2,1.0,cloud,1.0,1.0,0.05,0.05179536610433671,0.9849712144854865,-0.07385339602802266,0.03419017105459602,0.9721328787557291,-0.05779151425309581,0.003762132832430931,0.9966601408803343
fixed_lambda,cloud,sigma2,1.0,cloud,1.0,1.0,0.05,0.05179536610433671,1.1895603974504423,0.5247080733705434,0.00864898746662202,0.9929505359307017,0.024731082180124542,0.0005824604243690638,0.9993883735742
fixed_lambda,cloud,sigma2,1.0,cloud,1.0,1.0,0.05,0.05179536610433671,0.8172147255128805,0.3587900828083398,0.08335964010158649,0.9320566956544246,-0.29640912804405073,0.17747727609940075,0.9121416288121655
fixed_lambda,cloud,sigma2,1.0,cloud,1.0,1.0,0.05,0.05179536610433671,0.9764846303411552,-0.31812014088686424,0.05274631082959318,0.9570084678216699,0.2160218770203548,0.03155823415532407,0.9533345486486027
fixed_lambda,cloud,sigma2,1.0,cloud,1.0,1.0,0.05,0.05179536610433671,1.1695230864949218,0.06874589271937967,0.018347713045003995,0.985045469846765,0.03106314432252777,0.0009076539513467313,0.9990350810647978
fixed_lambda,cloud,sigma2,1.0,cloud,1.0,1.0,0.05,0.05179536610433671,1.138206637624108,0.3814056318339515,0.004345464542960652,0.9964581754479088,-0.03930578445611188,0.0016739503979965016,0.9984550553082897
fixed_lambda,cloud,sigma2,1.0,cloud,1.0,1.0,0.05,0.05179536610433671,1.1187085467704565,0.5794856391951639,0.0005489007254509393,0.9995526116835513,-0.012401747987198841,0.0001576903723456426,0.999846196646862
fixed_lambda,cloud,sigma2,1.0,cloud,1.0,1.0,0.05,0.05179536610433671,1.2538400410741186,0.8705147174547379,0.02561182786225219,0.9791247633366598,0.19786144648709736,0.027284071874511834,0.9608508479940335
fixed_lambda,cloud,sigma2,1.0,cloud,1.0,1.0,0.05,0.05179536610433671,0.9437871309688945,0.22068097003735387,0.03177505363045203,0.97410135004446,-0.20495302858669573,0.06645430271070846,0.957994256073141
fixed_lambda,cloud,sigma2,1.0,cloud,1.0,1.0,0.05,0.05179536610433671,0.9738109776273683,-0.27696916450231884,0.05029454264488563,0.9590068117655183,0.1502056887245855,0.01705382254215355,0.9774382510747729
fixed_lambda,cloud,sigma2,1.0,cloud,1.0,1.0,0.05,0.05179536610433671,0.9630295185972881,0.4812598876582133,0.019899841796215414,0.9837803881357768,-0.15531410358560893,0.03380892041211708,0.9758775292273988
fixed_lambda,cloud,sigma2,1.0,cloud,1.0,1.0,0.05,0.05179536610433671,1.1750083817363912,0.34083335119182856,0.009449618000123183,0.9922979721247671,-0.011385897112152876,0.00013264195277862007,0.9998703613469515
fixed_lambda,cloud,sigma2,1.0,cloud,1.0,1.0,0.05,0.05179536610433671,1.1511222237325445,-0.18599963892057514,0.030569297610373608,0.9750841163824487,0.18714491269138178,0.02485126956151191,0.9649767816537351
fixed_lambda,cloud,sigma2,1.0,cloud,1.0,1.0,0.05,0.05179536610433671,0.6700675027485804,0.2389983414000629,0.19159884672771796,0.8438349932938969,-0.4328804096000477,0.5826215769701821,0.8126145509844949
fixed_lambda,cloud,sigma2,1.0,cloud,1.0,1.0,0.05,0.05179536610433671,1.1433457845524597,0.32564709969397354,0.006087049195945494,0.9950386753639697,-0.03815654806955737,0.0015737269096551961,0.9985440778394156
fixed_lambda,cloud,sigma2,1.0,cloud,1.0,1.0,0.05,0.05179536610433671,1.1857186042549372,0.19993036475492265,0.01545018617820001,0.9874071349105876,0.008126614223139095,6.498140954456828e-05,0.9999339581412683
fixed_lambda,cloud,sigma2,1.0,cloud,1.0,1.0,0.05,0.05179536610433671,0.9068312258564026,-0.5555351102243502,0.09544677138348563,0.9222049299996042,0.7770785063888639,0.19121262570415165,0.39614899490845246
fixed_lambda,cloud,sigma2,1.0,cloud,1.0,1.0,0.05,0.05179536610433671,0.9393204978644647,0.4541708564703193,0.027351864544746255,0.9777065249451901,-0.1805615441737748,0.048553197708396244,0.9673975287655819
fixed_lambda,cloud,sigma2,1.0,cloud,1.0,1.0,0.05,0.05179536610433671,0.8829474333865347,0.7463720291941821,0.047483319393933,0.9612981340011957,-0.08220127381751396,0.008021622016533206,0.9932429505827781
fixed_lambda,cloud,sigma2,1.0,cloud,1.0,1.0,0.05,0.05179536610433671,1.079161897560258,-0.1886219557349301,0.028565697898916356,0.9767171750762765,0.1274759653000761,0.012783272100143041,0.9837498782708138
fixed_lambda,cloud,sigma2,1.0,cloud,1.0,1.0,0.05,0.05179536610433671,1.014461948136507,0.9486174613463884,0.010883653845440117,0.9911291434954437,0.11341850660941044,0.010376502091372959,0.9871362423584911
fixed_lambda,cloud,sigma2,1.0,cloud,1.0,1.0,0.05,0.05179536610433671,0.865101203920953,-0.07425395121412831,0.07615919583335683,0.9379255066970765,-0.16542108048934523,0.03928682071099891,0.9726358661297375
fixed_lambda,cloud,sigma2,1.0,cloud,1.0,1.0,0.05,0.05179536610433671,0.8980253727142982,-0.07127252376386617,0.061603112208666086,0.949789622456055,-0.13804707448141562,0.02564999700906958,0.9809430052271225
fixed_lambda,cloud,sigma2,1.0,cloud,1.0,1.0,0.05,0.05179536610433671,1.0083157342282403,-0.048588722254619826,0.027927052704560387,0.9772377107306541,-0.054292013944981954,0.003295776790389659,0.9970523772217978
fixed_lambda,cloud,sigma2,1.0,cloud,1.0,1.0,0.05,0.05179536610433671,0.7628486127550544,0.6811854731565615,0.11370995927063124,0.9073192931203593,-0.18406399461060763,0.0508891843424671,0.9661204458879862
fixed_lambda,cloud,sigma2,1.0,cloud,1.0,1.0,0.05,0.05179536610433671,1.4696097772869379,0.45741729905409567,0.13809491133424454,0.8874440367314007,0.23778326243748027,0.036903992317618095,0.9434591201045884
fixed_lambda,cloud,sigma2,1.0,cloud,1.0,1.0,0.05,0.05179536610433671,1.295067334703231,0.25401093452522366,0.04432355866724582,0.9638735360116996,0.09564168148367469,0.007620041107902015,0.9908526687629753
fixed_lambda,cloud,sigma2,1.0,cloud,1.0,1.0,0.05,0.05179536610433671,0.9834881048466905,0.0696666703962063,0.02704649265017683,0.9779554220798949,-0.13753452978961633,0.02542963114210829,0.9810842531155491
fixed_lambda,cloud,sigma2,1.0,cloud,1.0,1.0,0.05,0.05179536610433671,1.2198103431101661,0.8745639793935797,0.01637167754981891,0.9866560619856395,0.17931686171963634,0.023119649348496196,0.9678454631030208
fixed_lambda,cloud,sigma2,1.0,cloud,1.0,1.0,0.05,0.05179536610433671,0.8821310308129753,0.3877652295685205,0.0502175707275468,0.9590695486775231,-0.24040947304316773,0.10017147604295144,0.9422032852711064
fixed_lambda,cloud,sigma2,1.0,cloud,1.0,1.0,0.05,0.05179536610433671,1.2176606260039557,0.20067344147065375,0.021919797159635768,0.9821339985657871,0.0361276888863431,0.0012157766587656718,0.9986947900957316
fixed_lambda,cloud,sigma2,1.0,cloud,1.0,1.0,0.05,0.05179536610433671,0.9691304562500529,0.5602990859095425,0.017448687640865886,0.9857782316074123,-0.12381786264952521,0.019969988548826947,0.9846691368889033
fixed_lambda,cloud,sigma2,1.0,cloud,1.0,1.0,0.05,0.05179536610433671,1.0186966795468033,0.2237716250436936,0.013877055021430953,0.988689334891653,-0.14075728167307944,0.026835520384874675,0.9801873876560053
fixed_lambda,cloud,sigma2,1.0,cloud,1.0,1.0,0.05,0.05179536610433671,0.8058819790205138,0.11296262304246904,0.09804177603486652,0.9200898394042982,-0.31012693063774943,0.20208802447846366,0.9038212868932085
fixed_lambda,cloud,sigma2,1.0,cloud,1.0,1.0,0.05,0.05179536610433671,1.1068734089555239,0.0429503807856379,0.014787613358201961,0.9879471730718054,-0.014825642304063136,0.00022646486705173602,0.9997802003302719
fixed_lambda,cloud,sigma2,1.0,cloud,1.0,1.0,0.05,0.05179536610433671,1.0391382082623766,-0.03836625750866693,0.022658081872573396,0.9815322504910152,-0.0329427745144617,0.0011604221205141851,0.9989147736072893
fixed_lambda,cloud,sigma2,1.0,cloud,1.0,1.0,0.05,0.05179536610433671,1.0349409588827962,0.6617968465557871,0.004238245454636452,0.9965455656902465,-0.03794787486505202,0.0015558857852994996,0.9985599587932263
fixed_lambda,cloud,sigma2,1.0,cloud,1.0,1.0,0.05,0.05179536610433671,1.041858338300216,0.3103609941193852,0.00799463899783503,0.9934838707328755,-0.12315527762914125,0.019726983007301073,0.9848327775920891
fixed_lambda,cloud,sigma2,1.0,cloud,1.0,1.0,0.05,0.05179536610433671,1.1030493518166824,0.3113886516554592,0.004595604355610222,0.9962542959038143,-0.072100051138,0.006037662656180583,0.9948015826258978
fixed_lambda,cloud,sigma2,1.0,cloud,1.0,1.0,0.05,0.05179536610433671,0.7874082383719391,-0.3213016412533341,0.13545068456979134,0.8895992464179711,0.10032433078149339,0.008313255152306395,0.9899350286532455
fixed_lambda,cloud,sigma2,1.0,cloud,1.0,1.0,0.05,0.05179536610433671,0.7869890437013713,0.007825413322568614,0.11447138675395527,0.9066986822447182,-0.2886642688032668,0.1646784652172197,0.9166729399162753
fixed_lambda,cloud,sigma2,1.0,cloud,1.0,1.0,0.05,0.05179536610433671,1.2741284511343365,1.0712896852637077,0.03742011745082673,0.9695002710483114,0.3208884393301126,0.05901682801449924,0.8970306095042847
fixed_lambda,cloud,sigma2,1.0,cloud,1.0,1.0,0.05,0.05179536610433671,0.965209134888981,0.3789461209318098,0.021107385531693477,0.9827961646982692,-0.1779879022039823,0.046883988460489655,0.9683203066690256
fixed_lambda,cloud,sigma2,1.0,cloud,1.0,1.0,0.05,0.05179536610433671,0.8946059331238411,0.08981615931574305,0.05473896012247869,0.9553843344017616,-0.224529693310908,0.08383342706673197,0.9495864168217096
fixed_lambda,cloud,sigma2,1.0,cloud,1.0,1.0,0.05,0.05179536610433671,1.0483666300446801,-0.16363648366867972,0.029146177995212293,0.9762440476035437,0.07547470760990804,0.004924957371360499,0.9943035685111989
fixed_lambda,cloud,sigma2,1.0,cloud,1.0,1.0,0.05,0.05179536610433671,1.0306975708986696,0.5375454118770553,0.005308668054940978,0.9956731045277195,-0.0889170689180141,0.009524769083739686,0.9920937548550292
fixed_lambda,cloud,sigma2,1.0,cloud,1.0,1.0,0.05,0.05179536610433671,0.8723479132459391,0.9276085637362409,0.05490813318986646,0.9552464478035159,0.037708283015316146,0.001320453005282598,0.9985780853920369
fixed_lambda,cloud,sigma2,1.0,cloud,1.0,1.0,0.05,0.05179536610433671,0.7933998796403456,0.008526779576987054,0.11046314950534944,0.9099656455250229,-0.2831961962753462,0.15608969400833156,0.9197999144151756
fixed_lambda,cloud,sigma2,1.0,cloud,1.0,1.0,0.05,0.05179536610433671,0.9511288995527699,-0.2818099570485356,0.056893396390561055,0.9536283345092827,0.14019531962013554,0.015118493664960538,0.9803452723566081
fixed_lambda,cloud,sigma2,1.0,cloud,1.0,1.0,0.05,0.05179536610433671,1.097011661537664,0.6127059640370391,6.456397150174236e-05,0.9999473763375158,-0.01627973896927082,0.0002738745276082718,0.9997349700990924
fixed_lambda,cloud,sigma2,1.0,cloud,1.0,1.0,0.05,0.05179536610433671,0.792262207523134,-0.5235870540924086,0.1497948118598666,0.8779078882876628,0.697846540756504,0.16893630531032253,0.513010205554181
fixed_lambda,cloud,sigma2,1.0,cloud,1.0,1.0,0.05,0.05179536610433671,0.8380497730712301,0.12741100061338728,0.07954189187923015,0.9351683985009127,-0.28478044955146053,0.15854099804612912,0.918900095553268
fixed_lambda,cloud,sigma2,1.0,cloud,1.0,1.0,0.05,0.05179536610433671,0.9979649943728796,-0.11303818330809874,0.033700233140771474,0.9725322087042372,-0.015205619838623896,0.00023840597383376048,0.9997687891253233
fixed_lambda,cloud,sigma2,1.0,cloud,1.0,1.0,0.05,0.05179536610433671,0.9270095355246841,-0.19011950933566416,0.05815773239804144,0.9525978218289661,-0.000714962357722726,5.119028938903183e-07,0.999999488828827
fixed_lambda,cloud,sigma2,1.0,cloud,1.0,1.0,0.05,0.05179536610433671,1.1051155579166938,0.2240600912762457,0.007283161166543054,0.9940637695276363,-0.06595539796989935,0.004986151390380154,0.9956498854786322
fixed_lambda,cloud,sigma2,1.0,cloud,1.0,1.0,0.05,0.05179536610433671,1.1267684391308663,0.40537203693370066,0.0031102629460615597,0.997464941767005,-0.04591243570868675,0.002315710132641118,0.9978920482472957
fixed_lambda,cloud,sigma2,1.0,cloud,1.0,1.0,0.05,0.05179536610433671,1.2936524525761928,-0.006534649713739238,0.05474278223976425,0.9553812191378562,0.179598640132133,0.023181287944769192,0.9677443284626885
fixed_lambda,cloud,sigma2,1.0,cloud,1.0,1.0,0.05,0.05179536610433671,1.2472912115110866,0.008203236093772187,0.03817082443482387,0.9688883980480693,0.1295603206499154,0.013156039608133227,0.9832141233130911
fixed_lambda,cloud,sigma2,1.0,cloud,1.0,1.0,0.05,0.05179536610433671,1.121350492270397,0.027242265889229483,0.01596893133597952,0.9869843252620593,0.005575521250944737,3.074266873402023e-05,0.9999689135627803
fixed_lambda,cloud,sigma2,1.0,cloud,1.0,1.0,0.05,0.05179536610433671,0.9770427950596505,0.2629842532509689,0.02110972177601153,0.9827942605134798,-0.1781454948091964,0.04698506231628915,0.9682641826791866
fixed_lambda,cloud,sigma2,1.0,cloud,1.0,1.0,0.05,0.05179536610433671,1.1423262735340234,0.14934232473395437,0.011817837743389011,0.9903677253701287,-0.019517105297582105,0.00039623311392333736,0.9996190826008031
fixed_lambda,cloud,sigma2,1.0,cloud,1.0,1.0,0.05,0.05179536610433671,1.2386178128988525,0.45733693972003964,0.020699660244718848,0.9831284862297507,0.05035856490792079,0.002298643008926941,0.9974640149404147
fixed_lambda,cloud,sigma2,1.0,cloud,1.0,1.0,0.05,0.05179536610433671,0.8098900237117084,0.01887545456642653,0.10009652601594257,0.9184150900513958,-0.2733438137494375,0.14150133870110923,0.9252831594849128
fixed_lambda,cloud,sigma2,1.0,cloud,1.0,1.0,0.05,0.05179536610433671,1.0227208644177561,0.26089912648806574,0.012028044387048858,0.9901963938486846,-0.13946718420958937,0.026266922489086617,0.9805489045286485
fixed_lambda,cloud,sigma2,1.0,cloud,1.0,1.0,0.05,0.05179536610433671,1.0774086145842285,0.17574464888568042,0.009507096217426599,0.9922511237937676,-0.08287622061300115,0.008165898312391841,0.9931315320569052
fixed_lambda,cloud,sigma2,1.0,cloud,1.0,1.0,0.05,0.05179536610433671,1.1527019408826609,0.26490491140740213,0.008709423663125104,0.9929012766622177,-0.028652331270801024,0.0008701027135065605,0.9991790439127483
fixed_lambda,cloud,sigma2,1.0,cloud,1.0,1.0,0.05,0.05179536610433671,1.0332491921204139,0.32279607684050904,0.008738166645815912,0.9928778493391345,-0.12967279806169507,0.022198961045765853,0.9831849654428508
fixed_lambda,cloud,sigma2,1.0,cloud,1.0,1.0,0.05,0.05179536610433671,1.014727042466042,0.5171498437630483,0.007977443847075527,0.9934978858529012,-0.10688368415228111,0.014322102691322584,0.9885758780620354
fixed_lambda,cloud,sigma2,1.0,cloud,1.0,1.0,0.05,0.05179536610433671,0.9931361084552053,-0.016079363814057945,0.029166360072055277,0.9762275979525183,-0.08818892941574796,0.00935445347381189,0.9922227127285043
fixed_lambda,cloud,sigma2,1.0,cloud,1.0,1.0,0.05,0.05179536610433671,1.249770574636372,0.8660902655412619,0.024299025141376798,0.9801947794104028,0.19318331765867525,0.026213492976608625,0.9626802057783874
fixed_lambda,cloud,sigma2,1.0,cloud,1.0,1.0,0.05,0.05179536610433671,0.7943907480379473,-0.36716622560729917,0.1347821001054534,0.8901441844441654,0.20576468680728466,0.02912168942428221,0.9576608936631
fixed_lambda,cloud,sigma2,1.0,cloud,1.0,1.0,0.05,0.05179536610433671,1.0536223335106316,0.37907957880075915,0.005086802933910055,0.9958539384351536,-0.10784575393405738,0.01461255666202606,0.9883692933583947
fixed_lambda,cloud,sigma2,1.0,cloud,1.0,1.0,0.05,0.05179536610433671,0.9714569211603379,-0.18178576390802945,0.04419802539918218,0.9639758534524556,0.02770579434197651,0.0007267810616990337,0.9992323889598801
fixed_lambda,cloud,sigma2,1.0,cloud,1.0,1.0,0.05,0.05179536610433671,0.6923728449363568,-0.14331016466075736,0.19133353823944263,0.8440512362544277,-0.2521331646650219,0.11366098116490106,0.9364288672760009
fixed_lambda,cloud,sigma2,1.0,cloud,1.0,1.0,0.05,0.05179536610433671,1.0624568045538094,0.41430545072657005,0.0036315683465990845,0.9970400453609919,-0.09564496635310904,0.011185266009502617,0.9908520404113126
fixed_lambda,cloud,sigma2,1.0,cloud,1.0,1.0,0.05,0.05179536610433671,1.0429142266803098,0.4998625284988827,0.004160435929457021,0.9966089853048683,-0.09142189507359488,0.010124554095768078,0.9916420371011526
fixed_lambda,cloud,sigma2,1.0,cloud,1.0,1.0,0.05,0.05179536610433671,1.205451244936213,0.027993881396768533,0.026595629521791446,0.9783229036418686,0.08161329405041351,0.005693479760004416,0.9933392702342407
fixed_lambda,cloud,sigma2,1.0,cloud,1.0,1.0,0.05,0.05179536610433671,0.9324798161062148,0.18974188628911204,0.036536513261275834,0.9702204635575223,-0.2119466589224145,0.07233390649362884,0.9550786137716257
fixed_lambda,cloud,sigma2,1.0,cloud,1.0,1.0,0.05,0.05179536610433671,0.9902929225801227,0.029678073648674475,0.027427614528499747,0.9776447839852476,-0.11460456120903006,0.016754414081403518,0.9868657945500857
fixed_lambda,cloud,sigma2,1.0,cloud,1.0,1.0,0.05,0.05179536610433671,1.1348975455743089,-0.3514717636428523,0.041335666422067964,0.9663088544933833,0.38394197132894115,0.0769653803203474,0.8525885626520465
fixed_lambda,cloud,sigma2,1.0,cloud,1.0,1.0,0.05,0.05179536610433671,1.3053313060006073,0.2794538962234954,0.04765312182487293,0.9611597344324126,0.1016839978566848,0.008519049526336125,0.9896603645798817
fixed_lambda,cloud,sigma2,1.0,cloud,1.0,1.0,0.05,0.05179536610433671,0.9470839803344657,0.6619074798415668,0.023388980593397186,0.9809365224603495,-0.09302966255949363,0.010520992815922501,0.9913454818840668
fixed_lambda,cloud,sigma2,1.0,cloud,1.0,1.0,0.05,0.05179536610433671,1.1282688239269931,-0.03227753799979005,0.019419231960577533,0.9841721151189359,0.04419014464663107,0.0017909838367689843,0.9980472311161098
fixed_lambda,cloud,sigma2,1.0,cloud,1.0,1.0,0.05,0.05179536610433671,1.1295402466509592,0.5059490762723543,0.001702652917271021,0.9986122317081498,-0.025147327705360323,0.0006654351068829149,0.9993676119092793
fixed_lambda,cloud,sigma2,1.0,cloud,1.0,1.0,0.05,0.05179536610433671,0.8584842716133202,-0.3878187253134238,0.10141255532259574,0.9173424441090589,0.28190383869477986,0.04836053351219178,0.9205302257291476
fixed_lambda,cloud,sigma2,1.0,cloud,1.0,1.0,0.05,0.05179536610433671,0.676155646486204,0.02984090277750874,0.1950279282402404,0.8410400780501749,-0.3997690429416626,0.44358978833819457,0.8401847123055071
fixed_lambda,cloud,sigma2,1.0,cloud,1.0,1.0,0.05,0.05179536610433671,0.9455504229194079,-0.21824495043376876,0.05400864361852328,0.9559795878893771,0.048372273602985905,0.0021289327755912844,0.9976601231464779
fixed_lambda,cloud,sigma2,1.0,cloud,1.0,1.0,0.05,0.05179536610433671,0.9849025215584006,-0.017096444463079563,0.031048136192225757,0.9746938330815668,-0.09508226523261565,0.011040299121971846,0.9909593628382345
fixed_lambda,cloud,sigma2,1.0,cloud,1.0,1.0,0.05,0.05179536610433671,0.897641410147952,-0.06298020474561422,0.06128262978127335,0.950050835617187,-0.14447583042819667,0.02851844438429817,0.979126734422083
fixed_lambda,cloud,sigma2,1.0,cloud,1.0,1.0,0.05,0.05179536610433671,0.7553858626795709,0.30540692739701514,0.12350867906854229,0.8993327255126398,-0.3551038731281021,0.30320145501583756,0.8739012392894208
fixed_lambda,cloud,sigma2,1.0,cloud,1.0,1.0,0.05,0.05179536610433671,0.8788536065273286,0.42312115211098966,0.050964687810747436,0.9584606016702686,-0.2338219469140832,0.0931346162533044,0.9453272971413077
fixed_lambda,cloud,sigma2,1.0,cloud,1.0,1.0,0.05,0.05179536610433671,1.2034801446632875,0.1992985986488856,0.018833410466729216,0.9846495961637222,0.02388386169651202,0.0005441363007503748,0.9994295611504619
fixed_lambda,cloud,sigma2,1.0,cloud,1.0,1.0,0.05,0.05179536610433671,1.0028513833208765,0.461395162423337,0.010860725112960061,0.9911478318420734,-0.13146206830488405,0.022909907793458677,0.982717724597002
fixed_lambda,cloud,sigma2,1.0,cloud,1.0,1.0,0.05,0.05179536610433671,1.0776878150657707,0.13653775355282666,0.011043572737602368,0.9909987996270255,-0.07389114587264456,0.006365913458235481,0.9945400985616276
fixed_lambda,cloud,sigma2,1.0,cloud,1.0,1.0,0.05,0.05179536610433671,0.7496296453145934,-0.3741975081177889,0.1647186068677652,0.8657440648237303,0.20745024291546987,0.02951816859939519,0.9569643967143125
fixed_lambda,cloud,sigma2,1.0,cloud,1.0,1.0,0.05,0.05179536610433671,0.8977248955982456,0.10823848292757096,0.052655439515965456,0.9570825336083092,-0.22708918740543282,0.08632451495376668,0.9484305009635402
fixed_lambda,cloud,sigma2,1.0,cloud,1.0,1.0,0.05,0.05179536610433671,0.8281389842745044,-0.22911223424291893,0.10482194468712129,0.9145635791938045,-0.031131765749992657,0.0010324715028617677,0.9990308131612876
fixed_lambda,cloud,sigma2,1.0,cloud,1.0,1.0,0.05,0.05179536610433671,0.9407687692141241,0.028188986336454808,0.04082054232611632,0.9667287127507407,-0.15888055254211664,0.03568010586270018,0.9747569700239117
fixed_lambda,cloud,sigma2,1.0,cloud,1.0,1.0,0.05,0.05179536610433671,1.1452663729474595,-0.1654530091157972,0.028647588922858822,0.9766504287856722,0.16208413385554454,0.019453863563070852,0.9737287335522979
fixed_lambda,cloud,sigma2,1.0,cloud,1.0,1.0,0.05,0.05179536610433671,0.8221854940986566,-0.3612535982928039,0.11808625329161336,0.9037523406213926,0.20445960511805672,0.02881579174216753,0.9581962698749683
fixed_lambda,cloud,sigma2,1.0,cloud,1.0,1.0,0.05,0.05179536610433671,0.9363730988116707,0.198542113572795,0.03492633172118806,0.9715328619111679,-0.20952206829387676,0.07025545410381889,0.9561005028978561
fixed_lambda,cloud,sigma2,1.0,cloud,1.0,1.0,0.05,0.05179536610433671,0.9884938560057637,0.3203255376075806,0.016781030194612617,0.986322414056066,-0.16658985077884325,0.03995577036018414,0.9722478216174827
fixed_lambda,cloud,sigma2,1.0,cloud,1.0,1.0,0.05,0.05179536610433671,1.2986761633742985,0.5029650219070352,0.040336989284442855,0.9671228386303343,0.10485080187533802,0.009006089156150811,0.9890063093460986
fixed_lambda,cloud,sigma2,1.0,cloud,1.0,1.0,0.05,0.05179536610433671,0.7820400111592857,0.3468070580842488,0.10477559290468835,0.9146013587866262,-0.3258884759392875,0.23370849749623615,0.8937967012499685
fixed_lambda,cloud,sigma2,1.0,cloud,1.0,1.0,0.05,0.05179536610433671,1.100056116276443,0.42064786172405405,0.0021040992823064277,0.9982850278895539,-0.06499216103023486,0.004831605329511215,0.99577601900462
fixed_lambda,cloud,sigma2,1.0,cloud,1.0,1.0,0.05,0.05179536610433671,0.9980218758991337,0.2669293856739098,0.01626926161753843,0.9867395373563139,-0.1604850802622445,0.03654369773303341,0.974244539013221
fixed_lambda,cloud,sigma2,1.0,cloud,1.0,1.0,0.05,0.05179536610433671,1.1595913750318,-0.5464214581813415,0.06080810420205134,0.9504376035519999,0.7853872317079649,0.19350973754972298,0.3831668962700995
fixed_lambda,cloud,sigma2,1.0,cloud,1.0,1.0,0.05,0.05179536610433671,1.24921714552277,0.4070971299050703,0.02462582868997769,0.97992841414135,0.0534062235314936,0.0025703483083171362,0.9971477752881042
fixed_lambda,cloud,sigma2,1.0,cloud,1.0,1.0,0.05,0.05179536610433671,1.277198545183659,-0.18457986139867336,0.05926026621729435,0.9516991880207887,0.2960168710262676,0.052168892525023054,0.9123740120678181
fixed_lambda,cloud,sigma2,1.0,cloud,1.0,1.0,0.05,0.05179536610433671,1.1753229782256482,0.8227508343324141,0.0068672650792832735,0.9944027507708181,0.12620609166894026,0.012558127594803164,0.9840720224256511
fixed_lambda,cloud,sigma2,1.0,cloud,1.0,1.0,0.05,0.05179536610433671,1.1034067440992372,0.16862004794101773,0.009280672235130013,0.9924356734573885,-0.05849643697840412,0.0038602452049002274,0.9965781668608316
fixed_lambda,cloud,sigma2,1.0,cloud,1.0,1.0,0.05,0.05179536610433671,1.0773682725933114,-0.07235236106283308,0.021383912426732647,0.9825707780367327,0.024498532772760928,0.0005718175344371932,0.999399821891982
fixed_lambda,cloud,sigma2,1.0,cloud,1.0,1.0,0.05,0.05179536610433671,0.9006444367398283,-0.08982971135664201,0.06163656067502245,0.9497623598703868,-0.12129938428503828,0.019056157400945233,0.9852864593720706
fixed_lambda,cloud,sigma2,1.0,cloud,1.0,1.0,0.05,0.05179536610433671,0.7857395294701062,0.6756041768387417,0.09878586629253391,0.9194833594485827,-0.17616900812863712,0.04572805893667295,0.9689644805749722
fixed_lambda,cloud,sigma2,1.0,cloud,1.0,1.0,0.05,0.05179536610433671,1.1470946901011856,0.7956093779224668,0.003065993473285409,0.9975010241476197,0.09548904196786134,0.007597854925199706,0.99088184286406
fixed_lambda,cloud,sigma2,1.0,cloud,1.0,1.0,0.05,0.05179536610433671,0.642409815615701,-0.5675000074020385,0.2686810275658154,0.7810082096618995,1.1752495181913116,0.2919053141183089,-0.3812114300089102
fixed_lambda,cloud,sigma2,1.0,cloud,1.0,1.0,0.05,0.05179536610433671,1.2599889512717395,-0.08393628754868801,0.04714296349626102,0.9615755452797612,0.1976734372672666,0.027240795943804054,0.960925212198944
fixed_lambda,cloud,sigma2,1.0,cloud,1.0,1.0,0.05,0.05179536610433671,1.0568527582478113,-0.11833425271829587,0.02547518542682911,0.9792361354414956,0.04174568084655861,0.0016058304174695948,0.9982572981306572
fixed_lambda,cloud,sigma2,1.0,cloud,1.0,1.0,0.05,0.05179536610433671,1.0674797032889112,0.6942276539779433,0.0011358131132329678,0.9990742414921893,-0.002467398527417952,6.118210371622768e-06,0.9999939119445069
fixed_lambda,cloud,sigma2,1.0,cloud,1.0,1.0,0.05,0.05179536610433671,0.880885959288719,0.3056708702869477,0.052753464819582846,0.9570026368737609,-0.25543883329659267,0.1176990834692172,0.9347510024440755
fixed_lambda,cloud,sigma2,1.0,cloud,1.0,1.0,0.05,0.05179536610433671,1.0968764946920437,0.07623970960857868,0.01317779111861076,0.9892592785731431,-0.037551682285345,0.0015223130142724246,0.9985898711575405
fixed_lambda,cloud,sigma2,1.0,cloud,1.0,1.0,0.05,0.05179536610433671,0.7473051513442919,0.3118757371041229,0.12896677695462813,0.894884035410687,-0.36010897099610983,0.31670566955181556,0.870321529008123
fixed_lambda,cloud,sigma2,1.0,cloud,1.0,1.0,0.05,0.05179536610433671,1.2655790794134925,0.3984470428703454,0.029947587149046564,0.9755908491734888,0.06621104831839908,0.0038563333771397604,0.9956160970805786
fixed_lambda,cloud,sigma2,1.0,cloud,1.0,1.0,0.05,0.05179536610433671,0.8790694665532042,-0.12469224076142837,0.07281622332492432,0.9406502377333733,-0.11018428678997272,0.015333425534275148,0.9878594229445851
fixed_lambda,cloud,sigma2,1.0,cloud,1.0,1.0,0.05,0.05179536610433671,0.7886236822227161,-0.36981822826273053,0.13855638002041756,0.8870679109785495,0.2098353536915305,0.030081866528656312,0.9559691243411503
fixed_lambda,cloud,sigma2,1.0,cloud,1.0,1.0,0.05,0.05179536610433671,0.69549477275594,0.5713173705140664,0.16387211711508157,0.8664340067527251,-0.2871206166755076,0.16221710490112082,0.9175617514798762
fixed_lambda,cloud,sigma2,1.0,cloud,1.0,1.0,0.05,0.05179536610433671,1.2369960974307577,0.19321851552127434,0.027113903693761158,0.9779004778761422,0.05463612141003393,0.0026838265141925005,0.9970148942372681
fixed_lambda,cloud,sigma2,1.0,cloud,1.0,1.0,0.05,0.05179536610433671,1.029540288994736,0.10477546252616687,0.016855362725487537,0.9862618284086009,-0.10800219933946198,0.014660123598488284,0.9883355249378392
fixed_lambda,cloud,sigma2,1.0,cloud,1.0,1.0,0.05,0.05179536610433671,0.9709442202843054,0.7463255575146478,0.01702653879924623,0.9861223092352708,-0.034391867646199725,0.0012685561410918055,0.9988171994398063
fixed_lambda,cloud,sigma2,1.0,cloud,1.0,1.0,0.05,0.05179536610433671,0.7663256856374294,-0.5464813519360414,0.16860125308655954,0.8625794660636079,0.8163102493331826,0.20199026153072705,0.3336375768335972
fixed_lambda,cloud,sigma2,1.0,cloud,1.0,1.0,0.05,0.05179536610433671,1.0588973834104953,0.19282935055272282,0.01004962519914564,0.991808928845753,-0.10206704787667997,0.012920618051233864,0.9895823177377395
fixed_lambda,cloud,sigma2,1.0,cloud,1.0,1.0,0.05,0.05179536610433671,1.2548840202441864,0.17602679830690918,0.0329750835639295,0.9731232508240855,0.07421076445877617,0.004772597513414762,0.9944927624384441
fixed_lambda,cloud,sigma2,1.0,cloud,1.0,1.0,0.05,0.05179536610433671,1.0571079972694897,0.8739454230613921,0.003845785998639948,0.9968654446176217,0.08687737439295162,0.006389285257620073,0.9924523218185869
fixed_lambda,cloud,sigma2,1.0,cloud,1.0,1.0,0.05,0.05179536610433671,1.0269495126041575,-0.3409476093955723,0.044615460291442144,0.9636356179872507,0.2894645387153252,0.05039319898517708,0.916210280826324
fixed_lambda,cloud,sigma2,1.0,cloud,1.0,1.0,0.05,0.05179536610433671,1.0570884199354071,0.2715585109662509,0.007570122128523222,0.993829878450955,-0.11060195854132837,0.01546440794008385,0.9877672067668223
fixed_lambda,cloud,sigma2,1.0,cloud,1.0,1.0,0.05,0.05179536610433671,0.8092410894267381,-0.04561783364088384,0.10389611089691961,0.9153181914606573,-0.23655811761938128,0.0960116090603052,0.944040256988375
fixed_lambda,cloud,sigma2,1.0,cloud,1.0,1.0,0.05,0.05179536610433671,0.9549001031631724,-0.21279025772489418,0.05083026121505761,0.9585701677275592,0.04937903510712349,0.002214218279481947,0.9975617108918895
fixed_lambda,cloud,sigma2,1.0,cloud,1.0,1.0,0.05,0.05179536610433671,1.3047657832593553,0.3580870970876891,0.04533755170928493,0.9630470684576697,0.09750674073573817,0.007893232352221738,0.9904924355110936
fixed_lambda,cloud,sigma2,1.0,cloud,1.0,1.0,0.05,0.05179536610433671,1.0287727199805112,-0.39027404037783975,0.0483601285823361,0.960583479841604,0.3789589202362562,0.0755234135938474,0.8563901367733708
fixed_lambda,cloud,sigma2,1.0,cloud,1.0,1.0,0.05,0.05179536610433671,1.1583798572355348,-0.07552962540939387,0.024463937224709235,0.9800603657798441,0.09992871974326056,0.008253754804186884,0.9900142509704729
fixed_lambda,cloud,sigma2,1.0,cloud,1.0,1.0,0.05,0.05179536610433671,0.9122348921950757,0.36817403284849115,0.038432770739430216,0.9686748954768684,-0.2213173420470561,0.08078112301305466,0.9510186341092264
fixed_lambda,cloud,sigma2,1.0,cloud,1.0,1.0,0.05,0.05179536610433671,1.038153182655687,0.2432875388148551,0.010441629858951959,0.9914894206056305,-0.12549332062289575,0.02059277908107802,0.9842514264790391
fixed_lambda,cloud,sigma2,1.0,cloud,1.0,1.0,0.05,0.05179536610433671,0.8759510473532347,-0.2806806402334558,0.08484459134632673,0.9308463677998804,0.0831747695411551,0.0058963891937958935,0.9930819577117758
fixed_lambda,cloud,sigma2,1.0,cloud,1.0,1.0,0.05,0.05179536610433671,0.8881200031526523,0.25109176621050044,0.051258244223434446,0.95822133489002,-0.2528961520400763,0.11458360880484642,0.9360435362833226
fixed_lambda,cloud,sigma2,1.0,cloud,1.0,1.0,0.05,0.05179536610433671,0.9035768470538403,0.17120500162898197,0.04775184103191459,0.961079272123307,-0.23475510052142767,0.09410857268881288,0.9448900427791744
fixed_lambda,cloud,sigma2,1.0,cloud,1.0,1.0,0.05,0.05179536610433671,0.8600386888113097,0.32335529706143396,0.06184930134570846,0.9495889629589139,-0.2698425574132426,0.13658023499590666,0.9271849942086808
fixed_lambda,cloud,sigma2,1.0,cloud,1.0,1.0,0.05,0.05179536610433671,1.1222630438689258,0.3189821812705247,0.0048785549749665045,0.9960236735064255,-0.055903899464123774,0.0035063220019409037,0.9968747540247052
fixed_lambda,cloud,sigma2,1.0,cloud,1.0,1.0,0.05,0.05179536610433671,1.2585165827352274,0.46841708095084966,0.02644640126167057,0.9784445339785879,0.06776204471498581,0.004027393329567621,0.9954083052960443
fixed_lambda,cloud,sigma2,1.0,cloud,1.0,1.0,0.05,0.05179536610433671,1.0599198735419602,-0.17406483273511192,0.028769730478922388,0.9765508758016771,0.09589845036821076,0.00765742149748707,0.9908034872169759
fixed_lambda,cloud,sigma2,1.0,cloud,1.0,1.0,0.05,0.05179536610433671,0.9325595535459721,0.11773309738599752,0.039368625333456385,0.9679121156300787,-0.19849884578881916,0.06133490083128773,0.9605982082205066
fixed_lambda,cloud,sigma2,1.0,cloud,1.0,1.0,0.05,0.05179536610433671,0.9411858721145515,0.8450873104183267,0.026744289563465876,0.9782017364386129,0.009713547962043378,9.25463746831342e-05,0.999905646985989
fixed_lambda,cloud,sigma2,1.0,cloud,1.0,1.0,0.05,0.05179536610433671,0.9768660756687744,-0.8173020035050891,0.10128097010080998,0.9174496942694514,1.9858841191362901,0.4423457997013667,-2.943735734637719
fixed_lambda,cloud,sigma2,1.0,cloud,1.0,1.0,0.05,0.05179536610433671,1.013922336618982,0.19761111407220125,0.01559559229757566,0.9872886198568949,-0.1420474066011459,0.027411956596230174,0.9798225342778887
fixed_lambda,cloud,sigma2,1.0,cloud,1.0,1.0,0.05,0.05179536610433671,0.8093013062258294,0.30614266087094627,0.08923524534892559,0.9272677110205187,-0.31263742014786855,0.20687601687832924,0.9022578435232851
fixed_lambda,cloud,sigma2,1.0,cloud,1.0,1.0,0.05,0.05179536610433671,0.7707196593071566,-0.3776299805906508,0.15066647784714476,0.877197426157678,0.22293523654227676,0.03323154382160349,0.9502998803078391
fixed_lambda,cloud,sigma2,1.0,cloud,1.0,1.0,0.05,0.05179536610433671,0.968667433663041,0.4882855360563877,0.01829430569459456,0.9850890001674183,-0.1490906539645841,0.030699708504796596,0.9777719769004126
fixed_lambda,cloud,sigma2,1.0,cloud,1.0,1.0,0.05,0.05179536610433671,1.0620016802540586,0.3377845915154648,0.0053430107553214135,0.9956451130855641,-0.10507266462742271,0.013784910306214397,0.9889597351480931
fixed_lambda,cloud,sigma2,1.0,cloud,1.0,1.0,0.05,0.05179536610433671,1.1808666065693576,-0.17037421472316017,0.03345996214534892,0.9727280445469485,0.19799806635278427,0.02731553203078511,0.9607967657205584
fixed_lambda,cloud,sigma2,1.0,cloud,1.0,1.0,0.05,0.05179536610433671,0.972794910012371,0.689668634346684,0.016244078940798063,0.9867600628080544,-0.06348054073153431,0.004594599103408736,0.995970220948432
fixed_lambda,cloud,sigma2,1.0,cloud,1.0,1.0,0.05,0.05179536610433671,0.9911669996856005,0.7439858272772464,0.012197955386593634,0.9900579057897191,-0.024110915599294236,0.0006104168099884455,0.9994186637489637
fixed_lambda,cloud,sigma2,1.0,cloud,1.0,1.0,0.05,0.05179536610433671,0.9596983585955634,0.055936986873120015,0.03380098512339465,0.9724500895562844,-0.1537300027039592,0.0329988937820671,0.9763670862686407
fixed_lambda,cloud,sigma2,1.0,cloud,1.0,1.0,0.05,0.05179536610433671,1.0185794145749552,0.2347313521689435,0.013527233725814403,0.9889744610597323,-0.14171885206123036,0.02726441005477944,0.9799157669704471
fixed_lambda,cloud,sigma2,1.0,cloud,1.0,1.0,0.05,0.05179536610433671,1.1947338819940292,0.37657796268541177,0.011964892817229034,0.9902478663157315,0.006553673247345682,4.239315050761896e-05,0.999957049366967
fixed_lambda,cloud,sigma2,1.0,cloud,1.0,1.0,0.05,0.05179536610433671,1.0349137995279323,0.30650136748721374,0.008955865913416369,0.9927004108619966,-0.12906504021010246,0.021960680555959674,0.9833422153955647
fixed_lambda,cloud,sigma2,1.0,cloud,1.0,1.0,0.05,0.05179536610433671,1.1381771293061282,0.35389087100656785,0.004964717852986791,0.9959534453883879,-0.0413879842196857,0.0018640725574625599,0.998287034762231
fixed_lambda,cloud,sigma2,1.0,cloud,1.0,1.0,0.05,0.05179536610433671,0.8969876605483942,-0.11732352924201976,0.06476542591075121,0.947212139611418,-0.10113336558508312,0.012658970875772262,0.9897720423654339
fixed_lambda,cloud,sigma2,1.0,cloud,1.0,1.0,0.05,0.05179536610433671,0.7880170502142922,-0.0021703201256358107,0.11434640601510246,0.906800549339716,-0.2824476456395403,0.1549418476424898,0.9202233274726807
fixed_lambda,cloud,sigma2,1.0,cloud,1.0,1.0,0.05,0.05179536610433671,1.1407388056235725,-0.09921448982229025,0.02411254435402221,0.9803467728795972,0.10148946350337362,0.008489482532730226,0.9896998887977974
fixed_lambda,cloud,sigma2,1.0,cloud,1.0,1.0,0.05,0.05179536610433671,1.1455250055014043,0.15520956556052393,0.01186522908641511,0.9903290984706047,-0.01810935572112049,0.00034015726842830265,0.999672051235366
fixed_lambda,cloud,sigma2,1.0,cloud,1.0,1.0,0.05,0.05179536610433671,0.8715476689365695,0.1572597569147484,0.06190218545454379,0.9495458591127689,-0.26071237633979516,0.12436449902782205,0.932029056823257
fixed_lambda,cloud,sigma2,1.0,cloud,1.0,1.0,0.05,0.05179536610433671,0.9986428322221057,-0.1264286543302496,0.034386933670559526,0.9719725049551231,-0.003007668460536461,9.100731207096952e-06,0.9999909539304315
fixed_lambda,cloud,sigma2,1.0,cloud,1.0,1.0,0.05,0.05179536610433671,0.9720033752404098,0.3172537417254454,0.020811938845676024,0.983036972169145,-0.1803158105697944,0.048392103517191795,0.967486208458558
fixed_lambda,cloud,sigma2,1.0,cloud,1.0,1.0,0.05,0.05179536610433671,1.0057814478539622,-0.2084667764140954,0.038355743816768005,0.9687376772216415,0.08672605766827046,0.006368821081238487,0.9924785909213198
fixed_lambda,cloud,sigma2,1.0,cloud,1.0,1.0,0.05,0.05179536610433671,0.8606429491394716,0.293176158014819,0.062384727965012245,0.9491525568791163,-0.273121355661313,0.14118465596272156,0.9254047250817266
fixed_lambda,cloud,sigma2,1.0,cloud,1.0,1.0,0.05,0.05179536610433671,1.2937315832002554,0.16833853664328152,0.04681183694059486,0.9618454340691215,0.11063735022073318,0.009923365383979024,0.9877593767361348
fixed_lambda,cloud,sigma2,1.0,cloud,1.0,1.0,0.05,0.05179536610433671,1.2278748764851006,0.5049498011183433,0.017193566443904046,0.985986171290322,0.049897129230153325,0.0022586951694341644,0.9975102764945893
fixed_lambda,cloud,sigma2,1.0,cloud,1.0,1.0,0.05,0.05179536610433671,1.218557966123485,0.10957570359501045,0.02573832813713054,0.9790216577250546,0.060392525106399475,0.0032436430944251123,0.996352742911273
fixed_lambda,cloud,sigma2,1.0,cloud,1.0,1.0,0.05,0.05179536610433671,1.0924173766557996,0.24697383867992362,0.006554699645115863,0.9946575110888288,-0.07915205711621132,0.0073883688447945765,0.9937349518542721
fixed_lambda,cloud,sigma2,1.0,cloud,1.0,1.0,0.05,0.05179536610433671,1.2419913802950397,0.24495361760380807,0.026724054953780264,0.9782182289071805,0.05056638873454933,0.0023167377421505412,0.9974430403303465
fixed_lambda,cloud,sigma2,1.0,cloud,1.0,1.0,0.05,0.05179536610433671,1.171897551812171,-0.1305647352064457,0.02954051019050016,0.9759226422768765,0.15459862607640118,0.017928715977169753,0.9760992648152891
fixed_lambda,cloud,sigma2,1.0,cloud,1.0,1.0,0.05,0.05179536610433671,0.7467891762668084,0.11795039068276714,0.1360809574732646,0.8890855347026941,-0.3635635746775897,0.3263252461383404,0.8678215271676526
fixed_lambda,cloud,sigma2,1.0,cloud,1.0,1.0,0.05,0.05179536610433671,1.2987908482926798,0.355657324160213,0.042983305797744224,0.9649659256681521,0.09247996236189593,0.007165860153624326,0.9914474565615423
fixed_lambda,cloud,sigma2,1.0,cloud,1.0,1.0,0.05,0.05179536610433671,1.1711662702003443,0.7016186186491515,0.005171217285878255,0.995785135474873,0.06854424132570958,0.004114877695847551,0.9953016869810829
fixed_lambda,cloud,sigma2,1.0,cloud,1.0,1.0,0.05,0.05179536610433671,1.0674137100006151,0.16013522850569678,0.010660566069970654,0.9913109739424805,-0.08858070150732866,0.009445866217840077,0.9921534593204695
fixed_lambda,cloud,sigma2,1.0,cloud,1.0,1.0,0.05,0.05179536610433671,1.14398700693731,0.15191932124409258,0.011858231281300763,0.9903348021181019,-0.018677247738202785,0.0003622446852455874,0.9996511604169258
fixed_lambda,cloud,sigma2,1.0,cloud,1.0,1.0,0.05,0.05179536610433671,0.9290046020394349,-0.05814198891012666,0.04929802918199566,0.9598190323726501,-0.11958256372638842,0.018448389108359508,0.9857000104526242
fixed_lambda,cloud,sigma2,1.0,cloud,1.0,1.0,0.05,0.05179536610433671,1.1087776615702614,0.37057184499217805,0.0032002510950850573,0.9973915958145855,-0.06423415912073305,0.004711917859850313,0.9958739728020524
fixed_lambda,cloud,sigma2,1.0,cloud,1.0,1.0,0.05,0.05179536610433671,1.1784607203363957,0.4874552983706357,0.007212915836817248,0.9941210238513186,0.008201083925064578,6.616802812777236e-05,0.9999327422224541
fixed_lambda,cloud,sigma2,1.0,cloud,1.0,1.0,0.05,0.05179536610433671,1.278550277906294,0.2978847205799755,0.03683960854045649,0.9699734220063114,0.07712087708758975,0.00512643001695264,0.9940523703172409
fixed_lambda,cloud,sigma2,1.0,cloud,1.0,1.0,0.05,0.05179536610433671,1.281949226251624,0.30552633503596877,0.03785200516771474,0.9691482556298682,0.07956797897272616,0.005432211433283804,0.9936689367221958
fixed_lambda,cloud,sigma2,1.0,cloud,1.0,1.0,0.05,0.05179536610433671,1.2384898422624224,0.054255649467572,0.0333758896575228,0.9727965688666372,0.0995959275896654,0.008203834982143969,0.9900806512075542
fixed_lambda,cloud,sigma2,1.0,cloud,1.0,1.0,0.05,0.05179536610433671,1.375470682133471,0.3484077277798764,0.07952241266159565,0.9351842752778583,0.15741735012753644,0.018498018876364496,0.9752197778788246
fixed_lambda,cloud,sigma2,1.0,cloud,1.0,1.0,0.05,0.05179536610433671,1.0992674115541394,0.46116864957303166,0.0014268278419939096,0.9988370463428202,-0.058244600290709214,0.0038250322439374227,0.9966075665369755
fixed_lambda,cloud,sigma2,1.0,cloud,1.0,1.0,0.05,0.05179536610433671,0.8583898169120912,-0.015112549851114043,0.07607046873055091,0.9379978248181996,-0.21119754157867376,0.07168713204544834,0.9553955984311243
fixed_lambda,cloud,sigma2,1.0,cloud,1.0,1.0,0.05,0.05179536610433671,0.9259062483355817,0.15856578549942812,0.03996893785586396,0.9674228234934681,-0.21320139518635595,0.07342651609111067,0.9545451650905913
fixed_lambda,cloud,sigma2,1.0,cloud,1.0,1.0,0.05,0.05179536610433671,0.9349770079675864,0.31153959832426453,0.03181480563943007,0.9740689496785149,-0.21100056984369953,0.07151775568063397,0.9554787595256341
fixed_lambda,cloud,sigma2,1.0,cloud,1.0,1.0,0.05,0.05179536610433671,0.9055718678520084,0.2657553338221193,0.04370805711000297,0.9643752081587718,-0.23799371288158955,0.09754698699060868,0.9433589926288355
fixed_lambda,cloud,sigma2,1.0,cloud,1.0,1.0,0.05,0.05179536610433671,0.9658165619335743,-0.01645362743542468,0.035771612552199746,0.9708439053287149,-0.11279892373813438,0.01616463087505918,0.9872764028035186
fixed_lambda,cloud,sigma2,1.0,cloud,1.0,1.0,0.05,0.05179536610433671,1.1351560679219905,0.49787430050336606,0.0021616382496292123,0.9982381300435005,-0.022789595483207137,0.0005438724603388069,0.9994806343377118
fixed_lambda,cloud,sigma2,1.0,cloud,1.0,1.0,0.05,0.05179536610433671,0.9137504104563718,0.34972125587417696,0.03829560257212126,0.9687866960859718,-0.2232956942447053,0.08265122067929837,0.950139032931775
fixed_lambda,cloud,sigma2,1.0,cloud,1.0,1.0,0.05,0.05179536610433671,0.8989892152275101,-0.17339916411418438,0.06752478293340981,0.9449630915857773,-0.043290029451386935,0.0020474587574466495,0.998125973350098
fixed_lambda,cloud,sigma2,1.0,cloud,1.0,1.0,0.05,0.05179536610433671,0.9903668404369212,0.33073141554942675,0.01609672683646642,0.9868801639608229,-0.16419246692692735,0.03859169855890637,0.9730408338044498
fixed_lambda,cloud,sigma2,1.0,cloud,1.0,1.0,0.05,0.05179536610433671,1.3342818734284951,0.3674019350786255,0.058082462869057584,0.952659171188314,0.12233716556296192,0.011881468994371003,0.9850336179220205
fixed_lambda,cloud,sigma2,1.0,cloud,1.0,1.0,0.05,0.05179536610433671,1.1349358674020458,0.31869646508456984,0.0056109961210317055,0.9954266883030144,-0.045298230802114925,0.00225126710584943,0.9979480702861984
fixed_lambda,cloud,sigma2,1.0,cloud,1.0,1.0,0.05,0.05179536610433671,1.1447884801196473,-0.12645776602109482,0.026121474448006804,0.9787093695916482,0.12697841121715725,0.012694879540841406,0.9838764830847665
fixed_lambda,cloud,sigma2,1.0,cloud,1.0,1.0,0.05,0.05179536610433671,0.8550313661998232,0.19828484762001203,0.06817149470151218,0.9444359811708272,-0.2796134658051743,0.15065550059138244,0.9218163097404186
fixed_lambda,cloud,sigma2,1.0,cloud,1.0,1.0,0.05,0.05179536610433671,1.2863603760717925,-0.13614998319488847,0.05945146161271285,0.9515433518520557,0.26141062312071006,0.04294706567763186,0.9316644861196421
fixed_lambda,cloud,sigma2,1.0,cloud,1.0,1.0,0.05,0.05179536610433671,0.8377368956401375,-0.10426665274943409,0.09153866324646558,0.925390281810689,-0.16522954564868697,0.039177911290864245,0.9726991972447284
fixed_lambda,cloud,sigma2,1.0,cloud,1.0,1.0,0.05,0.05179536610433671,0.8541811702366344,0.07330040916258526,0.0737301937891122,0.9399052948169271,-0.2555052148163801,0.11778126561497898,0.9347170852016354
fixed_lambda,cloud,sigma2,1.0,cloud,1.0,1.0,0.05,0.05179536610433671,1.2906247314127384,-0.10391428492298108,0.0590732581866158,0.9518516112261669,0.2398913990143401,0.03743364002241323,0.9424521166789427
fixed_lambda,cloud,sigma2,1.0,cloud,1.0,1.0,0.05,0.05179536610433671,0.6955711948009626,0.14551466098228563,0.17374287676607372,0.8583887221728962,-0.41260176910316393,0.4933974528379397,0.8297597801329394
fixed_lambda,cloud,sigma2,1.0,cloud,1.0,1.0,0.05,0.05179536610433671,1.2213497437039562,0.07066104266519074,0.0281511053964472,0.9770550938165725,0.0772079114145352,0.005137177123279879,0.9940389384150052
fixed_lambda,cloud,sigma2,1.0,cloud,1.0,1.0,0.05,0.05179536610433671,0.9093664149364671,0.49703466684146563,0.03727709948010733,0.9696168396119429,-0.18844601270273043,0.05391865792298375,0.9644881002964424
fixed_lambda,cloud,sigma2,1.0,cloud,1.0,1.0,0.05,0.05179536610433671,0.8042036336231099,0.27134407005303746,0.09323070289313143,0.9240111639961436,-0.32104364815112885,0.22358592070204633,0.8969309759818141
fixed_lambda,cloud,sigma2,1.0,cloud,1.0,1.0,0.05,0.05179536610433671,0.8894803255301912,-0.39413775337835805,0.0879274792600745,0.9283336219251166,0.3105357868425911,0.05614686905036775,0.9035675250900528
fixed_lambda,cloud,sigma2,1.0,cloud,1.0,1.0,0.05,0.05179536610433671,0.9732424006025129,0.08914817845642409,0.028649679634163736,0.976648724725598,-0.1536223289097044,0.03294430079877113,0.9764001800603586
fixed_lambda,cloud,sigma2,1.0,cloud,1.0,1.0,0.05,0.05179536610433671,1.0391661880927496,0.3449484701147379,0.007423010106580286,0.993949783921607,-0.12319431263501956,0.01974124785105906,0.9848231613343851
fixed_lambda,cloud,sigma2,1.0,cloud,1.0,1.0,0.05,0.05179536610433671,1.0538448611451772,0.5900240904177869,0.0022741812319165364,0.998146400495626,-0.05446628384296959,0.0033181915316690637,0.997033423924337
fixed_lambda,cloud,sigma2,1.0,cloud,1.0,1.0,0.05,0.05179536610433671,1.120656965010169,0.49228258562201826,0.0014217015153543823,0.9988412246186695,-0.03509495862366152,0.0013228795975213452,0.9987683438792034
fixed_lambda,cloud,sigma2,1.0,cloud,1.0,1.0,0.05,0.05179536610433671,0.9112106893335699,0.05230261726792086,0.049931090274897005,0.9593030481091392,-0.19616172218417405,0.0595512888945904,0.961520578749739
fixed_lambda,cloud,sigma2,1.0,cloud,1.0,1.0,0.05,0.05179536610433671,1.1049783950764538,0.31385778322052216,0.004544448013594118,0.9962959915122714,-0.07044802656361049,0.005743680971275361,0.9950370755532928
fixed_lambda,cloud,sigma2,1.0,cloud,1.0,1.0,0.05,0.05179536610433671,1.423319962941277,0.5207257262858125,0.10520427195012186,0.9142519586354863,0.2063265750307075,0.02925368276641774,0.9574293444360978
fixed_lambda,cloud,sigma2,1.0,cloud,1.0,1.0,0.05,0.05179536610433671,1.198123322439551,-0.282611629838977,0.04441876449101262,0.9637959373290303,0.33602356982096215,0.06325738618994481,0.887088160524777
fixed_lambda,cloud,sigma2,1.0,cloud,1.0,1.0,0.05,0.05179536610433671,0.9099951220729177,0.3881714710999662,0.038844020777923725,0.9683397010531227,-0.21905094007346604,0.07867646341784382,0.9520166856529307
fixed_lambda,cloud,sigma2,1.0,cloud,1.0,1.0,0.05,0.05179536610433671,1.0406010827059786,-0.2884327341787737,0.03875447123883196,0.9684126895110996,0.21820781935736777,0.0320846903953766,0.9523853475713023
fixed_lambda,cloud,sigma2,1.0,cloud,1.0,1.0,0.05,0.05179536610433671,1.1682763987754896,-0.30567839171004907,0.0411945141650099,0.9664239023840493,0.3423154088583804,0.06503449110805949,0.8828201608581199
fixed_lambda,cloud,sigma2,1.0,cloud,1.0,1.0,0.05,0.05179536610433671,1.176745292214934,0.16161731195917636,0.015430545876274808,0.9874231429812741,0.008130617541667995,6.504493077709285e-05,0.9999338930583911
fixed_lambda,cloud,sigma2,1.0,cloud,1.0,1.0,0.05,0.05179536610433671,0.7265849300545884,-0.11736634725997874,0.16299285889862164,0.8671506570228856,-0.2507136720017302,0.11195936301984286,0.9371426546714088
fixed_sigma,representative_path,lambda,0.0001,3,0.25,0.5,0.0001,0.00010525559686336676,1.088912644079364,1.3042062424554766,0.017242361768019417,0.9859464000586686,0.4112105065558611,0.08490725539926557,0.8309059192980721
fixed_sigma,representative_path,lambda,0.0001122018454301963,3,0.25,0.5,0.0001122018454301963,0.00011809769004204385,1.0888479214753304,1.3036072099328995,0.017212464250471172,0.9859707683996486,0.4106955334689979,0.08475657074576555,0.8313291787886152
fixed_sigma,representative_path,lambda,0.00012589254117941674,3,0.25,0.5,0.00012589254117941674,0.0001325064892521167,1.0887753547633703,1.3029357023530987,0.01717899391698157,0.9859980488083938,0.410118397617095,0.08458772527551855,0.8318028999359863
fixed_sigma,representative_path,lambda,0.0001412537544622754,3,0.25,0.5,0.0001412537544622754,0.00014867309295153014,1.088694000506663,1.3021830352915507,0.01714153408542734,0.9860285809068161,0.40947168698506187,0.08439856117194822,0.8323329375576075
fixed_sigma,representative_path,lambda,0.00015848931924611142,3,0.25,0.5,0.00015848931924611142,0.00016681189952818837,1.0886028036563407,1.3013395053334191,0.017099622132815247,0.9860627417615003,0.4087471293793572,0.08418667227647421,0.832925784224135
fixed_sigma,representative_path,lambda,0.00017782794100389227,3,0.25,0.5,0.00017782794100389227,0.00018716344582401603,1.0885005848239504,1.300394276078168,0.017052745123600926,0.986100949446898,0.40793549868961,0.08394937761543682,0.8335886289088592
fixed_sigma,representative_path,lambda,0.00019952623149688788,3,0.25,0.5,0.00019952623149688788,0.00020999759087210544,1.0883860262250602,1.2993352528346331,0.017000335209797667,0.9861436667945247,0.40702651252330124,0.083683692670949,0.8343294181031189
fixed_sigma,representative_path,lambda,0.000223872113856834,3,0.25,0.5,0.000223872113856834,0.00023561708668458532,1.0882576561872355,1.2981489452685362,0.016941764848325807,0.9861914052911193,0.4060087208507086,0.08338629836547269,0.8351569185931713
fixed_sigma,representative_path,lambda,0.00025118864315095795,3,0.25,0.5,0.00025118864315095795,0.00026436158296422394,1.0881138321158346,1.296820317328037,0.016876341903304268,0.9862447290705809,0.40486938541644135,0.08305350778673257,0.836080780752513
fixed_sigma,representative_path,lambda,0.0002818382931264455,3,0.25,0.5,0.0002818382931264455,0.0002966121182461901,1.0879527218143576,1.295332623879187,0.0168033047293941,0.9863042589213513,0.4035943498439223,0.08268123075779528,0.8371116007740617
fixed_sigma,representative_path,lambda,0.00031622776601683794,3,0.25,0.5,0.00031622776601683794,0.00033279615627721714,1.08777228306338,1.293667233644257,0.01672181736817212,0.9863706762016692,0.4021679005933172,0.08226493646259139,0.8382609797323637
fixed_sigma,representative_path,lambda,0.0003548133892335753,3,0.25,0.5,0.0003548133892335753,0.00037339323348484574,1.087570241374631,1.2918034382668817,0.016630965034332576,0.9864447265185976,0.4005726192475958,0.0817996144770547,0.8395415767091207
fixed_sigma,representative_path,lambda,0.00039810717055349735,3,0.25,0.5,0.00039810717055349735,0.0004189412912652308,1.0873440658559925,1.2897182476465394,0.016529750123935823,0.9865272229815504,0.3987892270143252,0.0812797347391964,0.840967152417317
fixed_sigma,representative_path,lambda,0.00044668359215096305,3,0.25,0.5,0.00044668359215096305,0.00047004377561969435,1.0870909431508002,1.287386172112297,0.016417089044734542,0.9866190487857734,0.3967964228641465,0.08069920722847508,0.8425525988022174
fixed_sigma,representative_path,lambda,0.0005011872336272725,3,0.25,0.5,0.0005011872336272725,0.0005273775965039895,1.086807749452865,1.2847789925664876,0.016291810250647385,0.9867211588143717,0.39457071740543204,0.08005134242856395,0.8443139489661626
fixed_sigma,representative_path,lambda,0.0005623413251903491,3,0.25,0.5,0.0005623413251903491,0.0005917020502383902,1.0864910206493874,1.2818655204512253,0.01615265396049919,0.9868345798675531,0.3920862654457864,0.07932881403320223,0.8462683604487763
fixed_sigma,representative_path,lambda,0.000630957344480193,3,0.25,0.5,0.000630957344480193,0.0006638688205932322,1.0861369207100025,1.278611350305749,0.015998274156729445,0.9869604090335565,0.38931470124448375,0.07852362583997337,0.8484340633949183
fixed_sigma,representative_path,lambda,0.000707945784384138,3,0.25,0.5,0.000707945784384138,0.0007448331878607018,1.0857412085243887,1.2749786088245734,0.01582724359387693,0.9870998096064252,0.3862249817460166,0.07762708538188438,0.8508302634752891
fixed_sigma,representative_path,lambda,0.0007943282347242813,3,0.25,0.5,0.0007943282347242813,0.0008356665905146903,1.0852992034961086,1.2709257057306649,0.015638062699333793,0.9872540038313361,0.3827832446329966,0.07662978759428547,0.8534769876282354
fixed_sigma,representative_path,lambda,0.0008912509381337459,3,0.25,0.5,0.0008912509381337459,0.0009375707011319188,1.0848057503294886,1.2664070934790876,0.015429173418703307,0.9874242616197707,0.3789526898715969,0.07552161272956757,0.8563948588390813
fixed_sigma,representative_path,lambda,0.001,3,0.25,0.5,0.001,0.0010518931973086476,1.0842551836019287,1.2613730448352967,0.015198979241456242,0.9876118842273566,0.37469349556054143,0.07429174383953563,0.8596047843846225
fixed_sigma,representative_path,lambda,0.001122018454301963,3,0.25,0.5,0.001122018454301963,0.0011801454295957486,1.0836412928978219,1.2557694597503974,0.01494587283270639,0.9878181817322468,0.3699627813358233,0.07292871046932645,0.8631275404262618
fixed_sigma,representative_path,lambda,0.0012589254117941675,3,0.25,0.5,0.0012589254117941675,0.0013240222122614484,1.0829572894927308,1.249537715689448,0.014668272882799442,0.988044443000408,0.3647146353041302,0.07142046676640458,0.8669832347949753
fixed_sigma,representative_path,lambda,0.0014125375446227555,3,0.25,0.5,0.0014125375446227555,0.0014854239892867903,1.082195775816048,1.242614578640096,0.014364671951463558,0.988291896689654,0.3589002234189984,0.06975451401257433,0.871190629629793
fixed_sigma,representative_path,lambda,0.001584893192461114,3,0.25,0.5,0.001584893192461114,0.0016664816577629338,1.0813487191823616,1.2349321953832508,0.014033697203973189,0.9885616617458854,0.3524680032658287,0.06791807962697735,0.8757663066737997
fixed_sigma,representative_path,lambda,0.0017782794100389228,3,0.25,0.5,0.0017782794100389228,0.0018695843642096222,1.080407431557356,1.2264181911406096,0.013674185981292187,0.9888546858087113,0.3453640672090137,0.06589836692460624,0.8807236610808479
fixed_sigma,representative_path,lambda,0.001995262314968879,3,0.25,0.5,0.001995262314968879,0.0020974106267590436,1.0793625573986965,1.2169959002543236,0.013285278073330535,0.9891716700029909,0.3375326425149139,0.06368289226231685,0.8860717152368993
fixed_sigma,representative_path,lambda,0.00223872113856834,3,0.25,0.5,0.00223872113856834,0.0023529631782229915,1.0782040718643442,1.2065847608455185,0.012866526323513195,0.9895129787892141,0.3289167780313793,0.0612599285075115,0.8918137531294563
fixed_sigma,representative_path,lambda,0.002511886431509582,3,0.25,0.5,0.002511886431509582,0.0026396079724600244,1.076921291879728,1.1951009070815322,0.012418026724545079,0.9898785339273412,0.3194592477889606,0.05861907576863246,0.8979457890021114
fixed_sigma,representative_path,lambda,0.002818382931264455,3,0.25,0.5,0.002818382931264455,0.0029611178499807885,1.0755029026609284,1.1824579942798006,0.011940568404938678,0.9902676922284305,0.30910370086933625,0.05575198163781521,0.9044549021088799
fixed_sigma,representative_path,lambda,0.0031622776601683794,3,0.25,0.5,0.0031622776601683794,0.003321721419311844,1.0739370022528596,1.1685682919882383,0.0114358027897914,0.9906791076780573,0.2977960833118001,0.052653233235785774,0.9113174927641514
fixed_sigma,representative_path,lambda,0.0035481338923357532,3,0.25,0.5,0.0035481338923357532,0.0037261577793786605,1.0722111663989697,1.1533440776897883,0.010906429694721099,0.9911105797581538,0.2854863508432053,0.049321441301630284,0.9184975434822303
fixed_sigma,representative_path,lambda,0.003981071705534973,3,0.25,0.5,0.003981071705534973,0.004179737786339095,1.070312535544701,1.136699358076856,0.0103563961518816,0.991558891391408,0.2721304799169264,0.04576053133306123,0.9259450019001834
fixed_sigma,representative_path,lambda,0.004466835921509635,3,0.25,0.5,0.004466835921509635,0.004688412657354347,1.0682279249213866,1.1185519350966777,0.009791101390114703,0.9920196418696595,0.25769276808090935,0.04198124693462591,0.9335944372787987
fixed_sigma,representative_path,lambda,0.005011872336272725,3,0.25,0.5,0.005011872336272725,0.005258850805359416,1.0659439573976228,1.0988258194200544,0.009217598684858266,0.992487082333639,0.2421483924167276,0.03800285434124072,0.9413641560499945
fixed_sigma,representative_path,lambda,0.005623413251903491,3,0.25,0.5,0.005623413251903491,0.005898523914782219,1.063447217077679,1.0774539740874625,0.00864478193789293,0.9929539636988403,0.2254861664664911,0.03385501260795854,0.9491559887322458
fixed_sigma,representative_path,lambda,0.006309573444801929,3,0.25,0.5,0.006309573444801929,0.006615803400268732,1.0607244194625502,1.0543813456942368,0.008083542136372981,0.9934114091316546,0.2077114021283668,0.029579739277051376,0.9568559734258679
fixed_sigma,representative_path,lambda,0.00707945784384138,3,0.25,0.5,0.00707945784384138,0.007420068540758077,1.0577625914139488,1.0295681100642369,0.007546876691174505,0.9938488249318,0.18884874484302672,0.025233355028909672,0.9643361515712134
fixed_sigma,representative_path,lambda,0.00794328234724282,3,0.25,0.5,0.00794328234724282,0.008321827751627656,1.0545492512926549,1.0029930252401906,0.007049933592787117,0.994253864542516,0.1689448106165583,0.020888232751667565,0.9714576509657352
fixed_sigma,representative_path,lambda,0.008912509381337459,3,0.25,0.5,0.008912509381337459,0.00933285464984875,1.0510725766858093,0.9746567491114687,0.006609972941911102,0.9946124599055253,0.14807041601965665,0.016634108929922932,0.9780751518997658
fixed_sigma,representative_path,lambda,0.01,3,0.25,0.5,0.01,0.010466340782636798,1.047321544392492,0.9445849455100963,0.006246231290039665,0.9949089320319181,0.12632216262965534,0.01257864454446956,0.9840427112285669
fixed_sigma,representative_path,lambda,0.01122018454301964,3,0.25,0.5,0.01122018454301964,0.011737067130059045,1.0432860251878537,0.9128309755101486,0.005979679806497423,0.9951261881110951,0.103823121876633,0.008846860784113859,0.9892207593637898
fixed_sigma,representative_path,lambda,0.012589254117941675,3,0.25,0.5,0.012589254117941675,0.013161596757178602,1.038956814773331,0.8794779549678705,0.00583267573526687,0.9952460055951855,0.0807223717636607,0.005579040883084099,0.9934838986968494
fixed_sigma,representative_path,lambda,0.01412537544622754,3,0.25,0.5,0.01412537544622754,0.014758491281924283,1.0343255826875102,0.8446399600542104,0.005828517651331258,0.995249394692859,0.057193169656402754,0.0029267096171802726,0.996728941344654
fixed_sigma,representative_path,lambda,0.01584893192461114,3,0.25,0.5,0.01584893192461114,0.016548554141184665,1.0293847231725788,0.8084621838262439,0.005990927869532636,0.9951170202383791,0.033429609459425746,0.0010464074059145791,0.9988824612113902
fixed_sigma,representative_path,lambda,0.01778279410038923,3,0.25,0.5,0.01778279410038923,0.018555103980051082,1.0241270962841824,0.771119891091336,0.006343498638988823,0.9948296530776846,0.009641707670928756,9.119548856528752e-05,0.9999070374731883
fixed_sigma,representative_path,lambda,0.01995262314968881,3,0.25,0.5,0.01995262314968881,0.020804281858828176,1.0185456538827082,0.7328160855004038,0.006909150662099986,0.9943686114091613,-0.013951013145593993,0.00020017715540817985,0.9998053692322114
fixed_sigma,representative_path,lambda,0.0223872113856834,3,0.25,0.5,0.0223872113856834,0.023325396371918394,1.012632953247654,0.6937778881263282,0.0077096609977786975,0.9937161455719467,-0.03712723273997609,0.0014867822012822132,0.9986215685890717
fixed_sigma,representative_path,lambda,0.025118864315095822,3,0.25,0.5,0.025118864315095822,0.0261513112065462,1.006380570313043,0.6542517234181134,0.008765320700992054,0.9928557170910489,-0.05967247732079339,0.004027076137541571,0.9964391954503994
fixed_sigma,representative_path,lambda,0.02818382931264455,3,0.25,0.5,0.02818382931264455,0.029318880144719492,0.9997784340854006,0.6144975061915294,0.010094779357039237,0.9917721253916055,-0.08138821362072701,0.00784980748406192,0.9933759586836269
fixed_sigma,representative_path,lambda,0.03,3,0.25,0.5,0.03,0.031194427576458024,0.9960466684919347,0.5929329485070088,0.010936561066269892,0.9910860208115821,-0.09275756091081966,0.01045326416014926,0.9913960348938756
fixed_sigma,representative_path,lambda,0.03162277660168379,3,0.25,0.5,0.03162277660168379,0.032869435039020144,0.9928141126987833,0.5747821105310568,0.011715123672395638,0.9904514437424439,-0.1021008126408407,0.012930140395262968,0.98957542405808
fixed_sigma,representative_path,lambda,0.035481338923357565,3,0.25,0.5,0.035481338923357565,0.03684933288494963,0.9854720888300745,0.5353724668008402,0.013642221291639339,0.9888807390238492,-0.12166976109559813,0.019188880622475032,0.9851964692349401
fixed_sigma,representative_path,lambda,0.039810717055349734,3,0.25,0.5,0.039810717055349734,0.04131056878544659,0.9777330670799681,0.4965286674339678,0.01589134088245535,0.9870475663196223,-0.13999452065648244,0.026498399242362743,0.9804015341861617
fixed_sigma,representative_path,lambda,0.04466835921509635,3,0.25,0.5,0.04466835921509635,0.04631146237459549,0.9695733579893208,0.4584974609075289,0.01847803784533644,0.9849392470084469,-0.15701952314499257,0.03469543005198255,0.9753448693513191
fixed_sigma,representative_path,lambda,0.05,3,0.25,0.5,0.05,0.05179536610433671,0.961146474730569,0.42225659331318555,0.021354983851321164,0.9825943566294554,-0.1724261615446766,0.04341030270932761,0.9702692188149691
fixed_sigma,representative_path,lambda,0.05011872336272725,3,0.25,0.5,0.05011872336272725,0.05191742615630207,0.9609643825798444,0.42150647647232276,0.02141927452316763,0.9825419557232312,-0.17273693575958837,0.04359966514686774,0.9701619510243878
fixed_sigma,representative_path,lambda,0.056234132519034905,3,0.25,0.5,0.056234132519034905,0.058201825238983894,0.9518723380473616,0.3857594549569468,0.024734726861341136,0.9798396553416406,-0.18718701668792004,0.053035929084957315,0.9649610207834763
fixed_sigma,representative_path,lambda,0.06309573444801936,3,0.25,0.5,0.06309573444801936,0.06524693912811663,0.942258060153557,0.35143267246939947,0.028448217549269482,0.9768129288864051,-0.20045608390191272,0.06285702722410014,0.9598173584267093
fixed_sigma,representative_path,lambda,0.0707945784384138,3,0.25,0.5,0.0707945784384138,0.07314503759373751,0.932077111749629,0.31867264550260926,0.03258920903187619,0.973437762627862,-0.21267231210030235,0.07296437322464436,0.9547704876659115
fixed_sigma,representative_path,lambda,0.07943282347242822,3,0.25,0.5,0.07943282347242822,0.08199958417927837,0.9212801204614282,0.28759510948415873,0.03719428752907362,0.9696843365155484,-0.22399973065497292,0.0833242183381843,0.9498241206664996
fixed_sigma,representative_path,lambda,0.08912509381337459,3,0.25,0.5,0.08912509381337459,0.09192658268273951,0.9098133823895094,0.2582851782632603,0.042308569580848845,0.9655158777562566,-0.23463090163139744,0.09397851356962894,0.9449483399996375
fixed_sigma,representative_path,lambda,0.1,3,0.25,0.5,0.1,0.10305608394591172,0.8976197429122731,0.23079852656062205,0.0479869634722443,0.9608876326740204,-0.24477880326869217,0.1050507779269227,0.9400833374703469
fixed_sigma,representative_path,lambda,0.11220184543019641,3,0.25,0.5,0.11220184543019641,0.11553387256158953,0.8846397601298271,0.20516339468900588,0.054295217133922796,0.9557460126058173,-0.2546684322638574,0.11674847010152702,0.935143989608269
fixed_sigma,representative_path,lambda,0.12589254117941676,3,0.25,0.5,0.12589254117941676,0.12952335568793225,0.8708131506069989,0.1813831951825764,0.061310680324981846,0.9500279726750495,-0.26452857776102834,0.12936404576434551,0.9300246315477276
fixed_sigma,representative_path,lambda,0.14125375446227553,3,0.25,0.5,0.14125375446227553,0.14520767908508286,0.8560805100753675,0.1594395019313205,0.06912270165570861,0.9436606881932442,-0.2745841267032366,0.14327708811565698,0.9246035573626209
fixed_sigma,representative_path,lambda,0.1584893192461114,3,0.25,0.5,0.1584893192461114,0.16279209880947296,0.8403852927503037,0.13929521980094722,0.07783257112107206,0.9365616014988409,-0.28504915202500347,0.15895973700832997,0.9187469809298264
fixed_sigma,representative_path,lambda,0.1778279410038923,3,0.25,0.5,0.1778279410038923,0.18250664076792245,0.8236760211152466,0.12089776152312666,0.0875529084571512,0.9286389204848389,-0.29612092894338704,0.17698729910871797,0.9123123954417055
fixed_sigma,representative_path,lambda,0.19952623149688808,3,0.25,0.5,0.19952623149688808,0.20460908460060012,0.8059086829228111,0.10418209388994493,0.09840639024541029,0.9197926560881814,-0.307974933791511,0.19805558331368356,0.9051514401561145
fixed_sigma,representative_path,lambda,0.223872113856834,3,0.25,0.5,0.223872113856834,0.2293883131819588,0.787049253760463,0.08907355262109079,0.11052370874664813,0.9099162859673583,-0.3207608130105013,0.22300630617179673,0.8971125008368422
fixed_sigma,representative_path,lambda,0.25118864315095824,3,0.25,0.5,0.25118864315095824,0.25716807445024786,0.7670762625055637,0.07549036126876206,0.1240406679870683,0.8988991213733244,-0.3345992704133909,0.2528619215301623,0.8880433282388265
fixed_sigma,representative_path,lambda,0.2818382931264455,3,0.25,0.5,0.2818382931264455,0.2883112083402169,0.7459832948333683,0.0633458217799987,0.13909435252995728,0.8866294298394676,-0.3495798072448745,0.28887146609059394,0.8777939583666364
fixed_sigma,representative_path,lambda,0.31622776601683794,3,0.25,0.5,0.31622776601683794,0.3232243983324898,0.7237813089635048,0.05255017138514818,0.15581835539369054,0.8729983247259838,-0.365759256758293,0.3325694694568468,0.866220166095621
fixed_sigma,representative_path,lambda,0.3548133892335757,3,0.25,0.5,0.3548133892335757,0.3623635145711233,0.7005006210942614,0.04301212162830389,0.17433712512567792,0.8579043727070845,-0.3831610754866901,0.3858506397329818,0.853187590231883
fixed_sigma,representative_path,lambda,0.3981071705534973,3,0.25,0.5,0.3981071705534973,0.4062396236586703,0.6761924090013111,0.03464011047456708,0.1947595859335822,0.8412587937618533,-0.40177537852633627,0.45106390012593683,0.8385765452100192
fixed_sigma,representative_path,lambda,0.4466835921509635,3,0.25,0.5,0.4466835921509635,0.4554257491404937,0.6509295845915063,0.02734330778608753,0.21717229224950801,0.8229910406312593,-0.421559727643981,0.5311304330964456,0.8222873960287326
fixed_sigma,representative_path,lambda,0.5011872336272725,3,0.25,0.5,0.5011872336272725,0.5105644763785124,0.6248069027041605,0.021032418580568313,0.24163248845667765,0.8030544555736592,-0.442440691892793,0.6296917228455787,0.8042462341574266
fixed_sigma,representative_path,lambda,0.5623413251903491,3,0.25,0.5,0.5623413251903491,0.5723765060622138,0.5979402057163465,0.01562032807742407,0.2681615397620883,0.7814316246131809,-0.4643161959915362,0.7512952333406541,0.7844104701399494
fixed_sigma,representative_path,lambda,0.6309573444801936,3,0.25,0.5,0.6309573444801936,0.6416702721329685,0.570464751133716,0.01102262843987366,0.296739263046513,0.758138998250458,-0.48705865023741834,0.9016273999897125,0.7627738712289042
fixed_sigma,representative_path,lambda,0.707945784384138,3,0.25,0.5,0.707945784384138,0.7193527525906563,0.5425326295347126,0.007158060291855291,0.3272996995113913,0.7332303370189981,-0.5105188186603578,1.0878061559702368,0.7393705357936328
fixed_sigma,representative_path,lambda,0.7943282347242822,3,0.25,0.5,0.7943282347242822,0.8064416157654762,0.514309347760016,0.003948893571129526,0.35972882140601664,0.7067985806455158,-0.5345303340221214,1.3187483955382673,0.7142773220101994
fixed_sigma,representative_path,lambda,0.8912509381337459,3,0.25,0.5,0.8912509381337459,0.9040788605016278,0.48596971992803684,0.0013212631600207894,0.39386454899038603,0.6789758342241536,-0.5589147160524566,1.6056317676834624,0.6876143401800019
fixed_sigma,representative_path,lambda,1.0,3,0.25,0.5,1.0,1.0135461267063375,0.4576932685618085,-0.000794533935507588,0.42949927826682655,0.6499313079575951,-0.5834867012023335,1.9624752087542319,0.6595432695200187
fixed_sigma,representative_path,lambda,1.122018454301963,3,0.25,0.5,1.122018454301963,1.1362818733058664,0.4296593820284399,-0.002463780389901126,0.46638490349132045,0.6198672234971714,-0.6080596562311478,2.4068689309010347,0.6302634544640584
fixed_sigma,representative_path,lambda,1.2589254117941688,3,0.25,0.5,1.2589254117941688,1.273900644279711,0.4020424965639216,-0.003747125124706657,0.5042400887470764,0.5890128871570003,-0.6324508305553953,2.9608925215445603,0.6000059469297907
fixed_sigma,representative_path,lambda,1.4125375446227555,3,0.25,0.5,1.4125375446227555,1.4282146705715792,0.3750075682356436,-0.004700423240634844,0.5427593318832539,0.5576173022387694,-0.6564862070782781,3.6522698011123294,0.5690258599159761
fixed_sigma,representative_path,lambda,1.584893192461114,3,0.25,0.5,1.584893192461114,1.6012580867352555,0.34870607266533027,-0.005374638296653928,0.5816232019108509,0.5259408249157627,-0.6800047383366574,4.515821664533687,0.537593555839694
fixed_sigma,representative_path,lambda,1.7782794100389228,3,0.25,0.5,1.7782794100389228,1.7953140765690812,0.3232727220359504,-0.005815814163903906,0.6205090396177407,0.49424644256439754,-0.702861800973507,5.595293966386441,0.5059852887322782
fixed_sigma,representative_path,lambda,1.9952623149688788,3,0.25,0.5,1.9952623149688788,2.012945302105766,0.2988230263822959,-0.00606512036219269,0.6591014007414577,0.4627912619272494,-0.7249317608061077,6.945657443261384,0.4744739421745563
fixed_sigma,representative_path,lambda,2.2387211385683425,3,0.25,0.5,2.2387211385683425,2.2570280155328133,0.27545175743213174,-0.006158970608138525,0.6971015881101414,0.43181873982383134,-0.74610960564869,8.636001761077434,0.4433204563587563
fixed_sigma,representative_path,lambda,2.5118864315095824,3,0.25,0.5,2.5118864315095824,2.5307903043308606,0.25323230639875854,-0.006129209987823108,0.7342357485347359,0.40155208367859163,-0.7663116659705372,10.753177365634157,0.41276643059745977
fixed_sigma,representative_path,lambda,2.818382931264455,3,0.25,0.5,2.818382931264455,2.8378549766064207,0.2322168689960989,-0.0060033623350582545,0.7702611789107302,0.3721891116547965,-0.7854754979385126,13.406378583355083,0.3830282421382457
fixed_sigma,representative_path,lambda,3.1622776601683795,3,0.25,0.5,3.1622776601683795,3.1822876568364884,0.2124373463427914,-0.005804926493799646,0.8049706682315677,0.34389871364286606,-0.803559044878678,16.73291148308381,0.3542928613936668
fixed_sigma,representative_path,lambda,3.5481338923357533,3,0.25,0.5,3.5481338923357533,3.5686507327418755,0.19390682168260415,-0.005553708403959233,0.8381948743774077,0.31681891402933604,-0.8205392194930559,20.905453034229375,0.3267153892737267
fixed_sigma,representative_path,lambda,3.9810717055349776,3,0.25,0.5,3.9810717055349776,4.00206387262137,0.17662145998499384,-0.005266175406169699,0.8698028785855018,0.2910564197689285,-0.8364100603039542,26.141187436889414,0.3004182110223358
fixed_sigma,representative_path,lambda,4.4668359215096345,3,0.25,0.5,4.4668359215096345,4.488271920231968,0.1605626786604816,-0.0049558196837168845,0.8997011657550725,0.26668745149965567,-0.8511806135564015,32.71330537994512,0.27549156310574785
fixed_sigma,representative_path,lambda,5.011872336272725,3,0.25,0.5,5.011872336272725,5.033721072382786,0.14569944980335714,-0.0046335191147813416,0.9278313418795595,0.24375960397786334,-0.8648726791075625,40.96547772137275,0.25199524893330727
fixed_sigma,representative_path,lambda,5.62341325190349,3,0.25,0.5,5.62341325190349,5.645644354183867,0.13199061403006607,-0.004307885714872706,0.9541669236982354,0.22229446271233566,-0.8775185390651463,51.330073375875955,0.2299612135969713
fixed_sigma,representative_path,lambda,6.309573444801943,3,0.25,0.5,6.309573444801943,6.332157529893643,0.11938710966261568,-0.003985594030697906,0.9787095269838265,0.20229071074755367,-0.8891587644216888,64.35109046655184,0.20939669165209562
fixed_sigma,representative_path,lambda,7.0794578438413875,3,0.25,0.5,7.0794578438413875,7.102366725256115,0.10783404574009857,-0.0036716840635659044,1.001484747614321,0.18372748584699583,-0.8998401705196635,80.71302065996966,0.19028766751914294
fixed_sigma,representative_path,lambda,7.943282347242821,3,0.25,0.5,7.943282347242821,7.966489192020828,0.09727257085330739,-0.003369835370692232,1.0225379828340289,0.16656778642592818,-0.9096139690518746,101.27718241533344,0.1726024273056952
fixed_sigma,representative_path,lambda,8.91250938133746,3,0.25,0.5,8.91250938133746,8.93598881911299,0.08764151056622294,-0.003082610796435942,1.0419303869896266,0.1507617678786971,-0.9185341439045522,127.12745645435962,0.15629502648153137
fixed_sigma,representative_path,lambda,10.0,3,0.25,0.5,10.0,10.023728190023226,0.07887876338525614,-0.002811669759839773,1.0597351029126092,0.13624981423701266,-0.9266560612723178,159.62785726926828,0.14130854410727434
fixed_sigma,conditional_mean,lambda,0.0001,mean,0.0,0.0,0.0001,0.00010525559686336676,1.0996583990376778,0.6473898512530974,3.892062766977874e-07,0.9999996827726166,-0.0012668014960081075,1.6088596600613376e-06,0.9999983952139697
fixed_sigma,conditional_mean,lambda,0.0001122018454301963,mean,0.0,0.0,0.0001122018454301963,0.00011809769004204385,1.0996168279277392,0.647072636835537,4.895990408269272e-07,0.9999996009462541,-0.0014204352484344929,2.023380374158368e-06,0.999997982363705
fixed_sigma,conditional_mean,lambda,0.00012589254117941674,mean,0.0,0.0,0.00012589254117941674,0.0001325064892521167,1.0995702128638194,0.6467170442621414,6.158289174959598e-07,0.9999994980610339,-0.0015925732951174165,2.544387494168638e-06,0.9999974637102996
fixed_sigma,conditional_mean,lambda,0.0001412537544622754,mean,0.0,0.0,0.0001412537544622754,0.00014867309295153014,1.0995179457153037,0.6463184749769361,7.745213932119887e-07,0.9999993687167714,-0.0017854114432322987,3.199107269303206e-06,0.9999968123059784
fixed_sigma,conditional_mean,lambda,0.00015848931924611142,mean,0.0,0.0,0.00015848931924611142,0.00016681189952818837,1.0994593460238873,0.6458717908922735,9.739911393712211e-07,0.9999992061364908,-0.0020013975917659854,4.021674149053164e-06,0.9999959944076797
fixed_sigma,conditional_mean,lambda,0.00017782794100389227,mean,0.0,0.0,0.00017782794100389227,0.00018716344582401603,1.099393652655242,0.6453712540419393,1.2246686682658296e-06,0.9999990018186745,-0.002243258485025823,5.0548619172937895e-06,0.9999949677913693
fixed_sigma,conditional_mean,lambda,0.00019952623149688788,mean,0.0,0.0,0.00019952623149688788,0.00020999759087210544,1.0993200145520252,0.6448104602502293,1.5396331220356225e-06,0.9999987451030059,-0.0025140287314977527,6.352239740914378e-06,0.9999936796595372
fixed_sigma,conditional_mean,lambda,0.000223872113856834,mean,0.0,0.0,0.000223872113856834,0.00023561708668458532,1.0992374805082352,0.6441822664274162,1.9352769321841277e-06,0.9999984226286314,-0.0028170821211981334,7.980853782911682e-06,0.9999920640483224
fixed_sigma,conditional_mean,lambda,0.00025118864315095795,mean,0.0,0.0,0.00025118864315095795,0.00026436158296422394,1.0991449878822488,0.6434787111360216,2.432134059399507e-06,0.9999980176590925,-0.003156165221885998,1.0024557368088289e-05,0.9999900386210921
fixed_sigma,conditional_mean,lambda,0.0002818382931264455,mean,0.0,0.0,0.0002818382931264455,0.0002966121182461901,1.0990413501645389,0.6426909281289416,3.055910771681764e-06,0.9999975092421781,-0.003535433162963786,1.2588139357699754e-05,0.9999875007123502
fixed_sigma,conditional_mean,lambda,0.00031622776601683794,mean,0.0,0.0,0.00031622776601683794,0.00033279615627721714,1.0989252433164753,0.6418090526462665,3.8387666708464595e-06,0.9999968711658075,-0.003959487421077212,1.580243195549998e-05,0.9999843224593623
fixed_sigma,conditional_mean,lambda,0.0003548133892335753,mean,0.0,0.0,0.0003548133892335753,0.00037339323348484574,1.0987951907994193,0.640822120380497,4.820904182207565e-06,0.9999960706624972,-0.004433415298028542,1.9830616144607762e-05,0.9999803448287952
fixed_sigma,conditional_mean,lambda,0.00039810717055349735,mean,0.0,0.0,0.00039810717055349735,0.0004189412912652308,1.0986495472192435,0.6397179591892643,6.052537242398682e-06,0.999995066804758,-0.004962830623384429,2.487598571603731e-05,0.9999753703122036
fixed_sigma,conditional_mean,lambda,0.00044668359215096305,mean,0.0,0.0,0.00044668359215096305,0.00047004377561969435,1.0984864805212975,0.6384830738618316,7.596324719293294e-06,0.9999938085217057,-0.005553915014247401,3.1191479506677115e-05,0.9999691540280146
fixed_sigma,conditional_mean,lambda,0.0005011872336272725,mean,0.0,0.0,0.0005011872336272725,0.0005273775965039895,1.0983039526857525,0.6371025245436277,9.530371418075386e-06,0.999992232153054,-0.006213458775242486,3.9091345679011303e-05,0.9999613929300484
fixed_sigma,conditional_mean,lambda,0.0005623413251903491,mean,0.0,0.0,0.0005623413251903491,0.0005917020502383902,1.0980996988943332,0.6355597998067599,1.1951919557032744e-05,0.9999902584403317,-0.006948900214768572,4.896536060358405e-05,0.9999517127858052
fixed_sigma,conditional_mean,lambda,0.000630957344480193,mean,0.0,0.0,0.000630957344480193,0.0006638688205932322,1.097871205168038,0.6338366858405295,1.4981876421298332e-05,0.9999877888365626,-0.0077683617805750504,6.1296086035853e-05,0.9999396525552461
fixed_sigma,conditional_mean,lambda,0.000707945784384138,mean,0.0,0.0,0.000707945784384138,0.0007448331878607018,1.0976156845129719,0.6319131338424936,1.877034943766468e-05,0.9999847009948344,-0.008680680971103527,7.667970814911841e-05,0.9999246457778779
fixed_sigma,conditional_mean,lambda,0.0007943282347242813,mean,0.0,0.0,0.0007943282347242813,0.0008356665905146903,1.0973300516593825,0.62976712843635,2.3503387810013163e-05,0.9999808432734453,-0.009695433452478919,9.58510547404222e-05,0.9999059985701686
fixed_sigma,conditional_mean,lambda,0.0008912509381337459,mean,0.0,0.0,0.0008912509381337459,0.0009375707011319188,1.097010896538859,0.6273745608462816,2.941115937735035e-05,0.999976028071255,-0.010822945201413026,0.00011971342371354052,0.9998828638571672
fixed_sigma,conditional_mean,lambda,0.001,mean,0.0,0.0,0.001,0.0010518931973086476,1.096654456717721,0.6247091116346131,3.6777821226021394e-05,0.9999700237825202,-0.012074289803356009,0.00014937386391154368,0.9998542115257446
fixed_sigma,conditional_mean,lambda,0.001122018454301963,mean,0.0,0.0,0.001122018454301963,0.0011801454295957486,1.0962565890917848,0.6217421490722945,4.595337078984223e-05,0.9999625451375093,-0.013461266272605243,0.0001861845105130492,0.999818794310338
fixed_sigma,conditional_mean,lambda,0.0012589254117941675,mean,0.0,0.0,0.0012589254117941675,0.0013240222122614484,1.0958127412491638,0.618442650663159,5.736778773315171e-05,0.9999532416759856,-0.014996351947652142,0.00023179046709244022,0.9997751094282622
fixed_sigma,conditional_mean,lambda,0.0014125375446227555,mean,0.0,0.0,0.0014125375446227555,0.0014854239892867903,1.0953179230226837,0.6147771569734529,7.154779165642715e-05,0.9999416840886328,-0.016692624187501393,0.00028818451301019024,0.9997213562977348
fixed_sigma,conditional_mean,lambda,0.001584893192461114,mean,0.0,0.0,0.001584893192461114,0.0016664816577629338,1.094766678879379,0.6107097686990294,8.913654097888905e-05,0.9999273481612365,-0.018563643810878938,0.0003577685574529039,0.9996553911284628
fixed_sigma,conditional_mean,lambda,0.0017782794100389228,mean,0.0,0.0,0.0017782794100389228,0.0018695843642096222,1.094153061926742,0.6062021997783782,0.00011091657700263762,0.9999095960738424,-0.020623292565076112,0.0004434212109544168,0.9995746798037752
fixed_sigma,conditional_mean,lambda,0.001995262314968879,mean,0.0,0.0,0.001995262314968879,0.0020974106267590436,1.093470610446221,0.601213901239426,0.00013783626523605796,0.9998876548494285,-0.02288555650294688,0.0005485700451308583,0.9994762513035504
fixed_sigma,conditional_mean,lambda,0.00223872113856834,mean,0.0,0.0,0.00223872113856834,0.0023529631782229915,1.0927123279825792,0.5957022722157224,0.00017103989313491984,0.9998605918223694,-0.025364247142385943,0.00067726600188766,0.9993566549669
fixed_sigma,conditional_mean,lambda,0.002511886431509582,mean,0.0,0.0,0.002511886431509582,0.0026396079724600244,1.0918706681071353,0.5896229759926288,0.000211901438143816,0.9998272871153772,-0.028072652881842908,0.0008342559393424835,0.9992119261601755
fixed_sigma,conditional_mean,lambda,0.002818382931264455,mean,0.0,0.0,0.002818382931264455,0.0029611178499807885,1.090937525012551,0.5829303797934152,0.00026206181108436087,0.9997864032838174,-0.03102311458893292,0.001025047426197775,0.9990375663612019
fixed_sigma,conditional_mean,lambda,0.0031622776601683794,mean,0.0,0.0,0.0031622776601683794,0.003321721419311844,1.0899042310602316,0.5755781369698497,0.0003234690983603323,0.9997363525158038,-0.03422652184136199,0.0012559576217191825,0.9988285452026427
fixed_sigma,conditional_mean,lambda,0.0035481338923357532,mean,0.0,0.0,0.0035481338923357532,0.0037261577793786605,1.0887615622569715,0.5675199289409131,0.00039842096778041047,0.9996752620688072,-0.03769173026985717,0.001534135477003115,0.9985793334692643
fixed_sigma,conditional_mean,lambda,0.003981071705534973,mean,0.0,0.0,0.003981071705534973,0.004179737786339095,1.087499752350143,0.5587103811991903,0.0004896079713396424,0.9996009389751898,-0.04142490610322047,0.0018675437466210254,0.9982839771543394
fixed_sigma,conditional_mean,lambda,0.004466835921509635,mean,0.0,0.0,0.004466835921509635,0.004688412657354347,1.0861085157645018,0.54910616253526,0.0006001559917995511,0.9995108354455949,-0.045428811548867354,0.002264884746539915,0.9979362230812575
fixed_sigma,conditional_mean,lambda,0.005011872336272725,mean,0.0,0.0,0.005011872336272725,0.005258850805359416,1.0845770789264595,0.5386672689120087,0.0007336655749011024,0.9994020168107416,-0.049702054121115946,0.002735451977179906,0.9975297058161416
fixed_sigma,conditional_mean,lambda,0.005623413251903491,mean,0.0,0.0,0.005623413251903491,0.005898523914782219,1.0828942186117774,0.5273584828635168,0.0008942454259231987,0.9992711342196404,-0.054238334287278755,0.003288889430206686,0.9970582030937414
fixed_sigma,conditional_mean,lambda,0.006309573444801929,mean,0.0,0.0,0.006309573444801929,0.006615803400268732,1.0810483048074353,0.5151509858203647,0.0010865370156806632,0.999114404584171,-0.05902573834096814,0.003934842629177065,0.9965159622133035
fixed_sigma,conditional_mean,lambda,0.00707945784384138,mean,0.0,0.0,0.00707945784384138,0.007420068540758077,1.07902734422432,0.5020240846261251,0.001315727151514619,0.998927600332941,-0.0640461363081053,0.004682491393128005,0.9958980924240036
fixed_sigma,conditional_mean,lambda,0.00794328234724282,mean,0.0,0.0,0.00794328234724282,0.008321827751627656,1.0768190190999933,0.48796699540380317,0.0015875456586253239,0.9987060513011449,-0.06927475652348847,0.005539965112349074,0.9952010081086113
fixed_sigma,conditional_mean,lambda,0.008912509381337459,mean,0.0,0.0,0.008912509381337459,0.00933285464984875,1.0744107144029764,0.472980609088091,0.0019082461277189738,0.9984446604224314,-0.07468001736408758,0.0065136577944798334,0.9944228950064996
fixed_sigma,conditional_mean,lambda,0.01,mean,0.0,0.0,0.01,0.010466340782636798,1.0717895251554126,0.45707914516504605,0.0022845691401670795,0.9981379337026921,-0.08022370016716229,0.007607482266918405,0.9935641579314892
fixed_sigma,conditional_mean,lambda,0.01122018454301964,mean,0.0,0.0,0.01122018454301964,0.011737067130059045,1.0689422345393003,0.4402915857769348,0.0027236895552499476,0.9977800231842449,-0.08586154310969252,0.008822129316183301,0.9926277954148224
fixed_sigma,conditional_mean,lambda,0.012589254117941675,mean,0.0,0.0,0.012589254117941675,0.013161596757178602,1.0658552529830698,0.4226627740106824,0.003233152321670891,0.9973647792634519,-0.09154432152075465,0.010154424916707417,0.9916196371973047
fixed_sigma,conditional_mean,lambda,0.01412537544622754,mean,0.0,0.0,0.01412537544622754,0.014758491281924283,1.062514508783402,0.4042540605534297,0.003820804721928746,0.9968858059157806,-0.09721945423849576,0.01159690164623281,0.990548377717569
fixed_sigma,conditional_mean,lambda,0.01584893192461114,mean,0.0,0.0,0.01584893192461114,0.016548554141184665,1.0589052822093743,0.38514339417890076,0.004494736696174102,0.9963365093355823,-0.10283313806220928,0.01313771178268009,0.9894253457162786
fixed_sigma,conditional_mean,lambda,0.01778279410038923,mean,0.0,0.0,0.01778279410038923,0.018555103980051082,1.055011977589164,0.3654247749601223,0.005263244508697773,0.9957101275501689,-0.10833296483731181,0.014761001887615135,0.9882639687295578
fixed_sigma,conditional_mean,lambda,0.01995262314968881,mean,0.0,0.0,0.01995262314968881,0.020804281858828176,1.0508178315974797,0.34520702445437174,0.0061348360064521976,0.9949997261337907,-0.1136709222027894,0.016447836186036808,0.9870789214455674
fixed_sigma,conditional_mean,lambda,0.0223872113856834,mean,0.0,0.0,0.0223872113856834,0.023325396371918394,1.0463045606961625,0.32461187233766786,0.007118297546976032,0.9941981436572043,-0.11880662559551858,0.01817769766438836,0.9858849857146063
fixed_sigma,conditional_mean,lambda,0.025118864315095822,mean,0.0,0.0,0.025118864315095822,0.0261513112065462,1.0414519561255553,0.30377141019245046,0.008222842897528889,0.9932978703255939,-0.12371058330201523,0.019930517532541738,0.9846956915790751
fixed_sigma,conditional_mean,lambda,0.02818382931264455,mean,0.0,0.0,0.02818382931264455,0.029318880144719492,1.0362374405646306,0.28282501497136425,0.009458362770980179,0.9922908445912624,-0.12836726606668936,0.02168909945609993,0.9835218450025638
fixed_sigma,conditional_mean,lambda,0.03,mean,0.0,0.0,0.03,0.031194427576458024,1.033248680486274,0.2714695682266147,0.010187150167965378,0.991696837421171,-0.13078937025836512,0.02264096012659928,0.9828941406274203
fixed_sigma,conditional_mean,lambda,0.03162277660168379,mean,0.0,0.0,0.03162277660168379,0.032869435039020144,1.0306356060660171,0.26191589086798583,0.010835790176260338,0.9911681553702336,-0.1327777446989723,0.023441734684201947,0.9823700705126546
fixed_sigma,conditional_mean,lambda,0.035481338923357565,mean,0.0,0.0,0.035481338923357565,0.03684933288494963,1.0246177576297502,0.24118741290709186,0.012367591719390968,0.9899196416012789,-0.13696167717796148,0.025184768870709758,0.9812414989845999
fixed_sigma,conditional_mean,lambda,0.039810717055349734,mean,0.0,0.0,0.039810717055349734,0.04131056878544659,1.0181514904042201,0.2207794737685106,0.014068388928587949,0.9885333858272166,-0.1409584708372169,0.026924896346447572,0.9801307094992334
fixed_sigma,conditional_mean,lambda,0.04466835921509635,mean,0.0,0.0,0.04466835921509635,0.04631146237459549,1.0112003307577597,0.20082503458999634,0.015955707239574412,0.9869951037251818,-0.14482751076403488,0.02868102645314817,0.9790249921258933
fixed_sigma,conditional_mean,lambda,0.05,mean,0.0,0.0,0.05,0.05179536610433671,1.0038830918106685,0.1818396716779726,0.01800542376045994,0.9853244569561823,-0.1485686169804643,0.030447725344596714,0.977927366048512
fixed_sigma,conditional_mean,lambda,0.05011872336272725,mean,0.0,0.0,0.05011872336272725,0.05191742615630207,1.0037234723137258,0.18144706084094336,0.01805084405510956,0.9852874365839844,-0.1486474240692932,0.03048567858603329,0.9779039433175637
fixed_sigma,conditional_mean,lambda,0.056234132519034905,mean,0.0,0.0,0.056234132519034905,0.058201825238983894,0.9956756376386078,0.1627559885646307,0.0203798416492963,0.9833891583264355,-0.15251443021585043,0.03238599532321842,0.9767393485759345
fixed_sigma,conditional_mean,lambda,0.06309573444801936,mean,0.0,0.0,0.06309573444801936,0.06524693912811663,0.9870070948995581,0.1448478192194598,0.022974545632930922,0.98127431279409,-0.15653989881411157,0.0344445892517737,0.9754952600792677
fixed_sigma,conditional_mean,lambda,0.0707945784384138,mean,0.0,0.0,0.0707945784384138,0.07314503759373751,0.9776638567859124,0.1278028890808186,0.02587372484259137,0.9789113009678121,-0.1608472887257989,0.036740535783184126,0.9741281497095595
fixed_sigma,conditional_mean,lambda,0.07943282347242822,mean,0.0,0.0,0.07943282347242822,0.08199958417927837,0.9675880865729121,0.1116853078987553,0.02912422312670497,0.976261942190313,-0.16556867008572296,0.0393708795312537,0.972587015486045
fixed_sigma,conditional_mean,lambda,0.08912509381337459,mean,0.0,0.0,0.08912509381337459,0.09192658268273951,0.9567187334881412,0.09654301660015287,0.03278210663220469,0.973280539055991,-0.17084103257757288,0.042453037693756614,0.9708133415878287
fixed_sigma,conditional_mean,lambda,0.1,mean,0.0,0.0,0.1,0.10305608394591172,0.9449924163905115,0.08240837909650425,0.036913760901246914,0.9699129832086992,-0.1768025619850887,0.046128473987864224,0.9687408540755089
fixed_sigma,conditional_mean,lambda,0.11220184543019641,mean,0.0,0.0,0.11220184543019641,0.11553387256158953,0.9323445708117326,0.06929920068004791,0.04159687966953542,0.9660959494094584,-0.18358902907299035,0.05056800098922429,0.9662950684040367
fixed_sigma,conditional_mean,lambda,0.12589254117941676,mean,0.0,0.0,0.12589254117941676,0.12952335568793225,0.9187108690490544,0.0572200552462849,0.04692127151703783,0.9617562380658262,-0.19133038847982042,0.05597906752815663,0.963392682444161
fixed_sigma,conditional_mean,lambda,0.14125375446227553,mean,0.0,0.0,0.14125375446227553,0.14520767908508286,0.9040289155043442,0.046163804412278464,0.05298939200247764,0.9568103415091062,-0.20014763898947963,0.06261541748649924,0.959940922606937
fixed_sigma,conditional_mean,lambda,0.1584893192461114,mean,0.0,0.0,0.1584893192461114,0.16279209880947296,0.888240209086873,0.03611320130222861,0.05991648911218725,0.9511643254444639,-0.21014995756939325,0.07078957772587022,0.9558369953335822
fixed_sigma,conditional_mean,lambda,0.1778279410038923,mean,0.0,0.0,0.1778279410038923,0.18250664076792245,0.8712923506180194,0.02704248770548141,0.06783023137079804,0.9447141320639025,-0.22143209308605483,0.08088875197485267,0.9509678281515288
fixed_sigma,conditional_mean,lambda,0.19952623149688808,mean,0.0,0.0,0.19952623149688808,0.20460908460060012,0.8531414554912967,0.018918912840740362,0.07686967453976001,0.9373464222513979,-0.23407199426884906,0.09339486775489056,0.9452103014990039
fixed_sigma,conditional_mean,lambda,0.223872113856834,mean,0.0,0.0,0.223872113856834,0.2293883131819588,0.8337547105491194,0.01170412275406456,0.08718341923114957,0.9289400772425221,-0.24812865042202448,0.10890974834920601,0.9384321728397448
fixed_sigma,conditional_mean,lambda,0.25118864315095824,mean,0.0,0.0,0.25118864315095824,0.25716807445024786,0.8131129901166195,0.005355389576409376,0.09892682338975423,0.9193684706253531,-0.2636401405305355,0.12818666731341732,0.9304938763010395
fixed_sigma,conditional_mean,lambda,0.2818382931264455,mean,0.0,0.0,0.2818382931264455,0.2883112083402169,0.7912134210707186,-0.00017333188330514,0.11225816578653894,0.9085025953325137,-0.28062191300569583,0.1521698990662475,0.9212513419410236
fixed_sigma,conditional_mean,lambda,0.31622776601683794,mean,0.0,0.0,0.31622776601683794,0.3232243983324898,0.7680717632574918,-0.004930517319676145,0.12733371364765536,0.896215083831074,-0.29906534942255225,0.1820443208876975,0.9105599167747667
fixed_sigma,conditional_mean,lambda,0.3548133892335757,mean,0.0,0.0,0.3548133892335757,0.3623635145711233,0.7437244527904092,-0.008966340930882086,0.14430173107868682,0.8823850916303799,-0.318936695614393,0.21929767048060314,0.8982793841905721
fixed_sigma,conditional_mean,lambda,0.3981071705534973,mean,0.0,0.0,0.3981071705534973,0.4062396236586703,0.7182301455208607,-0.012332074791340243,0.1632955728809193,0.8669039262524091,-0.3401764667197613,0.26579874735646664,0.8842799714900591
fixed_sigma,conditional_mean,lambda,0.4466835921509635,mean,0.0,0.0,0.4466835921509635,0.4554257491404937,0.6916706000087943,-0.015079591255405762,0.1844261334053564,0.8496812018865789,-0.36269944404206,0.3238957019884254,0.8684491132915806
fixed_sigma,conditional_mean,lambda,0.5011872336272725,mean,0.0,0.0,0.5011872336272725,0.5105644763785124,0.6641507566995036,-0.01726093860037718,0.20777404929288962,0.8306511946426851,-0.38639537686406944,0.39653962986553537,0.8506986127380738
fixed_sigma,conditional_mean,lambda,0.5623413251903491,mean,0.0,0.0,0.5623413251903491,0.5723765060622138,0.635797904376557,-0.018927961807215947,0.23338217030469843,0.8097789792935868,-0.41113047947103143,0.4874400360109036,0.8309717288499198
fixed_sigma,conditional_mean,lambda,0.6309573444801936,mean,0.0,0.0,0.6309573444801936,0.6416702721329685,0.606759875844784,-0.020131944739613827,0.2612488930110729,0.7870658627344748,-0.43674977278810456,0.6012604316037958,0.809249635969539
fixed_sigma,conditional_mean,lambda,0.707945784384138,mean,0.0,0.0,0.707945784384138,0.7193527525906563,0.5772022791774749,-0.020923256377729346,0.29132297753516684,0.7625536086599015,-0.46308026417063786,0.7438644589228051,0.7855566689356522
fixed_sigma,conditional_mean,lambda,0.7943282347242822,mean,0.0,0.0,0.7943282347242822,0.8064416157654762,0.547304843130116,-0.02135099139558626,0.3235004225733393,0.7363269846170517,-0.48993489359647135,0.9226256279867335,0.7599638000366142
fixed_sigma,conditional_mean,lambda,0.8912509381337459,mean,0.0,0.0,0.8912509381337459,0.9040788605016278,0.5172570277942831,-0.021462603333288175,0.35762385276215775,0.708514261339834,-0.5171171074851562,1.1468171313983209,0.7325898971461855
fixed_sigma,conditional_mean,lambda,1.0,mean,0.0,0.0,1.0,1.0135461267063375,0.4872531155166374,-0.021303535973070248,0.3934846819404653,0.6792854495554117,-0.5444258613265627,1.4281024633320605,0.7036004815188304
fixed_sigma,conditional_mean,lambda,1.122018454301963,mean,0.0,0.0,1.122018454301963,1.1362818733058664,0.45748704418968833,-0.02091686443434874,0.43082807594340033,0.6488482549976361,-0.5716608075879133,1.7811529312669987,0.6732039210679348
fixed_sigma,conditional_mean,lambda,1.2589254117941688,mean,0.0,0.0,1.2589254117941688,1.273900644279711,0.4281472687557588,-0.02034296131473593,0.4693604799117151,0.6174419431806055,-0.5986274024930839,2.224424900547834,0.6416452329843834
fixed_sigma,conditional_mean,lambda,1.4125375446227555,mean,0.0,0.0,1.4125375446227555,1.4282146705715792,0.3994119337855579,-0.019619204579691237,0.5087592336877691,0.5853295022513905,-0.6251416676988366,2.781138111672128,0.6091978953067174
fixed_sigma,conditional_mean,lambda,1.584893192461114,mean,0.0,0.0,1.584893192461114,1.6012580867352555,0.3714446107045927,-0.018779742850173513,0.5486836090492523,0.5527886469563517,-0.6510343704121639,3.480507110928346,0.5761542485420373
fixed_sigma,conditional_mean,lambda,1.7782794100389228,mean,0.0,0.0,1.7782794100389228,1.7953140765690812,0.34439080174594905,-0.017855330596969084,0.5887864901904013,0.5201022983206445,-0.6761544342782688,4.359291306409308,0.5428151810058343
fixed_sigma,conditional_mean,lambda,1.9952623149688788,mean,0.0,0.0,1.9952623149688788,2.012945302105766,0.31837534599954015,-0.016873241123714074,0.6287258965304124,0.48754919184088974,-0.7003714567720898,5.4637461207907565,0.5094798225389408
fixed_sigma,conditional_mean,lambda,2.2387211385683425,mean,0.0,0.0,2.2387211385683425,2.2570280155328133,0.2935007895708861,-0.01585725985180055,0.6681756120426783,0.4553952139190821,-0.7235772786534236,6.852079062617321,0.47643592181650585
fixed_sigma,conditional_mean,lambda,2.5118864315095824,mean,0.0,0.0,2.5118864315095824,2.5307903043308606,0.2698467104863199,-0.014827755063191821,0.7068343218464785,0.42388595497067527,-0.7456866190165697,8.597541416024143,0.4439514662196372
fixed_sigma,conditional_mean,lambda,2.818382931264455,mean,0.0,0.0,2.818382931264455,2.8378549766064207,0.24746992692731934,-0.013801818557457475,0.7444328396661181,0.39324081859473636,-0.7666368485246992,10.792320086051722,0.41226794248411747
fixed_sigma,conditional_mean,lambda,3.1622776601683795,mean,0.0,0.0,3.1622776601683795,3.1822876568364884,0.2264054697623997,-0.012793465093236015,0.7807392103558657,0.3636488626979659,-0.786387018642614,13.552436734771208,0.3815954569103811
fixed_sigma,conditional_mean,lambda,3.5481338923357533,mean,0.0,0.0,3.5481338923357533,3.5686507327418755,0.20666816967265866,-0.01181387724372027,0.8155616634004926,0.33526639220760246,-0.8049162936589819,17.02391497064803,0.3521097602022877
fixed_sigma,conditional_mean,lambda,3.9810717055349776,mean,0.0,0.0,3.9810717055349776,4.00206387262137,0.18825469544901674,-0.010871681418367063,0.848749555542795,0.3082161907712162,-0.8222219450054715,21.390543865574365,0.32395107315141936
fixed_sigma,conditional_mean,lambda,4.4668359215096345,mean,0.0,0.0,4.4668359215096345,4.488271920231968,0.17114588130940983,-0.009973241135792846,0.8801925609690845,0.2825881808060279,-0.8383170657249119,26.883651065829543,0.2972244973143737
fixed_sigma,conditional_mean,lambda,5.011872336272725,mean,0.0,0.0,5.011872336272725,5.033721072382786,0.15530919410937288,-0.009122954912512672,0.9098184415219867,0.25844124091451093,-0.8532281500234242,33.79440576076306,0.27200172400760503
fixed_sigma,conditional_mean,lambda,5.62341325190349,mean,0.0,0.0,5.62341325190349,5.645644354183867,0.14070121233018287,-0.008323548047935635,0.9375897597813581,0.23580588492839027,-0.8669926622885009,42.48930647395863,0.24832372353789745
fixed_sigma,conditional_mean,lambda,6.309573444801943,mean,0.0,0.0,6.309573444801943,6.332157529893643,0.12727001403676458,-0.00757634983217735,0.9634998918263806,0.2146875117561492,-0.8796566953140882,53.42967821904889,0.22620409838909739
fixed_sigma,conditional_mean,lambda,7.0794578438413875,mean,0.0,0.0,7.0794578438413875,7.102366725256115,0.1149573974279114,-0.006881550016398948,0.9875686637120717,0.19506996192674897,-0.8912727917982255,67.19621704646588,0.205632810600197
fixed_sigma,conditional_mean,lambda,7.943282347242821,mean,0.0,0.0,7.943282347242821,7.966489192020828,0.10370088272432697,-0.006238430564436961,1.0098378861942725,0.17691915706718364,-0.9018979788040917,84.51988876665999,0.1865800358290941
fixed_sigma,conditional_mean,lambda,8.91250938133746,mean,0.0,0.0,8.91250938133746,8.93598881911299,0.09343546633077586,-0.005645570615925284,1.030367005011474,0.16018664519400616,-0.9115920433613913,106.3208269816677,0.16899994648020322
fixed_sigma,conditional_mean,lambda,10.0,mean,0.0,0.0,10.0,10.023728190023226,0.08409511658229084,-0.005101024163595622,1.0492290262263573,0.1448129218140377,-0.920416059579275,133.7573015080491,0.15283427726856058
fixed_sigma,cloud,lambda,0.0001,cloud,0.25,0.5,0.0001,0.00010525559686336676,1.0770887792536958,0.847108830579255,0.00207899967977874,0.998305485630631,0.08199475839683124,0.005742775875204713,0.9932768595954453
fixed_sigma,cloud,lambda,0.0001,cloud,0.25,0.5,0.0001,0.00010525559686336676,1.1702688416214495,1.1223582976542195,0.01386260455733203,0.9887011129209129,0.3036394291893256,0.05425020177156463,0.9078030970415805
fixed_sigma,cloud,lambda,0.0001,cloud,0.25,0.5,0.0001,0.00010525559686336676,1.165481944202223,0.5360416928120635,0.004807344847588647,0.9960817142003516,0.009341931441106732,8.56636786117616e-05,0.9999127283169497
fixed_sigma,cloud,lambda,0.0001,cloud,0.25,0.5,0.0001,0.00010525559686336676,1.086645389066215,0.4873188621856904,0.0012369517372151052,0.9989918072074211,-0.06202721287296631,0.004373046112101824,0.9961526248632118
fixed_sigma,cloud,lambda,0.0001,cloud,0.25,0.5,0.0001,0.00010525559686336676,1.0338066880445962,0.6572616198714141,0.004383663792551693,0.9964270406776822,-0.04069164091551192,0.0017992600999819815,0.9983441903596031
fixed_sigma,cloud,lambda,0.0001,cloud,0.25,0.5,0.0001,0.00010525559686336676,0.9230784497492976,0.36257437400143677,0.034605774562338466,0.9717941359830968,-0.21383923568673902,0.07398642730929801,0.9542727812809113
fixed_sigma,cloud,lambda,0.0001,cloud,0.25,0.5,0.0001,0.00010525559686336676,1.0947725549779044,0.8206159505665707,0.0011917182849684124,0.9990286752914105,0.07728097909853116,0.00514620695797712,0.9940276502695724
fixed_sigma,cloud,lambda,0.0001,cloud,0.25,0.5,0.0001,0.00010525559686336676,0.9831217642450873,0.3341547458586034,0.0176508509757267,0.9856134558841578,-0.16975270843380552,0.04180406260596992,0.9711840179793874
fixed_sigma,cloud,lambda,0.0001,cloud,0.25,0.5,0.0001,0.00010525559686336676,1.0947687868139702,0.615969680757683,7.368809650705388e-05,0.9999399396067267,-0.01663229593174087,0.0002860701378229214,0.999723366732039
fixed_sigma,cloud,lambda,0.0001,cloud,0.25,0.5,0.0001,0.00010525559686336676,1.0789195801248619,1.0755107331596594,0.007686759463474956,0.9937348117503668,0.23060542890648716,0.03511570573990646,0.9468211361588551
fixed_sigma,cloud,lambda,0.0001,cloud,0.25,0.5,0.0001,0.00010525559686336676,1.0143665781610838,1.0189847159484309,0.012779071759983556,0.9895842597114813,0.16260000229710214,0.01956052269656763,0.9735612392529823
fixed_sigma,cloud,lambda,0.0001,cloud,0.25,0.5,0.0001,0.00010525559686336676,1.0515365718820857,0.8244946696111766,0.0035666394538488,0.9970929664570471,0.054890826038109575,0.0027075999781170684,0.996986997216854
fixed_sigma,cloud,lambda,0.0001,cloud,0.25,0.5,0.0001,0.00010525559686336676,1.0782762327432944,0.33485194080877645,0.0044446540323033155,0.9963773298294047,-0.09186212745653921,0.010232209485365693,0.9915613495391585
fixed_sigma,cloud,lambda,0.0001,cloud,0.25,0.5,0.0001,0.00010525559686336676,1.2313250269003102,0.7752508556604456,0.017873773764114125,0.9854317599118803,0.13926427123064355,0.01494274779815526,0.9806054627585977
fixed_sigma,cloud,lambda,0.0001,cloud,0.25,0.5,0.0001,0.00010525559686336676,1.1410106589647953,1.3486176650788828,0.021204539827137537,0.9827169778896915,0.46392813064564087,0.10042963904332866,0.7847706895956412
fixed_sigma,cloud,lambda,0.0001,cloud,0.25,0.5,0.0001,0.00010525559686336676,1.1411608115627567,0.7927203191983596,0.0025089759889880266,0.9979550281286266,0.09042887532243626,0.00687732538010395,0.9918226185079193
fixed_sigma,cloud,lambda,0.0001,cloud,0.25,0.5,0.0001,0.00010525559686336676,1.2055488302137143,0.14492789308066562,0.02134446888700089,0.9826029269810084,0.03805180037203648,0.0013437310954145386,0.9985520604884467
fixed_sigma,cloud,lambda,0.0001,cloud,0.25,0.5,0.0001,0.00010525559686336676,1.1146578172680424,0.5058585008832663,0.0010459224777680917,0.9991475079649783,-0.036385363293405804,0.0014257607507144185,0.9986761053380069
fixed_sigma,cloud,lambda,0.0001,cloud,0.25,0.5,0.0001,0.00010525559686336676,1.0279093005877438,1.1696543801254857,0.015998695933092406,0.9869600652595221,0.282242313300876,0.048451144186552886,0.9203392765825702
fixed_sigma,cloud,lambda,0.0001,cloud,0.25,0.5,0.0001,0.00010525559686336676,0.8824447734925775,0.17440564298057137,0.05637787627784488,0.9540485155449956,-0.25361013973467206,0.11545208087757634,0.9356818970237601
fixed_sigma,cloud,lambda,0.0001,cloud,0.25,0.5,0.0001,0.00010525559686336676,0.9902823291668941,0.7235096316702577,0.01225411393097368,0.9900121330744367,-0.035564782581687826,0.0013598599855199644,0.9987351462399173
fixed_sigma,cloud,lambda,0.0001,cloud,0.25,0.5,0.0001,0.00010525559686336676,1.285240414709822,0.6487721337458014,0.034314071548088326,0.9720318921280559,0.12927606267637182,0.01310496869814913,0.9832876996188948
fixed_sigma,cloud,lambda,0.0001,cloud,0.25,0.5,0.0001,0.00010525559686336676,1.0709676122702045,0.29343708294415427,0.005928364090068141,0.9951680136196364,-0.09915376987350566,0.012114824606703179,0.9901685299198719
fixed_sigma,cloud,lambda,0.0001,cloud,0.25,0.5,0.0001,0.00010525559686336676,1.2238269808785338,1.1336689203593835,0.02469054617435722,0.9798756653562987,0.33597286660556036,0.06324309774932237,0.8871222329048424
fixed_sigma,cloud,lambda,0.0001,cloud,0.25,0.5,0.0001,0.00010525559686336676,1.012736177718921,0.8778235055337757,0.00969111666605169,0.9921011356540455,0.06625544628343971,0.003861185283878383,0.9956102158377822
fixed_sigma,cloud,lambda,0.0001,cloud,0.25,0.5,0.0001,0.00010525559686336676,1.048679921027955,-0.04400216019263836,0.021899310439778892,0.982150696519864,-0.020694977005884074,0.00044657451192774806,0.9995717179267259
fixed_sigma,cloud,lambda,0.0001,cloud,0.25,0.5,0.0001,0.00010525559686336676,1.17998070749751,0.5034807482513683,0.007255629217121385,0.9940862097830945,0.012678775615734716,0.000156751323413074,0.9998392486488858
fixed_sigma,cloud,lambda,0.0001,cloud,0.25,0.5,0.0001,0.00010525559686336676,1.185962363528704,0.9323354030928901,0.01057805913702603,0.991378222237325,0.19113571128320195,0.025749048387677553,0.9634671398722645
fixed_sigma,cloud,lambda,0.0001,cloud,0.25,0.5,0.0001,0.00010525559686336676,1.1899346872616483,1.2040534747218605,0.020367258086905163,0.983399414714398,0.37011863711744675,0.07297356455411341,0.8630121944583238
fixed_sigma,cloud,lambda,0.0001,cloud,0.25,0.5,0.0001,0.00010525559686336676,1.283317312700173,1.6151773936592653,0.07086793318484863,0.9422382156778477,0.7288956037674492,0.17774325198403967,0.46871119880848566
fixed_sigma,cloud,lambda,0.0001,cloud,0.25,0.5,0.0001,0.00010525559686336676,1.0703574315554307,0.6965813334324849,0.0009654746889649124,0.9992130779289552,0.00044139167739842833,1.9465473699092718e-07,0.9999998051733872
fixed_sigma,cloud,lambda,0.0001,cloud,0.25,0.5,0.0001,0.00010525559686336676,1.050241261294503,0.012547143486827061,0.0187297778486341,0.9847340632091988,-0.05179285174128778,0.0029835491611165804,0.997317500508505
fixed_sigma,cloud,lambda,0.0001,cloud,0.25,0.5,0.0001,0.00010525559686336676,1.099579952007638,1.0572952808255422,0.00663575427162618,0.994591446514283,0.2267893636798317,0.03417475116268243,0.9485665845216971
fixed_sigma,cloud,lambda,0.0001,cloud,0.25,0.5,0.0001,0.00010525559686336676,1.2026858717413078,0.879064216999118,0.01264320487564906,0.9896949996938226,0.17148977506623742,0.021428879203105204,0.9705912570477313
fixed_sigma,cloud,lambda,0.0001,cloud,0.25,0.5,0.0001,0.00010525559686336676,1.1516319369752352,0.1508716857273104,0.012631019880162528,0.9897049312249062,-0.0116080202657739,0.00013792973122308454,0.9998652538655094
fixed_sigma,cloud,lambda,0.0001,cloud,0.25,0.5,0.0001,0.00010525559686336676,0.925374787331247,0.701947715903435,0.0306019075071106,0.975057537283307,-0.08488063492038112,0.008603234241456434,0.992795277815513
fixed_sigma,cloud,lambda,0.0001,cloud,0.25,0.5,0.0001,0.00010525559686336676,1.1846573698888867,0.8558227274267312,0.008861390081518905,0.9927774145557756,0.14866977177211282,0.016751548716524196,0.9778972989612279
fixed_sigma,cloud,lambda,0.0001,cloud,0.25,0.5,0.0001,0.00010525559686336676,1.1981712419917647,0.6855496343717513,0.00968814381436422,0.9921035587135347,0.08051562132125523,0.005552623122956223,0.9935172347232523
fixed_sigma,cloud,lambda,0.0001,cloud,0.25,0.5,0.0001,0.00010525559686336676,0.994194112940178,-0.37643850058613304,0.053337925555936194,0.9565262649311792,0.33124035823405285,0.06191181567282494,0.8902798250769763
fixed_sigma,cloud,lambda,0.0001,cloud,0.25,0.5,0.0001,0.00010525559686336676,1.0849379511192185,1.0182188975543105,0.005650271577131525,0.9953946763573791,0.19327929230127938,0.026235324802886824,0.9626431151675165
fixed_sigma,cloud,lambda,0.0001,cloud,0.25,0.5,0.0001,0.00010525559686336676,1.076039111533773,1.4170420689990602,0.02410826560066533,0.980350260330373,0.5041753021894333,0.11234822815356,0.7458072646621936
fixed_sigma,cloud,lambda,0.0001,cloud,0.25,0.5,0.0001,0.00010525559686336676,1.1129757725315885,0.14202626003696206,0.01048986349247297,0.9914501071868344,-0.043828277345819844,0.002101053013125723,0.9980790821048979
fixed_sigma,cloud,lambda,0.0001,cloud,0.25,0.5,0.0001,0.00010525559686336676,1.1610362613551288,1.7054782416293686,0.04828679794233252,0.9606432488855388,0.7842393865103501,0.19319285284527435,0.3849685846458697
fixed_sigma,cloud,lambda,0.0001,cloud,0.25,0.5,0.0001,0.00010525559686336676,1.006863315309824,0.28417359390621044,0.014027600410897192,0.9885666310123913,-0.15301389486207573,0.03263692010973403,0.9765867479791376
fixed_sigma,cloud,lambda,0.0001,cloud,0.25,0.5,0.0001,0.00010525559686336676,1.02467923089766,0.2906773775666962,0.010837728137861893,0.9911665758106921,-0.1380049520460913,0.02563184093544246,0.980954633210756
fixed_sigma,cloud,lambda,0.0001,cloud,0.25,0.5,0.0001,0.00010525559686336676,1.0852821940176423,0.3299713477581657,0.0043133473431633245,0.9964843529683239,-0.08632675371596943,0.008927071287634782,0.9925476915928624
fixed_sigma,cloud,lambda,0.0001,cloud,0.25,0.5,0.0001,0.00010525559686336676,1.0071043973405658,1.3184277147353405,0.026501417386511884,0.978399692406462,0.4009165922045219,0.0818999246767109,0.8392658860951131
fixed_sigma,cloud,lambda,0.0001,cloud,0.25,0.5,0.0001,0.00010525559686336676,1.3686341429538453,1.0612324860795948,0.07892878906483512,0.9356681155229969,0.36627140688619586,0.07186742328963423,0.8658452564976068
fixed_sigma,cloud,lambda,0.0001,cloud,0.25,0.5,0.0001,0.00010525559686336676,1.2605525234220596,0.7680685760779555,0.026334720323474003,0.9785355609067781,0.15540434627122401,0.01809082313436656,0.9758494891600135
fixed_sigma,cloud,lambda,0.0001,cloud,0.25,0.5,0.0001,0.00010525559686336676,1.080604680795713,0.4912309403699773,0.001384482978868255,0.998871560046566,-0.06561885064500483,0.004931841400254021,0.9956941664400285
fixed_sigma,cloud,lambda,0.0001,cloud,0.25,0.5,0.0001,0.00010525559686336676,1.2654213809325787,1.6182879759607725,0.06486749744524967,0.94712894494641,0.7268433127231033,0.17716410393115395,0.471698798749705
fixed_sigma,cloud,lambda,0.0001,cloud,0.25,0.5,0.0001,0.00010525559686336676,1.0495421439044086,0.9224952812145308,0.00551614237313087,0.9955040000219,0.1131154983211502,0.010326752463323194,0.9872048840395579
fixed_sigma,cloud,lambda,0.0001,cloud,0.25,0.5,0.0001,0.00010525559686336676,1.2152994969721107,0.6888955535482658,0.013354488565454787,0.9891152591364782,0.09353205965626388,0.007315734839314681,0.9912517538164571
fixed_sigma,cloud,lambda,0.0001,cloud,0.25,0.5,0.0001,0.00010525559686336676,1.1085850542744606,1.166726798030604,0.010753966509013857,0.9912348467609309,0.30963258061567345,0.05589775466431711,0.9041276650212785
fixed_sigma,cloud,lambda,0.0001,cloud,0.25,0.5,0.0001,0.00010525559686336676,1.110624105142811,0.7062868816179135,0.00023960013177626074,0.9998047109529903,0.030672835479523597,0.0008856582869584392,0.9990591771636461
fixed_sigma,cloud,lambda,0.0001,cloud,0.25,0.5,0.0001,0.00010525559686336676,0.988813682064712,0.5380253373630012,0.012863930298913757,0.9895150947111306,-0.11839877151299305,0.018036406680342433,0.985981730904214
fixed_sigma,cloud,lambda,0.0001,cloud,0.25,0.5,0.0001,0.00010525559686336676,1.1446174115979941,0.46335813101968604,0.0033841209079634007,0.9972417304523894,-0.02269629255484884,0.000539325244671247,0.9994848783042647
fixed_sigma,cloud,lambda,0.0001,cloud,0.25,0.5,0.0001,0.00010525559686336676,1.1025008904733653,0.34630715571860127,0.0036954281998688057,0.9969879955987703,-0.07122698905711156,0.005881254842897369,0.9949267160298582
fixed_sigma,cloud,lambda,0.0001,cloud,0.25,0.5,0.0001,0.00010525559686336676,1.1511393459781052,1.3114659074779813,0.020116718577295106,0.9836036200364373,0.43722840603700397,0.09254759871405185,0.8088313209543407
fixed_sigma,cloud,lambda,0.0001,cloud,0.25,0.5,0.0001,0.00010525559686336676,1.1292975109280503,0.8273692567532693,0.0021167382762275087,0.9982747263214382,0.10103018573411893,0.00841984024394538,0.9897929015705295
fixed_sigma,cloud,lambda,0.0001,cloud,0.25,0.5,0.0001,0.00010525559686336676,1.1620811718273316,0.8332331622197243,0.005197047564936254,0.9957640821868643,0.12353450140740052,0.012089371042258363,0.984739226962025
fixed_sigma,cloud,lambda,0.0001,cloud,0.25,0.5,0.0001,0.00010525559686336676,0.9473800225360763,-0.06212967571385575,0.04357800452238145,0.9644812091267573,-0.10017106173752455,0.012392663068945951,0.989965758390377
fixed_sigma,cloud,lambda,0.0001,cloud,0.25,0.5,0.0001,0.00010525559686336676,0.9710741719017704,0.391677325244399,0.019291093322529804,0.9842765560986798,-0.17113735522099605,0.04263089963173439,0.9707120056479626
fixed_sigma,cloud,lambda,0.0001,cloud,0.25,0.5,0.0001,0.00010525559686336676,1.3087529176862005,1.8935029333671083,0.1054297624542057,0.9140681698148132,0.9840388734251486,0.24599379703915739,0.031667495588164285
fixed_sigma,cloud,lambda,0.0001,cloud,0.25,0.5,0.0001,0.00010525559686336676,1.0933097255910813,0.9163719283343937,0.0028829199398499685,0.9976502404924199,0.13167075913875204,0.013537500636341272,0.9826628111878247
fixed_sigma,cloud,lambda,0.0001,cloud,0.25,0.5,0.0001,0.00010525559686336676,1.0345579970520076,0.5125561066322568,0.0050382887028084045,0.9958934805584738,-0.09390536773168823,0.010740728038950847,0.9911817819111765
fixed_sigma,cloud,lambda,0.0001,cloud,0.25,0.5,0.0001,0.00010525559686336676,1.0983302399262818,0.1742410992639808,0.0090566493638856,0.9926182660657873,-0.06412094808135871,0.004694187335302674,0.9958885040171477
fixed_sigma,cloud,lambda,0.0001,cloud,0.25,0.5,0.0001,0.00010525559686336676,1.139841525886777,1.139825656074791,0.011184514118950684,0.9908839236132116,0.3026646292974591,0.05398313457100248,0.9083941221722317
fixed_sigma,cloud,lambda,0.0001,cloud,0.25,0.5,0.0001,0.00010525559686336676,1.083544023849321,1.6661811369376944,0.04157576327379114,0.9661131605886453,0.7364276068974629,0.17986503963082257,0.45767437979927583
fixed_sigma,cloud,lambda,0.0001,cloud,0.25,0.5,0.0001,0.00010525559686336676,0.9745519828085298,0.39311033445475696,0.018376897027829287,0.9850216830810749,-0.16816326671952575,0.04086825377450971,0.9717211157262177
fixed_sigma,cloud,lambda,0.0001,cloud,0.25,0.5,0.0001,0.00010525559686336676,1.0377650187465366,0.004223767970346792,0.02055427056579561,0.9832469878834497,-0.058825187412298585,0.003906483969811185,0.9965395973259079
fixed_sigma,cloud,lambda,0.0001,cloud,0.25,0.5,0.0001,0.00010525559686336676,1.1807510350602084,1.248284651732129,0.02083851064322439,0.9830153144973311,0.3990958020896729,0.08136908123948315,0.8407225407544007
fixed_sigma,cloud,lambda,0.0001,cloud,0.25,0.5,0.0001,0.00010525559686336676,0.9352742315672078,-0.340710847563191,0.06639489812494896,0.9458840181555555,0.22726763955044738,0.03429230176023298,0.9483494200131679
fixed_sigma,cloud,lambda,0.0001,cloud,0.25,0.5,0.0001,0.00010525559686336676,1.0070586087542464,0.5602860767502487,0.00896004572769076,0.9926970040527421,-0.09773623373692375,0.01173394815322723,0.9904476286149214
fixed_sigma,cloud,lambda,0.0001,cloud,0.25,0.5,0.0001,0.00010525559686336676,1.0750656681252782,0.24034896359577063,0.007334279771121145,0.9940221046775441,-0.09356538244995771,0.01065509749008508,0.9912455192069931
fixed_sigma,cloud,lambda,0.0001,cloud,0.25,0.5,0.0001,0.00010525559686336676,1.0315355810088978,0.128904092366611,0.015549014465879833,0.9873265836939605,-0.11308781531843859,0.01625812228181227,0.9872111460265027
fixed_sigma,cloud,lambda,0.0001,cloud,0.25,0.5,0.0001,0.00010525559686336676,1.1568393237890855,0.7129648588634241,0.0033892916668681267,0.9972375159614735,0.06373782090203961,0.0035902543873872297,0.9959374901866596
fixed_sigma,cloud,lambda,0.0001,cloud,0.25,0.5,0.0001,0.00010525559686336676,1.1815898806696405,0.964551749241175,0.010614620745713493,0.9913484222465454,0.20750799803807407,0.029531781667395566,0.9569404307502306
fixed_sigma,cloud,lambda,0.0001,cloud,0.25,0.5,0.0001,0.00010525559686336676,1.2408619211896488,0.40869614778342384,0.02217118280502117,0.9819291035903324,0.04671299573055321,0.0019916829559969715,0.9978178960298774
fixed_sigma,cloud,lambda,0.0001,cloud,0.25,0.5,0.0001,0.00010525559686336676,1.2171510600447262,0.4256492546277081,0.015737701147567135,0.9871727922833424,0.029151777354168962,0.0008023636031261852,0.9991501738770929
fixed_sigma,cloud,lambda,0.0001,cloud,0.25,0.5,0.0001,0.00010525559686336676,1.1512144407719689,0.4427500867898578,0.004341020004609959,0.9964617980237918,-0.021105860961457612,0.00046487339199968,0.9995545426330756
fixed_sigma,cloud,lambda,0.0001,cloud,0.25,0.5,0.0001,0.00010525559686336676,1.0912081307110089,0.757330612417791,0.0005380913800738297,0.9995614219740209,0.042355701296143744,0.001651170274016321,0.9982059945677119
fixed_sigma,cloud,lambda,0.0001,cloud,0.25,0.5,0.0001,0.00010525559686336676,1.1713000324105631,0.6126397504046989,0.005139526151740268,0.9958109657252097,0.03594433024847454,0.0012038931847510742,0.9987080051229886
fixed_sigma,cloud,lambda,0.0001,cloud,0.25,0.5,0.0001,0.00010525559686336676,1.2451541041863858,1.0443350969657996,0.027289720710113194,0.9777571760452252,0.28926574370304947,0.050339526227292486,0.9163253295199217
fixed_sigma,cloud,lambda,0.0001,cloud,0.25,0.5,0.0001,0.00010525559686336676,0.9841186627664951,0.4085786204191283,0.01575985561977457,0.9871547350071118,-0.15776244678906004,0.03508633966091141,0.975111010383129
fixed_sigma,cloud,lambda,0.0001,cloud,0.25,0.5,0.0001,0.00010525559686336676,1.11547330759041,0.7577749080355827,0.0007040404798705679,0.9994261631103835,0.057531204658403334,0.002959515056745023,0.9966901604905529
fixed_sigma,cloud,lambda,0.0001,cloud,0.25,0.5,0.0001,0.00010525559686336676,1.1385177180482016,0.6443285724493175,0.0014849012072592513,0.9987897129291228,0.024054122229071773,0.0005517383943829176,0.9994213992037889
fixed_sigma,cloud,lambda,0.0001,cloud,0.25,0.5,0.0001,0.00010525559686336676,1.1852443611639565,0.7727444824492311,0.007869249429120222,0.9935860710497023,0.10846057746549209,0.009574218195138505,0.988236303135852
fixed_sigma,cloud,lambda,0.0001,cloud,0.25,0.5,0.0001,0.00010525559686336676,1.1255992657891576,0.8438905084723038,0.0021590635799698704,0.9982402285598094,0.10770591849045985,0.009454317544223644,0.9883994351221265
fixed_sigma,cloud,lambda,0.0001,cloud,0.25,0.5,0.0001,0.00010525559686336676,1.1298224758350885,1.110541343274695,0.009373313219544849,0.9923601652787147,0.2774756191160459,0.047178531378493094,0.923007280796167
fixed_sigma,cloud,lambda,0.0001,cloud,0.25,0.5,0.0001,0.00010525559686336676,1.0795306036120476,0.3736957845690647,0.0034727569670833128,0.9971694865375472,-0.0876344336903907,0.00922596487256542,0.9923202060317645
fixed_sigma,cloud,lambda,0.0001,cloud,0.25,0.5,0.0001,0.00010525559686336676,1.2808204919616197,1.608780725794896,0.06946646951947366,0.9433804959495691,0.7227488415888275,0.17600737887272538,0.477634111982008
fixed_sigma,cloud,lambda,0.0001,cloud,0.25,0.5,0.0001,0.00010525559686336676,0.9477793881385899,-0.12486550113413247,0.047187776469376115,0.9615390199124818,-0.04942567993153668,0.0027035421803231,0.9975571021633053
fixed_sigma,cloud,lambda,0.0001,cloud,0.25,0.5,0.0001,0.00010525559686336676,1.140579721340643,0.9229810932430679,0.004627460874811451,0.996228330854339,0.16081351800439747,0.019191998088569136,0.9741390124270494
fixed_sigma,cloud,lambda,0.0001,cloud,0.25,0.5,0.0001,0.00010525559686336676,1.0559000667590808,0.143625666933768,0.012201402719384392,0.9900550959985456,-0.09506616891504382,0.011036168833367952,0.9909624235278164
fixed_sigma,cloud,lambda,0.0001,cloud,0.25,0.5,0.0001,0.00010525559686336676,0.909514849058358,0.17639864157612117,0.045256522597297906,0.9631131122362883,-0.23028055664360636,0.08950548020388112,0.9469708652319108
fixed_sigma,cloud,lambda,0.0001,cloud,0.25,0.5,0.0001,0.00010525559686336676,1.1478620143763227,0.9721965103425765,0.006443196071236675,0.9947483934540413,0.1943323051854613,0.026475224137951333,0.9622349551613048
fixed_sigma,cloud,lambda,0.0001,cloud,0.25,0.5,0.0001,0.00010525559686336676,1.1436333245710149,1.088752056104929,0.009604001682571634,0.9921721397973986,0.26840139431833787,0.04477711554259539,0.9279606915279721
fixed_sigma,cloud,lambda,0.0001,cloud,0.25,0.5,0.0001,0.00010525559686336676,1.1962241888193028,0.4498982442827679,0.010860723019577577,0.9911478335483107,0.015594465121433476,0.0002357763911724377,0.9997568126575764
fixed_sigma,cloud,lambda,0.0001,cloud,0.25,0.5,0.0001,0.00010525559686336676,1.0620648354341975,0.6530973170668052,0.0014394604455550174,0.9988267499832464,-0.02402506619177025,0.0006059710246946201,0.999422796194481
fixed_sigma,cloud,lambda,0.0001,cloud,0.25,0.5,0.0001,0.00010525559686336676,1.0813360811977664,0.43658467551408786,0.002170185894073461,0.9982311631803135,-0.07694271162757582,0.006948285641725356,0.9940798191273957
fixed_sigma,cloud,lambda,0.0001,cloud,0.25,0.5,0.0001,0.00010525559686336676,1.1309340728251465,-0.07847899813460812,0.022184182890479555,0.981918507710099,0.07724514068635702,0.005141777145373936,0.9940331882403449
fixed_sigma,cloud,lambda,0.0001,cloud,0.25,0.5,0.0001,0.00010525559686336676,1.2678879992064778,0.8038980985714613,0.0291337652673107,0.9762541647507452,0.17555795627294346,0.022302468904974275,0.9691794039892673
fixed_sigma,cloud,lambda,0.0001,cloud,0.25,0.5,0.0001,0.00010525559686336676,1.1041844100359826,1.305233744417234,0.017190759680270392,0.9859884589776914,0.41679668428803307,0.08654329916734425,0.8262805239665016
fixed_sigma,cloud,lambda,0.0001,cloud,0.25,0.5,0.0001,0.00010525559686336676,1.1505871526014684,0.3611802422587899,0.005895734106791892,0.99519460909056,-0.030732246002742936,0.0010053124766318693,0.9990555290556269
fixed_sigma,cloud,lambda,0.0001,cloud,0.25,0.5,0.0001,0.00010525559686336676,1.190380624957504,1.1034401347644704,0.016392975600317817,0.9866387027465011,0.2999679055936124,0.05324567304193608,0.9100192556137816
fixed_sigma,cloud,lambda,0.0001,cloud,0.25,0.5,0.0001,0.00010525559686336676,0.9805390196183686,-0.1486857087440332,0.03978688028781888,0.9675712117631275,0.0016467260809329698,2.7027979207741354e-06,0.9999972882932143
fixed_sigma,cloud,lambda,0.0001,cloud,0.25,0.5,0.0001,0.00010525559686336676,0.9134293088810934,0.41398031022977405,0.03703683454295583,0.9698126705167855,-0.21048369476230522,0.07107464678488551,0.9556966142392087
fixed_sigma,cloud,lambda,0.0001,cloud,0.25,0.5,0.0001,0.00010525559686336676,1.0394024833875375,0.0914689633329896,0.016150335776410694,0.9868364693321292,-0.0948401195353239,0.010978262035237612,0.9910053517265255
fixed_sigma,cloud,lambda,0.0001,cloud,0.25,0.5,0.0001,0.00010525559686336676,1.0750555178429828,0.37169497035533594,0.0037203747711024473,0.9969676625877395,-0.0914651631775415,0.010135105130778543,0.9916341239249057
fixed_sigma,cloud,lambda,0.0001,cloud,0.25,0.5,0.0001,0.00010525559686336676,1.025076604943092,0.30208385808281113,0.01045534079911519,0.9914782453344892,-0.1373946239499576,0.025369689885776568,0.9811227173096497
fixed_sigma,cloud,lambda,0.0001,cloud,0.25,0.5,0.0001,0.00010525559686336676,0.9758067980651695,0.7997195872696057,0.016320589599312863,0.9866977018507516,-0.0009131806595281677,8.354240063673656e-07,0.9999991661010831
fixed_sigma,cloud,lambda,0.0001,cloud,0.25,0.5,0.0001,0.00010525559686336676,1.0503596082959668,0.9710098346347675,0.006586061045819493,0.9946319495918009,0.14528737458099372,0.016092621823156635,0.978891578787362
fixed_sigma,cloud,lambda,0.0001,cloud,0.25,0.5,0.0001,0.00010525559686336676,1.2076195653850728,0.6859692455656798,0.011633722318734498,0.9905177909212368,0.0871558596478037,0.006427018643057463,0.9924038561290524
fixed_sigma,cloud,lambda,0.0001,cloud,0.25,0.5,0.0001,0.00010525559686336676,1.119422685701123,1.0327974825053965,0.006238597224343374,0.9949151542714619,0.21921381625002212,0.032327795812727336,0.9519453027651016
fixed_sigma,cloud,lambda,0.0001,cloud,0.25,0.5,0.0001,0.00010525559686336676,1.1358177295233378,0.5902859778236846,0.0014255403259859185,0.9988380957486462,0.0033274820125595017,1.0998818025215395e-05,0.9999889278634561
fixed_sigma,cloud,lambda,0.0001,cloud,0.25,0.5,0.0001,0.00010525559686336676,0.9233418605950061,-0.13781389144338685,0.05603412732008119,0.9543286923791008,-0.05889680670653574,0.003916598048835596,0.996531166159773
fixed_sigma,cloud,lambda,0.0001,cloud,0.25,0.5,0.0001,0.00010525559686336676,1.0375639856592587,0.5381855423435628,0.004398354804397396,0.9964150665870101,-0.08380044914211393,0.008365897582651058,0.9929774847235799
fixed_sigma,cloud,lambda,0.0001,cloud,0.25,0.5,0.0001,0.00010525559686336676,0.9758517537983873,0.06795143823735661,0.028964008164934735,0.9763925273739223,-0.14379075642833095,0.028203441923926566,0.9793242183657684
fixed_sigma,cloud,lambda,0.0001,cloud,0.25,0.5,0.0001,0.00010525559686336676,1.054755278422241,0.43093234933978736,0.003966710253280345,0.996766883810188,-0.09867514527079435,0.011985408877535174,0.9902632157057877
fixed_sigma,cloud,lambda,0.0001,cloud,0.25,0.5,0.0001,0.00010525559686336676,1.149994915409638,0.1787781391468264,0.011381493252653965,0.9907233733371473,-0.019367408824331633,0.0003900590821832693,0.9996249034754312
fixed_sigma,cloud,lambda,0.0001,cloud,0.25,0.5,0.0001,0.00010525559686336676,0.9630664428564691,-0.11469261276341022,0.04214099075257789,0.9656524649502177,-0.044852247614749485,0.0022050950079064513,0.9979882758839052
fixed_sigma,cloud,lambda,0.0001,cloud,0.25,0.5,0.0001,0.00010525559686336676,1.064785474178343,0.6655149934435882,0.001249691429706344,0.9989814235636919,-0.01694078355046358,0.00029696661510754483,0.9997130098526963
fixed_sigma,cloud,lambda,0.0001,cloud,0.25,0.5,0.0001,0.00010525559686336676,1.1014962577266554,0.837231403907941,0.0014044627315581177,0.9988552753023408,0.09021526189012374,0.006847554753204109,0.9918612065220964
fixed_sigma,cloud,lambda,0.0001,cloud,0.25,0.5,0.0001,0.00010525559686336676,1.2805735016301392,1.1116167803714885,0.0411303915677914,0.9664761662989719,0.3492797351941097,0.06701048831475524,0.8780036665827327
fixed_sigma,cloud,lambda,0.0001,cloud,0.25,0.5,0.0001,0.00010525559686336676,0.9930630964518692,0.8587437543806822,0.013178459540179953,0.9892587337678865,0.04426535202146953,0.0017968263479758207,0.9980405786104154
fixed_sigma,cloud,lambda,0.0001,cloud,0.25,0.5,0.0001,0.00010525559686336676,1.1684212243074992,0.9836745474116294,0.009135012079351332,0.9925543955665895,0.21207574769622006,0.030614170072879317,0.9550238772390892
fixed_sigma,cloud,lambda,0.0001,cloud,0.25,0.5,0.0001,0.00010525559686336676,1.1027089657775075,0.7642951911271415,0.0005298741241752986,0.9995681195499427,0.05283890467072827,0.002518742458835211,0.9972080501531977
fixed_sigma,cloud,lambda,0.0001,cloud,0.25,0.5,0.0001,0.00010525559686336676,1.1299665588580552,-0.34550305856198815,0.040539048234044216,0.9669581479875751,0.37098946454416515,0.07322424766900029,0.8623668171972336
fixed_sigma,cloud,lambda,0.0001,cloud,0.25,0.5,0.0001,0.00010525559686336676,1.2471688473776983,0.9758290584393666,0.025905252651419592,0.9788856038377867,0.24997717548523224,0.03999415703091759,0.9375114117364254
fixed_sigma,cloud,lambda,0.0001,cloud,0.25,0.5,0.0001,0.00010525559686336676,1.219127817382805,0.16199161656754524,0.023717524166405247,0.9806687389629104,0.04575617834481327,0.0019144261153534565,0.9979063721432776
fixed_sigma,cloud,lambda,0.0001,cloud,0.25,0.5,0.0001,0.00010525559686336676,1.2378758024785723,1.543609201132495,0.0509512330830565,0.9584715681122695,0.6554124176704814,0.1567533798142604,0.5704345627633345
fixed_sigma,cloud,lambda,0.0001,cloud,0.25,0.5,0.0001,0.00010525559686336676,1.1518969736224394,0.6363936984399579,0.002700701128853871,0.9977987601851382,0.030415724005122824,0.0008713073202290571,0.9990748837332442
fixed_sigma,cloud,lambda,0.0001,cloud,0.25,0.5,0.0001,0.00010525559686336676,1.1204665201950679,0.3022215311074027,0.005256872985906289,0.9957153207385229,-0.05750633578400288,0.003722841212554904,0.9966930213446975
fixed_sigma,cloud,lambda,0.0001,cloud,0.25,0.5,0.0001,0.00010525559686336676,1.02473064007578,0.2652789683906531,0.011585887429904181,0.9905567793382475,-0.13787656775383117,0.025576553914762126,0.9809900520644232
fixed_sigma,cloud,lambda,0.0001,cloud,0.25,0.5,0.0001,0.00010525559686336676,1.0189348812734882,1.312395116563098,0.024122245092009078,0.9803388661732748,0.3985662595848858,0.0812147606175345,0.8411449367205135
fixed_sigma,cloud,lambda,0.0001,cloud,0.25,0.5,0.0001,0.00010525559686336676,1.2208142673757365,1.5041321051777876,0.0437777533253535,0.9643184013975438,0.6171811954094533,0.14564916700189617,0.6190873720329583
fixed_sigma,cloud,lambda,0.0001,cloud,0.25,0.5,0.0001,0.00010525559686336676,0.8519810640834116,-0.4121530044029761,0.10664015276368759,0.9130816262420022,0.3383669174486188,0.06391832770293024,0.8855078291763196
fixed_sigma,cloud,lambda,0.0001,cloud,0.25,0.5,0.0001,0.00010525559686336676,1.2172425597817735,0.29951966479893977,0.018659276438688623,0.9847915262542273,0.02460585396364623,0.0005767176177618074,0.9993945519507197
fixed_sigma,cloud,lambda,0.0001,cloud,0.25,0.5,0.0001,0.00010525559686336676,1.1061585963725815,0.2373256207888032,0.006849934039574241,0.9944168766488106,-0.06646492990074793,0.005069017921095745,0.9955824130932887
fixed_sigma,cloud,lambda,0.0001,cloud,0.25,0.5,0.0001,0.00010525559686336676,1.1708893739691348,1.3585498047634224,0.025107016374947198,0.9795362161749555,0.4816152130144604,0.10566460556647145,0.7680467865930359
fixed_sigma,cloud,lambda,0.0001,cloud,0.25,0.5,0.0001,0.00010525559686336676,1.0429106673817061,0.8092038478515411,0.0042730265056316686,0.9965172169650081,0.041411633479601084,0.0015812475786589645,0.9982850766125512
fixed_sigma,cloud,lambda,0.0001,cloud,0.25,0.5,0.0001,0.00010525559686336676,1.1416928640693647,0.508534715368604,0.002538791984540187,0.9979307262331566,-0.015342545262218121,0.0002427864695141777,0.9997646063048767
fixed_sigma,cloud,lambda,0.0001,cloud,0.25,0.5,0.0001,0.00010525559686336676,0.9719574426749873,0.8080522718186239,0.017394117311410315,0.9858227098285025,0.002046291397963751,4.170224036220152e-06,0.9999958126915146
fixed_sigma,cloud,lambda,0.0001,cloud,0.25,0.5,0.0001,0.00010525559686336676,1.2552863215139527,0.9650903935417154,0.028085119893425582,0.977108876115881,0.24850038115998663,0.03961655980373732,0.9382475605633414
fixed_sigma,cloud,lambda,0.0001,cloud,0.25,0.5,0.0001,0.00010525559686336676,1.0106644589027896,0.21563869506094313,0.015527628632265809,0.9873440144818112,-0.14693980408243057,0.02967013734602475,0.9784086939762169
fixed_sigma,cloud,lambda,0.0001,cloud,0.25,0.5,0.0001,0.00010525559686336676,0.9445039413497909,-0.1289414837117081,0.04844901765762919,0.9605110297028044,-0.04860926604373861,0.002610479534037027,0.997637139254689
fixed_sigma,cloud,lambda,0.0001,cloud,0.25,0.5,0.0001,0.00010525559686336676,0.9631168446726115,1.1620344777210447,0.029224170467384514,0.9761804788757156,0.25522358695300773,0.04134275683294247,0.9348609206628405
fixed_sigma,cloud,lambda,0.0001,cloud,0.25,0.5,0.0001,0.00010525559686336676,1.2250932970972161,0.6800210034619546,0.015684383404606872,0.9872162495683374,0.09704084317796458,0.007824624934270647,0.9905830747553097
fixed_sigma,cloud,lambda,0.0001,cloud,0.25,0.5,0.0001,0.00010525559686336676,1.1077727822139414,0.5429895894389795,0.0005184652620828892,0.9995774184839165,-0.031495560636522923,0.0010575367184324242,0.9990080296601911
fixed_sigma,cloud,lambda,0.0001,cloud,0.25,0.5,0.0001,0.00010525559686336676,1.1230734432157996,1.4233728654229445,0.024456607340732555,0.9800663400923201,0.5214871446422154,0.11747640271451174,0.7280511579729092
fixed_sigma,cloud,lambda,0.0001,cloud,0.25,0.5,0.0001,0.00010525559686336676,0.9197463830192819,-0.37416493620563007,0.07444791909675476,0.9393203039393963,0.282908377387054,0.048629559260283325,0.9199628500042243
fixed_sigma,cloud,lambda,0.0001,cloud,0.25,0.5,0.0001,0.00010525559686336676,1.129864318681206,0.666541641198519,0.0009028225660342502,0.9992641433156457,0.02670977000298591,0.0006767759345545125,0.9992865881863876
fixed_sigma,cloud,lambda,0.0001,cloud,0.25,0.5,0.0001,0.00010525559686336676,1.2334057368737452,0.6576150727357839,0.01779941020413777,0.9854923708499977,0.09502945727658818,0.007531212355393766,0.9909694022497171
fixed_sigma,cloud,lambda,0.0001,cloud,0.25,0.5,0.0001,0.00010525559686336676,1.1784056905225841,1.6056111834145521,0.04267516166100166,0.9652170823530837,0.6952169810075961,0.16818612119114576,0.5166733493186837
fixed_sigma,cloud,lambda,0.0001,cloud,0.25,0.5,0.0001,0.00010525559686336676,1.0739964543806573,-0.07181187647767406,0.021516679785746083,0.9824625643607905,0.021068619259478893,0.00042575748472351347,0.9995561132824992
fixed_sigma,cloud,lambda,0.0001,cloud,0.25,0.5,0.0001,0.00010525559686336676,1.1346187398343592,0.7749708172759529,0.0018231653545438282,0.9985140065575484,0.07770687433798718,0.005198973150086062,0.9939616416806203
fixed_sigma,cloud,lambda,0.0001,cloud,0.25,0.5,0.0001,0.00010525559686336676,0.9790849447089268,0.31960084922164805,0.01898699454944555,0.9845244155599923,-0.17434111725365997,0.04458598180784627,0.9696051748347456
fixed_sigma,cloud,lambda,0.0001,cloud,0.25,0.5,0.0001,0.00010525559686336676,1.0447966533552875,0.09966996543645101,0.015161935358484983,0.9876420773017484,-0.09268691898710257,0.010435723107997036,0.9914091350486783
fixed_sigma,cloud,lambda,0.0001,cloud,0.25,0.5,0.0001,0.00010525559686336676,1.273300114302379,0.9122853177728674,0.032784673133986156,0.9732784471970118,0.23070751648833432,0.03514097299329215,0.946774041835785
fixed_sigma,cloud,lambda,0.0001,cloud,0.25,0.5,0.0001,0.00010525559686336676,1.0713863937179966,-0.13969622137434728,0.025763543346578394,0.9790011057571291,0.07323683246882395,0.004656589638776373,0.9946363663699335
fixed_sigma,cloud,lambda,0.0001,cloud,0.25,0.5,0.0001,0.00010525559686336676,1.1635394692433634,0.30372761128615144,0.008833446839152095,0.9928001900406291,-0.021147674208985334,0.0004667570306843365,0.9995527758755506
fixed_sigma,cloud,lambda,0.0001,cloud,0.25,0.5,0.0001,0.00010525559686336676,1.0642101042140246,0.8976684309260696,0.0037345027074662373,0.9969561474386941,0.10503079934290671,0.009034093390790823,0.9889685311893901
fixed_sigma,cloud,lambda,0.0001,cloud,0.25,0.5,0.0001,0.00010525559686336676,1.1224426184059706,0.7346115596363556,0.0007900357618798684,0.9993560715935448,0.05101505507279547,0.0023560193097033355,0.9973974641559197
fixed_sigma,cloud,lambda,0.0001,cloud,0.25,0.5,0.0001,0.00010525559686336676,0.9976615989870796,0.000317694300663085,0.02735663225543359,0.9777026389637024,-0.09320544818016441,0.010564885483038976,0.9913127444295347
fixed_sigma,cloud,lambda,0.0001,cloud,0.25,0.5,0.0001,0.00010525559686336676,1.0428111887732685,0.7344697402204078,0.0035559656100428673,0.9971016663052874,0.001479433320736856,2.1822611544086444e-06,0.9999978112770495
fixed_sigma,cloud,lambda,0.0001,cloud,0.25,0.5,0.0001,0.00010525559686336676,1.0452679660324284,0.6254361438751085,0.003019730863336391,0.9975387310593069,-0.046630757353770314,0.0023923386946177374,0.9978255724686138
fixed_sigma,cloud,lambda,0.0001,cloud,0.25,0.5,0.0001,0.00010525559686336676,1.0330521470983258,0.8320741211816186,0.005808054432306565,0.9952660734922923,0.04909269567528707,0.0021898079752662655,0.9975899072313337
fixed_sigma,cloud,lambda,0.0001,cloud,0.25,0.5,0.0001,0.00010525559686336676,1.1729034731052896,0.8451002682122857,0.006837480977073909,0.9944270266712251,0.13611677165766456,0.01435414530637568,0.9814722244734952
fixed_sigma,cloud,lambda,0.0001,cloud,0.25,0.5,0.0001,0.00010525559686336676,1.2565959842359038,1.0610597216523825,0.031281106069408766,0.9745039481054619,0.305479624958916,0.05475506532243202,0.90668219873496
fixed_sigma,cloud,lambda,0.0001,cloud,0.25,0.5,0.0001,0.00010525559686336676,1.1037480524757564,0.1607009105812358,0.009590591853602295,0.9921830696441419,-0.056495617396147946,0.0035854335212005877,0.9968082452150281
fixed_sigma,cloud,lambda,0.0001,cloud,0.25,0.5,0.0001,0.00010525559686336676,1.0568744565123984,0.5538092805811969,0.002229918681193299,0.9981824772343358,-0.06492422698482658,0.004820809442316381,0.9957848447504227
fixed_sigma,cloud,lambda,0.0001,cloud,0.25,0.5,0.0001,0.00010525559686336676,1.1143436327204945,1.5573941075082895,0.03314030245325105,0.9729885871275157,0.6385613167750985,0.15187273583361138,0.5922394447184522
fixed_sigma,cloud,lambda,0.0001,cloud,0.25,0.5,0.0001,0.00010525559686336676,1.0126074197970627,-0.7323026333249398,0.08406788587840935,0.9314794311855821,1.4482063480342249,0.3499168484881278,-1.0973016264866264
fixed_sigma,cloud,lambda,0.0001,cloud,0.25,0.5,0.0001,0.00010525559686336676,1.1061709039359173,0.6698668620129562,5.38677436359925e-05,0.9999560944301605,0.012186302610398547,0.0001449515970826685,0.9998514940286878
fixed_sigma,cloud,lambda,0.0001,cloud,0.25,0.5,0.0001,0.00010525559686336676,1.004680168912012,0.8046522268518613,0.010042562649452172,0.9918146852641192,0.017611967518719407,0.0002995375960645162,0.9996898186001195
fixed_sigma,cloud,lambda,0.0001,cloud,0.25,0.5,0.0001,0.00010525559686336676,0.9343658506016549,-0.14101432387400226,0.05246281786986713,0.9572395322602762,-0.04616659747288954,0.002342667655810082,0.9978686452777762
fixed_sigma,cloud,lambda,0.0001,cloud,0.25,0.5,0.0001,0.00010525559686336676,1.1031042029989626,1.0673927533124437,0.006978304496968465,0.9943122467218449,0.23539302232382853,0.03630587282203998,0.9445901250412536
fixed_sigma,cloud,lambda,0.0001,cloud,0.25,0.5,0.0001,0.00010525559686336676,1.1420578311729042,0.8666478536394454,0.0036463128624316435,0.9970280276612343,0.12958444326503904,0.01316037695974015,0.9832078720636899
fixed_sigma,cloud,lambda,0.0001,cloud,0.25,0.5,0.0001,0.00010525559686336676,1.1686669940013517,0.17457935618493314,0.01375614760780296,0.9887878819726115,-0.0019655184074658383,3.878494129655864e-06,0.99999613673739
fixed_sigma,cloud,lambda,0.0001,cloud,0.25,0.5,0.0001,0.00010525559686336676,1.1199453535518167,1.3453824091867619,0.019740084928562367,0.9839105999441174,0.45474529046631273,0.09771528437031385,0.7932067207987088
fixed_sigma,cloud,lambda,0.0001,cloud,0.25,0.5,0.0001,0.00010525559686336676,1.1337132740113538,1.4216162056833115,0.024952247599489035,0.9796623623771383,0.5228432217180068,0.1178779501437286,0.7266349655035351
fixed_sigma,cloud,lambda,0.0001,cloud,0.25,0.5,0.0001,0.00010525559686336676,1.0668903755885588,0.4705700643530255,0.002384051300917805,0.9980568495387417,-0.08094812236487314,0.007757709374988116,0.9934474014856015
fixed_sigma,cloud,lambda,0.0001,cloud,0.25,0.5,0.0001,0.00010525559686336676,1.11135788454004,0.7213908663301103,0.0003328677730394252,0.9997286920099117,0.037911481182854256,0.0013341998046642806,0.9985627195945221
fixed_sigma,cloud,lambda,0.0001,cloud,0.25,0.5,0.0001,0.00010525559686336676,1.2158275416379831,0.9297864003554289,0.016547236594852625,0.986512970417432,0.20649593133775168,0.02929350068867204,0.9573594303409545
fixed_sigma,cloud,lambda,0.0001,cloud,0.25,0.5,0.0001,0.00010525559686336676,1.1253048989002346,0.8215424972063655,0.001817411042262924,0.9985186966808518,0.09560985659279919,0.007615413195350444,0.9908587553223044
fixed_sigma,cloud,lambda,0.0001,cloud,0.25,0.5,0.0001,0.00010525559686336676,1.1839470455164278,0.8943928064433561,0.009436220204587576,0.9923088921635116,0.168802101406881,0.020858051246736963,0.9715058505606211
fixed_sigma,cloud,lambda,0.0001,cloud,0.25,0.5,0.0001,0.00010525559686336676,1.0207779281124423,0.22710165047702077,0.013429857235327775,0.9890538289711241,-0.13924674001846216,0.02617054220458454,0.9806103453942308
fixed_sigma,cloud,lambda,0.0001,cloud,0.25,0.5,0.0001,0.00010525559686336676,0.9708972743861815,0.37796878876765366,0.01962755295629844,0.9840023205181364,-0.17368544799697128,0.044181053175038794,0.9698333651540914
fixed_sigma,cloud,lambda,0.0001,cloud,0.25,0.5,0.0001,0.00010525559686336676,1.1523884207279795,0.269786246381694,0.008527046563992663,0.9930499253696368,-0.0292480758943211,0.0009077747152226571,0.9991445500564801
fixed_sigma,cloud,lambda,0.0001,cloud,0.25,0.5,0.0001,0.00010525559686336676,1.1734362616063514,0.6209626204156284,0.005426611295241543,0.9955769734328458,0.040215663433498694,0.00149466442252131,0.9983827004146035
fixed_sigma,cloud,lambda,0.0001,cloud,0.25,0.5,0.0001,0.00010525559686336676,1.0271336984805979,0.603879254213695,0.005394582824791835,0.9956030786333101,-0.06745724816705123,0.005232626540314809,0.9954495196697288
fixed_sigma,cloud,lambda,0.0001,cloud,0.25,0.5,0.0001,0.00010525559686336676,1.0744548904466429,0.22193393312283366,0.007982174926560488,0.9934940297281274,-0.09233402491973697,0.010348357485268724,0.9914744278421214
fixed_sigma,cloud,lambda,0.0001,cloud,0.25,0.5,0.0001,0.00010525559686336676,1.0924582210270297,0.8317972742514907,0.0013788883870880075,0.9988761199877023,0.08206018948764848,0.0057512492930853025,0.9932661253012512
fixed_sigma,cloud,lambda,0.0001,cloud,0.25,0.5,0.0001,0.00010525559686336676,1.0723089079911157,0.10932930280997288,0.012459788688642505,0.9898444953226485,-0.0710093410618805,0.005842628473500812,0.9949576734819575
fixed_sigma,cloud,lambda,0.0001,cloud,0.25,0.5,0.0001,0.00010525559686336676,1.0311819781877385,0.7905036367064191,0.0055255710032620885,0.9954963151004466,0.024333512394820733,0.0005643218155473841,0.9994078801745311
fixed_sigma,cloud,lambda,0.0001,cloud,0.25,0.5,0.0001,0.00010525559686336676,1.2536125527432493,0.6498367500975676,0.02359681742631876,0.9807671224824202,0.10684356062560885,0.00931803247853893,0.9885844535528419
fixed_sigma,cloud,lambda,0.0001,cloud,0.25,0.5,0.0001,0.00010525559686336676,1.242871694349482,1.1092083671126876,0.028847214023343806,0.9764877218816987,0.3289662247423346,0.06127378867511893,0.8917812229787758
fixed_sigma,cloud,lambda,0.0001,cloud,0.25,0.5,0.0001,0.00010525559686336676,1.2091589319892746,0.5633449401112647,0.01221603640921187,0.9900431686288924,0.04903396041494279,0.0021848159040332563,0.9975956707260258
fixed_sigma,cloud,lambda,0.0001,cloud,0.25,0.5,0.0001,0.00010525559686336676,1.151716832648935,0.7436381168808547,0.0030253546565576542,0.9975341473171753,0.07381561297300565,0.0047253831973510995,0.9945512552814194
fixed_sigma,cloud,lambda,0.0001,cloud,0.25,0.5,0.0001,0.00010525559686336676,1.2315231485227893,0.7517222067814824,0.01771223489144746,0.985563424165419,0.12935566849322444,0.013119263571689023,0.983267111028671
fixed_sigma,cloud,lambda,0.0001,cloud,0.25,0.5,0.0001,0.00010525559686336676,1.1667657078877973,0.228821355221145,0.011553317782468788,0.9905833256316987,-0.012899760786207914,0.00017078149039314341,0.9998335961716586
fixed_sigma,cloud,lambda,0.0001,cloud,0.25,0.5,0.0001,0.00010525559686336676,0.9575887477370372,0.5406086584287004,0.02075962339553601,0.9830796125229961,-0.13917797366929274,0.026140523241714484,0.9806294916453097
fixed_sigma,cloud,lambda,0.0001,cloud,0.25,0.5,0.0001,0.00010525559686336676,1.2699297031724175,0.9085006643758184,0.03154900775957547,0.9742855915236975,0.22674645019786643,0.03416420928135495,0.9485860473226665
fixed_sigma,cloud,lambda,0.0001,cloud,0.25,0.5,0.0001,0.00010525559686336676,1.2268509951725721,1.3762763794934378,0.03719027015267574,0.9696876109278052,0.5147614601404498,0.1154844617176832,0.7350206391540721
fixed_sigma,cloud,lambda,0.0001,cloud,0.25,0.5,0.0001,0.00010525559686336676,1.13204068914303,0.6220781981770735,0.0010577908414418204,0.9991378345085649,0.011458456727607258,0.00012833826337350497,0.9998687037694216
fixed_sigma,cloud,lambda,0.0001,cloud,0.25,0.5,0.0001,0.00010525559686336676,1.172375033815454,0.6163138918680243,0.005283535675031255,0.9956935889844069,0.03791790210008572,0.001334635266016915,0.9985622327003283
fixed_sigma,cloud,lambda,0.0001,cloud,0.25,0.5,0.0001,0.00010525559686336676,1.042193053581896,0.3110345519095384,0.007937546054152261,0.9935304050418516,-0.12285171988679189,0.019616270850558573,0.9849074549208572
fixed_sigma,cloud,lambda,0.0001,cloud,0.25,0.5,0.0001,0.00010525559686336676,1.1694441201800732,0.9152579032294803,0.007636956036612444,0.9937754046486165,0.1722156742150871,0.021583919075316836,0.970341761554643
fixed_sigma,cloud,lambda,0.0001,cloud,0.25,0.5,0.0001,0.00010525559686336676,1.2151865484908786,1.0814939645421915,0.020715422610695026,0.9831156389186608,0.2974154617295488,0.05254954334236952,0.9115440431241992
fixed_sigma,cloud,lambda,0.0001,cloud,0.25,0.5,0.0001,0.00010525559686336676,1.2549118964260289,0.8273663726803513,0.02525604886062007,0.9794147454066182,0.17784866758220197,0.02279933824696762,0.9683698514392354
fixed_sigma,cloud,lambda,0.0001,cloud,0.25,0.5,0.0001,0.00010525559686336676,1.2572840958339613,0.8381504990307567,0.026154311213727598,0.9786826055801389,0.1843797708638626,0.024235086811903624,0.9660041000961895
fixed_sigma,cloud,lambda,0.0001,cloud,0.25,0.5,0.0001,0.00010525559686336676,1.2157930930314842,0.48851190022996216,0.01445117664849144,0.9882213899678121,0.03739887129683761,0.0012996471189324708,0.9986013244257226
fixed_sigma,cloud,lambda,0.0001,cloud,0.25,0.5,0.0001,0.00010525559686336676,1.310391219430525,0.904076558599841,0.046846661118660794,0.9618170501926312,0.24907812471036594,0.03976417436152287,0.9379600877907673
fixed_sigma,cloud,lambda,0.0001,cloud,0.25,0.5,0.0001,0.00010525559686336676,1.1709443457909219,1.0394918585271364,0.011101256514058798,0.9909517837524991,0.24848163530917144,0.039611772515532995,0.9382568769140799
fixed_sigma,cloud,lambda,0.0001,cloud,0.25,0.5,0.0001,0.00010525559686336676,1.007573724294264,0.36523669342204296,0.011786222071761212,0.9903934941138143,-0.14648671769412613,0.02945614628548966,0.9785416415392014
fixed_sigma,cloud,lambda,0.0001,cloud,0.25,0.5,0.0001,0.00010525559686336676,1.0562853870145896,0.6096304843873342,0.0019761553000962676,0.9983893102126528,-0.04542856320189537,0.0022648588051096107,0.9979362456454114
fixed_sigma,cloud,lambda,0.0001,cloud,0.25,0.5,0.0001,0.00010525559686336676,1.0722509294919318,0.8212272001809546,0.0019427610773340939,0.9984165285864096,0.06470797245591542,0.00369364006033661,0.9958128783006445
fixed_sigma,cloud,lambda,0.0001,cloud,0.25,0.5,0.0001,0.00010525559686336676,1.0532055164697893,0.7559577761582654,0.002638805701995369,0.9978492088173483,0.018677145501204917,0.0003361614271705654,0.9996511642359268
fixed_sigma,cloud,lambda,0.0001,cloud,0.25,0.5,0.0001,0.00010525559686336676,1.0649000438999514,0.3711943496105004,0.00434131054578982,0.9964615612146143,-0.09971853885342519,0.012268605400988961,0.990056213008938
fixed_sigma,cloud,lambda,0.0001,cloud,0.25,0.5,0.0001,0.00010525559686336676,1.1927956923379928,1.092713835498972,0.01645086212217583,0.9865915216218307,0.2939397205187715,0.05160460572980876,0.9135994407013465
fixed_sigma,cloud,lambda,0.0001,cloud,0.25,0.5,0.0001,0.00010525559686336676,1.063679212911258,0.8723337983187179,0.0032964922897388677,0.9973131532400857,0.08941271671039153,0.006736180259840232,0.9920053660904673
fixed_sigma,cloud,lambda,0.0001,cloud,0.25,0.5,0.0001,0.00010525559686336676,1.0177727248522612,0.14992370364868096,0.016764376865120043,0.9863359875579754,-0.13037133572532944,0.02247483632518795,0.9830033148211934
fixed_sigma,cloud,lambda,0.0001,cloud,0.25,0.5,0.0001,0.00010525559686336676,1.103253653756373,0.8517163137892968,0.0016381651127160416,0.998664793289823,0.09925034759294182,0.00815212536271112,0.9901493685026802
fixed_sigma,cloud,lambda,0.0001,cloud,0.25,0.5,0.0001,0.00010525559686336676,1.2897545389300158,0.9272746505571503,0.03908203431820644,0.9681457051771079,0.24825962475969932,0.039555086855466055,0.9383671587141733
fixed_sigma,cloud,lambda,0.0001,cloud,0.25,0.5,0.0001,0.00010525559686336676,1.1796568272322125,0.8456272462769953,0.00787601090413935,0.9935805600259684,0.1404201955029436,0.015161052359538454,0.9802821686949151
fixed_sigma,cloud,lambda,0.0001,cloud,0.25,0.5,0.0001,0.00010525559686336676,1.1525733140094228,0.23251444450811898,0.009735720907707936,0.9920647804159198,-0.02570663997087841,0.0006961633323361622,0.9993391686614076
fixed_sigma,cloud,lambda,0.0001,cloud,0.25,0.5,0.0001,0.00010525559686336676,1.021286455002187,0.6592490035135847,0.006199243928762525,0.9949472296611276,-0.047870604249941384,0.0025278184048107438,0.9977084052487455
fixed_sigma,cloud,lambda,0.0001,cloud,0.25,0.5,0.0001,0.00010525559686336676,1.2275446546917896,0.2294379949757459,0.023342534943248665,0.9809743785612123,0.040064359779522496,0.001483870446672523,0.998394847075457
fixed_sigma,cloud,lambda,0.0001,cloud,0.25,0.5,0.0001,0.00010525559686336676,0.9900549527858773,0.24080008856957846,0.018785696107502286,0.9846884863415908,-0.16649828132791256,0.03990308840926042,0.9722783223148512
fixed_sigma,cloud,lambda,0.0001,cloud,0.25,0.5,0.0001,0.00010525559686336676,1.0117491595274481,0.48684459297520133,0.00885299831776892,0.9927842543664773,-0.11803709333411683,0.017911682101070952,0.9860672445972329
fixed_sigma,cloud,lambda,0.0001,cloud,0.25,0.5,0.0001,0.00010525559686336676,1.2321667419146816,0.27419810563355757,0.02311713022071829,0.9811580974645706,0.038997666319898094,0.0014087959476356184,0.9984791820216019
fixed_sigma,cloud,lambda,0.0001,cloud,0.25,0.5,0.0001,0.00010525559686336676,0.9322138850146691,0.5748952816979036,0.028377809130320217,0.9768703161379736,-0.14265416317001933,0.027685783238557353,0.9796497897302615
fixed_sigma,cloud,lambda,0.0001,cloud,0.25,0.5,0.0001,0.00010525559686336676,1.2078232509272566,0.5098879044751783,0.012411109413016397,0.9898841719675472,0.035414944650450364,0.001169887973990926,0.9987457816954055
fixed_sigma,cloud,lambda,0.0001,cloud,0.25,0.5,0.0001,0.00010525559686336676,1.0720413138111757,1.0751475342526229,0.008011705168648563,0.993469960739548,0.2274242188414124,0.03433080972222819,0.9482782246843734
fixed_sigma,cloud,lambda,0.0001,cloud,0.25,0.5,0.0001,0.00010525559686336676,0.9994263913874829,0.7562975526098407,0.010567017536977464,0.9913872218298333,-0.012648532319025296,0.0001641106317853749,0.9998400146301746
fixed_sigma,cloud,lambda,0.0001,cloud,0.25,0.5,0.0001,0.00010525559686336676,0.9966484027428144,-0.1551465604022279,0.036611992004713045,0.97015894367535,0.02201026613250412,0.00046380996032321996,0.9995155481847764
fixed_sigma,cloud,lambda,0.0001,cloud,0.25,0.5,0.0001,0.00010525559686336676,1.0765437074154534,0.5173496657750092,0.0012540421086119332,0.9989778774891092,-0.061742750110201916,0.004330400673069046,0.9961878328088292
fixed_sigma,cloud,lambda,0.0001,cloud,0.25,0.5,0.0001,0.00010525559686336676,1.130371982779586,0.8748667223628752,0.002945059051012356,0.997599593242308,0.12751147887645686,0.012789589971925822,0.9837408227547388
fixed_sigma,cloud,lambda,0.0001,cloud,0.25,0.5,0.0001,0.00010525559686336676,1.156028368999869,1.21387132377325,0.015857212923737353,0.9870753827339332,0.36359328324409645,0.07109875516278642,0.8677999243797783
fixed_sigma,cloud,lambda,0.0001,cloud,0.25,0.5,0.0001,0.00010525559686336676,1.1846389978198346,1.0839496744452184,0.014696252749990394,0.9880216376640392,0.2842330726809754,0.0489848203800839,0.9192115603943314
fixed_sigma,cloud,lambda,0.0001,cloud,0.25,0.5,0.0001,0.00010525559686336676,1.040707712594794,0.4620349043212702,0.00492881043348211,0.9959827121741934,-0.10279721497054994,0.013127483206743793,0.9894327325942985
fixed_sigma,cloud,lambda,0.0001,cloud,0.25,0.5,0.0001,0.00010525559686336676,1.1632917565676801,0.8367780658795504,0.005401288285170697,0.9955976132650006,0.1260845648904283,0.01253665968187421,0.9841026824963913
fixed_sigma,cloud,lambda,0.0001,cloud,0.25,0.5,0.0001,0.00010525559686336676,1.34849116638034,1.145165318430188,0.07155540747210458,0.9416778812681518,0.40496261056670035,0.08308073335473216,0.836005284043003
fixed_sigma,cloud,lambda,0.0001,cloud,0.25,0.5,0.0001,0.00010525559686336676,1.1697348958755671,0.02106783780807009,0.020685182288352817,0.9831402866669224,0.052538426701974394,0.0024915993348132515,0.9972397137196812
fixed_sigma,cloud,lambda,0.0001,cloud,0.25,0.5,0.0001,0.00010525559686336676,1.0644661078709885,0.9250803839146337,0.0042894261944211205,0.9965038501960868,0.12224636807282074,0.01186575872169058,0.9850558254930044
fixed_sigma,cloud,lambda,0.0001,cloud,0.25,0.5,0.0001,0.00010525559686336676,1.085110095823325,0.001593633073327716,0.017038941913232422,0.9861121999240098,-0.014389492260529213,0.0002131475229900831,0.9997929425124842
fixed_sigma,cloud,lambda,0.0001,cloud,0.25,0.5,0.0001,0.00010525559686336676,1.1521042520654188,-0.01290823924298018,0.020292746429545816,0.9834601463611168,0.05448024739679669,0.0026693237114058747,0.9970319026435839
fixed_sigma,cloud,lambda,0.0001,cloud,0.25,0.5,0.0001,0.00010525559686336676,1.1905903823302983,0.632067174653501,0.008219480819745936,0.9933006106286202,0.0561009448840184,0.0028218211843928976,0.9968526839831203
fixed_sigma,cloud,lambda,0.0001,cloud,0.25,0.5,0.0001,0.00010525559686336676,0.9296879221682606,0.21465915067927566,0.036587070058856086,0.9701792566151634,-0.2166496242532211,0.07648984276018371,0.9530629403109381
fixed_sigma,cloud,lambda,0.03,cloud,0.25,0.5,0.03,0.031194427576458017,1.003335681913327,0.37000629261474405,0.012479849438175126,0.9898281445609461,-0.14922643316512574,0.030765469060019625,0.9777314716448142
fixed_sigma,cloud,lambda,0.03,cloud,0.25,0.5,0.03,0.031194427576458017,1.0818801877310182,0.500727997297111,0.001219612828300397,0.9990059394993068,-0.06225375075179729,0.004407175789155634,0.9961244705173331
fixed_sigma,cloud,lambda,0.03,cloud,0.25,0.5,0.03,0.031194427576458017,1.1012322183114267,0.21435681985285115,0.007592917578315863,0.993811298738026,-0.06813281149937289,0.005345699973055991,0.9953579199971909
fixed_sigma,cloud,lambda,0.03,cloud,0.25,0.5,0.03,0.031194427576458017,1.0272511281712076,0.19376550969742393,0.013618394758028141,0.9889001591343809,-0.12989153188978175,0.022285115370739836,0.9831281899433258
fixed_sigma,cloud,lambda,0.03,cloud,0.25,0.5,0.03,0.031194427576458017,0.9693857329641389,0.2789860868956691,0.02256613970199478,0.9816071890928398,-0.1844431624882139,0.051146586441201146,0.9659807198113464
fixed_sigma,cloud,lambda,0.03,cloud,0.25,0.5,0.03,0.031194427576458017,0.8747250386055103,0.13948127735257485,0.0611739828782312,0.9501393896175473,-0.25479299990221016,0.11690178236344437,0.9350805272008323
fixed_sigma,cloud,lambda,0.03,cloud,0.25,0.5,0.03,0.031194427576458017,1.0214599080301805,0.35633488546587766,0.009618114026401288,0.9921606373572408,-0.13641194232971376,0.02495120529893704,0.9813917819898349
fixed_sigma,cloud,lambda,0.03,cloud,0.25,0.5,0.03,0.031194427576458017,0.9337487198787481,0.12313675860539916,0.03874288314726802,0.968422134528268,-0.19880835446932021,0.061573868142322345,0.9604752381932011
fixed_sigma,cloud,lambda,0.03,cloud,0.25,0.5,0.03,0.031194427576458017,1.0298209621022618,0.25631257099113974,0.011124689030636441,0.9909326847904177,-0.13327539725264947,0.023644913100786084,0.9822376684871484
fixed_sigma,cloud,lambda,0.03,cloud,0.25,0.5,0.03,0.031194427576458017,0.9957643034240204,0.4815646809155042,0.01199989870928353,0.9902193343310103,-0.1312924099162016,0.022841888536288248,0.9827623030983961
fixed_sigma,cloud,lambda,0.03,cloud,0.25,0.5,0.03,0.031194427576458017,0.935866820000682,0.45657567803355315,0.02843621950981574,0.9768227080366649,-0.18241184338109018,0.049777935523929506,0.9667259193943126
fixed_sigma,cloud,lambda,0.03,cloud,0.25,0.5,0.03,0.031194427576458017,0.9796360634094239,0.3599978618219353,0.017851526837494223,0.9854498925442219,-0.16949778456329412,0.04165301680650909,0.9712705010281352
fixed_sigma,cloud,lambda,0.03,cloud,0.25,0.5,0.03,0.031194427576458017,1.025417919909159,0.1195881865790981,0.01681595434333461,0.9862939486972576,-0.11604023621835213,0.017232655816930512,0.986534663578389
fixed_sigma,cloud,lambda,0.03,cloud,0.25,0.5,0.03,0.031194427576458017,1.1549059489879518,0.32858091153730734,0.007147072451395091,0.9941746903159222,-0.028437806911056795,0.0008567438372064429,0.9991912911380895
fixed_sigma,cloud,lambda,0.03,cloud,0.25,0.5,0.03,0.031194427576458017,1.0444367999748272,0.612509931865644,0.00314348940538612,0.9974378601309103,-0.052355956693639016,0.0030524019721681656,0.9972588537986938
fixed_sigma,cloud,lambda,0.03,cloud,0.25,0.5,0.03,0.031194427576458017,1.0673031745420953,0.34080460933277434,0.004893153979419021,0.9960117744075156,-0.10051376718347205,0.012487113508397707,0.9898969826065868
fixed_sigma,cloud,lambda,0.03,cloud,0.25,0.5,0.03,0.031194427576458017,1.1558298897518873,0.021559195726068903,0.018914490368766492,0.9845835109880459,0.039660908444307585,0.0014552643347070485,0.9984270123413722
fixed_sigma,cloud,lambda,0.03,cloud,0.25,0.5,0.03,0.031194427576458017,1.0534881341060554,0.2016819270420674,0.010202917450564869,0.9916839861027265,-0.10808131454413938,0.014684214221313528,0.9883184294464108
fixed_sigma,cloud,lambda,0.03,cloud,0.25,0.5,0.03,0.031194427576458017,0.9427591099235493,0.5296631139312006,0.025303936157983896,0.979375714273385,-0.15346110844058714,0.03286266889432505,0.9764496881961864
fixed_sigma,cloud,lambda,0.03,cloud,0.25,0.5,0.03,0.031194427576458017,0.8432586870305385,0.04917319076473059,0.0803558159731164,0.9345049996143806,-0.25641670551114715,0.11891410827293054,0.9342504731348096
fixed_sigma,cloud,lambda,0.03,cloud,0.25,0.5,0.03,0.031194427576458017,0.9247347142155911,0.31314433100334704,0.035256790070497875,0.9712635177516522,-0.21917501417274,0.07879064988198382,0.9519623131623792
fixed_sigma,cloud,lambda,0.03,cloud,0.25,0.5,0.03,0.031194427576458017,1.2120323736913254,0.2645597141586765,0.018493821312890416,0.9849263824982555,0.022465389901427546,0.0004827593440187789,0.9994953062565768
fixed_sigma,cloud,lambda,0.03,cloud,0.25,0.5,0.03,0.031194427576458017,1.0200675925721319,0.0996450817807803,0.018504811197538086,0.9849174250570233,-0.11490697925950477,0.01685446545297701,0.9867963861174558
fixed_sigma,cloud,lambda,0.03,cloud,0.25,0.5,0.03,0.031194427576458017,1.1330303580334329,0.5040670242982075,0.0019428618877039572,0.9984164464196724,-0.022958152086846817,0.000552137858052696,0.9994729232527572
fixed_sigma,cloud,lambda,0.03,cloud,0.25,0.5,0.03,0.031194427576458017,0.9400654539266018,0.3876486707258363,0.028332187826580788,0.9769075003451131,-0.19598797334141504,0.05942015136920486,0.9615887143055248
fixed_sigma,cloud,lambda,0.03,cloud,0.25,0.5,0.03,0.031194427576458017,1.0123820168303026,-0.06437000909951551,0.028089891370759068,0.9771049870643418,-0.03985787939781815,0.001723285893641573,0.998411349449909
fixed_sigma,cloud,lambda,0.03,cloud,0.25,0.5,0.03,0.031194427576458017,1.1165351624177544,0.1978497823803806,0.008451004367920283,0.9931119045008393,-0.052326209384262246,0.0030487429568089278,0.9972619678114744
fixed_sigma,cloud,lambda,0.03,cloud,0.25,0.5,0.03,0.031194427576458017,1.104770566778931,0.4072113630822085,0.0023806111960482062,0.9980596534387087,-0.0632432569117235,0.004558005012693081,0.9960002904551978
fixed_sigma,cloud,lambda,0.03,cloud,0.25,0.5,0.03,0.031194427576458017,1.0974924143816955,0.5398533362099875,0.0004915794873959297,0.9995993320666754,-0.039928920115791855,0.0017296903170511922,0.9984056813383867
fixed_sigma,cloud,lambda,0.03,cloud,0.25,0.5,0.03,0.031194427576458017,1.1706784096662926,0.7369764647586003,0.005298033809832426,0.9956817721005523,0.08311233801468543,0.005888219524616708,0.9930923392697327
fixed_sigma,cloud,lambda,0.03,cloud,0.25,0.5,0.03,0.031194427576458017,1.0030015121894222,0.296709934711774,0.01440126144679318,0.9882620739695223,-0.1559327671726003,0.034128774178125515,0.9756849721218956
fixed_sigma,cloud,lambda,0.03,cloud,0.25,0.5,0.03,0.031194427576458017,1.011575247754568,-0.036794911684500387,0.026686426838294863,0.9782488981674995,-0.05894267518839269,0.003923083276179026,0.9965257610416356
fixed_sigma,cloud,lambda,0.03,cloud,0.25,0.5,0.03,0.031194427576458017,1.0164186614022364,0.47181726641831584,0.008255803623659687,0.9932710052786212,-0.11863435776515363,0.018117936522179908,0.9859258891576496
fixed_sigma,cloud,lambda,0.03,cloud,0.25,0.5,0.03,0.031194427576458017,1.1230639430243143,0.38049109878469056,0.0034373473812001516,0.99719834755791,-0.05169217998579201,0.002971330985400561,0.9973279185283165
fixed_sigma,cloud,lambda,0.03,cloud,0.25,0.5,0.03,0.031194427576458017,1.1036287435254313,0.026668063141506215,0.015554875919883809,0.9873218062434723,-0.01024770957362986,0.0001072014319693632,0.9998949844484946
fixed_sigma,cloud,lambda,0.03,cloud,0.25,0.5,0.03,0.031194427576458017,0.8630664524529617,0.3052587981865486,0.06089136580233604,0.9503697401562181,-0.269844070818262,0.13658233320434285,0.9271841774442288
fixed_sigma,cloud,lambda,0.03,cloud,0.25,0.5,0.03,0.031194427576458017,1.1066403502238331,0.36986853324619373,0.0031830397977207145,0.9974056240951009,-0.06603696578492202,0.00499936500675303,0.9956391191499211
fixed_sigma,cloud,lambda,0.03,cloud,0.25,0.5,0.03,0.031194427576458017,1.1266230109327129,0.28609386005298754,0.006005891858768731,0.995104823654113,-0.05200309198635278,0.0030091545347503464,0.9972956784238589
fixed_sigma,cloud,lambda,0.03,cloud,0.25,0.5,0.03,0.031194427576458017,0.9734635293867595,-0.22462383035641897,0.046610152180348856,0.9620098197242246,0.07924131438305482,0.00539096133309138,0.9937208140948459
fixed_sigma,cloud,lambda,0.03,cloud,0.25,0.5,0.03,0.031194427576458017,1.0039057781741472,0.45331685305686364,0.010781469879974444,0.9912124297987004,-0.1326916781732247,0.023406708494673484,0.9823929185435734
fixed_sigma,cloud,lambda,0.03,cloud,0.25,0.5,0.03,0.031194427576458017,0.9790287685395125,0.6486085343124515,0.014634116288137251,0.9880722827547989,-0.07963608059115246,0.007486875048626901,0.9936580946680794
fixed_sigma,cloud,lambda,0.03,cloud,0.25,0.5,0.03,0.031194427576458017,1.0667384269681874,0.023924819100487216,0.016785137526084917,0.9863190663248147,-0.04244044303843075,0.0019643923198385113,0.9981988087947017
fixed_sigma,cloud,lambda,0.03,cloud,0.25,0.5,0.03,0.031194427576458017,1.0491486389383269,0.7861098120156848,0.0033268961589024556,0.9972883721909671,0.032219518710880024,0.0009743028283268472,0.9989619026140393
fixed_sigma,cloud,lambda,0.03,cloud,0.25,0.5,0.03,0.031194427576458017,0.9586707110915272,0.09773766970140019,0.03217371516204818,0.9737764160387578,-0.16945767811065882,0.04162928651652801,0.9712840953293443
fixed_sigma,cloud,lambda,0.03,cloud,0.25,0.5,0.03,0.031194427576458017,0.9755735753025239,0.10018823950018657,0.027573654042352888,0.9775257526755621,-0.1550373771171205,0.03366648909839259,0.9759634116966438
fixed_sigma,cloud,lambda,0.03,cloud,0.25,0.5,0.03,0.031194427576458017,1.032368857364673,0.11691639770771756,0.015941096535476613,0.9870070123600321,-0.10906763538408082,0.014986572666669603,0.9881042509117252
fixed_sigma,cloud,lambda,0.03,cloud,0.25,0.5,0.03,0.031194427576458017,0.9166290650056619,0.6032276243284257,0.03371240600573632,0.972522287060285,-0.140173471633962,0.026577246126609118,0.9803513978500829
fixed_sigma,cloud,lambda,0.03,cloud,0.25,0.5,0.03,0.031194427576458017,1.2755377232190532,0.46274431990633547,0.032216079862022545,0.9737418861667434,0.08055371493442798,0.005557486622937111,0.9935110990102629
fixed_sigma,cloud,lambda,0.03,cloud,0.25,0.5,0.03,0.031194427576458017,1.1833652366262362,0.3238758751542074,0.011204040470005698,0.9908680084195894,-0.0046105780913279215,2.1454812438416464e-05,0.9999787425696638
fixed_sigma,cloud,lambda,0.03,cloud,0.25,0.5,0.03,0.031194427576458017,1.021269964961884,0.19592447570886384,0.014445801687513804,0.9882257708961498,-0.135414285425266,0.024530864506948375,0.9816629713027646
fixed_sigma,cloud,lambda,0.03,cloud,0.25,0.5,0.03,0.031194427576458017,1.153305459743811,0.7392282622572489,0.003159939349916986,0.9974244524004263,0.07285748467609054,0.004611734285091437,0.9946917869266733
fixed_sigma,cloud,lambda,0.03,cloud,0.25,0.5,0.03,0.031194427576458017,0.9737084245979084,0.40797794891639333,0.018292548945970846,0.9850904320270838,-0.16591831851715577,0.03957049739269824,0.9724711115804396
fixed_sigma,cloud,lambda,0.03,cloud,0.25,0.5,0.03,0.031194427576458017,1.1429922700171995,0.28702910618357336,0.00711825007154761,0.9941981823526387,-0.03812236855530826,0.0015707971359353588,0.9985466850157333
fixed_sigma,cloud,lambda,0.03,cloud,0.25,0.5,0.03,0.031194427576458017,1.0206237365471353,0.524934704840691,0.006926244321869995,0.9943546790106202,-0.10018788629925479,0.012397289912509685,0.9899623874388876
fixed_sigma,cloud,lambda,0.03,cloud,0.25,0.5,0.03,0.031194427576458017,1.0414086747798836,0.2998077426204785,0.008338328076192057,0.9932037427042203,-0.12384722543900695,0.01998080041720086,0.9846618647510598
fixed_sigma,cloud,lambda,0.03,cloud,0.25,0.5,0.03,0.031194427576458017,0.9309008813442623,0.22254745753023697,0.03590313897270187,0.9707367030950348,-0.21609864630300546,0.07599434285533295,0.9533013750660085
fixed_sigma,cloud,lambda,0.03,cloud,0.25,0.5,0.03,0.031194427576458017,1.0840965109899738,0.17968497352054075,0.009100769927987005,0.9925823050550273,-0.07771278670114345,0.007099905855941806,0.9939607227831426
fixed_sigma,cloud,lambda,0.03,cloud,0.25,0.5,0.03,0.031194427576458017,1.04829432532108,0.1241968571097772,0.013732234596931769,0.9888073725675021,-0.09685593633971179,0.011501074709462098,0.9906189275957576
fixed_sigma,cloud,lambda,0.03,cloud,0.25,0.5,0.03,0.031194427576458017,1.0557160682273423,0.5939377204711961,0.0020867857806840385,0.9982991394729122,-0.051732902084373866,0.0029762699510761485,0.9973237068419286
fixed_sigma,cloud,lambda,0.03,cloud,0.25,0.5,0.03,0.031194427576458017,1.0544546076547048,0.3582244481856807,0.005479701669348906,0.9955337014676429,-0.10952943987507802,0.015129431236879544,0.9880033018006517
fixed_sigma,cloud,lambda,0.03,cloud,0.25,0.5,0.03,0.031194427576458017,1.0858076232435638,0.35975048280212063,0.0035712148473407155,0.9970892372260651,-0.08389959158454041,0.008387519443569025,0.9929608585319473
fixed_sigma,cloud,lambda,0.03,cloud,0.25,0.5,0.03,0.031194427576458017,0.9155030826634032,-0.06908945536412708,0.05472269829934215,0.9553975888015794,-0.12391683933480446,0.02000644800358998,0.9846446169292723
fixed_sigma,cloud,lambda,0.03,cloud,0.25,0.5,0.03,0.031194427576458017,0.9197876219335374,0.151743801914412,0.04240687076559788,0.9654357561613841,-0.21736710728313924,0.07713854776874761,0.9527515406713603
fixed_sigma,cloud,lambda,0.03,cloud,0.25,0.5,0.03,0.031194427576458017,1.1838137476664392,0.8719706023016737,0.00899558222934024,0.9926680395881162,0.15664818827596116,0.0183420633437073,0.975461345109859
fixed_sigma,cloud,lambda,0.03,cloud,0.25,0.5,0.03,0.031194427576458017,1.0161363027716637,0.4031961616860785,0.009469605097065454,0.9922816813945183,-0.13387710841893385,0.023892060887831936,0.982076919841385
fixed_sigma,cloud,lambda,0.03,cloud,0.25,0.5,0.03,0.031194427576458017,0.9760244229801657,0.20822942411424678,0.023176393366138096,0.9811097943058619,-0.17617622287430945,0.045732605473904925,0.9689619384937417
fixed_sigma,cloud,lambda,0.03,cloud,0.25,0.5,0.03,0.031194427576458017,1.051308192052101,0.04026869390809368,0.017241782786376763,0.9859468719648082,-0.06404727285620737,0.00468266895596375,0.9958979468396825
fixed_sigma,cloud,lambda,0.03,cloud,0.25,0.5,0.03,0.031194427576458017,1.0518442769193064,0.5105089878385775,0.0030972833643771827,0.9974755209353842,-0.08185039174718312,0.007947208701809889,0.9933005133708327
fixed_sigma,cloud,lambda,0.03,cloud,0.25,0.5,0.03,0.031194427576458017,0.9760777641479853,0.7700704518284945,0.01593339707465433,0.9870132879006811,-0.018100917690972995,0.00033983450976139343,0.9996723567787447
fixed_sigma,cloud,lambda,0.03,cloud,0.25,0.5,0.03,0.031194427576458017,0.923080518295686,0.15230204480236256,0.04120863319083949,0.9664123944976449,-0.21456800365869266,0.07462987987430733,0.9539605718059232
fixed_sigma,cloud,lambda,0.03,cloud,0.25,0.5,0.03,0.031194427576458017,0.9998924507118212,-0.04035307437579347,0.029085016116489563,0.9762938983482846,-0.06728334744621933,0.005203741553288043,0.9954729511564313
fixed_sigma,cloud,lambda,0.03,cloud,0.25,0.5,0.03,0.031194427576458017,1.0868344864379884,0.5618470421014621,0.0004841685068019695,0.999605372477951,-0.040902451216863644,0.0018187504282941166,0.9983269894844521
fixed_sigma,cloud,lambda,0.03,cloud,0.25,0.5,0.03,0.031194427576458017,0.9152237618890176,-0.20475337622610906,0.0633663915372438,0.9483524398587955,0.006755556964100906,4.5027128306982105e-05,0.9999543624501048
fixed_sigma,cloud,lambda,0.03,cloud,0.25,0.5,0.03,0.031194427576458017,0.9475731237577425,0.23268182760711817,0.030200130881345915,0.9753850102849899,-0.20236536853610587,0.06436716493314337,0.9590482576172461
fixed_sigma,cloud,lambda,0.03,cloud,0.25,0.5,0.03,0.031194427576458017,1.0261866912305841,0.07353034390801633,0.018741095127281535,0.984724838921443,-0.10040305858970633,0.012456554875452294,0.989919225825832
fixed_sigma,cloud,lambda,0.03,cloud,0.25,0.5,0.03,0.031194427576458017,0.988793148415741,0.020840032720778112,0.028200654416355102,0.9770147082758537,-0.11176009932406694,0.015831169604591962,0.9875096801990747
fixed_sigma,cloud,lambda,0.03,cloud,0.25,0.5,0.03,0.031194427576458017,1.0856720322376003,0.30118266143393463,0.00507223208757289,0.9958658145834437,-0.08677159503034304,0.009028099541187879,0.9924706902958902
fixed_sigma,cloud,lambda,0.03,cloud,0.25,0.5,0.03,0.031194427576458017,1.0992401206772255,0.42313607509360074,0.0020592670335426353,0.9983215689676888,-0.06524015104608571,0.0048711310784921,0.9957437226914839
fixed_sigma,cloud,lambda,0.03,cloud,0.25,0.5,0.03,0.031194427576458017,1.1790788970408959,0.14903461502162357,0.016292124635065908,0.986720902571468,0.01332923315330481,0.00017302513072950612,0.9998223315435448
fixed_sigma,cloud,lambda,0.03,cloud,0.25,0.5,0.03,0.031194427576458017,1.1555364649179887,0.1582897335720059,0.012755458380014534,0.9896035060885039,-0.009940677627890637,0.00010081137660879861,0.9999011829282983
fixed_sigma,cloud,lambda,0.03,cloud,0.25,0.5,0.03,0.031194427576458017,1.0912962138493087,0.16934298424342842,0.00931700256519749,0.992406061973105,-0.06935855572904615,0.005554376363600601,0.9951893907471808
fixed_sigma,cloud,lambda,0.03,cloud,0.25,0.5,0.03,0.031194427576458017,1.0206116889462742,0.32554937220154634,0.010513232327115566,0.9914310601295008,-0.13988768732470802,0.026451399281008574,0.9804314349349448
fixed_sigma,cloud,lambda,0.03,cloud,0.25,0.5,0.03,0.031194427576458017,1.1037080878513885,0.25155691312699513,0.006364025654589171,0.9948129222800642,-0.0697873854455614,0.005628457701149592,0.9951297208326726
fixed_sigma,cloud,lambda,0.03,cloud,0.25,0.5,0.03,0.031194427576458017,1.1572341288556092,0.4595326957704019,0.004726857265080075,0.9961473165986795,-0.013547936958581475,0.0001886228764243198,0.9998164534041662
fixed_sigma,cloud,lambda,0.03,cloud,0.25,0.5,0.03,0.031194427576458017,0.9316674111826009,0.15947126356821018,0.03796059810858233,0.9690597456120448,-0.2082917225720209,0.06921714023082061,0.9566145583079803
fixed_sigma,cloud,lambda,0.03,cloud,0.25,0.5,0.03,0.031194427576458017,1.043977200428753,0.3247747134443625,0.007369413552407976,0.9939934684551243,-0.12071649283795005,0.018848437969591913,0.9854275283569052
fixed_sigma,cloud,lambda,0.03,cloud,0.25,0.5,0.03,0.031194427576458017,1.0708214445216702,0.2683850134014439,0.006676588019666625,0.9945581644635532,-0.09883860385182441,0.012029513001680411,0.9902309303886221
fixed_sigma,cloud,lambda,0.03,cloud,0.25,0.5,0.03,0.031194427576458017,1.1106017467947429,0.32923939719648254,0.004227891607534876,0.9965540047212202,-0.06535824420633296,0.004890017286432669,0.9957282999142654
fixed_sigma,cloud,lambda,0.03,cloud,0.25,0.5,0.03,0.031194427576458017,1.0502154248398545,0.366450501062401,0.005694516657786721,0.995358613857864,-0.11209131991937094,0.01593702900826465,0.9874355359987332
fixed_sigma,cloud,lambda,0.03,cloud,0.25,0.5,0.03,0.031194427576458017,1.0433861621451288,0.4966055677765906,0.004146320710143343,0.996620490088725,-0.09197207212747249,0.010259200798777004,0.991541137948579
fixed_sigma,cloud,lambda,0.03,cloud,0.25,0.5,0.03,0.031194427576458017,1.0250390237140634,0.1385221487016453,0.016083531660492034,0.9868909188519912,-0.12129688002647598,0.019055261956539418,0.9852870668958427
fixed_sigma,cloud,lambda,0.03,cloud,0.25,0.5,0.03,0.031194427576458017,1.1685337500090252,0.733952097929604,0.004978793080170816,0.9959419732006106,0.08039963506189562,0.005537825889371591,0.993535898681914
fixed_sigma,cloud,lambda,0.03,cloud,0.25,0.5,0.03,0.031194427576458017,0.9184521961828735,-0.09976840541302204,0.055445711541045294,0.9548082879280746,-0.09724467715955787,0.011603568278734367,0.9905434727641333
fixed_sigma,cloud,lambda,0.03,cloud,0.25,0.5,0.03,0.031194427576458017,1.0614189320180138,0.40449433510668065,0.003899420066419077,0.9968217295081758,-0.09804828906253715,0.011817169526162841,0.9903865330119092
fixed_sigma,cloud,lambda,0.03,cloud,0.25,0.5,0.03,0.031194427576458017,1.011670793410554,0.0270394468248894,0.02332524276921064,0.9809884727612596,-0.09395197954043655,0.010752499679272248,0.9911730255404334
fixed_sigma,cloud,lambda,0.03,cloud,0.25,0.5,0.03,0.031194427576458017,0.8692638993568863,0.04904082565884563,0.06768522530898122,0.9448323210457403,-0.23282038280999529,0.09209750955507123,0.9457946693482072
fixed_sigma,cloud,lambda,0.03,cloud,0.25,0.5,0.03,0.031194427576458017,1.066425049284528,0.42825110048023024,0.0030941802930755397,0.9974780501319785,-0.09009687645238407,0.00980458368679845,0.9918825528535239
fixed_sigma,cloud,lambda,0.03,cloud,0.25,0.5,0.03,0.031194427576458017,1.0575859029107164,0.48539138001919185,0.002882795542778627,0.9976503418837895,-0.08436031375983044,0.008488425804046507,0.9928833374623429
fixed_sigma,cloud,lambda,0.03,cloud,0.25,0.5,0.03,0.031194427576458017,1.1343786749554354,0.17099697958874444,0.010359649034215705,0.9915562400894811,-0.03157524089944719,0.0010630693007157687,0.9990030041621418
fixed_sigma,cloud,lambda,0.03,cloud,0.25,0.5,0.03,0.031194427576458017,0.9967875295891471,0.27579573137116625,0.016253967434712826,0.9867520030689438,-0.161542235952723,0.037120156481926105,0.9739041060033947
fixed_sigma,cloud,lambda,0.03,cloud,0.25,0.5,0.03,0.031194427576458017,1.0242083994616809,0.16918579024829566,0.014991658884126392,0.9877808632454753,-0.12855678920012226,0.02176265376173767,0.9834731519505553
fixed_sigma,cloud,lambda,0.03,cloud,0.25,0.5,0.03,0.031194427576458017,1.0930572417509234,-0.08458287952657814,0.021632682167847497,0.9823680151863661,0.0475379633494315,0.0020594042325117854,0.9977401420405881
fixed_sigma,cloud,lambda,0.03,cloud,0.25,0.5,0.03,0.031194427576458017,1.1889697379554207,0.34108800582855014,0.011732679077575489,0.9904371349926029,0.00027206920184141836,7.398138899948949e-08,0.9999999259783494
fixed_sigma,cloud,lambda,0.03,cloud,0.25,0.5,0.03,0.031194427576458017,1.010721643771038,0.5928109319448056,0.008101448471146319,0.9933968143523138,-0.0829177326548538,0.008174820850472152,0.9931246496113781
fixed_sigma,cloud,lambda,0.03,cloud,0.25,0.5,0.03,0.031194427576458017,1.0940257891507086,0.12950072303763588,0.010872471088005549,0.9911382581400232,-0.057425250889808765,0.0037117113959173075,0.9967023405602425
fixed_sigma,cloud,lambda,0.03,cloud,0.25,0.5,0.03,0.031194427576458017,1.1020346087875326,0.4906595504454373,0.0010197147874883104,0.9991688688666653,-0.049595971624457946,0.0027231794985549305,0.9975402395986259
fixed_sigma,cloud,lambda,0.03,cloud,0.25,0.5,0.03,0.031194427576458017,0.9509953599180266,-0.11274973156693487,0.0454738688861757,0.9629359614588184,-0.05725993046587996,0.0036890768273360112,0.9967213003630426
fixed_sigma,cloud,lambda,0.03,cloud,0.25,0.5,0.03,0.031194427576458017,0.8633252720800252,0.16500072937539165,0.06542389853625023,0.9466754433643735,-0.26904180281006174,0.13547353003549464,0.9276165083407119
fixed_sigma,cloud,lambda,0.03,cloud,0.25,0.5,0.03,0.031194427576458017,0.9979043806304692,0.0022217692120139465,0.02720818094576067,0.9778236360373619,-0.094001652643952,0.010765052868896504,0.9911636893002058
fixed_sigma,cloud,lambda,0.03,cloud,0.25,0.5,0.03,0.031194427576458017,1.0208082898783182,0.13772714915216872,0.016768265900627077,0.9863328177515469,-0.12486965054764487,0.02035955596050973,0.984407570372109
fixed_sigma,cloud,lambda,0.03,cloud,0.25,0.5,0.03,0.031194427576458017,0.9754902865246393,0.10574700404673903,0.027351121693880445,0.9777071304149642,-0.1567832196047979,0.03457169524719548,0.9754190220503537
fixed_sigma,cloud,lambda,0.03,cloud,0.25,0.5,0.03,0.031194427576458017,0.9076700542530771,0.35098421517516876,0.040567225613990725,0.966935181665995,-0.22788785256385768,0.08711272146800164,0.9480671266538334
fixed_sigma,cloud,lambda,0.03,cloud,0.25,0.5,0.03,0.031194427576458017,0.9725132145190911,0.4316564042485786,0.018159837504481708,0.9851986001267571,-0.16161248371473813,0.03715867361996033,0.9738814051075535
fixed_sigma,cloud,lambda,0.03,cloud,0.25,0.5,0.03,0.031194427576458017,1.1357109445117257,0.285912758756375,0.006577652327375292,0.9946388032216356,-0.044274793028531656,0.0021460853912038946,0.9980397427022807
fixed_sigma,cloud,lambda,0.03,cloud,0.25,0.5,0.03,0.031194427576458017,1.0365418681531553,0.4590327261144508,0.0054856744853026725,0.995528833250222,-0.10665975515406667,0.014255004742062646,0.9886236966304746
fixed_sigma,cloud,lambda,0.03,cloud,0.25,0.5,0.03,0.031194427576458017,1.070428471247684,0.24208163064804883,0.007530371154939257,0.9938622779729894,-0.09769356363232462,0.011722595872213743,0.9904559676248169
fixed_sigma,cloud,lambda,0.03,cloud,0.25,0.5,0.03,0.031194427576458017,0.895431685951239,-0.10509817631105106,0.06465512534748355,0.9473020414479717,-0.11325615963902502,0.01631275455075461,0.9871730423038196
fixed_sigma,cloud,lambda,0.03,cloud,0.25,0.5,0.03,0.031194427576458017,0.9778736357738398,0.22063314532291844,0.02228908467491237,0.9818330062149219,-0.17567183556196075,0.0454154897095605,0.9691394061902914
fixed_sigma,cloud,lambda,0.03,cloud,0.25,0.5,0.03,0.031194427576458017,0.9376235741652819,-0.006675041162820916,0.043614988054305456,0.9644510652422321,-0.14397063574556868,0.028285933751507737,0.9792724560430168
fixed_sigma,cloud,lambda,0.03,cloud,0.25,0.5,0.03,0.031194427576458017,0.9988242565097116,0.16750963184314832,0.01954840928537802,0.9840668275447241,-0.15061310588756116,0.031442308006974166,0.9773156923349023
fixed_sigma,cloud,lambda,0.03,cloud,0.25,0.5,0.03,0.031194427576458017,1.1009105468845983,0.04037447240495656,0.014866560451450458,0.9878828262682774,-0.019083429884740988,0.00037848504618775975,0.9996358227038342
fixed_sigma,cloud,lambda,0.03,cloud,0.25,0.5,0.03,0.031194427576458017,0.932768097463747,-0.09542116759235879,0.050192617909685065,0.9590898867799453,-0.08802672592411454,0.009316759296663417,0.9922512955230808
fixed_sigma,cloud,lambda,0.03,cloud,0.25,0.5,0.03,0.031194427576458017,0.9989017744632216,0.2817537649980243,0.015645062790410544,0.987248298320637,-0.1597136011486745,0.036126770168085784,0.9744915656081221
fixed_sigma,cloud,lambda,0.03,cloud,0.25,0.5,0.03,0.031194427576458017,1.0272602142083143,0.364180994764615,0.008558776587170141,0.9930240634223081,-0.1308348793828198,0.022659091700324083,0.982882234336883
fixed_sigma,cloud,lambda,0.03,cloud,0.25,0.5,0.03,0.031194427576458017,1.1886167475884784,0.49096941802251864,0.008864556993323924,0.9927748333251903,0.01675399906062558,0.00027152210697224124,0.9997193035154766
fixed_sigma,cloud,lambda,0.03,cloud,0.25,0.5,0.03,0.031194427576458017,0.9218869196287879,0.37912740778941734,0.03465914784775713,0.9717506334275352,-0.21173626220279407,0.07215183615070392,0.9551677552683896
fixed_sigma,cloud,lambda,0.03,cloud,0.25,0.5,0.03,0.031194427576458017,1.0857682324505404,0.4330207465626438,0.0020857430644711517,0.9982999893516414,-0.07413490054584326,0.006411357459517303,0.9945040165210579
fixed_sigma,cloud,lambda,0.03,cloud,0.25,0.5,0.03,0.031194427576458017,1.031410052395466,0.3284832809825011,0.008839500936703838,0.9927952555736378,-0.13082247763581367,0.0226541497354604,0.9828854793452271
fixed_sigma,cloud,lambda,0.03,cloud,0.25,0.5,0.03,0.031194427576458017,1.1030391827777215,-0.21505343609386474,0.029941934523868487,0.975595456415463,0.1764087144591815,0.022486590152302494,0.9688799654628589
fixed_sigma,cloud,lambda,0.03,cloud,0.25,0.5,0.03,0.031194427576458017,1.1619757874782208,0.42596748209983243,0.00584862099661314,0.9952330092129651,-0.015058145735073691,0.00023373395422161155,0.9997732522470213
fixed_sigma,cloud,lambda,0.03,cloud,0.25,0.5,0.03,0.031194427576458017,1.168218119050282,0.029344198557338275,0.020062256721335756,0.9836480098448644,0.04714389361425941,0.002026927276772144,0.9977774532948874
fixed_sigma,cloud,lambda,0.03,cloud,0.25,0.5,0.03,0.031194427576458017,1.1298129676790925,0.703854320124023,0.0010048245536754359,0.9991810053356627,0.04210356487889366,0.00163236011418047,0.9982272898244888
fixed_sigma,cloud,lambda,0.03,cloud,0.25,0.5,0.03,0.031194427576458017,1.0840389875374261,0.26395991955782494,0.0062158316671424825,0.9949337096200648,-0.08739002730613343,0.009169662041175185,0.9923629831274332
fixed_sigma,cloud,lambda,0.03,cloud,0.25,0.5,0.03,0.031194427576458017,1.0674092498267647,0.10191533767311156,0.013078028879973419,0.9893405910180345,-0.07307824610969393,0.006215700526159142,0.994659569945531
fixed_sigma,cloud,lambda,0.03,cloud,0.25,0.5,0.03,0.031194427576458017,0.9766612482024224,0.08777246663716332,0.027856439665834863,0.9772952647600988,-0.1500895855444898,0.031185651032016135,0.9774731163110832
fixed_sigma,cloud,lambda,0.03,cloud,0.25,0.5,0.03,0.031194427576458017,0.9282763467760979,0.5997955870043699,0.02958983239993243,0.9758824416008376,-0.13431840601528577,0.02407435671052079,0.9819585658055129
fixed_sigma,cloud,lambda,0.03,cloud,0.25,0.5,0.03,0.031194427576458017,1.1149848257512152,0.6852569510282258,0.00027426710662654675,0.9997764552069227,0.024443995521532313,0.0005693350856961778,0.9994024910829433
fixed_sigma,cloud,lambda,0.03,cloud,0.25,0.5,0.03,0.031194427576458017,0.8378765860301691,-0.2362667761536999,0.10012743609175428,0.9183898964122958,-0.01332092073884339,0.00018227061068632055,0.9998225530706695
fixed_sigma,cloud,lambda,0.03,cloud,0.25,0.5,0.03,0.031194427576458017,1.1607800453065167,0.0966391679246354,0.015942542326467808,0.9870058339502259,0.012746339504526194,0.0001584052603382059,0.9998375308292353
fixed_sigma,cloud,lambda,0.03,cloud,0.25,0.5,0.03,0.031194427576458017,1.0562736513454984,0.07078177305714409,0.01533174374356807,0.9875036728799673,-0.07217850918200575,0.006051833343635721,0.9947902628122631
fixed_sigma,cloud,lambda,0.03,cloud,0.25,0.5,0.03,0.031194427576458017,1.0728241160566512,0.616143084230513,0.0007843802979192547,0.9993606811493038,-0.03164346638645221,0.0010678187200421681,0.9989986910350495
fixed_sigma,cloud,lambda,0.03,cloud,0.25,0.5,0.03,0.031194427576458017,0.9719485158413546,0.35287692694199563,0.019928467416969138,0.9837570564699901,-0.17659219553090555,0.04599525745013779,0.9688151964775744
fixed_sigma,cloud,lambda,0.03,cloud,0.25,0.5,0.03,0.031194427576458017,1.0794316645143331,0.2018849208189409,0.00845534139222882,0.9931083695556046,-0.0854465246225663,0.008729122691581296,0.9926988914299252
fixed_sigma,cloud,lambda,0.03,cloud,0.25,0.5,0.03,0.031194427576458017,0.9036199491626727,0.3552142181222489,0.042041070654762355,0.9657339060601823,-0.23036302579010048,0.08958879630891513,0.9469328763488295
fixed_sigma,cloud,lambda,0.03,cloud,0.25,0.5,0.03,0.031194427576458017,1.1702373008340332,0.42038708286061455,0.007042162097140802,0.9942601987960381,-0.00918415830673791,8.591971714923248e-05,0.9999156512361967
fixed_sigma,cloud,lambda,0.03,cloud,0.25,0.5,0.03,0.031194427576458017,0.9651350533972305,0.06408533322321697,0.03192039369193384,0.9739828888320696,-0.1520083496941519,0.032133034182827834,0.9768934616232604
fixed_sigma,cloud,lambda,0.03,cloud,0.25,0.5,0.03,0.031194427576458017,0.9154623410091971,-0.1016266936561801,0.05665185505046674,0.9538252057621104,-0.09835997783993156,0.011900644511778025,0.9903253147593282
fixed_sigma,cloud,lambda,0.03,cloud,0.25,0.5,0.03,0.031194427576458017,0.880631889176883,0.5285871454229667,0.04871201129636516,0.9602966734889843,-0.19611704120158802,0.05951754654999122,0.9615381061503346
fixed_sigma,cloud,lambda,0.03,cloud,0.25,0.5,0.03,0.031194427576458017,1.1527930182041048,0.2822912897371592,0.008195490595225409,0.9933201641574494,-0.029582996371489978,0.0009293247964690881,0.9991248463256844
fixed_sigma,cloud,lambda,0.03,cloud,0.25,0.5,0.03,0.031194427576458017,1.0453355272523859,0.22011145566511853,0.010380371002789192,0.9915393503930319,-0.11738048909269483,0.017686617447404053,0.9862218207803598
fixed_sigma,cloud,lambda,0.03,cloud,0.25,0.5,0.03,0.031194427576458017,1.024095672919966,0.6497802854569406,0.005761468800452022,0.9953040436869737,-0.05027951986046286,0.0028027904998013833,0.9974719698826013
fixed_sigma,cloud,lambda,0.03,cloud,0.25,0.5,0.03,0.031194427576458017,0.9016274071255777,-0.2204696409937857,0.06966038143939536,0.9432224456439846,0.015385026860354145,0.00022958050551790757,0.9997633009485062
fixed_sigma,cloud,lambda,0.03,cloud,0.25,0.5,0.03,0.031194427576458017,1.0615744717170335,0.2795955228045632,0.006964500292882065,0.9943234980088989,-0.10697169953970165,0.014348527930937754,0.9885570554975878
fixed_sigma,cloud,lambda,0.03,cloud,0.25,0.5,0.03,0.031194427576458017,1.1617193008135196,0.27100045386954863,0.009554898331593236,0.9922121620901514,-0.021325763726394054,0.00047482423285957043,0.999545211801486
fixed_sigma,cloud,lambda,0.03,cloud,0.25,0.5,0.03,0.031194427576458017,1.0699690248149518,0.7365890486859119,0.0012017660046582338,0.9990204857733652,0.019114210799525244,0.0003517766651456815,0.9996346469455113
fixed_sigma,cloud,lambda,0.03,cloud,0.25,0.5,0.03,0.031194427576458017,1.0379155419628536,-0.07899701065345832,0.02511194559143334,0.9795321985561714,-0.006282186919800314,3.996644858561707e-05,0.9999605341275047
fixed_sigma,cloud,lambda,0.03,cloud,0.25,0.5,0.03,0.031194427576458017,1.0617242540488747,0.33239680093779006,0.005499904410297081,0.9955172349740834,-0.10564549960476977,0.01395348240611054,0.9888390284132585
fixed_sigma,cloud,lambda,0.03,cloud,0.25,0.5,0.03,0.031194427576458017,0.9304534240193271,0.11618842798619847,0.040144233203403976,0.9672799468551602,-0.19997604288589366,0.06248128546622403,0.9600095822716992
fixed_sigma,cloud,lambda,0.03,cloud,0.25,0.5,0.03,0.031194427576458017,1.0027673844918796,0.006009592663446528,0.026043127308209988,0.9787732273957046,-0.09157756246180526,0.010162544358351617,0.9916135500535541
fixed_sigma,cloud,lambda,0.03,cloud,0.25,0.5,0.03,0.031194427576458017,1.1897550364652534,0.3938418947120009,0.010680645567068454,0.9912946079003436,0.0037710797092078696,1.411438848384681e-05,0.9999857789578268
fixed_sigma,cloud,lambda,0.03,cloud,0.25,0.5,0.03,0.031194427576458017,1.0381749955744664,-0.11206933305063169,0.027052317907266654,0.9779506741321488,0.01984705535350484,0.00037872333882026327,0.9996060943937949
fixed_sigma,cloud,lambda,0.03,cloud,0.25,0.5,0.03,0.031194427576458017,1.1088558855088704,0.10089088797907425,0.012139259384322601,0.990105746691399,-0.03546213051452207,0.0013517335113872203,0.998742437299371
fixed_sigma,cloud,lambda,0.03,cloud,0.25,0.5,0.03,0.031194427576458017,0.9888582967537738,0.3952440949063447,0.01494850104767573,0.9878160395731717,-0.156616015942579,0.034484318301787525,0.9754714235502738
fixed_sigma,cloud,lambda,0.03,cloud,0.25,0.5,0.03,0.031194427576458017,1.0516401058570715,0.3131685826326384,0.006876895510543493,0.9943949013688618,-0.1149267819449471,0.01686102971246108,0.9867918347917786
fixed_sigma,cloud,lambda,0.03,cloud,0.25,0.5,0.03,0.031194427576458017,0.9614055642879928,-0.0406230164715895,0.03828682364554241,0.9687938514585195,-0.10201345419869345,0.012905512225467415,0.9895932551624511
fixed_sigma,cloud,lambda,0.03,cloud,0.25,0.5,0.03,0.031194427576458017,0.9749073234076915,0.3163541121079022,0.020100960877320165,0.9836164635444452,-0.17801172935199938,0.046899260810450115,0.9683118242131106
fixed_sigma,cloud,lambda,0.03,cloud,0.25,0.5,0.03,0.031194427576458017,0.9817314760777771,0.2629626692333371,0.01997935956702076,0.9837155761944569,-0.17419172843208441,0.04449350304675308,0.969657241745843
fixed_sigma,cloud,lambda,0.03,cloud,0.25,0.5,0.03,0.031194427576458017,0.9615133392558323,0.3644579081930764,0.02243992665180918,0.9817100605984113,-0.1832471427759309,0.050337668766000744,0.9664204846644576
fixed_sigma,cloud,lambda,0.03,cloud,0.25,0.5,0.03,0.031194427576458017,1.095751717408361,0.3651082745242498,0.003264579714760432,0.9973391639785146,-0.07532776147148912,0.00663642950157241,0.9943257283516944
fixed_sigma,cloud,lambda,0.03,cloud,0.25,0.5,0.03,0.031194427576458017,1.1675767481399686,0.467239313246894,0.005902675634071414,0.9951889513130072,-0.004088019205888194,1.6849380625740034e-05,0.9999832880989723
fixed_sigma,cloud,lambda,0.03,cloud,0.25,0.5,0.03,0.031194427576458017,1.0570826262471824,0.033429373580031396,0.017048274464395545,0.9861045933129061,-0.05570085856440876,0.003479401842431442,0.9968974143551877
fixed_sigma,cloud,lambda,0.03,cloud,0.25,0.5,0.03,0.031194427576458017,0.9958439931963936,0.2274800761483422,0.01798939719533735,0.9853375196060499,-0.16073315729765658,0.036678436970752445,0.9741648521451268
fixed_sigma,cloud,lambda,0.03,cloud,0.25,0.5,0.03,0.031194427576458017,1.0102050319347704,0.7156410392080095,0.008235486130967917,0.9932875653020068,-0.02774430549322726,0.0008143042936043344,0.9992302535126985
fixed_sigma,cloud,lambda,0.03,cloud,0.25,0.5,0.03,0.031194427576458017,1.005753462507713,-0.399307837822095,0.052924287369880293,0.9568634058440947,0.38287223933645165,0.07665555634154614,0.8534088483454909
fixed_sigma,cloud,lambda,0.03,cloud,0.25,0.5,0.03,0.031194427576458017,1.0386058766641124,0.28218919213342186,0.009180629995520783,0.9925172141205307,-0.12637292904152242,0.020924540859229693,0.9840298828054663
fixed_sigma,cloud,lambda,0.03,cloud,0.25,0.5,0.03,0.031194427576458017,0.9352928972436978,0.35221491498429636,0.030675467972687515,0.9749975809171998,-0.20586864294564244,0.06720409137660129,0.9576181018517196
fixed_sigma,cloud,lambda,0.03,cloud,0.25,0.5,0.03,0.031194427576458017,0.9061860105269899,-0.10711300589973055,0.060492666663545136,0.950694704814129,-0.10195944476168928,0.012890299975509003,0.989604271623888
fixed_sigma,cloud,lambda,0.03,cloud,0.25,0.5,0.03,0.031194427576458017,1.0194021606145678,0.47660843546324555,0.007698597099700082,0.9937251633387398,-0.11515417105811465,0.016936518105966553,0.9867395168879185
fixed_sigma,cloud,lambda,0.03,cloud,0.25,0.5,0.03,0.031194427576458017,1.065145902677938,0.3769006066094243,0.004198139246947796,0.996578254750226,-0.09886452729580064,0.012036516535800219,0.9902258052425779
fixed_sigma,cloud,lambda,0.03,cloud,0.25,0.5,0.03,0.031194427576458017,1.1190759267443742,0.03755908417805945,0.01536724599606942,0.9874747363305327,-0.00131855469744524,1.7431804169394857e-06,0.9999982614135099
fixed_sigma,cloud,lambda,0.03,cloud,0.25,0.5,0.03,0.031194427576458017,1.0242689923839607,0.6117896957764273,0.00579358660849493,0.9952778656708005,-0.06622165803508784,0.005029357495727398,0.9956146920070839
fixed_sigma,cloud,lambda,0.03,cloud,0.25,0.5,0.03,0.031194427576458017,1.0344207814404314,0.6484868131622787,0.004300725496259917,0.996494640560551,-0.04413152639781526,0.0021315799265929614,0.998052408377799
fixed_sigma,cloud,lambda,0.03,cloud,0.25,0.5,0.03,0.031194427576458017,1.0088983630094153,0.1863868673542549,0.016896993732828342,0.9862278965418304,-0.14486793888636273,0.028699754603191265,0.9790132802828171
fixed_sigma,cloud,lambda,0.03,cloud,0.25,0.5,0.03,0.031194427576458017,1.0414984391090214,0.3071599411367094,0.00812400486513627,0.9933784294847695,-0.12356778359717702,0.01987805314519019,0.9847310028568812
fixed_sigma,cloud,lambda,0.03,cloud,0.25,0.5,0.03,0.031194427576458017,1.1336549903462045,0.40474481255987627,0.003538662653854724,0.9971157692934594,-0.04046912803506553,0.0017788109303197755,0.9983622496760814
fixed_sigma,cloud,lambda,0.03,cloud,0.25,0.5,0.03,0.031194427576458017,1.0508452014528693,0.35553976729511527,0.005884467365993606,0.9952037921868175,-0.1127202313622202,0.01613922160773691,0.9872941494416475
fixed_sigma,cloud,lambda,0.03,cloud,0.25,0.5,0.03,0.031194427576458017,1.1043793220587257,0.3887489954052952,0.0027492619577637405,0.9977591800816988,-0.06591097958382974,0.004978964135757965,0.9956557427703
fixed_sigma,cloud,lambda,0.03,cloud,0.25,0.5,0.03,0.031194427576458017,0.9744125851429528,0.06927456589405817,0.02926187996317748,0.9761497432853717,-0.1455869237528833,0.029034139980581516,0.9788044476321721
fixed_sigma,cloud,lambda,0.03,cloud,0.25,0.5,0.03,0.031194427576458017,0.9201774717098135,0.1450508777430145,0.04253508632339898,0.965331252487245,-0.21574029524243754,0.07567331063931904,0.9534561250087059
fixed_sigma,cloud,lambda,0.03,cloud,0.25,0.5,0.03,0.031194427576458017,1.099497247259285,0.08475756635646128,0.01278021311196911,0.9895833294384472,-0.03832332049934617,0.001588064337884908,0.9985313231059044
fixed_sigma,cloud,lambda,0.03,cloud,0.25,0.5,0.03,0.031194427576458017,1.1054265241958738,0.25553746512611103,0.006253474821613768,0.9949030281020346,-0.06859380015026018,0.005423647787621713,0.9952948905809461
fixed_sigma,cloud,lambda,0.03,cloud,0.25,0.5,0.03,0.031194427576458017,0.9651371037136999,0.2531677881597211,0.02448703296889129,0.9800415413082637,-0.18808062380113444,0.05366143736264902,0.9646256789505762
fixed_sigma,cloud,lambda,0.03,cloud,0.25,0.5,0.03,0.031194427576458017,1.0263507954728965,0.06455481826605913,0.019134047760094613,0.9844045580242118,-0.09683040710779622,0.011494362782210292,0.9906238722593385
fixed_sigma,cloud,lambda,0.03,cloud,0.25,0.5,0.03,0.031194427576458017,1.0187726252120384,0.36189444085061906,0.009918078943455096,0.9919161472463485,-0.13792949990005265,0.025599339226403672,0.9809754530573214
fixed_sigma,cloud,lambda,0.03,cloud,0.25,0.5,0.03,0.031194427576458017,1.0288853594610796,0.009606137157577854,0.021461464081629432,0.9825075686024701,-0.06970059508850612,0.005613419329166414,0.9951418270443081
fixed_sigma,cloud,lambda,0.03,cloud,0.25,0.5,0.03,0.031194427576458017,0.9614102564819317,0.3442164490983377,0.022947260208485164,0.9812965521163215,-0.18613815880916773,0.052308161309440486,0.9653525858351331
fixed_sigma,cloud,lambda,0.03,cloud,0.25,0.5,0.03,0.031194427576458017,1.1815099736621564,0.2663728069131724,0.012530668737432537,0.9897867236633527,-0.003994427099579423,1.6083681417343204e-05,0.9999840445521462
fixed_sigma,cloud,lambda,0.03,cloud,0.25,0.5,0.03,0.031194427576458017,1.1523830126890986,0.49133330599201075,0.0037509848098832514,0.9969427134975277,-0.011085740883470918,0.00012566437293516218,0.9998771063490646
fixed_sigma,cloud,lambda,0.03,cloud,0.25,0.5,0.03,0.031194427576458017,1.142206519118416,0.22591624839887692,0.00897527139097654,0.9926845941878095,-0.0339198844103894,0.0012327710887577044,0.9988494414415858
fixed_sigma,cloud,lambda,0.03,cloud,0.25,0.5,0.03,0.031194427576458017,1.079481896140749,0.316383832767981,0.0048729824675223105,0.996028215447451,-0.09166718500853888,0.010184454719786164,0.9915971271926103
fixed_sigma,cloud,lambda,0.03,cloud,0.25,0.5,0.03,0.031194427576458017,1.156058580220497,0.31707300197004035,0.00757617985702752,0.9938249410245109,-0.027578976242580988,0.0008043546965986499,0.9992394000694111
fixed_sigma,cloud,lambda,0.03,cloud,0.25,0.5,0.03,0.031194427576458017,1.1150266300489073,0.06414799930871673,0.013954702279185898,0.9886260475351,-0.016421481189564213,0.00027874467772727847,0.9997303349555408
fixed_sigma,cloud,lambda,0.03,cloud,0.25,0.5,0.03,0.031194427576458017,0.9007046960578307,0.22508635990551631,0.04694068223493547,0.9617404171204373,-0.24197784343328288,0.10190310183568586,0.9414467232873777
fixed_sigma,cloud,lambda,0.03,cloud,0.25,0.5,0.03,0.031194427576458017,1.1866617590633748,0.3921298774496994,0.01017014048812269,0.9917107013708348,0.001102167851848801,1.2121006245375662e-06,0.9999987852260264
fixed_sigma,cloud,lambda,0.03,cloud,0.25,0.5,0.03,0.031194427576458017,1.1260282098173588,0.6225197184630047,0.000707674341230552,0.9994232012867955,0.007425127906508733,5.4322821675357745e-05,0.999944867475572
fixed_sigma,cloud,lambda,0.03,cloud,0.25,0.5,0.03,0.031194427576458017,1.065489172054384,0.2577747098132701,0.007344624375974497,0.994013673179579,-0.10292440520085644,0.013163720372929195,0.9894065668140499
fixed_sigma,cloud,lambda,0.03,cloud,0.25,0.5,0.03,0.031194427576458017,1.1045938602203627,0.253308739097705,0.006315661810774338,0.9948523418283688,-0.0691532519932525,0.0055191073867823575,0.9952178277387577
fixed_sigma,cloud,lambda,0.03,cloud,0.25,0.5,0.03,0.031194427576458017,0.9916190793292028,0.10942211029167574,0.02343540215910987,0.9808986859898037,-0.1434056233217338,0.028027342774176237,0.979434827199705
fixed_sigma,cloud,lambda,0.03,cloud,0.25,0.5,0.03,0.031194427576458017,1.089550421689605,0.3995397657184703,0.00261840684511943,0.9978658351576172,-0.07643237098650357,0.006848843757900476,0.9941580926653815
fixed_sigma,cloud,lambda,0.03,cloud,0.25,0.5,0.03,0.031194427576458017,1.1268364077050048,0.4789192735913941,0.0018909373764490884,0.9984587681339563,-0.03333313779308922,0.0011890462105334273,0.9988889019248669
fixed_sigma,cloud,lambda,0.03,cloud,0.25,0.5,0.03,0.031194427576458017,1.1755057917988079,0.353088692314264,0.009227377580431061,0.9924791119240108,-0.010560166645630531,0.00011391023885159256,0.9998884828804165
fixed_sigma,cloud,lambda,0.03,cloud,0.25,0.5,0.03,0.031194427576458017,1.1773510249543886,0.3582625576257785,0.009387610472816521,0.9923485121258322,-0.008802142729240514,7.885987855591725e-05,0.9999225222833741
fixed_sigma,cloud,lambda,0.03,cloud,0.25,0.5,0.03,0.031194427576458017,1.1516583904267947,0.18906984972985907,0.011166853438609339,0.9908983181688733,-0.01989982356432396,0.0004122470124729186,0.9996039970221088
fixed_sigma,cloud,lambda,0.03,cloud,0.25,0.5,0.03,0.031194427576458017,1.2258342197413878,0.3883137422548112,0.018573438757631115,0.9848614893164633,0.03288031806960312,0.0010133792709961253,0.9989188846836418
fixed_sigma,cloud,lambda,0.03,cloud,0.25,0.5,0.03,0.031194427576458017,1.085918224374891,0.4601987651523601,0.001639276754743474,0.9986638872322573,-0.06871669386389612,0.005444536035404671,0.9952780159844156
fixed_sigma,cloud,lambda,0.03,cloud,0.25,0.5,0.03,0.031194427576458017,0.9560419496219068,0.13732885783939025,0.031237188268832213,0.9745397438513064,-0.18234084667853678,0.04973055756533549,0.9667518156325543
fixed_sigma,cloud,lambda,0.03,cloud,0.25,0.5,0.03,0.031194427576458017,0.9929946947001962,0.2547872046155352,0.017697861507728355,0.9855751393693631,-0.16452015410956222,0.038776290415714613,0.9729331188917659
fixed_sigma,cloud,lambda,0.03,cloud,0.25,0.5,0.03,0.031194427576458017,0.999731463988081,0.35755418453350324,0.013474761513328088,0.9890172291846703,-0.15374563116093865,0.03300682266499485,0.9763622808989246
fixed_sigma,cloud,lambda,0.03,cloud,0.25,0.5,0.03,0.031194427576458017,0.9840457467599617,0.32643170169189994,0.01763324659125494,0.9856278045551757,-0.16972191477620546,0.041785797507061566,0.9711944716446984
fixed_sigma,cloud,lambda,0.03,cloud,0.25,0.5,0.03,0.031194427576458017,1.0110422062878346,0.13789756037651862,0.01840344540886905,0.9850000444951756,-0.13359997863920747,0.023778029895994434,0.9821510457076033
fixed_sigma,cloud,lambda,0.03,cloud,0.25,0.5,0.03,0.031194427576458017,1.1048003669817121,0.4853182744471458,0.001107846352401735,0.9990970361460577,-0.048747492172082074,0.002626110081732797,0.9976236820069327
fixed_sigma,cloud,lambda,0.03,cloud,0.25,0.5,0.03,0.031194427576458017,0.9893822161886401,0.38288329421624534,0.015090347475687379,0.9877004258898954,-0.15832983147340807,0.035386827553693684,0.9749316644656022
fixed_sigma,cloud,lambda,0.03,cloud,0.25,0.5,0.03,0.031194427576458017,0.9746711163884555,0.031676073712419525,0.031000308180103662,0.9747328158936314,-0.1297125718451696,0.02221461141119401,0.9831746487053117
fixed_sigma,cloud,lambda,0.03,cloud,0.25,0.5,0.03,0.031194427576458017,1.0283617132113316,0.37118877642988146,0.008241472069562175,0.9932826863888156,-0.1290823057761561,0.021967427455277383,0.983337758335511
fixed_sigma,cloud,lambda,0.03,cloud,0.25,0.5,0.03,0.031194427576458017,1.2049990327129763,0.4004954925658688,0.013514896839858579,0.9889845163910191,0.016772575309263127,0.0002721146059762176,0.9997186807174951
fixed_sigma,cloud,lambda,0.03,cloud,0.25,0.5,0.03,0.031194427576458017,1.1022381960613954,0.36508980345496567,0.0032519623254224496,0.9973494479375479,-0.07004611441675668,0.005673424394036909,0.9950935418551147
fixed_sigma,cloud,lambda,0.03,cloud,0.25,0.5,0.03,0.031194427576458017,1.1011988665801988,0.06653312373052905,0.013618781109223287,0.988899844234067,-0.029890579502339865,0.0009493519047900688,0.9991065532570143
fixed_sigma,cloud,lambda,0.03,cloud,0.25,0.5,0.03,0.031194427576458017,0.9572391028681013,0.28046918662613907,0.025842794631214472,0.9789365110186531,-0.19453132662555261,0.05832863166261495,0.9621575629613026
fixed_sigma,cloud,lambda,0.03,cloud,0.25,0.5,0.03,0.031194427576458017,1.1735723948963426,0.06196511595747475,0.019244298284819605,0.9843146969721904,0.03748844725773104,0.0013056547903730479,0.9985946163222044
fixed_sigma,cloud,lambda,0.03,cloud,0.25,0.5,0.03,0.031194427576458017,0.9442458058260124,0.07722555183461083,0.037382191741634915,0.9695311828660568,-0.17569002301072678,0.04542689851980222,0.9691330158144903
fixed_sigma,cloud,lambda,0.03,cloud,0.25,0.5,0.03,0.031194427576458017,0.9550951139829543,0.1965950057692676,0.029220469543347845,0.9761834953595665,-0.1930895881565977,0.05726207398520403,0.9627164109455155
fixed_sigma,cloud,lambda,0.03,cloud,0.25,0.5,0.03,0.031194427576458017,1.1761970519266942,0.0836530482953087,0.01863594551052716,0.9848105424154151,0.03133539050845502,0.0009231459758039549,0.9990180933016827
fixed_sigma,cloud,lambda,0.03,cloud,0.25,0.5,0.03,0.031194427576458017,0.8748502242807437,0.2428813846645378,0.05732224418453804,0.953278796817558,-0.2641061535402329,0.12880321327891403,0.9302479396621829
fixed_sigma,cloud,lambda,0.03,cloud,0.25,0.5,0.03,0.031194427576458017,1.1431043566845691,0.19984329766354544,0.009963627831527804,0.9918790220624927,-0.029328654617912675,0.0009129350138205675,0.9991398300183032
fixed_sigma,cloud,lambda,0.03,cloud,0.25,0.5,0.03,0.031194427576458017,0.9891507561057316,0.4816683059765655,0.013420977240442998,0.9890610667206431,-0.13612148872314622,0.0248283602401418,0.9814709403077944
fixed_sigma,cloud,lambda,0.03,cloud,0.25,0.5,0.03,0.031194427576458017,0.9322064216864192,0.3287959311468512,0.03228156707718854,0.9736885100031066,-0.21145948614980337,0.07191282039821967,0.9552848857172611
fixed_sigma,cloud,lambda,0.03,cloud,0.25,0.5,0.03,0.031194427576458017,0.9667836014135591,-0.11656597631507248,0.04125154469409672,0.9663774189468606,-0.039927259942100446,0.0017295405036135245,0.9984058139135159
fixed_sigma,cloud,lambda,0.03,cloud,0.25,0.5,0.03,0.031194427576458017,1.0162889451900754,0.20885619518720822,0.014791854958378479,0.9879437159031881,-0.14135268369604825,0.027100573590697386,0.9800194188119249
fixed_sigma,cloud,lambda,0.03,cloud,0.25,0.5,0.03,0.031194427576458017,1.0535486407857158,0.3813952889880434,0.005043668403967147,0.9958890957665929,-0.10760748793673447,0.014540292765757476,0.9884206285399455
fixed_sigma,cloud,lambda,0.03,cloud,0.25,0.5,0.03,0.031194427576458017,1.0644165513056774,0.5460377693888174,0.0016985076367276063,0.9986156103702604,-0.06202909021011205,0.00437332833464187,0.9961523919677058
fixed_sigma,cloud,lambda,0.03,cloud,0.25,0.5,0.03,0.031194427576458017,1.0972982140448568,0.48136811771806,0.0011447681162254125,0.9990669426063857,-0.055357403986526,0.003434127228464866,0.9969355578238726
fixed_sigma,cloud,lambda,0.03,cloud,0.25,0.5,0.03,0.031194427576458017,0.984015728798521,0.18328542778980841,0.02216525084267195,0.9819339385095184,-0.16617856679817145,0.03971951249119596,0.9723846839369057
fixed_sigma,cloud,lambda,0.03,cloud,0.25,0.5,0.03,0.031194427576458017,1.0868293359261372,0.3614336009674978,0.003504289058169955,0.9971437859172142,-0.08291960235860107,0.008175222855559022,0.9931243395446915
fixed_sigma,cloud,lambda,0.03,cloud,0.25,0.5,0.03,0.031194427576458017,1.2526958408643143,0.5045904710645506,0.02416177706146914,0.9803066451532568,0.06911646601945654,0.004179391081573532,0.9952229141249813
fixed_sigma,cloud,lambda,0.03,cloud,0.25,0.5,0.03,0.031194427576458017,1.126379643964843,-0.03751452301668884,0.019602934390066478,0.984022386184639,0.04569714941026182,0.0019097053772769636,0.9979117705357762
fixed_sigma,cloud,lambda,0.03,cloud,0.25,0.5,0.03,0.031194427576458017,0.987984567664715,0.40863143793821766,0.014877808391331735,0.9878736584959396,-0.15476287589901094,0.03352559200973143,0.9760484522434674
fixed_sigma,cloud,lambda,0.03,cloud,0.25,0.5,0.03,0.031194427576458017,1.045625079684544,-0.04357375002224029,0.022198413828108714,0.9819069086086,-0.023740984421733335,0.0005913809505700312,0.999436365658687
fixed_sigma,cloud,lambda,0.03,cloud,0.25,0.5,0.03,0.031194427576458017,1.1107782199699665,-0.05339996432724162,0.019907030418343574,0.9837745289605154,0.04172506353639416,0.00160430813916721,0.9982590190728838
fixed_sigma,cloud,lambda,0.03,cloud,0.25,0.5,0.03,0.031194427576458017,1.1215035839203287,0.2602637477261163,0.006538177974878307,0.9946709772802361,-0.05511582011693883,0.0034024785242757574,0.9969622463728373
fixed_sigma,cloud,lambda,0.03,cloud,0.25,0.5,0.03,0.031194427576458017,0.8871402699577596,0.06691639778986291,0.05890872416030946,0.9519857167166766,-0.22352901612429688,0.08287381868653776,0.9500347789505038
fixed_sigma,cloud,lambda,10.0,cloud,0.25,0.5,10.0,10.023728190023226,0.08095755903825556,-0.004276983814018819,1.0555706313432212,0.13964411823031941,-0.9238185994364025,147.05354486100254,0.14655919533536366
fixed_sigma,cloud,lambda,10.0,cloud,0.25,0.5,10.0,10.023728190023226,0.08662287658973344,-0.003964930734555311,1.0440399994764928,0.1490423021627738,-0.9188932268219805,128.35590522383242,0.15563523770068832
fixed_sigma,cloud,lambda,10.0,cloud,0.25,0.5,10.0,10.023728190023226,0.09012359365042671,-0.0059132659513099865,1.0370592445995652,0.1547320526533824,-0.9143978446734953,114.10403124050939,0.16387658165646646
fixed_sigma,cloud,lambda,10.0,cloud,0.25,0.5,10.0,10.023728190023226,0.0841099681913858,-0.005555366015919033,1.0492226702445981,0.1448181023354812,-0.9200837850546177,132.55158996400073,0.153445828479568
fixed_sigma,cloud,lambda,10.0,cloud,0.25,0.5,10.0,10.023728190023226,0.07873685018685989,-0.00463129297756857,1.0601201063560757,0.13593601242474884,-0.9255870100650162,154.71662818028844,0.1432886867989036
fixed_sigma,cloud,lambda,10.0,cloud,0.25,0.5,10.0,10.023728190023226,0.07178990610911021,-0.004892699521768407,1.0743713750945887,0.12432033980390533,-0.9316819910078864,185.97946731730175,0.13196866763158066
fixed_sigma,cloud,lambda,10.0,cloud,0.25,0.5,10.0,10.023728190023226,0.08255446259438759,-0.004483641989837327,1.0523293750918867,0.14228594417484175,-0.9222333440537303,140.63544522759815,0.14948565911547396
fixed_sigma,cloud,lambda,10.0,cloud,0.25,0.5,10.0,10.023728190023226,0.07680423616251608,-0.005386577230491138,1.0641108337595284,0.13268332076002254,-0.9268009612392942,160.31058358382475,0.14103997824592018
fixed_sigma,cloud,lambda,10.0,cloud,0.25,0.5,10.0,10.023728190023226,0.08391033134351755,-0.005174730634504771,1.0496083718569205,0.14450373147206752,-0.9205318506581717,134.18112880971466,0.15262111192384153
fixed_sigma,cloud,lambda,10.0,cloud,0.25,0.5,10.0,10.023728190023226,0.0795911121344503,-0.0035177772829264216,1.0583177178440006,0.13740507144510505,-0.9255589159109934,154.5904848021076,0.14334069317766673
fixed_sigma,cloud,lambda,10.0,cloud,0.25,0.5,10.0,10.023728190023226,0.07477724168239586,-0.0032808853576519062,1.0681527407793037,0.1293889145168281,-0.9300769727835813,176.92831430903416,0.1349568246977294
fixed_sigma,cloud,lambda,10.0,cloud,0.25,0.5,10.0,10.023728190023226,0.07905365614574167,-0.0041840223159728815,1.0594497064315176,0.1364824301642208,-0.9256050487892922,154.79769982343106,0.14325529365577205
fixed_sigma,cloud,lambda,10.0,cloud,0.25,0.5,10.0,10.023728190023226,0.08444767921190222,-0.006014802453116005,1.0485607330995956,0.14535762238194183,-0.9194497552820486,130.29335728212817,0.15461214751178087
fixed_sigma,cloud,lambda,10.0,cloud,0.25,0.5,10.0,10.023728190023226,0.09383053059743063,-0.005541765460765519,1.029566401408385,0.16083918704997568,-0.9113065730016447,105.57136427287908,0.1695203300039979
fixed_sigma,cloud,lambda,10.0,cloud,0.25,0.5,10.0,10.023728190023226,0.08277184353577235,-0.0030069360122265574,1.0518098446428146,0.14270939388473836,-0.9230006538401724,143.69112420079054,0.1480697930106143
fixed_sigma,cloud,lambda,10.0,cloud,0.25,0.5,10.0,10.023728190023226,0.08646779160606188,-0.0048852593154129235,1.044402525566638,0.14874682079498092,-0.9184183825565255,126.73498350288017,0.15650767458225556
fixed_sigma,cloud,lambda,10.0,cloud,0.25,0.5,10.0,10.023728190023226,0.09593585368161475,-0.007499621012835594,1.0254370399873487,0.1642048740831783,-0.9080029677610567,97.41523912488712,0.17553061053711339
fixed_sigma,cloud,lambda,10.0,cloud,0.25,0.5,10.0,10.023728190023226,0.08623861340147049,-0.0056783912893021895,1.0449087150703225,0.14833424478741353,-0.9180737303054767,125.57661141249659,0.15714062572298693
fixed_sigma,cloud,lambda,10.0,cloud,0.25,0.5,10.0,10.023728190023226,0.07486726753668677,-0.002861803198274728,1.067946260530711,0.12955720879394328,-0.9302642425003997,177.95148241340826,0.13460843912515752
fixed_sigma,cloud,lambda,10.0,cloud,0.25,0.5,10.0,10.023728190023226,0.06977094111928916,-0.005258891066672582,1.078546482335112,0.12091736707546497,-0.9332380138099268,195.4008030425524,0.12906680958010297
fixed_sigma,cloud,lambda,10.0,cloud,0.25,0.5,10.0,10.023728190023226,0.07479955001801687,-0.004119134103602567,1.0681508363072785,0.12939046678027677,-0.9295000733013414,173.82871744300326,0.13602961373280087
fixed_sigma,cloud,lambda,10.0,cloud,0.25,0.5,10.0,10.023728190023226,0.09900215547722208,-0.0063261906331161695,1.0192272474796868,0.16926624217158137,-0.9060844080761485,93.08118724784373,0.17901104544129554
fixed_sigma,cloud,lambda,10.0,cloud,0.25,0.5,10.0,10.023728190023226,0.08413469945801005,-0.006106231573961918,1.049201324329675,0.14483550058710992,-0.919665787977576,131.05662668976734,0.1542148384235842
fixed_sigma,cloud,lambda,10.0,cloud,0.25,0.5,10.0,10.023728190023226,0.09085267048114606,-0.00428165824188733,1.0355017122075045,0.156001538668592,-0.9148520170912533,115.43911039087108,0.16304578682406523
fixed_sigma,cloud,lambda,10.0,cloud,0.25,0.5,10.0,10.023728190023226,0.07558165994275236,-0.003746798231831835,1.0665283304935818,0.13071291018536013,-0.9290419690393659,171.4223939312364,0.1368810197634579
fixed_sigma,cloud,lambda,10.0,cloud,0.25,0.5,10.0,10.023728190023226,0.08457949909593239,-0.007098103653618698,1.0483499103692753,0.14552945605242873,-0.9185277675624705,127.10579350731986,0.1563067402167042
fixed_sigma,cloud,lambda,10.0,cloud,0.25,0.5,10.0,10.023728190023226,0.09150471356047413,-0.006119309889585849,1.0342824447231411,0.15699531769244357,-0.9130040914962212,110.14068974007255,0.16642352891115975
fixed_sigma,cloud,lambda,10.0,cloud,0.25,0.5,10.0,10.023728190023226,0.08914351106949636,-0.004710659053387909,1.0389766830960303,0.15316922072212058,-0.9161147687438465,119.26932371156374,0.16073373048940875
fixed_sigma,cloud,lambda,10.0,cloud,0.25,0.5,10.0,10.023728190023226,0.0876621373954277,-0.0038193605876402567,1.0419271383139634,0.1507644157519249,-0.9180459310287438,125.48383364184178,0.15719166852156707
fixed_sigma,cloud,lambda,10.0,cloud,0.25,0.5,10.0,10.023728190023226,0.0924433087669213,-0.0030497864718033747,1.0322294469929847,0.15866863885158966,-0.9141964531124538,113.51900671276168,0.16424484511660908
fixed_sigma,cloud,lambda,10.0,cloud,0.25,0.5,10.0,10.023728190023226,0.08141405693866732,-0.00474072420006294,1.0546647400391858,0.14038247612748744,-0.923089902676716,144.05265895464206,0.14790503157629098
fixed_sigma,cloud,lambda,10.0,cloud,0.25,0.5,10.0,10.023728190023226,0.08433024526924734,-0.006917477109942338,1.048846673544127,0.14512456309061295,-0.9188887230432932,128.3403933779837,0.15564351466386606
fixed_sigma,cloud,lambda,10.0,cloud,0.25,0.5,10.0,10.023728190023226,0.0813724065867692,-0.003716207271874095,1.0546959692488274,0.14035702237441738,-0.9238148416888315,147.03784251920888,0.14656613827543907
fixed_sigma,cloud,lambda,10.0,cloud,0.25,0.5,10.0,10.023728190023226,0.09084069021363185,-0.0050013869970902914,1.0355635852072238,0.15595110831589887,-0.9143817670213189,114.05717067100862,0.1639059841389705
fixed_sigma,cloud,lambda,10.0,cloud,0.25,0.5,10.0,10.023728190023226,0.09156288146209418,-0.007122245962975622,1.0342178078906117,0.15704800074120828,-0.9122227793934388,108.0035860370955,0.16784960075570954
fixed_sigma,cloud,lambda,10.0,cloud,0.25,0.5,10.0,10.023728190023226,0.06972547952091109,-0.0037618149479111073,1.0785617679757764,0.12090490832522915,-0.9343352626408479,202.4608503302441,0.12701761698585778
fixed_sigma,cloud,lambda,10.0,cloud,0.25,0.5,10.0,10.023728190023226,0.08954566420980534,-0.00496040294883566,1.0381768898944397,0.1538211020503386,-0.9155817391861945,117.63090640036455,0.1617100788687834
fixed_sigma,cloud,lambda,10.0,cloud,0.25,0.5,10.0,10.023728190023226,0.09176022873191382,-0.0056249896179985225,1.0337412014471867,0.1574364647100932,-0.9131211003351049,110.46587408154032,0.16620985612280736
fixed_sigma,cloud,lambda,10.0,cloud,0.25,0.5,10.0,10.023728190023226,0.08240321358040051,-0.00785970646713882,1.0528143954672173,0.14189062232682592,-0.9198914296472821,131.86064109659773,0.15379975766147946
fixed_sigma,cloud,lambda,10.0,cloud,0.25,0.5,10.0,10.023728190023226,0.08045450776638113,-0.0037511414758423685,1.056568632933131,0.13883068470687843,-0.9246238729622381,150.47438152895802,0.14507069354831093
fixed_sigma,cloud,lambda,10.0,cloud,0.25,0.5,10.0,10.023728190023226,0.0770962976816037,-0.002345298710821787,1.0633541597666871,0.1333000572445293,-0.9285634776496594,168.95948904033693,0.13776986797517043
fixed_sigma,cloud,lambda,10.0,cloud,0.25,0.5,10.0,10.023728190023226,0.08851450075180287,-0.006895947194275767,1.0403634066069853,0.15203895459533356,-0.9151370942642021,116.28843416193207,0.16252409870167295
fixed_sigma,cloud,lambda,10.0,cloud,0.25,0.5,10.0,10.023728190023226,0.08201652460912975,-0.0019344852409984297,1.0532910990907325,0.14150207915010804,-0.9243435823135817,149.27095562139922,0.14558894183569482
fixed_sigma,cloud,lambda,10.0,cloud,0.25,0.5,10.0,10.023728190023226,0.07904368944171497,-0.005712702267588819,1.059550153985388,0.1364005591446834,-0.9245443052246344,150.13135735324877,0.1452178276766981
fixed_sigma,cloud,lambda,10.0,cloud,0.25,0.5,10.0,10.023728190023226,0.0804325479789979,-0.005808802653941151,1.0567211966461347,0.13870633576808655,-0.9232215969346435,144.58850292291805,0.14766188295344673
fixed_sigma,cloud,lambda,10.0,cloud,0.25,0.5,10.0,10.023728190023226,0.08504312826652315,-0.006077712615845566,1.0473549700786553,0.1463403944260696,-0.9188669474840876,128.265431836137,0.155683532821275
fixed_sigma,cloud,lambda,10.0,cloud,0.25,0.5,10.0,10.023728190023226,0.0722091615131528,-0.0022215066679674754,1.073369723427906,0.12513674836750677,-0.9330765583860303,194.39183694187463,0.12936813619048093
fixed_sigma,cloud,lambda,10.0,cloud,0.25,0.5,10.0,10.023728190023226,0.10297161041524472,-0.005485907746564837,1.0112520806481442,0.17576650040904385,-0.9030723464037843,86.80598874613392,0.18446033716076338
fixed_sigma,cloud,lambda,10.0,cloud,0.25,0.5,10.0,10.023728190023226,0.0962272939534774,-0.005759708707179532,1.0247604772265078,0.16475631491848752,-0.9089882378235814,99.75196981674256,0.17374038349838017
fixed_sigma,cloud,lambda,10.0,cloud,0.25,0.5,10.0,10.023728190023226,0.083598519836227,-0.005502123278544841,1.050259290224016,0.14397319241664697,-0.9205835290056021,134.3709016791983,0.1525259661235917
fixed_sigma,cloud,lambda,10.0,cloud,0.25,0.5,10.0,10.023728190023226,0.09098430540938507,-0.002920687023689208,1.0351648888719207,0.15627607068879235,-0.9156008125594188,117.6889824613829,0.16167515204053196
fixed_sigma,cloud,lambda,10.0,cloud,0.25,0.5,10.0,10.023728190023226,0.0782439126652554,-0.003839846271480007,1.061085763788499,0.135148941406391,-0.9265684124728436,159.2168936577836,0.1414709770075544
fixed_sigma,cloud,lambda,10.0,cloud,0.25,0.5,10.0,10.023728190023226,0.09311474325390362,-0.005727197407851813,1.0310170465494668,0.15965682080897647,-0.9118252874591053,106.93876381802038,0.16857464515012
fixed_sigma,cloud,lambda,10.0,cloud,0.25,0.5,10.0,10.023728190023226,0.08137100145741277,-0.003406320619569975,1.0546826294648988,0.14036789513008507,-0.9240171900131081,147.88679613681208,0.1461922325602797
fixed_sigma,cloud,lambda,10.0,cloud,0.25,0.5,10.0,10.023728190023226,0.08458618275777294,-0.0049747909306325335,1.048224899316616,0.14563134785506882,-0.9200592809886867,132.46328496027604,0.15349091946658078
fixed_sigma,cloud,lambda,10.0,cloud,0.25,0.5,10.0,10.023728190023226,0.07591069415753843,-0.004735802972972508,1.0659060652086814,0.131220095192207,-0.9280700054268834,166.47208484601578,0.13868606502694447
fixed_sigma,cloud,lambda,10.0,cloud,0.25,0.5,10.0,10.023728190023226,0.08892826896330805,-0.006020459267496642,1.0394805590206346,0.15275853042576037,-0.9154012427509437,117.08331999898166,0.16204056477002782
fixed_sigma,cloud,lambda,10.0,cloud,0.25,0.5,10.0,10.023728190023226,0.08631882927047448,-0.006136651428187088,1.0447701281054775,0.14844720180497395,-0.9176732269008026,124.24929598974178,0.15787584862946813
fixed_sigma,cloud,lambda,10.0,cloud,0.25,0.5,10.0,10.023728190023226,0.08383214040043367,-0.0031995235605248797,1.049663903586352,0.1444584696500515,-0.9219169816590767,139.40246192804202,0.15006907892861776
fixed_sigma,cloud,lambda,10.0,cloud,0.25,0.5,10.0,10.023728190023226,0.08528466070778135,-0.004689628952080674,1.0467919602052191,0.14679928257786368,-0.919622359005819,130.9026781242398,0.15429471681657259
fixed_sigma,cloud,lambda,10.0,cloud,0.25,0.5,10.0,10.023728190023226,0.08788079578766403,-0.004887080122407163,1.0415403670438628,0.15107965845312354,-0.9171384163841456,122.50767909513677,0.1588571251923815
fixed_sigma,cloud,lambda,10.0,cloud,0.25,0.5,10.0,10.023728190023226,0.07655762473045533,-0.006488017408818381,1.0646733561774222,0.13222482991488949,-0.9262069191588829,157.53779309771724,0.14214074290221057
fixed_sigma,cloud,lambda,10.0,cloud,0.25,0.5,10.0,10.023728190023226,0.07545471129696996,-0.005112478705903439,1.066859942993823,0.13044262532087136,-0.9282158492472512,167.20175276819717,0.13841533720620425
fixed_sigma,cloud,lambda,10.0,cloud,0.25,0.5,10.0,10.023728190023226,0.09264326441594434,-0.0022784089882117403,1.031786277639853,0.15902984950700716,-0.9144851717573879,114.35903451718525,0.16371687063586082
fixed_sigma,cloud,lambda,10.0,cloud,0.25,0.5,10.0,10.023728190023226,0.08180232145620087,-0.0041505691818157706,1.0538430312784175,0.14105222000292006,-0.9231383246078356,144.24935141185813,0.1478156336402383
fixed_sigma,cloud,lambda,10.0,cloud,0.25,0.5,10.0,10.023728190023226,0.07975618667919473,-0.0051249587284556905,1.0580649870813368,0.1376110627750129,-0.9243214400768496,149.17647303576706,0.14562987541425898
fixed_sigma,cloud,lambda,10.0,cloud,0.25,0.5,10.0,10.023728190023226,0.08712387783070853,-0.0066900994664478575,1.0431677143301916,0.1497532689459683,-0.9165425796149321,120.60779504062704,0.15994969975280582
fixed_sigma,cloud,lambda,10.0,cloud,0.25,0.5,10.0,10.023728190023226,0.08406151922401717,-0.0037043025235177817,1.0492241693269224,0.1448168804899158,-0.921384957393501,137.36336683712676,0.15104976028897632
fixed_sigma,cloud,lambda,10.0,cloud,0.25,0.5,10.0,10.023728190023226,0.07604848560218305,-0.0015536622289998203,1.0654575908281438,0.13158562977574073,-0.9299909942200475,176.4613777329263,0.1351167506696076
fixed_sigma,cloud,lambda,10.0,cloud,0.25,0.5,10.0,10.023728190023226,0.07572474476769016,-0.005130686397960282,1.0663076471316244,0.13089278088546397,-0.9279590150361784,165.91983476600763,0.1388920664130856
fixed_sigma,cloud,lambda,10.0,cloud,0.25,0.5,10.0,10.023728190023226,0.08338262250138934,-0.006862907203141808,1.0507696473865273,0.14355721950727263,-0.9197826996791124,131.4723389918805,0.15399978537100367
fixed_sigma,cloud,lambda,10.0,cloud,0.25,0.5,10.0,10.023728190023226,0.08663088328334373,-0.003609127695686675,1.0440051623873807,0.14907069656257177,-0.9191167898360667,129.1292533935648,0.1552243266414436
fixed_sigma,cloud,lambda,10.0,cloud,0.25,0.5,10.0,10.023728190023226,0.07743075013973677,-0.007348593617068749,1.0629321577009954,0.13364401524085479,-0.9247545942146008,151.04036203828883,0.14482894047898898
fixed_sigma,cloud,lambda,10.0,cloud,0.25,0.5,10.0,10.023728190023226,0.07722961469910504,-0.004781533352683973,1.0632088153053292,0.13341852204309312,-0.9268457790961789,160.52259582145658,0.14095690177159703
fixed_sigma,cloud,lambda,10.0,cloud,0.25,0.5,10.0,10.023728190023226,0.08481589166573422,-0.006312673593148801,1.047828626835198,0.14595433463591334,-0.9189007599155263,128.3818565361868,0.15562139342666825
fixed_sigma,cloud,lambda,10.0,cloud,0.25,0.5,10.0,10.023728190023226,0.08205568514094239,-0.006400565736753535,1.0534450962618576,0.14137656185356795,-0.92132365848697,137.1311548065564,0.15116271631218514
fixed_sigma,cloud,lambda,10.0,cloud,0.25,0.5,10.0,10.023728190023226,0.08825648774527067,-0.0052585025605492355,1.0407994827966514,0.1516835253104155,-0.916543706117799,120.61134750010129,0.15994763477584972
fixed_sigma,cloud,lambda,10.0,cloud,0.25,0.5,10.0,10.023728190023226,0.08857857700670321,-0.004572884772669492,1.0401119213489705,0.1522439307612924,-0.9167188493426908,121.16547483684676,0.15962655125981307
fixed_sigma,cloud,lambda,10.0,cloud,0.25,0.5,10.0,10.023728190023226,0.09702618440407229,-0.006842862300644145,1.0232141766012661,0.1660166463434134,-0.907500801154229,96.25384603726081,0.1764422959044324
fixed_sigma,cloud,lambda,10.0,cloud,0.25,0.5,10.0,10.023728190023226,0.09500807158855815,-0.006628480089357437,1.027255214606727,0.16272294840107016,-0.9094766744377859,100.93972788236876,0.1728521786535856
fixed_sigma,cloud,lambda,10.0,cloud,0.25,0.5,10.0,10.023728190023226,0.08959507434434037,-0.006133772858327169,1.0381385749046315,0.1538523311560589,-0.9147181697835147,115.0433680129016,0.1632906698678971
fixed_sigma,cloud,lambda,10.0,cloud,0.25,0.5,10.0,10.023728190023226,0.08268735713070063,-0.0046737426347265125,1.0520689217135333,0.14249822991805916,-0.9219837757155054,139.6614997184093,0.14994591731738072
fixed_sigma,cloud,lambda,10.0,cloud,0.25,0.5,10.0,10.023728190023226,0.09008361575367305,-0.005693141565413186,1.0371284430050118,0.1546756516382658,-0.9145890858908676,114.66352509386375,0.1635268039693072
fixed_sigma,cloud,lambda,10.0,cloud,0.25,0.5,10.0,10.023728190023226,0.0931588500074976,-0.004724681518496154,1.0308756776618049,0.159772045267092,-0.9124691067982382,108.67098880779403,0.1674001291388253
fixed_sigma,cloud,lambda,10.0,cloud,0.25,0.5,10.0,10.023728190023226,0.0763911620917668,-0.005141845735373787,1.064943486565186,0.13200465680561924,-0.9273492648855548,162.93209357708358,0.14002334091622115
fixed_sigma,cloud,lambda,10.0,cloud,0.25,0.5,10.0,10.023728190023226,0.08463473225400323,-0.004833045247110848,1.048118879630804,0.14571776050957375,-0.9201127414911402,132.65604772049556,0.15339254294565818
fixed_sigma,cloud,lambda,10.0,cloud,0.25,0.5,10.0,10.023728190023226,0.08723873050255049,-0.005368879507267813,1.04286572372315,0.149999410120507,-0.9173874011196579,123.31416700329667,0.15840035626691995
fixed_sigma,cloud,lambda,10.0,cloud,0.25,0.5,10.0,10.023728190023226,0.09014339550416223,-0.005244857521365118,1.0369841945761908,0.15479322310197186,-0.9148463561317135,115.42233382171936,0.16305614467252605
fixed_sigma,cloud,lambda,10.0,cloud,0.25,0.5,10.0,10.023728190023226,0.08487792858113717,-0.004609326891760489,1.0476133547158704,0.14612979483587063,-0.9200449715335388,132.41175678300752,0.15351725035584973
fixed_sigma,cloud,lambda,10.0,cloud,0.25,0.5,10.0,10.023728190023226,0.08345030005752274,-0.003736803658349973,1.050468164791438,0.1438029466203945,-0.921917905597813,139.40604044544156,0.15006737533814207
fixed_sigma,cloud,lambda,10.0,cloud,0.25,0.5,10.0,10.023728190023226,0.08429108506658396,-0.00589193499419236,1.0488723690908346,0.14510361961787066,-0.9196797512212462,131.10617869884118,0.15418915519362664
fixed_sigma,cloud,lambda,10.0,cloud,0.25,0.5,10.0,10.023728190023226,0.09228501631681955,-0.003054842546572073,1.0325487134345337,0.15840841679473994,-0.9143369965170453,113.92682410686294,0.1639878568001888
fixed_sigma,cloud,lambda,10.0,cloud,0.25,0.5,10.0,10.023728190023226,0.07700546826174891,-0.0067025299503396946,1.063768140480091,0.13296263715046797,-0.9256401636524565,154.95569073684578,0.14319028743345352
fixed_sigma,cloud,lambda,10.0,cloud,0.25,0.5,10.0,10.023728190023226,0.08555786041999654,-0.004441503107615126,1.0462246017952457,0.14726171505807684,-0.9195424487773789,130.62007953866478,0.15444168489650156
fixed_sigma,cloud,lambda,10.0,cloud,0.25,0.5,10.0,10.023728190023226,0.0839164280514892,-0.006512310472721555,1.049666161735734,0.14445662911750445,-0.9195643311883996,130.69737943114725,0.15440144080603124
fixed_sigma,cloud,lambda,10.0,cloud,0.25,0.5,10.0,10.023728190023226,0.07193349753999619,-0.005431551334060368,1.0741043542197124,0.12453797846628711,-0.9311616158652042,182.97375284883736,0.13293804513930196
fixed_sigma,cloud,lambda,10.0,cloud,0.25,0.5,10.0,10.023728190023226,0.08581703052610244,-0.004323556145874499,1.0456926682159884,0.14769527409243766,-0.919386580769985,130.07134668603982,0.1547283151000758
fixed_sigma,cloud,lambda,10.0,cloud,0.25,0.5,10.0,10.023728190023226,0.08470474590718308,-0.0039019117452336917,1.0479279613907608,0.14587337077939466,-0.9206729923047431,134.70033066021963,0.15236124124063044
fixed_sigma,cloud,lambda,10.0,cloud,0.25,0.5,10.0,10.023728190023226,0.09316537350211815,-0.006407908095851212,1.0309508187875605,0.15971080056438147,-0.9112984686781535,105.55019648348545,0.16953510098485258
fixed_sigma,cloud,lambda,10.0,cloud,0.25,0.5,10.0,10.023728190023226,0.08103570202447875,-0.004832620389126824,1.0554404709777747,0.13975020704395258,-0.9233687534958678,145.1906228192072,0.14739014506748738
fixed_sigma,cloud,lambda,10.0,cloud,0.25,0.5,10.0,10.023728190023226,0.08401944198605601,-0.005691516821869622,1.0494137488716118,0.144662361340279,-0.9200686642715796,132.49708950962292,0.1534736530255113
fixed_sigma,cloud,lambda,10.0,cloud,0.25,0.5,10.0,10.023728190023226,0.09141917110087491,-0.007759626378882804,1.0345411974666099,0.1567844180726956,-0.9118727821173095,107.06521315459973,0.16848802923363781
fixed_sigma,cloud,lambda,10.0,cloud,0.25,0.5,10.0,10.023728190023226,0.09657944570258653,-0.005687319863682212,1.0240498432437293,0.16533552592409395,-0.9087197462713387,99.10743888682558,0.17422842273655392
fixed_sigma,cloud,lambda,10.0,cloud,0.25,0.5,10.0,10.023728190023226,0.08009942608859795,-0.0029094043285778906,1.0572488082752356,0.13827629939258657,-0.9254869792086469,154.26815498484802,0.1434738513152537
fixed_sigma,cloud,lambda,10.0,cloud,0.25,0.5,10.0,10.023728190023226,0.09008521160802782,-0.0064050864759418,1.0371625853148618,0.15464782352688744,-0.9140805453126459,113.18422660424552,0.16445675668093584
fixed_sigma,cloud,lambda,10.0,cloud,0.25,0.5,10.0,10.023728190023226,0.08836473490252324,-0.004162098411792023,1.0405230316287832,0.15190885024958578,-0.9171852531167698,122.65881624197783,0.15877121146512696
fixed_sigma,cloud,lambda,10.0,cloud,0.25,0.5,10.0,10.023728190023226,0.07979638580163644,-0.007000068489600389,1.0580813780232172,0.1375977031353679,-0.9229031108269099,143.29746583401254,0.1482498480260125
fixed_sigma,cloud,lambda,10.0,cloud,0.25,0.5,10.0,10.023728190023226,0.07067369177774721,-0.004655151906172785,1.076655583515144,0.12245856751557271,-0.9328591728518562,193.04510691414256,0.12977376362615078
fixed_sigma,cloud,lambda,10.0,cloud,0.25,0.5,10.0,10.023728190023226,0.08293606839740135,-0.00657912162803369,1.051662886685249,0.1428291737833165,-0.9203977242163853,133.69036346878624,0.1528680292572987
fixed_sigma,cloud,lambda,10.0,cloud,0.25,0.5,10.0,10.023728190023226,0.08394465817935973,-0.005869035997018198,1.0495750253374447,0.1445309109646714,-0.920008910863967,132.28202892372644,0.15358360393089732
fixed_sigma,cloud,lambda,10.0,cloud,0.25,0.5,10.0,10.023728190023226,0.0803888973380378,-0.0057729150386915794,1.0568083253154763,0.1386353204699028,-0.9232870236903137,144.85576965863416,0.14754107188508214
fixed_sigma,cloud,lambda,10.0,cloud,0.25,0.5,10.0,10.023728190023226,0.07313103950307683,-0.003765836472221979,1.0715562527895606,0.12661484001176915,-0.9312489561297599,183.47335590423944,0.13277538170723258
fixed_sigma,cloud,lambda,10.0,cloud,0.25,0.5,10.0,10.023728190023226,0.07798811517178139,-0.0036814243932558727,1.061600268914,0.13472958764854515,-0.9269048260942402,160.80253071117977,0.14084744336320631
fixed_sigma,cloud,lambda,10.0,cloud,0.25,0.5,10.0,10.023728190023226,0.09251685927345069,-0.005686185695547234,1.032219253812711,0.15867694692908063,-0.912394404023907,108.4679741700717,0.1675364515058595
fixed_sigma,cloud,lambda,10.0,cloud,0.25,0.5,10.0,10.023728190023226,0.08312961568995478,-0.003930435042766862,1.051130379041868,0.1432632007157324,-0.9220817507644021,140.04270224234747,0.14976524490725496
fixed_sigma,cloud,lambda,10.0,cloud,0.25,0.5,10.0,10.023728190023226,0.08737985347602253,-0.0055334948956461474,1.0425885276634457,0.15022534219296957,-0.9171447261029638,122.52802449836689,0.15884555138151946
fixed_sigma,cloud,lambda,10.0,cloud,0.25,0.5,10.0,10.023728190023226,0.07512710387389082,-0.006584312929328589,1.0676085716133141,0.1298324463172923,-0.9274191663450243,163.27069053294383,0.13989368989590012
fixed_sigma,cloud,lambda,10.0,cloud,0.25,0.5,10.0,10.023728190023226,0.07982794987242564,-0.005058325627477286,1.0579150682604532,0.13773325596181174,-0.924303433798629,149.09970168280222,0.14566316226806342
fixed_sigma,cloud,lambda,10.0,cloud,0.25,0.5,10.0,10.023728190023226,0.07798401165040164,-0.006237398253759608,1.061742581356881,0.13461359413409324,-0.9251125266068444,152.60570397569657,0.1441668131151006
fixed_sigma,cloud,lambda,10.0,cloud,0.25,0.5,10.0,10.023728190023226,0.08192046100385764,-0.00553445688273876,1.05367496468902,0.14118920475261232,-0.922076130586839,140.02079520781956,0.14977560940200263
fixed_sigma,cloud,lambda,10.0,cloud,0.25,0.5,10.0,10.023728190023226,0.09124637201324279,-0.007017154322980484,1.0348507436194319,0.15653211865724037,-0.9125858136508861,108.98923080457122,0.16718713272315022
fixed_sigma,cloud,lambda,10.0,cloud,0.25,0.5,10.0,10.023728190023226,0.0781667541858638,-0.00676948083124394,1.0613970282891068,0.13489524143034748,-0.9245449765349796,150.1342467750806,0.14521658636393409
fixed_sigma,cloud,lambda,10.0,cloud,0.25,0.5,10.0,10.023728190023226,0.08117208324250733,-0.004808713908035949,1.0551613020368082,0.13997774713765743,-0.9232619259751842,144.75316302832664,0.14758741604459347
fixed_sigma,cloud,lambda,10.0,cloud,0.25,0.5,10.0,10.023728190023226,0.08298477277089589,-0.00447208707013284,1.051453320926024,0.14299998294398575,-0.9218516189131434,139.14963584272115,0.15018959270721666
fixed_sigma,cloud,lambda,10.0,cloud,0.25,0.5,10.0,10.023728190023226,0.09555982319814983,-0.0047321846797960644,1.0260470381199553,0.1637076875703356,-0.9102892624899146,102.96034422485192,0.1713734585955674
fixed_sigma,cloud,lambda,10.0,cloud,0.25,0.5,10.0,10.023728190023226,0.07412687102310511,-0.003680861048516223,1.06950762348089,0.12828460063502334,-0.9304036558045814,178.71868562146054,0.13434903726546998
fixed_sigma,cloud,lambda,10.0,cloud,0.25,0.5,10.0,10.023728190023226,0.087393418095812,-0.004421037469508721,1.0425027654869898,0.15029524371424752,-0.9178937359979427,124.97761413076705,0.15747108941573917
fixed_sigma,cloud,lambda,10.0,cloud,0.25,0.5,10.0,10.023728190023226,0.08356558590646858,-0.004726437418338782,1.050285586467841,0.14395175933829896,-0.9211530726097429,136.48787193588453,0.15147701682162973
fixed_sigma,cloud,lambda,10.0,cloud,0.25,0.5,10.0,10.023728190023226,0.0931109503111562,-0.008654985229716238,1.0311786139660215,0.1595251332903893,-0.9096602102494871,101.39119601537955,0.17251830188885897
fixed_sigma,cloud,lambda,10.0,cloud,0.25,0.5,10.0,10.023728190023226,0.09377476856156974,-0.0049693856783923455,1.02964861223036,0.1607721801040346,-0.9117472704683259,106.73150930536715,0.16871691479355733
fixed_sigma,cloud,lambda,10.0,cloud,0.25,0.5,10.0,10.023728190023226,0.09691418834827303,-0.007531981560337732,1.0234750778079909,0.1658039955921503,-0.9070975572796922,95.33529800093936,0.1771740215772155
fixed_sigma,cloud,lambda,10.0,cloud,0.25,0.5,10.0,10.023728190023226,0.08926521214443366,-0.0029903437365483123,1.0386406669419637,0.15344309483905483,-0.9171180758890994,122.44212467100603,0.158894434877476
fixed_sigma,cloud,lambda,10.0,cloud,0.25,0.5,10.0,10.023728190023226,0.08836667505276868,-0.005484339545442496,1.0405883729193635,0.1518555930235852,-0.9162871531398735,119.8061113865846,0.160417852990826
fixed_sigma,cloud,lambda,10.0,cloud,0.25,0.5,10.0,10.023728190023226,0.08805497237616311,-0.006404590113719982,1.0412674183695025,0.15130212864169656,-0.9159125315292826,118.64390882751344,0.1611042345876208
fixed_sigma,cloud,lambda,10.0,cloud,0.25,0.5,10.0,10.023728190023226,0.08060499287706177,-0.005894916640232304,1.0563741062141554,0.13898923611202596,-0.9230033878000209,143.70217991486402,0.14806474610968423
fixed_sigma,cloud,lambda,10.0,cloud,0.25,0.5,10.0,10.023728190023226,0.07320001696677282,-0.0023202789410759605,1.0713390750097465,0.12679185344384514,-0.9321161694491163,188.5416928240543,0.13115944665150625
fixed_sigma,cloud,lambda,10.0,cloud,0.25,0.5,10.0,10.023728190023226,0.0881554981648765,-0.0030105971665292377,1.0408862094944409,0.1516128376441105,-0.9181126732428001,125.70674388328618,0.15706911923095934
fixed_sigma,cloud,lambda,10.0,cloud,0.25,0.5,10.0,10.023728190023226,0.0712094822329546,-0.007037885866169935,1.075677880785925,0.12325545620187062,-0.9305773664578949,179.68126714194344,0.13402576503628882
fixed_sigma,cloud,lambda,10.0,cloud,0.25,0.5,10.0,10.023728190023226,0.09585127485168497,-0.007055040350293962,1.0255835152589758,0.16408548760373642,-0.9084067115752064,98.36336226862387,0.17479724636511984
fixed_sigma,cloud,lambda,10.0,cloud,0.25,0.5,10.0,10.023728190023226,0.08733502866191277,-0.006528933680248335,1.0427315538055422,0.15010876696915632,-0.9164709261390374,120.38213792092525,0.1600810415418551
fixed_sigma,cloud,lambda,10.0,cloud,0.25,0.5,10.0,10.023728190023226,0.08510753308436181,-0.0031713974914309283,1.0470720343821462,0.1465710046604074,-0.9207776618606072,135.08721173454623,0.15216849741851335
fixed_sigma,cloud,lambda,10.0,cloud,0.25,0.5,10.0,10.023728190023226,0.0784616778367481,-0.004178498092483758,1.0606585239427733,0.13549716852003169,-0.9261447519880176,157.25158027624823,0.14225589836505337
fixed_sigma,cloud,lambda,10.0,cloud,0.25,0.5,10.0,10.023728190023226,0.08839382676925213,-0.005848512126967408,1.0405525405529243,0.15188479863646243,-0.9160062840179716,118.93325783594871,0.16093248763958723
fixed_sigma,cloud,lambda,10.0,cloud,0.25,0.5,10.0,10.023728190023226,0.07276642671946407,-0.00371218673660618,1.0723023989982166,0.1260066843278047,-0.9316150577605006,185.58891382683754,0.13209338415389915
fixed_sigma,cloud,lambda,10.0,cloud,0.25,0.5,10.0,10.023728190023226,0.094498376621968,-0.005059445104170694,1.0281976296806652,0.16195482135409156,-0.9110314029049499,104.85598143498399,0.17002178292103887
fixed_sigma,cloud,lambda,10.0,cloud,0.25,0.5,10.0,10.023728190023226,0.07980338161241018,-0.005969342199788606,1.0580129712857147,0.13765345889174785,-0.9236718192138491,146.441970634579,0.14683037039017843
fixed_sigma,cloud,lambda,10.0,cloud,0.25,0.5,10.0,10.023728190023226,0.0767692145920496,-0.006694588926497818,1.0642511515315851,0.13256895302666472,-0.9258585986818441,155.94366909951046,0.14278585524689202
fixed_sigma,cloud,lambda,10.0,cloud,0.25,0.5,10.0,10.023728190023226,0.06971005468456018,-0.002458162949028379,1.078525437594045,0.12093451985162207,-0.9351981431984083,208.27271168381225,0.12540443295824932
fixed_sigma,cloud,lambda,10.0,cloud,0.25,0.5,10.0,10.023728190023226,0.09396073310505756,-0.005822070361864681,1.0293191100534622,0.16104074492341502,-0.9109943069762139,104.76006368824872,0.1700893726569278
fixed_sigma,cloud,lambda,10.0,cloud,0.25,0.5,10.0,10.023728190023226,0.08543916281510996,-0.005507368919702853,1.0465212887776265,0.1470198966683296,-0.9189168700406929,128.43738049148888,0.1555917859546163
fixed_sigma,cloud,lambda,10.0,cloud,0.25,0.5,10.0,10.023728190023226,0.08083473981109572,-0.002635610994851734,1.0557351572054618,0.1395100193940323,-0.9249905784461964,152.06980384707947,0.14439242978577105
fixed_sigma,cloud,lambda,10.0,cloud,0.25,0.5,10.0,10.023728190023226,0.07640439268198655,-0.007358670266449666,1.065032784175712,0.13193187368513182,-0.9256667277394147,155.0753622559156,0.14314110915620426
fixed_sigma,cloud,lambda,10.0,cloud,0.25,0.5,10.0,10.023728190023226,0.08639600752579868,-0.0052365181947705754,1.044566449350681,0.14861321268996586,-0.9182414249484732,126.13834699501511,0.15683268550859752
fixed_sigma,cloud,lambda,10.0,cloud,0.25,0.5,10.0,10.023728190023226,0.09477732945092207,-0.005952823483893097,1.0276835816512802,0.1623738025501018,-0.9101647361335827,102.64701262025307,0.17160015309888577
fixed_sigma,cloud,lambda,10.0,cloud,0.25,0.5,10.0,10.023728190023226,0.08407440627514413,-0.0023868531763089973,1.0491291562330924,0.14489432208566932,-0.9222019978501463,140.5125866190141,0.1495434751611987
fixed_sigma,cloud,lambda,10.0,cloud,0.25,0.5,10.0,10.023728190023226,0.08679861393284927,-0.007359790502754784,1.0438619244951883,0.14918744437591636,-0.9163327812814638,119.9487654150294,0.16033423394897706
fixed_sigma,cloud,lambda,10.0,cloud,0.25,0.5,10.0,10.023728190023226,0.08605959529997873,-0.004901847697251246,1.045231001487934,0.14807156126177035,-0.918776404257139,127.95440544994344,0.1558499189803223
fixed_sigma,cloud,lambda,10.0,cloud,0.25,0.5,10.0,10.023728190023226,0.07657622312782213,-0.0054089757626524775,1.0645786640877233,0.13230200987226082,-0.9269905826458624,161.2103344895082,0.1406884596858845
fixed_sigma,cloud,lambda,10.0,cloud,0.25,0.5,10.0,10.023728190023226,0.08331527883515717,-0.006587172573632675,1.0508920908575639,0.14345742044374943,-0.9200501920278724,132.43055242230614,0.15350764414947504
fixed_sigma,cloud,lambda,10.0,cloud,0.25,0.5,10.0,10.023728190023226,0.0962961738299008,-0.005357149535291178,1.0246010904063776,0.1648862251150236,-0.9092022522738027,100.2699628779031,0.1733512644602444
fixed_sigma,cloud,lambda,10.0,cloud,0.25,0.5,10.0,10.023728190023226,0.08703869285935112,-0.007571746991970071,1.043386633861775,0.14957483587759812,-0.9159547728383078,118.7741549778879,0.16102685411472384
fixed_sigma,cloud,lambda,10.0,cloud,0.25,0.5,10.0,10.023728190023226,0.09150699036513606,-0.006684944299805191,1.0343075551251877,0.15697485114908505,-0.9125947317526504,109.01360324183442,0.16717085557730815
fixed_sigma,cloud,lambda,10.0,cloud,0.25,0.5,10.0,10.023728190023226,0.07958737870942556,-0.004020892550747132,1.0583516508048163,0.13737741396624326,-0.9252310281284775,153.12903993415514,0.1439475445883206
fixed_sigma,cloud,lambda,10.0,cloud,0.25,0.5,10.0,10.023728190023226,0.08534839362234845,-0.004957455464828372,1.0466766530635074,0.1468932650880207,-0.9193817212041256,130.05429123593947,0.1547372507157394
fixed_sigma,cloud,lambda,10.0,cloud,0.25,0.5,10.0,10.023728190023226,0.08018518567485836,-0.006610336858511846,1.0572677408958013,0.13826086812633365,-0.9228507551169894,143.08680438503134,0.14834648378000237
fixed_sigma,cloud,lambda,10.0,cloud,0.25,0.5,10.0,10.023728190023226,0.07894893813430767,-0.004430224397300511,1.0596764276812463,0.13629763820910734,-0.9255329919582512,154.47421569968242,0.14338868079680767
fixed_sigma,cloud,lambda,10.0,cloud,0.25,0.5,10.0,10.023728190023226,0.07986895760353176,-0.004814724025309481,1.0578186365729185,0.13781185379988714,-0.9244362935737487,149.66748853920646,0.14541753912362998
fixed_sigma,cloud,lambda,10.0,cloud,0.25,0.5,10.0,10.023728190023226,0.07751773774339724,-0.004035931102564916,1.0625804965963082,0.13393064096804297,-0.9270953584003425,161.71058748097457,0.14049419643254046
fixed_sigma,cloud,lambda,10.0,cloud,0.25,0.5,10.0,10.023728190023226,0.08867199865893957,-0.004918721936783254,1.0399410675902365,0.15238318722778021,-0.9164008106139915,120.16190273196293,0.16020955430601935
fixed_sigma,cloud,lambda,10.0,cloud,0.25,0.5,10.0,10.023728190023226,0.09396766135125337,-0.004744024832794745,1.0292486559292364,0.16109816942763355,-0.9117236185796586,106.66878936138535,0.1687600433240133
fixed_sigma,cloud,lambda,10.0,cloud,0.25,0.5,10.0,10.023728190023226,0.08764906537676288,-0.006771729551267615,1.0421083790220524,0.1506166932740628,-0.9160089360265075,118.94145727567486,0.1609276291195858
fixed_sigma,cloud,lambda,10.0,cloud,0.25,0.5,10.0,10.023728190023226,0.08127649656594203,-0.005133531172407336,1.0549655741956183,0.14013727753230232,-0.9229414875406393,143.45216099164048,0.14817901057627192
fixed_sigma,cloud,lambda,10.0,cloud,0.25,0.5,10.0,10.023728190023226,0.07924493300426272,-0.0021251544566698007,1.0589515954804776,0.1368884216476669,-0.9267465131743386,160.05355248134612,0.14114090031920534
fixed_sigma,cloud,lambda,10.0,cloud,0.25,0.5,10.0,10.023728190023226,0.08624146574464635,-0.009183523177465281,1.0450872824647095,0.14818870122690564,-0.9153853914196318,117.0354030145059,0.1620695851755274
fixed_sigma,cloud,lambda,10.0,cloud,0.25,0.5,10.0,10.023728190023226,0.08446960769007789,-0.0050682745127248775,1.0484665554760675,0.14543438301730593,-0.9201001222153863,132.61051044477384,0.15341576509923127
fixed_sigma,cloud,lambda,10.0,cloud,0.25,0.5,10.0,10.023728190023226,0.07541905549095809,-0.003940519507795753,1.0668716399732054,0.13043309155334148,-0.9290598464671653,171.51540486938993,0.13684780168240718
fixed_sigma,cloud,lambda,10.0,cloud,0.25,0.5,10.0,10.023728190023226,0.07603436868772159,-0.006668176098640872,1.0657541378487816,0.131343925463541,-0.9265393021924246,159.0807366142366,0.14152492149277485
fixed_sigma,cloud,lambda,10.0,cloud,0.25,0.5,10.0,10.023728190023226,0.08158875410581216,-0.0037054618448431166,1.0542546989975832,0.1407166851433832,-0.9236257664247536,146.25083346158254,0.1469154435962865
fixed_sigma,cloud,lambda,10.0,cloud,0.25,0.5,10.0,10.023728190023226,0.08604997894316545,-0.0046415421288894376,1.0452368671483911,0.14806678038276055,-0.9189621678815565,128.5936833666878,0.15550853400243003
fixed_sigma,cloud,lambda,10.0,cloud,0.25,0.5,10.0,10.023728190023226,0.0927749697620765,-0.007155072200024886,1.0317763730945146,0.1590379223290288,-0.9111063486941698,105.05014478565815,0.16988522136917783
fixed_sigma,cloud,lambda,10.0,cloud,0.25,0.5,10.0,10.023728190023226,0.08110015428301012,-0.002878264036360885,1.0552068967081514,0.13994058463758152,-0.9245984388152502,150.36461117275198,0.14511772694040215
fixed_sigma,cloud,lambda,10.0,cloud,0.25,0.5,10.0,10.023728190023226,0.08170155998985526,-0.0027120525933498206,1.0539730338711197,0.14094625978391095,-0.9241563393237265,148.4746536343385,0.14593506048776916
fixed_sigma,cloud,lambda,10.0,cloud,0.25,0.5,10.0,10.023728190023226,0.0826331469417964,-0.005481013982345252,1.0522215280892053,0.14237384620653248,-0.9214705155652323,137.68841315241932,0.150892088943945
fixed_sigma,cloud,lambda,10.0,cloud,0.25,0.5,10.0,10.023728190023226,0.084545067764729,-0.004928645751894486,1.0483059806419954,0.14556526151928006,-0.9201282502305664,132.71204218907837,0.1533640031276361
fixed_sigma,cloud,lambda,10.0,cloud,0.25,0.5,10.0,10.023728190023226,0.09156082394589127,-0.004917181055490976,1.0341062323623564,0.15713894175372378,-0.9137869209443005,112.34236530076555,0.16499346311113472
fixed_sigma,cloud,lambda,10.0,cloud,0.25,0.5,10.0,10.023728190023226,0.0850023669440816,-0.0046828479135192684,1.0473645803632032,0.14633256144494,-0.9198824740469211,131.828596899535,0.1538162339413155
fixed_sigma,cloud,lambda,10.0,cloud,0.25,0.5,10.0,10.023728190023226,0.0892329714251221,-0.004825440173534921,1.0388018403380268,0.15331172847173635,-0.9159563192201081,118.7789269065461,0.16102402128075144
fixed_sigma,cloud,lambda,10.0,cloud,0.25,0.5,10.0,10.023728190023226,0.0805402902036123,-0.005997651512839179,1.0565114166497496,0.1388773195453994,-0.9229866575779094,143.63454441867938,0.14809562993315895
fixed_sigma,cloud,lambda,10.0,cloud,0.25,0.5,10.0,10.023728190023226,0.0755313383007675,-0.005157601701952367,1.066705298126531,0.13056867053017285,-0.9281144121481821,166.69377278772873,0.13860363796283426
fixed_sigma,cloud,lambda,10.0,cloud,0.25,0.5,10.0,10.023728190023226,0.09083564839687565,-0.0067256711791621165,1.0356642328339831,0.15586907422448204,-0.9131704405590052,110.60340437835711,0.1661197464892723
fixed_sigma,cloud,lambda,10.0,cloud,0.25,0.5,10.0,10.023728190023226,0.09020016081100693,-0.005679190881680554,1.0368923232803267,0.15486810393648498,-0.9144935293963172,114.3834818587656,0.16370158469226703
fixed_sigma,cloud,lambda,10.0,cloud,0.25,0.5,10.0,10.023728190023226,0.07855426697072694,-0.004767349993124983,1.06050019682839,0.1356262149903089,-0.9256579957366162,155.03600994938031,0.14315727492887054
fixed_sigma,cloud,lambda,10.0,cloud,0.25,0.5,10.0,10.023728190023226,0.08488883494088731,-0.006370815669020764,1.0476835833341498,0.1460725541330592,-0.9187923517556053,128.00910924439663,0.15582061435540417
fixed_sigma,cloud,lambda,10.0,cloud,0.25,0.5,10.0,10.023728190023226,0.08229434986410632,-0.004430544520396045,1.052855963822573,0.1418567415253298,-0.9225047339432708,141.70554988677006,0.1489850158522551
fixed_sigma,cloud,lambda,10.0,cloud,0.25,0.5,10.0,10.023728190023226,0.08546257139767996,-0.006736873026438252,1.0465383268507096,0.1470060095764043,-0.9180045971250961,125.34606479274042,0.15726755965719008
fixed_sigma,cloud,lambda,10.0,cloud,0.25,0.5,10.0,10.023728190023226,0.07764290616499256,-0.004163925899989117,1.0623312449927178,0.13413379656637237,-0.9268958644692845,160.7599998838483,0.14086405642973776
fixed_sigma,cloud,lambda,10.0,cloud,0.25,0.5,10.0,10.023728190023226,0.0964530033509973,-0.006113000431419588,1.0243259452566382,0.1651104855679859,-0.9085379286411485,98.67430121700086,0.17455883222045143
fixed_sigma,cloud,lambda,10.0,cloud,0.25,0.5,10.0,10.023728190023226,0.0925454916973773,-0.004490471826861189,1.0320988974077652,0.1587750449036066,-0.9131803679236086,110.63110502241382,0.1661016156389029
fixed_sigma,cloud,lambda,10.0,cloud,0.25,0.5,10.0,10.023728190023226,0.09345320599386304,-0.006110503092199045,1.0303556882147489,0.160195869088965,-0.9112502998121823,105.42450710430022,0.16962289109220785
fixed_sigma,cloud,lambda,10.0,cloud,0.25,0.5,10.0,10.023728190023226,0.08764149748663719,-0.005120969228640361,1.0420370769840215,0.1506748088809019,-0.9171948496378842,122.68981580783478,0.15875360779773895
fixed_sigma,cloud,lambda,10.0,cloud,0.25,0.5,10.0,10.023728190023226,0.09400237681756053,-0.005622537304499738,1.029224854305581,0.16111756923499798,-0.911095331611615,105.02157084883737,0.16990529671552124
fixed_sigma,cloud,lambda,10.0,cloud,0.25,0.5,10.0,10.023728190023226,0.09226269679840199,-0.006959291185357801,1.0327982926750205,0.15820499415191092,-0.9117124814396592,106.639273974582,0.16878035118713908
fixed_sigma,cloud,lambda,10.0,cloud,0.25,0.5,10.0,10.023728190023226,0.07338386312366273,-0.004520154097196041,1.0710765577796713,0.12700582135490168,-0.930504823790603,179.27838731340304,0.1341607729024189
fixed_sigma,cloud,lambda,10.0,cloud,0.25,0.5,10.0,10.023728190023226,0.0960503567673099,-0.005347595340059828,1.0250941049757658,0.16448438750039474,-0.9094312279488148,100.8283747102463,0.17293484163151085
fixed_sigma,cloud,lambda,10.0,cloud,0.25,0.5,10.0,10.023728190023226,0.08948798950367956,-0.003482385251789101,1.0382160924706907,0.15378914950632439,-0.9166064548114234,120.80946163802318,0.15983260699803392
fixed_sigma,cloud,lambda,10.0,cloud,0.25,0.5,10.0,10.023728190023226,0.08686558888751499,-0.005401098877143433,1.0436233589966168,0.14938189013235248,-0.9177022552419122,124.34482903258846,0.15782257072390826
fixed_sigma,cloud,lambda,10.0,cloud,0.25,0.5,10.0,10.023728190023226,0.09014567105966176,-0.005687857507216145,1.037002828338837,0.15477803542355772,-0.9145367047293512,114.5098939671201,0.16362261570277947
fixed_sigma,cloud,lambda,10.0,cloud,0.25,0.5,10.0,10.023728190023226,0.08170532060709979,-0.0058561166306604,1.0541299439087635,0.14081836831953431,-0.9220390136136266,139.87623830010898,0.14984405737441053
fixed_sigma,cloud,lambda,10.0,cloud,0.25,0.5,10.0,10.023728190023226,0.08792902427512603,-0.0046588668555274,1.0414307891828012,0.1511689712423171,-0.9172492772542004,122.86584314219814,0.15865376337664705
fixed_sigma,cloud,lambda,10.0,cloud,0.25,0.5,10.0,10.023728190023226,0.09050395218314314,-0.004400599638878891,1.0362118763501627,0.15542271061197932,-0.9150895170839737,116.14607521345958,0.16261117572301986
fixed_sigma,cloud,lambda,10.0,cloud,0.25,0.5,10.0,10.023728190023226,0.09538096627108605,-0.005522073430944123,1.0264477704806252,0.16338106570981736,-0.9099176188678547,102.02918892253108,0.17204992687385345
fixed_sigma,cloud,lambda,10.0,cloud,0.25,0.5,10.0,10.023728190023226,0.09550016697630397,-0.005501374558418073,1.0262071966265522,0.16357714840121274,-0.9098239860016741,101.79646460001614,0.17222031449602548
fixed_sigma,cloud,lambda,10.0,cloud,0.25,0.5,10.0,10.023728190023226,0.0944823398128475,-0.0064071867001796925,1.0283005807383117,0.16187090982287755,-0.9101099237447058,102.50952050836122,0.17169992670140577
fixed_sigma,cloud,lambda,10.0,cloud,0.25,0.5,10.0,10.023728190023226,0.09933177900314294,-0.00563067071540084,1.018530951568324,0.16983376675497275,-0.9062685970357036,93.48536500815108,0.17867723002693747
fixed_sigma,cloud,lambda,10.0,cloud,0.25,0.5,10.0,10.023728190023226,0.08722631851178494,-0.00424925658139568,1.0428322135046848,0.15002672303799436,-0.9181592683736843,125.86269850864201,0.1569835578995007
fixed_sigma,cloud,lambda,10.0,cloud,0.25,0.5,10.0,10.023728190023226,0.07856359118508124,-0.005443650819076268,1.0605165924286795,0.13561285155377012,-0.9251718970810126,152.86758147199055,0.1440569608515203
fixed_sigma,cloud,lambda,10.0,cloud,0.25,0.5,10.0,10.023728190023226,0.08085922808666851,-0.004941112940801936,1.055805827432907,0.13945241875221548,-0.9234530852612346,145.53729253036707,0.14723439932150695
fixed_sigma,cloud,lambda,10.0,cloud,0.25,0.5,10.0,10.023728190023226,0.08074023083459081,-0.004332329033118399,1.0560165089118396,0.13928070021041683,-0.9239780494747631,147.7220382847756,0.14626456408881217
fixed_sigma,cloud,lambda,10.0,cloud,0.25,0.5,10.0,10.023728190023226,0.07964198552656807,-0.004426539101568283,1.0582614415033829,0.13745094017166615,-0.9249082948178923,151.70972316441467,0.14454464617705887
fixed_sigma,cloud,lambda,10.0,cloud,0.25,0.5,10.0,10.023728190023226,0.0831317270849725,-0.005803427277591802,1.0512242098703524,0.14318672273995248,-0.920789869261614,135.132435662749,0.1521460166651798
fixed_sigma,cloud,lambda,10.0,cloud,0.25,0.5,10.0,10.023728190023226,0.08862992870233488,-0.004214326763247596,1.039989276530336,0.15234389393566228,-0.9169105548561571,121.77614632705884,0.1592750343933741
fixed_sigma,cloud,lambda,10.0,cloud,0.25,0.5,10.0,10.023728190023226,0.07971259842493347,-0.0041029323057314325,1.0581004076548397,0.13758219279905481,-0.9250627994635189,152.38685402207426,0.14425881704871746
fixed_sigma,cloud,lambda,10.0,cloud,0.25,0.5,10.0,10.023728190023226,0.08081019727623154,-0.006238374974774999,1.0559738061676955,0.13931550560950734,-0.922566078719385,141.94903982802794,0.14887183039633756
fixed_sigma,cloud,lambda,10.0,cloud,0.25,0.5,10.0,10.023728190023226,0.08303003376169862,-0.00443481598848651,1.0513593093658473,0.1430766082273639,-0.9218358133815611,139.08859722263315,0.15021873316715573
fixed_sigma,cloud,lambda,10.0,cloud,0.25,0.5,10.0,10.023728190023226,0.09751936926639944,-0.005415570789053884,1.0221501978133476,0.16688385539705963,-0.9080554523543667,97.53776053193305,0.17543529544950653
fixed_sigma,cloud,lambda,10.0,cloud,0.25,0.5,10.0,10.023728190023226,0.08921130888724613,-0.004961696115953769,1.0388527710165978,0.15327021679305752,-0.9158834681407486,118.55441266628505,0.1611574727864743
fixed_sigma,cloud,lambda,10.0,cloud,0.25,0.5,10.0,10.023728190023226,0.0910975059704921,-0.006852767543097359,1.0351424647881224,0.1562943477152805,-0.9128411673059446,109.69014863892414,0.1667210032715205
fixed_sigma,cloud,lambda,10.0,cloud,0.25,0.5,10.0,10.023728190023226,0.07771736323954041,-0.00454161094919437,1.0621987782404765,0.13424176522905173,-0.9265709811620952,159.2289161275333,0.14146621686831218
fixed_sigma,cloud,lambda,10.0,cloud,0.25,0.5,10.0,10.023728190023226,0.09714373285433359,-0.0073599850971741015,1.0230055785536187,0.1661866667588079,-0.907017816058015,95.15511761071765,0.17731868135334883
fixed_sigma,cloud,lambda,10.0,cloud,0.25,0.5,10.0,10.023728190023226,0.07798014540823471,-0.005747792063976211,1.0617247898516444,0.1346280953202018,-0.925478009996076,154.2280334442076,0.1434904530137031
fixed_sigma,cloud,lambda,10.0,cloud,0.25,0.5,10.0,10.023728190023226,0.07809330866351846,-0.005060637395419969,1.061457463344871,0.13484598309163676,-0.9258693158105901,155.99237341285243,0.14276601004042988
fixed_sigma,cloud,lambda,10.0,cloud,0.25,0.5,10.0,10.023728190023226,0.09721861317581632,-0.007239455275398664,1.0228490578238614,0.16631424091298286,-0.9070388379970937,95.20257148696133,0.177280546364882
fixed_sigma,cloud,lambda,10.0,cloud,0.25,0.5,10.0,10.023728190023226,0.07111713819514709,-0.004236207456832411,1.0757209439216444,0.12322035706117507,-0.9327516201434964,192.38374407924533,0.12997441511968255
fixed_sigma,cloud,lambda,10.0,cloud,0.25,0.5,10.0,10.023728190023226,0.09370010506339739,-0.006282182119057763,1.0298677306520956,0.1605935849277892,-0.9109054473862137,104.5308051912954,0.1702512659221218
fixed_sigma,cloud,lambda,10.0,cloud,0.25,0.5,10.0,10.023728190023226,0.07904067670998413,-0.003473422221669244,1.0594390403548115,0.1364911236817904,-0.9260867457449049,156.98519236323804,0.14236333935561185
fixed_sigma,cloud,lambda,10.0,cloud,0.25,0.5,10.0,10.023728190023226,0.07531722374491523,-0.004069002425323178,1.0670870423511747,0.1302575251844693,-0.929065454752656,171.5445979711614,0.13683738078524055
fixed_sigma,cloud,lambda,10.0,cloud,0.25,0.5,10.0,10.023728190023226,0.08113399680270396,-0.007128642886407917,1.0553606546033016,0.13981526236588027,-0.9216020948856516,138.19043712568808,0.1506495787023785
fixed_sigma,cloud,lambda,10.0,cloud,0.25,0.5,10.0,10.023728190023226,0.08309903178289868,-0.005387005697301775,1.0512688642503532,0.14315032663594995,-0.9211161928110395,136.34936143252293,0.15154495934129586
fixed_sigma,cloud,lambda,10.0,cloud,0.25,0.5,10.0,10.023728190023226,0.08505626039615474,-0.004536345058819022,1.0472475076411567,0.14642798301315785,-0.9199328477187123,132.0089838001112,0.15372355568814045
fixed_sigma,cloud,lambda,10.0,cloud,0.25,0.5,10.0,10.023728190023226,0.08487184694511749,-0.003561510612437707,1.0475708730507776,0.14616442004174957,-0.9207425989704715,134.95743614800816,0.15223306644110146
fixed_sigma,cloud,lambda,10.0,cloud,0.25,0.5,10.0,10.023728190023226,0.08803241169080706,-0.004189870678336735,1.0411969752642498,0.15135954416476505,-0.9174681127695585,123.57721564679473,0.15825226205106468
fixed_sigma,cloud,lambda,10.0,cloud,0.25,0.5,10.0,10.023728190023226,0.08058527080963931,-0.005336328134396422,1.0563850182091636,0.13898034215570665,-0.9234229746632998,145.41337924636693,0.14729000986398277
fixed_sigma,cloud,lambda,10.0,cloud,0.25,0.5,10.0,10.023728190023226,0.08795460508364451,-0.004883131012934698,1.041390757982814,0.1512015991663428,-0.9170743032382048,122.30122034720331,0.1589747223401612
fixed_sigma,cloud,lambda,10.0,cloud,0.25,0.5,10.0,10.023728190023226,0.10079639882806582,-0.005068971457248262,1.0155724508896042,0.17224512927736235,-0.9053216751567221,91.43336559211663,0.18039266449142655
fixed_sigma,cloud,lambda,10.0,cloud,0.25,0.5,10.0,10.023728190023226,0.09387810905150697,-0.007680574858169637,1.0295830089876021,0.16082565083739342,-0.909720459641715,101.54002024848573,0.17240868530926678
fixed_sigma,cloud,lambda,10.0,cloud,0.25,0.5,10.0,10.023728190023226,0.07942629862613129,-0.003930015795094845,1.0586756585582695,0.13711332744455995,-0.9254374188944007,154.046645103761,0.14356558371006956
fixed_sigma,cloud,lambda,10.0,cloud,0.25,0.5,10.0,10.023728190023226,0.08720542411727537,-0.007185540847037079,1.043028566341405,0.14986668323302232,-0.9160989822949241,119.2203366390166,0.16076265463820427
fixed_sigma,cloud,lambda,10.0,cloud,0.25,0.5,10.0,10.023728190023226,0.09268619808690562,-0.007678479294711752,1.0319827348097093,0.15886972466402383,-0.9107946492065014,104.2459353182945,0.17045310697680593
fixed_sigma,cloud,lambda,10.0,cloud,0.25,0.5,10.0,10.023728190023226,0.09150533855225107,-0.005755368292628554,1.034262086290394,0.15701191108452695,-0.9132604716011669,110.85498003490615,0.1659553110108143
fixed_sigma,cloud,lambda,10.0,cloud,0.25,0.5,10.0,10.023728190023226,0.07330136434219137,-0.005436026325812972,1.0712939438458369,0.12682863815646195,-0.9299251013794002,176.1047155559154,0.13523930582451227
