map_index,theta,low_fraction,trace_g,trace_g2,effective_rank_g,max_eigenvalue_g,noise_signal_ratio,sigma,de_alpha_cv,de_kappa,mc_alpha_cv_mean,mc_alpha_cv_median,mc_alpha_cv_q25,mc_alpha_cv_q75,de_gen_error_normalized,de_r2_gen,mc_gen_error_normalized,mc_gen_error_normalized_se,mc_r2_gen,mc_r2_gen_se,de_slope_acc,de_acc_error_normalized,de_r2_acc,mc_moment_slope_acc,mc_moment_acc_error_normalized,mc_moment_r2_acc,mc_slope_acc,mc_slope_acc_se,mc_acc_error_normalized,mc_acc_error_normalized_se,mc_r2_acc_median,mc_r2_acc_q25,mc_r2_acc_q75,mc_r2_acc_median_ci_low,mc_r2_acc_median_ci_high,mc_denominator_mean,mc_denominator_cv,gaussian_slope_acc,gaussian_acc_error_normalized,gaussian_r2_acc_median,gaussian_r2_acc_q25,gaussian_r2_acc_q75,gaussian_denominator_mean,gaussian_denominator_cv,gaussian_variance_scale_per_coordinate,delta2_slope_acc,delta2_acc_error_normalized,delta2_r2_acc_mean
0,0.0,0.0,10883.525845888813,8486638.0070058,13.957368599950566,872.7855473301344,0.01,4.166947281934958,0.1584893192461114,0.00016106595959050997,0.1589135380672935,0.1584893192461114,0.12589254117941687,0.1778279410038923,0.00016257476372473142,0.9998374252362753,0.0001637931786756513,2.582514051708194e-06,0.9998362068213242,2.5825140517081548e-06,0.7828892010224641,0.04713709903266402,0.9230936418645143,0.7792888495113092,0.04871341195004153,0.9197857319663046,0.7847402250061835,0.0028782525290423438,0.050470655203236965,0.0013043391106255524,0.9295613389381094,0.8752066318525444,0.9596153458221239,0.9216378215556922,0.9346543633845952,887.7622286743207,0.08548868301443469,0.7879037936636213,0.04885997357752848,0.9300827609762486,0.8850094195299817,0.9594498626366718,883.7632580891263,0.08238442393336587,0.017640052641227234,0.7881903657746001,0.04901002323831005,0.9120594278691804
1,0.039269908169872414,0.001541333133436012,11323.230094226928,8687628.004642343,14.75840582703274,872.7855473301347,0.01,4.166947281934958,0.1584893192461114,0.00016106595959050997,0.1589135380672935,0.1584893192461114,0.12589254117941687,0.1778279410038923,0.00016257476372473142,0.9998374252362753,0.0001637931786756513,2.582514051708194e-06,0.9998362068213242,2.5825140517081548e-06,0.776077902507734,0.050141105745335875,0.9167501860801526,0.773025468828399,0.0515174378005681,0.9137882125018116,0.7783928147790504,0.0028470895230304698,0.053154597998875015,0.001320297417405967,0.9224840219046174,0.8625377401139267,0.9551796576920624,0.911699515467447,0.9301320984090893,894.9552553187382,0.08511728238507077,0.7810638827169734,0.05177685503262719,0.9239890200550855,0.876592450501076,0.9552563764758071,891.5196641763819,0.0826255678606337,0.017640052641227234,0.7813639344878793,0.051900723600830645,0.9054549388871884
2,0.07853981633974483,0.0061558297024311365,12639.631916333768,11601100.058327213,13.771133269877117,1764.8052945926313,0.01,4.166947281934958,0.1584893192461114,0.00016106595959050997,0.1589135380672935,0.1584893192461114,0.12589254117941687,0.1778279410038923,0.00016257476372473142,0.9998374252362753,0.0001637931786756513,2.582514051708194e-06,0.9998362068213242,2.5825140517081548e-06,0.7563765748053224,0.05935237330358668,0.896256248320671,0.7548617169790948,0.060092777802437436,0.8945400700047444,0.7609307491882984,0.002997201561590938,0.06163673206686908,0.0014826526671301667,0.8992477191870438,0.8356609310419577,0.9425701584293947,0.8935840785978366,0.9073485679029689,916.4899878508033,0.09158812250853357,0.7624393657115297,0.06099065491824419,0.9066164501859655,0.8462871524671933,0.9453973306119559,914.741061615354,0.09301448554394932,0.017640052641227234,0.7629088876156782,0.06115010419685809,0.8811741052363949
3,0.11780972450961724,0.013815039801161699,14824.615257228019,24087392.59552635,9.123827606216482,3949.7886354868842,0.01,4.166947281934958,0.1584893192461114,0.00016106595959050997,0.1589135380672935,0.1584893192461114,0.12589254117941687,0.1778279410038923,0.00016257476372473142,0.9998374252362753,0.0001637931786756513,2.582514051708194e-06,0.9998362068213242,2.5825140517081548e-06,0.7257947325101478,0.07518852871918139,0.85726714173188,0.7265267304786958,0.07478762914267191,0.8583141203946545,0.735885355210814,0.003589044333169377,0.07618428396562006,0.002033968161400308,0.8731830016321583,0.7894732788450178,0.9332314502389556,0.8602716074437566,0.8816898538981232,952.2336574834306,0.11879903572047605,0.7361059191077854,0.07665052184355506,0.8820739554380557,0.7901549559902836,0.9341763794316187,953.284282768933,0.12851947667952646,0.017640052641227234,0.7377721647104534,0.07745417850364743,0.8259533736319858
4,0.15707963267948966,0.024471741852423214,17864.708968032377,57345017.54549895,5.565397660908842,6989.8823462912405,0.01,4.166947281934958,0.1584893192461114,0.00016106595959050997,0.1589135380672935,0.1584893192461114,0.12589254117941687,0.1778279410038923,0.00016257476372473142,0.9998374252362753,0.0001637931786756513,2.582514051708194e-06,0.9998362068213242,2.5825140517081548e-06,0.687139412385352,0.09788174728258282,0.7926939412646762,0.6904658241638493,0.09581140601056508,0.7990292566641486,0.706784828954407,0.004478026819846238,0.09598144590672826,0.002954434422530718,0.8375895082900667,0.7146560294396166,0.9196166934504822,0.8278156543208256,0.8501813352163312,1001.9658926073591,0.16836034242987086,0.7059189596808865,0.09766556631161762,0.8515994425230275,0.7004453610983923,0.922438023539366,1006.9116958617858,0.18766775876190683,0.017640052641227234,0.7113303091228256,0.09995091413512681,0.7181450572231959
5,0.19634954084936207,0.03806023374435662,21741.16986008598,126563977.70402779,3.734699836872056,10866.343238344849,0.01,4.166947281934958,0.1584893192461114,0.00016106595959050997,0.1589135380672935,0.1584893192461114,0.12589254117941687,0.1778279410038923,0.00016257476372473142,0.9998374252362753,0.0001637931786756513,2.582514051708194e-06,0.9998362068213242,2.5825140517081548e-06,0.6434422276683694,0.12713344501009488,0.6929276610900355,0.6493675078621571,0.12294314454279444,0.708443177458095,0.6762386896421929,0.005431047909939494,0.11954003050323331,0.004043051001029739,0.8032667484968934,0.5934987260204595,0.9031293286354054,0.7785861653141037,0.8191206401458991,1065.3800774554031,0.23248849791334433,0.6745835299251381,0.12232762869801354,0.8138638667498832,0.5566363178135771,0.9101212380437931,1075.2926700592702,0.26103387521870447,0.017640052641227234,0.6872771206786614,0.12599961426827,0.5283922217877981
6,0.23561944901923448,0.05449673790581606,26430.098262935277,250453038.16184378,2.7891460184124752,15555.271641194164,0.01,4.166947281934958,0.1584893192461114,0.00016106595959050997,0.1589135380672935,0.1584893192461114,0.12589254117941687,0.1778279410038923,0.00016257476372473142,0.9998374252362753,0.0001637931786756513,2.582514051708194e-06,0.9998362068213242,2.5825140517081548e-06,0.5974830369590154,0.16201990553573736,0.54614490523228,0.6057544394098853,0.15542956204501382,0.576415156507712,0.6458992211164509,0.0063224127358227295,0.1453338401041808,0.005150877530249969,0.7561556282928785,0.37576483167363145,0.8872192537785892,0.7271985251888415,0.7819562808906989,1142.085242490618,0.3039420306941731,0.643734275642875,0.14900878146391974,0.7665976212688069,0.333484065816586,0.8970072472758847,1158.0056139164772,0.34095295743836934,0.017640052641227234,0.6669325396125138,0.15242812631104066,0.2205489126271578
7,0.2748893571891069,0.0736799178229539,31902.585373749786,450653200.46318144,2.258443859897865,21027.758752008656,0.01,4.166947281934958,0.1584893192461114,0.00016106595959050997,0.1589135380672935,0.1584893192461114,0.12589254117941687,0.1778279410038923,0.00016257476372473142,0.9998374252362753,0.0001637931786756513,2.582514051708194e-06,0.9998362068213242,2.5825140517081548e-06,0.5515076395377954,0.2011453973929601,0.3386870395990923,0.5617233235585511,0.19208644511256245,0.3912320138746337,0.6167096444224014,0.007106812858346926,0.17211438439158094,0.006199017276383311,0.6938115665519023,0.07388385024425662,0.866918200224357,0.6481514454372344,0.73848755269631,1231.6084748635064,0.3776526001289675,0.61426197433253,0.1764399791130989,0.7054702627854649,0.005046202633742114,0.8833745617540172,1254.5405746296829,0.42214966979221547,0.017640052641227234,0.64978582442047,0.17685082066265903,-0.24717815367913976
8,0.3141592653589793,0.09549150281252627,38124.89148970469,751052597.6387264,1.9352936873815698,27250.064867963545,0.01,4.166947281934958,0.1584893192461114,0.00016106595959050997,0.1589135380672935,0.1584893192461114,0.12589254117941687,0.1778279410038923,0.00016257476372473142,0.9998374252362753,0.0001637931786756513,2.582514051708194e-06,0.9998362068213242,2.5825140517081548e-06,0.5071373620056199,0.2429135799307794,0.05550300613381687,0.5188423050815154,0.23151272737926948,0.13998879226325633,0.5891542990790858,0.007776873828507646,0.19897359347091628,0.007152244493283047,0.6165006165797444,-0.3640436619049419,0.8486944930683316,0.5484362210396951,0.6688313548333565,1333.3978340769931,0.45021991582436277,0.586596074005089,0.20373088138492312,0.6273061330442096,-0.4520626272830219,0.8688105217759523,1364.3023820649573,0.5011277481016594,0.017640052641227234,0.6344890441406921,0.1981830180952816,-0.9208960964567822
9,0.3534291735288517,0.11979701719998452,45058.654024468386,1177020618.2299514,1.7249335067298628,34183.82740272726,0.01,4.166947281934958,0.1584893192461114,0.00016106595959050997,0.1589135380672935,0.1584893192461114,0.12589254117941687,0.1778279410038923,0.00016257476372473142,0.9998374252362753,0.0001637931786756513,2.582514051708194e-06,0.9998362068213242,2.5825140517081548e-06,0.46541238205311775,0.28578392126212177,-0.3193557810303287,0.4781662224965646,0.27231049134350493,-0.19098580391995368,0.5634399559910908,0.008340571555447712,0.22529767382696092,0.007999607516123603,0.5009315300637165,-0.9393062268230625,0.8342398132499825,0.4238471077175346,0.5987781156971819,1446.8257548831307,0.5194727507569966,0.5608959937703785,0.23029920748622343,0.5272270932477398,-1.0668798741055152,0.8534485331021556,1486.6143181799582,0.5757240413899196,0.017640052641227234,0.6196727174625868,0.2164436646070848,-1.849535288825779
10,0.39269908169872414,0.14644660940672624,52661.12402630407,1754581213.113087,1.5805446695701286,41786.297404562865,0.01,4.166947281934958,0.1584893192461114,0.00016106595959050997,0.1589135380672935,0.1584893192461114,0.12589254117941687,0.1778279410038923,0.00016257476372473142,0.9998374252362753,0.0001637931786756513,2.582514051708194e-06,0.9998362068213242,2.5825140517081548e-06,0.4269014596900674,0.32844193690537554,-0.8022014096838412,0.4403171619398984,0.31324487921900984,-0.6156703463412256,0.5396125436161251,0.00881095058355219,0.2506954022383279,0.0087427757095445,0.37544821532092376,-1.6807184413776846,0.8190324967525314,0.27408421351697554,0.49390015319606345,1571.1929164315388,0.584148068017422,0.5371696482460723,0.2557879834537546,0.4022866351526231,-1.8661872249540368,0.8363646624438259,1620.7222892156906,0.6447582023350319,0.017640052641227234,0.6043663021882575,0.23228629417323962,-3.0832405797424074
11,0.43196898986859655,0.17527597583490817,60885.429739572544,2509546986.539753,1.4771732007631422,50010.603117831364,0.01,4.166947281934958,0.1584893192461114,0.00016106595959050997,0.1589135380672935,0.1584893192461114,0.12589254117941687,0.1778279410038923,0.00016257476372473142,0.9998374252362753,0.0001637931786756513,2.582514051708194e-06,0.9998362068213242,2.5825140517081548e-06,0.39182745313918504,0.3698738467551702,-1.409150334689207,0.40558715038643967,0.3533266357857131,-1.1478700558027772,0.5176285124878917,0.009201717440428948,0.27493338228753783,0.009389384868273709,0.2188749600445265,-2.684548289729821,0.7966332709773056,0.08303613922416486,0.3835467600826751,1705.7325538149923,0.6436334031241365,0.5153440746373972,0.2799962571964808,0.24931812018282556,-2.8777786456056695,0.8180094085733898,1765.7994749352924,0.7077401955894419,0.017640052641227234,0.5880892093881946,0.24657158127089512,-4.671686424131364
12,0.47123889803846897,0.2061073738537634,69680.8655846924,3466636780.842646,1.400614871296596,58806.038962951265,0.01,4.166947281934958,0.1584893192461114,0.00016106595959050997,0.1589135380672935,0.1584893192461114,0.12589254117941687,0.1778279410038923,0.00016257476372473142,0.9998374252362753,0.0001637931786756513,2.582514051708194e-06,0.9998362068213242,2.5825140517081548e-06,0.3601802219281592,0.4093693484118997,-2.1555538728183827,0.37403629212870654,0.39183056357197793,-1.8007272863496042,0.4973974121208823,0.009525504947400324,0.29788624834975735,0.009949388227338868,0.03950412428743921,-3.9311981801639044,0.7762193953294958,-0.15176469217906763,0.2386826980088335,1849.6151854300533,0.6977598162577398,0.49530664089953325,0.3028275197651929,0.06400776869641006,-4.1360285950781766,0.797917786044006,1920.9514262457435,0.7646357857836293,0.017640052641227234,0.5707633941132508,0.2600923263517152,-6.662360183442008
13,0.5105088062083414,0.23875071764202552,78993.20477489922,4648600004.547149,1.3423237952298357,68118.37815315803,0.01,4.166947281934958,0.1584893192461114,0.00016106595959050997,0.1589135380672935,0.1584893192461114,0.12589254117941687,0.1778279410038923,0.00016257476372473142,0.9998374252362753,0.0001637931786756513,2.582514051708194e-06,0.9998362068213242,2.5825140517081548e-06,0.33180584630886506,0.446483427027012,-3.0554334149209925,0.3455740242595493,0.42827335772384095,-2.5862360961702486,0.4788069294352794,0.009793321452611756,0.3195008801967005,0.010433148402414022,-0.19075475573370848,-5.304202348105187,0.7518378443883265,-0.4302554543424921,0.07334426607547834,2001.9537270069854,0.7466428163682222,0.47692868174992886,0.32425332970149195,-0.15516803061810758,-5.66108563780085,0.7763392114876468,2085.2215797739555,0.8156901410725526,0.017640052641227234,0.552570763604848,0.27344438828743717,-9.09885891036308
14,0.5497787143782138,0.2730047501302265,88765.03364241838,6075370912.054462,1.2969136060328548,77890.20702067728,0.01,4.166947281934958,0.1584893192461114,0.00016106595959050997,0.1589135380672935,0.1584893192461114,0.12589254117941687,0.1778279410038923,0.00016257476372473142,0.9998374252362753,0.0001637931786756513,2.582514051708194e-06,0.9998362068213242,2.5825140517081548e-06,0.30647128933700873,0.48098207251387104,-4.120935413981001,0.32002050984830205,0.4623721070269632,-3.514773855845595,0.4617374051030763,0.010014504673556007,0.33977148268965063,0.010850506809962716,-0.42138188839853374,-6.91968910423427,0.7350705235543449,-0.7817582720423908,-0.11596487583236892,2161.808960779261,0.7905664131982469,0.46007876110646134,0.34428837691661474,-0.4102444946365632,-7.471940849576608,0.752743227488014,2257.597155398057,0.8613029634010242,0.017640052641227234,0.5338228984083646,0.28699820036015233,-12.01924484829625
15,0.5890486225480862,0.3086582838174551,98936.1056128188,7763275419.874922,1.2608535011873303,88061.27899107766,0.01,4.166947281934958,0.1584893192461114,0.00016106595959050997,0.1589135380672935,0.1584893192461114,0.12589254117941687,0.1778279410038923,0.00016257476372473142,0.9998374252362753,0.0001637931786756513,2.582514051708194e-06,0.9998362068213242,2.5825140517081548e-06,0.28390822270237964,0.5127874335132646,-5.361820800643867,0.297149984829663,0.4939981438249429,-4.594662494266686,0.44607006576877156,0.010196871517684973,0.35872249022275243,0.011210385359141357,-0.6851988612632093,-8.880543642737884,0.7010286346532177,-1.158972070567648,-0.33899673634604743,2328.1953260734135,0.8299027320480036,0.4446298472174076,0.3629736729440415,-0.7041576056971633,-9.586149028188402,0.7274306375875582,2437.0154003736316,0.9019448275565889,0.017640052641227234,0.5148671934738076,0.3009253449718804,-15.4545036590318
16,0.6283185307179586,0.3454915028125263,109443.71264517836,9724311854.23186,1.2317505256012309,98568.88602343721,0.01,4.166947281934958,0.1584893192461114,0.00016106595959050997,0.1589135380672935,0.1584893192461114,0.12589254117941687,0.1778279410038923,0.00016257476372473142,0.9998374252362753,0.0001637931786756513,2.582514051708194e-06,0.9998362068213242,2.5825140517081548e-06,0.263840981123816,0.5419301010727458,-6.785002702456951,0.27671965297035767,0.5231344603993198,-5.831771315469549,0.4316915077550989,0.010346926759032277,0.37639693014270525,0.011520667468643778,-1.0144539928109122,-11.154512454140256,0.6561395850324923,-1.580483701207968,-0.5833570999544905,2500.0869956183255,0.8650588990839829,0.4304629363188648,0.38036535283294376,-1.0394021149668446,-12.015101960665096,0.7002274715135544,2622.3701415577834,0.9381040703036942,0.017640052641227234,0.4960299847582351,0.3152470849836003,-19.427147069451753
17,0.667588438887831,0.3832773180720473,120223.07184800852,11965525296.39441,1.2079358529229587,109348.24522626729,0.01,4.166947281934958,0.1584893192461114,0.00016106595959050997,0.1589135380672935,0.1584893192461114,0.12589254117941687,0.1778279410038923,0.00016257476372473142,0.9998374252362753,0.0001637931786756513,2.582514051708194e-06,0.9998362068213242,2.5825140517081548e-06,0.24600324766069992,0.5685111025382118,-8.394145218008159,0.258487875649306,0.5498402305590792,-7.229172351761047,0.41849595042727017,0.010470072448741161,0.39284854579334627,0.011788217913775434,-1.3601900586830307,-13.668367968394868,0.640143936278409,-2.0614364700538146,-0.8688843802064642,2676.424200111471,0.896443688884508,0.41746862395691126,0.396527295436808,-1.4134184745330411,-14.78428641500159,0.6705628700442621,2812.5186053344046,0.9702550737520176,0.017640052641227234,0.47758822256362166,0.32988503361193444,-23.94999825592116
18,0.7068583470577035,0.4217827674798846,131207.72488732325,14488492967.325436,1.1882165459811425,120332.8982655821,0.01,4.166947281934958,0.1584893192461114,0.00016106595959050997,0.1589135380672935,0.1584893192461114,0.12589254117941687,0.1778279410038923,0.00016257476372473142,0.9998374252362753,0.0001637931786756513,2.582514051708194e-06,0.9998362068213242,2.5825140517081548e-06,0.2301471463864194,0.5926734162169731,-10.189334549677627,0.2422248587107109,0.5742231647560021,-8.78685797332369,0.4063861724216481,0.010570795947264459,0.40813649804461394,0.012018965309038749,-1.7567080324053486,-16.442851050287494,0.6163327346651981,-2.61873127358359,-1.184242916766217,2856.119762049078,0.92444786101973,0.4055475109809494,0.41152632101801195,-1.8300959539925792,-17.87664498702336,0.6387349805193991,3006.288463193533,0.9988408603665102,0.017640052641227234,0.45975998023856846,0.3447043079937732,-29.02519394521762
19,0.7461282552275759,0.4607704521360774,142329.94772436732,17288935426.43663,1.1717213072729031,131455.12110262612,0.01,4.166947281934958,0.1584893192461114,0.00016106595959050997,0.1589135380672935,0.1584893192461114,0.12589254117941687,0.1778279410038923,0.00016257476372473142,0.9998374252362753,0.0001637931786756513,2.582514051708194e-06,0.9998362068213242,2.5825140517081548e-06,0.2160474438312337,0.6145816103235427,-12.16683206413098,0.22771830885175925,0.5964190104827867,-10.501528982350612,0.395273682789522,0.010652830459677054,0.42232183433145665,0.012218007129192257,-2.1714978420799067,-19.572845206917624,0.5800292825132043,-3.2235338137914002,-1.5286389070839872,3038.0657985369644,0.9494336190175865,0.3946099689973434,0.4254291198580622,-2.2829264424216706,-21.27939837640953,0.6045055345311042,3202.48505952645,1.0242648780272607,0.017640052641227234,0.4427058741979885,0.3595459865776941,-34.64343200926665
20,0.7853981633974483,0.4999999999999999,153521.16815683604,20356465315.677456,1.1578016471301698,142646.3415350951,0.01,4.166947281934958,0.1584893192461114,0.00016106595959050997,0.1589135380672935,0.1584893192461114,0.12589254117941687,0.1778279410038923,0.00016257476372473142,0.9998374252362753,0.0001637931786756513,2.582514051708194e-06,0.9998362068213242,2.5825140517081548e-06,0.2035027382826076,0.6344078879233044,-14.318916870402386,0.21477585181616773,0.6165769628910249,-12.366459717164783,0.3850784618198891,0.010719288672331644,0.4354651697885416,0.012389717083822879,-2.6296620270976283,-22.98873873243621,0.5409869616377558,-3.9061682876352637,-1.8630639906891386,3221.1405517569856,0.9717299280243394,0.3845755748636274,0.4383003388285189,-2.7714095934956218,-24.991912173892445,0.5686409438043564,3399.8987770747763,1.0468884432733856,0.017640052641227234,0.4265358942519277,0.374249188148068,-40.78348739484812
21,0.8246680715673207,0.5392295478639225,164712.3885893048,23674482034.45451,1.1459668226451767,153837.56196756367,0.01,4.166947281934958,0.1584893192461114,0.00016106595959050997,0.1589135380672935,0.1584893192461114,0.12589254117941687,0.1778279410038923,0.00016257476372473142,0.9998374252362753,0.0001637931786756513,2.582514051708194e-06,0.9998362068213242,2.5825140517081548e-06,0.19233489224318728,0.6523229262878238,-16.63382332994108,0.20322545545569706,0.6348496748337814,-14.371444820439157,0.3757284744501505,0.010772772568539988,0.4476251993902668,0.012537845430452527,-3.1124151409348304,-26.66691553661197,0.499033582042108,-4.623596379919662,-2.2126001534015654,3404.2153049770077,0.9916314455539507,0.37537239541087225,0.4502014390658506,-3.291620654922755,-28.98682378469836,0.5309614359172152,3597.3124946231032,1.0670314944051986,0.017640052641227234,0.41131822645516936,0.3886645978438641,-47.41201270430996
22,0.8639379797371931,0.5782172325201155,175834.61142634886,27220217165.113003,1.1358399673269741,164959.78480460774,0.01,4.166947281934958,0.1584893192461114,0.00016106595959050997,0.1589135380672935,0.1584893192461114,0.12589254117941687,0.1778279410038923,0.00016257476372473142,0.9998374252362753,0.0001637931786756513,2.582514051708194e-06,0.9998362068213242,2.5825140517081548e-06,0.18238751889850877,0.6684901692529364,-19.095776594718746,0.19291469065376957,0.6513866965625005,-16.502830331481334,0.36715907854752594,0.010815463105441668,0.4588577787152162,0.012665608490108901,-3.6310749209329996,-30.570064105246885,0.4518207361146251,-5.412021780874035,-2.580023688814868,3586.1613414648928,1.0093995670496765,0.3669362267601814,0.4611900638300504,-3.841303130125011,-33.24065716340914,0.4914197485852977,3793.50909095602,1.0849751409406216,0.017640052641227234,0.3970881511937995,0.402661627825297,-54.483632789335275
23,0.9032078879070655,0.6167226819279528,186819.26446566367,30964931770.544437,1.127127869491764,175944.43784392264,0.01,4.166947281934958,0.1584893192461114,0.00016106595959050997,0.1589135380672935,0.1584893192461114,0.12589254117941687,0.1778279410038923,0.00016257476372473142,0.9998374252362753,0.0001637931786756513,2.582514051708194e-06,0.9998362068213242,2.5825140517081548e-06,0.17352402977073017,0.683062529366413,-21.68512686538014,0.18370937174966356,0.6663303897693289,-18.743629694578605,0.3593124007661775,0.010849193262447532,0.46921539204052176,0.012775766513239395,-4.1885970176324605,-34.75334650978861,0.40356471230506175,-6.246219171654338,-2.962513823740317,3765.8569034025018,1.025264613866741,0.3592098466062252,0.4713197405867439,-4.418783844419602,-37.71674750942833,0.4510664818815096,3987.27894881515,1.1009650630627075,0.017640052641227234,0.3838560710902562,0.4161312043531245,-61.9413355078493
24,0.9424777960769379,0.6545084971874737,197598.62366849382,34874262945.88739,1.1195997500009536,186723.7970467526,0.01,4.166947281934958,0.1584893192461114,0.00016106595959050997,0.1589135380672935,0.1584893192461114,0.12589254117941687,0.1778279410038923,0.00016257476372473142,0.9998374252362753,0.0001637931786756513,2.582514051708194e-06,0.9998362068213242,2.5825140517081548e-06,0.16562554957457473,0.6961807235227304,-24.378580630603828,0.1754919181776425,0.6798135769903834,-21.073723184482915,0.35213672211555425,0.010875507525157521,0.47874688213212785,0.012870690418510774,-4.759314151956437,-39.092565412881655,0.35161308263090896,-7.103722831051675,-3.3740320539859274,3942.194107895646,1.0394285501049918,0.35214231038422567,0.4806397986660311,-5.010823323773089,-42.39473161393582,0.41012442277554484,4177.427412591771,1.115215189164509,0.017640052641227234,0.37161430268454015,0.42898577147797423,-69.71715350163055
25,0.9817477042468103,0.6913417161825449,208106.2307008533,38908713317.34853,1.1130721004132154,197231.40407911217,0.01,4.166947281934958,0.1584893192461114,0.00016106595959050997,0.1589135380672935,0.1584893192461114,0.12589254117941687,0.1778279410038923,0.00016257476372473142,0.9998374252362753,0.0001637931786756513,2.582514051708194e-06,0.9998362068213242,2.5825140517081548e-06,0.1585888743996962,0.7079726822839703,-27.14952475118028,0.16815964548352272,0.6919583754020987,-23.470137187740082,0.3455858965449333,0.010895710367798616,0.48749735450595677,0.012952418504324851,-5.336218540960563,-43.561537009570436,0.3005787472300463,-7.98222714891854,-3.802611112993909,4114.085777440558,1.0520678536494625,0.34568830597764855,0.4891954225645347,-5.626810356375739,-47.171212210279606,0.36899736241763204,4362.782153775922,1.1279113210169736,0.017640052641227234,0.36034258365083727,0.4411576784843241,-77.73312465868275
26,1.0210176124166828,0.7269952498697734,218277.30267125374,43024273633.79916,1.1073976812942405,207402.4760495126,0.01,4.166947281934958,0.1584893192461114,0.00016106595959050997,0.1589135380672935,0.1584893192461114,0.12589254117941687,0.1778279410038923,0.00016257476372473142,0.9998374252362753,0.0001637931786756513,2.582514051708194e-06,0.9998362068213242,2.5825140517081548e-06,0.15232456745162182,0.71855363894608,-29.968436946905143,0.16162310669336927,0.7028758152304776,-25.90739779556147,0.3396188143177468,0.010910905831381471,0.49550819556767445,0.013022704402423813,-5.920912507222024,-48.112249515890106,0.2501405008207669,-8.872964053629389,-4.236538852173128,4280.47214273471,1.0633363225273098,0.3398075721478796,0.4970277871539359,-6.251534635291525,-52.0601575684993,0.3268971744277763,4542.200398751496,1.1392145282505455,0.017640052641227234,0.3500124034174902,0.45259675379030523,-85.90251200721352
27,1.0602875205865552,0.7612492823579744,228049.13153877287,47173165278.52638,1.1024574265586176,217174.3049170316,0.01,4.166947281934958,0.1584893192461114,0.00016106595959050997,0.1589135380672935,0.1584893192461114,0.12589254117941687,0.1778279410038923,0.00016257476372473142,0.9998374252362753,0.0001637931786756513,2.582514051708194e-06,0.9998362068213242,2.5825140517081548e-06,0.14675523626704098,0.728026626837713,-32.8033740881159,0.15580454934100704,0.7126659589133402,-28.357951309237198,0.33419891497716003,0.010922029893699269,0.5028171625800223,0.013083057515012934,-6.506993173534225,-52.69269176168061,0.19551412555182607,-9.767940279084955,-4.671107985384715,4440.327376506986,1.0733676971274728,0.3344643805016851,0.5041742388176945,-6.874071323387799,-56.98644395100433,0.28541495735147565,4714.575974375598,1.1492642274277265,0.017640052641227234,0.34059032750486384,0.4632675854329844,-94.13125731783245
28,1.0995574287564276,0.7938926261462365,237361.47072897974,51304686521.28947,1.0981544105769983,226486.64410723856,0.01,4.166947281934958,0.1584893192461114,0.00016106595959050997,0.1589135380672935,0.1584893192461114,0.12589254117941687,0.1778279410038923,0.00016257476372473142,0.9998374252362753,0.0001637931786756513,2.582514051708194e-06,0.9998362068213242,2.5825140517081548e-06,0.14181400537747127,0.736483201366259,-35.62052773983974,0.15063651878076056,0.7214183232288653,-30.792642578514112,0.3292937505856615,0.010929876994850178,0.5094585163536038,0.01313477706266108,-7.087709721633083,-57.24776369638869,0.1416431293817095,-10.656961836273755,-5.10136080136864,4592.665918083918,1.0822780408624153,0.32962707793019513,0.5106684985909595,-7.490547404323903,-61.89033822873677,0.24431767613656855,4878.84612790381,1.1581809168152504,0.017640052641227234,0.3320404977710957,0.4731468238557905,-102.31963682713968
29,1.1388273369263,0.8247240241650917,246156.90657409956,55366143709.03849,1.0944093013333376,235282.07995235862,0.01,4.166947281934958,0.1584893192461114,0.00016106595959050997,0.1589135380672935,0.1584893192461114,0.12589254117941687,0.1778279410038923,0.00016257476372473142,0.9998374252362753,0.0001637931786756513,2.582514051708194e-06,0.9998362068213242,2.5825140517081548e-06,0.13744318137014475,0.744004265364857,-38.38483470341375,0.14606061746525842,0.7292124690438156,-33.18124062849849,0.3248745975864926,0.010935121811803184,0.5154631766144482,0.01317898072701595,-7.6560822673249165,-61.72027748403098,0.09061056436366277,-11.529013694607123,-5.522175832634805,4736.548549698979,1.0901678594369895,0.3252676850599415,0.5165408715624148,-8.09584400691646,-66.69016134873502,0.2048490361494882,5033.9980792142605,1.1660685698660085,0.017640052641227234,0.3243264778561952,0.48222068255414147,-110.36408238427654
30,1.1780972450961724,0.8535533905932737,254381.21228736802,59303846422.267525,1.0911568990657177,243506.38566562664,0.01,4.166947281934958,0.1584893192461114,0.00016106595959050997,0.1589135380672935,0.1584893192461114,0.12589254117941687,0.1778279410038923,0.00016257476372473142,0.9998374252362753,0.0001637931786756513,2.582514051708194e-06,0.9998362068213242,2.5825140517081548e-06,0.13359309830907454,0.750660919297669,-41.06062889031564,0.142026417763867,0.7361186678151024,-35.492999817810855,0.3209161144094391,0.010938337158179868,0.5208588863419972,0.013216628728052671,-8.225121479641574,-66.05202672974644,0.04203283301464528,-12.372894996278042,-5.928360221451881,4871.088187082432,1.0971239607377434,0.32136154574306375,0.5218184523472834,-8.684747472455433,-71.32028439563912,0.16607596045614537,5179.075264933863,1.1730167074182896,0.017640052641227234,0.3174125900848749,0.49048272053075304,-118.15912708895262
31,1.2173671532660448,0.8802029828000155,261983.68228920375,63064143956.95308,1.0883434782316286,251108.85566746243,0.01,4.166947281934958,0.1584893192461114,0.00016106595959050997,0.1589135380672935,0.1584893192461114,0.12589254117941687,0.1778279410038923,0.00016257476372473142,0.9998374252362753,0.0001637931786756513,2.582514051708194e-06,0.9998362068213242,2.5825140517081548e-06,0.13022112739014996,0.7565152872384618,-43.612319780865676,0.13849051939035403,0.7421985851803019,-37.69724384008291,0.3173960414016286,0.010940008711348091,0.5256703758057489,0.013248544042634047,-8.7675161360577,-70.18489959963298,-0.003998358896248805,-13.177431528547139,-6.314745716604401,4995.45534863084,1.1032210692340998,0.31788702260737184,0.5265253201937851,-9.245062903977464,-75.76916475893053,0.1311524116570118,5313.183235969595,1.179102176523892,0.017640052641227234,0.31126486474747506,0.4979319335738176,-125.59943124015648
32,1.2566370614359172,0.9045084971874736,268917.4448239674,66594479370.990425,1.0859247315049025,258042.61820222597,0.01,4.166947281934958,0.1584893192461114,0.00016106595959050997,0.1589135380672935,0.1584893192461114,0.12589254117941687,0.1778279410038923,0.00016257476372473142,0.9998374252362753,0.0001637931786756513,2.582514051708194e-06,0.9998362068213242,2.5825140517081548e-06,0.12729083351444795,0.7616212892679071,-46.00508199347466,0.1354157394751846,0.7475059435472419,-39.763959255703696,0.3142949395359492,0.010940547129644618,0.5299195201224992,0.013275429354082045,-9.275723529093328,-74.06201039877858,-0.046924234376661406,-13.931691652261831,-6.676286133640131,5108.883269436978,1.1085232144615094,0.3148252339603406,0.5306827198081682,-9.768140677353344,-79.92415529319578,0.09767609048071876,5435.495172084596,1.184390666319951,0.017640052641227234,0.3058516988502068,0.5045711481209263,-132.58184223035164
33,1.2959069696057897,0.9263200821770461,275139.7509399224,69844436787.22458,1.08386417056955,264264.9243181809,0.01,4.166947281934958,0.1584893192461114,0.00016106595959050997,0.1589135380672935,0.1584893192461114,0.12589254117941687,0.1778279410038923,0.00016257476372473142,0.9998374252362753,0.0001637931786756513,2.582514051708194e-06,0.9998362068213242,2.5825140517081548e-06,0.12477126192234864,0.766025343956998,-48.2055401365612,0.13277042238640605,0.7520871402878526,-41.66438493677138,0.31159596446547366,0.010940298010961245,0.533625486303974,0.013297881221782597,-9.742766891074996,-77.6288235897378,-0.08621193264777471,-14.612590327640067,-7.008154062535281,5210.672628650466,1.1130849150716668,0.3121598277571113,0.5343092256625079,-10.24863404881588,-83.73173602858222,0.0661802937424947,5545.256979519872,1.1889379907767645,0.017640052641227234,0.30114430069758935,0.5104056938004778,-139.0074409555155
34,1.335176877775662,0.9455032620941839,280612.23805073695,72766757686.74586,1.0821318778943778,269737.4114289958,0.01,4.166947281934958,0.1584893192461114,0.00016106595959050997,0.1589135380672935,0.1584893192461114,0.12589254117941687,0.1778279410038923,0.00016257476372473142,0.9998374252362753,0.0001637931786756513,2.582514051708194e-06,0.9998362068213242,2.5825140517081548e-06,0.12263633936664137,0.7697669929999672,-50.18243314434515,0.13052785669879585,0.7559818079767897,-43.3715838334048,0.30928467274521676,0.010939550054264502,0.5368048672441718,0.013316401874314968,-10.162114912899275,-80.83424428031202,-0.12136439859116249,-15.213313729851155,-7.305834611344956,5300.195861023353,1.1169521796399102,0.3098767888197719,0.5374208886489239,-10.683121989196783,-87.16774241492516,0.03879267949906945,5641.791940233078,1.1927911659133408,0.017640052641227234,0.29711697944195714,0.5154423229378939,-144.78352739450762
35,1.3744467859455345,0.9619397662556434,285301.16645358625,75318302555.83385,1.0807035317801685,274426.339831845,0.01,4.166947281934958,0.1584893192461114,0.00016106595959050997,0.1589135380672935,0.1584893192461114,0.12589254117941687,0.1778279410038923,0.00016257476372473142,0.9998374252362753,0.0001637931786756513,2.582514051708194e-06,0.9998362068213242,2.5825140517081548e-06,0.12086437605133739,0.7728794452956044,-51.907242709264885,0.12866578768520395,0.759223309550246,-44.860983823755504,0.30734885736669604,0.010938541713235427,0.5394718011025051,0.013331408957273557,-10.527811931935773,-83.63164988507681,-0.15192972210279454,-15.725687460266528,-7.553420813522065,5376.901026058569,1.1201633438911065,0.3079642759866268,0.5400313646450324,-11.060758857453273,-90.16224228346896,0.015100864808130915,5724.5048840902855,1.195989306035882,0.017640052641227234,0.2937473248268608,0.5196883434992614,-149.8254992414635
36,1.413716694115407,0.9755282581475768,289177.6273456399,77460935453.09662,1.0795596472997515,278302.8007238988,0.01,4.166947281934958,0.1584893192461114,0.00016106595959050997,0.1589135380672935,0.1584893192461114,0.12589254117941687,0.1778279410038923,0.00016257476372473142,0.9998374252362753,0.0001637931786756513,2.582514051708194e-06,0.9998362068213242,2.5825140517081548e-06,0.1194376564538267,0.7753900408715291,-53.35477120820294,0.12716601501991218,0.7618391653362201,-46.11087508501588,0.3057784101060874,0.01093746657241621,0.54163807521117,0.013343243505755163,-10.834597637226462,-85.97983895395399,-0.17750971526647097,-16.16089728950579,-7.7606851652360955,5440.315210906613,1.1227497618436582,0.3064124863502623,0.5421520249829412,-11.378329549715309,-92.67457279852994,-0.005384963672697307,5792.885858287771,1.198564360226211,0.017640052641227234,0.2910163113367201,0.5231509335751996,-154.05857982353123
37,1.4529866022852793,0.9861849601988383,292217.72105644416,79162310811.22694,1.078684990677552,281342.894434703,0.01,4.166947281934958,0.1584893192461114,0.00016106595959050997,0.1589135380672935,0.1584893192461114,0.12589254117941687,0.1778279410038923,0.00016257476372473142,0.9998374252362753,0.0001637931786756513,2.582514051708194e-06,0.9998362068213242,2.5825140517081548e-06,0.11834210903193934,0.7773206367062487,-54.50365565834257,0.1260140668407911,0.7638514113601732,-47.10285240235919,0.30456520854991087,0.010936477628086121,0.5433132140711334,0.013352176359451984,-11.078013510554301,-87.84387503249431,-0.19776753187198154,-16.524033568942976,-7.924967087828566,5490.047446030541,1.1247363659360905,0.30521354419940794,0.5437920490539287,-11.62545808394895,-94.6756267973618,-0.02078987657115733,5846.5132713806215,1.2005417069676703,0.017640052641227234,0.2889083523481506,0.5258366089685536,-157.41935494725175
38,1.4922565104551517,0.9938441702975689,294402.70439733844,80396544038.26454,1.0780681358046293,283527.8777755973,0.01,4.166947281934958,0.1584893192461114,0.00016106595959050997,0.1589135380672935,0.1584893192461114,0.12589254117941687,0.1778279410038923,0.00016257476372473142,0.9998374252362753,0.0001637931786756513,2.582514051708194e-06,0.9998362068213242,2.5825140517081548e-06,0.11756704661988168,0.778687917211158,-55.33680570392331,0.12519894280154653,0.7652768896755319,-47.822192093503894,0.3037030260203867,0.010935690616198238,0.5445045512705162,0.01335841319365559,-11.254493524777322,-89.1958058273832,-0.21243415513261088,-16.787376274195857,-8.043982730446592,5525.791115663169,1.1261421086971073,0.3043614127073292,0.5449584993925256,-11.807697135224082,-96.11654823221048,-0.032292048933830864,5885.056492534201,1.2019406215871165,0.017640052641227234,0.28741132317889895,0.5277508197578841,-159.8570827080737
39,1.5315264186250241,0.9984586668665639,295719.1062194453,81144750181.86557,1.0777011400889256,284844.279597704,0.01,4.166947281934958,0.1584893192461114,0.00016106595959050997,0.1589135380672935,0.1584893192461114,0.12589254117941687,0.1778279410038923,0.00016257476372473142,0.9998374252362753,0.0001637931786756513,2.582514051708194e-06,0.9998362068213242,2.5825140517081548e-06,0.11710497100899689,0.7795036322170242,-55.84175539200709,0.1247129201988891,0.7661274720667562,-48.25815473801623,0.30318746296985727,0.010935186496182789,0.545217285311827,0.013362098300697945,-11.361436983800242,-90.01524083876821,-0.22131360499082797,-16.946982319029534,-8.117385098277015,5547.325848195234,1.1269802960552096,0.303851826808935,0.5456563796081974,-11.918344810159805,-96.98830224206176,-0.03970493225697508,5908.277889973174,1.2027746281705756,0.017640052641227234,0.28651656671975423,0.5288976562994221,-161.33474556270085
40,1.5707963267948966,1.0,296158.81046778336,81395438001.39938,1.0775793235019446,285283.98384604225,0.01,4.166947281934958,0.1584893192461114,0.00016106595959050997,0.1589135380672935,0.1584893192461114,0.12589254117941687,0.1778279410038923,0.00016257476372473142,0.9998374252362753,0.0001637931786756513,2.582514051708194e-06,0.9998362068213242,2.5825140517081548e-06,0.11695143678919245,0.7797747649886717,-56.010920501058735,0.12455141865787231,0.7664102185739439,-48.404206625940894,0.3030158987482016,0.010935013170698386,0.5454545194064073,0.013363317222090478,-11.397261802901514,-90.28977391835352,-0.22428674552596428,-17.000452738323958,-8.143202713869401,5554.51887483965,1.127258820004268,0.30368224608294536,0.5458886754988621,-11.956372344623736,-97.28122963738397,-0.04192034438957498,5916.0342960604285,1.20305174478344,0.017640052641227234,0.2862188912453108,0.5292796497081209,-161.8298199755631
0,0.0,0.0,10883.525845888813,8486638.0070058,13.957368599950566,872.7855473301344,0.1,13.177044300762265,1.584893192461114,0.0016106217007797637,1.6144210205858158,1.584893192461114,1.584893192461114,1.7782794100389228,0.0016233340822838643,0.9983766659177161,0.0016144310888142367,2.583474340627781e-05,0.9983855689111857,2.5834743406277947e-05,0.2653138946289366,0.5397636734253013,-6.6680275256493555,0.26638204807209714,0.5381952993908908,-6.584553043786657,0.28698947382026285,0.003574733808994539,0.5147605926238848,0.004883282096810201,-5.81799977954244,-10.168789683417224,-3.053099771337238,-6.340114211700168,-5.373587446291436,2592.8790363975513,0.27657481314263044,0.2863077080863599,0.5157842188720138,-5.935364330605224,-10.431208031920676,-3.024569213030129,2604.037732274318,0.2783217460667999,0.17588613614250811,0.28585161952080246,0.515460216836981,-7.7693991598597325
1,0.039269908169872414,0.001541333133436012,11323.230094226928,8687628.004642343,14.75840582703274,872.7855473301347,0.1,13.177044300762265,1.584893192461114,0.0016106217007797637,1.6144210205858158,1.584893192461114,1.584893192461114,1.7782794100389228,0.0016233340822838643,0.9983766659177161,0.0016144310888142367,2.583474340627781e-05,0.9983855689111857,2.5834743406277947e-05,0.2576615484292929,0.551066376680395,-7.300508308095472,0.25843670455613466,0.5499161211495656,-7.233567731255642,0.2781224355297072,0.0034316407374994948,0.5269835210030435,0.004768357585852881,-6.468622447412379,-11.257094061128775,-3.423659386317376,-7.047441692183862,-5.914663775077582,2672.594163066184,0.2741564328253951,0.2773533964624053,0.52805132626103,-6.5477642471599165,-11.248721621083554,-3.4594692083483096,2681.375613559955,0.2734750292514428,0.17588613614250811,0.27691822101057983,0.5278122387512899,-8.42808013748284
2,0.07853981633974483,0.0061558297024311365,12639.631916333768,11601100.058327213,13.771133269877117,1764.8052945926313,0.1,13.177044300762265,1.584893192461114,0.0016106217007797637,1.6144210205858158,1.584893192461114,1.584893192461114,1.7782794100389228,0.0016233340822838643,0.9983766659177161,0.0016144310888142367,2.583474340627781e-05,0.9983855689111857,2.5834743406277947e-05,0.23718096780211367,0.5818928758833198,-9.343877447925134,0.2372509696339746,0.5817860833243119,-9.335877093047852,0.2581323003375084,0.0033786178629438266,0.5560637980757545,0.004843674828242234,-8.17448645763686,-14.934750823305741,-4.378251899786624,-8.744645992686578,-7.275138052501231,2911.2480728082005,0.29843091888502277,0.25739435767790037,0.5570284785668894,-8.29696014579253,-14.276130116572924,-4.446312746640279,2912.9124436612847,0.29088897687946635,0.17588613614250811,0.25723895148625775,0.5564543565007876,-10.8495865026759
3,0.11780972450961724,0.013815039801161699,14824.615257228019,24087392.59552635,9.123827606216482,3949.7886354868842,0.1,13.177044300762265,1.584893192461114,0.0016106217007797637,1.6144210205858158,1.584893192461114,1.584893192461114,1.7782794100389228,0.0016233340822838643,0.9983766659177161,0.0016144310888142367,2.583474340627781e-05,0.9983855689111857,2.5834743406277947e-05,0.2095362885791964,0.6248328790731515,-13.231326415969106,0.2088355873614256,0.6259411278257404,-13.352398090615237,0.23586031949977043,0.0035576319016697483,0.5902251669441342,0.005278265031935287,-10.469871802629253,-20.036226113654685,-5.430083455569321,-11.5845042082425,-9.346325015217774,3307.3693849095625,0.3841301112566698,0.23516691378223364,0.5910667476706631,-10.75461116339586,-19.847516162742064,-5.569700645733234,3297.220721026923,0.37027267158516397,0.17588613614250811,0.2382551923745154,0.5862753994573839,-16.356493339122004
4,0.15707963267948966,0.024471741852423214,17864.708968032377,57345017.54549895,5.565397660908842,6989.8823462912405,0.1,13.177044300762265,1.584893192461114,0.0016106217007797637,1.6144210205858158,1.584893192461114,1.584893192461114,1.7782794100389228,0.0016233340822838643,0.9983766659177161,0.0016144310888142367,2.583474340627781e-05,0.9983855689111857,2.5834743406277947e-05,0.18029744851190976,0.6719122729160852,-19.669663774429882,0.17900572386971778,0.674031601438686,-20.035189182273623,0.215139494515338,0.003791289385055789,0.6231785767950562,0.00579686490543036,-13.494687298856082,-31.04421518434016,-6.365294402787077,-15.473453003351105,-11.51272672424043,3858.5158797574622,0.5080255423883574,0.21440422438583076,0.6240580700029157,-13.788507446515574,-28.775738250090455,-6.75650813476807,3831.931057331441,0.4915736565226742,0.17588613614250811,0.22385876776828967,0.6102513212678556,-27.10739946755839
5,0.19634954084936207,0.03806023374435662,21741.16986008598,126563977.70402779,3.734699836872056,10866.343238344849,0.1,13.177044300762265,1.584893192461114,0.0016106217007797637,1.6144210205858158,1.584893192461114,1.584893192461114,1.7782794100389228,0.0016233340822838643,0.9983766659177161,0.0016144310888142367,2.583474340627781e-05,0.9983855689111857,2.5834743406277947e-05,0.1530629486623714,0.717302368928477,-29.61696333717814,0.15142569215319132,0.7200783559376904,-30.403685705677272,0.19692082897620786,0.003984645242178647,0.6528589763875636,0.006235565784276694,-17.16255396206708,-45.20118635295821,-7.817314135142941,-19.884556573554253,-14.008801528037266,4561.289555936356,0.6364415172510502,0.19610339627807657,0.6538892840160749,-17.533566016731918,-43.13908033539665,-7.985357113413636,4513.746785542289,0.6199688012481378,0.17588613614250811,0.2118896707546444,0.6301237357948848,-46.02963109054382
6,0.23561944901923448,0.05449673790581606,26430.098262935277,250453038.16184378,2.7891460184124752,15555.271641194164,0.1,13.177044300762265,1.584893192461114,0.0016106217007797637,1.6144210205858158,1.584893192461114,1.584893192461114,1.7782794100389228,0.0016233340822838643,0.9983766659177161,0.0016144310888142367,2.583474340627781e-05,0.9983855689111857,2.5834743406277947e-05,0.12941688014205832,0.7579149685815872,-44.25208895903485,0.1276382900045037,0.7610149530662664,-45.71229831778599,0.1811640840049389,0.00412037006334373,0.6789640046034615,0.006561614312480715,-19.93133007322004,-68.8728058167911,-9.070329862580277,-25.571294458721464,-17.8803949422447,5411.357580036636,0.7525725232472836,0.18027816107698805,0.6801626251833239,-22.25604994710998,-65.4623358791969,-9.250275523198088,5338.464284968314,0.7373881040941668,0.17588613614250811,0.1997827732797398,0.6494554065172194,-76.72748126138245
7,0.2748893571891069,0.0736799178229539,31902.585373749786,450653200.46318144,2.258443859897865,21027.758752008656,0.1,13.177044300762265,1.584893192461114,0.0016106217007797637,1.6144210205858158,1.584893192461114,1.584893192461114,1.7782794100389228,0.0016233340822838643,0.9983766659177161,0.0016144310888142367,2.583474340627781e-05,0.9983855689111857,2.5834743406277947e-05,0.10964728032756577,0.7927279654281003,-64.93688879858149,0.1078626834127725,0.795908991647459,-67.41021733121443,0.16756637635860852,0.004206193459015179,0.7017740774126542,0.006788259655632375,-26.661364972752676,-105.65714424491222,-10.04986276652611,-32.52711254884799,-21.638737470763132,6403.479000013428,0.8513677747313777,0.16665138852570374,0.7030982154332599,-28.238560068028303,-98.13399910252274,-10.59867578299463,6300.998897979155,0.8380307193736534,0.17588613614250811,0.1866496308120248,0.6699828756403503,-123.36836596003462
8,0.3141592653589793,0.09549150281252627,38124.89148970469,751052597.6387264,1.9352936873815698,27250.064867963545,0.1,13.177044300762265,1.584893192461114,0.0016106217007797637,1.6144210205858158,1.584893192461114,1.584893192461114,1.7782794100389228,0.0016233340822838643,0.9983766659177161,0.0016144310888142367,2.583474340627781e-05,0.9983855689111857,2.5834743406277947e-05,0.09342102817236204,0.821885432160057,-93.17204407772016,0.09170723357727752,0.8249957495358423,-97.09447008396471,0.1557961142405109,0.0042540878951498546,0.7217107353774311,0.0069374896436436755,-33.232397923601454,-156.2783846692014,-11.80841119042149,-40.93668630030362,-27.563414150967684,7531.537057398716,0.9331098312534293,0.15489560739904668,0.7230951833433953,-36.01955741060502,-143.6093732944056,-12.056311427068938,7395.416278610361,0.921764676863495,0.17588613614250811,0.17279444494348112,0.6916848979903283,-190.5498547057536
9,0.3534291735288517,0.11979701719998452,45058.654024468386,1177020618.2299514,1.7249335067298628,34183.82740272726,0.1,13.177044300762265,1.584893192461114,0.0016106217007797637,1.6144210205858158,1.584893192461114,1.584893192461114,1.7782794100389228,0.0016233340822838643,0.9983766659177161,0.0016144310888142367,2.583474340627781e-05,0.9983855689111857,2.5834743406277947e-05,0.08019615556736179,0.8460391122330608,-130.5477249516705,0.07859024686755377,0.8489959331675955,-136.45745663986435,0.14555836143095782,0.004274540480460897,0.7391880901837801,0.007029120178918128,-39.99711411176777,-229.8732532007409,-13.634742650046606,-54.14744224963248,-34.67697065078719,8788.576899151358,0.9999917619065118,0.14470950836312066,0.7405680830592438,-45.88574348103358,-204.82768329645984,-13.628906002553311,8614.96897977963,0.9905707510472281,0.17588613614250811,0.1588857573387171,0.7137843216744703,-283.15103699518346
10,0.39269908169872414,0.14644660940672624,52661.12402630407,1754581213.113087,1.5805446695701286,41786.297404562865,0.1,13.177044300762265,1.584893192461114,0.0016106217007797637,1.6144210205858158,1.584893192461114,1.584893192461114,1.7782794100389228,0.0016233340822838643,0.9983766659177161,0.0016144310888142367,2.583474340627781e-05,0.9983855689111857,2.5834743406277947e-05,0.06942100167757677,0.8659772721187645,-178.69034490877874,0.0679361388206561,0.8687430413165473,-187.2303366784995,0.13660662421285247,0.00427559430378435,0.7545701939717526,0.007078690153216028,-52.10252420759829,-316.5406463806909,-15.654370512967404,-71.31540934080702,-41.27601942904311,10166.84845663878,1.0545892151011032,0.13583696010468005,0.7558916129921969,-58.20331776857965,-284.8397336171528,-15.332896316486806,9952.138053541836,1.0469292623592898,0.17588613614250811,0.14550966796683906,0.7354363008304496,-406.17210283144175
11,0.43196898986859655,0.17527597583490817,60885.429739572544,2509546986.539753,1.4771732007631422,50010.603117831364,0.1,13.177044300762265,1.584893192461114,0.0016106217007797637,1.6144210205858158,1.584893192461114,1.584893192461114,1.7782794100389228,0.0016233340822838643,0.9983766659177161,0.0016144310888142367,2.583474340627781e-05,0.9983855689111857,2.5834743406277947e-05,0.06061117852225672,0.8824513579173434,-239.2068116551181,0.05924730354717969,0.8850156358832523,-251.12375369109404,0.12873900328292434,0.00426314547470278,0.7681647546603331,0.007097823237717936,-66.2616062080605,-424.60007094238904,-17.934473424160323,-90.64278403589805,-51.350801526657804,11657.854227387268,1.0992695560558567,0.12806668734401902,0.7693869317700122,-73.55215366049583,-385.652374834329,-17.128077310633287,11398.679407903383,1.0931757857595712,0.17588613614250811,0.13304280965233212,0.756005264571974,-564.566335744141
12,0.47123889803846897,0.2061073738537634,69680.8655846924,3466636780.842646,1.400614871296596,58806.038962951265,0.1,13.177044300762265,1.584893192461114,0.0016106217007797637,1.6144210205858158,1.584893192461114,1.584893192461114,1.7782794100389228,0.0016233340822838643,0.9983766659177161,0.0016144310888142367,2.583474340627781e-05,0.9983855689111857,2.5834743406277947e-05,0.053368203050231676,0.8961117589963473,-313.6277440165851,0.0521185854140229,0.8984791761175129,-329.76745869540616,0.12179085859373194,0.004241450352720691,0.7802282566957371,0.007095079291985651,-81.87957550278145,-557.3588203533186,-18.970160375151323,-113.83320321270955,-63.89082240492605,13252.401665010431,1.1360183063267781,0.12122626578025054,0.7813232355895133,-91.94210628429717,-511.0098681204189,-19.11384130733571,12945.674634390827,1.1312960864002763,0.17588613614250811,0.12166989697883179,0.7751091671393547,-763.0689319250985
13,0.5105088062083414,0.23875071764202552,78993.20477489922,4648600004.547149,1.3423237952298357,68118.37815315803,0.1,13.177044300762265,1.584893192461114,0.0016106217007797637,1.6144210205858158,1.584893192461114,1.584893192461114,1.7782794100389228,0.0016233340822838643,0.9983766659177161,0.0016144310888142367,2.583474340627781e-05,0.9983855689111857,2.5834743406277947e-05,0.04737431471531063,0.9074956962641241,-403.3511591873091,0.046229312149110295,0.9096785250035593,-424.6504326796232,0.11562766521035026,0.00421357101813821,0.7909737627230186,0.007076743777293044,-97.29052381585994,-723.724608300249,-20.58980373184975,-140.99496322002284,-77.47554294453475,14940.659854314492,1.1664335916004864,0.11517523621436014,0.7919242168585802,-113.63196178624109,-662.9902661458696,-21.28725817784522,14583.585993004759,1.1629030635460753,0.17588613614250811,0.11144020753710757,0.7925737890514897,-1006.0271639449954
14,0.5497787143782138,0.2730047501302265,88765.03364241838,6075370912.054462,1.2969136060328548,77890.20702067728,0.1,13.177044300762265,1.584893192461114,0.0016106217007797637,1.6144210205858158,1.584893192461114,1.584893192461114,1.7782794100389228,0.0016233340822838643,0.9983766659177161,0.0016144310888142367,2.583474340627781e-05,0.9983855689111857,2.5834743406277947e-05,0.0423797100825923,0.9170366196614999,-509.5881317533568,0.041328825438515876,0.9190504209350955,-537.0631039104056,0.11013898974792442,0.00418171362496823,0.8005784952586257,0.007047443428626453,-115.82118138010807,-925.0176183897757,-23.019598815301087,-177.1468189498754,-93.23023019006104,16712.22012215957,1.19177783213821,0.10979889699974056,0.8013753914563309,-139.12462455915443,-844.2382827540018,-23.52713430736428,16302.315215558523,1.1892792197427764,0.17588613614250811,0.10232057452488333,0.8083687944526802,-1297.2363992264923
15,0.5890486225480862,0.3086582838174551,98936.1056128188,7763275419.874922,1.2608535011873303,88061.27899107766,0.1,13.177044300762265,1.584893192461114,0.0016106217007797637,1.6144210205858158,1.584893192461114,1.584893192461114,1.7782794100389228,0.0016233340822838643,0.9983766659177161,0.0016144310888142367,2.583474340627781e-05,0.9983855689111857,2.5834743406277947e-05,0.03818900244406223,0.9250803950195482,-633.3118853427874,0.03722194787540248,0.9269415776528342,-668.04321311262,0.10523365722948338,0.0041474729116738225,0.8091903723999067,0.007010599443432632,-137.659967928581,-1160.7117931105035,-26.35713589099606,-219.02287182280506,-112.54889984873182,18556.160210390844,1.2130410027600456,0.10500315164888023,0.8098308473870275,-168.2123210290194,-1054.7289013734273,-26.039417107255794,18091.26576485962,1.211435335571141,0.17588613614250811,0.09423395362206366,0.8225525684545054,-1639.7863620802705
16,0.6283185307179586,0.3454915028125263,109443.71264517836,9724311854.23186,1.2317505256012309,98568.88602343721,0.1,13.177044300762265,1.584893192461114,0.0016106217007797637,1.6144210205858158,1.584893192461114,1.584893192461114,1.7782794100389228,0.0016233340822838643,0.9983766659177161,0.0016144310888142367,2.583474340627781e-05,0.9983855689111857,2.5834743406277947e-05,0.034649342987644896,0.9319018909941857,-775.2117004471129,0.033756544664267106,0.9336264149791363,-818.3267973577274,0.10083594147005397,0.004112005826139667,0.8169333915172333,0.006968754523799273,-166.5752870237963,-1432.2453898864555,-29.85285001213301,-261.99015191690876,-133.39254755031783,20461.111615192065,1.2309986320472284,0.10071037795582961,0.8174189963138004,-201.32581017227753,-1296.9014661475094,-28.77568661154693,19939.40816588519,1.2301663736450745,0.17588613614250811,0.08708427258609647,0.8352320747851771,-2035.9217965102505
17,0.667588438887831,0.3832773180720473,120223.07184800852,11965525296.39441,1.2079358529229587,109348.24522626729,0.1,13.177044300762265,1.584893192461114,0.0016106217007797637,1.6144210205858158,1.584893192461114,1.584893192461114,1.7782794100389228,0.0016233340822838643,0.9983766659177161,0.0016144310888142367,2.583474340627781e-05,0.9983855689111857,2.5834743406277947e-05,0.03164077771123207,0.9377195833917075,-935.6529097841747,0.03081357437299595,0.9393223276196483,-988.3056442603936,0.09688257609671175,0.004076154296562965,0.8239119832485565,0.006923807847840862,-199.45409694404736,-1740.4137944834715,-32.35573616033546,-310.83837594508316,-154.04310247973288,22415.32967769199,1.246259792356293,0.09685616437878583,0.8242473073233597,-238.25581166035786,-1572.5993451747936,-31.690790424749093,21835.348006163174,1.2460986618723082,0.17588613614250811,0.08077116788944946,0.8465362648490325,-2486.921350738309
18,0.7068583470577035,0.4217827674798846,131207.72488732325,14488492967.325436,1.1882165459811425,120332.8982655821,0.1,13.177044300762265,1.584893192461114,0.0016106217007797637,1.6144210205858158,1.584893192461114,1.584893192461114,1.7782794100389228,0.0016233340822838643,0.9983766659177161,0.0016144310888142367,2.583474340627781e-05,0.9983855689111857,2.5834743406277947e-05,0.02906870349197287,0.9427075825387585,-1114.6441082509448,0.02829938338808597,0.9442020883239738,-1177.9924146727503,0.09332040627251667,0.0040405322077204835,0.8302145100421259,0.006877184265084823,-235.98987538101562,-2085.303810381297,-34.88232675840614,-367.5085363274937,-177.19833744218104,24406.765993691875,1.2593050047162253,0.09338674444741006,0.8304061401805709,-279.58823586927224,-1879.6652320284047,-34.90826700754103,23767.3961861143,1.259727629090377,0.17588613614250811,0.07519805582476423,0.8565996373019178,-2992.998071653941
19,0.7461282552275759,0.4607704521360774,142329.94772436732,17288935426.43663,1.1717213072729031,131455.12110262612,0.1,13.177044300762265,1.584893192461114,0.0016106217007797637,1.6144210205858158,1.584893192461114,1.584893192461114,1.7782794100389228,0.0016233340822838643,0.9983766659177161,0.0016144310888142367,2.583474340627781e-05,0.9983855689111857,2.5834743406277947e-05,0.02685807164234743,0.9470052127276506,-1311.81253156606,0.026139828863776835,0.9484036329254738,-1386.9944482238484,0.09010453615026794,0.004005587323883362,0.8359160753091374,0.006829956748264054,-276.100311113282,-2466.2442028736923,-39.322571639422435,-429.7062374157535,-203.65498884051144,26423.142696083803,1.2705155156971166,0.09025697970037498,0.8359718279929511,-324.30480799898385,-2219.75258839846,-38.3464629958315,25723.640986237944,1.2714472065464861,0.17588613614250811,0.07027609297842106,0.8655527369902699,-3553.2243787177317
20,0.7853981633974483,0.4999999999999999,153521.16815683604,20356465315.677456,1.1578016471301698,142646.3415350951,0.1,13.177044300762265,1.584893192461114,0.0016106217007797637,1.6144210205858158,1.584893192461114,1.584893192461114,1.7782794100389228,0.0016233340822838643,0.9983766659177161,0.0016144310888142367,2.583474340627781e-05,0.9983855689111857,2.5834743406277947e-05,0.024948969230727803,0.9507245126042203,-1526.3883603556965,0.024275824009073906,0.9520376676131717,-1614.4970562743708,0.08719685952399892,0.003971645665396935,0.8410807839392919,0.006782935575661378,-318.4835088583154,-2881.7740073993155,-42.34485894322148,-496.46506635290234,-232.2233854505157,28452.02815198423,1.28019568169167,0.08742876930244362,0.8410091517395825,-372.87501793753603,-2589.09466870267,-41.83895790917022,27692.021506823956,1.2815724540916753,0.17588613614250811,0.06592572743819824,0.8735171346458587,-4165.483794928138
21,0.8246680715673207,0.5392295478639225,164712.3885893048,23674482034.45451,1.1459668226451767,153837.56196756367,0.1,13.177044300762265,1.584893192461114,0.0016106217007797637,1.6144210205858158,1.584893192461114,1.584893192461114,1.7782794100389228,0.0016233340822838643,0.9983766659177161,0.0016144310888142367,2.583474340627781e-05,0.9983855689111857,2.5834743406277947e-05,0.0232932578551004,0.9539560601513034,-1757.1984895285004,0.02265996475709701,0.955193544488599,-1859.2568762841495,0.08456488757769488,0.003938943548533626,0.8457635679186272,0.006736733729165836,-360.71415848613594,-3335.3962709860334,-46.78452144749496,-569.6303649048403,-262.12616371797634,30480.913607884675,1.28859002556697,0.08486979055492393,0.8455733287548345,-424.79374464904845,-2988.46183894864,-45.627664639837874,29660.40202740998,1.290356888586128,0.17588613614250811,0.062076908911699674,0.8806031749550498,-4826.451061806896
22,0.8639379797371931,0.5782172325201155,175834.61142634886,27220217165.113003,1.1358399673269741,164959.78480460774,0.1,13.177044300762265,1.584893192461114,0.0016106217007797637,1.6144210205858158,1.584893192461114,1.584893192461114,1.7782794100389228,0.0016233340822838643,0.9983766659177161,0.0016144310888142367,2.583474340627781e-05,0.9983855689111857,2.5834743406277947e-05,0.021852013475026022,0.9567734835428607,-2002.6700716391238,0.021253969839459725,0.9579437915550173,-2119.605615881165,0.08218080811176424,0.00390765090079451,0.8500116670440517,0.006691815192217484,-399.82740636519554,-3824.5644980545435,-50.65006441652738,-640.3589703422937,-294.2496997376179,32497.29031027659,1.29589624115863,0.08255249626618497,0.8497116150002917,-479.8832739097153,-3411.669405020117,-49.42974508917199,31616.64682753362,1.298005749255617,0.17588613614250811,0.058668602432950634,0.8869093630523754,-5531.601571940181
23,0.9032078879070655,0.6167226819279528,186819.26446566367,30964931770.544437,1.127127869491764,175944.43784392264,0.1,13.177044300762265,1.584893192461114,0.0016106217007797637,1.6144210205858158,1.584893192461114,1.584893192461114,1.7782794100389228,0.0016233340822838643,0.9983766659177161,0.0016144310888142367,2.583474340627781e-05,0.9983855689111857,2.5834743406277947e-05,0.02059356980521196,0.9592369555068981,-2260.84390323521,0.020026730345925652,0.9603476092364972,-2393.464260113312,0.08002072617454865,0.0038778883624875746,0.8538658353262112,0.006648530875689576,-440.03106559913283,-4340.514529520167,-53.113114823301395,-713.7602087440396,-327.5696014212946,34488.72662627649,1.3022751373876615,0.08045331217032857,0.8534646008663083,-536.9694828321174,-3858.9618167261087,-53.44803309625496,33548.69500748476,1.3046861750426433,0.17588613614250811,0.0556479821478066,0.8925226704347997,-6275.2503334710445
24,0.9424777960769379,0.6545084971874737,197598.62366849382,34874262945.88739,1.1195997500009536,186723.7970467526,0.1,13.177044300762265,1.584893192461114,0.0016106217007797637,1.6144210205858158,1.584893192461114,1.584893192461114,1.7782794100389228,0.0016233340822838643,0.9983766659177161,0.0016144310888142367,2.583474340627781e-05,0.9983855689111857,2.5834743406277947e-05,0.019492016083049367,0.961395906524883,-2529.3974808156527,0.018952816080515685,0.9624535770763505,-2678.367557725759,0.07806404774282326,0.003849739927940711,0.8573613283232251,0.006607145532359879,-484.5432824682672,-4878.540877588777,-55.923854761276345,-789.7864489970399,-363.90110248909775,36442.94468877642,1.3078582751999228,0.07855199087582994,0.8568672634549188,-596.5598272406827,-4326.179337355427,-57.445581991969405,35444.63484776274,1.3105350423505242,0.17588613614250811,0.052969517487803236,0.8975193159109447,-7050.619953763706
25,0.9817477042468103,0.6913417161825449,208106.2307008533,38908713317.34853,1.1130721004132154,197231.40407911217,0.1,13.177044300762265,1.584893192461114,0.0016106217007797637,1.6144210205858158,1.584893192461114,1.584893192461114,1.7782794100389228,0.0016233340822838643,0.9983766659177161,0.0016144310888142367,2.583474340627781e-05,0.9983855689111857,2.5834743406277947e-05,0.01852603757294186,0.9632911389222703,-2805.6773139668962,0.018011325221945117,0.9643017573923603,-2971.498348181779,0.07629297692095666,0.0038232623582819644,0.860528714680616,0.006567858061646514,-531.1209308612965,-5433.244969368902,-59.14182548596949,-865.1106614122464,-401.1501196942622,38347.896093577634,1.3127538627399609,0.07683108896582888,0.8599498247817876,-657.8257179167153,-4804.237243565388,-61.551799763748846,37292.7772487883,1.3156650294059609,0.17588613614250811,0.05059406598964353,0.9019657546217283,-7849.936412158627
26,1.0210176124166828,0.7269952498697734,218277.30267125374,43024273633.79916,1.1073976812942405,207402.4760495126,0.1,13.177044300762265,1.584893192461114,0.0016106217007797637,1.6144210205858158,1.584893192461114,1.584893192461114,1.7782794100389228,0.0016233340822838643,0.9983766659177161,0.0016144310888142367,2.583474340627781e-05,0.9983855689111857,2.5834743406277947e-05,0.01767801556982798,0.9649564810948311,-3086.739853380758,0.017184993116373205,0.9659253377556634,-3269.7310467964285,0.07469210379628907,0.003798492237664603,0.863394545873457,0.006530816931002149,-578.9299703635709,-5998.619683359978,-61.6689069437853,-941.2856565670938,-438.9301479518049,40191.836181808896,1.317051331149574,0.07527554156946384,0.8627384546653849,-719.4148814055591,-5291.16604223262,-65.63494338006319,39081.7277980894,1.3201693328051112,0.17588613614250811,0.04848802974608386,0.9059197200842888,-8664.55070198657
27,1.0602875205865552,0.7612492823579744,228049.13153877287,47173165278.52638,1.1024574265586176,217174.3049170316,0.1,13.177044300762265,1.584893192461114,0.0016106217007797637,1.6144210205858158,1.584893192461114,1.584893192461114,1.7782794100389228,0.0016233340822838643,0.9983766659177161,0.0016144310888142367,2.583474340627781e-05,0.9983855689111857,2.5834743406277947e-05,0.016933324843906677,0.966420087802456,-3369.4001764642567,0.016459497718385493,0.9673519196283705,-3569.6833768103147,0.07324806515007146,0.0037754512949864016,0.8659819109560127,0.006496131962726914,-629.6749251498799,-6568.150090467457,-63.744370468648455,-1018.7431859609858,-476.8246101341997,41963.39644965397,1.320824906276844,0.0738723145642317,0.8652558487292983,-781.3281485509651,-5782.88042566687,-69.78989406991738,40800.45702064316,1.3241253554363586,0.17588613614250811,0.046622599844934984,0.9094312334183623,-9485.083776829668
28,1.0995574287564276,0.7938926261462365,237361.47072897974,51304686521.28947,1.0981544105769983,226486.64410723856,0.1,13.177044300762265,1.584893192461114,0.0016106217007797637,1.6144210205858158,1.584893192461114,1.584893192461114,1.7782794100389228,0.0016233340822838643,0.9983766659177161,0.0016144310888142367,2.583474340627781e-05,0.9983855689111857,2.5834743406277947e-05,0.01627978216165571,0.9677054669839196,-3650.287378440184,0.015822915163961636,0.9686045343163627,-3867.775230140623,0.07194926408780125,0.003754150438720958,0.8683108975399316,0.006463883395483147,-680.0144424079142,-7134.928209811649,-66.6393400711504,-1095.9768023565518,-514.3939474973897,43651.65463895804,1.3241364120198138,0.07261011900987568,0.867521705447905,-842.7363742898618,-6272.075157767009,-73.88633187704959,42438.368379257096,1.3275976053699086,0.17588613614250811,0.0449730951791502,0.9125435358749502,-10301.591651343493
29,1.1388273369263,0.8247240241650917,246156.90657409956,55366143709.03849,1.0944093013333376,235282.07995235862,0.1,13.177044300762265,1.584893192461114,0.0016106217007797637,1.6144210205858158,1.584893192461114,1.584893192461114,1.7782794100389228,0.0016233340822838643,0.9983766659177161,0.0016144310888142367,2.583474340627781e-05,0.9983855689111857,2.5834743406277947e-05,0.015707211123751463,0.9688322942337831,-3925.9054470272254,0.015265290707709593,0.9697024476849718,-4160.2933580329045,0.07078563762134146,0.0037345928297834088,0.8703989758693075,0.006434128887213683,-729.3347768561057,-7691.779235191146,-68.99463551305351,-1173.294710161791,-551.1772259478877,45246.2020765812,1.3270374820972652,0.0714791758027328,0.8695531211114369,-902.9516880638978,-6751.199041301092,-77.79790598344695,43985.36360574454,1.33063998599864,0.17588613614250811,0.043518392621502144,0.9152939256385318,-11103.746997250368
30,1.1780972450961724,0.8535533905932737,254381.21228736802,59303846422.267525,1.0911568990657177,243506.38566562664,0.1,13.177044300762265,1.584893192461114,0.0016106217007797637,1.6144210205858158,1.584893192461114,1.584893192461114,1.7782794100389228,0.0016233340822838643,0.9983766659177161,0.0016144310888142367,2.583474340627781e-05,0.9983855689111857,2.5834743406277947e-05,0.015207097151595867,0.9698170615005863,-4192.698258190624,0.01477829891710675,0.9706618002846698,-4443.460443375329,0.06974846353004158,0.003716776230327191,0.8722613194523346,0.006406908951782781,-777.0125434427714,-8231.396394565514,-71.33105533597444,-1248.3256980570623,-586.7140538052033,46737.207847329686,1.329571313371163,0.07047102113737216,0.8713649176478298,-961.3894735309998,-7213.77039753273,-81.55637458668689,45431.90496010608,1.333297613562529,0.17588613614250811,0.04224044110782295,0.917714494124584,-11881.033153014108
31,1.2173671532660448,0.8802029828000155,261983.68228920375,63064143956.95308,1.0883434782316286,251108.85566746243,0.1,13.177044300762265,1.584893192461114,0.0016106217007797637,1.6144210205858158,1.584893192461114,1.584893192461114,1.7782794100389228,0.0016233340822838643,0.9983766659177161,0.0016144310888142367,2.583474340627781e-05,0.9983855689111857,2.5834743406277947e-05,0.01477231283240909,0.9706735955616004,-4447.117222564793,0.014354973423576363,0.9714961184148388,-4713.506991743799,0.06883019961362588,0.003700694804085434,0.8739110730260593,0.006382251195464717,-822.4264231643683,-8746.481379629751,-73.82457869974766,-1319.750227650397,-620.5496435947005,48115.47940481711,1.3317740614056617,0.06957834536517411,0.8729699151600132,-1016.9501665034794,-7658.352593593963,-85.11167133669412,46769.074033868295,1.3356082652615797,0.17588613614250811,0.04112385049851783,0.9198327647630371,-12622.946141701417
32,1.2566370614359172,0.9045084971874736,268917.4448239674,66594479370.990425,1.0859247315049025,258042.61820222597,0.1,13.177044300762265,1.584893192461114,0.0016106217007797637,1.6144210205858158,1.584893192461114,1.584893192461114,1.7782794100389228,0.0016233340822838643,0.9983766659177161,0.0016144310888142367,2.583474340627781e-05,0.9983855689111857,2.5834743406277947e-05,0.014396898588597686,0.971413473511775,-4685.690039664317,0.013989491293109836,0.9722167232804202,-4966.744401187668,0.06802434984816692,0.003686340498873927,0.8753595765064774,0.00636017362741123,-864.9690546326935,-9229.88713109123,-76.19475914090981,-1386.6234398321658,-651.040017660588,49372.519246569755,1.3336759547515353,0.06879485939305821,0.8743791586203531,-1069.0285670271978,-8074.9373709982565,-88.41889563031488,47988.62673503756,1.3376035365214898,0.17588613614250811,0.04015554591719332,0.921672241124905,-13319.20007371676
33,1.2959069696057897,0.9263200821770461,275139.7509399224,69844436787.22458,1.08386417056955,264264.9243181809,0.1,13.177044300762265,1.584893192461114,0.0016106217007797637,1.6144210205858158,1.584893192461114,1.584893192461114,1.7782794100389228,0.0016233340822838643,0.9983766659177161,0.0016144310888142367,2.583474340627781e-05,0.9983855689111857,2.5834743406277947e-05,0.014075887202151983,0.9720463561962237,-4905.088981748661,0.013677000640242033,0.9728330590660291,-5199.63753328651,0.06732535305952024,0.0036737041090490275,0.8766165518840896,0.006340687250627545,-904.0588395887503,-9674.75969144627,-78.65476572855793,-1448.040958419549,-678.593780643589,50500.57730395505,1.3353021863037808,0.06811518397880625,0.8756021062565819,-1116.5868545470316,-8460.160090205021,-91.45086475516189,49083.04411566878,1.3393097674495222,0.17588613614250811,0.03932447886055027,0.9232528728135265,-13959.931204956416
34,1.335176877775662,0.9455032620941839,280612.23805073695,72766757686.74586,1.0821318778943778,269737.4114289958,0.1,13.177044300762265,1.584893192461114,0.0016106217007797637,1.6144210205858158,1.584893192461114,1.584893192461114,1.7782794100389228,0.0016233340822838643,0.9983766659177161,0.0016144310888142367,2.583474340627781e-05,0.9983855689111857,2.5834743406277947e-05,0.013805163414255344,0.9725802557083837,-5102.197132105662,0.0134134827895081,0.9733529559415284,-5408.8751110830435,0.06672849060507924,0.0036627760915334314,0.8776902586679314,0.0063237980898750695,-939.1513910915281,-10074.67584280234,-81.22620683401894,-1503.1565825937378,-702.9624465008565,51492.69872393184,1.3366736263939016,0.06753475823397928,0.8766467856487374,-1159.5430894247406,-8804.004029277525,-94.06190558809963,50045.578728679626,1.340748784506557,0.17588613614250811,0.03862138731600206,0.9245914477862429,-14535.895929216673
35,1.3744467859455345,0.9619397662556434,285301.16645358625,75318302555.83385,1.0807035317801685,274426.339831845,0.1,13.177044300762265,1.584893192461114,0.0016106217007797637,1.6144210205858158,1.584893192461114,1.584893192461114,1.7782794100389228,0.0016233340822838643,0.9983766659177161,0.0016144310888142367,2.583474340627781e-05,0.9983855689111857,2.5834743406277947e-05,0.013581351864208148,0.973021749390043,-5274.171043551949,0.013195642321386323,0.9737828403335013,-5591.436313107589,0.06622981025689342,0.0036535471910291387,0.8785876223843386,0.00630950877541588,-969.7503602003928,-10423.773332568908,-83.4870327926169,-1551.199016430155,-724.8732107543777,52342.766748032125,1.3378073918774076,0.06704976440277055,0.8775199223446559,-1197.1507752099722,-9103.529129884824,-96.40454936880408,50870.29622810565,1.341938492750011,0.17588613614250811,0.038038598181456676,0.9257019192929629,-15038.658106361676
36,1.413716694115407,0.9755282581475768,289177.6273456399,77460935453.09662,1.0795596472997515,278302.8007238988,0.1,13.177044300762265,1.584893192461114,0.0016106217007797637,1.6144210205858158,1.584893192461114,1.584893192461114,1.7782794100389228,0.0016233340822838643,0.9983766659177161,0.0016144310888142367,2.583474340627781e-05,0.9983855689111857,2.5834743406277947e-05,0.013401728198756195,0.973376149921201,-5418.498361161619,0.013020819895418352,0.9741279019599122,-5744.652015841909,0.06582606404705285,0.0036460089165042146,0.879314339742416,0.0062978197731468405,-994.7092063787708,-10716.87065265826,-85.37930672846036,-1591.302305959237,-742.2551629664018,53045.54042421103,1.338717297503742,0.06665706659184005,0.8782270448231487,-1228.2663608114117,-9354.44965791011,-98.34142094748054,51552.11195631651,1.342893345805957,0.17588613614250811,0.03756986633397895,0.9265956747705112,-15460.761361949615
37,1.4529866022852793,0.9861849601988383,292217.72105644416,79162310811.22694,1.078684990677552,281342.894434703,0.1,13.177044300762265,1.584893192461114,0.0016106217007797637,1.6144210205858158,1.584893192461114,1.584893192461114,1.7782794100389228,0.0016233340822838643,0.9983766659177161,0.0016144310888142367,2.583474340627781e-05,0.9983855689111857,2.5834743406277947e-05,0.013264149397116887,0.9736476388649954,-5533.049066763456,0.012886923946658626,0.9743922249154898,-5866.2592576433435,0.06551465830060542,0.0036401539007421737,0.8798749633411573,0.0062887303299490995,-1014.4096410141749,-10949.573574310365,-86.87799778997643,-1622.1136224935792,-756.0307553351852,53596.68691905891,1.3394142096783765,0.06635416161780171,0.8787725688356172,-1253.1746905864147,-9555.206086521614,-99.9191261731643,52086.82229262101,1.3436247143673976,0.17588613614250811,0.03721024568283247,0.9272817530225482,-15795.882334142643
38,1.4922565104551517,0.9938441702975689,294402.70439733844,80396544038.26454,1.0780681358046293,283527.8777755973,0.1,13.177044300762265,1.584893192461114,0.0016106217007797637,1.6144210205858158,1.584893192461114,1.584893192461114,1.7782794100389228,0.0016233340822838643,0.9983766659177161,0.0016144310888142367,2.583474340627781e-05,0.9983855689111857,2.5834743406277947e-05,0.01316700031055914,0.97383936927606,-5616.119148860814,0.012792378295303622,0.9745788883518428,-5954.447652460701,0.06529361446617597,0.0036359761667974955,0.8802729681777799,0.006282239186197256,-1028.68802971327,-11118.365945087975,-87.96311406362861,-1645.3794299199328,-766.0097071444703,53992.80823116028,1.3399063178761834,0.06613914054299712,0.8791598634965175,-1271.104667365617,-9700.637989612918,-101.0383358808301,52471.13056998665,1.3441411690126324,0.17588613614250811,0.03695598844604275,0.9277670149593157,-16038.961281594315
39,1.5315264186250241,0.9984586668665639,295719.1062194453,81144750181.86557,1.0777011400889256,284844.279597704,0.1,13.177044300762265,1.584893192461114,0.0016106217007797637,1.6144210205858158,1.584893192461114,1.584893192461114,1.7782794100389228,0.0016233340822838643,0.9983766659177161,0.0016144310888142367,2.583474340627781e-05,0.9983855689111857,2.5834743406277947e-05,0.013109154177445865,0.9739535415683563,-5666.465676796155,0.0127360834624787,0.9746900408970058,-6007.896667868412,0.06516153967887903,0.003633471318962762,0.8805108016946008,0.0062783450940077255,-1037.338570670347,-11220.68261961674,-88.62009058026038,-1659.476461244949,-772.0533356791472,54231.462140902295,1.340199335089383,0.06601065980790329,0.8793913009378223,-1281.983373916355,-9788.309741777222,-101.69885081594218,52702.66740008799,1.3444486891342846,0.17588613614250811,0.036804469706502994,0.9280562721287475,-16186.30699102901
40,1.5707963267948966,1.0,296158.81046778336,81395438001.39938,1.0775793235019446,285283.98384604225,0.1,13.177044300762265,1.584893192461114,0.0016106217007797637,1.6144210205858158,1.584893192461114,1.584893192461114,1.7782794100389228,0.0016233340822838643,0.9983766659177161,0.0016144310888142367,2.583474340627781e-05,0.9983855689111857,2.5834743406277947e-05,0.013089945497868714,0.9739914556773998,-5683.332457961763,0.012717390100309955,0.9747269518103436,-6025.80289451513,0.06511760626930882,0.0036326366708410284,0.8805899186496142,0.006277047168966849,-1040.2360876344205,-11254.962812421903,-88.84007301832173,-1664.1985375283814,-774.0773111648796,54311.177267570914,1.3402966355242563,0.06596792115699203,0.8794682908657435,-1285.6675721166384,-9817.59772132515,-101.92826216328163,52780.00528137361,1.344550806491825,0.17588613614250811,0.036754135042859605,0.9281523762661121,-16235.673522674973
0,0.0,0.0,10883.525845888813,8486638.0070058,13.957368599950566,872.7855473301344,1.0,41.66947281934957,15.848931924611142,0.01610248884864771,16.1003955850067,15.848931924611142,14.125375446227554,17.78279410038923,0.01599592888946445,0.9840040711105356,0.01595080700983666,0.0002595744010094765,0.9840491929901634,0.00025957440100947654,0.035348318528869806,0.9305528665650789,-743.7380300235376,0.03582893004177511,0.9296258521443882,-723.1699751020726,0.04208020818818252,0.0008528795735544203,0.9179733019247219,0.0016021178057695868,-645.0462319558335,-1122.863380879308,-346.66098685629566,-699.8020274103327,-579.3773469582862,18997.675828255047,0.38520050186951266,0.04074535534648626,0.9204585505018905,-674.1667561034891,-1114.7823362467532,-389.39866459022005,19266.37078445452,0.36537924345067396,1.70864936499357,0.04006489070505477,0.9216433181169001,-852.7423446582254
1,0.039269908169872414,0.001541333133436012,11323.230094226928,8687628.004642343,14.75840582703274,872.7855473301347,1.0,41.66947281934957,15.848931924611142,0.01610248884864771,16.1003955850067,15.848931924611142,14.125375446227554,17.78279410038923,0.01599592888946445,0.9840040711105356,0.01595080700983666,0.0002595744010094765,0.9840491929901634,0.00025957440100947654,0.03402163046984979,0.9331142104001275,-805.166147094048,0.03446568901440098,0.9322565056904355,-783.8045146110152,0.04006190221491397,0.0007872462555890017,0.9217904101560519,0.0014838895724967895,-703.8344575788914,-1228.908518286174,-394.09283074262305,-776.5014045502672,-650.149703674024,19749.101720336006,0.37125854454053764,0.038914815224504504,0.9239316039881948,-733.3979012677722,-1197.970078346617,-430.59804636017265,20017.671169162415,0.3558056332704978,1.70864936499357,0.03832637419124234,0.9249637142126232,-916.8837195774344
2,0.07853981633974483,0.0061558297024311365,12639.631916333768,11601100.058327213,13.771133269877117,1764.8052945926313,1.0,41.66947281934957,15.848931924611142,0.01610248884864771,16.1003955850067,15.848931924611142,14.125375446227554,17.78279410038923,0.01599592888946445,0.9840040711105356,0.01595080700983666,0.0002595744010094765,0.9840491929901634,0.00025957440100947654,0.030584974945251465,0.9397654908018988,-1003.6232737525405,0.030941144529514145,0.939075065365768,-979.9063822581646,0.03615394951833378,0.0007302301007340447,0.9292652937931157,0.0013837704580375086,-892.9764165572822,-1526.7897674719857,-501.79893317553956,-970.5251609964486,-813.9238872508604,21998.746606079745,0.37159325182559594,0.03525651777812923,0.930943222000603,-901.490974446511,-1491.896761784247,-525.0561708297877,22266.940306581648,0.36962627965513084,1.70864936499357,0.03476173323351739,0.9318135508670382,-1152.6112598920681
3,0.11780972450961724,0.013815039801161699,14824.615257228019,24087392.59552635,9.123827606216482,3949.7886354868842,1.0,41.66947281934957,15.848931924611142,0.01610248884864771,16.1003955850067,15.848931924611142,14.125375446227554,17.78279410038923,0.01599592888946445,0.9840040711105356,0.01595080700983666,0.0002595744010094765,0.9840491929901634,0.00025957440100947654,0.02619329511572952,0.9482994984775606,-1381.182050237372,0.0264513759633712,0.9477969233636132,-1353.623975475671,0.032250893899730494,0.000714616960847577,0.9367931603808354,0.0013616646291770246,-1190.878688615115,-2151.5637396993807,-579.6063912744796,-1314.5401299279117,-1037.1707165989726,25732.740676682814,0.4425724181120029,0.031553052196954055,0.9380968765549431,-1138.8000800304758,-2029.8920749925594,-634.4842030988156,26000.310704522137,0.4561284106131024,1.70864936499357,0.03164152003664803,0.9378615138054005,-1688.4922211466135
4,0.15707963267948966,0.024471741852423214,17864.708968032377,57345017.54549895,5.565397660908842,6989.8823462912405,1.0,41.66947281934957,15.848931924611142,0.01610248884864771,16.1003955850067,15.848931924611142,14.125375446227554,17.78279410038923,0.01599592888946445,0.9840040711105356,0.01595080700983666,0.0002595744010094765,0.9840491929901634,0.00025957440100947654,0.02183166995231421,0.9568132819082783,-2006.489493762255,0.022008051607871327,0.956468251119832,-1973.7283772837523,0.028856148505667957,0.000712671952690064,0.9433738230500086,0.0013648059007121348,-1503.3157051622838,-3049.7895944476695,-687.6845324488241,-1729.4490104555189,-1339.2915261154058,30928.06261702091,0.5625473168568746,0.028308650588138272,0.9443944902643442,-1431.4532237892813,-2900.953976432952,-747.946408490297,31194.76489300895,0.5865908164462246,1.70864936499357,0.029342749617570066,0.9423399405693204,-2734.3635004463986
5,0.19634954084936207,0.03806023374435662,21741.16986008598,126563977.70402779,3.734699836872056,10866.343238344849,1.0,41.66947281934957,15.848931924611142,0.01610248884864771,16.1003955850067,15.848931924611142,14.125375446227554,17.78279410038923,0.01599592888946445,0.9840040711105356,0.01595080700983666,0.0002595744010094765,0.9840491929901634,0.00025957440100947654,0.01800806010696931,0.9643081700148776,-2972.596131881502,0.01812564030845751,0.9640772582196765,-2933.439252970756,0.026006306467508553,0.0007109558532341609,0.9489159386954635,0.0013671611618867045,-1891.5560329807427,-4456.183642113305,-810.8527168376638,-2206.521708259972,-1662.5820656758895,37552.681539712,0.6880802485695319,0.025571281012829686,0.9497251327167341,-1790.4638996851713,-4288.456272977395,-865.4031202532711,37818.27733463875,0.7188227261325486,1.70864936499357,0.027312286309943687,0.9462892572274023,-4574.789688796582
6,0.23561944901923448,0.05449673790581606,26430.098262935277,250453038.16184378,2.7891460184124752,15555.271641194164,1.0,41.66947281934957,15.848931924611142,0.01610248884864771,16.1003955850067,15.848931924611142,14.125375446227554,17.78279410038923,0.01599592888946445,0.9840040711105356,0.01595080700983666,0.0002595744010094765,0.9840491929901634,0.00025957440100947654,0.014859996398787111,0.9705008266953977,-4393.996173723701,0.014938113198848801,0.9703469208282439,-4347.460603682806,0.023626190136905915,0.000706578465130473,0.9535549438971392,0.0013631014171306942,-2427.689343539863,-6643.200180426658,-944.3637098467543,-2845.606779571119,-2056.5645547014037,45565.754466188366,0.7989646436834843,0.023276830466240454,0.9542034551487084,-2244.767689849923,-6461.559798893639,-988.4198212529086,45830.01187266751,0.8344136516078322,1.70864936499357,0.02520576996875005,0.9503777468498502,-7560.142936414037
7,0.2748893571891069,0.0736799178229539,31902.585373749786,450653200.46318144,2.258443859897865,21027.758752008656,1.0,41.66947281934957,15.848931924611142,0.01610248884864771,16.1003955850067,15.848931924611142,14.125375446227554,17.78279410038923,0.01599592888946445,0.9840040711105356,0.01595080700983666,0.0002595744010094765,0.9840491929901634,0.00025957440100947654,0.012341912528154992,0.9754684977485427,-6402.955722140879,0.012394258869686661,0.9753650999135554,-6348.303490306447,0.021629666736166498,0.0006999537355989525,0.957452986691542,0.0013535765433721383,-3078.029539843951,-9904.393712410003,-1130.8183621013104,-3820.2429885996007,-2456.869553761787,54917.87813724114,0.8906316696842592,0.02134638351670646,0.9579776895456414,-2819.549930495461,-9670.701112441813,-1120.61220718246,55180.57349949622,0.9296149898283709,1.70864936499357,0.023007291612510864,0.9546465344178945,-12095.536069908485
8,0.3141592653589793,0.09549150281252627,38124.89148970469,751052597.6387264,1.9352936873815698,27250.064867963545,1.0,41.66947281934957,15.848931924611142,0.01610248884864771,16.1003955850067,15.848931924611142,14.125375446227554,17.78279410038923,0.01599592888946445,0.9840040711105356,0.01595080700983666,0.0002595744010094765,0.9840491929901634,0.00025957440100947654,0.010348121520788461,0.9794108405774321,-9145.224694694598,0.010383705987316322,0.9793404093753985,-9081.991532693326,0.019942763067615905,0.0006920130499155991,0.9607511498121047,0.001340612901738507,-3841.5336750282295,-14472.223509699723,-1280.5134851821206,-5042.2545621806685,-2959.8213081098434,65551.39360054155,0.9645004265706323,0.019710453531239906,0.9611802793414925,-3557.2421993651565,-14132.154981974769,-1261.1054202671096,65812.31289331817,1.0062272170102418,1.70864936499357,0.020825310175369417,0.9588915989950801,-18627.89650540093
9,0.3534291735288517,0.11979701719998452,45058.654024468386,1177020618.2299514,1.7249335067298628,34183.82740272726,1.0,41.66947281934957,15.848931924611142,0.01610248884864771,16.1003955850067,15.848931924611142,14.125375446227554,17.78279410038923,0.01599592888946445,0.9840040711105356,0.01595080700983666,0.0002595744010094765,0.9840491929901634,0.00025957440100947654,0.008769464350115854,0.9825379748047562,-12775.244398206205,0.008794055241346686,0.9824892249248944,-12703.261289484182,0.018506251840385658,0.0006834976444958065,0.9635630950223941,0.0013258628899393717,-4918.676861585465,-20626.82615214592,-1438.7818845897295,-6413.873723331287,-3637.6813067443054,77400.74169725567,1.023596768508177,0.018312878264177202,0.9639190805695951,-4507.667315845087,-20118.30121346545,-1412.4148373375506,77659.68184535837,1.0674915189566057,1.70864936499357,0.018762449680259863,0.9629148400710729,-27631.51743379933
10,0.39269908169872414,0.14644660940672624,52661.12402630407,1754581213.113087,1.5805446695701286,41786.297404562865,1.0,41.66947281934957,15.848931924611142,0.01610248884864771,16.1003955850067,15.848931924611142,14.125375446227554,17.78279410038923,0.01599592888946445,0.9840040711105356,0.01595080700983666,0.0002595744010094765,0.9840491929901634,0.00025957440100947654,0.007512813410178654,0.985030815544979,-17450.97618275419,0.007530089694784472,0.9849965228612424,-17370.38312438002,0.017273574888421586,0.0006748828007482462,0.9659785045431608,0.0013104265981576102,-6537.653677119688,-28452.62405095951,-1597.1676359198486,-8156.425107949329,-4607.670618606094,90392.8672560592,1.0709479859628575,0.01710943551178577,0.9662794235189753,-5694.611229435979,-27967.701138832777,-1572.4179401789784,90649.63738637757,1.1165769346779992,1.70864936499357,0.016879255963112186,0.9665968221880816,-39592.46328927514
11,0.43196898986859655,0.17527597583490817,60885.429739572544,2509546986.539753,1.4771732007631422,50010.603117831364,1.0,41.66947281934957,15.848931924611142,0.01610248884864771,16.1003955850067,15.848931924611142,14.125375446227554,17.78279410038923,0.01599592888946445,0.9840040711105356,0.01595080700983666,0.0002595744010094765,0.9840491929901634,0.00025957440100947654,0.006504490957048242,0.9870333264885139,-23328.486948006364,0.006516817478538158,0.9870088339529722,-23239.738526699344,0.016208192949547978,0.0006664432322882674,0.9680679487639434,0.0012949735476211026,-8219.365606644235,-38656.70781178255,-1812.240106773965,-10257.727031597355,-5696.780151477009,104447.66950256187,1.1091092311000534,0.016065483391225887,0.9683283752841156,-7153.162173863173,-37900.08668475681,-1744.0697831608438,104702.09212086674,1.1561396095080059,1.70864936499357,0.015198691404737515,0.9698902111939655,-54992.23763263556
12,0.47123889803846897,0.2061073738537634,69680.8655846924,3466636780.842646,1.400614871296596,58806.038962951265,1.0,41.66947281934957,15.848931924611142,0.01610248884864771,16.1003955850067,15.848931924611142,14.125375446227554,17.78279410038923,0.01599592888946445,0.9840040711105356,0.01595080700983666,0.0002595744010094765,0.9840491929901634,0.00025957440100947654,0.005688060558743163,0.9886562329154336,-30556.434226582518,0.0056969782975461025,0.9886384989666305,-30460.296816034315,0.015281301929292765,0.0006583251003267729,0.969887176906991,0.0012798877963841897,-10027.759293806148,-51155.77480576852,-2028.5560147779313,-12832.834700918324,-6853.18489779441,119478.49590721806,1.1401033997042151,0.015153792240044726,0.9701187840241521,-8904.15256465526,-50139.794651178694,-1935.1371214156966,119730.40799247245,1.1882769553805665,1.70864936499357,0.013719549440389469,0.9727948432547451,-74291.14250353363
13,0.5105088062083414,0.23875071764202552,78993.20477489922,4648600004.547149,1.3423237952298357,68118.37815315803,1.0,41.66947281934957,15.848931924611142,0.01610248884864771,16.1003955850067,15.848931924611142,14.125375446227554,17.78279410038923,0.01599592888946445,0.9840040711105356,0.01595080700983666,0.0002595744010094765,0.9840491929901634,0.00025957440100947654,0.005020820694552213,0.9899835672513424,-39270.59694862849,0.0050273501947791024,0.9899705738604229,-39168.13754539787,0.014470041433371782,0.0006505979388110843,0.9714805147936546,0.001265376653661944,-12338.771343250799,-66432.3883055892,-2204.87032106058,-16264.151323927548,-8597.030663299049,135392.67642698603,1.1654906959085247,0.014352807730800436,0.9716925642488768,-10985.935056482846,-64934.08410536102,-2142.5830466583857,135641.93043642407,1.2146050686368683,1.70864936499357,0.012427813698142231,0.9753360376995546,-97911.76848710592
14,0.5497787143782138,0.2730047501302265,88765.03364241838,6075370912.054462,1.2969136060328548,77890.20702067728,1.0,41.66947281934957,15.848931924611142,0.01610248884864771,16.1003955850067,15.848931924611142,14.125375446227554,17.78279410038923,0.01599592888946445,0.9840040711105356,0.01595080700983666,0.0002595744010094765,0.9840491929901634,0.00025957440100947654,0.00447052809910613,0.9910789294232727,-49588.59771014382,0.004475356848045149,0.9910693151228271,-49481.164635508205,0.01375613008017426,0.0006432875832941146,0.9728834665929296,0.0012515419312214544,-14582.541270154632,-84219.7959547024,-2460.0206053690113,-20300.548858731192,-10690.926327370787,152092.09484695943,1.1864635918180233,0.013645323245712925,0.9730832282077029,-13403.595561624375,-82608.34145453502,-2369.7832539535048,152338.5596257365,1.2363587656801844,1.70864936499357,0.01130406137407941,0.9775502286845484,-126223.05393473149
15,0.5890486225480862,0.3086582838174551,98936.1056128188,7763275419.874922,1.2608535011873303,88061.27899107766,1.0,41.66947281934957,15.848931924611142,0.01610248884864771,16.1003955850067,15.848931924611142,14.125375446227554,17.78279410038923,0.01599592888946445,0.9840040711105356,0.01595080700983666,0.0002595744010094765,0.9840491929901634,0.00025957440100947654,0.004012752910410726,0.9919905963650986,-61604.958426574805,0.004016351928805881,0.9919834272252043,-61494.15432652078,0.013124834224330233,0.0006363959290352417,0.9741246877142234,0.0012384241203263135,-17282.33334713552,-105872.96657333741,-2734.786247244454,-24988.735851429454,-12524.190910553149,169473.79369945903,1.2039330142796705,0.013017481172058986,0.974317800274832,-16186.359914135488,-103269.5878251397,-2615.449962321071,169717.3552892651,1.254481316511661,1.70864936499357,0.010327683756516735,0.9794766500264136,-159525.33998012845
16,0.6283185307179586,0.3454915028125263,109443.71264517836,9724311854.23186,1.2317505256012309,98568.88602343721,1.0,41.66947281934957,15.848931924611142,0.01610248884864771,16.1003955850067,15.848931924611142,14.125375446227554,17.78279410038923,0.01599592888946445,0.9840040711105356,0.01595080700983666,0.0002595744010094765,0.9840491929901634,0.00025957440100947654,0.0036288674834969773,0.9927554337122187,-75386.62374503269,0.0036315647786967606,0.9927500587053484,-75274.2715149895,0.012564188331964966,0.0006299124561424735,0.9752274802260105,0.0012260290786919017,-20378.48089052918,-130922.40674315009,-2996.351748502561,-30188.54828436063,-15152.689382024297,187430.6090310577,1.2185975693626632,0.0124580237306381,0.9754182585268255,-19343.96545547236,-126994.61596742178,-2881.0775058989248,187671.17137270822,1.2696962257627744,1.70864936499357,0.009479041862512798,0.9811530113009422,-198036.825477805
17,0.667588438887831,0.3832773180720473,120223.07184800852,11965525296.39441,1.2079358529229587,109348.24522626729,1.0,41.66947281934957,15.848931924611142,0.01610248884864771,16.1003955850067,15.848931924611142,14.125375446227554,17.78279410038923,0.01599592888946445,0.9840040711105356,0.01595080700983666,0.0002595744010094765,0.9840491929901634,0.00025957440100947654,0.003304556599641766,0.9934018068950367,-90969.07569377589,0.0033065841316855886,0.9933977652352487,-90857.17813392448,0.012064403167244714,0.0006238208271320058,0.9762109305490498,0.001214343927310837,-24186.927337487163,-159360.39376220692,-3325.7285486353685,-36283.52797217048,-17958.627043927678,205851.83110398907,1.2309964148126582,0.011957729082306455,0.9764026229742957,-22853.026689093258,-153857.32881439134,-3167.381875223117,206089.31662966157,1.2825619706674656,1.70864936499357,0.00874041539801173,0.9826135381909801,-241881.793302971
18,0.7068583470577035,0.4217827674798846,131207.72488732325,14488492967.325436,1.1882165459811425,120332.8982655821,1.0,41.66947281934957,15.848931924611142,0.01610248884864771,16.1003955850067,15.848931924611142,14.125375446227554,17.78279410038923,0.01599592888946445,0.9840040711105356,0.01595080700983666,0.0002595744010094765,0.9840491929901634,0.00025957440100947654,0.003028725210419203,0.9939517227555619,-108353.14903072895,0.0030302493978863468,0.9939486836156407,-108243.8431973088,0.011617413883717585,0.0006181025901341205,0.9770907798930638,0.0012033464169607998,-28142.73982204428,-191175.30477108486,-3622.1578874927695,-42970.66653793122,-20791.586663902537,224623.8869584956,1.241548770088136,0.011508984171082884,0.9772857818188914,-26753.424367930365,-183984.42789202044,-3474.480873851702,224858.23706996135,1.29351288085737,1.70864936499357,0.00809629590522329,0.9838883157404069,-291080.9373842829
19,0.7461282552275759,0.4607704521360774,142329.94772436732,17288935426.43663,1.1717213072729031,131455.12110262612,1.0,41.66947281934957,15.848931924611142,0.01610248884864771,16.1003955850067,15.848931924611142,14.125375446227554,17.78279410038923,0.01599592888946445,0.9840040711105356,0.01595080700983666,0.0002595744010094765,0.9840491929901634,0.00025957440100947654,0.0027926991823235513,0.994422400804076,-127502.63995560024,0.0027938410329514706,0.9944201234818145,-127398.14730963002,0.011216532598257991,0.0006127391963043317,0.977880094619033,0.0011930103709359128,-32467.759775266895,-226278.80717570102,-4019.6342353364744,-50203.38235868203,-24109.376154273934,243631.04062789225,1.2505831988550808,0.011105458615735612,0.9780801234390152,-31029.00027076932,-217151.2561780418,-3803.7595201648805,243862.2160577937,1.3028894316342912,1.70864936499357,0.00753334873422043,0.9850033009632047,-345544.06941953354
20,0.7853981633974483,0.4999999999999999,153521.16815683604,20356465315.677456,1.1578016471301698,142646.3415350951,1.0,41.66947281934957,15.848931924611142,0.01610248884864771,16.1003955850067,15.848931924611142,14.125375446227554,17.78279410038923,0.01599592888946445,0.9840040711105356,0.01595080700983666,0.0002595744010094765,0.9840491929901634,0.00025957440100947654,0.0025896388531656705,0.9948274285230585,-148342.781683404,0.002590487455394404,0.9948257357144679,-148245.35524723996,0.010856179371410604,0.0006077130412556267,0.9785897861428386,0.0011833087768873805,-37333.683317215735,-264109.2721574705,-4483.229272012254,-57649.573863907164,-27822.125714951824,262756.10668928723,1.2583592887470703,0.01074185365854852,0.9787960236811433,-35653.75178592457,-253342.55190405657,-4153.5186597222955,262984.0877432344,1.310960673564928,1.70864936499357,0.007040225097675498,0.985980646763905,-405065.4266831145
21,0.8246680715673207,0.5392295478639225,164712.3885893048,23674482034.45451,1.1459668226451767,153837.56196756367,1.0,41.66947281934957,15.848931924611142,0.01610248884864771,16.1003955850067,15.848931924611142,14.125375446227554,17.78279410038923,0.01599592888946445,0.9840040711105356,0.01595080700983666,0.0002595744010094765,0.9840491929901634,0.00025957440100947654,0.002414106432786632,0.9951776150442956,-170759.63931055373,0.0024147281337193334,0.9951763746445211,-170671.50912202263,0.010531672385815944,0.000603007946702666,0.9792290170249197,0.0011742154746608995,-42696.280925112005,-304863.9555169616,-4895.805791454214,-65466.64974344493,-31794.56911061531,281881.17275068234,1.2650837496683502,0.01041370725862162,0.9794422246777674,-40631.08676057831,-292288.2894250646,-4510.917000888214,282105.9594286753,1.3179408903415402,1.70864936499357,0.006607320860262339,0.9868391437273464,-469321.73908309895
22,0.8639379797371931,0.5782172325201155,175834.61142634886,27220217165.113003,1.1358399673269741,164959.78480460774,1.0,41.66947281934957,15.848931924611142,0.01610248884864771,16.1003955850067,15.848931924611142,14.125375446227554,17.78279410038923,0.01599592888946445,0.9840040711105356,0.01595080700983666,0.0002595744010094765,0.9840491929901634,0.00025957440100947654,0.0022617447134613534,0.9954816260622262,-194600.45395520033,0.0022621894518319537,0.995480738597452,-194523.77215666726,0.010239063125363308,0.0005986093268016622,0.9798055203928995,0.0011657060115302731,-48382.43884823409,-347996.62370171066,-5318.843900769381,-74036.91060441073,-35642.89589042331,300888.32642007887,1.270922429842483,0.010117241518704046,0.9800261317257537,-45845.57059416408,-333834.3213985144,-4889.389097568114,301109.93841650756,1.3240020351024162,1.70864936499357,0.006226530872821873,0.9875946804493811,-537873.146217685
23,0.9032078879070655,0.6167226819279528,186819.26446566367,30964931770.544437,1.127127869491764,175944.43784392264,1.0,41.66947281934957,15.848931924611142,0.01610248884864771,16.1003955850067,15.848931924611142,14.125375446227554,17.78279410038923,0.01599592888946445,0.9840040711105356,0.01595080700983666,0.0002595744010094765,0.9840491929901634,0.00025957440100947654,0.00212903664161523,0.9957464595137909,-219674.94287276702,0.0021293423769423686,0.9957458493450735,-219611.72978722685,0.009975006008712888,0.0005945041829350536,0.9803258529039881,0.0011577580106875872,-54347.2160547284,-392634.25885586196,-5736.649164357579,-83099.15783534668,-39915.586350244346,319660.38227458554,1.276009342684645,0.009849242300195226,0.9805540477657962,-51360.17472925539,-377597.46240732586,-5277.377025769963,319878.8588568075,1.3292830751221112,1.70864936499357,0.005891021470780801,0.9882606751819585,-610166.9852720158
24,0.9424777960769379,0.6545084971874737,197598.62366849382,34874262945.88739,1.1195997500009536,186723.7970467526,1.0,41.66947281934957,15.848931924611142,0.01610248884864771,16.1003955850067,15.848931924611142,14.125375446227554,17.78279410038923,0.01599592888946445,0.9840040711105356,0.01595080700983666,0.0002595744010094765,0.9840491929901634,0.00025957440100947654,0.0020131239801201286,0.9959778047079191,-245757.53870834084,0.0020133198300467405,0.9959774137966446,-245709.6312360599,0.0097366545959658,0.0005906810111685589,0.9807955963752102,0.0011503512625323322,-60537.63505586105,-439056.29600176966,-6162.097712492192,-92779.4273554653,-44000.98278567264,338081.6043475169,1.2804534961384526,0.009606963520361087,0.981031359950107,-57062.557942004816,-423032.8688861862,-5676.9830707787605,338297.00411376084,1.3338970631753542,1.70864936499357,0.0055950298793250525,0.9888484595225396,-685544.3999067486
25,0.9817477042468103,0.6913417161825449,208106.2307008533,38908713317.34853,1.1130721004132154,197231.40407911217,1.0,41.66947281934957,15.848931924611142,0.01610248884864771,16.1003955850067,15.848931924611142,14.125375446227554,17.78279410038923,0.01599592888946445,0.9840040711105356,0.01595080700983666,0.0002595744010094765,0.9840491929901634,0.00025957440100947654,0.0019116694552653133,0.9961803155695755,-272590.5278293731,0.0019117779446957775,0.9961800990055183,-272559.53144717065,0.00952157844040903,0.0005871296711876102,0.9812195194793225,0.0011434676653101859,-66893.40749296224,-486804.687488977,-6542.565646818705,-102339.7066108814,-48297.88033164409,356038.4196791155,1.2843440972853732,0.009388050535714593,0.9814626891181228,-62914.354294942736,-469755.11940120393,-6085.919050592003,356250.82019720384,1.337936527751913,1.70864936499357,0.005333692226669783,0.9893676092948026,-763249.6505598979
26,1.0210176124166828,0.7269952498697734,218277.30267125374,43024273633.79916,1.1073976812942405,207402.4760495126,1.0,41.66947281934957,15.848931924611142,0.01610248884864771,16.1003955850067,15.848931924611142,14.125375446227554,17.78279410038923,0.01599592888946445,0.9840040711105356,0.01595080700983666,0.0002595744010094765,0.9840491929901634,0.00025957440100947654,0.0018227511483941354,0.9963578201249607,-299888.0253572428,0.0018227898402566776,0.9963577428822885,-299875.27091942844,0.009327696096181526,0.000583841244350808,0.9816017081508037,0.0011370910908303378,-73347.85056130093,-535371.4568558559,-6939.576349179688,-112089.32948242573,-52826.65096961502,373420.118531615,1.2877545477132348,0.009190478406559992,0.981852010322645,-68803.61073434717,-517471.33426988224,-6486.44905495327,373629.61586073245,1.3414776117439156,1.70864936499357,0.005102898539571365,0.989826224750243,-842441.9395318973
27,1.0602875205865552,0.7612492823579744,228049.13153877287,47173165278.52638,1.1024574265586176,217174.3049170316,1.0,41.66947281934957,15.848931924611142,0.01610248884864771,16.1003955850067,15.848931924611142,14.125375446227554,17.78279410038923,0.01599592888946445,0.9840040711105356,0.01595080700983666,0.0002595744010094765,0.9840491929901634,0.00025957440100947654,0.0017447809877526744,0.9965134822851899,-327340.70363557775,0.0017447636781424225,0.9965135168440076,-327347.21006285853,0.009153220859298301,0.0005808078958527102,0.9819456713016329,0.001131207219779657,-79828.97520786776,-584207.0900111713,-7433.058004229796,-122355.55263352026,-57368.77819976041,390119.5369515884,1.2907455323591615,0.009012501858336824,0.9822027505804855,-74723.57146464897,-565293.4562543352,-6892.343248221608,390326.24505004485,1.3445832726912534,1.70864936499357,0.004899171735928954,0.9902311652151801,-922209.5015050133
28,1.0995574287564276,0.7938926261462365,237361.47072897974,51304686521.28947,1.0981544105769983,226486.64410723856,1.0,41.66947281934957,15.848931924611142,0.01610248884864771,16.1003955850067,15.848931924611142,14.125375446227554,17.78279410038923,0.01599592888946445,0.9840040711105356,0.01595080700983666,0.0002595744010094765,0.9840491929901634,0.00025957440100947654,0.0016764413992952395,0.9966499276571748,-354621.171952626,0.0016763790023297499,0.9966500522419,-354647.6157556996,0.008996616615365913,0.000578022748489186,0.9822544269183797,0.0011258033720089754,-86260.7227221043,-632730.0810645221,-7860.31090685,-132637.52081278554,-61871.61994219052,406033.7174713565,1.2933674236160484,0.008852614510119374,0.9825178685637194,-80602.45747796059,-612949.4768081451,-7287.024779668485,406237.76749399654,1.3473057740268546,1.70864936499357,0.004719567275938251,0.990588244231588,-1001585.6533113165
29,1.1388273369263,0.8247240241650917,246156.90657409956,55366143709.03849,1.0944093013333376,235282.07995235862,1.0,41.66947281934957,15.848931924611142,0.01610248884864771,16.1003955850067,15.848931924611142,14.125375446227554,17.78279410038923,0.01599592888946445,0.9840040711105356,0.01595080700983666,0.0002595744010094765,0.9840491929901634,0.00025957440100947654,0.001616635751787224,0.9967693420075794,-381389.88884260244,0.0016165369611536382,0.9967695392694396,-381436.58126408275,0.008856561765396039,0.0005754797711439667,0.9825305724620432,0.0011208683455004823,-92564.32257534363,-680337.4223246579,-8213.637689145638,-142748.2420966406,-66280.71775348416,421064.54387601255,1.295662164210416,0.008709515503193006,0.9827999198593097,-86382.75744360097,-659720.7537046403,-7674.930769018984,421266.0833656022,1.3496886365113125,1.70864936499357,0.004561590264035085,0.9909023911432859,-1079566.447214448
30,1.1780972450961724,0.8535533905932737,254381.21228736802,59303846422.267525,1.0911568990657177,243506.38566562664,1.0,41.66947281934957,15.848931924611142,0.01610248884864771,16.1003955850067,15.848931924611142,14.125375446227554,17.78279410038923,0.01599592888946445,0.9840040711105356,0.01595080700983666,0.0002595744010094765,0.9840491929901634,0.00025957440100947654,0.001564449367023331,0.9968735487677752,-407301.474635724,0.0015643211552703955,0.9968738047901361,-407368.3470114686,0.008731919653786727,0.0005731736826391451,0.9827763426204312,0.0011163922707080037,-98659.74124946291,-726415.8037717484,-8554.928218791363,-152538.02066544894,-70540.78994804015,435119.3461225153,1.297664750171642,0.008582082085365367,0.9830511106059379,-91935.32470630965,-705028.3173378399,-8038.200767073922,435318.53810009133,1.3517681754210304,1.70864936499357,0.004423127131576076,0.9911777845260838,-1155129.5309375469
31,1.2173671532660448,0.8802029828000155,261983.68228920375,63064143956.95308,1.0883434782316286,251108.85566746243,1.0,41.66947281934957,15.848931924611142,0.01610248884864771,16.1003955850067,15.848931924611142,14.125375446227554,17.78279410038923,0.01599592888946445,0.9840040711105356,0.01595080700983666,0.0002595744010094765,0.9840491929901634,0.00025957440100947654,0.0015191186895722865,0.9969640703424484,-432011.2814481416,0.0015189666884737514,0.9969643738828532,-432097.87919143116,0.008621714267664556,0.0005710998702649271,0.9829936567974307,0.0011123664828352267,-104467.18940549562,-770353.268730114,-8967.245825687296,-161873.39964259588,-74596.76429730003,448111.4716813189,1.2994044044867583,0.008469347026925143,0.9832733416958455,-97228.6564522144,-748192.9391563209,-8381.91226202426,448308.4936411106,1.3535747172734662,1.70864936499357,0.004302389432088314,0.991417962146877,-1227253.7861727623
32,1.2566370614359172,0.9045084971874736,268917.4448239674,66594479370.990425,1.0859247315049025,258042.61820222597,1.0,41.66947281934957,15.848931924611142,0.01610248884864771,16.1003955850067,15.848931924611142,14.125375446227554,17.78279410038923,0.01599592888946445,0.9840040711105356,0.01595080700983666,0.0002595744010094765,0.9840491929901634,0.00025957440100947654,0.0014800068123577278,0.9970421767954492,-455182.0707630534,0.001479835605422538,0.997042518702574,-455287.5561672703,0.008525110241882131,0.0005692543216631981,0.9831841582117554,0.0011087834122799056,-109854.36818765423,-811551.0599861526,-9377.70681158543,-170629.3919819733,-78394.82690379079,459960.8197780329,1.300905509504021,0.008370479988778566,0.9834682452545551,-102235.2712860812,-788699.5694690924,-8700.244491203997,460155.86259315076,1.3551335665630002,1.70864936499357,0.004197867677276,0.991625911410054,-1294939.296133394
33,1.2959069696057897,0.9263200821770461,275139.7509399224,69844436787.22458,1.08386417056955,264264.9243181809,1.0,41.66947281934957,15.848931924611142,0.01610248884864771,16.1003955850067,15.848931924611142,14.125375446227554,17.78279410038923,0.01599592888946445,0.9840040711105356,0.01595080700983666,0.0002595744010094765,0.9840491929901634,0.00025957440100947654,0.0014465839977728524,0.9971089246097169,-476490.6453306096,0.0014463973474262246,0.9971092973704342,-476613.8091731345,0.008441396409168597,0.0005676335685010311,0.983349246081176,0.001105636492233217,-114688.4783925291,-849435.384527202,-9753.876612177975,-178555.6041737936,-81799.89420188857,470594.3352413334,1.3021883495041229,0.008284772151714598,0.9836372147452699,-106791.64776815104,-826045.1106752821,-8992.83389241646,470787.60198697285,1.356465775757052,1.70864936499357,0.004108293502110414,0.9918041435776791,-1357227.182391618
34,1.335176877775662,0.9455032620941839,280612.23805073695,72766757686.74586,1.0821318778943778,269737.4114289958,1.0,41.66947281934957,15.848931924611142,0.01610248884864771,16.1003955850067,15.848931924611142,14.125375446227554,17.78279410038923,0.01599592888946445,0.9840040711105356,0.01595080700983666,0.0002595744010094765,0.9840491929901634,0.00025957440100947654,0.0014184121634038616,0.9971651875662575,-495634.2823958467,0.0014182131893406198,0.9971655849499691,-495773.5641130783,0.008369972295056236,0.0005662346403596807,0.9834901020584113,0.0011029200818485892,-119026.10529643086,-883468.8255787763,-10090.833879996946,-185634.15856833025,-84729.3017419591,479946.4589123863,1.303269702463776,0.008211623562163753,0.9837814297599529,-110837.38794447371,-859759.0512537787,-9253.262338035558,480138.16361380165,1.3575887589735225,1.70864936499357,0.004032608760843624,0.9919547544583505,-1413218.8520506034
35,1.3744467859455345,0.9619397662556434,285301.16645358625,75318302555.83385,1.0807035317801685,274426.339831845,1.0,41.66947281934957,15.848931924611142,0.01610248884864771,16.1003955850067,15.848931924611142,14.125375446227554,17.78279410038923,0.01599592888946445,0.9840040711105356,0.01595080700983666,0.0002595744010094765,0.9840491929901634,0.00025957440100947654,0.0013951325483476515,0.9972116812981321,-512336.81924912764,0.0013949238692844033,0.9972120980740322,-512490.33524503553,0.008310337083252944,0.0005650550273759695,0.9836077118407288,0.0011006294032118123,-122806.7274285047,-913161.1376870207,-10384.099673783765,-191808.65868235476,-87280.44888405988,487959.5318388626,1.3041633107262498,0.008150532764667744,0.9839018763355997,-114410.36435927545,-889068.8332129234,-9484.93740145415,488149.8981518304,1.3585167801221378,1.70864936499357,0.0039699404223475804,0.9920794737526314,-1462094.2082248237
36,1.413716694115407,0.9755282581475768,289177.6273456399,77460935453.09662,1.0795596472997515,278302.8007238988,1.0,41.66947281934957,15.848931924611142,0.01610248884864771,16.1003955850067,15.848931924611142,14.125375446227554,17.78279410038923,0.01599592888946445,0.9840040711105356,0.01595080700983666,0.0002595744010094765,0.9840491929901634,0.00025957440100947654,0.0013764559630788115,0.9972489827048607,-526354.2496898215,0.0013762398110792498,0.9972494144138591,-526519.829143365,0.008262080677330499,0.0005640926503431153,0.983702882681025,0.0010987604903856993,-125976.91142712906,-938079.174066095,-10629.72420524765,-196989.56326249972,-89418.24440522981,494584.1507615539,1.3048802532308326,0.008101088382324992,0.9839993634568398,-117393.58202227959,-913665.5818768697,-9682.20516583867,494773.4105934603,1.3592613389790724,1.70864936499357,0.003919580357068672,0.9921797048144974,-1503128.3995686471
37,1.4529866022852793,0.9861849601988383,292217.72105644416,79162310811.22694,1.078684990677552,281342.894434703,1.0,41.66947281934957,15.848931924611142,0.01610248884864771,16.1003955850067,15.848931924611142,14.125375446227554,17.78279410038923,0.01599592888946445,0.9840040711105356,0.01595080700983666,0.0002595744010094765,0.9840491929901634,0.00025957440100947654,0.00136215516907518,0.9972775451285542,-537479.7010201768,0.001361933483436355,0.9972779878959406,-537654.9283750709,0.008224876565171993,0.0005633458371704694,0.9837762573717648,0.001097310148964931,-128491.38324122419,-957855.7149854747,-10805.496241469147,-201100.96786652438,-91112.97090309075,499779.4727018918,1.305429236533313,0.008062962379538347,0.984074536263627,-119755.75077333437,-933109.7978724836,-9823.633813360593,499967.86478194693,1.3598314730509737,1.70864936499357,0.0038809692951345103,0.9922565562281748,-1535706.7176575128
38,1.4922565104551517,0.9938441702975689,294402.70439733844,80396544038.26454,1.0780681358046293,283527.8777755973,1.0,41.66947281934957,15.848931924611142,0.01610248884864771,16.1003955850067,15.848931924611142,14.125375446227554,17.78279410038923,0.01599592888946445,0.9840040711105356,0.01595080700983666,0.0002595744010094765,0.9840491929901634,0.00025957440100947654,0.0013520590457575335,0.9972977099721482,-545547.6753772751,0.0013518335518807906,0.9972981603501903,-545729.9385354634,0.008198476258320833,0.000562813304796335,0.9838283251455284,0.0010962759247985614,-130313.94078858674,-972196.9911394675,-10930.391166750507,-204082.15534068516,-92340.87521382268,503513.46677249484,1.3058168176309157,0.008035904800881764,0.9841278863667414,-121464.30256630332,-947340.0503602418,-9934.917570666434,503701.2351798875,1.3602339887145523,1.70864936499357,0.003853684392111042,0.992310866296713,-1559337.2935917857
39,1.5315264186250241,0.9984586668665639,295719.1062194453,81144750181.86557,1.0777011400889256,284844.279597704,1.0,41.66947281934957,15.848931924611142,0.01610248884864771,16.1003955850067,15.848931924611142,14.125375446227554,17.78279410038923,0.01599592888946445,0.9840040711105356,0.01595080700983666,0.0002595744010094765,0.9840491929901634,0.00025957440100947654,0.0013460482904412712,0.9973097152651177,-550437.456223709,0.0013458205680030332,0.9973101700969952,-550623.999325434,0.008182705132880132,0.0005624941458351511,0.9838594298299167,0.0010956560807836844,-131418.1868448244,-980888.7261124996,-11005.984493258165,-205888.84106277808,-93084.64246200514,505763.1116582386,1.3060475682614416,0.008019739829219637,0.9841597595775813,-122477.66352252461,-955843.4391875457,-10001.938121354626,505950.50431730674,1.3604736316536334,1.70864936499357,0.0038374299716156333,0.9923432212815596,-1573661.2962314365
40,1.5707963267948966,1.0,296158.81046778336,81395438001.39938,1.0775793235019446,285283.98384604225,1.0,41.66947281934957,15.848931924611142,0.01610248884864771,16.1003955850067,15.848931924611142,14.125375446227554,17.78279410038923,0.01599592888946445,0.9840040711105356,0.01595080700983666,0.0002595744010094765,0.9840491929901634,0.00025957440100947654,0.0013440524684626251,0.9973137015401128,-552075.6002401252,0.0013438240124337036,0.997314157838109,-552263.5798021154,0.008177459544827499,0.0005623878194161542,0.9838697755046066,0.0010954495808850895,-131788.0650941049,-983800.5564982324,-11031.292296061361,-206494.08382903456,-93333.74275296187,506514.53755031945,1.3061241876322494,0.008014363048018096,0.9841703612771019,-122818.22242982051,-958712.0268945426,-10024.492061404446,506701.80470201455,1.360553203803154,1.70864936499357,0.003832031127911433,0.992353968011119,-1578460.3927427584
0,0.0,0.0,10883.525845888813,8486638.0070058,13.957368599950566,872.7855473301344,10.0,131.77044300762265,158.48931924611173,0.16070458869901033,166.01943435860295,158.48931924611173,141.25375446227554,177.82794100389228,0.139589137136255,0.860410862863745,0.14433375509470056,0.0023790281653399076,0.8556662449052995,0.0023790281653399076,0.004176729075546107,0.9916639869146783,-56843.955471071284,0.0041434478927060555,0.9917302723750275,-57764.668946640624,0.004946167731535235,0.00010699098300474907,0.9901378412003098,0.0002123879598787594,-53477.219641628595,-85661.5290167079,-27745.96706959646,-59224.52324655327,-49455.85258443313,144416.85950329073,0.4240292671010802,0.0048659443318224615,0.9902967889713729,-52067.18643867403,-87274.37513732002,-29720.52174516595,142740.81829247862,0.377179797555744,13.068115575403118,0.004770624975082736,0.9904841650675313,-66726.90582559598
1,0.039269908169872414,0.001541333133436012,11323.230094226928,8687628.004642343,14.75840582703274,872.7855473301347,10.0,131.77044300762265,158.48931924611173,0.16070458869901033,166.01943435860295,158.48931924611173,141.25375446227554,177.82794100389228,0.139589137136255,0.860410862863745,0.14433375509470056,0.0023790281653399076,0.8556662449052995,0.0023790281653399076,0.004015099168671294,0.9919859226839918,-61532.68959170997,0.003991538219370533,0.9920328559386157,-62264.212135570415,0.004734694199794733,9.956220530490697e-05,0.990557975333306,0.00019775934484908043,-57929.73734249796,-90312.6390120486,-31002.953129584723,-62496.16956730207,-53001.41223890605,149913.0659143486,0.41657176399120427,0.004635234099257018,0.9907552361533807,-56658.60271122337,-93640.75235152226,-32884.39818904789,148486.92422875686,0.3668522141587278,13.068115575403118,0.0045551717537585,0.9909127368568269,-71751.59860623543
2,0.07853981633974483,0.0061558297024311365,12639.631916333768,11601100.058327213,13.771133269877117,1764.8052945926313,10.0,131.77044300762265,158.48931924611173,0.16070458869901033,166.01943435860295,158.48931924611173,141.25375446227554,177.82794100389228,0.139589137136255,0.860410862863745,0.14433375509470056,0.0023790281653399076,0.8556662449052995,0.0023790281653399076,0.0035982279577578503,0.9928164913289202,-76680.68282736123,0.0035967521060637697,0.9928194324135848,-76743.85252025627,0.00429439992121595,9.0327752165308e-05,0.9914337134205541,0.000179581218196748,-68528.99720915608,-114163.02103654991,-38879.24399091526,-73640.4379081573,-63546.67519241245,166367.79920732387,0.42741451089676336,0.004183090872882504,0.9916548880990397,-69719.6968438949,-117167.19643761047,-40097.3328151979,165689.8153837203,0.3799113979127801,13.068115575403118,0.004117343600141156,0.9917842636802519,-90160.69375354315
3,0.11780972450961724,0.013815039801161699,14824.615257228019,24087392.59552635,9.123827606216482,3949.7886354868842,10.0,131.77044300762265,158.48931924611173,0.16070458869901033,166.01943435860295,158.48931924611173,141.25375446227554,177.82794100389228,0.139589137136255,0.860410862863745,0.14433375509470056,0.0023790281653399076,0.8556662449052995,0.0023790281653399076,0.0030692915862128235,0.9938708373784155,-105499.28911601834,0.003089554603595299,0.9938304361404581,-104115.73547443225,0.0038401216686688826,8.674247185573156e-05,0.9923382578010478,0.00017255964234269675,-84883.61547376208,-159758.28795219777,-47286.74745935473,-91420.33991684753,-77470.82438174101,193679.61047971132,0.49836718590921886,0.003731812631747785,0.9925536864311761,-88268.14050454042,-159439.23992731367,-48472.35321294147,194243.4302128568,0.46695690713194826,13.068115575403118,0.0037383821989727373,0.9925393597530469,-131855.79821066433
4,0.15707963267948966,0.024471741852423214,17864.708968032377,57345017.54549895,5.565397660908842,6989.8823462912405,10.0,131.77044300762265,158.48931924611173,0.16070458869901033,166.01943435860295,158.48931924611173,141.25375446227554,177.82794100389228,0.139589137136255,0.860410862863745,0.14433375509470056,0.0023790281653399076,0.8556662449052995,0.0023790281653399076,0.0025481272278011957,0.9949102384967667,-153228.2525719737,0.0025828014479614653,0.9948410679673968,-149131.28173115474,0.0034405972179619828,8.617365811356995e-05,0.9931343487970692,0.00017150046343036106,-105616.30159298872,-226006.07304247527,-56340.65044235505,-114745.30012669973,-98466.93020494594,231680.1133329178,0.612021477728777,0.0033401186110075367,0.9933342767081068,-111216.54073725629,-227671.95226969122,-57262.37923964551,233971.7261857043,0.5981533632647054,13.068115575403118,0.003459701719465869,0.993094954451645,-212997.4572323912
5,0.19634954084936207,0.03806023374435662,21741.16986008598,126563977.70402779,3.734699836872056,10866.343238344849,10.0,131.77044300762265,158.48931924611173,0.16070458869901033,166.01943435860295,158.48931924611173,141.25375446227554,177.82794100389228,0.139589137136255,0.860410862863745,0.14433375509470056,0.0023790281653399076,0.8556662449052995,0.0023790281653399076,0.0020946148261141535,0.9958151577590414,-226970.00785119808,0.0021360547062023267,0.9957324533173031,-218230.74219495174,0.0031035937190064767,8.630760169039573e-05,0.9938061619080124,0.00017182323626738048,-134168.34795966445,-325831.7075984043,-66826.31648992909,-151555.48941178655,-122356.88375194634,280135.0220304038,0.7321489883826887,0.0030118063271612466,0.9939888118385389,-139615.23237979293,-336853.7907111279,-66542.3926785952,284629.76514659106,0.7304706345397058,13.068115575403118,0.0032121981417204126,0.9935883071660295,-355501.26321843534
6,0.23561944901923448,0.05449673790581606,26430.098262935277,250453038.16184378,2.7891460184124752,15555.271641194164,10.0,131.77044300762265,158.48931924611173,0.16070458869901033,166.01943435860295,158.48931924611173,141.25375446227554,177.82794100389228,0.139589137136255,0.860410862863745,0.14433375509470056,0.0023790281653399076,0.8556662449052995,0.0023790281653399076,0.0017235638135229552,0.9965558430451733,-335463.7599878135,0.0017664694075417051,0.9964701815990845,-319338.0774493823,0.0028213985873114227,8.630869176144145e-05,0.9943688802613121,0.00017187053895508932,-165510.41456214414,-482796.78347318585,-78507.91411963852,-197759.0611377157,-150525.46371654802,338745.5959471571,0.8397564044299078,0.002737970825614665,0.9945348893454611,-175426.1439907397,-505794.87338299747,-76282.04640853783,345905.223439816,0.8455397392248478,13.068115575403118,0.002955752230408449,0.9940993857977369,-586350.7859878249
7,0.2748893571891069,0.0736799178229539,31902.585373749786,450653200.46318144,2.258443859897865,21027.758752008656,10.0,131.77044300762265,158.48931924611173,0.16070458869901033,166.01943435860295,158.48931924611173,141.25375446227554,177.82794100389228,0.139589137136255,0.860410862863745,0.14433375509470056,0.0023790281653399076,0.8556662449052995,0.0023790281653399076,0.0014282719385008689,0.9971454960837287,-488805.2212514615,0.0014696869081801025,0.997062786163248,-461606.499642733,0.0025842190249098984,8.600713804260417e-05,0.9948419313548182,0.0001713061423293747,-217787.90261636017,-724993.096715732,-91520.56774059392,-263365.1503108991,-183114.53144977297,407150.4814049875,0.9296951866544252,0.0025084558858878476,0.9949926757139556,-220886.78180558246,-753313.2261607649,-86536.5711433003,417420.31748884387,0.9398869626600453,13.068115575403118,0.0026899538782084046,0.9946291507538185,-936745.151417787
8,0.3141592653589793,0.09549150281252627,38124.89148970469,751052597.6387264,1.9352936873815698,27250.064867963545,10.0,131.77044300762265,158.48931924611173,0.16070458869901033,166.01943435860295,158.48931924611173,141.25375446227554,177.82794100389228,0.139589137136255,0.860410862863745,0.14433375509470056,0.0023790281653399076,0.8556662449052995,0.0023790281653399076,0.0011954059019257629,0.9976106171914187,-698119.3072427459,0.0012339642313661835,0.9975335942049918,-655121.3082300405,0.0023834383955173236,8.543967834545041e-05,0.9952424466569298,0.00017020456181029146,-290284.33126758126,-1030465.2987353367,-102787.84952830427,-338272.3357354522,-231988.36281428012,484927.9395381144,1.0027615899525009,0.002314542608895096,0.9953795111935222,-279470.59536449926,-1100988.104137018,-97707.61682923805,498734.13295768027,1.0155330407743886,13.068115575403118,0.002428211836466544,0.9951509607028594,-1441103.4169498663
9,0.3534291735288517,0.11979701719998452,45058.654024468386,1177020618.2299514,1.7249335067298628,34183.82740272726,10.0,131.77044300762265,158.48931924611173,0.16070458869901033,166.01943435860295,158.48931924611173,141.25375446227554,177.82794100389228,0.139589137136255,0.860410862863745,0.14433375509470056,0.0023790281653399076,0.8556662449052995,0.0023790281653399076,0.0010116135352129293,0.9979777962915187,-975194.3368328948,0.0010468603193252322,0.9979073752778778,-910567.7793003565,0.0022121119515761244,8.46848905939634e-05,0.9955842481299507,0.00016872361499655606,-369704.8323820633,-1438042.383261439,-119062.86318187168,-427845.8968890047,-306624.37393362884,571598.446453518,1.0615705104793152,0.0021492829070321362,0.9957092260195323,-354129.939788267,-1563318.8776751868,-109556.80822868278,589345.3431343723,1.0758460990192418,13.068115575403118,0.002182482510659068,0.9956409930338771,-2135951.661529811
10,0.39269908169872414,0.14644660940672624,52661.12402630407,1754581213.113087,1.5805446695701286,41786.297404562865,10.0,131.77044300762265,158.48931924611173,0.16070458869901033,166.01943435860295,158.48931924611173,141.25375446227554,177.82794100389228,0.139589137136255,0.860410862863745,0.14433375509470056,0.0023790281653399076,0.8556662449052995,0.0023790281653399076,0.0008656799693893304,0.9982693894630307,-1332087.3095541722,0.0008976281324209117,0.9982055494714224,-1238872.8026700846,0.002064780448679261,8.381458191260414e-05,0.9958782078381291,0.00016700753813097443,-462623.0042129342,-1965858.3657876104,-134715.96206426603,-537868.0544513753,-389294.1077712443,666627.6496551972,1.1089080701198675,0.0020072579617898137,0.9959926122821833,-446686.3240294267,-2169889.8335676445,-122303.40716480988,688695.2997768961,1.1240550650378658,13.068115575403118,0.0019594533351324243,0.9960858872320933,-3058721.8297912683
11,0.43196898986859655,0.17527597583490817,60885.429739572544,2509546986.539753,1.4771732007631422,50010.603117831364,10.0,131.77044300762265,158.48931924611173,0.16070458869901033,166.01943435860295,158.48931924611173,141.25375446227554,177.82794100389228,0.139589137136255,0.860410862863745,0.14433375509470056,0.0023790281653399076,0.8556662449052995,0.0023790281653399076,0.0007488207540445052,0.9985029192244327,-1780710.6238219622,0.0007776977693217688,0.9984452092751768,-1650829.6781110705,0.0019371686613601376,8.28835319089582e-05,0.9961328432699532,0.0001651664865716538,-574252.864752641,-2617079.845309013,-143904.1486722195,-666699.5399947168,-480865.5664232159,769429.6625049956,1.1471937812025255,0.001884253117733327,0.996238067087534,-561428.3950645535,-2935888.1346278912,-136098.52400295326,796171.4773653367,1.1628374711319043,13.068115575403118,0.0017613596296930868,0.9964811470167447,-4246493.767392235
12,0.47123889803846897,0.2061073738537634,69680.8655846924,3466636780.842646,1.400614871296596,58806.038962951265,10.0,131.77044300762265,158.48931924611173,0.16070458869901033,166.01943435860295,158.48931924611173,141.25375446227554,177.82794100389228,0.139589137136255,0.860410862863745,0.14433375509470056,0.0023790281653399076,0.8556662449052995,0.0023790281653399076,0.0006543544779410765,0.9986917192239008,-2332411.129992588,0.0006804681441323459,0.9986395267486304,-2156715.9639100847,0.0018259137105247896,8.193048691713406e-05,0.9963548561295672,0.00016327849763820223,-707517.5077740322,-3419993.92027307,-162446.3588747088,-813125.5964051835,-587496.9573494709,879370.676408557,1.178375792943086,0.0017769741711297928,0.9964521555559726,-699048.5799013461,-3881776.82748026,-150916.13914972026,911111.2495254064,1.1942925629767098,13.068115575403118,0.0015876755120133807,0.9968277847489747,-5734713.495960714
13,0.5105088062083414,0.23875071764202552,78993.20477489922,4648600004.547149,1.3423237952298357,68118.37815315803,10.0,131.77044300762265,158.48931924611173,0.16070458869901033,166.01943435860295,158.48931924611173,141.25375446227554,177.82794100389228,0.139589137136255,0.860410862863745,0.14433375509470056,0.0023790281653399076,0.8556662449052995,0.0023790281653399076,0.000577252398651357,0.998845828423029,-2997552.6702129534,0.0006009239166235988,0.9987985132763064,-2765914.505146036,0.0017283499265483475,8.098167021860866e-05,0.9965495597977967,0.0001613964956157369,-847387.173803587,-4398484.8564861575,-176007.0280720894,-1019078.8332202951,-715985.0015592722,995772.8684560687,1.203973795687573,0.0016828255289389536,0.9966400516842516,-862714.9907680706,-5033111.7104597725,-167223.3860169368,1032805.9743403851,1.2200294488574126,13.068115575403118,0.0014364705260598118,0.9971296217565343,-7555921.561108766
14,0.5497787143782138,0.2730047501302265,88765.03364241838,6075370912.054462,1.2969136060328548,77890.20702067728,10.0,131.77044300762265,158.48931924611173,0.16070458869901033,166.01943435860295,158.48931924611173,141.25375446227554,177.82794100389228,0.139589137136255,0.860410862863745,0.14433375509470056,0.0023790281653399076,0.8556662449052995,0.0023790281653399076,0.0005137328485076073,0.9989727982244243,-3785113.235520955,0.0005352659331882348,0.9989297546432429,-3486547.749467327,0.0016423456017811385,8.005421241142364e-05,0.996721204025299,0.00015955514907103208,-1028783.7693565488,-5568741.11355636,-195970.15771385256,-1263327.7254756896,-884462.6440672793,1117918.5804259006,1.2251588171538819,0.0015997431375605988,0.9968058706523943,-1052806.0698303557,-6400336.299375153,-184992.71138400678,1160505.3633641861,1.2412727249469109,13.068115575403118,0.0013052662221637009,0.9973915805859642,-9738525.224870512
15,0.5890486225480862,0.3086582838174551,98936.1056128188,7763275419.874922,1.2608535011873303,88061.27899107766,10.0,131.77044300762265,158.48931924611173,0.16070458869901033,166.01943435860295,158.48931924611173,141.25375446227554,177.82794100389228,0.139589137136255,0.860410862863745,0.14433375509470056,0.0023790281653399076,0.8556662449052995,0.0023790281653399076,0.00046093979886294606,0.9990783328677723,-4702307.5698415125,0.0004806083711248758,0.9990390142421567,-4325135.184874763,0.0015661807311226875,7.915888271496943e-05,0.9968732182580649,0.0001577763372768831,-1208737.2416463476,-6911262.937540053,-215450.25404254164,-1532277.0461783374,-1035656.9184370001,1245054.743386189,1.2428309201519079,0.0015260701068857793,0.9969529163542366,-1270911.4148216667,-8001785.057417365,-203883.28673687726,1293422.107399122,1.258954929752586,13.068115575403118,0.001191510694421943,0.9976187372106946,-12305647.365091871
16,0.6283185307179586,0.3454915028125263,109443.71264517836,9724311854.23186,1.2317505256012309,98568.88602343721,10.0,131.77044300762265,158.48931924611173,0.16070458869901033,166.01943435860295,158.48931924611173,141.25375446227554,177.82794100389228,0.139589137136255,0.860410862863745,0.14433375509470056,0.0023790281653399076,0.8556662449052995,0.0023790281653399076,0.0004167012094623492,0.9991667712209733,-5754245.47743487,0.00043474630200777487,0.9991306964003315,-5286283.213462164,0.0014984555064696706,7.830210267682324e-05,0.9970083938343879,0.00015607318484316514,-1423876.9328266243,-8450314.29608033,-246271.59370900033,-1834277.1078013345,-1191184.3590759484,1376397.520615219,1.257683687659461,0.0014604641506962633,0.9970838656865297,-1518596.796461132,-9841125.714704871,-224330.7516446788,1430736.7305189152,1.2737895380466842,13.068115575403118,0.0010928124674661529,0.9978158527999087,-15274083.210074
17,0.667588438887831,0.3832773180720473,120223.07184800852,11965525296.39441,1.2079358529229587,109348.24522626729,10.0,131.77044300762265,158.48931924611173,0.16070458869901033,166.01943435860295,158.48931924611173,141.25375446227554,177.82794100389228,0.139589137136255,0.860410862863745,0.14433375509470056,0.0023790281653399076,0.8556662449052995,0.0023790281653399076,0.00037935144033296746,0.9992414410268493,-6943635.258772897,0.00039598241367743456,0.9992081919747171,-6372416.019754355,0.001438021476576039,7.748737681088696e-05,0.997129021095104,0.0001544529313099928,-1691866.3149785637,-10189802.214619637,-276669.5597625206,-2180995.1875716825,-1379617.9110911402,1511137.140215467,1.2702544437083372,0.0014018283646023337,0.99720090641753,-1798166.8209065464,-11931928.308101356,-246314.33984324627,1571602.6424102848,1.2863261525082539,13.068115575403118,0.0010070370853942656,0.9979871795245656,-18653393.518897735
18,0.7068583470577035,0.4217827674798846,131207.72488732325,14488492967.325436,1.1882165459811425,120332.8982655821,10.0,131.77044300762265,158.48931924611173,0.16070458869901033,166.01943435860295,158.48931924611173,141.25375446227554,177.82794100389228,0.139589137136255,0.860410862863745,0.14433375509470056,0.0023790281653399076,0.8556662449052995,0.0023790281653399076,0.00034760181560014066,0.9993049171958219,-8270540.629928582,0.0003629993715109348,0.9992741330255218,-7583555.020541122,0.0013839293534885664,7.671628795415835e-05,0.9972369933625082,0.0001529189300398973,-2010043.6510372395,-12129779.447062962,-314135.97110617365,-2571112.2850346635,-1631711.1222729231,1648442.887626628,1.2809622758406944,0.0013492590709949018,0.9973058410906207,-2104460.8261743663,-14261727.37049665,-270283.8375848293,1715151.357883753,1.2969914726344138,13.068115575403118,0.0009323309182750751,0.9981364118816914,-22445159.577484407
19,0.7461282552275759,0.4607704521360774,142329.94772436732,17288935426.43663,1.1717213072729031,131455.12110262612,10.0,131.77044300762265,158.48931924611173,0.16070458869901033,166.01943435860295,158.48931924611173,141.25375446227554,177.82794100389228,0.139589137136255,0.860410862863745,0.14433375509470056,0.0023790281653399076,0.8556662449052995,0.0023790281653399076,0.0003204463394511655,0.9993592100069542,-9732198.198453153,0.0003347660803450253,0.9993305799076385,-8917153.318631582,0.0013353890875656988,7.598918038298908e-05,0.9973338864922959,0.00015147202189209197,-2338529.889236696,-14266178.77824531,-350547.3312427613,-3002570.301264486,-1891932.538673708,1787468.2272571186,1.2901364825132817,0.001302006185295923,0.9974001659998166,-2439084.5438874355,-16840180.835499223,-295737.2628342883,1860497.851373633,1.3061195147045208,13.068115575403118,0.0008671093971003856,0.9982667093012989,-26642421.496631447
20,0.7853981633974483,0.4999999999999999,153521.16815683604,20356465315.677456,1.1578016471301698,142646.3415350951,10.0,131.77044300762265,158.48931924611173,0.16070458869901033,166.01943435860295,158.48931924611173,141.25375446227554,177.82794100389228,0.139589137136255,0.860410862863745,0.14433375509470056,0.0023790281653399076,0.8556662449052995,0.0023790281653399076,0.0002970927671184871,0.9994059027298752,-11322901.105739715,0.00031046870710764424,0.9993791589766029,-10367990.254223237,0.0012917390470766495,7.530562374904976e-05,0.9974210202931596,0.00015011146956471136,-2710407.1257121023,-16590643.738217548,-383958.4564933546,-3468803.892541477,-2158835.4732155944,1927356.0216574988,1.2980377859366012,0.0012594428268075614,0.9974851317549974,-2802915.207194642,-19648161.84079836,-322773.6412481531,2006746.0134149469,1.3139739063086893,13.068115575403118,0.0008100300356505168,0.9983807493618138,-31229316.866012488
21,0.8246680715673207,0.5392295478639225,164712.3885893048,23674482034.45451,1.1459668226451767,153837.56196756367,10.0,131.77044300762265,158.48931924611173,0.16070458869901033,166.01943435860295,158.48931924611173,141.25375446227554,177.82794100389228,0.139589137136255,0.860410862863745,0.14433375509470056,0.0023790281653399076,0.8556662449052995,0.0023790281653399076,0.00027691190846027014,0.9994462528632846,-13033952.837881206,0.0002894596793721319,0.9994211644281618,-11928129.68715385,0.001252422012169588,7.466472515567561e-05,0.9974995063723274,0.00014883558721076053,-3108213.307623435,-19143330.540518153,-418670.0519568854,-3957461.5625979877,-2458274.3005359867,2067243.8160578804,1.3048741723939385,0.0012210418090111738,0.9975617901435854,-3191395.6089939275,-22687187.837122414,-350778.4616309771,2152994.1754562617,1.3207643956098707,13.068115575403118,0.0007599608493002738,0.9984807903810307,-36180931.94608508
22,0.8639379797371931,0.5782172325201155,175834.61142634886,27220217165.113003,1.1358399673269741,164959.78480460774,10.0,131.77044300762265,158.48931924611173,0.16070458869901033,166.01943435860295,158.48931924611173,141.25375446227554,177.82794100389228,0.139589137136255,0.860410862863745,0.14433375509470056,0.0023790281653399076,0.8556662449052995,0.0023790281653399076,0.0002594000680946964,0.999481267152206,-14853693.493487753,0.00027121973338445056,0.999457634093375,-13586944.087022452,0.001216966316057146,7.406533693217865e-05,0.9975702857262935,0.00014764216050871918,-3530561.53359578,-21892060.72582589,-459301.2033209831,-4484538.623182186,-2774403.2787967706,2206269.1556883696,1.3108127692880525,0.001186357293582681,0.9976310307042008,-3603341.4839540906,-25907081.648421995,-379770.94353839406,2298340.6689461414,1.326659147109931,13.068115575403118,0.0007159493657011524,0.9985687329629824,-41463372.38759413
23,0.9032078879070655,0.6167226819279528,186819.26446566367,30964931770.544437,1.127127869491764,175944.43784392264,10.0,131.77044300762265,158.48931924611173,0.16070458869901033,166.01943435860295,158.48931924611173,141.25375446227554,177.82794100389228,0.139589137136255,0.860410862863745,0.14433375509470056,0.0023790281653399076,0.8556662449052995,0.0023790281653399076,0.00024415099628730396,0.9995117576171344,-16767599.019938903,0.00025532946755349467,0.9994894062580301,-15331204.89427047,0.001184970910397845,7.350619324172608e-05,0.9976341585123248,0.00014652872356961188,-3972244.67730702,-24787770.552127186,-501659.97158258746,-5044097.883167271,-3068758.6286716633,2343574.9030995322,1.3159888007465022,0.0011550103548762065,0.997693609507869,-4033061.679430631,-29290956.50379669,-409989.16292505455,2441889.3844196103,1.331793962154212,13.068115575403118,0.0006771945116454748,0.998646175901285,-47034055.0834918
24,0.9424777960769379,0.6545084971874737,197598.62366849382,34874262945.88739,1.1195997500009536,186723.7970467526,10.0,131.77044300762265,158.48931924611173,0.16070458869901033,166.01943435860295,158.48931924611173,141.25375446227554,177.82794100389228,0.139589137136255,0.860410862863745,0.14433375509470056,0.0023790281653399076,0.8556662449052995,0.0023790281653399076,0.00023083477047980243,0.9995383837437316,-18758452.132820655,0.00024144785768687686,0.9995171625816942,-17145237.983502045,0.001156093449856033,7.298599841334045e-05,0.997691807803379,0.00014549273858508838,-4416095.151765432,-27771293.207873758,-533156.3010185128,-5625008.523431273,-3365592.0343758618,2478314.5226997794,1.320512384021606,0.0011266775322380579,0.9977501719844194,-4478457.759410759,-32808206.476050124,-439939.73692406365,2582755.29631098,1.3362792444403697,13.068115575403118,0.0006430221513297229,0.9987144648620772,-52842217.31307897
25,0.9817477042468103,0.6913417161825449,208106.2307008533,38908713317.34853,1.1130721004132154,197231.40407911217,10.0,131.77044300762265,158.48931924611173,0.16070458869901033,166.01943435860295,158.48931924611173,141.25375446227554,177.82794100389228,0.139589137136255,0.860410862863745,0.14433375509470056,0.0023790281653399076,0.8556662449052995,0.0023790281653399076,0.00021918176506073177,0.9995616845105246,-20806581.861079104,0.00022929590494371054,0.9995414607667247,-19011141.450778503,0.0011300407201239465,7.250348272238631e-05,0.9977438186725296,0.0001445317097846334,-4871380.921942857,-30819517.95583279,-562257.6363911077,-6221686.1257694615,-3701745.3354092725,2609657.299928809,1.324473722535349,0.0011010816852884602,0.9978012711584328,-4935930.746877573,-36441981.24323926,-471641.4352358067,2720069.9194307723,1.3402053018087405,13.068115575403118,0.0006128643080491968,0.9987747337615248,-58829633.96709046
26,1.0210176124166828,0.7269952498697734,218277.30267125374,43024273633.79916,1.1073976812942405,207402.4760495126,10.0,131.77044300762265,158.48931924611173,0.16070458869901033,166.01943435860295,158.48931924611173,141.25375446227554,177.82794100389228,0.139589137136255,0.860410862863745,0.14433375509470056,0.0023790281653399076,0.8556662449052995,0.0023790281653399076,0.00020897038660012827,0.9995821028954222,-22890166.956390254,0.00021864409583485794,0.999562759613571,-20909061.399012968,0.0011065609004134874,7.205743637790077e-05,0.9977906936209938,0.00014364325332584895,-5333359.422819848,-33970431.35289517,-596457.9619031056,-6818833.057960573,-4028299.5143933278,2736793.462889097,1.3279471012558606,0.001077984639570122,0.9978473823160632,-5399852.0240354845,-40139697.698949546,-502677.07025877736,2852986.6634657085,1.3436464119190326,13.068115575403118,0.0005862417672133693,0.9988279394261517,-64931528.47766596
27,1.0602875205865552,0.7612492823579744,228049.13153877287,47173165278.52638,1.1024574265586176,217174.3049170316,10.0,131.77044300762265,158.48931924611173,0.16070458869901033,166.01943435860295,158.48931924611173,141.25375446227554,177.82794100389228,0.139589137136255,0.860410862863745,0.14433375509470056,0.0023790281653399076,0.8556662449052995,0.0023790281653399076,0.00020001761860545276,0.9996000047698369,-24985596.811449733,0.00020930271530161638,0.9995814383770234,-22817519.948110428,0.0010854372737355855,7.1646729053799e-05,0.9978328651202424,0.0001428251378840334,-5788190.43670279,-37179842.46953843,-631011.6787303636,-7415857.634731737,-4368266.079313489,2858939.174858929,1.330993981468751,0.0010571812357578435,0.9978889148735587,-5866273.072699827,-43863597.33214031,-533396.3412546864,2980686.052489509,1.346663962607167,13.068115575403118,0.0005627496366702011,0.9988748903721227,-71077658.24611151
28,1.0995574287564276,0.7938926261462365,237361.47072897974,51304686521.28947,1.0981544105769983,226486.64410723856,10.0,131.77044300762265,158.48931924611173,0.16070458869901033,166.01943435860295,158.48931924611173,141.25375446227554,177.82794100389228,0.139589137136255,0.860410862863745,0.14433375509470056,0.0023790281653399076,0.8556662449052995,0.0023790281653399076,0.00019217168001777016,0.9996156935699192,-27067882.087699514,0.00020111431207044835,0.9995978118228256,-24713788.38490195,0.001066483088832691,7.127031995270989e-05,0.997870705858308,0.0001420753059955045,-6232454.948072419,-40373127.59601604,-664846.243998819,-8009203.401456362,-4707173.170350322,2975341.3669064417,1.3336654134980734,0.0010384944882479063,0.997926222033785,-6329751.129404728,-47562190.649972625,-563849.4779221269,3102380.7773044882,1.349308894178013,13.068115575403118,0.0005420454238065965,0.9989162705757839,-77193550.98338684
29,1.1388273369263,0.8247240241650917,246156.90657409956,55366143709.03849,1.0944093013333376,235282.07995235862,10.0,131.77044300762265,158.48931924611173,0.16070458869901033,166.01943435860295,158.48931924611173,141.25375446227554,177.82794100389228,0.139589137136255,0.860410862863745,0.14433375509470056,0.0023790281653399076,0.8556662449052995,0.0023790281653399076,0.000185306287285754,0.9996294217638486,-29111105.994165972,0.00019394780066226493,0.9996121420144248,-26574297.224667214,0.001049537345272783,7.092726178354519e-05,0.9979045371456491,0.00014139188297983664,-6667148.210341191,-43505252.90083557,-697614.3394219833,-8590582.23130923,-5040659.57414039,3085282.3808100023,1.336003929064157,0.0010217716277201915,0.9979596086800475,-6784489.746912183,-51178633.30299189,-592930.7175802682,3217320.5494645573,1.3516236108935644,13.068115575403118,0.0005238392207386961,0.998952659046399,-83201864.56165697
30,1.1780972450961724,0.8535533905932737,254381.21228736802,59303846422.267525,1.0911568990657177,243506.38566562664,10.0,131.77044300762265,158.48931924611173,0.16070458869901033,166.01943435860295,158.48931924611173,141.25375446227554,177.82794100389228,0.139589137136255,0.860410862863745,0.14433375509470056,0.0023790281653399076,0.8556662449052995,0.0023790281653399076,0.0001793161432031017,0.999641399867873,-31088906.116798397,0.00018769381807148914,0.9996246475928263,-28375074.00947202,0.0010344613241974696,7.061670093542884e-05,0.9979346358343435,0.00014077317805707501,-7086875.901479456,-46522133.75633993,-728967.9412103047,-9152637.79327428,-5362815.920457711,3188084.393659801,1.3380450336044138,0.0010068808537620536,0.9979893378538898,-7222050.395702688,-54701115.51170378,-620885.7730817577,3324796.727052998,1.3536434855854338,13.068115575403118,0.0005078856394428555,0.9989845459126824,-89023839.81462286
31,1.2173671532660448,0.8802029828000155,261983.68228920375,63064143956.95308,1.0883434782316286,251108.85566746243,10.0,131.77044300762265,158.48931924611173,0.16070458869901033,166.01943435860295,158.48931924611173,141.25375446227554,177.82794100389228,0.139589137136255,0.860410862863745,0.14433375509470056,0.0023790281653399076,0.8556662449052995,0.0023790281653399076,0.00017411337220694042,0.9996518035710524,-32974975.89788434,0.00018226105022749328,0.9996355111186356,-30092198.94220558,0.0010211357259831035,7.033787538137533e-05,0.9979612400271445,0.00014021768076728292,-7486267.445022585,-49400872.381657705,-759071.8204347315,-9688037.668406278,-5669489.374165927,3283113.5968614807,1.3398183886385882,0.0009937086625272326,0.9980156360860646,-7637678.521641906,-58063074.44886954,-647726.038672619,3424146.683695522,1.3553980498224962,13.068115575403118,0.0004939771930551588,0.9990123456272196,-94580813.29824935
32,1.2566370614359172,0.9045084971874736,268917.4448239674,66594479370.990425,1.0859247315049025,258042.61820222597,10.0,131.77044300762265,158.48931924611173,0.16070458869901033,166.01943435860295,158.48931924611173,141.25375446227554,177.82794100389228,0.139589137136255,0.860410862863745,0.14433375509470056,0.0023790281653399076,0.8556662449052995,0.0023790281653399076,0.0001696246922352356,0.9996607793880657,-34743574.327770315,0.00017757331441781764,0.9996448849034464,-31702267.96724215,0.0010094583058071918,7.009011133508425e-05,0.9979845537936866,0.00013972405477134006,-7860077.643618323,-52101758.484494224,-787106.5817256322,-10189613.778933212,-5956622.55731019,3369784.103776884,1.3413487520058691,0.0009821576440137865,0.9980386977908537,-8025374.593159424,-61217741.62129353,-672191.4623084487,3514757.8938722135,1.356911939004599,13.068115575403118,0.0004819388708605052,0.9990364077912073,-99795755.3925309
33,1.2959069696057897,0.9263200821770461,275139.7509399224,69844436787.22458,1.08386417056955,264264.9243181809,10.0,131.77044300762265,158.48931924611173,0.16070458869901033,166.01943435860295,158.48931924611173,141.25375446227554,177.82794100389228,0.139589137136255,0.860410862863745,0.14433375509470056,0.0023790281653399076,0.8556662449052995,0.0023790281653399076,0.00016578916501603513,0.999668449156015,-36370032.14979103,0.0001735672362725326,0.9996528956530405,-33182852.671385016,0.000999341921117542,6.987281933793722e-05,0.9980047510652705,0.00013929113041252365,-8203287.53957024,-54561263.53896375,-812697.6598421761,-10650641.489933718,-6220331.91392451,3447561.5619100113,1.3426567273128842,0.0009721446662892071,0.9980586888885796,-8382274.96415304,-64120730.565253556,-695435.1363147725,3596071.7093410515,1.358205644741914,13.068115575403118,0.00047162369992694074,0.9990570260117302,-104594798.33019032
34,1.335176877775662,0.9455032620941839,280612.23805073695,72766757686.74586,1.0821318778943778,269737.4114289958,10.0,131.77044300762265,158.48931924611173,0.16070458869901033,166.01943435860295,158.48931924611173,141.25375446227554,177.82794100389228,0.139589137136255,0.860410862863745,0.14433375509470056,0.0023790281653399076,0.8556662449052995,0.0023790281653399076,0.00016255640506677578,0.9996749136144513,-37831242.90080618,0.00017019039889533204,0.9996596481669813,-34512946.39835454,0.0009907129229619136,6.968549021903283e-05,0.9980219788438778,0.00013891789694446454,-8511202.19329552,-56761518.47829734,-835543.32568937,-11064568.160725167,-6456983.689521437,3515966.447367842,1.3437593616217813,0.0009635993816184962,0.9980757497860057,-8701960.054336624,-66710919.89599998,-716389.9676681913,3667586.8033900796,1.3592961142275208,13.068115575403118,0.0004629091252393564,0.9990744451264972,-108908718.80030416
35,1.3744467859455345,0.9619397662556434,285301.16645358625,75318302555.83385,1.0807035317801685,274426.339831845,10.0,131.77044300762265,158.48931924611173,0.16070458869901033,166.01943435860295,158.48931924611173,141.25375446227554,177.82794100389228,0.139589137136255,0.860410862863745,0.14433375509470056,0.0023790281653399076,0.8556662449052995,0.0023790281653399076,0.0001598851564338297,0.9996802552503956,-39106127.41393339,0.00016739987098252405,0.9996652282807517,-35673386.24643602,0.0009835098372925363,6.952769121347671e-05,0.9980363598328379,0.0001386034950114731,-8779543.131162994,-58681339.538179286,-855369.8765056926,-11428933.400513534,-6663265.775524489,3574577.0212845956,1.3446706211396393,0.0009564630032453032,0.9980899978168297,-8982945.10243624,-68976498.57285208,-733945.4595734368,3728862.261683305,1.3601972268171856,13.068115575403118,0.00045569407286836215,0.9990888670659358,-112674340.69342767
36,1.413716694115407,0.9755282581475768,289177.6273456399,77460935453.09662,1.0795596472997515,278302.8007238988,10.0,131.77044300762265,158.48931924611173,0.16070458869901033,166.01943435860295,158.48931924611173,141.25375446227554,177.82794100389228,0.139589137136255,0.860410862863745,0.14433375509470056,0.0023790281653399076,0.8556662449052995,0.0023790281653399076,0.00015774216794862112,0.9996845405466943,-40176060.98987773,0.00016516104294534765,0.9996697051922793,-36647241.145588875,0.0009776822936369287,6.9399062418919e-05,0.9980479945740958,0.00013834720975331217,-9006943.948375005,-60292619.436569795,-871936.594579789,-11735148.125165757,-6836253.758293819,3623031.929982082,1.345401767625359,0.0009506873124868732,0.9981015292227209,-9217489.455958754,-70886182.02306657,-748852.5582339193,3779520.3006441924,1.3609201708354088,13.068115575403118,0.0004498965879137872,0.9991004555684143,-115835825.30844314
37,1.4529866022852793,0.9861849601988383,292217.72105644416,79162310811.22694,1.078684990677552,281342.894434703,10.0,131.77044300762265,158.48931924611173,0.16070458869901033,166.01943435860295,158.48931924611173,141.25375446227554,177.82794100389228,0.139589137136255,0.860410862863745,0.14433375509470056,0.0023790281653399076,0.8556662449052995,0.0023790281653399076,0.000156101314420204,0.9996878217387799,-41025253.28487738,0.000163446717055363,0.9996731332807186,-37420156.97478497,0.0009731901676195418,6.929931370089259e-05,0.9980569631589081,0.00013814846476488073,-9191375.689130548,-61571527.39569393,-885040.1487366717,-11978127.738177938,-6973469.641998956,3661032.432835287,1.3459616528137155,0.0009462338645405552,0.998110420737916,-9405471.608590249,-72396459.4677599,-760682.1605510318,3819248.5966170384,1.3614737381102313,13.068115575403118,0.0004454519615521582,0.9991093399193731,-118345818.88822824
38,1.4922565104551517,0.9938441702975689,294402.70439733844,80396544038.26454,1.0780681358046293,283527.8777755973,10.0,131.77044300762265,158.48931924611173,0.16070458869901033,166.01943435860295,158.48931924611173,141.25375446227554,177.82794100389228,0.139589137136255,0.860410862863745,0.14433375509470056,0.0023790281653399076,0.8556662449052995,0.0023790281653399076,0.0001549429241076725,0.9996901381590944,-41641072.04646151,0.00016223641085999122,0.999675553498933,-37980650.66420038,0.0009700029112578903,6.922822211246203e-05,0.9980633265639538,0.00013800681704894993,-9325085.70122394,-62498998.24962016,-894518.3396211904,-12154300.461649196,-7072931.881298783,3688344.244107675,1.3463569439331067,0.000943073368499878,0.9981167308262547,-9542256.845504671,-73493033.95169476,-768970.0170919449,3847802.2114461754,1.361864549448777,13.068115575403118,0.0004423112803439574,0.9991156178476334,-120166430.62999633
39,1.5315264186250241,0.9984586668665639,295719.1062194453,81144750181.86557,1.0777011400889256,284844.279597704,10.0,131.77044300762265,158.48931924611173,0.16070458869901033,166.01943435860295,158.48931924611173,141.25375446227554,177.82794100389228,0.139589137136255,0.860410862863745,0.14433375509470056,0.0023790281653399076,0.8556662449052995,0.0023790281653399076,0.00015425328303660064,0.9996915172280021,-42014303.12677914,0.00016151584359375221,0.9996769944001801,-38320346.40636321,0.000968099051151751,6.918562986519845e-05,0.9980671276525079,0.00013792195304133264,-9406109.106286086,-63061125.28277647,-900253.1043344387,-12261061.31216062,-7133195.559576641,3704798.97740065,1.346592290041021,0.0009411852229537785,0.9981205006077941,-9622392.54194704,-74161583.51783273,-774364.2124608625,3865005.102601139,1.3620972208673052,13.068115575403118,0.00044044034679702947,0.9991193576805972,-121270018.2475057
40,1.5707963267948966,1.0,296158.81046778336,81395438001.39938,1.0775793235019446,285283.98384604225,10.0,131.77044300762265,158.48931924611173,0.16070458869901033,166.01943435860295,158.48931924611173,141.25375446227554,177.82794100389228,0.139589137136255,0.860410862863745,0.14433375509470056,0.0023790281653399076,0.8556662449052995,0.0023790281653399076,0.00015402429500363383,0.9996919751334761,-42139340.68575469,0.00016127658381223385,0.999677472842512,-38434148.446891084,0.0009674658399574606,6.917144287112285e-05,0.9980683918698025,0.00013789368575163084,-9433250.630712599,-63249447.59873745,-902172.712538036,-12296825.559753323,-7153381.776517392,3710295.1838117074,1.346670436176177,0.0009405571935153069,0.9981217545022398,-9649213.371046565,-74383973.39343354,-776209.8770460272,3870751.2085374165,1.3621744776330065,13.068115575403118,0.00043981893372585393,0.9991205998330431,-121639762.65097782
