p,n,n_trials,map_index,tail_fraction,trace_g,effective_rank_g,represented_signal_fraction,noise_signal_ratio,sigma,de_alpha_cv,de_kappa,de_gen_error_normalized,de_r2_gen,de_slope_gen,de_acc_error_normalized,de_r2_acc,de_slope_acc,de_acc_numerator,de_acc_denominator,mc_gen_error_normalized_mean,mc_gen_error_normalized_se,mc_gen_error_normalized_median,mc_gen_error_normalized_q25,mc_gen_error_normalized_q75,mc_r2_gen_mean,mc_r2_gen_se,mc_r2_gen_median,mc_r2_gen_q25,mc_r2_gen_q75,mc_slope_gen_mean,mc_slope_gen_se,mc_slope_gen_median,mc_slope_gen_q25,mc_slope_gen_q75,mc_acc_error_normalized_mean,mc_acc_error_normalized_se,mc_acc_error_normalized_median,mc_acc_error_normalized_q25,mc_acc_error_normalized_q75,mc_r2_acc_mean,mc_r2_acc_se,mc_r2_acc_median,mc_r2_acc_q25,mc_r2_acc_q75,mc_slope_acc_mean,mc_slope_acc_se,mc_slope_acc_median,mc_slope_acc_q25,mc_slope_acc_q75,mc_acc_numerator_mean,mc_acc_numerator_se,mc_acc_numerator_median,mc_acc_numerator_q25,mc_acc_numerator_q75,mc_acc_denominator_mean,mc_acc_denominator_se,mc_acc_denominator_median,mc_acc_denominator_q25,mc_acc_denominator_q75
100,1000,1000,0,0.0,100.0,100.0,0.9995786931893617,0.01,4.166947281934958,7.68624610039773,0.008399506886244175,0.001374976356301492,0.9986250236436985,1.0018010534208712,1.9756729075597022e-05,0.9999800664613994,0.9955551457756641,567.6095868527857,570.1437928991323,0.001381141755810649,4.4953465881124224e-06,0.0013702409766640788,0.001284818946557838,0.001465210873521059,0.9986188582441894,4.495346588112467e-06,0.998629759023336,0.9985347891264789,0.9987151810534421,1.0016916012061847,0.00010977644843317377,1.0017049065731407,0.9993642502579512,1.0040407378720637,0.0001894113685187408,8.242092186885553e-06,8.533842601987873e-05,1.7493049582174405e-05,0.000253747023349915,0.9998053925516246,8.615638307412548e-06,0.9999148373382374,0.9997409578721637,0.9999824325966948,0.9952017186562314,0.00040811079265790816,0.9955706757983624,0.9861483977417904,1.0040034707331458,567.7979983250967,0.2429490681663331,567.7243905100862,562.5642967247827,573.2008100462755,570.7115451958268,0.45388108110223463,569.9737231582453,560.9855716026086,581.0604777861334
100,1000,1000,0,0.0,100.0,100.0,0.9995786931893617,0.1,13.177044300762265,36.36757019090955,0.03861153116479738,0.005951664941137791,0.9940483350588623,1.0055657135269787,0.002908464956706009,0.996750493097215,0.9460698140490318,494.7572413462926,522.9606039630505,0.005975322344320943,2.876358724263684e-05,0.00594041518719632,0.005332647228763182,0.0065505822244928315,0.994024677655679,2.8763587242636828e-05,0.9940595848128038,0.9934494177755071,0.9946673527712369,1.0050665021475211,0.0003139322964725897,1.0051234076604882,0.9983913427492092,1.0118359968273196,0.003703968698684564,0.00011511787660939658,0.0026766087865144565,0.0008508396470888124,0.005279419843157069,0.9956051665986576,0.0001466119928468678,0.9970233595859954,0.9938608553232303,0.9991002580779813,0.9487345528657992,0.001037737697273914,0.9482640628410994,0.9273403880916272,0.9712909074430076,494.8083989656648,0.5906896183536394,495.46466483992526,482.63267460782413,507.0749466415408,522.5054193894862,1.0339319529522175,522.0100551126743,500.5091652619858,542.520325093441
100,1000,1000,0,0.0,100.0,100.0,0.9995786931893617,1.0,41.66947281934957,148.39817889675632,0.15301129859595375,0.023616075968195867,0.9763839240318042,1.0090198323834223,0.03764437725521977,0.9420500187265967,0.8059784103373551,361.3774213274129,448.3710936824631,0.023564741870520437,0.00015588356224213842,0.023174281458273015,0.020029876846952545,0.02640471317964762,0.9764352581294795,0.0001558835622421384,0.976825718541727,0.9735952868203523,0.9799701231530474,1.01120263070299,0.00101304538793696,1.010321403297444,0.9888800445753364,1.0310228452480463,0.03932091928850406,0.0007117716406639225,0.035537466728667144,0.022717286657664253,0.05228412441598636,0.934073310941031,0.0015225866331773188,0.946033494433874,0.9121230371510141,0.9685038631670349,0.8107076858642441,0.0018689119641020885,0.8114861805401448,0.771342787953535,0.8492774562395271,361.79942831056576,1.144124863002944,362.3103971406125,336.76077189360456,387.09381133718716,448.05941106306085,1.601158873877837,445.7155414777335,413.6878484431236,481.5792015102279
100,1000,1000,0,0.0,100.0,100.0,0.9995786931893617,10.0,131.77044300762265,814.1684814475695,0.8224732315510441,0.07287725330833356,0.9271227466916665,1.0136897401995162,0.06577316357429487,0.8810283956100454,0.7435372082069314,179.04415551690252,240.80053229437488,0.07374958614734353,0.0007168411296149122,0.0697687334440313,0.05791497318424818,0.08635633202574258,0.9262504138526565,0.0007168411296149122,0.9302312665559687,0.9136436679742574,0.9420850268157518,1.0371445421262195,0.0035729628618482796,1.025791071999806,0.9586211730107499,1.1040258282378974,0.08367354965262086,0.002669262202626946,0.05930426869997683,0.0240177184407604,0.11783479315306078,0.7055894481549845,0.03052746977046849,0.8963673730792073,0.7267873114253132,0.9666224819118016,0.7481408897403904,0.00450119973239242,0.7564753402265805,0.6567292827426472,0.8455265133139774,179.19295023875503,1.3733625167730694,178.8302645060894,150.87469950059065,207.46277277758767,239.98743738961898,1.2922847544789182,236.40813347977019,211.60015475708133,263.87343343673456
100,1000,1000,1,1e-06,102.02267324784059,99.67985488753745,0.9995786931893617,0.01,4.166947281934958,7.68624610039773,0.008399506886244175,0.001374976356301492,0.9986250236436985,1.0018010534208712,2.5438009297694196e-05,0.999974303437454,0.9949563892598958,567.6095868527857,570.486900712307,0.001381141755810649,4.4953465881124224e-06,0.0013702409766640788,0.001284818946557838,0.001465210873521059,0.9986188582441894,4.495346588112467e-06,0.998629759023336,0.9985347891264789,0.9987151810534421,1.0016916012061847,0.00010977644843317377,1.0017049065731407,0.9993642502579512,1.0040407378720637,0.00019498877034444502,8.454171582462696e-06,8.67838270821965e-05,1.7448929498090407e-05,0.0002659004519172643,0.9997991120558433,8.874568341548782e-06,0.9999128316280411,0.9997315075804393,0.9999826180148974,0.9946002373291046,0.00040742770005637027,0.9950081825734565,0.9855672519406437,1.0034183728430106,567.7979983250967,0.2429490681663331,567.7243905100862,562.5642967247827,573.2008100462755,571.056122238636,0.45358351282879206,570.2970604672955,561.3100139968054,581.4176740933829
100,1000,1000,1,1e-06,102.02267324784059,99.67985488753745,0.9995786931893617,0.1,13.177044300762265,36.36757019090955,0.03861153116479738,0.005951664941137791,0.9940483350588623,1.0055657135269787,0.003199289754869065,0.9964055943441329,0.9434377355928083,494.7572413462926,524.4196015070484,0.005975322344320943,2.876358724263684e-05,0.00594041518719632,0.005332647228763182,0.0065505822244928315,0.994024677655679,2.8763587242636828e-05,0.9940595848128038,0.9934494177755071,0.9946673527712369,1.0050665021475211,0.0003139322964725897,1.0051234076604882,0.9983913427492092,1.0118359968273196,0.003972856304858105,0.00011949306710871239,0.003019119828946498,0.001015561303647045,0.00563947330306638,0.99526740671026,0.00015299929817888324,0.9966196016403268,0.9934075684277052,0.9989308299978085,0.9460478948794031,0.0010310624363547671,0.9450535866533518,0.9249035733609335,0.9687003830606015,494.8083989656648,0.5906896183536394,495.46466483992526,482.63267460782413,507.0749466415408,523.9761595301304,1.0314006018571258,523.4284555290392,501.94910876092354,544.0157723387229
100,1000,1000,1,1e-06,102.02267324784059,99.67985488753745,0.9995786931893617,1.0,41.66947281934957,148.39817889675632,0.15301129859595375,0.023616075968195867,0.9763839240318042,1.0090198323834223,0.04155155715215096,0.9344475743276675,0.7961580093500091,361.3774213274129,453.90163395133686,0.023564741870520437,0.00015588356224213842,0.023174281458273015,0.020029876846952545,0.02640471317964762,0.9764352581294795,0.0001558835622421384,0.976825718541727,0.9735952868203523,0.9799701231530474,1.01120263070299,0.00101304538793696,1.010321403297444,0.9888800445753364,1.0310228452480463,0.04317743485759273,0.0007449955682682345,0.039189372845317226,0.026029467170944818,0.0568142939203192,0.9259846344888031,0.0016512451285203378,0.9390772362295641,0.9020610862352217,0.9629924888769013,0.8006523688386228,0.0018551005919212114,0.8020369473692508,0.7616425122324038,0.8386635191530741,361.79942831056576,1.144124863002944,362.3103971406125,336.76077189360456,387.09381133718716,453.583958118154,1.588705808874143,451.1380848960502,419.26285588112563,486.6943031681802
100,1000,1000,1,1e-06,102.02267324784059,99.67985488753745,0.9995786931893617,10.0,131.77044300762265,814.1684814475695,0.8224732315510441,0.07287725330833356,0.9271227466916665,1.0136897401995162,0.08941727711497048,0.8180218982000189,0.7009727819830267,179.04415551690252,255.4224074298478,0.07374958614734353,0.0007168411296149122,0.0697687334440313,0.05791497318424818,0.08635633202574258,0.9262504138526565,0.0007168411296149122,0.9302312665559687,0.9136436679742574,0.9420850268157518,1.0371445421262195,0.0035729628618482796,1.025791071999806,0.9586211730107499,1.1040258282378974,0.10639337314317487,0.002966130644847343,0.08176982686742795,0.03991322498127814,0.1479480727212128,0.5848166613196725,0.0408719895453873,0.8396233633622991,0.6092865552720506,0.9376694075011804,0.7059094370414016,0.004463635061228611,0.7140457831030487,0.6153608714055601,0.8002170656389738,179.19295023875503,1.3733625167730694,178.8302645060894,150.87469950059065,207.46277277758767,254.58499714919645,1.3075626489556584,250.97813551346462,224.94349888645365,279.65451678433817
100,1000,1000,2,1.2589254117941661e-06,102.5463947029689,99.49868651747568,0.9995786931893617,0.01,4.166947281934958,7.68624610039773,0.008399506886244175,0.001374976356301492,0.9986250236436985,1.0018010534208712,2.7024679429599666e-05,0.9999726921372516,0.9948014733404935,567.6095868527857,570.5757400486965,0.001381141755810649,4.4953465881124224e-06,0.0013702409766640788,0.001284818946557838,0.001465210873521059,0.9986188582441894,4.495346588112467e-06,0.998629759023336,0.9985347891264789,0.9987151810534421,1.0016916012061847,0.00010977644843317377,1.0017049065731407,0.9993642502579512,1.0040407378720637,0.00019655136812912215,8.512797642548382e-06,8.741459664377766e-05,1.7552840025255333e-05,0.0002661749233933402,0.9997973640411666,8.945114514090618e-06,0.9999124438816562,0.9997298019548557,0.9999823231256157,0.9944446185993494,0.00040725294422878027,0.9948521784607337,0.985425225231384,1.003261855784732,567.7979983250967,0.2429490681663331,567.7243905100862,562.5642967247827,573.2008100462755,571.145341997118,0.45350691924620723,570.3807572440378,561.3897453550968,581.5092696309769
100,1000,1000,2,1.2589254117941661e-06,102.5463947029689,99.49868651747568,0.9995786931893617,0.1,13.177044300762265,36.36757019090955,0.03861153116479738,0.005951664941137791,0.9940483350588623,1.0055657135269787,0.003276576847588418,0.9963134566568321,0.9427586089652914,494.7572413462926,524.7973729874553,0.005975322344320943,2.876358724263684e-05,0.00594041518719632,0.005332647228763182,0.0065505822244928315,0.994024677655679,2.8763587242636828e-05,0.9940595848128038,0.9934494177755071,0.9946673527712369,1.0050665021475211,0.0003139322964725897,1.0051234076604882,0.9983913427492092,1.0118359968273196,0.004044665012081339,0.00012062496986336817,0.0031012792659078758,0.001049950734534049,0.005733071883019439,0.9951769450387964,0.0001546663217544601,0.9965221473285246,0.9932891503771017,0.9988785498290802,0.9453548165353314,0.001029382613394458,0.9443109659617941,0.9242829492912924,0.9680292492738197,494.8083989656648,0.5906896183536394,495.46466483992526,482.63267460782413,507.0749466415408,524.3569714679876,1.030752306044368,523.7529484178781,502.2870684191001,544.3674720747788
100,1000,1000,2,1.2589254117941661e-06,102.5463947029689,99.49868651747568,0.9995786931893617,1.0,41.66947281934957,148.39817889675632,0.15301129859595375,0.023616075968195867,0.9763839240318042,1.0090198323834223,0.04257861394561972,0.9324027625324453,0.7936541399842979,361.3774213274129,455.333631012827,0.023564741870520437,0.00015588356224213842,0.023174281458273015,0.020029876846952545,0.02640471317964762,0.9764352581294795,0.0001558835622421384,0.976825718541727,0.9735952868203523,0.9799701231530474,1.01120263070299,0.00101304538793696,1.010321403297444,0.9888800445753364,1.0310228452480463,0.04419388727344929,0.0007536251116464875,0.04006120379709205,0.02683644547738217,0.0579728886068898,0.9238031947073584,0.0016858613167043182,0.937380384459584,0.8994261203405505,0.9616182938815038,0.7980924048123663,0.0018521989417759285,0.7998471214947676,0.7592245299556324,0.8361818221550441,361.79942831056576,1.144124863002944,362.3103971406125,336.76077189360456,387.09381133718716,455.0144033845257,1.5856139225791492,452.4792365913864,420.5781126424911,488.18394238089854
100,1000,1000,2,1.2589254117941661e-06,102.5463947029689,99.49868651747568,0.9995786931893617,10.0,131.77044300762265,814.1684814475695,0.8224732315510441,0.07287725330833356,0.9271227466916665,1.0136897401995162,0.09564518796205192,0.7995339159624782,0.6907344378013421,179.04415551690252,259.20838128009524,0.07374958614734353,0.0007168411296149122,0.0697687334440313,0.05791497318424818,0.08635633202574258,0.9262504138526565,0.0007168411296149122,0.9302312665559687,0.9136436679742574,0.9420850268157518,1.0371445421262195,0.0035729628618482796,1.025791071999806,0.9586211730107499,1.1040258282378974,0.11235563646359738,0.003036338701489539,0.08839284030711647,0.043690141504612645,0.15495845735439567,0.5497486153851766,0.04382243635444099,0.8209852804518871,0.5785263530763539,0.9301679966322229,0.695826813785721,0.004455801096914694,0.7026906698451478,0.606353114053926,0.7909781322892007,179.19295023875503,1.3733625167730694,178.8302645060894,150.87469950059065,207.46277277758767,258.36467516669336,1.3144444931542192,254.63934887418725,228.47669049761456,283.1642063210985
100,1000,1000,3,1.584893192461114e-06,103.20572093154097,99.21780533576717,0.9995786931893617,0.01,4.166947281934958,7.68624610039773,0.008399506886244175,0.001374976356301492,0.9986250236436985,1.0018010534208712,2.9089687665450837e-05,0.9999705939656977,0.9946065143306531,567.6095868527857,570.6875821487794,0.001381141755810649,4.4953465881124224e-06,0.0013702409766640788,0.001284818946557838,0.001465210873521059,0.9986188582441894,4.495346588112467e-06,0.998629759023336,0.9985347891264789,0.9987151810534421,1.0016916012061847,0.00010977644843317377,1.0017049065731407,0.9993642502579512,1.0040407378720637,0.0001985877154955289,8.588667341008449e-06,8.887010029455265e-05,1.821747719586183e-05,0.0002702263593058704,0.999795092160802,9.035876739893876e-06,0.999910103862393,0.9997278558599344,0.9999818371637537,0.994248776386904,0.0004070341745688711,0.9946663997454004,0.9852412856862929,1.0030648821468096,567.7979983250967,0.2429490681663331,567.7243905100862,562.5642967247827,573.2008100462755,571.2576630207183,0.4534107596723703,570.4926383228889,561.4906271611794,581.6231205380423
100,1000,1000,3,1.584893192461114e-06,103.20572093154097,99.21780533576717,0.9995786931893617,0.1,13.177044300762265,36.36757019090955,0.03861153116479738,0.005951664941137791,0.9940483350588623,1.0055657135269787,0.003375025745838261,0.9961958042198991,0.9419050282224162,494.7572413462926,525.2729590795468,0.005975322344320943,2.876358724263684e-05,0.00594041518719632,0.005332647228763182,0.0065505822244928315,0.994024677655679,2.8763587242636828e-05,0.9940595848128038,0.9934494177755071,0.9946673527712369,1.0050665021475211,0.0003139322964725897,1.0051234076604882,0.9983913427492092,1.0118359968273196,0.0041363328813245805,0.00012204910024186073,0.003215997630590514,0.001107634253409107,0.005846300805647932,0.9950613017354759,0.00015677252649628543,0.9963856929326693,0.9931455784324515,0.9988163578538403,0.944483776019205,0.0010272960105695479,0.9432902342568833,0.9235389046272637,0.9670573682435848,494.8083989656648,0.5906896183536394,495.46466483992526,482.63267460782413,507.0749466415408,524.8363852695273,1.029940339357824,524.2062142005659,502.7227449650197,544.8060087200626
100,1000,1000,3,1.584893192461114e-06,103.20572093154097,99.21780533576717,0.9995786931893617,1.0,41.66947281934957,148.39817889675632,0.15301129859595375,0.023616075968195867,0.9763839240318042,1.0090198323834223,0.043880085289270315,0.9297838428302873,0.790524260857563,361.3774213274129,457.1364083568917,0.023564741870520437,0.00015588356224213842,0.023174281458273015,0.020029876846952545,0.02640471317964762,0.9764352581294795,0.0001558835622421384,0.976825718541727,0.9735952868203523,0.9799701231530474,1.01120263070299,0.00101304538793696,1.010321403297444,0.9888800445753364,1.0310228452480463,0.045483308206178005,0.00076450758161093,0.041391364950543165,0.027888566593027655,0.05959756740911672,0.9210059945681263,0.0017302255893481867,0.9347647653663851,0.8956888849733435,0.9598084405197054,0.7948945342679862,0.0018489117360326742,0.7965513223107907,0.7558740272656753,0.8330013030707267,361.79942831056576,1.144124863002944,362.3103971406125,336.76077189360456,387.09381133718716,456.8152271343514,1.5817999209579328,454.30451480867464,422.34774609874137,489.6694212076713
100,1000,1000,3,1.584893192461114e-06,103.20572093154097,99.21780533576717,0.9995786931893617,10.0,131.77044300762265,814.1684814475695,0.8224732315510441,0.07287725330833356,0.9271227466916665,1.0136897401995162,0.10351488091639571,0.7749873680416695,0.6782627144448506,179.04415551690252,263.9746394779313,0.07374958614734353,0.0007168411296149122,0.0697687334440313,0.05791497318424818,0.08635633202574258,0.9262504138526565,0.0007168411296149122,0.9302312665559687,0.9136436679742574,0.9420850268157518,1.0371445421262195,0.0035729628618482796,1.025791071999806,0.9586211730107499,1.1040258282378974,0.11987309369908496,0.003121087744708748,0.09652956080635736,0.04923826391940414,0.16472039965503027,0.5033797785970355,0.04769633514066602,0.7968420211854976,0.5333766119215079,0.9186741673341484,0.683579619155844,0.00444646008559809,0.689307951816838,0.594142416059765,0.7781030338386613,179.19295023875503,1.3733625167730694,178.8302645060894,150.87469950059065,207.46277277758767,263.1230073955017,1.324771400060344,259.2670087326105,232.96912784158715,288.15318345992733
100,1000,1000,4,1.9952623149688787e-06,104.03576344712312,98.78532571851815,0.9995786931893617,0.01,4.166947281934958,7.68624610039773,0.008399506886244175,0.001374976356301492,0.9986250236436985,1.0018010534208712,3.179624472093095e-05,0.99996784211297,0.9943611841029405,567.6095868527857,570.8283830134145,0.001381141755810649,4.4953465881124224e-06,0.0013702409766640788,0.001284818946557838,0.001465210873521059,0.9986188582441894,4.495346588112467e-06,0.998629759023336,0.9985347891264789,0.9987151810534421,1.0016916012061847,0.00010977644843317377,1.0017049065731407,0.9993642502579512,1.0040407378720637,0.00020126078940227262,8.687346934696112e-06,8.838628150623041e-05,1.84428851889082e-05,0.0002715672296012186,0.999792119092975,9.153134202524976e-06,0.9999110689913913,0.9997198930691499,0.9999816774750152,0.9940023367786232,0.0004067607153656578,0.9944326168864688,0.9850066833735435,1.0028170173734918,567.7979983250967,0.2429490681663331,567.7243905100862,562.5642967247827,573.2008100462755,571.3990668150337,0.45329012384085055,570.6301816628431,561.6386226970665,581.7552587759701
100,1000,1000,4,1.9952623149688787e-06,104.03576344712312,98.78532571851815,0.9995786931893617,0.1,13.177044300762265,36.36757019090955,0.03861153116479738,0.005951664941137791,0.9940483350588623,1.0055657135269787,0.0035007777785161375,0.9960450608855556,0.9408326291059326,494.7572413462926,525.8716864618708,0.005975322344320943,2.876358724263684e-05,0.00594041518719632,0.005332647228763182,0.0065505822244928315,0.994024677655679,2.8763587242636828e-05,0.9940595848128038,0.9934494177755071,0.9946673527712369,1.0050665021475211,0.0003139322964725897,1.0051234076604882,0.9983913427492092,1.0118359968273196,0.004253729626572008,0.00012384037615908623,0.0033368306006375348,0.0011799267536559683,0.006011872623838415,0.9949129279216895,0.0001594359077106594,0.9962414876643825,0.9929350162237562,0.9987374245955154,0.9433895607600479,0.001024713537270369,0.9422346947773548,0.9224637336127132,0.9657904768401515,494.8083989656648,0.5906896183536394,495.46466483992526,482.63267460782413,507.0749466415408,525.4399314529915,1.0289247895230065,524.8187959718451,503.33152343740693,545.3668721296499
100,1000,1000,4,1.9952623149688787e-06,104.03576344712312,98.78532571851815,0.9995786931893617,1.0,41.66947281934957,148.39817889675632,0.15301129859595375,0.023616075968195867,0.9763839240318042,1.0090198323834223,0.045531491729533434,0.9264160461560069,0.7866189049387612,361.3774213274129,459.4059703606365,0.023564741870520437,0.00015588356224213842,0.023174281458273015,0.020029876846952545,0.02640471317964762,0.9764352581294795,0.0001558835622421384,0.976825718541727,0.9735952868203523,0.9799701231530474,1.01120263070299,0.00101304538793696,1.010321403297444,0.9888800445753364,1.0310228452480463,0.04712144773087614,0.0007782389904859229,0.042958720187214056,0.029044917565042194,0.061435555828668297,0.9174038093433133,0.0017873425989205864,0.9316410661991084,0.8914012641781124,0.9577952107242509,0.7909076146621985,0.0018453258118761775,0.7927351860277083,0.7521380470157899,0.8295748800171857,361.79942831056576,1.144124863002944,362.3103971406125,336.76077189360456,387.09381133718716,459.0823297087889,1.5771236317761057,456.56555575679187,425.0311773543059,491.5806693724511
100,1000,1000,4,1.9952623149688787e-06,104.03576344712312,98.78532571851815,0.9995786931893617,10.0,131.77044300762265,814.1684814475695,0.8224732315510441,0.07287725330833356,0.9271227466916665,1.0136897401995162,0.11344238906909776,0.7420698128575485,0.6631879024306019,179.04415551690252,269.9750023495615,0.07374958614734353,0.0007168411296149122,0.0697687334440313,0.05791497318424818,0.08635633202574258,0.9262504138526565,0.0007168411296149122,0.9302312665559687,0.9136436679742574,0.9420850268157518,1.0371445421262195,0.0035729628618482796,1.025791071999806,0.9586211730107499,1.1040258282378974,0.1293287743994614,0.0032222549032373247,0.10677275411856849,0.0562468412010171,0.1753669121622203,0.4414851687338651,0.052826396806257274,0.7644287226862284,0.4809018308325972,0.9033424093084697,0.6688234040132165,0.004435144549757699,0.6732390681524748,0.5812317224114963,0.7628358350066393,179.19295023875503,1.3733625167730694,178.8302645060894,150.87469950059065,207.46277277758767,269.113392084257,1.3403448642562954,265.5888292143226,238.4273954995184,294.3316068993675
100,1000,1000,5,2.5118864315095823e-06,105.08072502299618,98.12557213806546,0.9995786931893617,0.01,4.166947281934958,7.68624610039773,0.008399506886244175,0.001374976356301492,0.9986250236436985,1.0018010534208712,3.537271255149047e-05,0.9999642027456166,0.9940525036736884,567.6095868527857,571.0056408037693,0.001381141755810649,4.4953465881124224e-06,0.0013702409766640788,0.001284818946557838,0.001465210873521059,0.9986188582441894,4.495346588112467e-06,0.998629759023336,0.9985347891264789,0.9987151810534421,1.0016916012061847,0.00010977644843317377,1.0017049065731407,0.9993642502579512,1.0040407378720637,0.0002047992082985635,8.816386495786903e-06,9.022190105396238e-05,1.887495499842475e-05,0.0002807220771243762,0.999788197224664,9.305312143345717e-06,0.9999090755172926,0.9997129848053588,0.999980986367137,0.9936922636859717,0.00040641954645291226,0.9941348429808783,0.9847114954312775,1.0025153244213527,567.7979983250967,0.2429490681663331,567.7243905100862,562.5642967247827,573.2008100462755,571.5770836498884,0.4531389215241369,570.7983410659062,561.8257706112964,581.9171014157926
100,1000,1000,5,2.5118864315095823e-06,105.08072502299618,98.12557213806546,0.9995786931893617,0.1,13.177044300762265,36.36757019090955,0.03861153116479738,0.005951664941137791,0.9940483350588623,1.0055657135269787,0.003661941055661502,0.9958511216598152,0.939486025947212,494.7572413462926,526.62543952952,0.005975322344320943,2.876358724263684e-05,0.00594041518719632,0.005332647228763182,0.0065505822244928315,0.994024677655679,2.8763587242636828e-05,0.9940595848128038,0.9934494177755071,0.9946673527712369,1.0050665021475211,0.0003139322964725897,1.0051234076604882,0.9983913427492092,1.0118359968273196,0.004404657797132442,0.00012609249117746585,0.0034928830116723653,0.001288035384004811,0.0062136422177507845,0.9947217184343774,0.00016280742773365598,0.9960545394766834,0.9926774289412492,0.9986219989683522,0.9420157512002385,0.0010215322885138126,0.9408993922620077,0.9211733645609085,0.9642844118432022,494.8083989656648,0.5906896183536394,495.46466483992526,482.63267460782413,507.0749466415408,526.1997510325024,1.0276568682591356,525.6427848051094,504.1027759153632,546.0640092217477
100,1000,1000,5,2.5118864315095823e-06,105.08072502299618,98.12557213806546,0.9995786931893617,1.0,41.66947281934957,148.39817889675632,0.15301129859595375,0.023616075968195867,0.9763839240318042,1.0090198323834223,0.04763005895478636,0.9220640750854744,0.7817568810826184,361.3774213274129,462.26317934926044,0.023564741870520437,0.00015588356224213842,0.023174281458273015,0.020029876846952545,0.02640471317964762,0.9764352581294795,0.0001558835622421384,0.976825718541727,0.9735952868203523,0.9799701231530474,1.01120263070299,0.00101304538793696,1.010321403297444,0.9888800445753364,1.0310228452480463,0.04920603719504187,0.0007955777441046751,0.04489581026711955,0.030733197097783736,0.06421692601528003,0.9127409959924674,0.0018612955001384292,0.9277183461990128,0.8847911266526329,0.9548117936682116,0.7859490457353627,0.0018416345433421972,0.7881136866441214,0.7465894272203825,0.8246911425299265,361.79942831056576,1.144124863002944,362.3103971406125,336.76077189360456,387.09381133718716,461.9364424595501,1.5714368443425009,459.21130498905507,428.28551669942163,493.962729189927
100,1000,1000,5,2.5118864315095823e-06,105.08072502299618,98.12557213806546,0.9995786931893617,10.0,131.77044300762265,814.1684814475695,0.8224732315510441,0.07287725330833356,0.9271227466916665,1.0136897401995162,0.12592794782956224,0.6974350595663108,0.645136719524882,179.04415551690252,277.52901067042274,0.07374958614734353,0.0007168411296149122,0.0697687334440313,0.05791497318424818,0.08635633202574258,0.9262504138526565,0.0007168411296149122,0.9302312665559687,0.9136436679742574,0.9420850268157518,1.0371445421262195,0.0035729628618482796,1.025791071999806,0.9586211730107499,1.1040258282378974,0.14117696925550546,0.0033413145738482664,0.11910951892616412,0.06463793067661999,0.19188615268244089,0.3579861191656982,0.05968642164410084,0.7222675367345158,0.39236127662683545,0.8837777091044876,0.6512151538307194,0.0044210458020881045,0.6548775889213604,0.5619518915139992,0.7457601490852035,179.19295023875503,1.3733625167730694,178.8302645060894,150.87469950059065,207.46277277758767,276.65483864673024,1.363882897301193,273.0787301617768,246.13526190622554,302.2631084795987
100,1000,1000,6,3.162277660168379e-06,106.39625364892507,97.13159530352999,0.9995786931893617,0.01,4.166947281934958,7.68624610039773,0.008399506886244175,0.001374976356301492,0.9986250236436985,1.0018010534208712,4.01427363780373e-05,0.9999593437130664,0.9936641704270051,567.6095868527857,571.2287951460181,0.001381141755810649,4.4953465881124224e-06,0.0013702409766640788,0.001284818946557838,0.001465210873521059,0.9986188582441894,4.495346588112467e-06,0.998629759023336,0.9985347891264789,0.9987151810534421,1.0016916012061847,0.00010977644843317377,1.0017049065731407,0.9993642502579512,1.0040407378720637,0.00020952780592360914,8.986056487578116e-06,9.373606078676496e-05,1.9896739096894083e-05,0.00028954704444960293,0.9997829761928051,9.503758905503424e-06,0.9999056312479125,0.9997012408571088,0.9999800343256948,0.9933021834481947,0.00040599493993549425,0.9937416962409102,0.9843401273854647,1.002135038964665,567.7979983250967,0.2429490681663331,567.7243905100862,562.5642967247827,573.2008100462755,571.8011935739329,0.45294963075481676,571.0100412378733,562.0613758759525,582.1502700812689
100,1000,1000,6,3.162277660168379e-06,106.39625364892507,97.13159530352999,0.9995786931893617,0.1,13.177044300762265,36.36757019090955,0.03861153116479738,0.005951664941137791,0.9940483350588623,1.0055657135269787,0.0038693097004098374,0.995600366174972,0.9377962243878248,494.7572413462926,527.5743583519549,0.005975322344320943,2.876358724263684e-05,0.00594041518719632,0.005332647228763182,0.0065505822244928315,0.994024677655679,2.8763587242636828e-05,0.9940595848128038,0.9934494177755071,0.9946673527712369,1.0050665021475211,0.0003139322964725897,1.0051234076604882,0.9983913427492092,1.0118359968273196,0.004599582550951422,0.00012892230760831052,0.0036918634905489314,0.0014050477578238978,0.0064798005280108616,0.9944739980159456,0.00016708093504074357,0.9958150211648864,0.9923359978632139,0.9985034040251654,0.9402921043971323,0.0010176371352144389,0.9392393398464689,0.9195028192360581,0.962754992751502,494.8083989656648,0.5906896183536394,495.46466483992526,482.63267460782413,507.0749466415408,527.1563071417735,1.0260774815753897,526.6334162284961,504.9885166988199,546.8646650657342
100,1000,1000,6,3.162277660168379e-06,106.39625364892507,97.13159530352999,0.9995786931893617,1.0,41.66947281934957,148.39817889675632,0.15301129859595375,0.023616075968195867,0.9763839240318042,1.0090198323834223,0.0503011782828954,0.9164074965594062,0.7757207582434447,361.3774213274129,465.8601919403602,0.023564741870520437,0.00015588356224213842,0.023174281458273015,0.020029876846952545,0.02640471317964762,0.9764352581294795,0.0001558835622421384,0.976825718541727,0.9735952868203523,0.9799701231530474,1.01120263070299,0.00101304538793696,1.010321403297444,0.9888800445753364,1.0310228452480463,0.05186333756989825,0.0008174905649279156,0.047534182159886626,0.03262091612492117,0.06772684370346974,0.9066681050544892,0.001957717398496117,0.9222646650115529,0.8762389764930077,0.9514132619817222,0.7798006251534084,0.0018381925467445975,0.7819766514149656,0.7397562396505641,0.8193874220689668,361.79942831056576,1.144124863002944,362.3103971406125,336.76077189360456,387.09381133718716,465.5295571183709,1.5645985825424875,462.61113417570954,432.42826372634,497.9734335414254
100,1000,1000,6,3.162277660168379e-06,106.39625364892507,97.13159530352999,0.9995786931893617,10.0,131.77044300762265,814.1684814475695,0.8224732315510441,0.07287725330833356,0.9271227466916665,1.0136897401995162,0.14155458495786666,0.6361810762106158,0.6237625949511842,179.04415551690252,287.0389423253482,0.07374958614734353,0.0007168411296149122,0.0697687334440313,0.05791497318424818,0.08635633202574258,0.9262504138526565,0.0007168411296149122,0.9302312665559687,0.9136436679742574,0.9420850268157518,1.0371445421262195,0.0035729628618482796,1.025791071999806,0.9586211730107499,1.1040258282378974,0.15593876623412575,0.0034788991959772185,0.1354012461384465,0.07562456320298984,0.21125266601089174,0.24402595292406865,0.06896005033851133,0.6610408667038149,0.27655187185458496,0.8561248052094251,0.6304413913519127,0.004402792931061996,0.6320311200442983,0.5403776945739368,0.7250007961928515,179.19295023875503,1.3733625167730694,178.8302645060894,150.87469950059065,207.46277277758767,286.1489560265941,1.399420708920734,282.00048735860514,254.8027752405111,313.0079983777343
100,1000,1000,7,3.981071705534969e-06,108.0524059865764,95.65900326184642,0.9995786931893617,0.01,4.166947281934958,7.68624610039773,0.008399506886244175,0.001374976356301492,0.9986250236436985,1.0018010534208712,4.657081075486127e-05,0.9999527869984164,0.9931757190301936,567.6095868527857,571.5097298260971,0.001381141755810649,4.4953465881124224e-06,0.0013702409766640788,0.001284818946557838,0.001465210873521059,0.9986188582441894,4.495346588112467e-06,0.998629759023336,0.9985347891264789,0.9987151810534421,1.0016916012061847,0.00010977644843317377,1.0017049065731407,0.9993642502579512,1.0040407378720637,0.00021591393049599425,9.210323782386908e-06,9.569590347590926e-05,2.1227276725708658e-05,0.0003046774769079119,0.9997759536813269,9.763783585155678e-06,0.9999032751281187,0.9996860206463014,0.9999786218045175,0.9928115426257526,0.0004054681436193373,0.9932241395878747,0.983873997997609,1.0016553904609338,567.7979983250967,0.2429490681663331,567.7243905100862,562.5642967247827,573.2008100462755,572.0833312621892,0.4527130125503871,571.2925870870101,562.3276850952734,582.4477020954688
100,1000,1000,7,3.981071705534969e-06,108.0524059865764,95.65900326184642,0.9995786931893617,0.1,13.177044300762265,36.36757019090955,0.03861153116479738,0.005951664941137791,0.9940483350588623,1.0055657135269787,0.0041373821698213326,0.995274222689814,0.9356775142751671,494.7572413462926,528.7689762744398,0.005975322344320943,2.876358724263684e-05,0.00594041518719632,0.005332647228763182,0.0065505822244928315,0.994024677655679,2.8763587242636828e-05,0.9940595848128038,0.9934494177755071,0.9946673527712369,1.0050665021475211,0.0003139322964725897,1.0051234076604882,0.9983913427492092,1.0118359968273196,0.004852672716586664,0.00013247510334465592,0.003930789016211374,0.0015807464278452562,0.006841585431838405,0.9941510391657059,0.0001725065030316649,0.9955257646371583,0.9918689405822247,0.9982856389090596,0.9381314203755676,0.001012905498746708,0.9373040048387936,0.9172861318712046,0.9602417329552171,494.8083989656648,0.5906896183536394,495.46466483992526,482.63267460782413,507.0749466415408,528.3605398400083,1.0241159531269568,527.8602385014503,506.08921732001363,548.06428029811
100,1000,1000,7,3.981071705534969e-06,108.0524059865764,95.65900326184642,0.9995786931893617,1.0,41.66947281934957,148.39817889675632,0.15301129859595375,0.023616075968195867,0.9763839240318042,1.0090198323834223,0.05370667450295072,0.9090045371739437,0.7682529946192385,361.3774213274129,470.3885619170528,0.023564741870520437,0.00015588356224213842,0.023174281458273015,0.020029876846952545,0.02640471317964762,0.9764352581294795,0.0001558835622421384,0.976825718541727,0.9735952868203523,0.9799701231530474,1.01120263070299,0.00101304538793696,1.010321403297444,0.9888800445753364,1.0310228452480463,0.05525645016582882,0.0008452100382729244,0.051080141799118656,0.035207122252977924,0.0714730117707771,0.8987014405864513,0.002084509463175697,0.9147330965072661,0.8668496538920085,0.9466506440939251,0.7722052340397424,0.0018355827769597846,0.7739908451620463,0.7326556307479579,0.8123644930385224,361.79942831056576,1.144124863002944,362.3103971406125,336.76077189360456,387.09381133718716,470.0530198894196,1.5565052206860044,467.18742759962,436.8439627619431,502.23678745056327
100,1000,1000,7,3.981071705534969e-06,108.0524059865764,95.65900326184642,0.9995786931893617,10.0,131.77044300762265,814.1684814475695,0.8224732315510441,0.07287725330833356,0.9271227466916665,1.0136897401995162,0.16097156236683163,0.5510439021149842,0.5987873850851252,179.04415551690252,299.01123500029837,0.07374958614734353,0.0007168411296149122,0.0697687334440313,0.05791497318424818,0.08635633202574258,0.9262504138526565,0.0007168411296149122,0.9302312665559687,0.9136436679742574,0.9420850268157518,1.0371445421262195,0.0035729628618482796,1.025791071999806,0.9586211730107499,1.1040258282378974,0.17418430814294228,0.0036341981699841426,0.15547411589519738,0.08995926654143765,0.23357203363031037,0.08654642261015871,0.08164616976312118,0.5762144329163087,0.12513039784167498,0.8164452573943923,0.6062551589330097,0.004378181900381222,0.605697974392493,0.5167082488391258,0.700067902292193,179.19295023875503,1.3733625167730694,178.8302645060894,150.87469950059065,207.46277277758767,298.1013397678287,1.452805378644943,293.6196485306937,264.3055001353092,326.39950585592726
100,1000,1000,8,5.011872336272725e-06,110.13737813804228,93.52568497149366,0.9995786931893617,0.01,4.166947281934958,7.68624610039773,0.008399506886244175,0.001374976356301492,0.9986250236436985,1.0018010534208712,5.533161652951483e-05,0.999943835935812,0.9925614775304826,567.6095868527857,571.8634056451721,0.001381141755810649,4.4953465881124224e-06,0.0013702409766640788,0.001284818946557838,0.001465210873521059,0.9986188582441894,4.495346588112467e-06,0.998629759023336,0.9985347891264789,0.9987151810534421,1.0016916012061847,0.00010977644843317377,1.0017049065731407,0.9993642502579512,1.0040407378720637,0.00022463797805178065,9.508097325243308e-06,9.98578522643943e-05,2.286142952633507e-05,0.0003221433288260797,0.9997664002606521,1.0106006227935256e-05,0.999899099564906,0.9996764753648376,0.9999770191306281,0.9921945604451287,0.00040481720365543694,0.9925902407506992,0.9833007085797704,1.0009959828146455,567.7979983250967,0.2429490681663331,567.7243905100862,562.5642967247827,573.2008100462755,572.4385215815715,0.45241780226275974,571.644203259952,562.6646592859892,582.8149612733428
100,1000,1000,8,5.011872336272725e-06,110.13737813804228,93.52568497149366,0.9995786931893617,0.1,13.177044300762265,36.36757019090955,0.03861153116479738,0.005951664941137791,0.9940483350588623,1.0055657135269787,0.004485812657311683,0.9948470527478842,0.9330237903632067,494.7572413462926,530.2729109980078,0.005975322344320943,2.876358724263684e-05,0.00594041518719632,0.005332647228763182,0.0065505822244928315,0.994024677655679,2.8763587242636828e-05,0.9940595848128038,0.9934494177755071,0.9946673527712369,1.0050665021475211,0.0003139322964725897,1.0051234076604882,0.9983913427492092,1.0118359968273196,0.005183294156501301,0.00013693081320403862,0.004268624318471428,0.001822953432074586,0.007291927165607486,0.9937268699953945,0.00017940869305591492,0.9951137494886816,0.9912828752247498,0.9980108110611345,0.9354258445454259,0.001007217499312197,0.9346652983226902,0.9146072790906492,0.957303995795096,494.8083989656648,0.5906896183536394,495.46466483992526,482.63267460782413,507.0749466415408,529.8765788508549,1.0216892610807284,529.3893922780219,507.51501496862227,549.565750422217
100,1000,1000,8,5.011872336272725e-06,110.13737813804228,93.52568497149366,0.9995786931893617,1.0,41.66947281934957,148.39817889675632,0.15301129859595375,0.023616075968195867,0.9763839240318042,1.0090198323834223,0.058055150352549885,0.8992382215294448,0.7590536359424573,361.3774213274129,476.0894411351036,0.023564741870520437,0.00015588356224213842,0.023174281458273015,0.020029876846952545,0.02640471317964762,0.9764352581294795,0.0001558835622421384,0.976825718541727,0.9735952868203523,0.9799701231530474,1.01120263070299,0.00101304538793696,1.010321403297444,0.9888800445753364,1.0310228452480463,0.05959556897918471,0.0008803026777712821,0.055625515716565696,0.03879882971274792,0.0766188663651362,0.8881627024305364,0.0022529489906295747,0.904738468789705,0.853505861194738,0.9398327946368401,0.7628653122498273,0.0018346865998672638,0.7641493864168234,0.7231988691812236,0.8030258708219851,361.79942831056576,1.144124863002944,362.3103971406125,336.76077189360456,387.09381133718716,475.74772130204383,1.5471462342091586,472.76745083062735,442.53111851644235,507.6545908246173
100,1000,1000,8,5.011872336272725e-06,110.13737813804228,93.52568497149366,0.9995786931893617,10.0,131.77044300762265,814.1684814475695,0.8224732315510441,0.07287725330833356,0.9271227466916665,1.0136897401995162,0.184854588922731,0.43114699134207457,0.5700528068207318,179.04415551690252,314.0834557336154,0.07374958614734353,0.0007168411296149122,0.0697687334440313,0.05791497318424818,0.08635633202574258,0.9262504138526565,0.0007168411296149122,0.9302312665559687,0.9136436679742574,0.9420850268157518,1.0371445421262195,0.0035729628618482796,1.025791071999806,0.9586211730107499,1.1040258282378974,0.19649641897044295,0.0038042235873780067,0.1809839641842373,0.10806399576584397,0.26134380263203877,-0.1339163632521874,0.09922147254675645,0.4517955922709482,-0.09391184627783644,0.7601785630476272,0.5785196560104389,0.004343916229520684,0.5745779317619475,0.4887820948345272,0.6712691668594708,179.19295023875503,1.3733625167730694,178.8302645060894,150.87469950059065,207.46277277758767,313.1484967219072,1.5322270163600433,307.6462294211782,278.37665764540645,342.76918918633953
100,1000,1000,9,6.30957344480193e-06,112.76220240399356,90.52510847862477,0.9995786931893617,0.01,4.166947281934958,7.68624610039773,0.008399506886244175,0.001374976356301492,0.9986250236436985,1.0018010534208712,6.741604191607042e-05,0.9999314631030357,0.9917892727535211,567.6095868527857,572.308657137339,0.001381141755810649,4.4953465881124224e-06,0.0013702409766640788,0.001284818946557838,0.001465210873521059,0.9986188582441894,4.495346588112467e-06,0.998629759023336,0.9985347891264789,0.9987151810534421,1.0016916012061847,0.00010977644843317377,1.0017049065731407,0.9993642502579512,1.0040407378720637,0.0002367013392211371,9.904734451905298e-06,0.00010096165448931016,2.357885919674771e-05,0.00033021723452510615,0.9997532438176906,1.0558054051632717e-05,0.9998980682292393,0.9996580786346267,0.9999766146466683,0.991418930033247,0.0004040170878243657,0.9917033256280275,0.982562117407522,1.0001928950038184,567.7979983250967,0.2429490681663331,567.7243905100862,562.5642967247827,573.2008100462755,572.8856797206304,0.4520504015333569,572.0958980471573,563.0975998446654,583.2764660694946
100,1000,1000,9,6.30957344480193e-06,112.76220240399356,90.52510847862477,0.9995786931893617,0.1,13.177044300762265,36.36757019090955,0.03861153116479738,0.005951664941137791,0.9940483350588623,1.0055657135269787,0.004941488573964612,0.9942830007258764,0.9297042776979665,494.7572413462926,532.1662524468072,0.005975322344320943,2.876358724263684e-05,0.00594041518719632,0.005332647228763182,0.0065505822244928315,0.994024677655679,2.8763587242636828e-05,0.9940595848128038,0.9934494177755071,0.9946673527712369,1.0050665021475211,0.0003139322964725897,1.0051234076604882,0.9983913427492092,1.0118359968273196,0.0056181580662993365,0.0001425115526054312,0.004690805320735757,0.002131599896349802,0.007839606107918133,0.993164997443304,0.0001882121905187118,0.9945940520607257,0.9905632922943126,0.9976570496857284,0.9320425923327795,0.0010004747669030785,0.931510546580616,0.9114584535557638,0.9538307558423191,494.8083989656648,0.5906896183536394,495.46466483992526,482.63267460782413,507.0749466415408,531.7851586970787,1.0187024439303123,531.4214136728128,509.41881216374236,551.3576723343689
100,1000,1000,9,6.30957344480193e-06,112.76220240399356,90.52510847862477,0.9995786931893617,1.0,41.66947281934957,148.39817889675632,0.15301129859595375,0.023616075968195867,0.9763839240318042,1.0090198323834223,0.06361445188765855,0.8862354373662218,0.7477809446380814,361.3774213274129,483.26642169561563,0.023564741870520437,0.00015588356224213842,0.023174281458273015,0.020029876846952545,0.02640471317964762,0.9764352581294795,0.0001558835622421384,0.976825718541727,0.9735952868203523,0.9799701231530474,1.01120263070299,0.00101304538793696,1.010321403297444,0.9888800445753364,1.0310228452480463,0.06515006024358908,0.0009247395276913966,0.06126726619265917,0.04370338049069747,0.08285896969694649,0.8740880283103397,0.002479414338311049,0.8917964722117979,0.8366197989335219,0.9301411983417488,0.751444486458734,0.0018367336558001478,0.7524777980851147,0.7121476600041492,0.7909465320772406,361.79942831056576,1.144124863002944,362.3103971406125,336.76077189360456,387.09381133718716,482.9169244670455,1.5367035315074582,479.7596550921308,449.85090759084665,514.7830557913636
100,1000,1000,9,6.30957344480193e-06,112.76220240399356,90.52510847862477,0.9995786931893617,10.0,131.77044300762265,814.1684814475695,0.8224732315510441,0.07287725330833356,0.9271227466916665,1.0136897401995162,0.21383586744153624,0.2600529289122432,0.5375760955124225,179.04415551690252,333.05825354127023,0.07374958614734353,0.0007168411296149122,0.0697687334440313,0.05791497318424818,0.08635633202574258,0.9262504138526565,0.0007168411296149122,0.9302312665559687,0.9136436679742574,0.9420850268157518,1.0371445421262195,0.0035729628618482796,1.025791071999806,0.9586211730107499,1.1040258282378974,0.2234120565510856,0.003983051607707847,0.20948732247517302,0.1292571003146556,0.2937223155259915,-0.44665954945649766,0.12389240769876801,0.2876790806110484,-0.40001620447843017,0.6848999232806777,0.547253461487419,0.004295471975866809,0.5423022175765921,0.45803845588918435,0.6404766575273348,179.19295023875503,1.3733625167730694,178.8302645060894,150.87469950059065,207.46277277758767,332.09174121873514,1.6486698517200062,326.3696993889017,294.5491399280689,364.8128868644017
100,1000,1000,10,7.943282347242822e-06,116.06666015026354,86.46232435436244,0.9995786931893617,0.01,4.166947281934958,7.68624610039773,0.008399506886244175,0.001374976356301492,0.9986250236436985,1.0018010534208712,8.429385863394801e-05,0.9999141367287563,0.9908188313034806,567.6095868527857,572.8691955784307,0.001381141755810649,4.4953465881124224e-06,0.0013702409766640788,0.001284818946557838,0.001465210873521059,0.9986188582441894,4.495346588112467e-06,0.998629759023336,0.9985347891264789,0.9987151810534421,1.0016916012061847,0.00010977644843317377,1.0017049065731407,0.9993642502579512,1.0040407378720637,0.0002535921375080193,1.0433731591121518e-05,0.00011579946437095316,2.7531459212934847e-05,0.00036103790536345395,0.9997348908606115,1.1156603201148188e-05,0.9998825722758095,0.9996308635338602,0.9999723424472268,0.9904442148500876,0.00040304038163186567,0.9906976607865818,0.9816380143779047,0.9991953759898982,567.7979983250967,0.2429490681663331,567.7243905100862,562.5642967247827,573.2008100462755,573.448618493459,0.45159461909018817,572.6718176793955,563.700873595325,583.8093338904441
100,1000,1000,10,7.943282347242822e-06,116.06666015026354,86.46232435436244,0.9995786931893617,0.1,13.177044300762265,36.36757019090955,0.03861153116479738,0.005951664941137791,0.9940483350588623,1.0055657135269787,0.0055415078123338575,0.9935312551825151,0.9255586955223523,494.7572413462926,534.5498278389241,0.005975322344320943,2.876358724263684e-05,0.00594041518719632,0.005332647228763182,0.0065505822244928315,0.994024677655679,2.8763587242636828e-05,0.9940595848128038,0.9934494177755071,0.9946673527712369,1.0050665021475211,0.0003139322964725897,1.0051234076604882,0.9983913427492092,1.0118359968273196,0.006194410151283363,0.00014949113216113246,0.005278206070554292,0.0025591815747158797,0.008583195737562064,0.9924134625933309,0.0001994790090427018,0.9938623740739094,0.9895745438812358,0.9971608249342729,0.9278191441713999,0.0009926326222006196,0.9273488168532711,0.9073544638839286,0.9494117086456733,494.8083989656648,0.5906896183536394,495.46466483992526,482.63267460782413,507.0749466415408,534.187918098507,1.0150513327683266,533.6297373690647,511.9834305922299,553.7466192685041
100,1000,1000,10,7.943282347242822e-06,116.06666015026354,86.46232435436244,0.9995786931893617,1.0,41.66947281934957,148.39817889675632,0.15301129859595375,0.023616075968195867,0.9763839240318042,1.0090198323834223,0.0707257765621078,0.8687442396289491,0.734056817041482,361.3774213274129,492.30170327127587,0.023564741870520437,0.00015588356224213842,0.023174281458273015,0.020029876846952545,0.02640471317964762,0.9764352581294795,0.0001558835622421384,0.976825718541727,0.9735952868203523,0.9799701231530474,1.01120263070299,0.00101304538793696,1.010321403297444,0.9888800445753364,1.0310228452480463,0.07226165002532947,0.0009809467904253204,0.06768679463204323,0.04968649491659712,0.0906247071216251,0.8550897555812296,0.002788081026680055,0.8763379654106312,0.8145011500313954,0.9177208164571302,0.7375741330100533,0.0018432883854612237,0.7398331413418764,0.6989606264295561,0.7770953703626147,361.79942831056576,1.144124863002944,362.3103971406125,336.76077189360456,387.09381133718716,491.9424148828144,1.5257236402688243,489.53246399584236,459.4227781114267,522.8439829633674
100,1000,1000,10,7.943282347242822e-06,116.06666015026354,86.46232435436244,0.9995786931893617,10.0,131.77044300762265,814.1684814475695,0.8224732315510441,0.07287725330833356,0.9271227466916665,1.0136897401995162,0.24840258750246533,0.012718253623966502,0.501599972409245,179.04415551690252,356.94610320038873,0.07374958614734353,0.0007168411296149122,0.0697687334440313,0.05791497318424818,0.08635633202574258,0.9262504138526565,0.0007168411296149122,0.9302312665559687,0.9136436679742574,0.9420850268157518,1.0371445421262195,0.0035729628618482796,1.025791071999806,0.9586211730107499,1.1040258282378974,0.25534270872927994,0.004161254368850459,0.24333531917771717,0.15800671676716777,0.33188914227886396,-0.8961633268802943,0.15898730705641392,0.05226527656711305,-0.8469820964867812,0.5647263910778779,0.5126694130613054,0.004227230445635522,0.5067097088774675,0.4239018050126629,0.6024994189161068,179.19295023875503,1.3733625167730694,178.8302645060894,150.87469950059065,207.46277277758767,355.93986777931616,1.8161532407202456,349.44440992266937,315.228808922542,392.4737969318146
100,1000,1000,11,9.999999999999999e-06,120.22672566356673,81.21657895209871,0.9995786931893617,0.01,4.166947281934958,7.68624610039773,0.008399506886244175,0.001374976356301492,0.9986250236436985,1.0018010534208712,0.00010816385054507816,0.9998895507099494,0.989599814879288,567.6095868527857,573.5748716990444,0.001381141755810649,4.4953465881124224e-06,0.0013702409766640788,0.001284818946557838,0.001465210873521059,0.9986188582441894,4.495346588112467e-06,0.998629759023336,0.9985347891264789,0.9987151810534421,1.0016916012061847,0.00010977644843317377,1.0017049065731407,0.9993642502579512,1.0040407378720637,0.00027754017095705754,1.1138445297424674e-05,0.0001316496383309698,2.8192439302751325e-05,0.00039942937323486085,0.9997089489344887,1.194973332524275e-05,0.9998652764729339,0.9995841131141596,0.9999717448122812,0.9892198792952356,0.0004018590041382347,0.9893981402702237,0.9805278970499425,0.9979287202461306,567.7979983250967,0.2429490681663331,567.7243905100862,562.5642967247827,573.2008100462755,574.1573164605172,0.45103155016022395,573.3767717719536,564.4500752922763,584.452500995337
100,1000,1000,11,9.999999999999999e-06,120.22672566356673,81.21657895209871,0.9995786931893617,0.1,13.177044300762265,36.36757019090955,0.03861153116479738,0.005951664941137791,0.9940483350588623,1.0055657135269787,0.006337434813118313,0.9925188589726756,0.9203919927826458,494.7572413462926,537.5505710892592,0.005975322344320943,2.876358724263684e-05,0.00594041518719632,0.005332647228763182,0.0065505822244928315,0.994024677655679,2.8763587242636828e-05,0.9940595848128038,0.9934494177755071,0.9946673527712369,1.0050665021475211,0.0003139322964725897,1.0051234076604882,0.9983913427492092,1.0118359968273196,0.006964053335479194,0.0001582082713492052,0.0060733109624477016,0.0031268755139343936,0.009597925569232484,0.9913973169473731,0.00021396475369311673,0.9928566962324346,0.9882040009444716,0.9964917413518097,0.9225580648676168,0.0009837518926117392,0.922068555743806,0.9020310825684645,0.944081532541417,494.8083989656648,0.5906896183536394,495.46466483992526,482.63267460782413,507.0749466415408,537.2128125907285,1.0106296172609797,536.7127602493268,515.3496177015569,556.68714551627
100,1000,1000,11,9.999999999999999e-06,120.22672566356673,81.21657895209871,0.9995786931893617,1.0,41.66947281934957,148.39817889675632,0.15301129859595375,0.023616075968195867,0.9763839240318042,1.0090198323834223,0.07981794925792064,0.844946411797026,0.7174792941076342,361.3774213274129,503.6764465473202,0.023564741870520437,0.00015588356224213842,0.023174281458273015,0.020029876846952545,0.02640471317964762,0.9764352581294795,0.0001558835622421384,0.976825718541727,0.9735952868203523,0.9799701231530474,1.01120263070299,0.00101304538793696,1.010321403297444,0.9888800445753364,1.0310228452480463,0.08135694578645113,0.0010517891384504124,0.07670325278896535,0.05734163337170847,0.10025453139955946,0.8291447816360056,0.0032151334773130643,0.8532826735195083,0.7853197132450547,0.9008649322906023,0.7208669706827016,0.0018561096070741192,0.723046489863775,0.68337004477332,0.760538885800533,361.79942831056576,1.144124863002944,362.3103971406125,336.76077189360456,387.09381133718716,503.304831820222,1.5154087761317134,501.053931724694,470.8711519921758,534.0366969102076
100,1000,1000,11,9.999999999999999e-06,120.22672566356673,81.21657895209871,0.9995786931893617,10.0,131.77044300762265,814.1684814475695,0.8224732315510441,0.07287725330833356,0.9271227466916665,1.0136897401995162,0.2887734546884126,-0.34927913515127496,0.4626235447208237,179.04415551690252,387.01911642856203,0.07374958614734353,0.0007168411296149122,0.0697687334440313,0.05791497318424818,0.08635633202574258,0.9262504138526565,0.0007168411296149122,0.9302312665559687,0.9136436679742574,0.9420850268157518,1.0371445421262195,0.0035729628618482796,1.025791071999806,0.9586211730107499,1.1040258282378974,0.2924822498567834,0.004325825714111991,0.2839346441430869,0.19012296117986485,0.37602809700299145,-1.5504657912223003,0.20956880115778073,-0.30111467766673783,-1.5135079419466928,0.40224392949999377,0.4751974853843669,0.004132995543435012,0.46714484079970875,0.3867891314624733,0.5639690844201006,179.19295023875503,1.3733625167730694,178.8302645060894,150.87469950059065,207.46277277758767,385.9628728241638,2.051743358820395,378.1352268105417,339.68674248999736,427.26106734346274
100,1000,1000,12,1.2589254117941661e-05,125.46393740742032,74.81756872927917,0.9995786931893617,0.01,4.166947281934958,7.68624610039773,0.008399506886244175,0.001374976356301492,0.9986250236436985,1.0018010534208712,0.00014233867890081726,0.9998542031934311,0.98806942252442,567.6095868527857,574.4632653468814,0.001381141755810649,4.4953465881124224e-06,0.0013702409766640788,0.001284818946557838,0.001465210873521059,0.9986188582441894,4.495346588112467e-06,0.998629759023336,0.9985347891264789,0.9987151810534421,1.0016916012061847,0.00010977644843317377,1.0017049065731407,0.9993642502579512,1.0040407378720637,0.00031190925235573236,1.2073657831634044e-05,0.00016498752425043008,3.5768473198288266e-05,0.00044994257288227894,0.9996717937655892,1.2999581910109544e-05,0.9998310883015469,0.9995342272609137,0.9999638991463382,0.9876828866270644,0.0004004476605535655,0.9879213865574353,0.9789725329366757,0.9962878636839609,567.7979983250967,0.2429490681663331,567.7243905100862,562.5642967247827,573.2008100462755,575.0495143986592,0.4503397543907578,574.2645981369532,565.4251100425602,585.2670301957793
100,1000,1000,12,1.2589254117941661e-05,125.46393740742032,74.81756872927917,0.9995786931893617,0.1,13.177044300762265,36.36757019090955,0.03861153116479738,0.005951664941137791,0.9940483350588623,1.0055657135269787,0.007401341755074867,0.9911397173689668,0.9139689488900963,494.7572413462926,541.3282824839015,0.005975322344320943,2.876358724263684e-05,0.00594041518719632,0.005332647228763182,0.0065505822244928315,0.994024677655679,2.8763587242636828e-05,0.9940595848128038,0.9934494177755071,0.9946673527712369,1.0050665021475211,0.0003139322964725897,1.0051234076604882,0.9983913427492092,1.0118359968273196,0.008000221652225449,0.0001690872598548043,0.007082715388237945,0.0039964208905422195,0.010909914428329118,0.9900070922456407,0.00023270765761820958,0.9915557785368581,0.9863967514791261,0.9954459952919001,0.9160217697633465,0.0009740776795876892,0.9158411660021419,0.8955496009295953,0.9367827563434739,494.8083989656648,0.5906896183536394,495.46466483992526,482.63267460782413,507.0749466415408,541.0209286046424,1.0053436843061283,540.5541105167351,519.5957527099433,560.6577077089952
100,1000,1000,12,1.2589254117941661e-05,125.46393740742032,74.81756872927917,0.9995786931893617,1.0,41.66947281934957,148.39817889675632,0.15301129859595375,0.023616075968195867,0.9763839240318042,1.0090198323834223,0.09141875011309218,0.8121692349344584,0.6976446625027232,361.3774213274129,517.9963966627528,0.023564741870520437,0.00015588356224213842,0.023174281458273015,0.020029876846952545,0.02640471317964762,0.9764352581294795,0.0001558835622421384,0.976825718541727,0.9735952868203523,0.9799701231530474,1.01120263070299,0.00101304538793696,1.010321403297444,0.9888800445753364,1.0310228452480463,0.09295592850807605,0.0011404062224416815,0.08814983132902543,0.06705662261730272,0.11361487177496127,0.793268520920933,0.0038153206985924444,0.8216850286989621,0.7414781255154759,0.8778903176996985,0.7009397754051874,0.001876814590305241,0.7030996382300561,0.6629319497868922,0.7410470666157619,361.79942831056576,1.144124863002944,362.3103971406125,336.76077189360456,387.09381133718716,517.6092639965971,1.508093927676075,515.6029411272954,485.81567646562763,548.0546747259745
100,1000,1000,12,1.2589254117941661e-05,125.46393740742032,74.81756872927917,0.9995786931893617,10.0,131.77044300762265,814.1684814475695,0.8224732315510441,0.07287725330833356,0.9271227466916665,1.0136897401995162,0.3347773197679371,-0.8852364375920483,0.421400553259911,179.04415551690252,424.87878606669,0.07374958614734353,0.0007168411296149122,0.0697687334440313,0.05791497318424818,0.08635633202574258,0.9262504138526565,0.0007168411296149122,0.9302312665559687,0.9136436679742574,0.9420850268157518,1.0371445421262195,0.0035729628618482796,1.025791071999806,0.9586211730107499,1.1040258282378974,0.334719081183898,0.0044609019938491225,0.3299090034118579,0.2301582417192309,0.4245319785758108,-2.5143052787709586,0.28339303391634396,-0.82114482615726,-2.4966941241730622,0.14964712256091128,0.4354826698920378,0.004006909097070737,0.42562296941756017,0.34843882784339253,0.5202518976886112,179.19295023875503,1.3733625167730694,178.8302645060894,150.87469950059065,207.46277277758767,423.7595862211975,2.37554108657433,413.8756951335838,368.8994802816428,470.5201023091595
100,1000,1000,13,1.584893192461114e-05,132.05719572984324,67.4985858675741,0.9995786931893617,0.01,4.166947281934958,7.68624610039773,0.008399506886244175,0.001374976356301492,0.9986250236436985,1.0018010534208712,0.00019183662689475523,0.9998027368242356,0.9861494900131889,567.6095868527857,575.5816867533891,0.001381141755810649,4.4953465881124224e-06,0.0013702409766640788,0.001284818946557838,0.001465210873521059,0.9986188582441894,4.495346588112467e-06,0.998629759023336,0.9985347891264789,0.9987151810534421,1.0016916012061847,0.00010977644843317377,1.0017049065731407,0.9993642502579512,1.0040407378720637,0.0003618004103518011,1.3306906960316017e-05,0.0002102555566018272,5.129557006148826e-05,0.0005282370559198952,0.9996178921517971,1.438544145758091e-05,0.9997844814641925,0.9994482720399611,0.9999485680596085,0.9857547953264731,0.0003987901550300369,0.985948709221581,0.9771097861638902,0.994264951348447,567.7979983250967,0.2429490681663331,567.7243905100862,562.5642967247827,573.2008100462755,576.1727251385364,0.44949600940807966,575.3476342169347,566.6737524640048,586.321356832372
100,1000,1000,13,1.584893192461114e-05,132.05719572984324,67.4985858675741,0.9995786931893617,0.1,13.177044300762265,36.36757019090955,0.03861153116479738,0.005951664941137791,0.9940483350588623,1.0055657135269787,0.00883427468425271,0.9892376848640678,0.9060091776594507,494.7572413462926,546.0841386004824,0.005975322344320943,2.876358724263684e-05,0.00594041518719632,0.005332647228763182,0.0065505822244928315,0.994024677655679,2.8763587242636828e-05,0.9940595848128038,0.9934494177755071,0.9946673527712369,1.0050665021475211,0.0003139322964725897,1.0051234076604882,0.9983913427492092,1.0118359968273196,0.009405945902882393,0.00018267337480193827,0.008540551988872346,0.005138459228378386,0.012554965100757862,0.9880810225396192,0.0002571756373969986,0.989631606895321,0.9840765396468354,0.9940373357949792,0.907927812019372,0.0009641512801595635,0.9075849027346439,0.887951059489536,0.9283169531748299,494.8083989656648,0.5906896183536394,495.46466483992526,482.63267460782413,507.0749466415408,545.8150618792065,0.9991410667439632,545.2193346405683,524.640716368941,564.907405009755
100,1000,1000,13,1.584893192461114e-05,132.05719572984324,67.4985858675741,0.9995786931893617,1.0,41.66947281934957,148.39817889675632,0.15301129859595375,0.023616075968195867,0.9763839240318042,1.0090198323834223,0.10615786296075327,0.7664398005587341,0.6741812421594587,361.3774213274129,536.0241411788481,0.023564741870520437,0.00015588356224213842,0.023174281458273015,0.020029876846952545,0.02640471317964762,0.9764352581294795,0.0001558835622421384,0.976825718541727,0.9735952868203523,0.9799701231530474,1.01120263070299,0.00101304538793696,1.010321403297444,0.9888800445753364,1.0310228452480463,0.10767104066344063,0.0012497995852034597,0.10334377893988055,0.0794643829290139,0.1304213326417644,0.7430099744503775,0.004672121607972872,0.7755353540578005,0.6804521841755284,0.8459024418046419,0.6774466930304335,0.0019063155209205357,0.6785287433266631,0.6388610709208243,0.7181057275118916,361.79942831056576,1.144124863002944,362.3103971406125,336.76077189360456,387.09381133718716,535.6174725875667,1.5079924283639994,534.232969775132,502.615842019404,566.457805858918
100,1000,1000,13,1.584893192461114e-05,132.05719572984324,67.4985858675741,0.9995786931893617,10.0,131.77044300762265,814.1684814475695,0.8224732315510441,0.07287725330833356,0.9271227466916665,1.0136897401995162,0.38576976304774446,-1.6871219473264434,0.37889633470108675,179.04415551690252,472.54127084167067,0.07374958614734353,0.0007168411296149122,0.0697687334440313,0.05791497318424818,0.08635633202574258,0.9262504138526565,0.0007168411296149122,0.9302312665559687,0.9136436679742574,0.9420850268157518,1.0371445421262195,0.0035729628618482796,1.025791071999806,0.9586211730107499,1.1040258282378974,0.3815750488321987,0.004549424244413916,0.3799104755675522,0.27641817363527355,0.47752083507266063,-3.94978473924216,0.3924155971481505,-1.5813886402623278,-4.002146334730657,-0.22902559108491227,0.3943526417043572,0.0038446205702301786,0.38363121826504976,0.30897117638248484,0.47424514866317585,179.19295023875503,1.3733625167730694,178.8302645060894,150.87469950059065,207.46277277758767,471.34281425290857,2.8110099164203164,458.45879457793995,405.43953935443716,526.2320966404629
100,1000,1000,14,1.9952623149688786e-05,140.3576152910084,59.68178039830867,0.9995786931893617,0.01,4.166947281934958,7.68624610039773,0.008399506886244175,0.001374976356301492,0.9986250236436985,1.0018010534208712,0.00026428935250249563,0.9997269033719648,0.9837430214214788,567.6095868527857,576.9896959803659,0.001381141755810649,4.4953465881124224e-06,0.0013702409766640788,0.001284818946557838,0.001465210873521059,0.9986188582441894,4.495346588112467e-06,0.998629759023336,0.9985347891264789,0.9987151810534421,1.0016916012061847,0.00010977644843317377,1.0017049065731407,0.9993642502579512,1.0040407378720637,0.0004349769312436156,1.4919815433083463e-05,0.0002754529687488522,8.068612343094811e-05,0.0006307393396155563,0.9995387400464142,1.6207825435879786e-05,0.9997161412160446,0.9993363443518224,0.9999181115973477,0.9833382905152953,0.00039689027473735987,0.9835683670163222,0.9748855031789014,0.9917435087554086,567.7979983250967,0.2429490681663331,567.7243905100862,562.5642967247827,573.2008100462755,577.5867638010267,0.4484771118076172,576.7122322650725,568.1861097647419,587.7100028863912
100,1000,1000,14,1.9952623149688786e-05,140.3576152910084,59.68178039830867,0.9995786931893617,0.1,13.177044300762265,36.36757019090955,0.03861153116479738,0.005951664941137791,0.9940483350588623,1.0055657135269787,0.01077788192892486,0.9865803987887959,0.8961834217047929,494.7572413462926,552.071405656138,0.005975322344320943,2.876358724263684e-05,0.00594041518719632,0.005332647228763182,0.0065505822244928315,0.994024677655679,2.8763587242636828e-05,0.9940595848128038,0.9934494177755071,0.9946673527712369,1.0050665021475211,0.0003139322964725897,1.0051234076604882,0.9983913427492092,1.0118359968273196,0.011326123208988846,0.0001996953601014418,0.010433258380940117,0.006677181405995193,0.014941053280960782,0.9853774927295357,0.0002895171791219839,0.9870578648889202,0.9806079682307023,0.9920816026412819,0.8979456187452178,0.0009549546659954794,0.8978566772892727,0.8777663996671412,0.9182859849638919,494.8083989656648,0.5906896183536394,495.46466483992526,482.63267460782413,507.0749466415408,551.8505170360434,0.9920623135777835,551.2199655702415,530.8498893886535,571.3533980842435
100,1000,1000,14,1.9952623149688786e-05,140.3576152910084,59.68178039830867,0.9995786931893617,1.0,41.66947281934957,148.39817889675632,0.15301129859595375,0.023616075968195867,0.9763839240318042,1.0090198323834223,0.1247533930214351,0.7017926538020144,0.6467955365210752,361.3774213274129,558.7197204098791,0.023564741870520437,0.00015588356224213842,0.023174281458273015,0.020029876846952545,0.02640471317964762,0.9764352581294795,0.0001558835622421384,0.976825718541727,0.9735952868203523,0.9799701231530474,1.01120263070299,0.00101304538793696,1.010321403297444,0.9888800445753364,1.0310228452480463,0.12618957755059262,0.0013820849355421772,0.1212291819046595,0.09449243757998041,0.15252186039875032,0.6716663405767663,0.005913493856072273,0.7146670998729837,0.5893777998680071,0.8030176357342984,0.6501230795907313,0.0019440930052680135,0.6518202346415911,0.609459538293291,0.6926037784871771,361.79942831056576,1.144124863002944,362.3103971406125,336.76077189360456,387.09381133718716,558.2884575497452,1.5222676075751813,556.90151331282,524.8307218042638,589.3480521254893
100,1000,1000,14,1.9952623149688786e-05,140.3576152910084,59.68178039830867,0.9995786931893617,10.0,131.77044300762265,814.1684814475695,0.8224732315510441,0.07287725330833356,0.9271227466916665,1.0136897401995162,0.44062394241196523,-2.8981633077451328,0.3362048942542848,179.04415551690252,532.5447623659056,0.07374958614734353,0.0007168411296149122,0.0697687334440313,0.05791497318424818,0.08635633202574258,0.9262504138526565,0.0007168411296149122,0.9302312665559687,0.9136436679742574,0.9420850268157518,1.0371445421262195,0.0035729628618482796,1.025791071999806,0.9586211730107499,1.1040258282378974,0.4321927842167232,0.0045755876568391515,0.43251296905079817,0.32867642273256836,0.5298357186773435,-6.108915045566307,0.5551602919521295,-2.690428125960911,-6.156133997099115,-0.8052239080963295,0.3527564384904537,0.0036444256254313475,0.34234282066563315,0.27210185483049926,0.4266970266797265,179.19295023875503,1.3733625167730694,178.8302645060894,150.87469950059065,207.46277277758767,531.2465281105768,3.3859229205423,515.8907618474468,453.553921649946,598.0243634305039
100,1000,1000,15,2.5118864315095822e-05,150.80722315286786,51.8822194452305,0.9995786931893617,0.01,4.166947281934958,7.68624610039773,0.008399506886244175,0.001374976356301492,0.9986250236436985,1.0018010534208712,0.00037132882666122757,0.9996139356933749,0.9807301056914879,567.6095868527857,578.7622747163233,0.001381141755810649,4.4953465881124224e-06,0.0013702409766640788,0.001284818946557838,0.001465210873521059,0.9986188582441894,4.495346588112467e-06,0.998629759023336,0.9985347891264789,0.9987151810534421,1.0016916012061847,0.00010977644843317377,1.0017049065731407,0.9993642502579512,1.0040407378720637,0.0005432768949459097,1.7010167990083512e-05,0.00037227972849672057,0.00013430478428391322,0.0007944535856937368,0.9994211936721878,1.8594696147806794e-05,0.9996129275563526,0.9991587941174549,0.999862527333643,0.9803131057353744,0.00039478975177614474,0.9807593877184395,0.9718139565961397,0.9886466377514177,567.7979983250967,0.2429490681663331,567.7243905100862,562.5642967247827,573.2008100462755,579.3669331777036,0.4472635188192573,578.4423460313235,570.0006899875746,589.5173696521863
100,1000,1000,15,2.5118864315095822e-05,150.80722315286786,51.8822194452305,0.9995786931893617,0.1,13.177044300762265,36.36757019090955,0.03861153116479738,0.005951664941137791,0.9940483350588623,1.0055657135269787,0.013429915121350241,0.9828186131411468,0.8841124893642536,494.7572413462926,559.6089268030383,0.005975322344320943,2.876358724263684e-05,0.00594041518719632,0.005332647228763182,0.0065505822244928315,0.994024677655679,2.8763587242636828e-05,0.9940595848128038,0.9934494177755071,0.9946673527712369,1.0050665021475211,0.0003139322964725897,1.0051234076604882,0.9983913427492092,1.0118359968273196,0.013963324864807496,0.00022117158547413615,0.013076168833245097,0.008905502609673118,0.018049712944946634,0.9815321588378053,0.00033299636165186103,0.9833291661840389,0.9759128813910358,0.989141848622921,0.885696062478105,0.0009480683336994224,0.8856489230465977,0.865650780169502,0.9056310436485226,494.8083989656648,0.5906896183536394,495.46466483992526,482.63267460782413,507.0749466415408,559.4487034283187,0.9843325298799692,558.8047292083459,538.8156248785622,578.825457982999
100,1000,1000,15,2.5118864315095822e-05,150.80722315286786,51.8822194452305,0.9995786931893617,1.0,41.66947281934957,148.39817889675632,0.15301129859595375,0.023616075968195867,0.9763839240318042,1.0090198323834223,0.14797207376250393,0.6091901191852046,0.6153286158777808,361.3774213274129,587.2917527358929,0.023564741870520437,0.00015588356224213842,0.023174281458273015,0.020029876846952545,0.02640471317964762,0.9764352581294795,0.0001558835622421384,0.976825718541727,0.9735952868203523,0.9799701231530474,1.01120263070299,0.00101304538793696,1.010321403297444,0.9888800445753364,1.0310228452480463,0.14923136087200192,0.0015374171548336074,0.144208400039048,0.11491077267395494,0.17991661477805493,0.5690569796115273,0.007736357637420043,0.6251529533626394,0.4574040990530076,0.7370107453470987,0.6188371404979485,0.001987507382078111,0.6202522104743844,0.5758342343626882,0.6610150849557183,361.79942831056576,1.144124863002944,362.3103971406125,336.76077189360456,387.09381133718716,586.8295275309412,1.5623462726742752,585.558607178361,553.4999904286269,618.1395154879399
100,1000,1000,15,2.5118864315095822e-05,150.80722315286786,51.8822194452305,0.9995786931893617,10.0,131.77044300762265,814.1684814475695,0.8224732315510441,0.07287725330833356,0.9271227466916665,1.0136897401995162,0.49781558519718105,-4.7421730279692715,0.2944395240681483,179.04415551690252,608.084651962223,0.07374958614734353,0.0007168411296149122,0.0697687334440313,0.05791497318424818,0.08635633202574258,0.9262504138526565,0.0007168411296149122,0.9302312665559687,0.9136436679742574,0.9420850268157518,1.0371445421262195,0.0035729628618482796,1.025791071999806,0.9586211730107499,1.1040258282378974,0.48538390168972867,0.0045275855743322335,0.48859073004451625,0.38238335521104305,0.5831990106854243,-9.384931400027176,0.8004507558162118,-4.39251174366802,-9.442312873340798,-1.625536352634318,0.31168263895412746,0.0034080385707139596,0.301007348524267,0.2363253336229187,0.3816284973766839,179.19295023875503,1.3733625167730694,178.8302645060894,150.87469950059065,207.46277277758767,606.6608060012454,4.1339660797949165,589.8480104969728,513.7598764844928,687.0315720191659
100,1000,1000,16,3.1622776601683795e-05,163.96249826669694,44.57342490825035,0.9995786931893617,0.01,4.166947281934958,7.68624610039773,0.008399506886244175,0.001374976356301492,0.9986250236436985,1.0018010534208712,0.000530693683480345,0.9994439837310339,0.9769632102175597,567.6095868527857,580.9938193336726,0.001381141755810649,4.4953465881124224e-06,0.0013702409766640788,0.001284818946557838,0.001465210873521059,0.9986188582441894,4.495346588112467e-06,0.998629759023336,0.9985347891264789,0.9987151810534421,1.0016916012061847,0.00010977644843317377,1.0017049065731407,0.9993642502579512,1.0040407378720637,0.0007047565084890839,1.9696122165051203e-05,0.0005208426193137527,0.00023017510362553643,0.0010096875233022921,0.9992448423134243,2.1712063031371526e-05,0.99945454474251,0.998922952326665,0.999762678461093,0.9765313309411409,0.00039259675661947946,0.9771780233854039,0.9682244195870732,0.984845998477321,567.7979983250967,0.2429490681663331,567.7243905100862,562.5642967247827,573.2008100462755,581.6080338895007,0.44584615156986906,580.6495544766642,572.1487635727922,591.7024696152646
100,1000,1000,16,3.1622776601683795e-05,163.96249826669694,44.57342490825035,0.9995786931893617,0.1,13.177044300762265,36.36757019090955,0.03861153116479738,0.005951664941137791,0.9940483350588623,1.0055657135269787,0.017064001909058435,0.9774227601800276,0.8693707463503736,494.7572413462926,569.0981016134808,0.005975322344320943,2.876358724263684e-05,0.00594041518719632,0.005332647228763182,0.0065505822244928315,0.994024677655679,2.8763587242636828e-05,0.9940595848128038,0.9934494177755071,0.9946673527712369,1.0050665021475211,0.0003139322964725897,1.0051234076604882,0.9983913427492092,1.0118359968273196,0.01759768256622335,0.00024857324185497656,0.016568457455407054,0.01197453435050615,0.02237308304263101,0.9759909782527809,0.00039274495537153177,0.9781744538388821,0.9690646395203467,0.9849019513019571,0.8707557881395367,0.0009457857989886543,0.8712814822521833,0.8504236575505257,0.8905717999130315,494.8083989656648,0.5906896183536394,495.46466483992526,482.63267460782413,507.0749466415408,569.0142512864107,0.9765187653787512,568.4532043932463,547.9403288958306,587.8763251076864
100,1000,1000,16,3.1622776601683795e-05,163.96249826669694,44.57342490825035,0.9995786931893617,1.0,41.66947281934957,148.39817889675632,0.15301129859595375,0.023616075968195867,0.9763839240318042,1.0090198323834223,0.17655424468132272,0.474833337001184,0.5798164155023156,361.3774213274129,623.2617974679775,0.023564741870520437,0.00015588356224213842,0.023174281458273015,0.020029876846952545,0.02640471317964762,0.9764352581294795,0.0001558835622421384,0.976825718541727,0.9735952868203523,0.9799701231530474,1.01120263070299,0.00101304538793696,1.010321403297444,0.9888800445753364,1.0310228452480463,0.17747573456065413,0.0017127641763859899,0.17205896498438794,0.13899464417882842,0.21188921707715647,0.41960384977220166,0.010444894662410805,0.4975781216210481,0.2725100954658792,0.6466431913849942,0.5836430773512804,0.0020314463560329823,0.5852000911976332,0.5396857411938099,0.6271801451922283,361.79942831056576,1.144124863002944,362.3103971406125,336.76077189360456,387.09381133718716,622.7605929875989,1.6450498432471805,619.6829234202585,587.9687837609165,655.0075642166889
100,1000,1000,16,3.1622776601683795e-05,163.96249826669694,44.57342490825035,0.9995786931893617,10.0,131.77044300762265,814.1684814475695,0.8224732315510441,0.07287725330833356,0.9271227466916665,1.0136897401995162,0.5555923556095336,-7.569856463776896,0.2546193216821799,179.04415551690252,703.1836953064718,0.07374958614734353,0.0007168411296149122,0.0697687334440313,0.05791497318424818,0.08635633202574258,0.9262504138526565,0.0007168411296149122,0.9302312665559687,0.9136436679742574,0.9420850268157518,1.0371445421262195,0.0035729628618482796,1.025791071999806,0.9586211730107499,1.1040258282378974,0.5397349800289576,0.004399942911695896,0.5458543449159252,0.4431809838104603,0.6365818226269583,-14.393295410831998,1.1732962472335817,-7.001948661750697,-14.57950326854285,-2.9660505577284773,0.27207104111848207,0.0031407443585482575,0.2611804455574279,0.20213922962203257,0.33428169266709123,179.19295023875503,1.3733625167730694,178.8302645060894,150.87469950059065,207.46277277758767,701.6017148966664,5.096882450137628,680.9913918616769,590.7684959072401,795.6669747754743
100,1000,1000,17,3.9810717055349695e-05,180.52400591435344,38.083969115104594,0.9995786931893617,0.01,4.166947281934958,7.68624610039773,0.008399506886244175,0.001374976356301492,0.9986250236436985,1.0018010534208712,0.000769401274578787,0.999186071319848,0.9722619165301785,567.6095868527857,583.8031678526281,0.001381141755810649,4.4953465881124224e-06,0.0013702409766640788,0.001284818946557838,0.001465210873521059,0.9986188582441894,4.495346588112467e-06,0.998629759023336,0.9985347891264789,0.9987151810534421,1.0016916012061847,0.00010977644843317377,1.0017049065731407,0.9993642502579512,1.0040407378720637,0.0009469138712401567,2.312475732514013e-05,0.000759403049456386,0.00039686655761850536,0.0013401051265387437,0.9989778668780955,2.5782772549235326e-05,0.9991969468893585,0.9985561160167262,0.9995868356726346,0.9718121773827438,0.00039052917993235745,0.9724427318158018,0.9633925539303911,0.980078500717519,567.7979983250967,0.2429490681663331,567.7243905100862,562.5642967247827,573.2008100462755,584.4294128806516,0.4442385396966543,583.4475075509083,575.1350776477028,594.4822809561765
100,1000,1000,17,3.9810717055349695e-05,180.52400591435344,38.083969115104594,0.9995786931893617,0.1,13.177044300762265,36.36757019090955,0.03861153116479738,0.005951664941137791,0.9940483350588623,1.0055657135269787,0.022053245584278236,0.9695836828046394,0.8514966479022166,494.7572413462926,581.0442619653261,0.005975322344320943,2.876358724263684e-05,0.00594041518719632,0.005332647228763182,0.0065505822244928315,0.994024677655679,2.8763587242636828e-05,0.9940595848128038,0.9934494177755071,0.9946673527712369,1.0050665021475211,0.0003139322964725897,1.0051234076604882,0.9983913427492092,1.0118359968273196,0.022610137518100665,0.0002840331334912984,0.021520116956198786,0.016302844824731565,0.028376199055466587,0.9679053162153874,0.0004770343889727348,0.9704444896930722,0.9589625887967934,0.9785753187825849,0.852668728518521,0.000951072289708648,0.8533026371190258,0.8315476356842945,0.8723174207063097,494.8083989656648,0.5906896183536394,495.46466483992526,482.63267460782413,507.0749466415408,581.0565596492164,0.9697931611064385,580.083537406957,560.0849087552533,600.3496666301976
100,1000,1000,17,3.9810717055349695e-05,180.52400591435344,38.083969115104594,0.9995786931893617,1.0,41.66947281934957,148.39817889675632,0.15301129859595375,0.023616075968195867,0.9763839240318042,1.0090198323834223,0.21110087987253143,0.2775133913915514,0.5405428421794569,361.3774213274129,668.5453827680838,0.023564741870520437,0.00015588356224213842,0.023174281458273015,0.020029876846952545,0.02640471317964762,0.9764352581294795,0.0001558835622421384,0.976825718541727,0.9735952868203523,0.9799701231530474,1.01120263070299,0.00101304538793696,1.010321403297444,0.9888800445753364,1.0310228452480463,0.21145826177291813,0.0019008951598973678,0.2076117241694025,0.1681166304625922,0.2509004263407769,0.19931887853384614,0.01451079791048046,0.29937386587169645,-0.007223517887354924,0.5170117625314956,0.5448258200868703,0.002068576012634768,0.544355705967103,0.49910040824510904,0.5899797252429744,361.79942831056576,1.144124863002944,362.3103971406125,336.76077189360456,387.09381133718716,667.9951062974441,1.7927298083480052,664.9335627249374,629.9598289084574,702.06789598675
100,1000,1000,17,3.9810717055349695e-05,180.52400591435344,38.083969115104594,0.9995786931893617,10.0,131.77044300762265,814.1684814475695,0.8224732315510441,0.07287725330833356,0.9271227466916665,1.0136897401995162,0.6121882510168473,-11.93199118353138,0.21757540234419573,179.04415551690252,822.9062365867154,0.07374958614734353,0.0007168411296149122,0.0697687334440313,0.05791497318424818,0.08635633202574258,0.9262504138526565,0.0007168411296149122,0.9302312665559687,0.9136436679742574,0.9420850268157518,1.0371445421262195,0.0035729628618482796,1.025791071999806,0.9586211730107499,1.1040258282378974,0.5937520902134277,0.004194773553017465,0.6027164305809709,0.5046708247725248,0.6870264217501508,-22.099660552238692,1.7441841675865886,-11.04958130505982,-22.459785325501894,-5.017508546750964,0.23473349544891922,0.002850858575976445,0.22365193860473284,0.17112943005911774,0.2895981246789164,179.19295023875503,1.3733625167730694,178.8302645060894,150.87469950059065,207.46277277758767,821.1251785640117,6.327071696030606,798.8161338318148,681.3027228309056,935.6796253575604
100,1000,1000,18,5.011872336272725e-05,201.37370523441166,32.56546868691193,0.9995786931893617,0.01,4.166947281934958,7.68624610039773,0.008399506886244175,0.001374976356301492,0.9986250236436985,1.0018010534208712,0.001128470368200099,0.9987917139326012,0.9664072869776777,567.6095868527857,587.3399285180436,0.001381141755810649,4.4953465881124224e-06,0.0013702409766640788,0.001284818946557838,0.001465210873521059,0.9986188582441894,4.495346588112467e-06,0.998629759023336,0.9985347891264789,0.9987151810534421,1.0016916012061847,0.00010977644843317377,1.0017049065731407,0.9993642502579512,1.0040407378720637,0.0013114807248031162,2.748847909744854e-05,0.0011226190469079311,0.0006626775485859969,0.001796379800684501,0.9985705043676397,3.1120180958960083e-05,0.9987981959935857,0.9980410871108985,0.9993018403213478,0.9659363960537657,0.0003889767524044558,0.9664944951701884,0.9576162795273786,0.974257475884728,567.7979983250967,0.2429490681663331,567.7243905100862,562.5642967247827,573.2008100462755,587.9813191008684,0.44249786413028863,587.0187148682467,578.7002940697898,597.9467973363884
100,1000,1000,18,5.011872336272725e-05,201.37370523441166,32.56546868691193,0.9995786931893617,0.1,13.177044300762265,36.36757019090955,0.03861153116479738,0.005951664941137791,0.9940483350588623,1.0055657135269787,0.02889551249637996,0.9580569117461224,0.830013199052456,494.7572413462926,596.0835826600204,0.005975322344320943,2.876358724263684e-05,0.00594041518719632,0.005332647228763182,0.0065505822244928315,0.994024677655679,2.8763587242636828e-05,0.9940595848128038,0.9934494177755071,0.9946673527712369,1.0050665021475211,0.0003139322964725897,1.0051234076604882,0.9983913427492092,1.0118359968273196,0.029506536142374914,0.0003305268149999047,0.028370863249484818,0.022131003110784885,0.0358864318766883,0.9559672699656178,0.0005993485784993484,0.9589718667826582,0.9453793449236952,0.9694576750656545,0.8309675362473165,0.0009672113718885595,0.8315634785105588,0.8105628603055833,0.8512350782240322,494.8083989656648,0.5906896183536394,495.46466483992526,482.63267460782413,507.0749466415408,596.2169235755149,0.9663557735785475,595.0335348753507,574.9429386476345,615.6061846240923
100,1000,1000,18,5.011872336272725e-05,201.37370523441166,32.56546868691193,0.9995786931893617,1.0,41.66947281934957,148.39817889675632,0.15301129859595375,0.023616075968195867,0.9763839240318042,1.0090198323834223,0.2519327096538024,-0.01555167379091471,0.49807101134343473,361.3774213274129,725.5540135786631,0.023564741870520437,0.00015588356224213842,0.023174281458273015,0.020029876846952545,0.02640471317964762,0.9764352581294795,0.0001558835622421384,0.976825718541727,0.9735952868203523,0.9799701231530474,1.01120263070299,0.00101304538793696,1.010321403297444,0.9888800445753364,1.0310228452480463,0.2514482471210651,0.0020900582893822583,0.24829014935852406,0.20387327276681502,0.29602521815167293,-0.12893337094965313,0.020668361450561314,0.013608043463350483,-0.4241483295935625,0.32228999219135246,0.5029252172408438,0.002090281498445963,0.5017128197734579,0.45591800425272,0.5484767197001836,361.79942831056576,1.144124863002944,362.3103971406125,336.76077189360456,387.09381133718716,724.9419591465265,2.031844436645834,721.3091026281108,680.8615416768009,764.6826934058857
100,1000,1000,18,5.011872336272725e-05,201.37370523441166,32.56546868691193,0.9995786931893617,10.0,131.77044300762265,814.1684814475695,0.8224732315510441,0.07287725330833356,0.9271227466916665,1.0136897401995162,0.6660292941790533,-18.695139179362954,0.18389382174924487,179.04415551690252,973.6279001316569,0.07374958614734353,0.0007168411296149122,0.0697687334440313,0.05791497318424818,0.08635633202574258,0.9262504138526565,0.0007168411296149122,0.9302312665559687,0.9136436679742574,0.9420850268157518,1.0371445421262195,0.0035729628618482796,1.025791071999806,0.9586211730107499,1.1040258282378974,0.6460142793668062,0.003921593785491609,0.6575505014671619,0.5663473289880444,0.7337803199415122,-34.022162221887655,2.623762600326132,-17.387540511204662,-34.68916666092451,-8.250066806028304,0.20029677203688612,0.0025486314120045693,0.18910513839398407,0.14339029103589745,0.24743948526309767,179.19295023875503,1.3733625167730694,178.8302645060894,150.87469950059065,207.46277277758767,971.5962208742238,7.890680107035469,939.494589449617,797.5232108209624,1115.4503612894628
100,1000,1000,19,6.309573444801929e-05,227.62191657965894,28.021934827944154,0.9995786931893617,0.01,4.166947281934958,7.68624610039773,0.008399506886244175,0.001374976356301492,0.9986250236436985,1.0018010534208712,0.0016698462784654347,0.998184835935921,0.9591362473766122,567.6095868527857,591.792447011868,0.001381141755810649,4.4953465881124224e-06,0.0013702409766640788,0.001284818946557838,0.001465210873521059,0.9986188582441894,4.495346588112467e-06,0.998629759023336,0.9985347891264789,0.9987151810534421,1.0016916012061847,0.00010977644843317377,1.0017049065731407,0.9993642502579512,1.0040407378720637,0.001861433619656559,3.305496271581345e-05,0.0016697413226734925,0.0010979621460531022,0.002469398019320687,0.9979447252677491,3.818866199371558e-05,0.9981849548611577,0.9972655922601872,0.9988254915140333,0.9586407447216758,0.00038858283428127346,0.9591375337090637,0.9503069624572298,0.9668644918398299,567.7979983250967,0.2429490681663331,567.7243905100862,562.5642967247827,573.2008100462755,592.4529048423306,0.44076060150880697,591.5637455816292,583.0220125967365,602.4559453564998
100,1000,1000,19,6.309573444801929e-05,227.62191657965894,28.021934827944154,0.9995786931893617,0.1,13.177044300762265,36.36757019090955,0.03861153116479738,0.005951664941137791,0.9940483350588623,1.0055657135269787,0.03823544786241301,0.9409178831551634,0.8044611346498783,494.7572413462926,615.0169598455783,0.005975322344320943,2.876358724263684e-05,0.00594041518719632,0.005332647228763182,0.0065505822244928315,0.994024677655679,2.8763587242636828e-05,0.9940595848128038,0.9934494177755071,0.9946673527712369,1.0050665021475211,0.0003139322964725897,1.0051234076604882,0.9983913427492092,1.0118359968273196,0.038937222799695005,0.0003918624790947458,0.03799005569240496,0.030511189925469508,0.04639768762632085,0.9381506506319893,0.0007816245326467953,0.9413886807012439,0.9246295446487003,0.9552071292698038,0.8052074125831882,0.0009970279594427925,0.8050896271255001,0.784598788025674,0.825325540202634,494.8083989656648,0.5906896183536394,495.46466483992526,482.63267460782413,507.0749466415408,615.3026852424487,0.9700696974323811,613.7583487581219,593.6958167891747,634.082293361758
100,1000,1000,19,6.309573444801929e-05,227.62191657965894,28.021934827944154,0.9995786931893617,1.0,41.66947281934957,148.39817889675632,0.15301129859595375,0.023616075968195867,0.9763839240318042,1.0090198323834223,0.2989485869244893,-0.4552704294474428,0.45323808936202475,361.3774213274129,797.3235917486229,0.023564741870520437,0.00015588356224213842,0.023174281458273015,0.020029876846952545,0.02640471317964762,0.9764352581294795,0.0001558835622421384,0.976825718541727,0.9735952868203523,0.9799701231530474,1.01120263070299,0.00101304538793696,1.010321403297444,0.9888800445753364,1.0310228452480463,0.29733077237286304,0.002264756863089697,0.29517739747648686,0.24721622888705314,0.3468803805050779,-0.6228968292454472,0.030064729892099996,-0.4152250167151027,-1.0531620317543036,0.022085049771760207,0.4587285040428703,0.002088133218339188,0.4566976949276559,0.41103448291759725,0.5027915710191311,361.79942831056576,1.144124863002944,362.3103971406125,336.76077189360456,387.09381133718716,796.6337634903872,2.390840679828072,791.0400411387889,744.9726370650532,843.6428335392881
100,1000,1000,19,6.309573444801929e-05,227.62191657965894,28.021934827944154,0.9995786931893617,10.0,131.77044300762265,814.1684814475695,0.8224732315510441,0.07287725330833356,0.9271227466916665,1.0136897401995162,0.7158841541296829,-29.224699265319,0.15390062396330606,179.04415551690252,1163.375111198973,0.07374958614734353,0.0007168411296149122,0.0697687334440313,0.05791497318424818,0.08635633202574258,0.9262504138526565,0.0007168411296149122,0.9302312665559687,0.9136436679742574,0.9420850268157518,1.0371445421262195,0.0035729628618482796,1.025791071999806,0.9586211730107499,1.1040258282378974,0.6953057235698288,0.0035957584178973982,0.7085404501454544,0.6239019935839449,0.777195234811825,-52.55136911743043,3.9860537365842243,-27.292329098823583,-54.428069988014435,-13.130580821731533,0.16917434097441514,0.002244880255580059,0.1582515518059074,0.11841322940064936,0.21012533824181467,179.19295023875503,1.3733625167730694,178.8302645060894,150.87469950059065,207.46277277758767,1161.0279222156353,9.871325797916107,1119.9751061226661,942.7112017529206,1339.4004660335163
100,1000,1000,20,7.943282347242822e-05,260.66644986748895,24.36486590613012,0.9995786931893617,0.01,4.166947281934958,7.68624610039773,0.008399506886244175,0.001374976356301492,0.9986250236436985,1.0018010534208712,0.0024863523913415757,0.9972458313639166,0.9501366628539407,567.6095868527857,597.3978365889468,0.001381141755810649,4.4953465881124224e-06,0.0013702409766640788,0.001284818946557838,0.001465210873521059,0.9986188582441894,4.495346588112467e-06,0.998629759023336,0.9985347891264789,0.9987151810534421,1.0016916012061847,0.00010977644843317377,1.0017049065731407,0.9993642502579512,1.0040407378720637,0.0026910408443999436,4.021902895109158e-05,0.0024839221467979574,0.0017714727800998897,0.0034451791922310657,0.9969779180140327,4.771188147674289e-05,0.9972486645288792,0.9961117720492334,0.9980694367129284,0.9496131923920399,0.00039033681136252304,0.9501610389964635,0.941304362979261,0.9579111325156469,567.7979983250967,0.2429490681663331,567.7243905100862,562.5642967247827,573.2008100462755,598.0822988368152,0.4393016386058359,597.1277432478382,588.5856142752634,608.2783230970449
100,1000,1000,20,7.943282347242822e-05,260.66644986748895,24.36486590613012,0.9995786931893617,0.1,13.177044300762265,36.36757019090955,0.03861153116479738,0.005951664941137791,0.9940483350588623,1.0055657135269787,0.050874357544130396,0.9151765297877992,0.7744465527992747,494.7572413462926,638.8526613721353,0.005975322344320943,2.876358724263684e-05,0.00594041518719632,0.005332647228763182,0.0065505822244928315,0.994024677655679,2.8763587242636828e-05,0.9940595848128038,0.9934494177755071,0.9946673527712369,1.0050665021475211,0.0003139322964725897,1.0051234076604882,0.9983913427492092,1.0118359968273196,0.05170310849925272,0.0004722637533331001,0.050393090635253504,0.041317901305380995,0.06104838433115782,0.9113029543591847,0.0010591794467996979,0.9162105131280159,0.8923097964830367,0.9349100721063495,0.7750135943062941,0.001041782637282491,0.7755159457020735,0.7529202922456332,0.7967319471601448,494.8083989656648,0.5906896183536394,495.46466483992526,482.63267460782413,507.0749466415408,639.3302275798819,0.9873024859176773,637.0785889428778,617.5868342340502,658.0816447554487
100,1000,1000,20,7.943282347242822e-05,260.66644986748895,24.36486590613012,0.9995786931893617,1.0,41.66947281934957,148.39817889675632,0.15301129859595375,0.023616075968195867,0.9763839240318042,1.0090198323834223,0.3515244170239357,-1.1210089876336102,0.4071050539733571,361.3774213274129,887.6760870452449,0.023564741870520437,0.00015588356224213842,0.023174281458273015,0.020029876846952545,0.02640471317964762,0.9764352581294795,0.0001558835622421384,0.976825718541727,0.9735952868203523,0.9799701231530474,1.01120263070299,0.00101304538793696,1.010321403297444,0.9888800445753364,1.0310228452480463,0.34852578688864044,0.0024077476586815438,0.3471703698442342,0.29386296802389816,0.4015466570028331,-1.372689789781154,0.04449737042413271,-1.0573418685394134,-1.9923197756847197,-0.40148050097184046,0.41322501369722087,0.002055511485124627,0.4107883518879816,0.36632291536230843,0.4579087092239088,361.79942831056576,1.144124863002944,362.3103971406125,336.76077189360456,387.09381133718716,886.8883473679131,2.899419884388922,878.9454285088484,823.0883549869415,943.5442858404678
100,1000,1000,20,7.943282347242822e-05,260.66644986748895,24.36486590613012,0.9995786931893617,10.0,131.77044300762265,814.1684814475695,0.8224732315510441,0.07287725330833356,0.9271227466916665,1.0136897401995162,0.7609365177290358,-45.67459848412625,0.1276832469056691,179.04415551690252,1402.252526121757,0.07374958614734353,0.0007168411296149122,0.0697687334440313,0.05791497318424818,0.08635633202574258,0.9262504138526565,0.0007168411296149122,0.9302312665559687,0.9136436679742574,0.9420850268157518,1.0371445421262195,0.0035729628618482796,1.025791071999806,0.9586211730107499,1.1040258282378974,0.7407046327469033,0.0032359778495330196,0.7548679978629345,0.6785624432199702,0.8139969865466046,-81.45654484610829,6.105173086461137,-42.87443392499327,-84.13443489663422,-20.843910308094515,0.1415670108438489,0.001949676155788756,0.1311686040989903,0.09778219160688635,0.1762510266277661,179.19295023875503,1.3733625167730694,178.8302645060894,150.87469950059065,207.46277277758767,1399.5081391726821,12.37467602256068,1352.7127092055339,1127.1590701218654,1622.670984561916
100,1000,1000,21,0.0001,302.26704269324495,21.464399729494918,0.9995786931893617,0.01,4.166947281934958,7.68624610039773,0.008399506886244175,0.001374976356301492,0.9986250236436985,1.0018010534208712,0.00371561044151188,0.9957863533632301,0.939044192717085,567.6095868527857,604.4546052837313,0.001381141755810649,4.4953465881124224e-06,0.0013702409766640788,0.001284818946557838,0.001465210873521059,0.9986188582441894,4.495346588112467e-06,0.998629759023336,0.9985347891264789,0.9987151810534421,1.0016916012061847,0.00010977644843317377,1.0017049065731407,0.9993642502579512,1.0040407378720637,0.003939865334055507,4.958591232547178e-05,0.003732574544351597,0.002814969439064052,0.004925772591109039,0.995477086878839,6.0863182850474e-05,0.9957658620232042,0.9943025544127693,0.9968607537860852,0.9384899579232899,0.000395647057832147,0.9389052021325951,0.9298161515380303,0.9469437234423774,567.7979983250967,0.2429490681663331,567.7243905100862,562.5642967247827,573.2008100462755,605.169287549522,0.43862986397862125,604.2396251771596,595.6401301778154,615.146339139542
100,1000,1000,21,0.0001,302.26704269324495,21.464399729494918,0.9995786931893617,0.1,13.177044300762265,36.36757019090955,0.03861153116479738,0.005951664941137791,0.9940483350588623,1.0055657135269787,0.06775493471328882,0.8761696535707112,0.7397022191541218,494.7572413462926,668.8600203363817,0.005975322344320943,2.876358724263684e-05,0.00594041518719632,0.005332647228763182,0.0065505822244928315,0.994024677655679,2.8763587242636828e-05,0.9940595848128038,0.9934494177755071,0.9946673527712369,1.0050665021475211,0.0003139322964725897,1.0051234076604882,0.9983913427492092,1.0118359968273196,0.06873567613356617,0.0005754132581102234,0.0672416940469262,0.056028853716866375,0.07987097952601034,0.8705018115024417,0.001488207506490643,0.8774352096825853,0.8448027977297279,0.9038330272339623,0.7401411637464944,0.0011001234595108423,0.7406899658908737,0.717385460623807,0.7632958546534958,494.8083989656648,0.5906896183536394,495.46466483992526,482.63267460782413,507.0749466415408,669.5790999786866,1.027784739861652,667.8776352998109,646.5833843092075,690.412687912147
100,1000,1000,21,0.0001,302.26704269324495,21.464399729494918,0.9995786931893617,1.0,41.66947281934957,148.39817889675632,0.15301129859595375,0.023616075968195867,0.9763839240318042,1.0090198323834223,0.40849497052144057,-2.1368941728624815,0.3608638873280273,361.3774213274129,1001.4230684128245,0.023564741870520437,0.00015588356224213842,0.023174281458273015,0.020029876846952545,0.02640471317964762,0.9764352581294795,0.0001558835622421384,0.976825718541727,0.9735952868203523,0.9799701231530474,1.01120263070299,0.00101304538793696,1.010321403297444,0.9888800445753364,1.0310228452480463,0.4039755572217294,0.0025029438468024113,0.403599497836396,0.34688522501217933,0.46020618123561696,-2.5193779849501587,0.06678948074062434,-2.034357422958175,-3.4491786696105575,-1.0532355915832285,0.36752581174490945,0.0019889480453548353,0.3647051883425158,0.3216150216522459,0.41103042234933956,361.79942831056576,1.144124863002944,362.3103971406125,336.76077189360456,387.09381133718716,1000.5120655990106,3.590270407573274,988.8405332057633,921.962168191966,1071.846699095071
100,1000,1000,21,0.0001,302.26704269324495,21.464399729494918,0.9995786931893617,10.0,131.77044300762265,814.1684814475695,0.8224732315510441,0.07287725330833356,0.9271227466916665,1.0136897401995162,0.8007820712949527,-71.44588402357194,0.10513572465152424,179.04415551690252,1702.9811332955585,0.07374958614734353,0.0007168411296149122,0.0697687334440313,0.05791497318424818,0.08635633202574258,0.9262504138526565,0.0007168411296149122,0.9302312665559687,0.9136436679742574,0.9420850268157518,1.0371445421262195,0.0035729628618482796,1.025791071999806,0.9586211730107499,1.1040258282378974,0.7816202450190255,0.0028615763041315925,0.7959413403712715,0.7288841966621091,0.8466342211579674,-126.68697658276314,9.41343532268973,-67.43600951043298,-131.70870939105413,-33.076108691725125,0.11748674359033602,0.0016713439714514282,0.10784455392234896,0.07987271591479488,0.1462528507950722,179.19295023875503,1.3733625167730694,178.8302645060894,150.87469950059065,207.46277277758767,1699.7367111407086,15.5341461282747,1641.7255260469267,1355.5857384554947,1981.370953751119
100,1000,1000,22,0.00012589254117941674,354.63907226512964,19.18408573681273,0.9995786931893617,0.01,4.166947281934958,7.68624610039773,0.008399506886244175,0.001374976356301492,0.9986250236436985,1.0018010534208712,0.005558815129757633,0.9935094228746923,0.9254425380678927,567.6095868527857,613.3385526429568,0.001381141755810649,4.4953465881124224e-06,0.0013702409766640788,0.001284818946557838,0.001465210873521059,0.9986188582441894,4.495346588112467e-06,0.998629759023336,0.9985347891264789,0.9987151810534421,1.0016916012061847,0.00010977644843317377,1.0017049065731407,0.9993642502579512,1.0040407378720637,0.00581156204905872,6.20895430031829e-05,0.005529204899275011,0.004396214371317387,0.007071443240087276,0.9931380292008873,7.95890444838185e-05,0.9935467696847425,0.9915704530090268,0.9949572451421981,0.9248560014629823,0.00040633316326254713,0.9256413764556934,0.9159081263997275,0.9336960568726488,567.7979983250967,0.2429490681663331,567.7243905100862,562.5642967247827,573.2008100462755,614.091280005838,0.4396371431473913,613.068934012588,604.4941587062333,623.8804773415254
100,1000,1000,22,0.00012589254117941674,354.63907226512964,19.18408573681273,0.9995786931893617,0.1,13.177044300762265,36.36757019090955,0.03861153116479738,0.005951664941137791,0.9940483350588623,1.0055657135269787,0.08990550426202887,0.816601935425898,0.7001575342583561,494.7572413462926,706.6370311509475,0.005975322344320943,2.876358724263684e-05,0.00594041518719632,0.005332647228763182,0.0065505822244928315,0.994024677655679,2.8763587242636828e-05,0.9940595848128038,0.9934494177755071,0.9946673527712369,1.0050665021475211,0.0003139322964725897,1.0051234076604882,0.9983913427492092,1.0118359968273196,0.0910371402027613,0.0007030521196049452,0.08953581727633293,0.07507167816307853,0.10423469823916975,0.8080389698859053,0.0021574444115796685,0.8176775906961175,0.7726747514303884,0.8575726154901897,0.7005417657726032,0.0011675912921893681,0.7007746380667746,0.6771460127167209,0.7260078971713007,494.8083989656648,0.5906896183536394,495.46466483992526,482.63267460782413,507.0749466415408,707.6601584238504,1.1049997297892344,705.87596232858,682.6820018013591,729.9849754017763
100,1000,1000,22,0.00012589254117941674,354.63907226512964,19.18408573681273,0.9995786931893617,1.0,41.66947281934957,148.39817889675632,0.15301129859595375,0.023616075968195867,0.9763839240318042,1.0090198323834223,0.46824224580844476,-3.6975638595421456,0.315717714821986,361.3774213274129,1144.6219339677268,0.023564741870520437,0.00015588356224213842,0.023174281458273015,0.020029876846952545,0.02640471317964762,0.9764352581294795,0.0001558835622421384,0.976825718541727,0.9735952868203523,0.9799701231530474,1.01120263070299,0.00101304538793696,1.010321403297444,0.9888800445753364,1.0310228452480463,0.4622173018138237,0.002538483854039932,0.46456803436332916,0.4039854115075422,0.5192663813369938,-4.284317030528607,0.10138365313763327,-3.5822856443888105,-5.651839527042415,-2.0423228023317375,0.32276058194557355,0.0018888197603828356,0.3184077219272441,0.27939859748603535,0.3644015328149592,361.79942831056576,1.144124863002944,362.3103971406125,336.76077189360456,387.09381133718716,1143.5557521100104,4.502415392816926,1128.1617859376402,1044.5903659183487,1230.0006134531877
100,1000,1000,22,0.00012589254117941674,354.63907226512964,19.18408573681273,0.9995786931893617,10.0,131.77044300762265,814.1684814475695,0.8224732315510441,0.07287725330833356,0.9271227466916665,1.0136897401995162,0.8353708428953788,-111.91286448480002,0.08601376219585304,179.04415551690252,2081.5756798222546,0.07374958614734353,0.0007168411296149122,0.0697687334440313,0.05791497318424818,0.08635633202574258,0.9262504138526565,0.0007168411296149122,0.9302312665559687,0.9136436679742574,0.9420850268157518,1.0371445421262195,0.0035729628618482796,1.025791071999806,0.9586211730107499,1.1040258282378974,0.8177821446064961,0.0024901145814440646,0.8313580209743978,0.7734509606947716,0.8746143435133104,-197.64068264007346,14.593332209989134,-105.84074442316096,-207.34183968120837,-52.232246340189434,0.09679495401654259,0.001415907592615979,0.08821163755443848,0.06479181846337301,0.1205393922122873,179.19295023875503,1.3733625167730694,178.8302645060894,150.87469950059065,207.46277277758767,2077.701761097443,19.518044311054506,2010.4471367289534,1644.0538369123074,2434.5479631753537
100,1000,1000,23,0.00015848931924611142,420.5715316035505,17.39940818502503,0.9995786931893617,0.01,4.166947281934958,7.68624610039773,0.008399506886244175,0.001374976356301492,0.9986250236436985,1.0018010534208712,0.008304803713519979,0.9899462866099396,0.9088693042190504,567.6095868527857,624.5227825583861,0.001381141755810649,4.4953465881124224e-06,0.0013702409766640788,0.001284818946557838,0.001465210873521059,0.9986188582441894,4.495346588112467e-06,0.998629759023336,0.9985347891264789,0.9987151810534421,1.0016916012061847,0.00010977644843317377,1.0017049065731407,0.9993642502579512,1.0040407378720637,0.008597826802393871,7.912987077611355e-05,0.008273670089472707,0.00682086872049223,0.010232384828154736,0.9894807247935113,0.00010713341857962782,0.9899877440743692,0.9873349328398021,0.9918957770147971,0.9082511804089959,0.0004244538456868556,0.9090402833242878,0.8988447498736309,0.9174114500934468,567.7979983250967,0.2429490681663331,567.7243905100862,562.5642967247827,573.2008100462755,625.3234063529682,0.44381681706399123,624.2931305989559,615.6057227017076,634.7860209146867
100,1000,1000,23,0.00015848931924611142,420.5715316035505,17.39940818502503,0.9995786931893617,0.1,13.177044300762265,36.36757019090955,0.03861153116479738,0.005951664941137791,0.9940483350588623,1.0055657135269787,0.1183314137366237,0.7250311178906317,0.6560066661450782,494.7572413462926,754.1954478201526,0.005975322344320943,2.876358724263684e-05,0.00594041518719632,0.005332647228763182,0.0065505822244928315,0.994024677655679,2.8763587242636828e-05,0.9940595848128038,0.9934494177755071,0.9946673527712369,1.0050665021475211,0.0003139322964725897,1.0051234076604882,0.9983913427492092,1.0118359968273196,0.11957103514637,0.0008534746427707171,0.11802845332802143,0.10035843212087699,0.1361469435396853,0.7118149808203196,0.003206677911425971,0.7261031891910523,0.6580809225144878,0.7849939494641468,0.6564268281184169,0.0012369481599276892,0.6564473064211322,0.6310191043058577,0.6832060404376799,494.8083989656648,0.5906896183536394,495.46466483992526,482.63267460782413,507.0749466415408,755.6013487083131,1.2355518602665418,752.9422027301353,728.9794056843209,782.05044700123
100,1000,1000,23,0.00015848931924611142,420.5715316035505,17.39940818502503,0.9995786931893617,1.0,41.66947281934957,148.39817889675632,0.15301129859595375,0.023616075968195867,0.9763839240318042,1.0090198323834223,0.5288800916915996,-6.108867128600386,0.2727585739992533,361.3774213274129,1324.89848450521,0.023564741870520437,0.00015588356224213842,0.023174281458273015,0.020029876846952545,0.02640471317964762,0.9764352581294795,0.0001558835622421384,0.976825718541727,0.9735952868203523,0.9799701231530474,1.01120263070299,0.00101304538793696,1.010321403297444,0.9888800445753364,1.0310228452480463,0.5215336334632042,0.0025090542719900825,0.5247665494769007,0.4645569745586904,0.5783037139337291,-7.015538821522077,0.15528105419184185,-5.909270949097671,-9.07883174187133,-3.5819446079808515,0.2799709441698629,0.0017592291239847857,0.27559228159654936,0.23953717226342916,0.31841584093597963,361.79942831056576,1.144124863002944,362.3103971406125,336.76077189360456,387.09381133718716,1323.636943875353,5.684926539715246,1303.6857639198433,1196.6268995528696,1430.6180202406626
100,1000,1000,23,0.00015848931924611142,420.5715316035505,17.39940818502503,0.9995786931893617,10.0,131.77044300762265,814.1684814475695,0.8224732315510441,0.07287725330833356,0.9271227466916665,1.0136897401995162,0.8649215719461189,-175.57311168642266,0.06998840225182207,179.04415551690252,2558.197497818166,0.07374958614734353,0.0007168411296149122,0.0697687334440313,0.05791497318424818,0.08635633202574258,0.9262504138526565,0.0007168411296149122,0.9302312665559687,0.9136436679742574,0.9420850268157518,1.0371445421262195,0.0035729628618482796,1.025791071999806,0.9586211730107499,1.1040258282378974,0.8491948254304315,0.00213578095833374,0.8615057386820975,0.8128003809821861,0.8977904638823523,-309.1735239046829,22.723164598218276,-165.98858617730934,-324.9539973083651,-82.86708080058284,0.07924633061643745,0.0011869771108991047,0.07182666565337706,0.05248194659050781,0.09844557525008024,179.19295023875503,1.3733625167730694,178.8302645060894,150.87469950059065,207.46277277758767,2553.5311046283414,24.538556283312648,2465.4848417651183,2004.7430667559352,3003.4613236802934
100,1000,1000,24,0.0001995262314968881,503.57555258461167,16.004974913518357,0.9995786931893617,0.01,4.166947281934958,7.68624610039773,0.008399506886244175,0.001374976356301492,0.9986250236436985,1.0018010534208712,0.012358708652573016,0.9843564461963442,0.8888302709701377,567.6095868527857,638.6028979787704,0.001381141755810649,4.4953465881124224e-06,0.0013702409766640788,0.001284818946557838,0.001465210873521059,0.9986188582441894,4.495346588112467e-06,0.998629759023336,0.9985347891264789,0.9987151810534421,1.0016916012061847,0.00010977644843317377,1.0017049065731407,0.9993642502579512,1.0040407378720637,0.012706658890970652,0.00010267994310841681,0.012303137514369336,0.010419961960394915,0.014704272090816282,0.9837470472356535,0.0001488502323420467,0.9844355522015478,0.9809575028921609,0.9870762330846667,0.8881848231249228,0.00045191740473958845,0.889080490885155,0.8787388269564667,0.8979217850993093,567.7979983250967,0.2429490681663331,567.7243905100862,562.5642967247827,573.2008100462755,639.4638205033299,0.45355171417072804,638.405783121639,629.664416993495,648.9059540601987
100,1000,1000,24,0.0001995262314968881,503.57555258461167,16.004974913518357,0.9995786931893617,0.1,13.177044300762265,36.36757019090955,0.03861153116479738,0.005951664941137791,0.9940483350588623,1.0055657135269787,0.15385286842131793,0.5834735772647974,0.6077591703795767,494.7572413462926,814.0679161406835,0.005975322344320943,2.876358724263684e-05,0.00594041518719632,0.005332647228763182,0.0065505822244928315,0.994024677655679,2.8763587242636828e-05,0.9940595848128038,0.9934494177755071,0.9946673527712369,1.0050665021475211,0.0003139322964725897,1.0051234076604882,0.9983913427492092,1.0118359968273196,0.15510539581352412,0.0010204052453897231,0.15373147615489025,0.13221939064280935,0.1750742685103767,0.5628011983915621,0.004856279610586185,0.584014069952906,0.48239130778701844,0.6735159426874358,0.6083125496483526,0.0012992401916603106,0.6079139504359488,0.5815812284401178,0.6363801697435376,494.8083989656648,0.5906896183536394,495.46466483992526,482.63267460782413,507.0749466415408,815.9557009232808,1.437696349759867,813.3314811760044,784.6151066070616,845.0841855161682
100,1000,1000,24,0.0001995262314968881,503.57555258461167,16.004974913518357,0.9995786931893617,1.0,41.66947281934957,148.39817889675632,0.15301129859595375,0.023616075968195867,0.9763839240318042,1.0090198323834223,0.5884909985429561,-9.852229401648065,0.2328683303741423,361.3774213274129,1551.8530181703927,0.023564741870520437,0.00015588356224213842,0.023174281458273015,0.020029876846952545,0.02640471317964762,0.9764352581294795,0.0001558835622421384,0.976825718541727,0.9735952868203523,0.9799701231530474,1.01120263070299,0.00101304538793696,1.010321403297444,0.9888800445753364,1.0310228452480463,0.5801492196307424,0.002416760983792525,0.5845579323330385,0.5254767161800893,0.6353651350849273,-11.26112009307725,0.23952775439032786,-9.545846777240666,-14.433015181112363,-5.943289406354079,0.2400204895578874,0.0016071547172548473,0.2354361177187486,0.20290205887722573,0.275102276113345,361.79942831056576,1.144124863002944,362.3103971406125,336.76077189360456,387.09381133718716,1550.3455355124993,7.200584546612094,1528.7100405225844,1390.9455832108868,1682.7262517549857
100,1000,1000,24,0.0001995262314968881,503.57555258461167,16.004974913518357,0.9995786931893617,10.0,131.77044300762265,814.1684814475695,0.8224732315510441,0.07287725330833356,0.9271227466916665,1.0136897401995162,0.8898312459641674,-275.8690129833704,0.056691330494536694,179.04415551690252,3158.2281444983355,0.07374958614734353,0.0007168411296149122,0.0697687334440313,0.05791497318424818,0.08635633202574258,0.9262504138526565,0.0007168411296149122,0.9302312665559687,0.9136436679742574,0.9420850268157518,1.0371445421262195,0.0035729628618482796,1.025791071999806,0.9586211730107499,1.1040258282378974,0.8760735701287197,0.0018086682755027554,0.8869142827018833,0.8459401965633695,0.9171634345536179,-484.78134458840435,35.50767303029589,-260.4916532491759,-511.25877915467225,-130.3561488856751,0.06453092586834208,0.000985978511735351,0.05823873373828364,0.04231349919413172,0.08024992721550406,179.19295023875503,1.3733625167730694,178.8302645060894,150.87469950059065,207.46277277758767,3152.564105908011,30.863056449913984,3037.198051588255,2460.112804184538,3722.516976087673
100,1000,1000,25,0.0002511886431509582,608.0713851051966,14.91534160189096,0.9995786931893617,0.01,4.166947281934958,7.68624610039773,0.008399506886244175,0.001374976356301492,0.9986250236436985,1.0018010534208712,0.01827223851508205,0.9755693440260839,0.8648251557608367,567.6095868527857,656.3287192466397,0.001381141755810649,4.4953465881124224e-06,0.0013702409766640788,0.001284818946557838,0.001465210873521059,0.9986188582441894,4.495346588112467e-06,0.998629759023336,0.9985347891264789,0.9987151810534421,1.0016916012061847,0.00010977644843317377,1.0017049065731407,0.9993642502579512,1.0040407378720637,0.018691831336571825,0.0001352837384651781,0.018243194829857784,0.015702719409286976,0.021262606249234615,0.9747387883387157,0.00021343463905903163,0.9756142370886564,0.9708583110900677,0.9794757622096996,0.8641617193448304,0.0004899315034750497,0.864932632044365,0.8541829806129041,0.8746895084437835,567.7979983250967,0.2429490681663331,567.7243905100862,562.5642967247827,573.2008100462755,657.2655543558826,0.4724240890923451,656.0689155680786,647.1368945596332,666.994699128036
100,1000,1000,25,0.0002511886431509582,608.0713851051966,14.91534160189096,0.9995786931893617,0.1,13.177044300762265,36.36757019090955,0.03861153116479738,0.005951664941137791,0.9940483350588623,1.0055657135269787,0.19690941383799399,0.36361746495325453,0.5562552379599349,494.7572413462926,889.4428449084162,0.005975322344320943,2.876358724263684e-05,0.00594041518719632,0.005332647228763182,0.0065505822244928315,0.994024677655679,2.8763587242636828e-05,0.9940595848128038,0.9934494177755071,0.9946673527712369,1.0050665021475211,0.0003139322964725897,1.0051234076604882,0.9983913427492092,1.0118359968273196,0.19802988024101498,0.0011927730826740961,0.1963727218639808,0.1715144400097651,0.2221576819500153,0.33102519027745336,0.00745419456182912,0.36673057395468983,0.20511895410242678,0.5002903439578371,0.5570306241217592,0.0013452962860106025,0.5568603812752495,0.5286639589668843,0.585857016900081,494.8083989656648,0.5906896183536394,495.46466483992526,482.63267460782413,507.0749466415408,891.9372862282677,1.7303291786535906,887.5180058426648,854.3332478467212,928.1823956713175
100,1000,1000,25,0.0002511886431509582,608.0713851051966,14.91534160189096,0.9995786931893617,1.0,41.66947281934957,148.39817889675632,0.15301129859595375,0.023616075968195867,0.9763839240318042,1.0090198323834223,0.6453546344274358,-15.686487629457254,0.19666032437863762,361.3774213274129,1837.5715715369165,0.023564741870520437,0.00015588356224213842,0.023174281458273015,0.020029876846952545,0.02640471317964762,0.9764352581294795,0.0001558835622421384,0.976825718541727,0.9735952868203523,0.9799701231530474,1.01120263070299,0.00101304538793696,1.010321403297444,0.9888800445753364,1.0310228452480463,0.6364286652405492,0.002270352937084773,0.641909020594444,0.5850476600124409,0.6886893535786558,-17.8852761641863,0.37156768245413263,-15.240816729843003,-22.794543264463307,-9.583450789626287,0.2035366864004987,0.0014411565712699808,0.1988077658541309,0.17012690521257276,0.23511591963843864,361.79942831056576,1.144124863002944,362.3103971406125,336.76077189360456,387.09381133718716,1835.7544663378333,9.12973355653006,1807.4111624634752,1627.2953065545928,2006.121140724762
100,1000,1000,25,0.0002511886431509582,608.0713851051966,14.91534160189096,0.9995786931893617,10.0,131.77044300762265,814.1684814475695,0.8224732315510441,0.07287725330833356,0.9271227466916665,1.0136897401995162,0.9105950163120391,-434.0733770289079,0.04574897625832279,179.04415551690252,3913.6210284996328,0.07374958614734353,0.0007168411296149122,0.0697687334440313,0.05791497318424818,0.08635633202574258,0.9262504138526565,0.0007168411296149122,0.9302312665559687,0.9136436679742574,0.9420850268157518,1.0371445421262195,0.0035729628618482796,1.025791071999806,0.9586211730107499,1.1040258282378974,0.8987762082080198,0.0015148169929896289,0.9082378464797517,0.8742243457314112,0.9330650120026365,-761.6406930934595,55.64333485638809,-410.41842784245205,-803.9185694099948,-205.9147936537681,0.05230987514056867,0.0008125858401935253,0.046984865659262895,0.034047096474799476,0.06500034993172903,179.19295023875503,1.3733625167730694,178.8302645060894,150.87469950059065,207.46277277758767,3906.701058182827,38.82835253136417,3764.3194264969407,3031.8032167740444,4618.36593943954
100,1000,1000,26,0.00031622776601683794,739.6237895297222,14.06293037245371,0.9995786931893617,0.01,4.166947281934958,7.68624610039773,0.008399506886244175,0.001374976356301492,0.9986250236436985,1.0018010534208712,0.02676902687357143,0.961733614469191,0.8363875711519096,567.6095868527857,678.6442152303255,0.001381141755810649,4.4953465881124224e-06,0.0013702409766640788,0.001284818946557838,0.001465210873521059,0.9986188582441894,4.495346588112467e-06,0.998629759023336,0.9985347891264789,0.9987151810534421,1.0016916012061847,0.00010977644843317377,1.0017049065731407,0.9993642502579512,1.0040407378720637,0.027276894190674868,0.0001798638701070374,0.026756697446963986,0.023310678060231103,0.03062271561218734,0.960561121769618,0.0003148076557141298,0.9617546855548517,0.9550086593546845,0.9675317910675816,0.8357220849273526,0.0005384707613415258,0.8364252548285835,0.8250065274951549,0.847321660923418,567.7979983250967,0.2429490681663331,567.7243905100862,562.5642967247827,573.2008100462755,679.6766200067747,0.5054216343928876,678.8416245678209,668.4076186561524,690.3413441736024
100,1000,1000,26,0.00031622776601683794,739.6237895297222,14.06293037245371,0.9995786931893617,0.1,13.177044300762265,36.36757019090955,0.03861153116479738,0.005951664941137791,0.9940483350588623,1.0055657135269787,0.24737555948977535,0.020831083076819468,0.5026313645898293,494.7572413462926,984.3341983842129,0.005975322344320943,2.876358724263684e-05,0.00594041518719632,0.005332647228763182,0.0065505822244928315,0.994024677655679,2.8763587242636828e-05,0.9940595848128038,0.9934494177755071,0.9946673527712369,1.0050665021475211,0.0003139322964725897,1.0051234076604882,0.9983913427492092,1.0118359968273196,0.24818867588557067,0.0013557629709595174,0.24669598185787883,0.21818125884655426,0.2759796383492733,-0.030782045119796528,0.011550485859199815,0.02617170963678772,-0.22491924350546405,0.23171208629343432,0.5036926494038779,0.0013673182471603568,0.5033150143312264,0.47466235781408106,0.5329012329886496,494.8083989656648,0.5906896183536394,495.46466483992526,482.63267460782413,507.0749466415408,987.5923759673756,2.1335995156756415,982.7664613330644,942.2835250867188,1031.1022288732647
100,1000,1000,26,0.00031622776601683794,739.6237895297222,14.06293037245371,0.9995786931893617,1.0,41.66947281934957,148.39817889675632,0.15301129859595375,0.023616075968195867,0.9763839240318042,1.0090198323834223,0.6981160836559348,-24.809065613267673,0.16446658734917444,361.3774213274129,2197.2695314713533,0.023564741870520437,0.00015588356224213842,0.023174281458273015,0.020029876846952545,0.02640471317964762,0.9764352581294795,0.0001558835622421384,0.976825718541727,0.9735952868203523,0.9799701231530474,1.01120263070299,0.00101304538793696,1.010321403297444,0.9888800445753364,1.0310228452480463,0.6890335266485087,0.002083166401316485,0.6946777740276565,0.6428823920587917,0.7369460733945625,-28.252120773088922,0.5789684013490544,-24.05047527046954,-35.78329212279969,-15.365222907602856,0.17089070041374782,0.0012700035027510643,0.1665266829826707,0.1415443677889214,0.198200528950164,361.79942831056576,1.144124863002944,362.3103971406125,336.76077189360456,387.09381133718716,2195.062634758158,11.57475867767669,2158.8357414090315,1933.317168147059,2415.231052515197
100,1000,1000,26,0.00031622776601683794,739.6237895297222,14.06293037245371,0.9995786931893617,10.0,131.77044300762265,814.1684814475695,0.8224732315510441,0.07287725330833356,0.9271227466916665,1.0136897401995162,0.927743640914208,-683.8610925276705,0.03680550203284073,179.04415551690252,4864.602997593823,0.07374958614734353,0.0007168411296149122,0.0697687334440313,0.05791497318424818,0.08635633202574258,0.9262504138526565,0.0007168411296149122,0.9302312665559687,0.9136436679742574,0.9420850268157518,1.0371445421262195,0.0035729628618482796,1.025791071999806,0.9586211730107499,1.1040258282378974,0.9177411732473215,0.0012567749152055348,0.925777432220708,0.8979448010265659,0.946053190138386,-1198.5945019174958,87.39703356923738,-646.0091979936558,-1263.9914491927643,-326.0235271154271,0.04224267500172249,0.0006652234073204138,0.037826714639734624,0.027347344196567962,0.05240050633823367,179.19295023875503,1.3733625167730694,178.8302645060894,150.87469950059065,207.46277277758767,4856.101944437584,48.85862469344827,4684.150153491268,3755.1293606132867,5758.8304561288605
100,1000,1000,27,0.00039810717055349735,905.2383776984708,13.39501400961923,0.9995786931893617,0.01,4.166947281934958,7.68624610039773,0.008399506886244175,0.001374976356301492,0.9986250236436985,1.0018010534208712,0.03875374194523698,0.9399198778020011,0.803140298828742,567.6095868527857,706.7377738118208,0.001381141755810649,4.4953465881124224e-06,0.0013702409766640788,0.001284818946557838,0.001465210873521059,0.9986188582441894,4.495346588112467e-06,0.998629759023336,0.9985347891264789,0.9987151810534421,1.0016916012061847,0.00010977644843317377,1.0017049065731407,0.9993642502579512,1.0040407378720637,0.03936245711527792,0.00023928504430183062,0.03885707939059975,0.034013353112879646,0.043799542966746055,0.9382162435237121,0.00047507327263329724,0.939720307304153,0.9299468174484125,0.9488643396521195,0.8024964318495756,0.0005959470076815126,0.8028780088916103,0.7907165965990538,0.8155729056996415,567.7979983250967,0.2429490681663331,567.7243905100862,562.5642967247827,573.2008100462755,707.8904956265476,0.5588766359202771,707.1462327201982,695.6468325306712,719.388745770583
100,1000,1000,27,0.00039810717055349735,905.2383776984708,13.39501400961923,0.9995786931893617,0.1,13.177044300762265,36.36757019090955,0.03861153116479738,0.005951664941137791,0.9940483350588623,1.0055657135269787,0.3044470380447011,-0.5153204268794283,0.44823280448661956,494.7572413462926,1103.7952519181622,0.005975322344320943,2.876358724263684e-05,0.00594041518719632,0.005332647228763182,0.0065505822244928315,0.994024677655679,2.8763587242636828e-05,0.9940595848128038,0.9934494177755071,0.9946673527712369,1.0050665021475211,0.0003139322964725897,1.0051234076604882,0.9983913427492092,1.0118359968273196,0.3047819444226817,0.0014931530818678034,0.30319796722910086,0.27238398102458566,0.33649714479948134,-0.597242076549237,0.018015443993968115,-0.5015030584229639,-0.9083411476864759,-0.19165840665683176,0.44960597665098145,0.0013602256055742215,0.4493658549725441,0.41991626158587053,0.47809582097767495,494.8083989656648,0.5906896183536394,495.46466483992526,482.63267460782413,507.0749466415408,1108.014917814868,2.6709100073296232,1100.9214727036783,1051.1887982386925,1161.5517929891034
100,1000,1000,27,0.00039810717055349735,905.2383776984708,13.39501400961923,0.9995786931893617,1.0,41.66947281934957,148.39817889675632,0.15301129859595375,0.023616075968195867,0.9763839240318042,1.0090198323834223,0.7458678398092952,-39.11113919591546,0.13636359513433255,361.3774213274129,2650.1018909879717,0.023564741870520437,0.00015588356224213842,0.023174281458273015,0.020029876846952545,0.02640471317964762,0.9764352581294795,0.0001558835622421384,0.976825718541727,0.9735952868203523,0.9799701231530474,1.01120263070299,0.00101304538793696,1.010321403297444,0.9888800445753364,1.0310228452480463,0.7370128152567063,0.0018705092039325445,0.7422528070694001,0.6968436562356235,0.7800867936764981,-44.516607914822856,0.9053217916601548,-37.717821871389404,-56.20642826297478,-24.52501800609768,0.14221177322909334,0.0011015383137170064,0.13845906386082385,0.11677477751289106,0.16522838079282187,361.79942831056576,1.144124863002944,362.3103971406125,336.76077189360456,387.09381133718716,2647.4042760591046,14.665593368377918,2604.6002487969854,2315.2247019603046,2932.5057314930264
100,1000,1000,27,0.00039810717055349735,905.2383776984708,13.39501400961923,0.9995786931893617,10.0,131.77044300762265,814.1684814475695,0.8224732315510441,0.07287725330833356,0.9271227466916665,1.0136897401995162,0.9417996249560601,-1078.552545633234,0.0295363865883173,179.04415551690252,6061.816498153532,0.07374958614734353,0.0007168411296149122,0.0697687334440313,0.05791497318424818,0.08635633202574258,0.9262504138526565,0.0007168411296149122,0.9302312665559687,0.9136436679742574,0.9420850268157518,1.0371445421262195,0.0035729628618482796,1.025791071999806,0.9586211730107499,1.1040258282378974,0.9334375268079407,0.0010344054035504036,0.9401932500539241,0.9173820940044911,0.956641580163878,-1888.8043341273988,137.52282438798426,-1018.7415155908766,-1990.1014588245473,-514.1575550687243,0.03400592473733062,0.0005415409790522979,0.030364373096603815,0.02191944142854171,0.04219934622285773,179.19295023875503,1.3733625167730694,178.8302645060894,150.87469950059065,207.46277277758767,6051.325038242304,61.48801580628876,5830.174579823972,4667.165193848525,7193.114040748173
100,1000,1000,28,0.0005011872336272725,1113.7346834218893,12.87072123107175,0.9995786931893617,0.01,4.166947281934958,7.68624610039773,0.008399506886244175,0.001374976356301492,0.9986250236436985,1.0018010534208712,0.05528905626438572,0.9054914672877821,0.7648637495740274,567.6095868527857,742.1054889434913,0.001381141755810649,4.4953465881124224e-06,0.0013702409766640788,0.001284818946557838,0.001465210873521059,0.9986188582441894,4.495346588112467e-06,0.998629759023336,0.9985347891264789,0.9987151810534421,1.0016916012061847,0.00010977644843317377,1.0017049065731407,0.9993642502579512,1.0040407378720637,0.05600125489242442,0.00031565911478061376,0.05524448844377587,0.04899437313625266,0.06176173632324436,0.9029596159668586,0.0007292288355392544,0.9055910510290925,0.89063368282915,0.9191913218124994,0.7642730281995075,0.0006591541112187512,0.7649585388841336,0.7514809136105683,0.7786532798748669,567.7979983250967,0.2429490681663331,567.7243905100862,562.5642967247827,573.2008100462755,743.409683695883,0.640119904895228,742.0868872811901,729.2470582561318,756.4682849517883
100,1000,1000,28,0.0005011872336272725,1113.7346834218893,12.87072123107175,0.9995786931893617,0.1,13.177044300762265,36.36757019090955,0.03861153116479738,0.005951664941137791,0.9940483350588623,1.0055657135269787,0.3666493721598137,-1.3560890302389916,0.3944842098179325,494.7572413462926,1254.1876937853594,0.005975322344320943,2.876358724263684e-05,0.00594041518719632,0.005332647228763182,0.0065505822244928315,0.994024677655679,2.8763587242636828e-05,0.9940595848128038,0.9934494177755071,0.9946673527712369,1.0050665021475211,0.0003139322964725897,1.0051234076604882,0.9983913427492092,1.0118359968273196,0.3663795740557504,0.0015904252455522004,0.36502205769898943,0.3321354074003589,0.40039130958571173,-1.4862509958437657,0.028226681048340318,-1.3297156194861393,-1.9689036065293006,-0.8502171529391348,0.39615198177208877,0.001322457497164434,0.39582944654939195,0.3672351875694405,0.42368810277831664,494.8083989656648,0.5906896183536394,495.46466483992526,482.63267460782413,507.0749466415408,1259.6178036338285,3.3713614644366783,1253.5696145054303,1187.8147215345173,1326.266657851566
100,1000,1000,28,0.0005011872336272725,1113.7346834218893,12.87072123107175,0.9995786931893617,1.0,41.66947281934957,148.39817889675632,0.15301129859595375,0.023616075968195867,0.9763839240318042,1.0090198323834223,0.7881486681951039,-61.58169225986627,0.11222262464337163,361.3774213274129,3220.1832961563823,0.023564741870520437,0.00015588356224213842,0.023174281458273015,0.020029876846952545,0.02640471317964762,0.9764352581294795,0.0001558835622421384,0.976825718541727,0.9735952868203523,0.9799701231530474,1.01120263070299,0.00101304538793696,1.010321403297444,0.9888800445753364,1.0310228452480463,0.7798227816164631,0.0016472262105577478,0.7847405985562532,0.7449656460316785,0.8177247745659828,-70.0852680020062,1.419590626613525,-59.230995902590905,-88.25120878916837,-38.75762110911654,0.11742627361171891,0.0009419588058713093,0.11414414941455416,0.09571864194828679,0.13688609526932638,361.79942831056576,1.144124863002944,362.3103971406125,336.76077189360456,387.09381133718716,3216.867903892548,18.566638863750327,3160.7026165443485,2794.3071467150558,3581.717613645399
100,1000,1000,28,0.0005011872336272725,1113.7346834218893,12.87072123107175,0.9995786931893617,10.0,131.77044300762265,814.1684814475695,0.8224732315510441,0.07287725330833356,0.9271227466916665,1.0136897401995162,0.9532497981443004,-1702.590908428345,0.02365487754365237,179.04415551690252,7569.016376706961,0.07374958614734353,0.0007168411296149122,0.0697687334440313,0.05791497318424818,0.08635633202574258,0.9262504138526565,0.0007168411296149122,0.9302312665559687,0.9136436679742574,0.9420850268157518,1.0371445421262195,0.0035729628618482796,1.025791071999806,0.9586211730107499,1.1040258282378974,0.9463286292649635,0.0008457295184157711,0.9519789352033053,0.9333782857772245,0.96526215351429,-2979.797519039599,216.71444956718915,-1610.4006165449423,-3142.8102419739434,-811.9285815153864,0.027304636580141647,0.00043880724500798194,0.024305921385547477,0.017522441247655167,0.033884955839700664,179.19295023875503,1.3733625167730694,178.8302645060894,150.87469950059065,207.46277277758767,7556.019225865443,77.38907648852495,7278.737429562749,5814.43141876929,8998.11382542067
100,1000,1000,29,0.0006309573444801936,1376.2158293876614,12.458440316437429,0.9995786931893617,0.01,4.166947281934958,7.68624610039773,0.008399506886244175,0.001374976356301492,0.9986250236436985,1.0018010534208712,0.07752299912915141,0.8511074204702633,0.7215704772673138,567.6095868527857,786.6308347348147,0.001381141755810649,4.4953465881124224e-06,0.0013702409766640788,0.001284818946557838,0.001465210873521059,0.9986188582441894,4.495346588112467e-06,0.998629759023336,0.9985347891264789,0.9987151810534421,1.0016916012061847,0.00010977644843317377,1.0017049065731407,0.9993642502579512,1.0040407378720637,0.07832440732137648,0.00040944343107192794,0.07728154369824475,0.06929675893814263,0.08558756761582281,0.8472800354820532,0.001132679940530661,0.8517495300860889,0.828989181254404,0.8723372725715018,0.7210707502682216,0.0007234669099644462,0.7220044178523028,0.7074464840852828,0.7367572247359693,567.7979983250967,0.2429490681663331,567.7243905100862,562.5642967247827,573.2008100462755,788.1257265145573,0.7571367885190148,786.1137249797983,771.2926089708246,803.4936746976612
100,1000,1000,29,0.0006309573444801936,1376.2158293876614,12.458440316437429,0.9995786931893617,0.1,13.177044300762265,36.36757019090955,0.03861153116479738,0.005951664941137791,0.9940483350588623,1.0055657135269787,0.4319861014320558,-2.6773190302792425,0.3427435040777035,494.7572413462926,1443.5204036255811,0.005975322344320943,2.876358724263684e-05,0.00594041518719632,0.005332647228763182,0.0065505822244928315,0.994024677655679,2.8763587242636828e-05,0.9940595848128038,0.9934494177755071,0.9946673527712369,1.0050665021475211,0.0003139322964725897,1.0051234076604882,0.9983913427492092,1.0118359968273196,0.4310604817859776,0.0016377172819782928,0.4299689565728332,0.39563678893296716,0.46576719487856455,-2.8841942026802276,0.044365531344074505,-2.6275547148480376,-3.619591841271294,-1.8743590929016092,0.3446494122031015,0.0012560519602166295,0.34427981843779454,0.3175286294152922,0.3710033480384862,494.8083989656648,0.5906896183536394,495.46466483992526,482.63267460782413,507.0749466415408,1450.4743747982309,4.272144448870341,1443.6728045514205,1358.241927303813,1535.5261841938652
100,1000,1000,29,0.0006309573444801936,1376.2158293876614,12.458440316437429,0.9995786931893617,1.0,41.66947281934957,148.39817889675632,0.15301129859595375,0.023616075968195867,0.9763839240318042,1.0090198323834223,0.8248822452430199,-96.94745637550028,0.09176971794427602,361.3774213274129,3937.872202536863,0.023564741870520437,0.00015588356224213842,0.023174281458273015,0.020029876846952545,0.02640471317964762,0.9764352581294795,0.0001558835622421384,0.976825718541727,0.9735952868203523,0.9799701231530474,1.01120263070299,0.00101304538793696,1.010321403297444,0.9888800445753364,1.0310228452480463,0.817289306262485,0.0014259473018995166,0.8219607556508727,0.7875527920782758,0.8501653275827961,-110.34595164475665,2.2309151112951042,-93.26451949084611,-138.89604675987297,-61.16196380342022,0.096309203508353,0.0007955397427280288,0.09337948687580923,0.07795589716217477,0.11255828811051793,361.79942831056576,1.144124863002944,362.3103971406125,336.76077189360456,387.09381133718716,3933.7790750690847,23.48550308291542,3862.788443458244,3394.4742673978217,4392.178855891002
100,1000,1000,29,0.0006309573444801936,1376.2158293876614,12.458440316437429,0.9995786931893617,10.0,131.77044300762265,814.1684814475695,0.8224732315510441,0.07287725330833356,0.9271227466916665,1.0136897401995162,0.9625306850161826,-2689.728915657012,0.018913518074893342,179.04415551690252,9466.464927779556,0.07374958614734353,0.0007168411296149122,0.0697687334440313,0.05791497318424818,0.08635633202574258,0.9262504138526565,0.0007168411296149122,0.9302312665559687,0.9136436679742574,0.9420850268157518,1.0371445421262195,0.0035729628618482796,1.025791071999806,0.9586211730107499,1.1040258282378974,0.9568484872240611,0.0006876679356273338,0.96152531512009,0.9463987089686091,0.972203506135719,-4705.23296275067,341.9068360612956,-2546.960657431176,-4961.922794710755,-1281.0659993016109,0.021877741147991823,0.0003542025151350634,0.01942602771681736,0.013996193667144729,0.02716974505925289,179.19295023875503,1.3733625167730694,178.8302645060894,150.87469950059065,207.46277277758767,9450.313415670073,97.40858000934045,9102.365995893695,7261.72152337368,11267.067962136232
100,1000,1000,30,0.0007943282347242822,1706.6598013497735,12.133710921152236,0.9995786931893617,0.01,4.166947281934958,7.68624610039773,0.008399506886244175,0.001374976356301492,0.9986250236436985,1.0018010534208712,0.10655478490339924,0.7651427299248148,0.673572695836578,567.6095868527857,842.6849698053957,0.001381141755810649,4.4953465881124224e-06,0.0013702409766640788,0.001284818946557838,0.001465210873521059,0.9986188582441894,4.495346588112467e-06,0.998629759023336,0.9985347891264789,0.9987151810534421,1.0016916012061847,0.00010977644843317377,1.0017049065731407,0.9993642502579512,1.0040407378720637,0.10740821578697907,0.0005185038226800023,0.10622904449978007,0.09604677573771765,0.11705836170990502,0.7592835898837877,0.0017731916781788815,0.7662074476795266,0.729521486349653,0.7983136362311787,0.6732044758811606,0.0007832718031371615,0.6740720264841012,0.6578620765450208,0.6900858574805466,567.7979983250967,0.2429490681663331,567.7243905100862,562.5642967247827,573.2008100462755,844.4199404191899,0.9186229568874807,842.012570249504,823.5671474961796,862.626295773516
100,1000,1000,30,0.0007943282347242822,1706.6598013497735,12.133710921152236,0.9995786931893617,0.1,13.177044300762265,36.36757019090955,0.03861153116479738,0.005951664941137791,0.9940483350588623,1.0055657135269787,0.4981961621262744,-4.757102727982848,0.29416987728896526,494.7572413462926,1681.8759483666945,0.005975322344320943,2.876358724263684e-05,0.00594041518719632,0.005332647228763182,0.0065505822244928315,0.994024677655679,2.8763587242636828e-05,0.9940595848128038,0.9934494177755071,0.9946673527712369,1.0050665021475211,0.0003139322964725897,1.0051234076604882,0.9983913427492092,1.0118359968273196,0.4966499204396729,0.0016316597957411463,0.4962630472125572,0.4614193790746068,0.5317660218565499,-5.085884173316532,0.06988667541122885,-4.681691363693692,-6.252651401991197,-3.4858008403643304,0.2962303814272219,0.0011660205905630239,0.29554059931760684,0.2707771143752193,0.3207214318315966,494.8083989656648,0.5906896183536394,495.46466483992526,482.63267460782413,507.0749466415408,1690.7483510884804,5.4209509993594525,1680.9193193859405,1573.4483537553408,1797.630660168757
100,1000,1000,30,0.0007943282347242822,1706.6598013497735,12.133710921152236,0.9995786931893617,1.0,41.66947281934957,148.39817889675632,0.15301129859595375,0.023616075968195867,0.9763839240318042,1.0090198323834223,0.8562849152001069,-152.686583940333,0.07464335783433915,361.3774213274129,4841.387523447716,0.023564741870520437,0.00015588356224213842,0.023174281458273015,0.020029876846952545,0.02640471317964762,0.9764352581294795,0.0001558835622421384,0.976825718541727,0.9735952868203523,0.9799701231530474,1.01120263070299,0.00101304538793696,1.010321403297444,0.9888800445753364,1.0310228452480463,0.8495350147332524,0.0012161871770587128,0.8538006601378639,0.8244961862096912,0.8775336110231353,-173.823797350967,3.512071089033414,-146.87059642608529,-218.47496755824625,-96.4496635235087,0.07853724039909074,0.0006647098924872634,0.07598665587039583,0.06323236020350066,0.09198227649065217,361.79942831056576,1.144124863002944,362.3103971406125,336.76077189360456,387.09381133718716,4836.315285848271,29.68403903618424,4747.084122379873,4157.984900161971,5417.939758473466
100,1000,1000,30,0.0007943282347242822,1706.6598013497735,12.133710921152236,0.9995786931893617,10.0,131.77044300762265,814.1684814475695,0.8224732315510441,0.07287725330833356,0.9271227466916665,1.0136897401995162,0.9700229347514374,-4251.848501513999,0.015102576533252648,179.04415551690252,11855.205972483272,0.07374958614734353,0.0007168411296149122,0.0697687334440313,0.05791497318424818,0.08635633202574258,0.9262504138526565,0.0007168411296149122,0.9302312665559687,0.9136436679742574,0.9420850268157518,1.0371445421262195,0.0035729628618482796,1.025791071999806,0.9586211730107499,1.1040258282378974,0.9653884625043128,0.0005566224303435002,0.9692271262334009,0.9569811032946214,0.9777813625268033,-7435.237958073583,539.9229802988642,-4029.7780472281283,-7833.351902937175,-2022.7352181385318,0.01749946051190563,0.00028501516373662697,0.015506665229800865,0.01117172250380172,0.02174589108075332,179.19295023875503,1.3733625167730694,178.8302645060894,150.87469950059065,207.46277277758767,11835.083519501182,122.6126143674675,11398.17271567517,9086.86291963886,14119.694121146873
100,1000,1000,31,0.001,2122.663816268272,11.87757036586055,0.9995786931893617,0.01,4.166947281934958,7.68624610039773,0.008399506886244175,0.001374976356301492,0.9986250236436985,1.0018010534208712,0.14324331952281644,0.6291851132163395,0.6215250080615412,567.6095868527857,913.2530139424141,0.001381141755810649,4.4953465881124224e-06,0.0013702409766640788,0.001284818946557838,0.001465210873521059,0.9986188582441894,4.495346588112467e-06,0.998629759023336,0.9985347891264789,0.9987151810534421,1.0016916012061847,0.00010977644843317377,1.0017049065731407,0.9993642502579512,1.0040407378720637,0.14408672476037498,0.0006374616850186474,0.14283003430166577,0.13023471181290747,0.1561775245630036,0.6201329552080975,0.0027898505770093313,0.6309042056156604,0.5730421789138289,0.6811675037745415,0.6213257912692732,0.0008326233627500894,0.6220713917257652,0.604806981618556,0.6391195336118655,567.7979983250967,0.2429490681663331,567.7243905100862,562.5642967247827,573.2008100462755,915.290233664375,1.1345519726697362,912.9769084525805,890.2969581873602,937.8644680551421
100,1000,1000,31,0.001,2122.663816268272,11.87757036586055,0.9995786931893617,0.1,13.177044300762265,36.36757019090955,0.03861153116479738,0.005951664941137791,0.9940483350588623,1.0055657135269787,0.563052346616079,-8.035428426479625,0.24963185927434325,494.7572413462926,1981.9475077600518,0.005975322344320943,2.876358724263684e-05,0.00594041518719632,0.005332647228763182,0.0065505822244928315,0.994024677655679,2.8763587242636828e-05,0.9940595848128038,0.9934494177755071,0.9946673527712369,1.0050665021475211,0.0003139322964725897,1.0051234076604882,0.9983913427492092,1.0118359968273196,0.5609953261866486,0.0015755638636771605,0.5617414206547747,0.527817186644292,0.5953823444700996,-8.55782607736389,0.11026228580851763,-7.9515981560738656,-10.41412578357065,-6.056697808408873,0.25175240596471243,0.0010592384968670947,0.2505058905121859,0.22838977172418118,0.27348972038694486,494.8083989656648,0.5906896183536394,495.46466483992526,482.63267460782413,507.0749466415408,1993.2350781267496,6.878687651614736,1976.7551868843052,1844.5677364762091,2132.2237441664984
100,1000,1000,31,0.001,2122.663816268272,11.87757036586055,0.9995786931893617,1.0,41.66947281934957,148.39817889675632,0.15301129859595375,0.023616075968195867,0.9763839240318042,1.0090198323834223,0.8827679339060726,-240.63450077404863,0.060442692590775136,361.3774213274129,5978.8438575049,0.023564741870520437,0.00015588356224213842,0.023174281458273015,0.020029876846952545,0.02640471317964762,0.9764352581294795,0.0001558835622421384,0.976825718541727,0.9735952868203523,0.9799701231530474,1.01120263070299,0.00101304538793696,1.010321403297444,0.9888800445753364,1.0310228452480463,0.8768933769631951,0.0010241959570978622,0.8807078996686362,0.85598135049076,0.9004184295713291,-274.012560707242,5.536637923687318,-231.55326886570393,-343.8795407382434,-151.95905892115343,0.06373572401464533,0.0005503502177493694,0.06153961218920026,0.05109619601992048,0.07480739816547743,361.79942831056576,1.144124863002944,362.3103971406125,336.76077189360456,387.09381133718716,5972.538993864332,37.49227492830063,5848.703484473084,5110.990897573038,6696.620418420505
100,1000,1000,31,0.001,2122.663816268272,11.87757036586055,0.9995786931893617,10.0,131.77044300762265,814.1684814475695,0.8224732315510441,0.07287725330833356,0.9271227466916665,1.0136897401995162,0.9760516255836637,-6724.631130736096,0.012046749292425416,179.04415551690252,14862.445558610518,0.07374958614734353,0.0007168411296149122,0.0697687334440313,0.05791497318424818,0.08635633202574258,0.9262504138526565,0.0007168411296149122,0.9302312665559687,0.9136436679742574,0.9420850268157518,1.0371445421262195,0.0035729628618482796,1.025791071999806,0.9586211730107499,1.1040258282378974,0.972291655986557,0.00044888898885805717,0.9754213505067648,0.9655463866256302,0.9822623802759594,-11756.17564379083,853.2529212676174,-6377.957207166333,-12376.212921717874,-3196.321614246106,0.013978003316288283,0.0002287583283646584,0.012365781048035762,0.008908490572231597,0.01737780099076529,179.19295023875503,1.3733625167730694,178.8302645060894,150.87469950059065,207.46277277758767,14837.324219594486,154.34335275168738,14280.427129391335,11380.21214060446,17716.37203418473
100,1000,1000,32,0.0012589254117941675,2646.381423562886,11.675279567468616,0.9995786931893617,0.01,4.166947281934958,7.68624610039773,0.008399506886244175,0.001374976356301492,0.9986250236436985,1.0018010534208712,0.18798810564401255,0.41406828782634875,0.5664240485866259,567.6095868527857,1002.0930224786854,0.001381141755810649,4.4953465881124224e-06,0.0013702409766640788,0.001284818946557838,0.001465210873521059,0.9986188582441894,4.495346588112467e-06,0.998629759023336,0.9985347891264789,0.9987151810534421,1.0016916012061847,0.00010977644843317377,1.0017049065731407,0.9993642502579512,1.0040407378720637,0.1887396122005408,0.0007577197814286563,0.1874248707797434,0.1720029099090093,0.20351609933999887,0.39998964175751134,0.004403122897522942,0.4171622390093181,0.32445238658671915,0.49785778374630446,0.5664215561959443,0.0008660804606724076,0.5670740612593127,0.548872413557221,0.5852676649973331,567.7979983250967,0.2429490681663331,567.7243905100862,562.5642967247827,573.2008100462755,1004.51076223944,1.4170544950196127,1001.681635755504,973.5970410900125,1031.5615693723007
100,1000,1000,32,0.0012589254117941675,2646.381423562886,11.675279567468616,0.9995786931893617,0.1,13.177044300762265,36.36757019090955,0.03861153116479738,0.005951664941137791,0.9940483350588623,1.0055657135269787,0.6246242991573921,-13.208675556183318,0.20966823475366236,494.7572413462926,2359.714822455481,0.005975322344320943,2.876358724263684e-05,0.00594041518719632,0.005332647228763182,0.0065505822244928315,0.994024677655679,2.8763587242636828e-05,0.9940595848128038,0.9934494177755071,0.9946673527712369,1.0050665021475211,0.0003139322964725897,1.0051234076604882,0.9983913427492092,1.0118359968273196,0.6222132049447442,0.0014780723849010487,0.6234692705142643,0.5916383740350408,0.6546606309317591,-14.038447322432011,0.17416123241488976,-13.084015202869146,-16.966127491563288,-10.104800871578533,0.21175860201531038,0.000943182400666597,0.21039929679075903,0.19088898726656786,0.23081967569026024,494.8083989656648,0.5906896183536394,495.46466483992526,482.63267460782413,507.0749466415408,2374.04291646479,8.72276925800846,2353.463305260485,2182.616897665619,2547.4843465080194
100,1000,1000,32,0.0012589254117941675,2646.381423562886,11.675279567468616,0.9995786931893617,1.0,41.66947281934957,148.39817889675632,0.15301129859595375,0.023616075968195867,0.9763839240318042,1.0090198323834223,0.9048508253229504,-379.52811153994094,0.048763528178744416,361.3774213274129,7410.813672111077,0.023564741870520437,0.00015588356224213842,0.023174281458273015,0.020029876846952545,0.02640471317964762,0.9764352581294795,0.0001558835622421384,0.976825718541727,0.9735952868203523,0.9799701231530474,1.01120263070299,0.00101304538793696,1.010321403297444,0.9888800445753364,1.0310228452480463,0.899826721238513,0.0008533209275612396,0.9031958442918415,0.8826484083846646,0.9194081557101886,-432.27611840519785,8.737891810096755,-365.62851437937843,-542.1655476355846,-240.09412174118611,0.05151570641621308,0.0004521841814036624,0.04963383673187248,0.0411422653043408,0.06050630224854673,361.79942831056576,1.144124863002944,362.3103971406125,336.76077189360456,387.09381133718716,7402.957024901084,47.32597829208776,7249.426827063398,6318.458840868125,8310.519206995097
100,1000,1000,32,0.0012589254117941675,2646.381423562886,11.675279567468616,0.9995786931893617,10.0,131.77044300762265,814.1684814475695,0.8224732315510441,0.07287725330833356,0.9271227466916665,1.0136897401995162,0.9808900114250569,-10639.93302991202,0.009601084701191285,179.04415551690252,18648.32579746818,0.07374958614734353,0.0007168411296149122,0.0697687334440313,0.05791497318424818,0.08635633202574258,0.9262504138526565,0.0007168411296149122,0.9302312665559687,0.9136436679742574,0.9420850268157518,1.0371445421262195,0.0035729628618482796,1.025791071999806,0.9586211730107499,1.1040258282378974,0.9778524890176794,0.0003609237223796839,0.9803905922456831,0.9724534305918938,0.985854031162378,-18597.05374793871,1349.2115751662097,-10097.140409858868,-19566.024377861067,-5054.343753019627,0.011152716301595622,0.00018322694146587773,0.009853247154521357,0.0070981765843412745,0.013869465843422867,179.19295023875503,1.3733625167730694,178.8302645060894,150.87469950059065,207.46277277758767,18616.91156153806,194.29052536682505,17921.2488182599,14277.513905486448,22248.20641136462
100,1000,1000,33,0.001584893192461114,3305.7022419540517,11.515349636097692,0.9995786931893617,0.01,4.166947281934958,7.68624610039773,0.008399506886244175,0.001374976356301492,0.9986250236436985,1.0018010534208712,0.2405381785281598,0.07358591146217464,0.5095530828640475,567.6095868527857,1113.9361254816076,0.001381141755810649,4.4953465881124224e-06,0.0013702409766640788,0.001284818946557838,0.001465210873521059,0.9986188582441894,4.495346588112467e-06,0.998629759023336,0.9985347891264789,0.9987151810534421,1.0016916012061847,0.00010977644843317377,1.0017049065731407,0.9993642502579512,1.0040407378720637,0.2411089866985339,0.0008684443887229469,0.23949080867261613,0.22207302953172836,0.25834359112026917,0.05158373819304518,0.006962493514140767,0.08147755109362559,-0.06844783181392361,0.20569206921838978,0.5097591483094377,0.0008795838220123611,0.5106220186948072,0.4917248870519133,0.5287537485265639,567.7979983250967,0.2429490681663331,567.7243905100862,562.5642967247827,573.2008100462755,1116.832927049355,1.781400021920412,1112.4056624121708,1077.6905122837095,1150.1686247978785
100,1000,1000,33,0.001584893192461114,3305.7022419540517,11.515349636097692,0.9995786931893617,0.1,13.177044300762265,36.36757019090955,0.03861153116479738,0.005951664941137791,0.9940483350588623,1.0055657135269787,0.681451277339031,-21.379328161876554,0.17449937774764152,494.7572413462926,2835.295161119734,0.005975322344320943,2.876358724263684e-05,0.00594041518719632,0.005332647228763182,0.0065505822244928315,0.994024677655679,2.8763587242636828e-05,0.9940595848128038,0.9934494177755071,0.9946673527712369,1.0050665021475211,0.0003139322964725897,1.0051234076604882,0.9983913427492092,1.0118359968273196,0.6788568759406471,0.0013509046124341741,0.6802708773445143,0.6514659972284005,0.7087103563860464,-22.6969005918361,0.27531776893897497,-21.15853588184636,-27.335242293443912,-16.513880068756738,0.1764848454984612,0.0008248312515583315,0.17521464773449222,0.15815063340467977,0.19286556438582636,494.8083989656648,0.5906896183536394,495.46466483992526,482.63267460782413,507.0749466415408,2853.451058623676,11.051244017929097,2829.266615509406,2610.8993693852694,3074.343375812342
100,1000,1000,33,0.001584893192461114,3305.7022419540517,11.515349636097692,0.9995786931893617,1.0,41.66947281934957,148.39817889675632,0.15301129859595375,0.023616075968195867,0.9763839240318042,1.0090198323834223,0.9230936457032902,-599.0369540271091,0.0392223744782093,361.3774213274129,9213.55287982839,0.023564741870520437,0.00015588356224213842,0.023174281458273015,0.020029876846952545,0.02640471317964762,0.9764352581294795,0.0001558835622421384,0.976825718541727,0.9735952868203523,0.9799701231530474,1.01120263070299,0.00101304538793696,1.010321403297444,0.9888800445753364,1.0310228452480463,0.9188580078130657,0.0007046229104421945,0.9217531513712189,0.9047803596270183,0.9350161704387084,-682.44582839716,13.80212776450554,-577.4001803286956,-855.6450206523332,-378.9211034039159,0.041500202796001646,0.00036916507935545484,0.03992023698053206,0.03303765832990958,0.04880056790496071,361.79942831056576,1.144124863002944,362.3103971406125,336.76077189360456,387.09381133718716,9203.742653569618,59.70878879717709,9020.56509121129,7827.989260081582,10347.17969126164
100,1000,1000,33,0.001584893192461114,3305.7022419540517,11.515349636097692,0.9995786931893617,10.0,131.77044300762265,814.1684814475695,0.8224732315510441,0.07287725330833356,0.9271227466916665,1.0136897401995162,0.984764999010546,-16840.48262957767,0.007646736786467793,179.04415551690252,23414.452532713265,0.07374958614734353,0.0007168411296149122,0.0697687334440313,0.05791497318424818,0.08635633202574258,0.9262504138526565,0.0007168411296149122,0.9302312665559687,0.9136436679742574,0.9420850268157518,1.0371445421262195,0.0035729628618482796,1.025791071999806,0.9586211730107499,1.1040258282378974,0.9823194761171603,0.0002894940745503085,0.9843690990514433,0.9780047313666305,0.9887275711728604,-29429.850593434803,2134.4513454155044,-15988.584693037696,-30948.332462532297,-7995.995844797436,0.008890504899161735,0.00014651383697831006,0.007846232189680682,0.005652188124119619,0.01105878267987476,179.19295023875503,1.3733625167730694,178.8302645060894,150.87469950059065,207.46277277758767,23375.116471209298,244.58139836533266,22491.80016253035,17923.994436042147,27951.374700842338
100,1000,1000,34,0.0019952623149688807,4135.737155012702,11.388800076102513,0.9995786931893617,0.01,4.166947281934958,7.68624610039773,0.008399506886244175,0.001374976356301492,0.9986250236436985,1.0018010534208712,0.2998955308741,-0.46547020107967874,0.45237281762671794,567.6095868527857,1254.7384916508336,0.001381141755810649,4.4953465881124224e-06,0.0013702409766640788,0.001284818946557838,0.001465210873521059,0.9986188582441894,4.495346588112467e-06,0.998629759023336,0.9985347891264789,0.9987151810534421,1.0016916012061847,0.00010977644843317377,1.0017049065731407,0.9993642502579512,1.0040407378720637,0.3002080293907352,0.0009584411484949744,0.29870157315961376,0.27933201539507674,0.31942074829881933,-0.49997631414908583,0.011021967962658369,-0.4526193835993777,-0.6893923400497879,-0.25658470572910635,0.45277987226813876,0.0008711602125766624,0.45346402392475194,0.43482679801801566,0.4714813008759068,567.7979983250967,0.2429490681663331,567.7243905100862,562.5642967247827,573.2008100462755,1258.2384181167697,2.2470312258233034,1253.8110257491335,1208.9415749846416,1301.0210758632109
100,1000,1000,34,0.0019952623149688807,4135.737155012702,11.388800076102513,0.9995786931893617,0.1,13.177044300762265,36.36757019090955,0.03861153116479738,0.005951664941137791,0.9940483350588623,1.0055657135269787,0.7326068157951944,-34.29319020759527,0.1440754613897354,494.7572413462926,3434.0146238222724,0.005975322344320943,2.876358724263684e-05,0.00594041518719632,0.005332647228763182,0.0065505822244928315,0.994024677655679,2.8763587242636828e-05,0.9940595848128038,0.9934494177755071,0.9946673527712369,1.0050665021475211,0.0003139322964725897,1.0051234076604882,0.9983913427492092,1.0118359968273196,0.7299860898088653,0.0012064842135371097,0.7314173282718381,0.7056357780354655,0.7566903147050441,-36.384686490758945,0.43549291570852944,-33.898318529346966,-43.691676379145505,-26.57125608628766,0.14590246407228677,0.0007099245903600303,0.14477059903700445,0.1301205173410358,0.15997870683474202,494.8083989656648,0.5906896183536394,495.46466483992526,482.63267460782413,507.0749466415408,3456.9894561524825,13.988002910670554,3427.018897089265,3148.5159816442324,3736.265697384382
100,1000,1000,34,0.0019952623149688807,4135.737155012702,11.388800076102513,0.9995786931893617,1.0,41.66947281934957,148.39817889675632,0.15301129859595375,0.023616075968195867,0.9763839240318042,1.0090198323834223,0.9380494375475593,-946.1507011708455,0.031470476677370775,361.3774213274129,11483.061570124411,0.023564741870520437,0.00015588356224213842,0.023174281458273015,0.020029876846952545,0.02640471317964762,0.9764352581294795,0.0001558835622421384,0.976825718541727,0.9735952868203523,0.9799701231530474,1.01120263070299,0.00101304538793696,1.010321403297444,0.9888800445753364,1.0310228452480463,0.9345199894963028,0.0005775462574439558,0.936967858807267,0.9231293376944887,0.947775657586529,-1078.105311489122,21.816542442786396,-912.3515683931865,-1352.4759099352827,-599.6296798734535,0.03334070334334926,0.00029980588242903115,0.03202899899098586,0.026462297832395523,0.03920380046034234,361.79942831056576,1.144124863002944,362.3103971406125,336.76077189360456,387.09381133718716,11470.791934200615,75.30009743936556,11239.542419409598,9729.415708595961,12910.72537812417
100,1000,1000,34,0.0019952623149688807,4135.737155012702,11.388800076102513,0.9995786931893617,10.0,131.77044300762265,814.1684814475695,0.8224732315510441,0.07287725330833356,0.9271227466916665,1.0136897401995162,0.987863234229864,-26661.65119851463,0.00608690811023924,179.04415551690252,29414.630921685683,0.07374958614734353,0.0007168411296149122,0.0697687334440313,0.05791497318424818,0.08635633202574258,0.9262504138526565,0.0007168411296149122,0.9302312665559687,0.9136436679742574,0.9420850268157518,1.0371445421262195,0.0035729628618482796,1.025791071999806,0.9586211730107499,1.1040258282378974,0.9858997074191004,0.00023174818895920168,0.9875492826132442,0.9824558091606892,0.991023219339111,-46586.986406927404,3377.9609949883766,-25322.0293273108,-48971.971044369544,-12654.27315979509,0.007082061765261908,0.00011700017015858846,0.006244857847741508,0.00449850869564321,0.008810911505662768,179.19295023875503,1.3733625167730694,178.8302645060894,150.87469950059065,207.46277277758767,29365.322524565883,307.89405101966275,28245.761807828712,22499.754186181428,35115.261805699774
100,1000,1000,35,0.002511886431509582,5180.688054549486,11.288592951154923,0.9995786931893617,0.01,4.166947281934958,7.68624610039773,0.008399506886244175,0.001374976356301492,0.9986250236436985,1.0018010534208712,0.3643621572169607,-1.3190972962478735,0.39637581458579646,567.6095868527857,1431.9985376653835,0.001381141755810649,4.4953465881124224e-06,0.0013702409766640788,0.001284818946557838,0.001465210873521059,0.9986188582441894,4.495346588112467e-06,0.998629759023336,0.9985347891264789,0.9987151810534421,1.0016916012061847,0.00010977644843317377,1.0017049065731407,0.9993642502579512,1.0040407378720637,0.3643674839709787,0.0010184333137128279,0.36332516889289296,0.3425405903683366,0.3848969163799574,-1.3733528816120637,0.01745973695385484,-1.3024999221445905,-1.67112012798599,-0.9915006644785125,0.3969572970431574,0.0008412431702876198,0.397235396189488,0.3795993904575199,0.41473032690680856,567.7979983250967,0.2429490681663331,567.7243905100862,562.5642967247827,573.2008100462755,1436.2577841728441,2.838715984392405,1429.6130334078855,1373.7626770707227,1489.3438360481264
100,1000,1000,35,0.002511886431509582,5180.688054549486,11.288592951154923,0.9995786931893617,0.1,13.177044300762265,36.36757019090955,0.03861153116479738,0.005951664941137791,0.9940483350588623,1.0055657135269787,0.7776704688397822,-54.71526502154215,0.11814373685969533,494.7572413462926,4187.756833304286,0.005975322344320943,2.876358724263684e-05,0.00594041518719632,0.005332647228763182,0.0065505822244928315,0.994024677655679,2.8763587242636828e-05,0.9940595848128038,0.9934494177755071,0.9946673527712369,1.0050665021475211,0.0003139322964725897,1.0051234076604882,0.9983913427492092,1.0118359968273196,0.7751490992036499,0.0010560618767909591,0.7765599169242239,0.7541160872205002,0.7986770924803168,-58.03436878535717,0.6891675713565282,-54.04716063648132,-69.66451785006336,-42.542872191801045,0.11978053609517422,0.000602625691848117,0.11877362903831573,0.10631264276643523,0.13160142404222425,494.8083989656648,0.5906896183536394,495.46466483992526,482.63267460782413,507.0749466415408,4216.798367651459,17.689363677924366,4181.183102894669,3823.2256819674767,4572.368939910333
100,1000,1000,35,0.002511886431509582,5180.688054549486,11.288592951154923,0.9995786931893617,1.0,41.66947281934957,148.39817889675632,0.15301129859595375,0.023616075968195867,0.9763839240318042,1.0090198323834223,0.950234431088225,-1495.3008271660558,0.025200312326565732,361.3774213274129,14340.196131079498,0.023564741870520437,0.00015588356224213842,0.023174281458273015,0.020029876846952545,0.02640471317964762,0.9764352581294795,0.0001558835622421384,0.976825718541727,0.9735952868203523,0.9799701231530474,1.01120263070299,0.00101304538793696,1.010321403297444,0.9888800445753364,1.0310228452480463,0.9473211667573667,0.00047051918707448944,0.9493644852465062,0.938118703220881,0.9581364227005633,-1704.134083770247,34.5035835290479,-1442.3521912959568,-2139.8094250475215,-948.3797295405268,0.026725910703422253,0.00024243067858194256,0.02564663225557911,0.021155567675756926,0.03143471967946779,361.79942831056576,1.144124863002944,362.3103971406125,336.76077189360456,387.09381133718716,14324.830282145624,94.93015589659556,14041.073520122718,12122.261298451249,16139.104866050971
100,1000,1000,35,0.002511886431509582,5180.688054549486,11.288592951154923,0.9995786931893617,10.0,131.77044300762265,814.1684814475695,0.8224732315510441,0.07287725330833356,0.9271227466916665,1.0136897401995162,0.9903371160921519,-42219.52318498936,0.004843170102243654,179.04415551690252,36968.38057245982,0.07374958614734353,0.0007168411296149122,0.0697687334440313,0.05791497318424818,0.08635633202574258,0.9262504138526565,0.0007168411296149122,0.9302312665559687,0.9136436679742574,0.9420850268157518,1.0371445421262195,0.0035729628618482796,1.025791071999806,0.9586211730107499,1.1040258282378974,0.9887640280111993,0.00018523036708353424,0.9900880750497036,0.9860179371931421,0.9928550543806884,-73764.44962747068,5347.513671832755,-40109.66208317182,-77517.20285849189,-20032.19066726863,0.005638231846470454,9.333143383790258e-05,0.004968304522793272,0.0035788770456303496,0.007015641013321617,179.19295023875503,1.3733625167730694,178.8302645060894,150.87469950059065,207.46277277758767,36906.518667831464,387.5999827602047,35489.54027404138,28269.144288053052,44147.8539059779
100,1000,1000,36,0.0031622776601683794,6496.201698511314,11.209200004733777,0.9995786931893617,0.01,4.166947281934958,7.68624610039773,0.008399506886244175,0.001374976356301492,0.9986250236436985,1.0018010534208712,0.43173555115646206,-2.671101398530818,0.34293413484151974,567.6095868527857,1655.1562798351797,0.001381141755810649,4.4953465881124224e-06,0.0013702409766640788,0.001284818946557838,0.001465210873521059,0.9986188582441894,4.495346588112467e-06,0.998629759023336,0.9985347891264789,0.9987151810534421,1.0016916012061847,0.00010977644843317377,1.0017049065731407,0.9993642502579512,1.0040407378720637,0.43142428561829865,0.0010429889434620944,0.43047105184816437,0.4090617930758103,0.45250487518369,-2.756572353590224,0.027667836850006046,-2.639879417167165,-3.2236797830219555,-2.1489783753095093,0.3436488378954327,0.0007925059545332516,0.34389707229968236,0.3273151739879517,0.36042061242393997,567.7979983250967,0.2429490681663331,567.7243905100862,562.5642967247827,573.2008100462755,1660.371497065578,3.5879184510318396,1652.3151689045958,1583.0608340174933,1728.5640810199807
100,1000,1000,36,0.0031622776601683794,6496.201698511314,11.209200004733777,0.9995786931893617,0.1,13.177044300762265,36.36757019090955,0.03861153116479738,0.005951664941137791,0.9940483350588623,1.0055657135269787,0.816639629136201,-87.02538131322038,0.09631884542378501,494.7572413462926,5136.66083900251,0.005975322344320943,2.876358724263684e-05,0.00594041518719632,0.005332647228763182,0.0065505822244928315,0.994024677655679,2.8763587242636828e-05,0.9940595848128038,0.9934494177755071,0.9946673527712369,1.0050665021475211,0.0003139322964725897,1.0051234076604882,0.9983913427492092,1.0118359968273196,0.8143053182149518,0.0009086057983187755,0.8156121778419799,0.7963516924184717,0.8346403717425344,-92.2913947996367,1.0909801260065917,-85.8856783193311,-110.7729284821349,-67.76422767698904,0.09775279402125452,0.0005055225727606185,0.09688750558831205,0.08641345689506838,0.10761460587744785,494.8083989656648,0.5906896183536394,495.46466483992526,482.63267460782413,507.0749466415408,5173.339930921453,22.3523838404599,5123.7554997863845,4672.496980113639,5623.357993272673
100,1000,1000,36,0.0031622776601683794,6496.201698511314,11.209200004733777,0.9995786931893617,1.0,41.66947281934957,148.39817889675632,0.15301129859595375,0.023616075968195867,0.9763839240318042,1.0090198323834223,0.9601120581442604,-2364.4000132609767,0.020146920123092976,361.3774213274129,17937.10498277063,0.023564741870520437,0.00015588356224213842,0.023174281458273015,0.020029876846952545,0.02640471317964762,0.9764352581294795,0.0001558835622421384,0.976825718541727,0.9735952868203523,0.9799701231530474,1.01120263070299,0.00101304538793696,1.010321403297444,0.9888800445753364,1.0310228452480463,0.9577257428774281,0.00038142933590000564,0.9594125251475027,0.9503135333797014,0.9664951684367324,-2695.0004603755224,54.59233073217878,-2281.07869633463,-3384.9180031759583,-1500.2621778294813,0.02138484586125547,0.00019534873574662774,0.020503943273674934,0.016895138665842014,0.025159740022687414,361.79942831056576,1.144124863002944,362.3103971406125,336.76077189360456,387.09381133718716,17917.841232100942,119.6442849838884,17560.04956589926,15137.062085643276,20206.532742947853
100,1000,1000,36,0.0031622776601683794,6496.201698511314,11.209200004733777,0.9995786931893617,10.0,131.77044300762265,814.1684814475695,0.8224732315510441,0.07287725330833356,0.9271227466916665,1.0136897401995162,0.9923103624161658,-66867.4343938249,0.003852238663276534,179.04415551690252,46477.94987982804,0.07374958614734353,0.0007168411296149122,0.0697687334440313,0.05791497318424818,0.08635633202574258,0.9262504138526565,0.0007168411296149122,0.9302312665559687,0.9136436679742574,0.9420850268157518,1.0371445421262195,0.0035729628618482796,1.025791071999806,0.9586211730107499,1.1040258282378974,0.9910522723831832,0.00014786397290538487,0.9921127624627708,0.9888648574136968,0.9943154246652353,-116819.15561010077,8467.429469675011,-63540.313006641394,-122732.71421392116,-31722.218788933977,0.004486692948154942,7.438682196026045e-05,0.0039514256675974475,0.002846338528357646,0.005583157114863345,179.19295023875503,1.3733625167730694,178.8302645060894,150.87469950059065,207.46277277758767,46400.285341518225,487.9436433263968,44608.87526452621,35532.5027734506,55519.18260065139
100,1000,1000,37,0.003981071705534973,8152.333029553522,11.146270190120555,0.9995786931893617,0.01,4.166947281934958,7.68624610039773,0.008399506886244175,0.001374976356301492,0.9986250236436985,1.0018010534208712,0.49960551454290725,-4.812749405068588,0.29317221719650316,567.6095868527857,1936.0961017405573,0.001381141755810649,4.4953465881124224e-06,0.0013702409766640788,0.001284818946557838,0.001465210873521059,0.9986188582441894,4.495346588112467e-06,0.998629759023336,0.9985347891264789,0.9987151810534421,1.0016916012061847,0.00010977644843317377,1.0017049065731407,0.9993642502579512,1.0040407378720637,0.4990079209453421,0.0010314421410494781,0.49826748197723997,0.47686185488889254,0.5199836775811287,-4.9475860010673784,0.04385274982888205,-4.759905142367991,-5.684814713051246,-3.979856145005975,0.2939712284158871,0.0007292643328984264,0.29411935720579885,0.27890106257576586,0.3094481519276475,567.7979983250967,0.2429490681663331,567.7243905100862,562.5642967247827,573.2008100462755,1942.5148760724403,4.5344940977616455,1932.46697086719,1843.5706027595552,2028.5278724783936
100,1000,1000,37,0.003981071705534973,8152.333029553522,11.146270190120555,0.9995786931893617,0.1,13.177044300762265,36.36757019090955,0.03861153116479738,0.005951664941137791,0.9940483350588623,1.0055657135269787,0.8498163400581883,-138.16206735728898,0.07814516323979277,494.7572413462926,6331.258658045189,0.005975322344320943,2.876358724263684e-05,0.00594041518719632,0.005332647228763182,0.0065505822244928315,0.994024677655679,2.8763587242636828e-05,0.9940595848128038,0.9934494177755071,0.9946673527712369,1.0050665021475211,0.0003139322964725897,1.0051234076604882,0.9983913427492092,1.0118359968273196,0.8477204028757137,0.0007704288440833452,0.8489286533796675,0.8325009708947195,0.8649903248828449,-146.5153363734549,1.7275136788050962,-136.3190348218331,-175.7738332041845,-107.52365283691572,0.07937830372127887,0.0004198469817588207,0.07862675739820806,0.06995143958120223,0.08758508840871501,494.8083989656648,0.5906896183536394,495.46466483992526,482.63267460782413,507.0749466415408,6377.5529115230165,28.225345988375135,6316.616883172548,5753.947186123125,6948.876327730926
100,1000,1000,37,0.003981071705534973,8152.333029553522,11.146270190120555,0.9995786931893617,1.0,41.66947281934957,148.39817889675632,0.15301129859595375,0.023616075968195867,0.9763839240318042,1.0090198323834223,0.9680867495116912,-3740.2598726646543,0.016086005022953667,361.3774213274129,22465.330628192096,0.023564741870520437,0.00015588356224213842,0.023174281458273015,0.020029876846952545,0.02640471317964762,0.9764352581294795,0.0001558835622421384,0.976825718541727,0.9735952868203523,0.9799701231530474,1.01120263070299,0.00101304538793696,1.010321403297444,0.9888800445753364,1.0310228452480463,0.9661440865514461,0.0003079657268840501,0.9675152934827083,0.9601929542237274,0.9732255260839481,-4263.750610149799,86.40704554499803,-3606.601230155775,-5356.460514207231,-2374.3338554359157,0.01708623283119389,0.0001569633682457764,0.016376447278478354,0.013478066136128761,0.020105641605527073,361.79942831056576,1.144124863002944,362.3103971406125,336.76077189360456,387.09381133718716,22441.15970777613,150.75853577764977,21986.143746077978,18940.64019562356,25327.03147077133
100,1000,1000,37,0.003981071705534973,8152.333029553522,11.146270190120555,0.9995786931893617,10.0,131.77044300762265,814.1684814475695,0.8224732315510441,0.07287725330833356,0.9271227466916665,1.0136897401995162,0.993882951617292,-105919.50525325534,0.0030632158369859955,179.04415551690252,58449.73552143498,0.07374958614734353,0.0007168411296149122,0.0697687334440313,0.05791497318424818,0.08635633202574258,0.9262504138526565,0.0007168411296149122,0.9302312665559687,0.9136436679742574,0.9420850268157518,1.0371445421262195,0.0035729628618482796,1.025791071999806,0.9586211730107499,1.1040258282378974,0.9928781825300594,0.00011791689409107663,0.9937261356287675,0.991137920585958,0.9954787932728474,-185032.61652529537,13410.117905694087,-100667.58715871652,-194362.0927768323,-50255.47814521553,0.0035690310689474327,5.9246901847838346e-05,0.0031418678641247596,0.002263164347254871,0.0044409005060138855,179.19295023875503,1.3733625167730694,178.8302645060894,150.87469950059065,207.46277277758767,58352.178472759864,614.2684451716407,56089.37984561657,44676.496967123894,69834.7944510921
100,1000,1000,38,0.005011872336272725,10237.275754697692,11.096373221655986,0.9995786931893617,0.01,4.166947281934958,7.68624610039773,0.008399506886244175,0.001374976356301492,0.9986250236436985,1.0018010534208712,0.565672019775578,-8.205611946080753,0.24788829302052606,567.6095868527857,2289.7797226986654,0.001381141755810649,4.4953465881124224e-06,0.0013702409766640788,0.001284818946557838,0.001465210873521059,0.9986188582441894,4.495346588112467e-06,0.998629759023336,0.9985347891264789,0.9987151810534421,1.0016916012061847,0.00010977644843317377,1.0017049065731407,0.9993642502579512,1.0040407378720637,0.564848683944085,0.0009875760231787991,0.5644916092951173,0.5439213875749837,0.5850583560089364,-8.418552930199365,0.06951183581636677,-8.128485113301824,-9.584272172946484,-6.894260975982096,0.24872246450208466,0.0006566428100904906,0.24867343372539435,0.23510892636344596,0.26248973730959,567.7979983250967,0.2429490681663331,567.7243905100862,562.5642967247827,573.2008100462755,2297.713772077469,5.728817265382913,2284.6373220337023,2171.696348278315,2406.455366593257
100,1000,1000,38,0.005011872336272725,10237.275754697692,11.096373221655986,0.9995786931893617,0.1,13.177044300762265,36.36757019090955,0.03861153116479738,0.005951664941137791,0.9940483350588623,1.0055657135269787,0.8776959361241808,-219.11832818660784,0.06314572311154987,494.7572413462926,7835.166294196692,0.005975322344320943,2.876358724263684e-05,0.00594041518719632,0.005332647228763182,0.0065505822244928315,0.994024677655679,2.8763587242636828e-05,0.9940595848128038,0.9934494177755071,0.9946673527712369,1.0050665021475211,0.0003139322964725897,1.0051234076604882,0.9983913427492092,1.0118359968273196,0.8758596221955965,0.0006453491166753232,0.8770026675997251,0.863195625006025,0.8904018534565128,-232.36659036647282,2.7359767331438296,-216.38894254639263,-279.0260050760777,-170.63714000452023,0.0641900995522343,0.0003457918326549993,0.0635157942637784,0.05638892892474541,0.07091678268396692,494.8083989656648,0.5906896183536394,495.46466483992526,482.63267460782413,507.0749466415408,7893.565385364489,35.62097322587525,7820.011306122028,7106.13541065647,8616.021829052544
100,1000,1000,38,0.005011872336272725,10237.275754697692,11.096373221655986,0.9995786931893617,1.0,41.66947281934957,148.39817889675632,0.15301129859595375,0.023616075968195867,0.9763839240318042,1.0090198323834223,0.9745040817801125,-5918.871436076812,0.012830266985402168,361.3774213274129,28166.009463292976,0.023564741870520437,0.00015588356224213842,0.023174281458273015,0.020029876846952545,0.02640471317964762,0.9764352581294795,0.0001558835622421384,0.976825718541727,0.9735952868203523,0.9799701231530474,1.01120263070299,0.00101304538793696,1.010321403297444,0.9888800445753364,1.0310228452480463,0.9729304046850542,0.0002478433572862036,0.9740399710470102,0.9681627627690994,0.9786318643163066,-6747.948912213023,136.79989427608342,-5705.028396578923,-8480.435615724899,-3758.6057226529592,0.013635672284568797,0.00012583135169237533,0.013065366397690976,0.01074176059380359,0.016047377988312888,361.79942831056576,1.144124863002944,362.3103971406125,336.76077189360456,387.09381133718716,28135.66077670019,189.92976689778357,27559.45045274491,23729.354688638123,31769.55881896646
100,1000,1000,38,0.005011872336272725,10237.275754697692,11.096373221655986,0.9995786931893617,10.0,131.77044300762265,814.1684814475695,0.8224732315510441,0.07287725330833356,0.9271227466916665,1.0136897401995162,0.9951353887274088,-167797.32035374854,0.0024352709084945125,179.04415551690252,73521.24763301502,0.07374958614734353,0.0007168411296149122,0.0697687334440313,0.05791497318424818,0.08635633202574258,0.9262504138526565,0.0007168411296149122,0.9302312665559687,0.9136436679742574,0.9420850268157518,1.0371445421262195,0.0035729628618482796,1.025791071999806,0.9586211730107499,1.1040258282378974,0.9943338225440193,9.395956211090871e-05,0.9950109188342716,0.992949754998077,0.996405015194103,-293113.64163001976,21241.155978768402,-159500.45723767375,-307846.06066862075,-79622.99409696147,0.0028382275356108495,4.716252750864066e-05,0.002497659742969209,0.0017991108212369038,0.003531357745287054,179.19295023875503,1.3733625167730694,178.8302645060894,150.87469950059065,207.46277277758767,73398.64997214571,773.3012920872287,70542.39858969048,56183.586520534554,87857.0231528323
100,1000,1000,39,0.006309573444801936,12862.058843705736,11.056800923973459,0.9995786931893617,0.01,4.166947281934958,7.68624610039773,0.008399506886244175,0.001374976356301492,0.9986250236436985,1.0018010534208712,0.6280051694527895,-13.581161527710872,0.20753222812988187,567.6095868527857,2735.04309170503,0.001381141755810649,4.4953465881124224e-06,0.0013702409766640788,0.001284818946557838,0.001465210873521059,0.9986188582441894,4.495346588112467e-06,0.998629759023336,0.9985347891264789,0.9987151810534421,1.0016916012061847,0.00010977644843317377,1.0017049065731407,0.9993642502579512,1.0040407378720637,0.6270323550637302,0.0009183299905484186,0.6268622313045491,0.6077034795294287,0.645931844842664,-13.917720391600733,0.11018844469964648,-13.453956754197307,-15.762590908681908,-11.505033457167238,0.20835829563938335,0.0005797439812815179,0.20825368291461333,0.19630114981590638,0.22044661544525268,567.7979983250967,0.2429490681663331,567.7243905100862,562.5642967247827,573.2008100462755,2744.8848812666574,7.23446337474724,2728.629119553269,2585.2238559497637,2883.0522127044724
100,1000,1000,39,0.006309573444801936,12862.058843705736,11.056800923973459,0.9995786931893617,0.1,13.177044300762265,36.36757019090955,0.03861153116479738,0.005951664941137791,0.9940483350588623,1.0055657135269787,0.9008731440662024,-347.31208969459436,0.05085662618011055,494.7572413462926,9728.471558339168,0.005975322344320943,2.876358724263684e-05,0.00594041518719632,0.005332647228763182,0.0065505822244928315,0.994024677655679,2.8763587242636828e-05,0.9940595848128038,0.9934494177755071,0.9946673527712369,1.0050665021475211,0.0003139322964725897,1.0051234076604882,0.9983913427492092,1.0118359968273196,0.8992956266892027,0.000535141720181174,0.9003266077698071,0.8888856442841797,0.9113632000652946,-368.32093027092606,4.333809083618189,-343.192063679309,-442.20322192662024,-270.7471838604248,0.051730149388677434,0.000282837599852962,0.05114458015736777,0.04534655500692958,0.057192679183785775,494.8083989656648,0.5906896183536394,495.46466483992526,482.63267460782413,507.0749466415408,9802.109832987868,44.93307785307411,9704.207122548341,8813.69354952585,10704.651116756622
100,1000,1000,39,0.006309573444801936,12862.058843705736,11.056800923973459,0.9995786931893617,1.0,41.66947281934957,148.39817889675632,0.15301129859595375,0.023616075968195867,0.9763839240318042,1.0090198323834223,0.9796546522279799,-9369.240373231365,0.010224948673699935,361.3774213274129,35342.7125025017,0.023564741870520437,0.00015588356224213842,0.023174281458273015,0.020029876846952545,0.02640471317964762,0.9764352581294795,0.0001558835622421384,0.976825718541727,0.9735952868203523,0.9799701231530474,1.01120263070299,0.00101304538793696,1.010321403297444,0.9888800445753364,1.0310228452480463,0.9783849283653216,0.0001989360823461131,0.9792794591374271,0.974572063439932,0.982963384848853,-10682.483045376795,216.62912669841637,-9027.807059527353,-13430.006993807705,-5951.218169884854,0.01087169666403125,0.00010068784967648387,0.01041450137914183,0.008554900772110708,0.012795835111408381,361.79942831056576,1.144124863002944,362.3103971406125,336.76077189360456,387.09381133718716,35304.58645755437,239.24386911707285,34586.6776490019,29748.02427355752,39882.97912727292
100,1000,1000,39,0.006309573444801936,12862.058843705736,11.056800923973459,0.9995786931893617,10.0,131.77044300762265,814.1684814475695,0.8224732315510441,0.07287725330833356,0.9271227466916665,1.0136897401995162,0.996132315108966,-265847.2309857957,0.001935715943624206,179.04415551690252,92495.05647077606,0.07374958614734353,0.0007168411296149122,0.0697687334440313,0.05791497318424818,0.08635633202574258,0.9262504138526565,0.0007168411296149122,0.9302312665559687,0.9136436679742574,0.9420850268157518,1.0371445421262195,0.0035729628618482796,1.025791071999806,0.9586211730107499,1.1040258282378974,0.9954934206478968,7.482172301158923e-05,0.9960335065915815,0.9943929243035612,0.9971420848195088,-464372.28722647467,33649.211424971836,-252731.70351372554,-487654.1647673132,-126160.03676050268,0.00225653907690287,3.752654178425016e-05,0.0019852172533760554,0.00142998002392946,0.0028074788174785223,179.19295023875503,1.3733625167730694,178.8302645060894,150.87469950059065,207.46277277758767,92340.93817500607,973.5107735263728,88737.56051668215,70665.39974088149,110545.58430122011
100,1000,1000,40,0.00794328234724282,16166.459039754334,11.025412742879118,0.9995786931893617,0.01,4.166947281934958,7.68624610039773,0.008399506886244175,0.001374976356301492,0.9986250236436985,1.0018010534208712,0.6851989252801043,-22.0986251293933,0.17223256570453058,567.6095868527857,3295.5996708922903,0.001381141755810649,4.4953465881124224e-06,0.0013702409766640788,0.001284818946557838,0.001465210873521059,0.9986188582441894,4.495346588112467e-06,0.998629759023336,0.9985347891264789,0.9987151810534421,1.0016916012061847,0.00010977644843317377,1.0017049065731407,0.9993642502579512,1.0040407378720637,0.6841538705237633,0.000832090426614643,0.6841096975148762,0.6667369167110112,0.7014374533779634,-22.630893128543633,0.17466871597100567,-21.88664793203821,-25.56940771505925,-18.809336008977045,0.17301686572566133,0.0005030101079730478,0.1728907584259659,0.16248137206873453,0.18346040221934123,567.7979983250967,0.2429490681663331,567.7243905100862,562.5642967247827,573.2008100462755,3307.843335040382,9.131592459827742,3289.070958600358,3107.384756909442,3482.3552066585135
100,1000,1000,40,0.00794328234724282,16166.459039754334,11.025412742879118,0.9995786931893617,0.1,13.177044300762265,36.36757019090955,0.03861153116479738,0.005951664941137791,0.9940483350588623,1.0055657135269787,0.9199715611995469,-550.342848847032,0.040848520201554946,494.7572413462926,12111.99913497623,0.005975322344320943,2.876358724263684e-05,0.00594041518719632,0.005332647228763182,0.0065505822244928315,0.994024677655679,2.8763587242636828e-05,0.9940595848128038,0.9934494177755071,0.9946673527712369,1.0050665021475211,0.0003139322964725897,1.0051234076604882,0.9983913427492092,1.0118359968273196,0.9186375746643198,0.0004400832065336958,0.9195263518695673,0.9101313801586207,0.9285828236193592,-583.654556075213,6.865602671228249,-543.8662661373725,-700.995992059717,-429.26958553324255,0.0415717495586198,0.00023003551145714713,0.041080633280934656,0.036369975763584424,0.045991939155749506,494.8083989656648,0.5906896183536394,495.46466483992526,482.63267460782413,507.0749466415408,12204.822543079123,56.65752928858535,12082.191841464766,10947.725705695313,13341.81835827948
100,1000,1000,40,0.00794328234724282,16166.459039754334,11.025412742879118,0.9995786931893617,1.0,41.66947281934957,148.39817889675632,0.15301129859595375,0.023616075968195867,0.9763839240318042,1.0090198323834223,0.9837798374638881,-14834.55243037543,0.008143237425943532,361.3774213274129,44377.610822951196,0.023564741870520437,0.00015588356224213842,0.023174281458273015,0.020029876846952545,0.02640471317964762,0.9764352581294795,0.0001558835622421384,0.976825718541727,0.9735952868203523,0.9799701231530474,1.01120263070299,0.00101304538793696,1.010321403297444,0.9888800445753364,1.0310228452480463,0.9827586085025686,0.00015934378704525416,0.9834783467499102,0.9797135439337763,0.9864271265044522,-16914.94511122364,343.10171226093524,-14291.511775925781,-21271.58940102228,-9424.619168021738,0.008661438804588223,8.044912455105e-05,0.008295232084617694,0.006809622249887524,0.010195199163032088,361.79942831056576,1.144124863002944,362.3103971406125,336.76077189360456,387.09381133718716,44329.69364163406,301.32683480590606,43433.20208364194,37339.41885957493,50105.21055197136
100,1000,1000,40,0.00794328234724282,16166.459039754334,11.025412742879118,0.9995786931893617,10.0,131.77044300762265,814.1684814475695,0.8224732315510441,0.07287725330833356,0.9271227466916665,1.0136897401995162,0.9969255184137368,-421220.49511923373,0.0015384241675913226,179.04415551690252,116381.52811732546,0.07374958614734353,0.0007168411296149122,0.0697687334440313,0.05791497318424818,0.08635633202574258,0.9262504138526565,0.0007168411296149122,0.9302312665559687,0.9136436679742574,0.9420850268157518,1.0371445421262195,0.0035729628618482796,1.025791071999806,0.9586211730107499,1.1040258282378974,0.9964166403850309,5.955149037614782e-05,0.9968470728234036,0.9955417939332734,0.9977284053599598,-735750.0597734137,53310.431972484956,-400477.26194808085,-772560.8805721329,-199906.8193741512,0.0017937335812012085,2.9848923449731667e-05,0.0015777081734229656,0.0011364430794869452,0.0022315930376410314,179.19295023875503,1.3733625167730694,178.8302645060894,150.87469950059065,207.46277277758767,116187.73280534339,1225.558096193488,111643.76014501363,88896.89052512203,139108.68079744684
100,1000,1000,41,0.01,20326.44422986725,11.000515172942919,0.9995786931893617,0.01,4.166947281934958,7.68624610039773,0.008399506886244175,0.001374976356301492,0.9986250236436985,1.0018010534208712,0.7364108389242768,-35.59516698320364,0.1418561665290154,567.6095868527857,4001.3035791199554,0.001381141755810649,4.4953465881124224e-06,0.0013702409766640788,0.001284818946557838,0.001465210873521059,0.9986188582441894,4.495346588112467e-06,0.998629759023336,0.9985347891264789,0.9987151810534421,1.0016916012061847,0.00010977644843317377,1.0017049065731407,0.9993642502579512,1.0040407378720637,0.7353607668610563,0.0007371203934390723,0.7354119130570527,0.7200369408069116,0.7507798309703871,-36.437348107322514,0.2768784215769375,-35.24737346844189,-41.11054337399518,-30.391765609393985,0.1425758519718659,0.0004298627935820043,0.142438391106752,0.13352447772759987,0.15145009586337205,567.7979983250967,0.2429490681663331,567.7243905100862,562.5642967247827,573.2008100462755,4016.571266859537,11.521215674359391,3992.3801948109713,3764.1547274620434,4238.736944000912
100,1000,1000,41,0.01,20326.44422986725,11.000515172942919,0.9995786931893617,0.1,13.177044300762265,36.36757019090955,0.03861153116479738,0.005951664941137791,0.9940483350588623,1.0055657135269787,0.9355959915783915,-871.9452607526744,0.03273788889547033,494.7572413462926,15112.680079220014,0.005975322344320943,2.876358724263684e-05,0.00594041518719632,0.005332647228763182,0.0065505822244928315,0.994024677655679,2.8763587242636828e-05,0.9940595848128038,0.9934494177755071,0.9946673527712369,1.0050665021475211,0.0003139322964725897,1.0051234076604882,0.9983913427492092,1.0118359968273196,0.9344821091192943,0.0003594622869130576,0.9352513999093813,0.927572383483006,0.9426188999672106,-924.7596762720054,10.877464471472049,-862.2039135735081,-1111.0421611171084,-680.4386940604472,0.03333177175329792,0.00018622646958483605,0.03291603264901356,0.0291143733866985,0.03689440691265661,494.8083989656648,0.5906896183536394,495.46466483992526,482.63267460782413,507.0749466415408,15229.656339151616,71.41865741460852,15075.983353071413,13636.276466661668,16663.676888777856
100,1000,1000,41,0.01,20326.44422986725,11.000515172942919,0.9995786931893617,1.0,41.66947281934957,148.39817889675632,0.15301129859595375,0.023616075968195867,0.9763839240318042,1.0090198323834223,0.9870782272720549,-23492.50125897127,0.006481893837835054,361.3774213274129,55751.82660629823,0.023564741870520437,0.00015588356224213842,0.023174281458273015,0.020029876846952545,0.02640471317964762,0.9764352581294795,0.0001558835622421384,0.976825718541727,0.9735952868203523,0.9799701231530474,1.01120263070299,0.00101304538793696,1.010321403297444,0.9888800445753364,1.0310228452480463,0.986258943187323,0.00012741587269957442,0.9868376055915471,0.9838297524742694,0.9891931685773148,-26788.488950989267,543.4860047087137,-22633.15179755832,-33695.87848904028,-14927.495435077748,0.006896367246390056,6.420218708747872e-05,0.0066029970010876154,0.005418093597989681,0.008118075393269943,361.79942831056576,1.144124863002944,362.3103971406125,336.76077189360456,387.09381133718716,55691.58307350112,379.4845862001945,54560.10370745499,46899.98478870752,62964.877143936865
100,1000,1000,41,0.01,20326.44422986725,11.000515172942919,0.9995786931893617,10.0,131.77044300762265,814.1684814475695,0.8224732315510441,0.07287725330833356,0.9271227466916665,1.0136897401995162,0.9975564151005981,-667437.8575998307,0.0012225397514227993,179.04415551690252,146452.62479893176,0.07374958614734353,0.0007168411296149122,0.0697687334440313,0.05791497318424818,0.08635633202574258,0.9262504138526565,0.0007168411296149122,0.9302312665559687,0.9136436679742574,0.9420850268157518,1.0371445421262195,0.0035729628618482796,1.025791071999806,0.9586211730107499,1.1040258282378974,0.997151321411395,4.737845533743519e-05,0.9974941310585199,0.9964559683532559,0.9981946350157666,-1165792.001168275,84465.94170106211,-634617.7386267404,-1223964.8596231209,-316775.2936890953,0.0014256369197939895,2.373549514120959e-05,0.0012537203804932852,0.0009030902832491254,0.0017735886321160674,179.19295023875503,1.3733625167730694,178.8302645060894,150.87469950059065,207.46277277758767,146208.8862852018,1542.864761950068,140480.74874799268,111848.93718537665,175067.3403329212
100,1000,1000,42,0.012589254117941687,25563.544042936035,10.980767363048669,0.9995786931893617,0.01,4.166947281934958,7.68624610039773,0.008399506886244175,0.001374976356301492,0.9986250236436985,1.0018010534208712,0.7813114659002728,-56.9824117368339,0.11608175383677434,567.6095868527857,4889.739929764644,0.001381141755810649,4.4953465881124224e-06,0.0013702409766640788,0.001284818946557838,0.001465210873521059,0.9986188582441894,4.495346588112467e-06,0.998629759023336,0.9985347891264789,0.9987151810534421,1.0016916012061847,0.00010977644843317377,1.0017049065731407,0.9993642502579512,1.0040407378720637,0.7803077140006246,0.0006404699310716879,0.780456912755831,0.7670729349386763,0.7937277772243032,-58.315442109514244,0.4388893327260521,-56.439486575125876,-65.70122050422677,-48.74876924634251,0.11672407409126172,0.00036260749424225886,0.11656527535584978,0.1090859883816363,0.1241729995710197,567.7979983250967,0.2429490681663331,567.7243905100862,562.5642967247827,573.2008100462755,4908.814979995389,14.530572445504598,4876.328702270425,4590.761428921217,5189.905325371408
100,1000,1000,42,0.012589254117941687,25563.544042936035,10.980767363048669,0.9995786931893617,0.1,13.177044300762265,36.36757019090955,0.03861153116479738,0.005951664941137791,0.9940483350588623,1.0055657135269787,0.9483038565722425,-1381.424589418834,0.026191057459296823,494.7572413462926,18890.311783523375,0.005975322344320943,2.876358724263684e-05,0.00594041518719632,0.005332647228763182,0.0065505822244928315,0.994024677655679,2.8763587242636828e-05,0.9940595848128038,0.9934494177755071,0.9946673527712369,1.0050665021475211,0.0003139322964725897,1.0051234076604882,0.9983913427492092,1.0118359968273196,0.9473831255502049,0.0002919960681918079,0.9480410204979078,0.9417921606939665,0.9539975844386557,-1465.1536899004698,17.234871743116305,-1366.9075140877064,-1760.488568501885,-1078.263254623661,0.0266754962526558,0.00015019491903769166,0.026326019399785683,0.023272000791091374,0.02954023236013168,494.8083989656648,0.5906896183536394,495.46466483992526,482.63267460782413,507.0749466415408,19037.694972184956,90.00249716696042,18842.024635219586,17027.31368420146,20839.149102702646
100,1000,1000,42,0.012589254117941687,25563.544042936035,10.980767363048669,0.9995786931893617,1.0,41.66947281934957,148.39817889675632,0.15301129859595375,0.023616075968195867,0.9763839240318042,1.0090198323834223,0.9897119984083921,-37209.37968956685,0.00515729966572502,361.3774213274129,70071.05360370988,0.023564741870520437,0.00015588356224213842,0.023174281458273015,0.020029876846952545,0.02640471317964762,0.9764352581294795,0.0001558835622421384,0.976825718541727,0.9735952868203523,0.9799701231530474,1.01120263070299,0.00101304538793696,1.010321403297444,0.9888800445753364,1.0310228452480463,0.9890560554276628,0.00010174786761096465,0.9895201356460239,0.9871198800520932,0.9913996491971564,-42431.62701186262,860.9956920598759,-35849.01064850894,-53382.19268066906,-23646.31660196006,0.005488342017256308,5.1187735458504965e-05,0.00525373303930084,0.004309461141260386,0.006460931830377785,361.79942831056576,1.144124863002944,362.3103971406125,336.76077189360456,387.09381133718716,69995.29204043881,477.87900792316566,68567.93709808445,58930.731572518715,79153.97100693117
100,1000,1000,42,0.012589254117941687,25563.544042936035,10.980767363048669,0.9995786931893617,10.0,131.77044300762265,814.1684814475695,0.8224732315510441,0.07287725330833356,0.9271227466916665,1.0136897401995162,0.9980580809965939,-1057623.7209947875,0.0009714313411283024,179.04415551690252,184309.6345943971,0.07374958614734353,0.0007168411296149122,0.0697687334440313,0.05791497318424818,0.08635633202574258,0.9262504138526565,0.0007168411296149122,0.9302312665559687,0.9136436679742574,0.9420850268157518,1.0371445421262195,0.0035729628618482796,1.025791071999806,0.9586211730107499,1.1040258282378974,0.9977357484757406,3.7681529128565847e-05,0.9980086259260552,0.9971831320757903,0.9985653318302673,-1847281.2179122837,133837.07812133565,-1005679.1687262314,-1939269.2219486553,-501983.19124117086,0.0011329454052853751,1.887000522028622e-05,0.000996183229023072,0.0007175915569244059,0.0014094272049453586,179.19295023875503,1.3733625167730694,178.8302645060894,150.87469950059065,207.46277277758767,184003.03146122527,1942.327216902176,176784.0829209329,140743.80235088806,220336.4110987338
100,1000,1000,43,0.01584893192461114,32156.646671826726,10.965107019000653,0.9995786931893617,0.01,4.166947281934958,7.68624610039773,0.008399506886244175,0.001374976356301492,0.9986250236436985,1.0018010534208712,0.81998085314054,-90.87491621849145,0.09447205833252174,567.6095868527857,6008.2271612514205,0.001381141755810649,4.4953465881124224e-06,0.0013702409766640788,0.001284818946557838,0.001465210873521059,0.9986188582441894,4.495346588112467e-06,0.998629759023336,0.9985347891264789,0.9987151810534421,1.0016916012061847,0.00010977644843317377,1.0017049065731407,0.9993642502579512,1.0040407378720637,0.8190575800845962,0.000547449904796269,0.8192671454978235,0.8077773078061374,0.8305398828083815,-92.98548153712704,0.6956841244748058,-90.03372595339829,-104.65772689391801,-77.81782873618637,0.09503251590019712,0.0003025298844746227,0.09486622799477146,0.08866039123683428,0.10123567728677794,567.7979983250967,0.2429490681663331,567.7243905100862,562.5642967247827,573.2008100462755,6032.095879999454,18.319904724487248,5991.442322999455,5631.502729011532,6385.855504584164
100,1000,1000,43,0.01584893192461114,32156.646671826726,10.965107019000653,0.9995786931893617,0.1,13.177044300762265,36.36757019090955,0.03861153116479738,0.005951664941137791,0.9940483350588623,1.0055657135269787,0.9585908983821213,-2188.6105236762533,0.02092344610744485,494.7572413462926,23646.06856851612,0.005975322344320943,2.876358724263684e-05,0.00594041518719632,0.005332647228763182,0.0065505822244928315,0.994024677655679,2.8763587242636828e-05,0.9940595848128038,0.9934494177755071,0.9946673527712369,1.0050665021475211,0.0003139322964725897,1.0051234076604882,0.9983913427492092,1.0118359968273196,0.957835959103467,0.00023613659976366616,0.9583892718896093,0.9533241511605859,0.9631818649121358,-2321.3423173227466,27.309457892005202,-2166.7605402833965,-2788.5686915717265,-1708.222599214316,0.02131650215439468,0.00012076726746474709,0.021026419207623395,0.01858170747027394,0.023616801103206356,494.8083989656648,0.5906896183536394,495.46466483992526,482.63267460782413,507.0749466415408,23831.732234046583,113.39864473646577,23582.214517192497,21298.083253802004,26099.70241244822
100,1000,1000,43,0.01584893192461114,32156.646671826726,10.965107019000653,0.9995786931893617,1.0,41.66947281934957,148.39817889675632,0.15301129859595375,0.023616075968195867,0.9763839240318042,1.0090198323834223,0.9918128219206152,-58942.77274131611,0.004102002250925696,361.3774213274129,88097.81156162484,0.023564741870520437,0.00015588356224213842,0.023174281458273015,0.020029876846952545,0.02640471317964762,0.9764352581294795,0.0001558835622421384,0.976825718541727,0.9735952868203523,0.9799701231530474,1.01120263070299,0.00101304538793696,1.010321403297444,0.9888800445753364,1.0310228452480463,0.9912885022731184,8.116306071638314e-05,0.991659950736373,0.989746362148004,0.9931582425243067,-67217.51109728226,1364.1149125782822,-56788.67975442736,-84576.6169294591,-37461.358020557185,0.004366111019699924,4.0780511669302494e-05,0.0041787556351142435,0.003426750054094823,0.005140028897914725,361.79942831056576,1.144124863002944,362.3103971406125,336.76077189360456,387.09381133718716,88002.5138273254,601.7495572266,86202.61281646513,74073.73396951247,99532.04804765388
100,1000,1000,43,0.01584893192461114,32156.646671826726,10.965107019000653,0.9995786931893617,10.0,131.77044300762265,814.1684814475695,0.8224732315510441,0.07287725330833356,0.9271227466916665,1.0136897401995162,0.9984569016339114,-1675971.2295303638,0.0007718470569840144,179.04415551690252,231968.43713638812,0.07374958614734353,0.0007168411296149122,0.0697687334440313,0.05791497318424818,0.08635633202574258,0.9262504138526565,0.0007168411296149122,0.9302312665559687,0.9136436679742574,0.9420850268157518,1.0371445421262195,0.0035729628618482796,1.025791071999806,0.9586211730107499,1.1040258282378974,0.9982005127595641,2.9961546468589143e-05,0.9984176313833969,0.99776137722972,0.998860012797743,-2927262.6922572968,212075.89429315322,-1593738.1904387008,-3072793.7510795435,-795496.4594438625,0.0009002612315756923,1.4999246911698447e-05,0.0007914975434796664,0.0005701561421922549,0.0011199385165066454,179.19295023875503,1.3733625167730694,178.8302645060894,150.87469950059065,207.46277277758767,231582.70643036914,2445.216521721693,222486.8889178892,177120.2240952166,277326.52911324555
100,1000,1000,44,0.01995262314968879,40456.85011957578,10.952692106857228,0.9995786931893617,0.01,4.166947281934958,7.68624610039773,0.008399506886244175,0.001374976356301492,0.9986250236436985,1.0018010534208712,0.8527875699992432,-144.5862856166013,0.07653501961403902,567.6095868527857,7416.338164087536,0.001381141755810649,4.4953465881124224e-06,0.0013702409766640788,0.001284818946557838,0.001465210873521059,0.9986188582441894,4.495346588112467e-06,0.998629759023336,0.9985347891264789,0.9987151810534421,1.0016916012061847,0.00010977644843317377,1.0017049065731407,0.9993642502579512,1.0040407378720637,0.8519635416830377,0.0004615697004265747,0.8521630778198577,0.8424350568336183,0.8616688867577826,-147.9286587933658,1.1027085005136976,-143.2024793393196,-166.4296619615804,-123.80821677213865,0.07701513752635826,0.0002500957325218383,0.07687320599292094,0.07173878312310052,0.08215738998183145,567.7979983250967,0.2429490681663331,567.7243905100862,562.5642967247827,573.2008100462755,7446.242435962814,23.090989101098845,7397.876912451411,6939.834810739012,7890.261698731171
100,1000,1000,44,0.01995262314968879,40456.85011957578,10.952692106857228,0.9995786931893617,0.1,13.177044300762265,36.36757019090955,0.03861153116479738,0.005951664941137791,0.9940483350588623,1.0055657135269787,0.9668866860400092,-3467.557083503123,0.016696035785470322,494.7572413462926,29633.216393609655,0.005975322344320943,2.876358724263684e-05,0.00594041518719632,0.005332647228763182,0.0065505822244928315,0.994024677655679,2.8763587242636828e-05,0.9940595848128038,0.9934494177755071,0.9946673527712369,1.0050665021475211,0.0003139322964725897,1.0051234076604882,0.9983913427492092,1.0118359968273196,0.9662716734937752,0.0001902777002020836,0.9667280423478526,0.9626423217062743,0.9705795287333697,-3677.960694220652,43.27504655575662,-3433.7160577357163,-4418.077684074761,-2706.305216886394,0.017013581230759946,9.686791208567594e-05,0.016776707788640266,0.014820052613047481,0.018856625334751784,494.8083989656648,0.5906896183536394,495.46466483992526,482.63267460782413,507.0749466415408,29867.07293963819,142.8529546670622,29554.623639303154,26677.18643824045,32721.72469582327
100,1000,1000,44,0.01995262314968879,40456.85011957578,10.952692106857228,0.9995786931893617,1.0,41.66947281934957,148.39817889675632,0.15301129859595375,0.023616075968195867,0.9763839240318042,1.0090198323834223,0.9934871130361735,-93379.76465634714,0.0032617630309483107,361.3774213274129,110792.05261037851,0.023564741870520437,0.00015588356224213842,0.023174281458273015,0.020029876846952545,0.02640471317964762,0.9764352581294795,0.0001558835622421384,0.976825718541727,0.9735952868203523,0.9799701231530474,1.01120263070299,0.00101304538793696,1.010321403297444,0.9888800445753364,1.0310228452480463,0.993068543901127,6.468706912616956e-05,0.9933653804234542,0.9918409315683732,0.9945588980414553,-106491.82229173755,2161.377128520951,-89968.0684973202,-134008.25384489057,-59352.460480781214,0.0034722830338698267,3.246958073488178e-05,0.003322830391504961,0.002724261785959652,0.004087889651707633,361.79942831056576,1.144124863002944,362.3103971406125,336.76077189360456,387.09381133718716,110672.16007365135,757.6922528577887,108403.1663966571,93137.58402261914,125196.31074379437
100,1000,1000,44,0.01995262314968879,40456.85011957578,10.952692106857228,0.9995786931893617,10.0,131.77044300762265,814.1684814475695,0.8224732315510441,0.07287725330833356,0.9271227466916665,1.0136897401995162,0.9987739069692148,-2655912.743158752,0.00061323454369546,179.04415551690252,291966.8458954558,0.07374958614734353,0.0007168411296149122,0.0697687334440313,0.05791497318424818,0.08635633202574258,0.9262504138526565,0.0007168411296149122,0.9302312665559687,0.9136436679742574,0.9420850268157518,1.0371445421262195,0.0035729628618482796,1.025791071999806,0.9586211730107499,1.1040258282378974,0.9985700281659826,2.3818307935978872e-05,0.9987427231420731,0.99822109765517,0.9990942291529437,-4638778.019563427,336063.9703423338,-2525705.4855723567,-4869109.022836529,-1260654.7043199076,0.000715312735110899,1.1920822176548793e-05,0.0006288361470573892,0.00045298802390062896,0.0008898470864899756,179.19295023875503,1.3733625167730694,178.8302645060894,150.87469950059065,207.46277277758767,291481.5196161956,3078.3109446632284,280022.7968575039,222915.36237103055,349072.4876681334
100,1000,1000,45,0.025118864315095822,50906.15873101361,10.942854899182553,0.9995786931893617,0.01,4.166947281934958,7.68624610039773,0.008399506886244175,0.001374976356301492,0.9986250236436985,1.0018010534208712,0.8802754430442841,-229.70802985856824,0.061770047885762666,567.6095868527857,9189.074742220066,0.001381141755810649,4.4953465881124224e-06,0.0013702409766640788,0.001284818946557838,0.001465210873521059,0.9986188582441894,4.495346588112467e-06,0.998629759023336,0.9985347891264789,0.9987151810534421,1.0016916012061847,0.00010977644843317377,1.0017049065731407,0.9993642502579512,1.0040407378720637,0.8795573155210806,0.00038476614084826944,0.8797619260753349,0.8716366793542076,0.887643794154926,-235.002078471674,1.7478410276975194,-227.543615836284,-264.22196808238704,-196.7850940299795,0.06217525167014487,0.00020518050629786947,0.06204375047076208,0.05785150105245639,0.0663851547122562,567.7979983250967,0.2429490681663331,567.7243905100862,562.5642967247827,573.2008100462755,9226.578288544833,29.0978812237665,9163.188129529113,8586.212165891253,9788.086452763717
100,1000,1000,45,0.025118864315095822,50906.15873101361,10.942854899182553,0.9995786931893617,0.1,13.177044300762265,36.36757019090955,0.03861153116479738,0.005951664941137791,0.9940483350588623,1.0055657135269787,0.9735562791260363,-5494.104436414173,0.01331044440207221,494.7572413462926,37170.60275382445,0.005975322344320943,2.876358724263684e-05,0.00594041518719632,0.005332647228763182,0.0065505822244928315,0.994024677655679,2.8763587242636828e-05,0.9940595848128038,0.9934494177755071,0.9946673527712369,1.0050665021475211,0.0003139322964725897,1.0051234076604882,0.9983913427492092,1.0118359968273196,0.9730578363123579,0.00015288228574717453,0.9734288675161145,0.9701457902087478,0.9765194353030885,-5827.619356787684,68.57683489120201,-5440.466221793999,-7000.3145296446,-4287.738012251573,0.013566105089335678,7.754545139015941e-05,0.01337501171507478,0.011810020642807253,0.015040208857989856,494.8083989656648,0.5906896183536394,495.46466483992526,482.63267460782413,507.0749466415408,37465.1314434199,179.93388497567489,37073.460645619714,33449.63031908046,41070.81549970423
100,1000,1000,45,0.025118864315095822,50906.15873101361,10.942854899182553,0.9995786931893617,1.0,41.66947281934957,148.39817889675632,0.15301129859595375,0.023616075968195867,0.9763839240318042,1.0090198323834223,0.994820565878337,-147948.40687644747,0.00259307909041608,361.3774213274129,139362.28272521647,0.023564741870520437,0.00015588356224213842,0.023174281458273015,0.020029876846952545,0.02640471317964762,0.9764352581294795,0.0001558835622421384,0.976825718541727,0.9735952868203523,0.9799701231530474,1.01120263070299,0.00101304538793696,1.010321403297444,0.9888800445753364,1.0310228452480463,0.9944867606713497,5.152028696966818e-05,0.9947236736890079,0.9935099589727093,0.9956738528837819,-168726.37296318676,3424.787464811971,-142543.89113349485,-212340.86707368167,-94042.10594318293,0.002760764090489878,2.5839923913371212e-05,0.002641652320368957,0.002165418079503048,0.003250302757246069,361.79942831056576,1.144124863002944,362.3103971406125,336.76077189360456,387.09381133718716,139211.4267923494,954.0108998344548,136351.76183063554,117142.4355755522,157507.97258501887
100,1000,1000,45,0.025118864315095822,50906.15873101361,10.942854899182553,0.9995786931893617,10.0,131.77044300762265,814.1684814475695,0.8224732315510441,0.07287725330833356,0.9271227466916665,1.0136897401995162,0.9990258467175657,-4208917.412276348,0.0004871953208575283,179.04415551690252,367499.74363826215,0.07374958614734353,0.0007168411296149122,0.0697687334440313,0.05791497318424818,0.08635633202574258,0.9262504138526565,0.0007168411296149122,0.9302312665559687,0.9136436679742574,0.9420850268157518,1.0371445421262195,0.0035729628618482796,1.025791071999806,0.9586211730107499,1.1040258282378974,0.9988637598542657,1.8931576111431292e-05,0.9990010837354566,0.9985865227899902,0.9992803642501622,-7351160.268874801,532555.6596768465,-4002718.1422205316,-7715820.605480186,-1997842.7701075415,0.0005683263957878948,9.47315628624454e-06,0.0004995829242352525,0.0003598826334941577,0.0007069885214949729,179.19295023875503,1.3733625167730694,178.8302645060894,150.87469950059065,207.46277277758767,366889.06234069157,3875.3217813239617,352455.5266342115,280567.9663034335,439394.84598550614
100,1000,1000,46,0.03162277660168379,64061.02065742201,10.9350656906527,0.9995786931893617,0.01,4.166947281934958,7.68624610039773,0.008399506886244175,0.001374976356301492,0.9986250236436985,1.0018010534208712,0.9030713213647686,-364.61213009872114,0.0496993521180949,567.6095868527857,11420.864913973925,0.001381141755810649,4.4953465881124224e-06,0.0013702409766640788,0.001284818946557838,0.001465210873521059,0.9986188582441894,4.495346588112467e-06,0.998629759023336,0.9985347891264789,0.9987151810534421,1.0016916012061847,0.00010977644843317377,1.0017049065731407,0.9993642502579512,1.0040407378720637,0.9024572244371319,0.0003177606129752145,0.9026499928334698,0.8959408782338939,0.9091521521699932,-372.9986541938075,2.7703651251905614,-361.2028128678371,-419.37008114256525,-312.50641682139985,0.050037227327485216,0.00016728107016757948,0.04992105970895811,0.04650529518478963,0.053458464650498076,567.7979983250967,0.2429490681663331,567.7243905100862,562.5642967247827,573.2008100462755,11467.936741385849,36.660444954881385,11387.868701650405,10659.12492717899,12174.799402037566
100,1000,1000,46,0.03162277660168379,64061.02065742201,10.9350656906527,0.9995786931893617,0.1,13.177044300762265,36.36757019090955,0.03861153116479738,0.005951664941137791,0.9940483350588623,1.0055657135269787,0.9789053604811868,-8705.411164313267,0.010603537260625387,494.7572413462926,46659.64094675254,0.005975322344320943,2.876358724263684e-05,0.00594041518719632,0.005332647228763182,0.0065505822244928315,0.994024677655679,2.8763587242636828e-05,0.9940595848128038,0.9934494177755071,0.9946673527712369,1.0050665021475211,0.0003139322964725897,1.0051234076604882,0.9983913427492092,1.0118359968273196,0.9785030514883218,0.00012255179792156076,0.9788006956028364,0.9761713086377262,0.9812780111142497,-9234.056756745811,108.67500696628662,-8618.274159652636,-11092.123532792371,-6793.613092005646,0.010808808229411533,6.197945835503712e-05,0.010656431972319316,0.009405223558919791,0.011986179951245752,494.8083989656648,0.5906896183536394,495.46466483992526,482.63267460782413,507.0749466415408,47030.552666295574,226.6160251366268,46534.65612491737,41975.7105601175,51580.800192482755
100,1000,1000,46,0.03162277660168379,64061.02065742201,10.9350656906527,0.9995786931893617,1.0,41.66947281934957,148.39817889675632,0.15301129859595375,0.023616075968195867,0.9763839240318042,1.0090198323834223,0.9958819921350928,-234420.76372891787,0.002061128056887121,361.3774213274129,175329.92194245016,0.023564741870520437,0.00015588356224213842,0.023174281458273015,0.020029876846952545,0.02640471317964762,0.9764352581294795,0.0001558835622421384,0.976825718541727,0.9735952868203523,0.9799701231530474,1.01120263070299,0.00101304538793696,1.010321403297444,0.9888800445753364,1.0310228452480463,0.9956160025655406,4.101109676144451e-05,0.9958048991846893,0.9948390425154428,0.9965609263604489,-267347.4144845585,5426.943838965921,-225858.0758435839,-336460.31833022943,-149014.61541585356,0.00219461795476556,2.0556012600079523e-05,0.0020997548937932557,0.0017210177731246362,0.002583816803045489,361.79942831056576,1.144124863002944,362.3103971406125,336.76077189360456,387.09381133718716,175140.084772381,1201.1592559669693,171536.64330815425,147362.91920197828,198186.01207932437
100,1000,1000,46,0.03162277660168379,64061.02065742201,10.9350656906527,0.9995786931893617,10.0,131.77044300762265,814.1684814475695,0.8224732315510441,0.07287725330833356,0.9271227466916665,1.0136897401995162,0.9992260541192654,-6670131.261394899,0.00038704784338389105,179.04415551690252,462589.2084853155,0.07374958614734353,0.0007168411296149122,0.0697687334440313,0.05791497318424818,0.08635633202574258,0.9262504138526565,0.0007168411296149122,0.9302312665559687,0.9136436679742574,0.9420850268157518,1.0371445421262195,0.0035729628618482796,1.025791071999806,0.9586211730107499,1.1040258282378974,0.99909721544425,1.5045488859925589e-05,0.99920638976341,0.9988769593225286,0.9994282738627068,-11649744.019458089,843952.0503413441,-6343553.772391793,-12227225.876753611,-3166193.581703074,0.0004515225166850086,7.5273965314580165e-06,0.0003968838769670321,0.0002859039396962255,0.0005616780799358905,179.19295023875503,1.3733625167730694,178.8302645060894,150.87469950059065,207.46277277758767,461820.75457706023,4878.688320164729,443642.0274698783,353148.2592049133,553103.3854035784
100,1000,1000,47,0.039810717055349776,80621.95972789299,10.928904105516636,0.9995786931893617,0.01,4.166947281934958,7.68624610039773,0.008399506886244175,0.001374976356301492,0.9986250236436985,1.0018010534208712,0.9218178124062191,-578.4178514396713,0.03988656274051701,567.6095868527857,14230.596668491678,0.001381141755810649,4.4953465881124224e-06,0.0013702409766640788,0.001284818946557838,0.001465210873521059,0.9986188582441894,4.495346588112467e-06,0.998629759023336,0.9985347891264789,0.9987151810534421,1.0016916012061847,0.00010977644843317377,1.0017049065731407,0.9993642502579512,1.0040407378720637,0.9213005341850496,0.000260429167301532,0.9214795199185405,0.9159765196067032,0.9267993072898418,-591.704794602639,4.3910399019756925,-573.1219354475313,-665.2926797384262,-495.9289928451214,0.04016556544537635,0.00013568654721333626,0.04006275210088271,0.03729583606726579,0.042933377731714045,567.7979983250967,0.2429490681663331,567.7243905100862,562.5642967247827,573.2008100462755,14289.716174024263,46.181387310993685,14188.941215523177,13270.579507442937,15183.581120362693
100,1000,1000,47,0.039810717055349776,80621.95972789299,10.928904105516636,0.9995786931893617,0.1,13.177044300762265,36.36757019090955,0.03861153116479738,0.005951664941137791,0.9940483350588623,1.0055657135269787,0.9831869977403683,-13794.309305616376,0.008442135959595988,494.7572413462926,58605.694543916106,0.005975322344320943,2.876358724263684e-05,0.00594041518719632,0.005332647228763182,0.0065505822244928315,0.994024677655679,2.8763587242636828e-05,0.9940595848128038,0.9934494177755071,0.9946673527712369,1.0050665021475211,0.0003139322964725897,1.0051234076604882,0.9983913427492092,1.0118359968273196,0.9828633446374786,9.805645943321639e-05,0.9831012757713404,0.9809993054626331,0.9850831667611896,-14632.23219524362,172.22330770809924,-13652.923848553895,-17575.08814395967,-10764.504483035831,0.0086065870444747,4.947558698522763e-05,0.008485362806643634,0.00748644001189968,0.009545909473203627,494.8083989656648,0.5906896183536394,495.46466483992526,482.63267460782413,507.0749466415408,59072.768762177395,285.3852584495802,58449.08655070279,52709.5388466823,64804.57409780407
100,1000,1000,47,0.039810717055349776,80621.95972789299,10.928904105516636,0.9995786931893617,1.0,41.66947281934957,148.39817889675632,0.15301129859595375,0.023616075968195867,0.9763839240318042,1.0090198323834223,0.9967265228820289,-371453.55357594916,0.001638080212376704,361.3774213274129,220610.3331186007,0.023564741870520437,0.00015588356224213842,0.023174281458273015,0.020029876846952545,0.02640471317964762,0.9764352581294795,0.0001558835622421384,0.976825718541727,0.9735952868203523,0.9799701231530474,1.01120263070299,0.00101304538793696,1.010321403297444,0.9888800445753364,1.0310228452480463,0.9965147092086372,3.263135738122045e-05,0.9966652003907879,0.9958968786785161,0.9972665385554511,-423633.288014762,8599.869090307137,-357885.42492240167,-533153.5610311283,-236131.46933247015,0.001744300175343902,1.6347582902333794e-05,0.0016687922388790679,0.0013676659787975251,0.0020536694437488,361.79942831056576,1.144124863002944,362.3103971406125,336.76077189360456,387.09381133718716,220371.42042122027,1512.297692553509,215831.38939369103,185408.09305514474,249396.78630916995
100,1000,1000,47,0.039810717055349776,80621.95972789299,10.928904105516636,0.9995786931893617,10.0,131.77044300762265,814.1684814475695,0.8224732315510441,0.07287725330833356,0.9271227466916665,1.0136897401995162,0.9993851381374594,-10570710.477431145,0.00030747820269282235,179.04415551690252,582298.6928792857,0.07374958614734353,0.0007168411296149122,0.0697687334440313,0.05791497318424818,0.08635633202574258,0.9262504138526565,0.0007168411296149122,0.9302312665559687,0.9136436679742574,0.9420850268157518,1.0371445421262195,0.0035729628618482796,1.025791071999806,0.9586211730107499,1.1040258282378974,0.9992827421088332,1.195586482053373e-05,0.9993695226486128,0.9991077608972574,0.999545798922906,-18462194.468984906,1337451.775732085,-10053437.951432532,-19376901.233892787,-5017836.227085163,0.00035871114994088154,5.980869227976835e-06,0.0003152883792451775,0.00022712633205962464,0.00044621910716014,179.19295023875503,1.3733625167730694,178.8302645060894,150.87469950059065,207.46277277758767,581331.6714546925,6141.837533226067,558437.8615162834,444521.46312487137,696253.2520279742
100,1000,1000,48,0.05011872336272725,101470.87981487103,10.92403637496069,0.9995786931893617,0.01,4.166947281934958,7.68624610039773,0.008399506886244175,0.001374976356301492,0.9986250236436985,1.0018010534208712,0.9371291552560717,-917.2797726066044,0.03194568579233544,567.6095868527857,17767.95748078663,0.001381141755810649,4.4953465881124224e-06,0.0013702409766640788,0.001284818946557838,0.001465210873521059,0.9986188582441894,4.495346588112467e-06,0.998629759023336,0.9985347891264789,0.9987151810534421,1.0016916012061847,0.00010977644843317377,1.0017049065731407,0.9993642502579512,1.0040407378720637,0.9366986362175679,0.00021212234132426475,0.9368449091723838,0.9323691189664486,0.9411850108555841,-938.3324797691948,6.959764000681453,-908.6207064724131,-1055.0785291511747,-786.5623855079413,0.03217427425460061,0.00010960299163178339,0.03209251001628858,0.02985309832305235,0.03440737428374921,567.7979983250967,0.2429490681663331,567.7243905100862,562.5642967247827,573.2008100462755,17842.246842663015,58.167707508049375,17715.39757376443,16560.167173716076,18971.492594852032
100,1000,1000,48,0.05011872336272725,101470.87981487103,10.92403637496069,0.9995786931893617,0.1,13.177044300762265,36.36757019090955,0.03861153116479738,0.005951664941137791,0.9940483350588623,1.0055657135269787,0.9866088588121487,-21858.854290892432,0.006718137278169785,494.7572413462926,73645.00319961886,0.005975322344320943,2.876358724263684e-05,0.00594041518719632,0.005332647228763182,0.0065505822244928315,0.994024677655679,2.8763587242636828e-05,0.9940595848128038,0.9934494177755071,0.9946673527712369,1.0050665021475211,0.0003139322964725897,1.0051234076604882,0.9983913427492092,1.0118359968273196,0.9863491630345851,7.834085123979074e-05,0.9865391175870635,0.9848611688225025,0.9881223453068605,-23186.970116261586,272.9370264538328,-21630.63880907616,-27848.575178876836,-17057.641452147473,0.00684965491658928,3.94544286400008e-05,0.006753244361899505,0.005956567696173087,0.0075982825442414284,494.8083989656648,0.5906896183536394,495.46466483992526,482.63267460782413,507.0749466415408,74233.14174667382,359.3711653521883,73448.61717135855,66222.84044799913,81444.64898519631
100,1000,1000,48,0.05011872336272725,101470.87981487103,10.92403637496069,0.9995786931893617,1.0,41.66947281934957,148.39817889675632,0.15301129859595375,0.023616075968195867,0.9763839240318042,1.0090198323834223,0.9973982499165731,-588614.811477592,0.0013017222821634132,361.3774213274129,277614.83864808496,0.023564741870520437,0.00015588356224213842,0.023174281458273015,0.020029876846952545,0.02640471317964762,0.9764352581294795,0.0001558835622421384,0.976825718541727,0.9735952868203523,0.9799701231530474,1.01120263070299,0.00101304538793696,1.010321403297444,0.9888800445753364,1.0310228452480463,0.9972296649721458,2.5954821859356357e-05,0.9973494821735855,0.9967384820501834,0.9978276497727379,-671306.9023932335,13628.252885214533,-567112.8219493605,-844860.8306474609,-374191.4466526652,0.0013862126907224757,1.2997572992310494e-05,0.0013261382348254574,0.0010867656442980734,0.0016320908376579102,361.79942831056576,1.144124863002944,362.3103971406125,336.76077189360456,387.09381133718716,277314.1417575381,1903.9940060720005,271594.69372937345,233303.97246935562,313867.6528228007
100,1000,1000,48,0.05011872336272725,101470.87981487103,10.92403637496069,0.9995786931893617,10.0,131.77044300762265,814.1684814475695,0.8224732315510441,0.07287725330833356,0.9271227466916665,1.0136897401995162,0.9995115371420181,-16752460.27233532,0.00024426126077266443,179.04415551690252,733002.6666960509,0.07374958614734353,0.0007168411296149122,0.0697687334440313,0.05791497318424818,0.08635633202574258,0.9262504138526565,0.0007168411296149122,0.9302312665559687,0.9136436679742574,0.9420850268157518,1.0371445421262195,0.0035729628618482796,1.025791071999806,0.9586211730107499,1.1040258282378974,0.9994301659142409,9.499920210436367e-06,0.9994991370043067,0.9992911564002839,0.9996391754218077,-29258721.877636738,2119553.617011034,-15933098.771238275,-30707840.649006028,-7952391.237616352,0.0002849689251014339,4.751813886112182e-06,0.0002504628637788583,0.00018042856653643842,0.00035448462956170996,179.19295023875503,1.3733625167730694,178.8302645060894,150.87469950059065,207.46277277758767,731785.743252002,7732.02882735392,702955.7747400899,559553.67991883,876467.434392869
100,1000,1000,49,0.06309573444801943,127718.0285042981,10.920197311872235,0.9995786931893617,0.01,4.166947281934958,7.68624610039773,0.008399506886244175,0.001374976356301492,0.9986250236436985,1.0018010534208712,0.9495657542276523,-1454.355819376455,0.025543354362210554,567.6095868527857,22221.41927031012,0.001381141755810649,4.4953465881124224e-06,0.0013702409766640788,0.001284818946557838,0.001465210873521059,0.9986188582441894,4.495346588112467e-06,0.998629759023336,0.9985347891264789,0.9987151810534421,1.0016916012061847,0.00010977644843317377,1.0017049065731407,0.9993642502579512,1.0040407378720637,0.9492108601318935,0.00017191117504605162,0.9493301961310858,0.9456992128272941,0.9528505538235887,-1487.715638820954,11.03112786794792,-1440.3215524504299,-1672.8144666683986,-1246.8488923311124,0.02572946146651487,8.823640535293358e-05,0.025664228240949646,0.02385935756363854,0.027529325498939803,567.7979983250967,0.2429490681663331,567.7243905100862,562.5642967247827,573.2008100462755,22314.81022163389,73.25770453540453,22155.126887977593,20703.516898956677,23738.732683760336
100,1000,1000,49,0.06309573444801943,127718.0285042981,10.920197311872235,0.9995786931893617,0.1,13.177044300762265,36.36757019090955,0.03861153116479738,0.005951664941137791,0.9940483350588623,1.0055657135269787,0.9893401872732166,-34639.36302990881,0.005344186528215924,494.7572413462926,92578.5877296951,0.005975322344320943,2.876358724263684e-05,0.00594041518719632,0.005332647228763182,0.0065505822244928315,0.994024677655679,2.8763587242636828e-05,0.9940595848128038,0.9934494177755071,0.9946673527712369,1.0050665021475211,0.0003139322964725897,1.0051234076604882,0.9983913427492092,1.0118359968273196,0.9891322435352251,6.251518701088611e-05,0.9892837381768104,0.9879456728654302,0.9905470208934427,-36744.412702353155,432.55372247566504,-34272.452350727894,-44129.38373502897,-27030.984347180325,0.0054492188948783386,3.143766442195216e-05,0.005372563129294194,0.004737712513342451,0.00604543722703829,494.8083989656648,0.5906896183536394,495.46466483992526,482.63267460782413,507.0749466415408,93319.14159817308,452.5137302529634,92323.05565822551,83235.42859906485,102392.2322540743
100,1000,1000,49,0.06309573444801943,127718.0285042981,10.920197311872235,0.9995786931893617,1.0,41.66947281934957,148.39817889675632,0.15301129859595375,0.023616075968195867,0.9763839240318042,1.0090198323834223,0.9979323865712444,-932765.8330844184,0.001034341645697772,361.3774213274129,349379.16580128216,0.023564741870520437,0.00015588356224213842,0.023174281458273015,0.020029876846952545,0.02640471317964762,0.9764352581294795,0.0001558835622421384,0.976825718541727,0.9735952868203523,0.9799701231530474,1.01120263070299,0.00101304538793696,1.010321403297444,0.9888800445753364,1.0310228452480463,0.9977982631229323,2.0638624863840312e-05,0.9978936093576265,0.9974078359475789,0.9982737512545473,-1063814.4320214007,21597.23049608838,-898687.3032930535,-1338842.3250954286,-592988.275544357,0.0011015284432405574,1.0332049818153175e-05,0.0010537505164532278,0.0008634971869814829,0.0012969230324812492,361.79942831056576,1.144124863002944,362.3103971406125,336.76077189360456,387.09381133718716,349000.68427959125,2397.1057281876715,341795.9927187853,293590.10394331295,395032.28379924985
100,1000,1000,49,0.06309573444801943,127718.0285042981,10.920197311872235,0.9995786931893617,10.0,131.77044300762265,814.1684814475695,0.8224732315510441,0.07287725330833356,0.9271227466916665,1.0136897401995162,0.9996119611534333,-26549523.76782886,0.00019403824870436304,179.04415551690252,922726.0950478606,0.07374958614734353,0.0007168411296149122,0.0697687334440313,0.05791497318424818,0.08635633202574258,0.9262504138526565,0.0007168411296149122,0.9302312665559687,0.9136436679742574,0.9420850268157518,1.0371445421262195,0.0035729628618482796,1.025791071999806,0.9586211730107499,1.1040258282378974,0.9995473035875049,7.5479737724556975e-06,0.9996021145050833,0.9994368729365259,0.9997133616589708,-46369395.95048459,3359040.9219133286,-25251612.19344562,-48665509.953044645,-12603198.822533157,0.00022638094919368623,3.775156931543811e-06,0.00019896254057449105,0.00014332944230932402,0.00028160318193042885,179.19295023875503,1.3733625167730694,178.8302645060894,150.87469950059065,207.46277277758767,921194.6762330525,9733.935367014716,884891.2368376319,704371.1081053747,1103342.7643973338
100,1000,1000,50,0.07943282347242822,160761.12154680575,10.917175978568416,0.9995786931893617,0.01,4.166947281934958,7.68624610039773,0.008399506886244175,0.001374976356301492,0.9986250236436985,1.0018010534208712,0.9596223332492674,-2305.6100547446586,0.02039684910201146,567.6095868527857,27828.297597044544,0.001381141755810649,4.4953465881124224e-06,0.0013702409766640788,0.001284818946557838,0.001465210873521059,0.9986188582441894,4.495346588112467e-06,0.998629759023336,0.9985347891264789,0.9987151810534421,1.0016916012061847,0.00010977644843317377,1.0017049065731407,0.9993642502579512,1.0040407378720637,0.959332007404634,0.0001387599243077049,0.9594297913698473,0.9564956915845726,0.9622715289803496,-2358.4749339403866,17.48417782827211,-2283.082924376605,-2651.822451245899,-1976.3054528481866,0.020547605170696658,7.084268814016468e-05,0.020495129481331073,0.019045603007189757,0.021994022741287124,567.7979983250967,0.2429490681663331,567.7243905100862,562.5642967247827,573.2008100462755,27945.74153323886,92.25498559787474,27744.710273978104,25920.82956586701,29738.86725172542
100,1000,1000,50,0.07943282347242822,160761.12154680575,10.917175978568416,0.9995786931893617,0.1,13.177044300762265,36.36757019090955,0.03861153116479738,0.005951664941137791,0.9940483350588623,1.0055657135269787,0.9915181699971101,-54894.133919420325,0.00424994602204011,494.7572413462926,116414.94710297362,0.005975322344320943,2.876358724263684e-05,0.00594041518719632,0.005332647228763182,0.0065505822244928315,0.994024677655679,2.8763587242636828e-05,0.9940595848128038,0.9934494177755071,0.9946673527712369,1.0050665021475211,0.0003139322964725897,1.0051234076604882,0.9983913427492092,1.0118359968273196,0.9913519411473823,4.983926777622917e-05,0.9914726610130575,0.9904065060658672,0.9924797172875909,-58230.58741043359,685.5260621435449,-54306.03297262665,-69930.95633211071,-42837.02287190569,0.004333733077025239,2.5033692010921635e-05,0.004272797894636304,0.003767237395078392,0.004808306877127079,494.8083989656648,0.5906896183536394,495.46466483992526,482.63267460782413,507.0749466415408,117347.38706565037,569.7732510740525,116098.51727338317,104653.58394366267,128759.0244732435
100,1000,1000,50,0.07943282347242822,160761.12154680575,10.917175978568416,0.9995786931893617,1.0,41.66947281934957,148.39817889675632,0.15301129859595375,0.023616075968195867,0.9763839240318042,1.0090198323834223,0.9983570241277466,-1478176.2368471338,0.0008218256348137045,361.3774213274129,439725.1752913885,0.023564741870520437,0.00015588356224213842,0.023174281458273015,0.020029876846952545,0.02640471317964762,0.9764352581294795,0.0001558835622421384,0.976825718541727,0.9735952868203523,0.9799701231530474,1.01120263070299,0.00101304538793696,1.010321403297444,0.9888800445753364,1.0310228452480463,0.9982503527158361,1.6407695010735155e-05,0.9983261943094,0.9979400573754837,0.9986283526926111,-1685861.6530315352,34226.60019901552,-1424160.1316715968,-2121693.9673799975,-939741.8653152355,0.0008752403487856439,8.21189225575059e-06,0.0008372533419980677,0.0006860589925210792,0.0010305022807515038,361.79942831056576,1.144124863002944,362.3103971406125,336.76077189360456,387.09381133718716,439248.7638215213,3017.8909737574177,430173.64319879934,369482.54615747975,497213.6477659376
100,1000,1000,50,0.07943282347242822,160761.12154680575,10.917175978568416,0.9995786931893617,10.0,131.77044300762265,814.1684814475695,0.8224732315510441,0.07287725330833356,0.9271227466916665,1.0136897401995162,0.9996917446708868,-42076339.96502996,0.00015413954405604972,179.04415551690252,1161571.8511000443,0.07374958614734353,0.0007168411296149122,0.0697687334440313,0.05791497318424818,0.08635633202574258,0.9262504138526565,0.0007168411296149122,0.9302312665559687,0.9136436679742574,0.9420850268157518,1.0371445421262195,0.0035729628618482796,1.025791071999806,0.9586211730107499,1.1040258282378974,0.9996403715110368,5.996777313864915e-06,0.9996839259270313,0.9995526454608451,0.9997722992326479,-73487052.9009625,5323408.587815874,-40020357.090037644,-77125722.30863462,-19974014.394781455,0.00017983490766288048,2.9991271000926276e-06,0.00015804952635539547,0.00011385686545108793,0.00022370229094596878,179.19295023875503,1.3733625167730694,178.8302645060894,150.87469950059065,207.46277277758767,1159644.665596234,12254.152747928023,1113932.3099678047,886686.4270849689,1388961.0910052352
100,1000,1000,51,0.1,202359.777721085,10.914804247004174,0.9995786931893617,0.01,4.166947281934958,7.68624610039773,0.008399506886244175,0.001374976356301492,0.9986250236436985,1.0018010534208712,0.9677252120360894,-3654.8678928253116,0.016269746304359425,567.6095868527857,34887.42702156927,0.001381141755810649,4.4953465881124224e-06,0.0013702409766640788,0.001284818946557838,0.001465210873521059,0.9986188582441894,4.495346588112467e-06,0.998629759023336,0.9985347891264789,0.9987151810534421,1.0016916012061847,0.00010977644843317377,1.0017049065731407,0.9993642502579512,1.0040407378720637,0.9674891511525836,0.00011163731405186222,0.9675686809314528,0.9652060084349435,0.9698550842905783,-3738.646885529994,27.712276476038408,-3618.786636834974,-4203.53085606294,-3132.3983839117163,0.016391371834924968,5.6753614647883795e-05,0.016349309494795808,0.01518779237329995,0.01755101485128094,567.7979983250967,0.2429490681663331,567.7243905100862,562.5642967247827,573.2008100462755,35035.159735429865,116.1712941599598,34781.8417709982,32489.440466695134,37291.07288535497
100,1000,1000,51,0.1,202359.777721085,10.914804247004174,0.9995786931893617,0.1,13.177044300762265,36.36757019090955,0.03861153116479738,0.005951664941137791,0.9940483350588623,1.0055657135269787,0.9932535386981233,-86995.01300508394,0.003378939266220764,494.7572413462926,146423.8337434407,0.005975322344320943,2.876358724263684e-05,0.00594041518719632,0.005332647228763182,0.0065505822244928315,0.994024677655679,2.8763587242636828e-05,0.9940595848128038,0.9934494177755071,0.9946673527712369,1.0050665021475211,0.0003139322964725897,1.0051234076604882,0.9983913427492092,1.0118359968273196,0.9931208320584213,3.970355399092989e-05,0.9932169627031385,0.9923680212765211,0.9940191662247525,-92283.18868692617,1086.4603980732522,-86054.5855220396,-110821.93691468547,-67887.57711475516,0.003445718743304984,1.9923963900993052e-05,0.003397289436334468,0.002994901605485557,0.0038232981677591513,494.8083989656648,0.5906896183536394,495.46466483992526,482.63267460782413,507.0749466415408,147597.85397918773,717.3946698352318,146035.65947843256,131618.39650457818,161953.4803336355
100,1000,1000,51,0.1,202359.777721085,10.914804247004174,0.9995786931893617,1.0,41.66947281934957,148.39817889675632,0.15301129859595375,0.023616075968195867,0.9763839240318042,1.0090198323834223,0.9986945524601801,-2342556.235762052,0.0006529369332292878,361.3774213274129,553464.5123229845,0.023564741870520437,0.00015588356224213842,0.023174281458273015,0.020029876846952545,0.02640471317964762,0.9764352581294795,0.0001558835622421384,0.976825718541727,0.9735952868203523,0.9799701231530474,1.01120263070299,0.00101304538793696,1.010321403297444,0.9888800445753364,1.0310228452480463,0.9986097365139445,1.3041806617548145e-05,0.9986700430905855,0.9983631546465103,0.9989101816274115,-2671698.8500413876,54242.04644779754,-2256930.4630650235,-3362353.024933016,-1489291.8562533949,0.0006953948029278676,6.5259831974386316e-06,0.000665199700102073,0.0005450577304871264,0.0008187578596115949,361.79942831056576,1.144124863002944,362.3103971406125,336.76077189360456,387.09381133718716,552864.8061715525,3799.407089353587,541446.8749517088,465024.2127910872,625854.4443483104
100,1000,1000,51,0.1,202359.777721085,10.914804247004174,0.9995786931893617,10.0,131.77044300762265,814.1684814475695,0.8224732315510441,0.07287725330833356,0.9271227466916665,1.0136897401995162,0.9997551279078756,-66684033.88361852,0.00012244354227274778,179.04415551690252,1462258.8679938274,0.07374958614734353,0.0007168411296149122,0.0697687334440313,0.05791497318424818,0.08635633202574258,0.9262504138526565,0.0007168411296149122,0.9302312665559687,0.9136436679742574,0.9420850268157518,1.0371445421262195,0.0035729628618482796,1.025791071999806,0.9586211730107499,1.1040258282378974,0.9997143121699893,4.764166965359622e-06,0.9997489196858846,0.9996446234022099,0.9998191210131414,-116464355.87994553,8436595.028368788,-63427237.198809035,-122231315.75848565,-31655658.587212354,0.00014285695449291127,2.3825495054600854e-06,0.00012554803824116334,9.044358350190898e-05,0.00017770408827340876,179.19295023875503,1.3733625167730694,178.8302645060894,150.87469950059065,207.46277277758767,1459833.6682892528,15426.87527778337,1402275.719533508,1116209.7792904708,1748532.902210365
100,1000,1000,52,0.12589254117941687,254729.23018954127,10.912947601522779,0.9995786931893617,0.01,4.166947281934958,7.68624610039773,0.008399506886244175,0.001374976356301492,0.9986250236436985,1.0018010534208712,0.9742351639904323,-5793.546087669233,0.012966482843448568,567.6095868527857,43775.138848818635,0.001381141755810649,4.4953465881124224e-06,0.0013702409766640788,0.001284818946557838,0.001465210873521059,0.9986188582441894,4.495346588112467e-06,0.998629759023336,0.9985347891264789,0.9987151810534421,1.0016916012061847,0.00010977644843317377,1.0017049065731407,0.9993642502579512,1.0040407378720637,0.9740441577249148,8.958138359937101e-05,0.9741092910758757,0.972211253674702,0.9759423314744532,-5926.3238421536125,43.92411424895302,-5736.230689755861,-6662.54370230635,-4964.747781128779,0.013064287893326695,4.538670908770663e-05,0.013030248145429886,0.012102064242371256,0.013992264904979996,567.7979983250967,0.2429490681663331,567.7243905100862,562.5642967247827,573.2008100462755,43961.01415284398,146.28045289522814,43639.37987810497,40759.51146539166,46798.146315779915
100,1000,1000,52,0.12589254117941687,254729.23018954127,10.912947601522779,0.9995786931893617,0.1,13.177044300762265,36.36757019090955,0.03861153116479738,0.005951664941137791,0.9940483350588623,1.0055657135269787,0.9946353736262529,-137871.5051722534,0.002685920270723875,494.7572413462926,184203.9939677554,0.005975322344320943,2.876358724263684e-05,0.00594041518719632,0.005332647228763182,0.0065505822244928315,0.994024677655679,2.8763587242636828e-05,0.9940595848128038,0.9934494177755071,0.9946673527712369,1.0050665021475211,0.0003139322964725897,1.0051234076604882,0.9983913427492092,1.0118359968273196,0.9945295407599426,3.161000306145722e-05,0.99460604750848,0.9939304241832433,0.9952446901078138,-146253.0974995976,1721.9082708242638,-136370.37759956918,-175628.62667012872,-107590.65061902619,0.0027391064682208118,1.5850658766216472e-05,0.0027006229279515495,0.0023804883084180386,0.003039406906531456,494.8083989656648,0.5906896183536394,495.46466483992526,482.63267460782413,507.0749466415408,185682.16110212856,903.240476249268,183725.65834391513,165566.66919738587,203740.3021165862
100,1000,1000,52,0.12589254117941687,254729.23018954127,10.912947601522779,0.9995786931893617,1.0,41.66947281934957,148.39817889675632,0.15301129859595375,0.023616075968195867,0.9763839240318042,1.0090198323834223,0.9989628046788516,-3712468.545238934,0.0005187322021228979,361.3774213274129,696655.0752941215,0.023564741870520437,0.00015588356224213842,0.023174281458273015,0.020029876846952545,0.02640471317964762,0.9764352581294795,0.0001558835622421384,0.976825718541727,0.9735952868203523,0.9799701231530474,1.01120263070299,0.00101304538793696,1.010321403297444,0.9888800445753364,1.0310228452480463,0.9988953804834095,1.0364932238274973e-05,0.9989433208434971,0.99869944764243,0.9991341474793645,-4234103.1221954385,85963.52819888889,-3576723.151876422,-5328559.641450587,-2360255.0993391993,0.000552475805211057,5.185673294990028e-06,0.0005284792234429626,0.00043302001363093687,0.0006504877463550809,361.79942831056576,1.144124863002944,362.3103971406125,336.76077189360456,387.09381133718716,695900.1366114154,4783.271794965684,681534.5372349899,585296.6107796717,787807.3387968778
100,1000,1000,52,0.12589254117941687,254729.23018954127,10.912947601522779,0.9995786931893617,10.0,131.77044300762265,814.1684814475695,0.8224732315510441,0.07287725330833356,0.9271227466916665,1.0136897401995162,0.9998054808014512,-105683774.305511,9.726432944929422e-05,179.04415551690252,1840799.772441157,0.07374958614734353,0.0007168411296149122,0.0697687334440313,0.05791497318424818,0.08635633202574258,0.9262504138526565,0.0007168411296149122,0.9302312665559687,0.9136436679742574,0.9420850268157518,1.0371445421262195,0.0035729628618482796,1.025791071999806,0.9586211730107499,1.1040258282378974,0.9997730544526326,3.7847822273514583e-06,0.9998005503150729,0.9997176948010009,0.9998563167600407,-184577085.56380266,13370480.923091833,-100523612.12208654,-193718324.1266598,-50169395.88172454,0.0001134810019900972,1.8926852015237341e-06,9.972981549968553e-05,7.184420080683133e-05,0.00014116256293841159,179.19295023875503,1.3733625167730694,178.8302645060894,150.87469950059065,207.46277277758767,1837747.932911459,19421.042495035723,1765276.700510709,1405166.3279195356,2201207.772948876
100,1000,1000,53,0.1584893192461114,320658.30928442534,10.911497634620982,0.9995786931893617,0.01,4.166947281934958,7.68624610039773,0.008399506886244175,0.001374976356301492,0.9986250236436985,1.0018010534208712,0.9794533035139141,-9183.664186965196,0.010326668281945672,567.6095868527857,54965.41298272835,0.001381141755810649,4.4953465881124224e-06,0.0013702409766640788,0.001284818946557838,0.001465210873521059,0.9986188582441894,4.495346588112467e-06,0.998629759023336,0.9985347891264789,0.9987151810534421,1.0016916012061847,0.00010977644843317377,1.0017049065731407,0.9993642502579512,1.0040407378720637,0.9792993532657223,7.173193970319289e-05,0.9793530332199393,0.977831064324045,0.9808196195024987,-9394.108486961502,69.62101012200812,-9093.27745826153,-10560.836894608077,-7869.090571754934,0.010405112749626924,3.6245101063076666e-05,0.01037732785687695,0.009636622495468584,0.011146591086226943,567.7979983250967,0.2429490681663331,567.7243905100862,562.5642967247827,573.2008100462755,55199.32324132966,184.1863225346967,54791.64435906755,51172.067479353835,58770.23088398183
100,1000,1000,53,0.1584893192461114,320658.30928442534,10.911497634620982,0.9995786931893617,0.1,13.177044300762265,36.36757019090955,0.03861153116479738,0.005951664941137791,0.9940483350588623,1.0055657135269787,0.9957351485751283,-218507.54802048692,0.0021347041934325125,494.7572413462926,231768.52458922856,0.005975322344320943,2.876358724263684e-05,0.00594041518719632,0.005332647228763182,0.0065505822244928315,0.994024677655679,2.8763587242636828e-05,0.9940595848128038,0.9934494177755071,0.9946673527712369,1.0050665021475211,0.0003139322964725897,1.0051234076604882,0.9983913427492092,1.0118359968273196,0.9956508186186351,2.5154126045223758e-05,0.9957116787456584,0.9951742214937791,0.9962198674957816,-231792.16549000028,2729.059648998371,-216114.69250765818,-278341.259021142,-170518.79688188664,0.002177039817089926,1.2605925556156613e-05,0.002146464281686659,0.0018918558113362747,0.002415807316215452,494.8083989656648,0.5906896183536394,495.46466483992526,482.63267460782413,507.0749466415408,233629.6138830007,1137.2100589567917,231176.94864937384,208307.6722827827,256344.57843696265
100,1000,1000,53,0.1584893192461114,320658.30928442534,10.911497634620982,0.9995786931893617,1.0,41.66947281934957,148.39817889675632,0.15301129859595375,0.023616075968195867,0.9763839240318042,1.0090198323834223,0.9991759766255579,-5883609.616347936,0.0004120965990245144,361.3774213274129,876924.056599447,0.023564741870520437,0.00015588356224213842,0.023174281458273015,0.020029876846952545,0.02640471317964762,0.9764352581294795,0.0001558835622421384,0.976825718541727,0.9735952868203523,0.9799701231530474,1.01120263070299,0.00101304538793696,1.010321403297444,0.9888800445753364,1.0310228452480463,0.9991223870180611,8.236553998491769e-06,0.9991604880658362,0.9989667112988435,0.9993121144793105,-6710318.907460205,136237.91610014753,-5668387.081446447,-8444646.061541714,-3740637.8510326017,0.0004389112924848589,4.120301565013078e-06,0.00041984410164631187,0.00034400192910389,0.0005167778805336783,361.79942831056576,1.144124863002944,362.3103971406125,336.76077189360456,387.09381133718716,875973.6685449642,6021.881027223481,857896.0665359485,736723.5167270262,991700.5947645686
100,1000,1000,53,0.1584893192461114,320658.30928442534,10.911497634620982,0.9995786931893617,10.0,131.77044300762265,814.1684814475695,0.8224732315510441,0.07287725330833356,0.9271227466916665,1.0136897401995162,0.9998454813384638,-167493302.8256567,7.726231550072973e-05,179.04415551690252,2317354.2542251595,0.07374958614734353,0.0007168411296149122,0.0697687334440313,0.05791497318424818,0.08635633202574258,0.9262504138526565,0.0007168411296149122,0.9302312665559687,0.9136436679742574,0.9420850268157518,1.0371445421262195,0.0035729628618482796,1.025791071999806,0.9586211730107499,1.1040258282378974,0.9998197210430843,3.0066450422048103e-06,0.9998415640552143,0.9997757445039915,0.9998858649411123,-292526437.2723472,21189907.64408352,-159314042.28364754,-307018122.9049768,-79511191.12194028,9.014467062678411e-05,1.5035081005217268e-06,7.922111039641166e-05,5.706915790875708e-05,0.0001121340350278054,179.19295023875503,1.3733625167730694,178.8302645060894,150.87469950059065,207.46277277758767,2313513.9845658424,24449.3372710399,2222267.4076015335,1768948.1261235692,2771094.998703235
100,1000,1000,54,0.19952623149688828,403657.9892046692,10.910365727425466,0.9995786931893617,0.01,4.166947281934958,7.68624610039773,0.008399506886244175,0.001374976356301492,0.9986250236436985,1.0018010534208712,0.9836282900612091,-14557.808075423329,0.008219636178851852,567.6095868527857,69055.31759582958,0.001381141755810649,4.4953465881124224e-06,0.0013702409766640788,0.001284818946557838,0.001465210873521059,0.9986188582441894,4.495346588112467e-06,0.998629759023336,0.9985347891264789,0.9987151810534421,1.0016916012061847,0.00010977644843317377,1.0017049065731407,0.9993642502579512,1.0040407378720637,0.9835045934486213,5.7341920502995115e-05,0.9835484272233427,0.9823304000786222,0.9847205961412303,-14891.366264680248,110.3539051151853,-14415.048978049817,-16741.60926895115,-12472.880842257033,0.008282420042071102,2.8911708651334592e-05,0.008259899357343404,0.007669109550108065,0.008874175456575213,567.7979983250967,0.2429490681663331,567.7243905100862,562.5642967247827,573.2008100462755,69349.7239832955,231.90845288870133,68833.64871288769,64279.53172993399,73843.17534117431
100,1000,1000,54,0.19952623149688828,403657.9892046692,10.910365727425466,0.9995786931893617,0.1,13.177044300762265,36.36757019090955,0.03861153116479738,0.005951664941137791,0.9940483350588623,1.0055657135269787,0.9966100916071821,-346314.7958333676,0.001696393071134843,494.7572413462926,291652.4771085706,0.005975322344320943,2.876358724263684e-05,0.00594041518719632,0.005332647228763182,0.0065505822244928315,0.994024677655679,2.8763587242636828e-05,0.9940595848128038,0.9934494177755071,0.9946673527712369,1.0050665021475211,0.0003139322964725897,1.0051234076604882,0.9983913427492092,1.0118359968273196,0.9965429411692157,2.0008956417076368e-05,0.9965913350139948,0.9961639412672885,0.9969955630753593,-367370.79700671864,4325.381392039218,-342504.3537550382,-441136.4329616434,-270261.8745226614,0.0017300761743687036,1.0022716134947285e-05,0.0017057873482809707,0.0015033484906779716,0.001919872321601747,494.8083989656648,0.5906896183536394,495.46466483992526,482.63267460782413,507.0749466415408,293995.6746571404,1431.768131007281,290916.306453303,262119.92617386545,322572.07864016935
100,1000,1000,54,0.19952623149688828,403657.9892046692,10.910365727425466,0.9995786931893617,1.0,41.66947281934957,148.39817889675632,0.15301129859595375,0.023616075968195867,0.9763839240318042,1.0090198323834223,0.9993453637693246,-9324665.989406249,0.0003273717014531653,361.3774213274129,1103874.9523043686,0.023564741870520437,0.00015588356224213842,0.023174281458273015,0.020029876846952545,0.02640471317964762,0.9764352581294795,0.0001558835622421384,0.976825718541727,0.9735952868203523,0.9799701231530474,1.01120263070299,0.00101304538793696,1.010321403297444,0.9888800445753364,1.0310228452480463,0.9993027759269131,6.544614848887395e-06,0.9993330510271627,0.9991790936372209,0.9994535201740682,-10634885.282273792,215917.39351482762,-8983396.24490126,-13383132.673801895,-5928438.802054749,0.0003486781776013963,3.2735853092773625e-06,0.0003335301076037924,0.0002732772532568051,0.00041053745206046945,361.79942831056576,1.144124863002944,362.3103971406125,336.76077189360456,387.09381133718716,1102678.468423419,7581.202464117392,1079926.2690327913,927347.4777675107,1248398.8576309276
100,1000,1000,54,0.19952623149688828,403657.9892046692,10.910365727425466,0.9995786931893617,10.0,131.77044300762265,814.1684814475695,0.8224732315510441,0.07287725330833356,0.9271227466916665,1.0136897401995162,0.9998772574516869,-265454293.65028918,6.137315748878683e-05,179.04415551690252,2917303.96223487,0.07374958614734353,0.0007168411296149122,0.0697687334440313,0.05791497318424818,0.08635633202574258,0.9262504138526565,0.0007168411296149122,0.9302312665559687,0.9136436679742574,0.9420850268157518,1.0371445421262195,0.0035729628618482796,1.025791071999806,0.9586211730107499,1.1040258282378974,0.9998567935573696,2.388429507887244e-06,0.9998741452164894,0.9998218597140054,0.9999093376073854,-463612787.6613479,33582528.30467989,-252489449.38089716,-486589852.54524314,-126014408.77045123,7.160649756157327e-05,1.1943318566986754e-06,6.29293718153329e-05,4.533222382552425e-05,8.907411009758741e-05,179.19295023875503,1.3733625167730694,178.8302645060894,150.87469950059065,207.46277277758767,2912471.7856661086,30779.516369751578,2797587.8468502774,2226935.3573588403,3488549.1735499087
100,1000,1000,55,0.25118864315095824,508148.43016382545,10.909477351629558,0.9995786931893617,0.01,4.166947281934958,7.68624610039773,0.008399506886244175,0.001374976356301492,0.9986250236436985,1.0018010534208712,0.9869637773767043,-23077.78540769276,0.006539493801236084,567.6095868527857,86797.17484333376,0.001381141755810649,4.4953465881124224e-06,0.0013702409766640788,0.001284818946557838,0.001465210873521059,0.9986188582441894,4.495346588112467e-06,0.998629759023336,0.9985347891264789,0.9987151810534421,1.0016916012061847,0.00010977644843317377,1.0017049065731407,0.9993642502579512,1.0040407378720637,0.9868646386249986,4.577600385597801e-05,0.9868998182918132,0.9859269069297527,0.9878358491289547,-23606.51249810873,174.92434784801213,-22850.76206403543,-26540.63289603601,-19771.128459855972,0.006589657652066503,2.3040660410842067e-05,0.006571684372132659,0.006100684611928008,0.007061478776772996,567.7979983250967,0.2429490681663331,567.7243905100862,562.5642967247827,573.2008100462755,87167.77629322025,291.99010888521434,86515.10393162146,80777.79266515662,92822.1172080623
100,1000,1000,55,0.25118864315095824,508148.43016382545,10.909477351629558,0.9995786931893617,0.1,13.177044300762265,36.36757019090955,0.03861153116479738,0.005951664941137791,0.9940483350588623,1.0055657135269787,0.9973059493137711,-548896.5329942752,0.001347933805886928,494.7572413462926,367048.6185489998,0.005975322344320943,2.876358724263684e-05,0.00594041518719632,0.005332647228763182,0.0065505822244928315,0.994024677655679,2.8763587242636828e-05,0.9940595848128038,0.9934494177755071,0.9946673527712369,1.0050665021475211,0.0003139322964725897,1.0051234076604882,0.9983913427492092,1.0118359968273196,0.9972525079183119,1.5911162345429554e-05,0.99729097500093,0.9969512083202007,0.997612410279711,-582270.6954386407,6855.6192336831045,-542832.9943083252,-699170.200938558,-428365.8603953959,0.0013747226776801929,7.967101501058028e-06,0.0013554310962902113,0.0011945082851775202,0.001525559506040231,494.8083989656648,0.5906896183536394,495.46466483992526,482.63267460782413,507.0749466415408,369998.8155584131,1802.6109949740526,366128.0598221117,329873.35258692736,405952.4893340628
100,1000,1000,55,0.25118864315095824,508148.43016382545,10.909477351629558,0.9995786931893617,1.0,41.66947281934957,148.39817889675632,0.15301129859595375,0.023616075968195867,0.9763839240318042,1.0090198323834223,0.9994799506775564,-14778556.95208768,0.0002600584764274333,361.3774213274129,1389600.624797368,0.023564741870520437,0.00015588356224213842,0.023174281458273015,0.020029876846952545,0.02640471317964762,0.9764352581294795,0.0001558835622421384,0.976825718541727,0.9735952868203523,0.9799701231530474,1.01120263070299,0.00101304538793696,1.010321403297444,0.9888800445753364,1.0310228452480463,0.9994461098281652,5.199826010257463e-06,0.9994701621008646,0.9993478511604531,0.9995658696035463,-16855100.77075393,342203.266052618,-14237348.817188615,-21209918.06560351,-9396026.293302149,0.0002769868252572277,2.6007195144074802e-06,0.00026495404990404983,0.00021708876203318682,0.0003261275994892175,361.79942831056576,1.144124863002944,362.3103971406125,336.76077189360456,387.09381133718716,1388094.2557175218,9544.295386002233,1359455.1986240146,1167335.7266843736,1571584.2126828334
100,1000,1000,55,0.25118864315095824,508148.43016382545,10.909477351629558,0.9995786931893617,10.0,131.77044300762265,814.1684814475695,0.8224732315510441,0.07287725330833356,0.9271227466916665,1.0136897401995162,0.9999024998888626,-420713308.4925801,4.8751243910521176e-05,179.04415551690252,3672606.9153337516,0.07374958614734353,0.0007168411296149122,0.0697687334440313,0.05791497318424818,0.08635633202574258,0.9262504138526565,0.0007168411296149122,0.9302312665559687,0.9136436679742574,0.9420850268157518,1.0371445421262195,0.0035729628618482796,1.025791071999806,0.9586211730107499,1.1040258282378974,0.9998862439688335,1.8972849159533797e-06,0.9999000273165987,0.9998584935551149,0.9999279838054351,-734766724.1973127,53223138.597626,-400162890.9487759,-771203806.3002899,-199717408.43527427,5.6880082836540074e-05,9.487163486284696e-07,4.998759108476389e-05,3.600874560545115e-05,7.07557256299518e-05,179.19295023875503,1.3733625167730694,178.8302645060894,150.87469950059065,207.46277277758767,3666526.9760617143,38748.680702334335,3521885.0382167194,2803531.4042239115,4391790.040500253
100,1000,1000,56,0.31622776601683794,639694.5257407576,10.908766162657434,0.9995786931893617,0.01,4.166947281934958,7.68624610039773,0.008399506886244175,0.001374976356301492,0.9986250236436985,1.0018010534208712,0.9896254911516487,-36586.62024484794,0.0052007784725358955,567.6095868527857,109139.35093567247,0.001381141755810649,4.4953465881124224e-06,0.0013702409766640788,0.001284818946557838,0.001465210873521059,0.9986188582441894,4.495346588112467e-06,0.998629759023336,0.9985347891264789,0.9987151810534421,1.0016916012061847,0.00010977644843317377,1.0017049065731407,0.9993642502579512,1.0040407378720637,0.9895461969450521,3.6502206725581806e-05,0.9895741121408745,0.9887981060202241,0.9903209840580399,-37424.772443817405,277.2909717673913,-36224.08200832883,-42077.87526996009,-31342.10170676736,0.005240802686259944,1.8347790521236727e-05,0.005226602617179386,0.004851275407538719,0.005616720766129044,567.7979983250967,0.2429490681663331,567.7243905100862,562.5642967247827,573.2008100462755,109605.928749805,367.6347018540305,108781.03962277934,101554.07553544843,116721.13722248856
100,1000,1000,56,0.31622776601683794,639694.5257407576,10.908766162657434,0.9995786931893617,0.1,13.177044300762265,36.36757019090955,0.03861153116479738,0.005951664941137791,0.9940483350588623,1.0055657135269787,0.9978592432434324,-870019.3200811336,0.0010709518472132717,494.7572413462926,461978.97938520997,0.005975322344320943,2.876358724263684e-05,0.00594041518719632,0.005332647228763182,0.0065505822244928315,0.994024677655679,2.8763587242636828e-05,0.9940595848128038,0.9934494177755071,0.9946673527712369,1.0050665021475211,0.0003139322964725897,1.0051234076604882,0.9983913427492092,1.0118359968273196,0.9978167312345814,1.2649270417767462e-05,0.9978472970014141,0.9975772642819603,0.9981028318232894,-922919.5268646408,10866.36196859407,-860374.5404491117,-1108181.745525342,-678996.4509781001,0.0010922509152363738,6.331910084873629e-06,0.0010769313899208046,0.00094903442153067,0.0012121024553493204,494.8083989656648,0.5906896183536394,495.46466483992526,482.63267460782413,507.0749466415408,465693.44511761045,2269.5075514194014,460826.5615986708,415188.17593350355,510931.5159286044
100,1000,1000,56,0.31622776601683794,639694.5257407576,10.908766162657434,0.9995786931893617,1.0,41.66947281934957,148.39817889675632,0.15301129859595375,0.023616075968195867,0.9763839240318042,1.0090198323834223,0.9995868818849466,-23422989.37454741,0.0002065803952566031,361.3774213274129,1749330.6704081441,0.023564741870520437,0.00015588356224213842,0.023174281458273015,0.020029876846952545,0.02640471317964762,0.9764352581294795,0.0001558835622421384,0.976825718541727,0.9735952868203523,0.9799701231530474,1.01120263070299,0.00101304538793696,1.010321403297444,0.9888800445753364,1.0310228452480463,0.9995599941254449,4.131085667780119e-06,0.9995790993345299,0.9994819369345473,0.9996551296711544,-26714129.99524366,542362.517204278,-22564564.674052782,-33614450.477345765,-14892235.361860208,0.00022002927586941287,2.0660518000308444e-06,0.00021047248207566136,0.00017245003395725765,0.00025906509015802395,361.79942831056576,1.144124863002944,362.3103971406125,336.76077189360456,387.09381133718716,1747434.0562291264,12015.748696567392,1711381.5456733513,1469477.2313446645,1978489.7769235969
100,1000,1000,56,0.31622776601683794,639694.5257407576,10.908766162657434,0.9995786931893617,10.0,131.77044300762265,814.1684814475695,0.8224732315510441,0.07287725330833356,0.9271227466916665,1.0136897401995162,0.9999225519695617,-666789543.105688,3.872476502284117e-05,179.04415551690252,4623505.279148789,0.07374958614734353,0.0007168411296149122,0.0697687334440313,0.05791497318424818,0.08635633202574258,0.9262504138526565,0.0007168411296149122,0.9302312665559687,0.9136436679742574,0.9420850268157518,1.0371445421262195,0.0035729628618482796,1.025791071999806,0.9586211730107499,1.1040258282378974,0.9999096391664843,1.5071012613687663e-06,0.9999205876663875,0.9998875951853046,0.9999427959042767,-1164525344.0955622,84351230.87852798,-634215620.8467569,-1222319809.5614192,-316531903.9222106,4.518172112226618e-05,7.535972532202828e-07,3.970695513017999e-05,2.860245691702198e-05,5.620398679248452e-05,179.19295023875503,1.3733625167730694,178.8302645060894,150.87469950059065,207.46277277758767,4615855.94263075,48781.25444767799,4433751.463131363,3529468.4970098073,5528944.85760099
100,1000,1000,57,0.39810717055349776,805302.6257278969,10.908166193866881,0.9995786931893617,0.01,4.166947281934958,7.68624610039773,0.008399506886244175,0.001374976356301492,0.9986250236436985,1.0018010534208712,0.9917476231419624,-58009.35225670003,0.004134736451781638,567.6095868527857,137278.29898522442,0.001381141755810649,4.4953465881124224e-06,0.0013702409766640788,0.001284818946557838,0.001465210873521059,0.9986188582441894,4.495346588112467e-06,0.998629759023336,0.9985347891264789,0.9987151810534421,1.0016916012061847,0.00010977644843317377,1.0017049065731407,0.9993642502579512,1.0040407378720637,0.991684308458556,2.9080211402443e-05,0.9917064449137791,0.9910879989514055,0.9923018151999361,-59338.14253709923,439.5991258252043,-57431.15596608135,-66718.16890404723,-49690.26367856831,0.004166632676770119,1.4601281814518051e-05,0.004155411264562302,0.003856528807261488,0.004465972981684238,567.7979983250967,0.2429490681663331,567.7243905100862,562.5642967247827,573.2008100462755,137865.78480549157,462.8785902526488,136821.68813193726,127729.41249414622,146819.2356603943
100,1000,1000,57,0.39810717055349776,805302.6257278969,10.908166193866881,0.9995786931893617,0.1,13.177044300762265,36.36757019090955,0.03861153116479738,0.005951664941137791,0.9940483350588623,1.0055657135269787,0.9982991013146186,-1379094.04873455,0.000850811282609947,494.7572413462926,581512.3182529694,0.005975322344320943,2.876358724263684e-05,0.00594041518719632,0.005332647228763182,0.0065505822244928315,0.994024677655679,2.8763587242636828e-05,0.9940595848128038,0.9934494177755071,0.9946673527712369,1.0050665021475211,0.0003139322964725897,1.0051234076604882,0.9983913427492092,1.0118359968273196,0.9982652962890511,1.0053830759340328e-05,0.9982895744699638,0.9980750191061092,0.9984926758731483,-1462948.2388473493,17224.40926695434,-1363754.7043059692,-1756563.5287894113,-1076345.9515421796,0.0008677409880645308,5.031508112028403e-06,0.000855578772549086,0.0007539462809300335,0.0009629540873254825,494.8083989656648,0.5906896183536394,495.46466483992526,482.63267460782413,507.0749466415408,586189.1174034199,2857.3634141574944,580068.7221879051,522597.7242644537,643110.3539222253
100,1000,1000,57,0.39810717055349776,805302.6257278969,10.908166193866881,0.9995786931893617,1.0,41.66947281934957,148.39817889675632,0.15301129859595375,0.023616075968195867,0.9763839240318042,1.0090198323834223,0.9996718376315135,-37125183.91302557,0.0001640946477700095,361.3774213274129,2202249.898082657,0.023564741870520437,0.00015588356224213842,0.023174281458273015,0.020029876846952545,0.02640471317964762,0.9764352581294795,0.0001558835622421384,0.976825718541727,0.9735952868203523,0.9799701231530474,1.01120263070299,0.00101304538793696,1.010321403297444,0.9888800445753364,1.0310228452480463,0.9996504762337354,3.281801662816857e-06,0.999665649141712,0.999588470271229,0.9997260435845885,-42341503.986519046,859623.4035244677,-35763311.338798374,-53274710.74240469,-23604361.038226534,0.0001747785023527782,1.6412219981896088e-06,0.0001671894052977361,0.0001369875905240808,0.00020578603837852037,361.79942831056576,1.144124863002944,362.3103971406125,336.76077189360456,387.09381133718716,2199861.7675773986,15127.28461055637,2154473.628836677,1849888.196542358,2490828.1582015827
100,1000,1000,57,0.39810717055349776,805302.6257278969,10.908166193866881,0.9995786931893617,10.0,131.77044300762265,814.1684814475695,0.8224732315510441,0.07287725330833356,0.9271227466916665,1.0136897401995162,0.9999384809523142,-1056819226.6469035,3.075999693155573e-05,179.04415551690252,5820681.839315357,0.07374958614734353,0.0007168411296149122,0.0697687334440313,0.05791497318424818,0.08635633202574258,0.9262504138526565,0.0007168411296149122,0.9302312665559687,0.9136436679742574,0.9420850268157518,1.0371445421262195,0.0035729628618482796,1.025791071999806,0.9586211730107499,1.1040258282378974,0.9999282241203163,1.197127981120751e-06,0.9999369205411315,0.9999107132776849,0.9999545623311593,-1845681576.015186,133686755.65126684,-1005188474.8551743,-1937379148.992486,-501682107.2457,3.588876282126741e-05,5.985934065038137e-07,3.154022682898858e-05,2.271909250218003e-05,4.464435771727732e-05,179.19295023875503,1.3733625167730694,178.8302645060894,150.87469950059065,207.46277277758767,5811058.936663819,61411.65468597635,5581794.806372246,4443422.248550771,6960627.039633904
100,1000,1000,58,0.5011872336272725,1013794.6107330958,10.907597544882112,0.9995786931893617,0.01,4.166947281934958,7.68624610039773,0.008399506886244175,0.001374976356301492,0.9986250236436985,1.0018010534208712,0.9934384262015818,-91992.37747239543,0.003286186409769011,567.6095868527857,172725.92484876217,0.001381141755810649,4.4953465881124224e-06,0.0013702409766640788,0.001284818946557838,0.001465210873521059,0.9986188582441894,4.495346588112467e-06,0.998629759023336,0.9985347891264789,0.9987151810534421,1.0016916012061847,0.00010977644843317377,1.0017049065731407,0.9993642502579512,1.0040407378720637,0.9933879444187668,2.3148687800115032e-05,0.9934053916797521,0.9929129127617737,0.9938797234301455,-94099.3218556054,697.0063441575674,-91068.49764676747,-105807.28256382144,-78792.89084628172,0.0033115784301069183,1.1613016150210257e-05,0.0033027582662254903,0.003064834891386884,0.0035498443164559794,567.7979983250967,0.2429490681663331,567.7243905100862,562.5642967247827,573.2008100462755,173465.75517672815,582.8114816510972,172136.8621586364,160704.4718391253,184728.0026442522
100,1000,1000,58,0.5011872336272725,1013794.6107330958,10.907597544882112,0.9995786931893617,0.1,13.177044300762265,36.36757019090955,0.03861153116479738,0.005951664941137791,0.9940483350588623,1.0055657135269787,0.9986487384810306,-2186251.701934826,0.0006758591522814812,494.7572413462926,732041.9345897036,0.005975322344320943,2.876358724263684e-05,0.00594041518719632,0.005332647228763182,0.0065505822244928315,0.994024677655679,2.8763587242636828e-05,0.9940595848128038,0.9934494177755071,0.9946673527712369,1.0050665021475211,0.0003139322964725897,1.0051234076604882,0.9983913427492092,1.0118359968273196,0.9986218661730016,7.989290252622168e-06,0.9986411490181264,0.998470713753487,0.9988025364079736,-2319182.888805074,27304.945551985773,-2161874.1601590016,-2784548.161504481,-1706418.2675456805,0.0006893124715290262,3.997543822251943e-06,0.0006796564573955767,0.0005989111432975907,0.0007649356866172858,494.8083989656648,0.5906896183536394,495.46466483992526,482.63267460782413,507.0749466415408,737930.5639167969,3597.5751725405166,730233.1409572436,657860.7617610063,809550.5778420317
100,1000,1000,58,0.5011872336272725,1013794.6107330958,10.907597544882112,0.9995786931893617,1.0,41.66947281934957,148.39817889675632,0.15301129859595375,0.023616075968195867,0.9763839240318042,1.0090198323834223,0.9997393335369611,-58846391.462502815,0.00013034172600226765,361.3774213274129,2772538.2531847535,0.023564741870520437,0.00015588356224213842,0.023174281458273015,0.020029876846952545,0.02640471317964762,0.9764352581294795,0.0001558835622421384,0.976825718541727,0.9735952868203523,0.9799701231530474,1.01120263070299,0.00101304538793696,1.010321403297444,0.9888800445753364,1.0310228452480463,0.9997223641542171,2.6069448467695924e-06,0.9997344115120574,0.9996731115994174,0.9997823814373952,-67114434.28164187,1362535.6005151668,-56685104.32556434,-84436281.82962504,-37415446.33743814,0.0001388284084895206,1.3036750651879661e-06,0.0001328030623013465,0.00010881520168901114,0.00016345755950854303,361.79942831056576,1.144124863002944,362.3103971406125,336.76077189360456,387.09381133718716,2769530.895970399,19044.859194034143,2712387.667394641,2328887.5855970182,3135973.602998247
100,1000,1000,58,0.5011872336272725,1013794.6107330958,10.907597544882112,0.9995786931893617,10.0,131.77044300762265,814.1684814475695,0.8224732315510441,0.07287725330833356,0.9271227466916665,1.0136897401995162,0.9999511347863433,-1675053001.9120154,2.443290531174518e-05,179.04415551690252,7327992.8535897015,0.07374958614734353,0.0007168411296149122,0.0697687334440313,0.05791497318424818,0.08635633202574258,0.9262504138526565,0.0007168411296149122,0.9302312665559687,0.9136436679742574,0.9420850268157518,1.0371445421262195,0.0035729628618482796,1.025791071999806,0.9586211730107499,1.1040258282378974,0.9999429880361622,9.508740624453093e-07,0.9999498953718026,0.9999290783287518,0.9999639095102606,-2925356622.1900177,211882834.75101122,-1593221212.911856,-3070910615.855874,-795163443.7706187,2.850650114518408e-05,4.754555896859224e-07,2.5052627916844527e-05,1.8045407690130574e-05,3.546146438216481e-05,179.19295023875503,1.3733625167730694,178.8302645060894,150.87469950059065,207.46277277758767,7315888.8233784195,77312.93137858705,7027263.146016043,5594111.359039327,8763202.92813192
100,1000,1000,59,0.6309573444801942,1276280.6185884168,10.906928710803632,0.9995786931893617,0.01,4.166947281934958,7.68624610039773,0.008399506886244175,0.001374976356301492,0.9986250236436985,1.0018010534208712,0.9947850290741044,-145931.09306878256,0.002610893846286153,567.6095868527857,217400.48438207392,0.001381141755810649,4.4953465881124224e-06,0.0013702409766640788,0.001284818946557838,0.001465210873521059,0.9986188582441894,4.495346588112467e-06,0.998629759023336,0.9985347891264789,0.9987151810534421,1.0016916012061847,0.00010977644843317377,1.0017049065731407,0.9993642502579512,1.0040407378720637,0.9947448343204038,1.841279613631598e-05,0.9947586461477655,0.9943666849065889,0.9951362405574388,-149272.72112556268,1105.4143748424906,-144459.915850306,-167856.3169614102,-124982.48166024519,0.002631086709862904,9.230821355756554e-06,0.0026241199288183263,0.00243484395382167,0.0028206355391291868,567.7979983250967,0.2429490681663331,567.7243905100862,562.5642967247827,573.2008100462755,218332.33175743587,733.8635248255293,216635.7098058946,202241.5490015591,232495.23199694528
100,1000,1000,59,0.6309573444801942,1276280.6185884168,10.906928710803632,0.9995786931893617,0.1,13.177044300762265,36.36757019090955,0.03861153116479738,0.005951664941137791,0.9940483350588623,1.0055657135269787,0.9989266531280437,-3466411.43715831,0.0005368175225043784,494.7572413462926,921648.8296397912,0.005975322344320943,2.876358724263684e-05,0.00594041518719632,0.005332647228763182,0.0065505822244928315,0.994024677655679,2.8763587242636828e-05,0.9940595848128038,0.9934494177755071,0.9946673527712369,1.0050665021475211,0.0003139322964725897,1.0051234076604882,0.9983913427492092,1.0118359968273196,0.9989052989693684,6.347310887799087e-06,0.9989206122737257,0.9987852336798199,0.9990488182393035,-3677174.418340434,43291.82439511898,-3427689.361407105,-4414820.083229264,-2705719.669657962,0.0005475054332242013,3.1754843796143933e-06,0.0005398395765267572,0.00047570402751382615,0.0006075677293974472,494.8083989656648,0.5906896183536394,495.46466483992526,482.63267460782413,507.0749466415408,929063.7237044862,4529.784432911492,919379.4822470222,828238.6218521928,1019169.3556869973
100,1000,1000,59,0.6309573444801942,1276280.6185884168,10.906928710803632,0.9995786931893617,1.0,41.66947281934957,148.39817889675632,0.15301129859595375,0.023616075968195867,0.9763839240318042,1.0090198323834223,0.9997929598755569,-93285911.46781696,0.00010352542097793685,361.3774213274129,3490711.922866066,0.023564741870520437,0.00015588356224213842,0.023174281458273015,0.020029876846952545,0.02640471317964762,0.9764352581294795,0.0001558835622421384,0.976825718541727,0.9735952868203523,0.9799701231530474,1.01120263070299,0.00101304538793696,1.010321403297444,0.9888800445753364,1.0310228452480463,0.9997794809545848,2.0706871468290285e-06,0.9997890436416168,0.9997403619878634,0.9998271400012667,-106392216.73325494,2159864.6710593984,-89854088.1658484,-133832452.53752764,-59314023.21652021,0.0001102661375826197,1.0354714131748478e-06,0.00010548374260389993,8.643373477073136e-05,0.00012982743366974327,361.79942831056576,1.144124863002944,362.3103971406125,336.76077189360456,387.09381133718716,3486924.0435269834,23977.757614199258,3414983.016353721,2932087.408638183,3948494.3940711715
100,1000,1000,59,0.6309573444801942,1276280.6185884168,10.906928710803632,0.9995786931893617,10.0,131.77044300762265,814.1684814475695,0.8224732315510441,0.07287725330833356,0.9271227466916665,1.0136897401995162,0.9999611872952276,-2655136719.304674,1.9406540693071974e-05,179.04415551690252,9225969.653665286,0.07374958614734353,0.0007168411296149122,0.0697687334440313,0.05791497318424818,0.08635633202574258,0.9262504138526565,0.0007168411296149122,0.9302312665559687,0.9136436679742574,0.9420850268157518,1.0371445421262195,0.0035729628618482796,1.025791071999806,0.9586211730107499,1.1040258282378974,0.9999547170482715,7.552308743131819e-07,0.999960203089209,0.999943668209897,0.9999713352680937,-4636904819.004838,335833290.6150719,-2525454817.9085093,-4868124960.757703,-1260424146.1028762,2.26418034196703e-05,3.77627144388279e-07,1.9898653374374872e-05,1.433246866429506e-05,2.8166291721700122e-05,179.19295023875503,1.3733625167730694,178.8302645060894,150.87469950059065,207.46277277758767,9210747.869825883,97333.17303636471,8847416.217189573,7043042.625479707,11032973.335295035
100,1000,1000,60,0.7943282347242822,1606763.1478314402,10.905820212378716,0.9995786931893617,0.01,4.166947281934958,7.68624610039773,0.008399506886244175,0.001374976356301492,0.9986250236436985,1.0018010534208712,0.9958576878798718,-231669.50241776762,0.002073305357617053,567.6095868527857,273770.3757757931,0.001381141755810649,4.4953465881124224e-06,0.0013702409766640788,0.001284818946557838,0.001465210873521059,0.9986188582441894,4.495346588112467e-06,0.998629759023336,0.9985347891264789,0.9987151810534421,1.0016916012061847,0.00010977644843317377,1.0017049065731407,0.9993642502579512,1.0040407378720637,0.9958257360249612,1.4631744243521476e-05,0.9958368274161296,0.9955253197139633,0.9961369688528439,-236972.26254678247,1754.1438760243527,-229346.45050649042,-266490.01175310044,-198432.49500714603,0.0020893415084167087,7.331275704367177e-06,0.0020837573142211824,0.0019333845615098952,0.002239848603903358,567.7979983250967,0.2429490681663331,567.7243905100862,562.5642967247827,573.2008100462755,274944.4231923779,924.2140626909688,272786.23197908053,254626.94153416096,292740.816189743
100,1000,1000,60,0.7943282347242822,1606763.1478314402,10.905820212378716,0.9995786931893617,0.1,13.177044300762265,36.36757019090955,0.03861153116479738,0.005951664941137791,0.9940483350588623,1.0055657135269787,0.9991476106471665,-5498299.346639802,0.00042628553609589125,494.7572413462926,1160624.0405843817,0.005975322344320943,2.876358724263684e-05,0.00594041518719632,0.005332647228763182,0.0065505822244928315,0.994024677655679,2.8763587242636828e-05,0.9940595848128038,0.9934494177755071,0.9946673527712369,1.0050665021475211,0.0003139322964725897,1.0051234076604882,0.9983913427492092,1.0118359968273196,0.9991306491028015,5.0411811110909805e-06,0.9991428015519537,0.9990352315721325,0.9992446170453836,-5832583.492749069,68663.8106307368,-5436740.058819313,-7002181.827211749,-4291262.926606604,0.00043477313885699795,2.5217439187399208e-06,0.00042869111206098726,0.00037776282969001284,0.0004825006173717779,494.8083989656648,0.5906896183536394,495.46466483992526,482.63267460782413,507.0749466415408,1169962.0476221729,5704.327199734714,1157768.7264019186,1042980.9697577507,1283254.1982864835
100,1000,1000,60,0.7943282347242822,1606763.1478314402,10.905820212378716,0.9995786931893617,1.0,41.66947281934957,148.39817889675632,0.15301129859595375,0.023616075968195867,0.9763839240318042,1.0090198323834223,0.9998355749327349,-147916564.22739795,8.221591336072235e-05,361.3774213274129,4395468.061540219,0.023564741870520437,0.00015588356224213842,0.023174281458273015,0.020029876846952545,0.02640471317964762,0.9764352581294795,0.0001558835622421384,0.976825718541727,0.9735952868203523,0.9799701231530474,1.01120263070299,0.00101304538793696,1.010321403297444,0.9888800445753364,1.0310228452480463,0.9998248705298155,1.6444845837048527e-06,0.9998324564638295,0.999793805508126,0.9998627031738345,-168696854.79008815,3424505.1369268605,-142461031.80636945,-212154934.2433445,-94053486.98505807,8.756890701837691e-05,8.223229188779257e-07,8.377527723549396e-05,6.86507695532823e-05,0.0001031025610198343,361.79942831056576,1.144124863002944,362.3103971406125,336.76077189360456,387.09381133718716,4390694.998419155,30190.8196136287,4300141.868334794,3691949.828052341,4972296.673989665
100,1000,1000,60,0.7943282347242822,1606763.1478314402,10.905820212378716,0.9995786931893617,10.0,131.77044300762265,814.1684814475695,0.8224732315510441,0.07287725330833356,0.9271227466916665,1.0136897401995162,0.99996917448166,-4209389696.4831185,1.541287794834285e-05,179.04415551690252,11616529.76926044,0.07374958614734353,0.0007168411296149122,0.0697687334440313,0.05791497318424818,0.08635633202574258,0.9262504138526565,0.0007168411296149122,0.9302312665559687,0.9136436679742574,0.9420850268157518,1.0371445421262195,0.0035729628618482796,1.025791071999806,0.9586211730107499,1.1040258282378974,0.9999640366203033,5.997636447204106e-07,0.999968393431609,0.9999552608974398,0.9999772357561636,-7350961463.856737,532357303.8912234,-4003950472.835527,-7718888797.114457,-1998282165.1718845,1.7981896444451805e-05,2.998892058336201e-07,1.5803409069782213e-05,1.1382186696141603e-05,2.236980148423414e-05,179.19295023875503,1.3733625167730694,178.8302645060894,150.87469950059065,207.46277277758767,11597394.269131545,122543.11019894609,11140098.297666602,8867971.482159054,13891777.015500132
100,1000,1000,61,1.0,2023160.594449112,10.899813367139249,0.9995786931893617,0.01,4.166947281934958,7.68624610039773,0.008399506886244175,0.001374976356301492,0.9986250236436985,1.0018010534208712,0.996720306982005,-370043.4147155492,0.00164119326666681,567.6095868527857,345851.76431144844,0.001381141755810649,4.4953465881124224e-06,0.0013702409766640788,0.001284818946557838,0.001465210873521059,0.9986188582441894,4.495346588112467e-06,0.998629759023336,0.9985347891264789,0.9987151810534421,1.0016916012061847,0.00010977644843317377,1.0017049065731407,0.9993642502579512,1.0040407378720637,0.9966950846149759,1.1573569157552525e-05,0.9967046567136395,0.9964597629738104,0.99694143402783,-378494.97357065824,2797.130081711489,-366528.3196033274,-425625.8874231777,-317456.2887598027,0.0016538420717800357,5.796424427986877e-06,0.0016490312953167962,0.001530454131048917,0.0017716879521948235,567.7979983250967,0.2429490681663331,567.7243905100862,562.5642967247827,573.2008100462755,347333.2666586918,1165.6622132401676,344575.329665217,321667.2140193179,369704.51182952337
100,1000,1000,61,1.0,2023160.594449112,10.899813367139249,0.9995786931893617,0.1,13.177044300762265,36.36757019090955,0.03861153116479738,0.005951664941137791,0.9940483350588623,1.0055657135269787,0.9993241963516889,-8749404.488963822,0.000337958932275476,494.7572413462926,1463956.6944276164,0.005975322344320943,2.876358724263684e-05,0.00594041518719632,0.005332647228763182,0.0065505822244928315,0.994024677655679,2.8763587242636828e-05,0.9940595848128038,0.9934494177755071,0.9946673527712369,1.0050665021475211,0.0003139322964725897,1.0051234076604882,0.9983913427492092,1.0118359968273196,0.9993107552383726,3.996182632972706e-06,0.9993203810378458,0.999234839592092,0.9994011106451103,-9281205.607087193,109240.73972117975,-8651394.10395097,-11142345.084637608,-6824271.79835889,0.0003446837799029412,1.9988160530188388e-06,0.00033986723594615296,0.0002994895244355548,0.00038265341577226313,494.8083989656648,0.5906896183536394,495.46466483992526,482.63267460782413,507.0749466415408,1475729.3205167733,7192.204630748276,1460240.728993677,1315801.4817452414,1618364.71843726
100,1000,1000,61,1.0,2023160.594449112,10.899813367139249,0.9995786931893617,1.0,41.66947281934957,148.39817889675632,0.15301129859595375,0.023616075968195867,0.9763839240318042,1.0090198323834223,0.9998695538777608,-235024241.40192315,6.522518828224225e-05,361.3774213274129,5540458.07830652,0.023564741870520437,0.00015588356224213842,0.023174281458273015,0.020029876846952545,0.02640471317964762,0.9764352581294795,0.0001558835622421384,0.976825718541727,0.9735952868203523,0.9799701231530474,1.01120263070299,0.00101304538793696,1.010321403297444,0.9888800445753364,1.0310228452480463,0.9998610640275074,1.3045217258258458e-06,0.9998670568972177,0.9998363675588289,0.9998910569474503,-268034805.55557624,5439761.588812381,-226278216.01609403,-336972358.1388192,-149354189.5412991,6.947061187167702e-05,6.523116020403337e-07,6.64737607732396e-05,5.447300993415751e-05,8.181956781377373e-05,361.79942831056576,1.144124863002944,362.3103971406125,336.76077189360456,387.09381133718716,5534421.979522685,38042.3060817049,5420972.820878664,4653200.266161114,6267395.04328575
100,1000,1000,61,1.0,2023160.594449112,10.899813367139249,0.9995786931893617,10.0,131.77044300762265,814.1684814475695,0.8224732315510441,0.07287725330833356,0.9271227466916665,1.0136897401995162,0.9999755366604867,-6683632609.1969595,1.2231744564424989e-05,179.04415551690252,14637663.055655817,0.07374958614734353,0.0007168411296149122,0.0697687334440313,0.05791497318424818,0.08635633202574258,0.9262504138526565,0.0007168411296149122,0.9302312665559687,0.9136436679742574,0.9420850268157518,1.0371445421262195,0.0035729628618482796,1.025791071999806,0.9586211730107499,1.1040258282378974,0.9999714625313683,4.7578724336142425e-07,0.9999749205924882,0.9999644974801365,0.9999819392950829,-11669731514.415058,844819829.2750126,-6359338765.982532,-12262947472.244389,-3173356914.6674523,1.4268864385639937e-05,2.378982687318971e-07,1.2539782379107267e-05,9.030393233041037e-06,1.7751417488187663e-05,179.19295023875503,1.3733625167730694,178.8302645060894,150.87469950059065,207.46277277758767,14613653.538174953,154348.76398664372,14039000.999656642,11174115.564454056,17503003.22281508
500,1000,300,0,0.0,500.0,500.0,0.9999788220572078,0.01,4.166947281934958,13.89495494373136,0.0172429539022601,0.0017323904286502087,0.9982676095713497,1.0039285475299866,0.008441784392014979,0.9897636059880913,0.9081208163291871,564.1531040625061,621.2313316888057,0.0017425644295476616,9.936894341556766e-06,0.0017405009446240073,0.001621031762379302,0.0018419052686104666,0.9982574355704522,9.936894341556896e-06,0.9982594990553759,0.9981580947313895,0.9983789682376207,1.003988339796219,0.00019877794775857312,1.0040302247942368,1.001622584344185,1.006052016989727,0.008718649813613547,0.00014160140206308068,0.008445440422913994,0.007002705551021134,0.01017585548705116,0.9893220002683487,0.00019168647244847554,0.9897587168189035,0.9874127379413282,0.9916598535282317,0.9075494764229004,0.0007574612232946746,0.9081010195198085,0.8991245730874884,0.9163178582161438,563.5959424684538,0.46592430429737874,563.5908345603334,557.9985063604643,568.9666221337345,621.1805316807317,0.8427005009473705,620.6151868838301,611.5832311861413,632.3952795724144
500,1000,300,0,0.0,500.0,500.0,0.9999788220572078,0.1,13.177044300762265,45.4090961097247,0.050754932866304316,0.0069138496225505065,0.9930861503774495,1.0074044625401182,0.055710657954628075,0.9045475950249909,0.7639689470543588,483.6879478755958,633.1251417227825,0.006965740173770714,5.799345275241111e-05,0.006930418758363057,0.006315346526730577,0.007556730418561563,0.9930342598262293,5.799345275241112e-05,0.9930695812416369,0.9924432695814385,0.9936846534732694,1.0072437749259906,0.000639393501114878,1.007503366381055,0.9994649139163626,1.014703151971841,0.05587233153956352,0.0005918618217470386,0.05563879118431655,0.04908231992331286,0.06191073967232869,0.90320200028387,0.001353483596388029,0.9047087179377176,0.8902823623774607,0.9190049158445859,0.7646237654237615,0.001254236614785995,0.7641212415156602,0.7511813126921278,0.7784547627592814,483.6003914659896,1.1669092222937993,483.87096001965347,470.58043307761596,497.4727367995527,633.0583828826682,1.936635336112636,634.2473142638546,610.0897913702715,654.1555790702805
500,1000,300,0,0.0,500.0,500.0,0.9999788220572078,1.0,41.66947281934957,159.79803278525839,0.16764144772125703,0.024717040393526235,0.9752829596064738,1.0099899718624963,0.16348656896009625,0.5392370908269506,0.5956652760891092,354.7240037597285,595.5089510818876,0.024657747048849637,0.000282696748971929,0.023873450757470105,0.02113773512072742,0.02835869601473623,0.9753422529511503,0.0002826967489719288,0.97612654924253,0.9716413039852638,0.9788622648792726,1.0137356955477275,0.001952084893540459,1.0152983787699092,0.9902232777621567,1.0378334804434204,0.16369578791142322,0.0018744633214181673,0.16045756364802244,0.14084982064552787,0.18498191351467785,0.5221937521501858,0.009550144948152477,0.5534341072527571,0.43044236271590774,0.6390783275697984,0.5973783597136318,0.0023071813759354205,0.5994284627122559,0.5699063721739694,0.6247003848775325,355.61055193756096,2.0500214611397163,356.117470919272,333.3884194695428,379.78341195207315,595.9210198492058,3.0087891391978445,595.2012938290391,561.966221581929,631.1285188157508
500,1000,300,0,0.0,500.0,500.0,0.9999788220572078,10.0,131.77044300762265,814.1684814475695,0.825683480408096,0.07336688138691315,0.9266331186130868,1.0133202408641495,0.1938020666409994,0.3815017369158089,0.5597704387015799,179.52275541017698,320.7078169876038,0.07390801649977786,0.0012549642329249308,0.06991661554773555,0.05965276260644015,0.08542856920192791,0.9260919835002221,0.0012549642329249308,0.9300833844522645,0.9145714307980721,0.9403472373935599,1.038153061605333,0.006646819367916916,1.0267664523574047,0.9544106394852949,1.0992141340156918,0.2061851907658951,0.005601974464915264,0.19051447163063284,0.13347629317434656,0.25880498374414096,0.07548856458595644,0.05936903169446583,0.40005080743565363,-0.07233721308936314,0.6686129656260574,0.5581456991508756,0.00605160847824793,0.5635210639443269,0.4912713344346657,0.6346571751734141,178.70132702505262,2.4865653739655786,179.17014615843806,149.19839352612132,206.43855296703785,319.2432150347048,2.4241050627801215,315.5234130227327,291.0465955502368,339.6118969987001
500,1000,300,1,1e-06,502.4799294260236,499.6549127313915,0.9999788220572078,0.01,4.166947281934958,13.89495494373136,0.0172429539022601,0.0017323904286502087,0.9982676095713497,1.0039285475299866,0.008557235749268139,0.9896092874838174,0.9074946717790368,564.1531040625061,621.6599629797828,0.0017425644295476616,9.936894341556766e-06,0.0017405009446240073,0.001621031762379302,0.0018419052686104666,0.9982574355704522,9.936894341556896e-06,0.9982594990553759,0.9981580947313895,0.9983789682376207,1.003988339796219,0.00019877794775857312,1.0040302247942368,1.001622584344185,1.006052016989727,0.008835184341180469,0.00014235444573731647,0.008562988708785106,0.007115289022818599,0.010317744992621489,0.9891649815984906,0.00019309925925968917,0.98960158270948,0.9872173056585083,0.9915133615041808,0.9069186625472873,0.0007563531566940598,0.9074636703167351,0.8984237026398318,0.9156478582205337,563.5959424684538,0.46592430429737874,563.5908345603334,557.9985063604643,568.9666221337345,621.6118459679691,0.8416826626776927,621.0615514962792,612.026108640223,632.8528176861986
500,1000,300,1,1e-06,502.4799294260236,499.6549127313915,0.9999788220572078,0.1,13.177044300762265,45.4090961097247,0.050754932866304316,0.0069138496225505065,0.9930861503774495,1.0074044625401182,0.05666678593704933,0.9023947451065356,0.761952135197458,483.6879478755958,634.8009612838073,0.006965740173770714,5.799345275241111e-05,0.006930418758363057,0.006315346526730577,0.007556730418561563,0.9930342598262293,5.799345275241112e-05,0.9930695812416369,0.9924432695814385,0.9936846534732694,1.0072437749259906,0.000639393501114878,1.007503366381055,0.9994649139163626,1.014703151971841,0.05683723857008852,0.0005951938671840851,0.05655313530879394,0.04991554457226361,0.06301562032202562,0.9010130888263579,0.0013725001167943192,0.9026515046917367,0.887664127699729,0.9172321315352221,0.7625762187326657,0.0012499988746610719,0.7621910029205389,0.7489709009224136,0.7765823023470604,483.6003914659896,1.1669092222937993,483.87096001965347,470.58043307761596,497.4727367995527,634.746851895711,1.9298940103772368,635.9032195565599,612.0043943362854,655.7668117774895
500,1000,300,1,1e-06,502.4799294260236,499.6549127313915,0.9999788220572078,1.0,41.66947281934957,159.79803278525839,0.16764144772125703,0.024717040393526235,0.9752829596064738,1.0099899718624963,0.16810184658071323,0.5170837982886011,0.5899977480784853,354.7240037597285,601.2294197986342,0.024657747048849637,0.000282696748971929,0.023873450757470105,0.02113773512072742,0.02835869601473623,0.9753422529511503,0.0002826967489719288,0.97612654924253,0.9716413039852638,0.9788622648792726,1.0137356955477275,0.001952084893540459,1.0152983787699092,0.9902232777621567,1.0378334804434204,0.16829878662389272,0.001910846363283164,0.16535237938474384,0.14434958446400767,0.1902179156039883,0.49901357754196546,0.010033495385557886,0.5303562216575626,0.40171337653763195,0.6245611111972511,0.5917217812927723,0.0023188068904366607,0.5933647424185944,0.5638603051947167,0.6200663469913928,355.61055193756096,2.0500214611397163,356.117470919272,333.3884194695428,379.78341195207315,601.5830147397594,2.9882702439627753,600.2142484118021,568.4548739077838,636.1769414942264
500,1000,300,1,1e-06,502.4799294260236,499.6549127313915,0.9999788220572078,10.0,131.77044300762265,814.1684814475695,0.825683480408096,0.07336688138691315,0.9266331186130868,1.0133202408641495,0.21569941675843315,0.24798967077845202,0.5355654871153166,179.52275541017698,335.20224833218685,0.07390801649977786,0.0012549642329249308,0.06991661554773555,0.05965276260644015,0.08542856920192791,0.9260919835002221,0.0012549642329249308,0.9300833844522645,0.9145714307980721,0.9403472373935599,1.038153061605333,0.006646819367916916,1.0267664523574047,0.9544106394852949,1.0992141340156918,0.22738063132016373,0.005842532055454435,0.20866932460395876,0.151172050753333,0.28382861101786905,-0.11801923327987611,0.07060733414117203,0.29279582983707714,-0.30009777613319155,0.5953062007084949,0.5347414674207653,0.006041973913424729,0.5431966606403358,0.4672449835119135,0.611192889253203,178.70132702505262,2.4865653739655786,179.17014615843806,149.19839352612132,206.43855296703785,333.56071254361865,2.4311414699938223,329.72025535770075,304.53273359794497,353.64991783041415
500,1000,300,2,1.2589254117941661e-06,503.1220461976367,499.45468727025394,0.9999788220572078,0.01,4.166947281934958,13.89495494373136,0.0172429539022601,0.0017323904286502087,0.9982676095713497,1.0039285475299866,0.008587230760417076,0.9895691423322525,0.9073326877458018,564.1531040625061,621.7709465136775,0.0017425644295476616,9.936894341556766e-06,0.0017405009446240073,0.001621031762379302,0.0018419052686104666,0.9982574355704522,9.936894341556896e-06,0.9982594990553759,0.9981580947313895,0.9983789682376207,1.003988339796219,0.00019877794775857312,1.0040302247942368,1.001622584344185,1.006052016989727,0.008865462749928667,0.00014254946686088424,0.008593530340705466,0.0071462479736955605,0.01035460794545138,0.9891241316978252,0.00019346590862765842,0.9895607016952491,0.987166457362589,0.9914730226808783,0.9067554735447149,0.0007560702752155464,0.9072987901984264,0.8982424079156052,0.9154645348377027,563.5959424684538,0.46592430429737874,563.5908345603334,557.9985063604643,568.9666221337345,621.7235241953989,0.8414201559607118,621.1771266352467,612.1407808439111,632.9712859434989
500,1000,300,2,1.2589254117941661e-06,503.1220461976367,499.45468727025394,0.9999788220572078,0.1,13.177044300762265,45.4090961097247,0.050754932866304316,0.0069138496225505065,0.9930861503774495,1.0074044625401182,0.056914850129803095,0.9018334046664741,0.7614316657018306,483.6879478755958,635.2348735454395,0.006965740173770714,5.799345275241111e-05,0.006930418758363057,0.006315346526730577,0.007556730418561563,0.9930342598262293,5.799345275241112e-05,0.9930695812416369,0.9924432695814385,0.9936846534732694,1.0072437749259906,0.000639393501114878,1.007503366381055,0.9994649139163626,1.014703151971841,0.05708761541886929,0.0005960748808870456,0.05679034037160401,0.05014414145137895,0.06330588372252142,0.9004421715156218,0.0013774985985633254,0.9021152535347129,0.8869724455111416,0.916743584230338,0.762047899099018,0.0012489635779279248,0.7616928060767458,0.74839342653295,0.7760712536556216,483.6003914659896,1.1669092222937993,483.87096001965347,470.58043307761596,497.4727367995527,635.1840394286685,1.9281616545858304,636.319643644717,612.4488425541822,656.208794023989
500,1000,300,2,1.2589254117941661e-06,503.1220461976367,499.45468727025394,0.9999788220572078,1.0,41.66947281934957,159.79803278525839,0.16764144772125703,0.024717040393526235,0.9752829596064738,1.0099899718624963,0.16929290017901677,0.5112629749569859,0.5885478154402182,354.7240037597285,602.7105945409114,0.024657747048849637,0.000282696748971929,0.023873450757470105,0.02113773512072742,0.02835869601473623,0.9753422529511503,0.0002826967489719288,0.97612654924253,0.9716413039852638,0.9788622648792726,1.0137356955477275,0.001952084893540459,1.0152983787699092,0.9902232777621567,1.0378334804434204,0.16948622249780632,0.00192041257260057,0.16688597733976085,0.14537390445609116,0.1919041462883102,0.49291753050492254,0.010162280696025677,0.5229814331262705,0.39225953754977905,0.6202504962156707,0.590275675181676,0.0023220623905776676,0.5914832333699798,0.5619313828042346,0.6187207079286482,355.61055193756096,2.0500214611397163,356.117470919272,333.3884194695428,379.78341195207315,603.0490491059765,2.9831935510399195,601.491256622975,569.8501071711366,637.5528547560557
500,1000,300,2,1.2589254117941661e-06,503.1220461976367,499.45468727025394,0.9999788220572078,10.0,131.77044300762265,814.1684814475695,0.825683480408096,0.07336688138691315,0.9266331186130868,1.0133202408641495,0.221242665260449,0.211295102503674,0.5296356037491262,179.52275541017698,338.9552253273592,0.07390801649977786,0.0012549642329249308,0.06991661554773555,0.05965276260644015,0.08542856920192791,0.9260919835002221,0.0012549642329249308,0.9300833844522645,0.9145714307980721,0.9403472373935599,1.038153061605333,0.006646819367916916,1.0267664523574047,0.9544106394852949,1.0992141340156918,0.23271878914512853,0.005900769709154465,0.21375843793970128,0.15595706215499044,0.2903389608170023,-0.17131057341387085,0.07371584698813853,0.2605472398641262,-0.36519811047052847,0.5740366511745749,0.5290300778181036,0.00603948034961076,0.537660083920787,0.4611697367675428,0.6050862045461648,178.70132702505262,2.4865653739655786,179.17014615843806,149.19839352612132,206.43855296703785,337.2678768947062,2.437396879743389,333.66441615542976,309.04629897739073,357.55600427701904
500,1000,300,3,1.584893192461114e-06,503.9304233285759,499.1390525185375,0.9999788220572078,0.01,4.166947281934958,13.89495494373136,0.0172429539022601,0.0017323904286502087,0.9982676095713497,1.0039285475299866,0.008625051591516757,0.9895184925218538,0.9071288441359926,564.1531040625061,621.9106665049787,0.0017425644295476616,9.936894341556766e-06,0.0017405009446240073,0.001621031762379302,0.0018419052686104666,0.9982574355704522,9.936894341556896e-06,0.9982594990553759,0.9981580947313895,0.9983789682376207,1.003988339796219,0.00019877794775857312,1.0040302247942368,1.001622584344185,1.006052016989727,0.008903642066074519,0.0001427950109484719,0.008632041466380237,0.007185301492778552,0.010401088064492926,0.989072591380902,0.00019392799202260188,0.9895091214936478,0.9871022993182539,0.9914221020092232,0.9065501153236257,0.0007557164977065898,0.9070913036039674,0.898014275620531,0.9152338495493606,563.5959424684538,0.46592430429737874,563.5908345603334,557.9985063604643,568.9666221337345,621.8641187530576,0.8410902875189777,621.3226271138199,612.2851445855048,633.1204286484067
500,1000,300,3,1.584893192461114e-06,503.9304233285759,499.1390525185375,0.9999788220572078,0.1,13.177044300762265,45.4090961097247,0.050754932866304316,0.0069138496225505065,0.9930861503774495,1.0074044625401182,0.057227431493082896,0.901124430298162,0.7607774435947084,483.6879478755958,635.7811367147638,0.006965740173770714,5.799345275241111e-05,0.006930418758363057,0.006315346526730577,0.007556730418561563,0.9930342598262293,5.799345275241112e-05,0.9930695812416369,0.9924432695814385,0.9936846534732694,1.0072437749259906,0.000639393501114878,1.007503366381055,0.9994649139163626,1.014703151971841,0.057403130689836566,0.0005971947584571423,0.057111314754533904,0.05041461905236865,0.06366040451743735,0.8997210004295556,0.0013838354744598778,0.9013879773113521,0.8861254906082753,0.9161643047199135,0.7613838567435561,0.001247696026859467,0.7610202961441952,0.7476898884052333,0.7754680560320143,483.6003914659896,1.1669092222937993,483.87096001965347,470.58043307761596,497.4727367995527,635.7344259230714,1.9259884785702495,636.8438905317414,613.008369679849,656.7352445979776
500,1000,300,3,1.584893192461114e-06,503.9304233285759,499.1390525185375,0.9999788220572078,1.0,41.66947281934957,159.79803278525839,0.16764144772125703,0.024717040393526235,0.9752829596064738,1.0099899718624963,0.17078997667798343,0.5038854094462332,0.5867325603462288,354.7240037597285,604.5752830734451,0.024657747048849637,0.000282696748971929,0.023873450757470105,0.02113773512072742,0.02835869601473623,0.9753422529511503,0.0002826967489719288,0.97612654924253,0.9716413039852638,0.9788622648792726,1.0137356955477275,0.001952084893540459,1.0152983787699092,0.9902232777621567,1.0378334804434204,0.1709784835295959,0.0019325327783138641,0.16857063102365133,0.14672997741435997,0.1942091628989196,0.485188017226143,0.01032653974901284,0.5147975543608792,0.37917572441359054,0.6144999993627666,0.5884657883371986,0.002326290170083327,0.5894265043218567,0.5593084955991948,0.6169465894025496,355.61055193756096,2.0500214611397163,356.117470919272,333.3884194695428,379.78341195207315,604.8946770275099,2.9769419681704883,603.0989147160981,571.392978221267,639.2850268641457
500,1000,300,3,1.584893192461114e-06,503.9304233285759,499.1390525185375,0.9999788220572078,10.0,131.77044300762265,814.1684814475695,0.825683480408096,0.07336688138691315,0.9266331186130868,1.0133202408641495,0.22814525059895618,0.16385653791996324,0.5223544718109923,179.52275541017698,343.6799435980231,0.07390801649977786,0.0012549642329249308,0.06991661554773555,0.05965276260644015,0.08542856920192791,0.9260919835002221,0.0012549642329249308,0.9300833844522645,0.9145714307980721,0.9403472373935599,1.038153061605333,0.006646819367916916,1.0267664523574047,0.9544106394852949,1.0992141340156918,0.23935134619985016,0.005971715173071083,0.21998395786141306,0.16162397873302772,0.2974770231534388,-0.24026459824187943,0.07774603853741441,0.2197302448898622,-0.4395359926534287,0.5479955218112917,0.5220279262708968,0.006036135038569732,0.5309758248115821,0.45458547159409307,0.5979755945164891,178.70132702505262,2.4865653739655786,179.17014615843806,149.19839352612132,206.43855296703785,341.9349204726889,2.447832236902208,338.28639984986546,312.9415505533732,363.7643395468608
500,1000,300,4,1.9952623149688787e-06,504.9481098549031,498.6423371162703,0.9999788220572078,0.01,4.166947281934958,13.89495494373136,0.0172429539022601,0.0017323904286502087,0.9982676095713497,1.0039285475299866,0.008672759113716226,0.9894545537567839,0.9068723504338468,564.1531040625061,622.0865635528703,0.0017425644295476616,9.936894341556766e-06,0.0017405009446240073,0.001621031762379302,0.0018419052686104666,0.9982574355704522,9.936894341556896e-06,0.9982594990553759,0.9981580947313895,0.9983789682376207,1.003988339796219,0.00019877794775857312,1.0040302247942368,1.001622584344185,1.006052016989727,0.008951803592801191,0.00014310417969447186,0.008680621401214433,0.007234591172127977,0.010458769120058543,0.9890075263360918,0.0001945105178264285,0.989444005103971,0.9870226121696729,0.9913577793900719,0.9062917185657103,0.0007552748363157973,0.9068302283594964,0.8977318764035904,0.9149436005429112,563.5959424684538,0.46592430429737874,563.5908345603334,557.9985063604643,568.9666221337345,622.0411168133471,0.8406759724055239,621.5058013625469,612.4668877547169,633.3081881971083
500,1000,300,4,1.9952623149688787e-06,504.9481098549031,498.6423371162703,0.9999788220572078,0.1,13.177044300762265,45.4090961097247,0.050754932866304316,0.0069138496225505065,0.9930861503774495,1.0074044625401182,0.057621398673636824,0.9002282572247838,0.7599554235696278,483.6879478755958,636.4688412955052,0.006965740173770714,5.799345275241111e-05,0.006930418758363057,0.006315346526730577,0.007556730418561563,0.9930342598262293,5.799345275241112e-05,0.9930695812416369,0.9924432695814385,0.9936846534732694,1.0072437749259906,0.000639393501114878,1.007503366381055,0.9994649139163626,1.014703151971841,0.05780082635205853,0.0005986216924085789,0.05754986195983726,0.05079183090774192,0.06409296291127708,0.8988092504729828,0.0013918836196874214,0.9003911988986733,0.885088878640383,0.9153541257157518,0.7605495721910467,0.001246156598553944,0.760104478700564,0.7468341231280428,0.7746295854744116,483.6003914659896,1.1669092222937993,483.87096001965347,470.58043307761596,497.4727367995527,636.4273214664453,1.9232649066741836,637.5038782886717,613.7127725545228,657.3484779449064
500,1000,300,4,1.9952623149688787e-06,504.9481098549031,498.6423371162703,0.9999788220572078,1.0,41.66947281934957,159.79803278525839,0.16764144772125703,0.024717040393526235,0.9752829596064738,1.0099899718624963,0.17267087378887871,0.4945190208333635,0.5844631499025884,354.7240037597285,606.922786866631,0.024657747048849637,0.000282696748971929,0.023873450757470105,0.02113773512072742,0.02835869601473623,0.9753422529511503,0.0002826967489719288,0.97612654924253,0.9716413039852638,0.9788622648792726,1.0137356955477275,0.001952084893540459,1.0152983787699092,0.9902232777621567,1.0378334804434204,0.17285290093763256,0.0019479054797337462,0.1700975771238688,0.14843499319518766,0.19677399303070706,0.47536989648603906,0.010536704072087273,0.5073052214106986,0.3644039202962599,0.607198531268244,0.5862039817035639,0.0023318043737884865,0.5875712204456085,0.5564078543440302,0.6147276567478321,355.61055193756096,2.0500214611397163,356.117470919272,333.3884194695428,379.78341195207315,607.2181849234831,2.96929435290467,605.1228363502184,573.3353379591563,641.4657022616328
500,1000,300,4,1.9952623149688787e-06,504.9481098549031,498.6423371162703,0.9999788220572078,10.0,131.77044300762265,814.1684814475695,0.825683480408096,0.07336688138691315,0.9266331186130868,1.0133202408641495,0.23671349977512599,0.10216515470232834,0.5134678841277526,179.52275541017698,349.628011721004,0.07390801649977786,0.0012549642329249308,0.06991661554773555,0.05965276260644015,0.08542856920192791,0.9260919835002221,0.0012549642329249308,0.9300833844522645,0.9145714307980721,0.9403472373935599,1.038153061605333,0.006646819367916916,1.0267664523574047,0.9544106394852949,1.0992141340156918,0.247562653150547,0.006057297719678586,0.22767427373079097,0.1694499973755971,0.30647919018433084,-0.33002713411762696,0.083005367567025,0.16715607976332625,-0.5380382228703424,0.5104911397415779,0.5134966795787782,0.006031459434382822,0.522847760409328,0.44639464459096795,0.5883570566667864,178.70132702505262,2.4865653739655786,179.17014615843806,149.19839352612132,206.43855296703785,347.8103804723449,2.464973202547154,344.6023026852318,319.3728622686567,371.27946506197577
500,1000,300,5,2.5118864315095823e-06,506.2293013037475,497.8624751707194,0.9999788220572078,0.01,4.166947281934958,13.89495494373136,0.0172429539022601,0.0017323904286502087,0.9982676095713497,1.0039285475299866,0.008732967883974459,0.9893737831651245,0.9065496501666556,564.1531040625061,622.3080048167192,0.0017425644295476616,9.936894341556766e-06,0.0017405009446240073,0.001621031762379302,0.0018419052686104666,0.9982574355704522,9.936894341556896e-06,0.9982594990553759,0.9981580947313895,0.9983789682376207,1.003988339796219,0.00019877794775857312,1.0040302247942368,1.001622584344185,1.006052016989727,0.009012588179248337,0.00014349348300761374,0.008741933819984178,0.007301470046785258,0.01052877714863678,0.9889253296031715,0.00019524515015434705,0.9893617419362355,0.9869257939816567,0.9912704045493085,0.9059666283880904,0.0007547247001786299,0.9065017677180593,0.8973901724220419,0.9145513634045712,563.5959424684538,0.46592430429737874,563.5908345603334,557.9985063604643,568.9666221337345,622.2639441677481,0.8401559117275766,621.7364040774241,612.6956888296453,633.544563474913
500,1000,300,5,2.5118864315095823e-06,506.2293013037475,497.8624751707194,0.9999788220572078,0.1,13.177044300762265,45.4090961097247,0.050754932866304316,0.0069138496225505065,0.9930861503774495,1.0074044625401182,0.058118079376767384,0.8990942934045077,0.7589230841064052,483.6879478755958,637.3346100614592,0.006965740173770714,5.799345275241111e-05,0.006930418758363057,0.006315346526730577,0.007556730418561563,0.9930342598262293,5.799345275241112e-05,0.9930695812416369,0.9924432695814385,0.9936846534732694,1.0072437749259906,0.000639393501114878,1.007503366381055,0.9994649139163626,1.014703151971841,0.058302254956842936,0.000600445291858193,0.05811234365447447,0.051263159253752064,0.06461179140384812,0.8976553244743897,0.0014021283411810054,0.8991074031066701,0.8838407913291408,0.9143380759846941,0.7595019474052968,0.0012443069755862463,0.7589349916999444,0.7458115081651465,0.7735863112495336,483.6003914659896,1.1669092222937993,483.87096001965347,470.58043307761596,497.4727367995527,637.2996252727476,1.919855702819324,638.3304262068451,614.6681910579683,658.1204929931405
500,1000,300,5,2.5118864315095823e-06,506.2293013037475,497.8624751707194,0.9999788220572078,1.0,41.66947281934957,159.79803278525839,0.16764144772125703,0.024717040393526235,0.9752829596064738,1.0099899718624963,0.1750326428139659,0.4826028890881653,0.581630972927051,354.7240037597285,609.8781190667754,0.024657747048849637,0.000282696748971929,0.023873450757470105,0.02113773512072742,0.02835869601473623,0.9753422529511503,0.0002826967489719288,0.97612654924253,0.9716413039852638,0.9788622648792726,1.0137356955477275,0.001952084893540459,1.0152983787699092,0.9902232777621567,1.0378334804434204,0.1752058448409856,0.0019674243723425463,0.17231968120474722,0.15076736217348563,0.1996325602463359,0.4628713486252137,0.01080663596027828,0.49627613815397553,0.3476643390241585,0.5970846719550438,0.5833826641924065,0.0023390249988071757,0.5848859429448481,0.5531974046753424,0.6117123889189949,355.61055193756096,2.0500214611397163,356.117470919272,333.3884194695428,379.78341195207315,610.1433080652452,2.9600222436673134,608.1785556403099,575.6690268010194,644.2110098116791
500,1000,300,5,2.5118864315095823e-06,506.2293013037475,497.8624751707194,0.9999788220572078,10.0,131.77044300762265,814.1684814475695,0.825683480408096,0.07336688138691315,0.9266331186130868,1.0133202408641495,0.2473060405276683,0.02137843159777042,0.5027012562577015,179.52275541017698,357.11618615519757,0.07390801649977786,0.0012549642329249308,0.06991661554773555,0.05965276260644015,0.08542856920192791,0.9260919835002221,0.0012549642329249308,0.9300833844522645,0.9145714307980721,0.9403472373935599,1.038153061605333,0.006646819367916916,1.0267664523574047,0.9544106394852949,1.0992141340156918,0.25768226110787396,0.006159209545760069,0.23856958301115863,0.1779789936894941,0.32031380405081405,-0.4477141364068557,0.08992148494726755,0.08834336635383883,-0.7002844998428586,0.46749203616449464,0.5031804375770569,0.006024638237449493,0.511565795847674,0.4340372768419021,0.5781244345832389,178.70132702505262,2.4865653739655786,179.17014615843806,149.19839352612132,206.43855296703785,355.2071467132489,2.4927604812686357,351.95713860978157,325.9022918969184,379.0952833880657
500,1000,300,6,3.162277660168379e-06,507.8422258037938,496.6419884252499,0.9999788220572078,0.01,4.166947281934958,13.89495494373136,0.0172429539022601,0.0017323904286502087,0.9982676095713497,1.0039285475299866,0.008809001106549436,0.9892716608622893,0.9061437210062671,564.1531040625061,622.5867828516404,0.0017425644295476616,9.936894341556766e-06,0.0017405009446240073,0.001621031762379302,0.0018419052686104666,0.9982574355704522,9.936894341556896e-06,0.9982594990553759,0.9981580947313895,0.9983789682376207,1.003988339796219,0.00019877794775857312,1.0040302247942368,1.001622584344185,1.006052016989727,0.009089353023378202,0.00014398373482918714,0.008821209694265295,0.007386420176915541,0.010616766639633152,0.9888213988367305,0.00019617204375942023,0.9892552456460615,0.9868039512633981,0.9911592576538608,0.9055576998283281,0.0007540414226665212,0.9060787652772411,0.8969623119712262,0.9140557343458612,563.5959424684538,0.46592430429737874,563.5908345603334,557.9985063604643,568.9666221337345,622.5444671845235,0.8395036253853967,622.0267156929497,612.9812680177824,633.8421423339337
500,1000,300,6,3.162277660168379e-06,507.8422258037938,496.6419884252499,0.9999788220572078,0.1,13.177044300762265,45.4090961097247,0.050754932866304316,0.0069138496225505065,0.9930861503774495,1.0074044625401182,0.0587444641626772,0.897657606355398,0.7576274269586651,483.6879478755958,638.4245483525572,0.006965740173770714,5.799345275241111e-05,0.006930418758363057,0.006315346526730577,0.007556730418561563,0.9930342598262293,5.799345275241112e-05,0.9930695812416369,0.9924432695814385,0.9936846534732694,1.0072437749259906,0.000639393501114878,1.007503366381055,0.9994649139163626,1.014703151971841,0.05893470004538331,0.0006027843615409264,0.05896801120155234,0.0518442431289405,0.06527866667111977,0.8961929485802007,0.0014152062381574933,0.8971430691187929,0.882229028188735,0.9130797533539238,0.7581872901447948,0.0012421168115212104,0.7571667211957326,0.744503099055957,0.772306691974975,483.6003914659896,1.1669092222937993,483.87096001965347,470.58043307761596,497.4727367995527,638.3977907000566,1.9155949542722508,639.3022640465704,615.8734391241335,659.185829612827
500,1000,300,6,3.162277660168379e-06,507.8422258037938,496.6419884252499,0.9999788220572078,1.0,41.66947281934957,159.79803278525839,0.16764144772125703,0.024717040393526235,0.9752829596064738,1.0099899718624963,0.1779960107778156,0.46740397417561363,0.5781042655136039,354.7240037597285,613.5986619032844,0.024657747048849637,0.000282696748971929,0.023873450757470105,0.02113773512072742,0.02835869601473623,0.9753422529511503,0.0002826967489719288,0.97612654924253,0.9716413039852638,0.9788622648792726,1.0137356955477275,0.001952084893540459,1.0152983787699092,0.9902232777621567,1.0378334804434204,0.17815703510065273,0.001992230523296508,0.17488088524780754,0.15372852998707395,0.2027711587234698,0.4469174720088548,0.01115494292979497,0.48337379977241646,0.32894726234672766,0.5840272202628509,0.5798715653072414,0.0023485094278413977,0.5818123804398605,0.5496988212497025,0.6079177020845502,355.61055193756096,2.0500214611397163,356.117470919272,333.3884194695428,379.78341195207315,613.8258199312492,2.948918430620599,611.8697559318716,579.2685577735824,647.4650327446896
500,1000,300,6,3.162277660168379e-06,507.8422258037938,496.6419884252499,0.9999788220572078,10.0,131.77044300762265,814.1684814475695,0.825683480408096,0.07336688138691315,0.9266331186130868,1.0133202408641495,0.2603322227307383,-0.08527386253926461,0.4897723814504567,179.52275541017698,366.5432396953905,0.07390801649977786,0.0012549642329249308,0.06991661554773555,0.05965276260644015,0.08542856920192791,0.9260919835002221,0.0012549642329249308,0.9300833844522645,0.9145714307980721,0.9403472373935599,1.038153061605333,0.006646819367916916,1.0267664523574047,0.9544106394852949,1.0992141340156918,0.27008199666701665,0.006278504836422235,0.2529728122050891,0.18962960350331415,0.3363238702232937,-0.6032948180987574,0.0990972589541137,-0.02405494382152218,-0.9060204153866946,0.4049879086255561,0.49081774077793083,0.006014315019373507,0.49703834863880736,0.42006591369856994,0.564535393512233,178.70132702505262,2.4865653739655786,179.17014615843806,149.19839352612132,206.43855296703785,364.51912418185105,2.5372432418728788,361.7450333988153,334.0030516829164,389.8203517921876
500,1000,300,7,3.981071705534969e-06,509.87277748340057,494.7404308628714,0.9999788220572078,0.01,4.166947281934958,13.89495494373136,0.0172429539022601,0.0017323904286502087,0.9982676095713497,1.0039285475299866,0.00890509236031982,0.9891424020752804,0.9056332030832888,564.1531040625061,622.937743605037,0.0017425644295476616,9.936894341556766e-06,0.0017405009446240073,0.001621031762379302,0.0018419052686104666,0.9982574355704522,9.936894341556896e-06,0.9982594990553759,0.9981580947313895,0.9983789682376207,1.003988339796219,0.00019877794775857312,1.0040302247942368,1.001622584344185,1.006052016989727,0.009186375898062645,0.00014460119267764213,0.008923228574244001,0.007476387715867108,0.01072237013594266,0.9886898426330648,0.0001973422252763742,0.9891179786263795,0.9866574890488726,0.9910413510334192,0.9050434206100825,0.0007531959301050725,0.90553719179496,0.896451122978025,0.9135339034286524,563.5959424684538,0.46592430429737874,563.5908345603334,557.9985063604643,568.9666221337345,622.8976247360076,0.8386863079236808,622.3921963599475,613.3284635020793,634.2167719429323
500,1000,300,7,3.981071705534969e-06,509.87277748340057,494.7404308628714,0.9999788220572078,0.1,13.177044300762265,45.4090961097247,0.050754932866304316,0.0069138496225505065,0.9930861503774495,1.0074044625401182,0.05953474669470412,0.8958344842718398,0.7560025682620735,483.6879478755958,639.7966993518494,0.006965740173770714,5.799345275241111e-05,0.006930418758363057,0.006315346526730577,0.007556730418561563,0.9930342598262293,5.799345275241112e-05,0.9930695812416369,0.9924432695814385,0.9936846534732694,1.0072437749259906,0.000639393501114878,1.007503366381055,0.9994649139163626,1.014703151971841,0.059732738644604925,0.0006057980153921393,0.05979806349504614,0.05258148121441754,0.06604391854332137,0.8943366018644737,0.0014319602468983558,0.895224411363861,0.8803690154668893,0.9114742837441523,0.7565388921130367,0.0012395753818473796,0.755463584719303,0.7430098923531481,0.770693477701132,483.6003914659896,1.1669092222937993,483.87096001965347,470.58043307761596,497.4727367995527,639.7802990612731,1.9102807505567503,640.6753322367588,617.3907564325955,660.5816308345925
500,1000,300,7,3.981071705534969e-06,509.87277748340057,494.7404308628714,0.9999788220572078,1.0,41.66947281934957,159.79803278525839,0.16764144772125703,0.024717040393526235,0.9752829596064738,1.0099899718624963,0.18171058386079136,0.44795682580499485,0.5737247557495376,354.7240037597285,618.2825478679274,0.024657747048849637,0.000282696748971929,0.023873450757470105,0.02113773512072742,0.02835869601473623,0.9753422529511503,0.0002826967489719288,0.97612654924253,0.9716413039852638,0.9788622648792726,1.0137356955477275,0.001952084893540459,1.0152983787699092,0.9902232777621567,1.0378334804434204,0.18185457339018948,0.002023773278039103,0.17833059628473555,0.15739024058325385,0.2059705732993201,0.4264854224142383,0.011606879412135264,0.4656704117460535,0.309497384713986,0.5675396558195467,0.5755145819207148,0.0023609867192429007,0.5777079270508372,0.5461602163162645,0.6032756151060117,355.61055193756096,2.0500214611397163,356.117470919272,333.3884194695428,379.78341195207315,618.4618277134931,2.9358518376131775,617.4923327681875,584.0231876241509,652.1828942250991
500,1000,300,7,3.981071705534969e-06,509.87277748340057,494.7404308628714,0.9999788220572078,10.0,131.77044300762265,814.1684814475695,0.825683480408096,0.07336688138691315,0.9266331186130868,1.0133202408641495,0.2762429059342565,-0.22738293696664802,0.47441184760855143,179.52275541017698,378.4111976021002,0.07390801649977786,0.0012549642329249308,0.06991661554773555,0.05965276260644015,0.08542856920192791,0.9260919835002221,0.0012549642329249308,0.9300833844522645,0.9145714307980721,0.9403472373935599,1.038153061605333,0.006646819367916916,1.0267664523574047,0.9544106394852949,1.0992141340156918,0.2851661836107179,0.006415005567057796,0.2667206789087611,0.20392215468984115,0.35835711135988363,-0.8109216152531834,0.11139405288245377,-0.14072322747150168,-1.2244767985663816,0.3219874492153295,0.4761601219089075,0.005998317972768031,0.48355048588505967,0.40137082775242694,0.5484230555286997,178.70132702505262,2.4865653739655786,179.17014615843806,149.19839352612132,206.43855296703785,376.24220993415383,2.6074953730433497,373.98351289655244,344.94591474596325,403.67588588864237
500,1000,300,8,5.011872336272725e-06,512.4290906482343,491.79621827476666,0.9999788220572078,0.01,4.166947281934958,13.89495494373136,0.0172429539022601,0.0017323904286502087,0.9982676095713497,1.0039285475299866,0.009026649947062097,0.9889785743143793,0.9049913164649562,564.1531040625061,623.3795770175788,0.0017425644295476616,9.936894341556766e-06,0.0017405009446240073,0.001621031762379302,0.0018419052686104666,0.9982574355704522,9.936894341556896e-06,0.9982594990553759,0.9981580947313895,0.9983789682376207,1.003988339796219,0.00019877794775857312,1.0040302247942368,1.001622584344185,1.006052016989727,0.00930912292243991,0.00014537901473937582,0.009052323360339893,0.007590277515138543,0.01085410169371186,0.9885230897950615,0.00019882070984179764,0.9889439278060034,0.9864744383642803,0.9908918038929833,0.9043968220483793,0.0007521547374926631,0.9048563132165512,0.8958169803355913,0.9128778046355515,563.5959424684538,0.46592430429737874,563.5908345603334,557.9985063604643,568.9666221337345,623.3422237479172,0.8376635058398147,622.8523092548486,613.7655566456629,634.6794231698318
500,1000,300,8,5.011872336272725e-06,512.4290906482343,491.79621827476666,0.9999788220572078,0.1,13.177044300762265,45.4090961097247,0.050754932866304316,0.0069138496225505065,0.9930861503774495,1.0074044625401182,0.06053229821368652,0.8935164232975991,0.7539668757795274,483.6879478755958,641.5241350961343,0.006965740173770714,5.799345275241111e-05,0.006930418758363057,0.006315346526730577,0.007556730418561563,0.9930342598262293,5.799345275241112e-05,0.9930695812416369,0.9924432695814385,0.9936846534732694,1.0072437749259906,0.000639393501114878,1.007503366381055,0.9994649139163626,1.014703151971841,0.06074024534224366,0.0006097017448010359,0.0608544836356837,0.05344904454212672,0.06702339478911391,0.8919753120493812,0.0014535190046437358,0.8927637199539895,0.8779719022805086,0.9095720922073057,0.7544741590210947,0.0012367109711801697,0.7533129985967314,0.7411112748828202,0.7688095117762686,483.6003914659896,1.1669092222937993,483.87096001965347,470.58043307761596,497.4727367995527,641.5207739672977,1.9036701015996245,642.4141961417392,619.3009455956512,662.3310755035002
500,1000,300,8,5.011872336272725e-06,512.4290906482343,491.79621827476666,0.9999788220572078,1.0,41.66947281934957,159.79803278525839,0.16764144772125703,0.024717040393526235,0.9752829596064738,1.0099899718624963,0.18636079814026066,0.42297848563488893,0.5683047392659254,354.7240037597285,624.179210995007,0.024657747048849637,0.000282696748971929,0.023873450757470105,0.02113773512072742,0.02835869601473623,0.9753422529511503,0.0002826967489719288,0.97612654924253,0.9716413039852638,0.9788622648792726,1.0137356955477275,0.001952084893540459,1.0152983787699092,0.9902232777621567,1.0378334804434204,0.1864806323878287,0.0020638751295454032,0.18287453909602652,0.16078050704778635,0.21027756494599628,0.4002125484395171,0.012197128217151553,0.4417712537109125,0.2827127373645206,0.5519332595243573,0.5701271198881005,0.002377387433815822,0.5723616776639529,0.5414397210045477,0.5990255547237424,355.61055193756096,2.0500214611397163,356.117470919272,333.3884194695428,379.78341195207315,624.2982157416251,2.9208674084632134,623.4687527080084,589.3834228534556,658.1580215108136
500,1000,300,8,5.011872336272725e-06,512.4290906482343,491.79621827476666,0.9999788220572078,10.0,131.77044300762265,814.1684814475695,0.825683480408096,0.07336688138691315,0.9266331186130868,1.0133202408641495,0.2955096122696032,-0.41871606420724694,0.4563920417528794,179.52275541017698,393.3520723119497,0.07390801649977786,0.0012549642329249308,0.06991661554773555,0.05965276260644015,0.08542856920192791,0.9260919835002221,0.0012549642329249308,0.9300833844522645,0.9145714307980721,0.9403472373935599,1.038153061605333,0.006646819367916916,1.0267664523574047,0.9544106394852949,1.0992141340156918,0.30335209016311093,0.006566508845269505,0.2832515534516794,0.2190211684256501,0.37838538223138646,-1.0909502943612785,0.12805870419172577,-0.29448210172146083,-1.5545169861676489,0.22613589716237983,0.4589976639221965,0.005973341703652669,0.4677877320760855,0.3848697188207598,0.532003768097306,178.70132702505262,2.4865653739655786,179.17014615843806,149.19839352612132,206.43855296703785,391.00070145877544,2.7166953094439457,388.4020989242448,358.9310158740404,421.8332624748007
500,1000,300,9,6.30957344480193e-06,515.6472983303063,487.27764484888485,0.9999788220572078,0.01,4.166947281934958,13.89495494373136,0.0172429539022601,0.0017323904286502087,0.9982676095713497,1.0039285475299866,0.009180605876078041,0.9887705830666922,0.9041845217301607,564.1531040625061,623.9358123306479,0.0017425644295476616,9.936894341556766e-06,0.0017405009446240073,0.001621031762379302,0.0018419052686104666,0.9982574355704522,9.936894341556896e-06,0.9982594990553759,0.9981580947313895,0.9983789682376207,1.003988339796219,0.00019877794775857312,1.0040302247942368,1.001622584344185,1.006052016989727,0.009464602278354337,0.00014635913731600924,0.009217359968050329,0.007734645738183498,0.011035148266219225,0.9883113641072923,0.00020069062471020948,0.9887208468648099,0.9862222276181585,0.9907017735855732,0.9035841319927166,0.0007508805861812053,0.9039929171152021,0.8949516903786578,0.9120531652772613,563.5959424684538,0.46592430429737874,563.5908345603334,557.9985063604643,568.9666221337345,623.9019407365694,0.8363856411905934,623.4043765137362,614.3167753677901,635.1519249491716
500,1000,300,9,6.30957344480193e-06,515.6472983303063,487.27764484888485,0.9999788220572078,0.1,13.177044300762265,45.4090961097247,0.050754932866304316,0.0069138496225505065,0.9930861503774495,1.0074044625401182,0.0617922020410288,0.8905618851588007,0.7514196265972939,483.6879478755958,643.6988478274301,0.006965740173770714,5.799345275241111e-05,0.006930418758363057,0.006315346526730577,0.007556730418561563,0.9930342598262293,5.799345275241112e-05,0.9930695812416369,0.9924432695814385,0.9936846534732694,1.0072437749259906,0.000639393501114878,1.007503366381055,0.9994649139163626,1.014703151971841,0.06201296560858207,0.00061479086756088,0.06198633580117961,0.05449535411878556,0.06843597585670404,0.8889641307872277,0.0014814133605866346,0.8901038327877525,0.8744825016397821,0.9072594008924766,0.7518912727052576,0.0012336218649040254,0.7510295590763508,0.7383972945488988,0.7665576012769615,483.6003914659896,1.1669092222937993,483.87096001965347,470.58043307761596,497.4727367995527,643.7119020528313,1.8954751858175891,644.6032960250479,621.7057310570269,664.5191644474794
500,1000,300,9,6.30957344480193e-06,515.6472983303063,487.27764484888485,0.9999788220572078,1.0,41.66947281934957,159.79803278525839,0.16764144772125703,0.024717040393526235,0.9752829596064738,1.0099899718624963,0.19217242665201575,0.3907467794467798,0.5616252440525165,354.7240037597285,631.6026701366702,0.024657747048849637,0.000282696748971929,0.023873450757470105,0.02113773512072742,0.02835869601473623,0.9753422529511503,0.0002826967489719288,0.97612654924253,0.9716413039852638,0.9788622648792726,1.0137356955477275,0.001952084893540459,1.0152983787699092,0.9902232777621567,1.0378334804434204,0.19225757068282628,0.00211478827794097,0.18809034383136752,0.16596567232204734,0.2163441017303027,0.3662645592051969,0.012973907387150188,0.41350422206242216,0.2437836642929494,0.5274108063483673,0.5634945876472878,0.0023988540112466505,0.566306282430614,0.5348720218142026,0.592611851087272,355.61055193756096,2.0500214611397163,356.117470919272,333.3884194695428,379.78341195207315,631.6457929752971,2.9043618156280937,630.5724213976496,597.5783192558035,665.8908405677644
500,1000,300,9,6.30957344480193e-06,515.6472983303063,487.27764484888485,0.9999788220572078,10.0,131.77044300762265,814.1684814475695,0.825683480408096,0.07336688138691315,0.9266331186130868,1.0133202408641495,0.3185879024661148,-0.6792878921085994,0.4355640847127862,179.52275541017698,412.16152045354124,0.07390801649977786,0.0012549642329249308,0.06991661554773555,0.05965276260644015,0.08542856920192791,0.9260919835002221,0.0012549642329249308,0.9300833844522645,0.9145714307980721,0.9403472373935599,1.038153061605333,0.006646819367916916,1.0267664523574047,0.9544106394852949,1.0992141340156918,0.3250379645304205,0.006727862821257251,0.30758253936819985,0.23775403590048033,0.4022548401959242,-1.4730311415117316,0.1509183620718707,-0.5504986614010013,-2.006759831685609,0.09445397825923871,0.43919064728958934,0.005934659390685119,0.44539934400084064,0.3657643779865707,0.5123997565817315,178.70132702505262,2.4865653739655786,179.17014615843806,149.19839352612132,206.43855296703785,409.58054284650376,2.883173234213426,408.1405223114473,374.83427758323285,441.6430168585234
500,1000,300,10,7.943282347242822e-06,519.6987818725195,480.4285937014631,0.9999788220572078,0.01,4.166947281934958,13.89495494373136,0.0172429539022601,0.0017323904286502087,0.9982676095713497,1.0039285475299866,0.00937588032683182,0.9885059730444165,0.9031708704633166,564.1531040625061,624.6360711047976,0.0017425644295476616,9.936894341556766e-06,0.0017405009446240073,0.001621031762379302,0.0018419052686104666,0.9982574355704522,9.936894341556896e-06,0.9982594990553759,0.9981580947313895,0.9983789682376207,1.003988339796219,0.00019877794775857312,1.0040302247942368,1.001622584344185,1.006052016989727,0.0096618352654669,0.0001475947210013241,0.009415036845631362,0.00792231216283152,0.011257972468642284,0.9880419703107016,0.0002030587407735574,0.9884528062962713,0.985910816002203,0.9904539823019245,0.9025631167114591,0.0007493342429334415,0.9029688872772985,0.8938964197020403,0.9109926317849355,563.5959424684538,0.46592430429737874,563.5908345603334,557.9985063604643,568.9666221337345,624.6065826695157,0.8347924565308322,624.0900553158008,615.0412238490793,635.7005492500922
500,1000,300,10,7.943282347242822e-06,519.6987818725195,480.4285937014631,0.9999788220572078,0.1,13.177044300762265,45.4090961097247,0.050754932866304316,0.0069138496225505065,0.9930861503774495,1.0074044625401182,0.06338450768633014,0.8867848543335247,0.7482371995581354,483.6879478755958,646.4366489145865,0.006965740173770714,5.799345275241111e-05,0.006930418758363057,0.006315346526730577,0.007556730418561563,0.9930342598262293,5.799345275241112e-05,0.9930695812416369,0.9924432695814385,0.9936846534732694,1.0072437749259906,0.000639393501114878,1.007503366381055,0.9994649139163626,1.014703151971841,0.06362181947231337,0.0006214749156871676,0.0635128375323733,0.05604911347570752,0.069954678647152,0.8851122700739457,0.0015177504411840943,0.8864783416177874,0.8706878997238627,0.9037874502797693,0.748665408559494,0.0012305240172439972,0.7479824755909539,0.7355105718011263,0.7632530792219108,483.6003914659896,1.1669092222937993,483.87096001965347,470.58043307761596,497.4727367995527,646.4703688777779,1.8853629849350868,647.6054868808062,624.4727059757427,666.8326371184044
500,1000,300,10,7.943282347242822e-06,519.6987818725195,480.4285937014631,0.9999788220572078,1.0,41.66947281934957,159.79803278525839,0.16764144772125703,0.024717040393526235,0.9752829596064738,1.0099899718624963,0.19941917314270619,0.34892399458323553,0.5534362608286403,354.7240037597285,640.9482516172918,0.024657747048849637,0.000282696748971929,0.023873450757470105,0.02113773512072742,0.02835869601473623,0.9753422529511503,0.0002826967489719288,0.97612654924253,0.9716413039852638,0.9788622648792726,1.0137356955477275,0.001952084893540459,1.0152983787699092,0.9902232777621567,1.0378334804434204,0.19945395621420028,0.0021792178538244215,0.19570656700539502,0.17269734896819344,0.224875166098147,0.3221439111664866,0.014005081966265888,0.3705805424657275,0.18657610398116686,0.49438623105343193,0.5553729931582466,0.0024267055176466646,0.5576126506696051,0.525789955747181,0.584431313860351,355.61055193756096,2.0500214611397163,356.117470919272,333.3884194695428,379.78341195207315,640.8958447169197,2.8873848132806628,639.4736755312279,607.6869543287431,675.5391888975855
500,1000,300,10,7.943282347242822e-06,519.6987818725195,480.4285937014631,0.9999788220572078,10.0,131.77044300762265,814.1684814475695,0.825683480408096,0.07336688138691315,0.9266331186130868,1.0133202408641495,0.34586225999691284,-1.0385471294808903,0.4118994473757801,179.52275541017698,435.8412145340815,0.07390801649977786,0.0012549642329249308,0.06991661554773555,0.05965276260644015,0.08542856920192791,0.9260919835002221,0.0012549642329249308,0.9300833844522645,0.9145714307980721,0.9403472373935599,1.038153061605333,0.006646819367916916,1.0267664523574047,0.9544106394852949,1.0992141340156918,0.3505574957682623,0.00689009206391342,0.3363505641303121,0.26435177838562995,0.4327754445774526,-2.000869099942769,0.18268106943947093,-0.9063814172807468,-2.696977802791648,-0.11990945816229942,0.4167043444421201,0.005875996741908661,0.42004291325480037,0.3421433081930777,0.48584870348112663,178.70132702505262,2.4865653739655786,179.17014615843806,149.19839352612132,206.43855296703785,432.9711792525018,3.131102462196255,430.8229900652607,393.73239345475974,462.97504476006196
500,1000,300,11,9.999999999999999e-06,524.7992976160275,470.22731411580634,0.9999788220572078,0.01,4.166947281934958,13.89495494373136,0.0172429539022601,0.0017323904286502087,0.9982676095713497,1.0039285475299866,0.00962400511261644,0.9881684672385761,0.9018979861948979,564.1531040625061,625.5176446758293,0.0017425644295476616,9.936894341556766e-06,0.0017405009446240073,0.001621031762379302,0.0018419052686104666,0.9982574355704522,9.936894341556896e-06,0.9982594990553759,0.9981580947313895,0.9983789682376207,1.003988339796219,0.00019877794775857312,1.0040302247942368,1.001622584344185,1.006052016989727,0.009912489006340864,0.0001491533884893239,0.009674629215551577,0.00814435627439002,0.011557681583179154,0.9876983115056063,0.0002060630211739769,0.9880994310608338,0.9854902223849604,0.9901596872999389,0.9012810525323482,0.0007474782962808373,0.9016403167569511,0.8924933418251201,0.9097539126923733,563.5959424684538,0.46592430429737874,563.5908345603334,557.9985063604643,568.9666221337345,625.4936742950034,0.8328115471379086,624.9532737431168,615.9327200213227,636.3903732157739
500,1000,300,11,9.999999999999999e-06,524.7992976160275,470.22731411580634,0.9999788220572078,0.1,13.177044300762265,45.4090961097247,0.050754932866304316,0.0069138496225505065,0.9930861503774495,1.0074044625401182,0.06539840173091191,0.8819387424042642,0.7442688878315509,483.6879478755958,649.883336229242,0.006965740173770714,5.799345275241111e-05,0.006930418758363057,0.006315346526730577,0.007556730418561563,0.9930342598262293,5.799345275241112e-05,0.9930695812416369,0.9924432695814385,0.9936846534732694,1.0072437749259906,0.000639393501114878,1.007503366381055,0.9994649139163626,1.014703151971841,0.06565713280195735,0.000630327964745385,0.06547890855243654,0.05793538149380399,0.07215871924978885,0.880166373409581,0.001565477856662321,0.8817433918270983,0.8651015022655164,0.899511928573986,0.7446446068119078,0.0012278212638220426,0.7441115429105014,0.7313762503400095,0.7593023190865208,483.6003914659896,1.1669092222937993,483.87096001965347,470.58043307761596,497.4727367995527,649.9430728590534,1.8729620578360695,651.1871416987287,628.3053747982761,670.261033411289
500,1000,300,11,9.999999999999999e-06,524.7992976160275,470.22731411580634,0.9999788220572078,1.0,41.66947281934957,159.79803278525839,0.16764144772125703,0.024717040393526235,0.9752829596064738,1.0099899718624963,0.20842842469824757,0.2942982896090116,0.5434603799249756,354.7240037597285,652.7136418089906,0.024657747048849637,0.000282696748971929,0.023873450757470105,0.02113773512072742,0.02835869601473623,0.9753422529511503,0.0002826967489719288,0.97612654924253,0.9716413039852638,0.9788622648792726,1.0137356955477275,0.001952084893540459,1.0152983787699092,0.9902232777621567,1.0378334804434204,0.20838952950897063,0.0022602681008593957,0.20528406926155326,0.18044475122861703,0.2338480831402663,0.26440793497971876,0.015387318901079167,0.31370288620626047,0.12314985924354052,0.45463380498480815,0.545492915866783,0.002462318007937177,0.5469171505933375,0.5164216195629822,0.5752121106126333,355.61055193756096,2.0500214611397163,356.117470919272,333.3884194695428,379.78341195207315,652.5409699842677,2.872143896610645,650.5582039274576,620.0534772313283,686.9707838757035
500,1000,300,11,9.999999999999999e-06,524.7992976160275,470.22731411580634,0.9999788220572078,10.0,131.77044300762265,814.1684814475695,0.825683480408096,0.07336688138691315,0.9266331186130868,1.0133202408641495,0.3775737286452951,-1.5403060914549989,0.3855297170364583,179.52275541017698,465.6521857514815,0.07390801649977786,0.0012549642329249308,0.06991661554773555,0.05965276260644015,0.08542856920192791,0.9260919835002221,0.0012549642329249308,0.9300833844522645,0.9145714307980721,0.9403472373935599,1.038153061605333,0.006646819367916916,1.0267664523574047,0.9544106394852949,1.0992141340156918,0.3801226154806098,0.007039881478142843,0.3676954600963698,0.2901610703070737,0.4688571565344204,-2.7395930052060686,0.22740168857957818,-1.3731952443933806,-3.717328542198346,-0.36335362369770696,0.39164169583105246,0.005789735245387233,0.3936211318345717,0.315269191689592,0.4613340128630089,178.70132702505262,2.4865653739655786,179.17014615843806,149.19839352612132,206.43855296703785,462.41824856295375,3.4905831031934462,459.5732013203554,416.3108997028432,496.45932961002507
500,1000,300,12,1.2589254117941661e-05,531.2204667205388,455.39950413543323,0.9999788220572078,0.01,4.166947281934958,13.89495494373136,0.0172429539022601,0.0017323904286502087,0.9982676095713497,1.0039285475299866,0.009939967880769346,0.9877366283544117,0.9003006124353347,564.1531040625061,626.627480055199,0.0017425644295476616,9.936894341556766e-06,0.0017405009446240073,0.001621031762379302,0.0018419052686104666,0.9982574355704522,9.936894341556896e-06,0.9982594990553759,0.9981580947313895,0.9983789682376207,1.003988339796219,0.00019877794775857312,1.0040302247942368,1.001622584344185,1.006052016989727,0.010231733646471236,0.00015112160279383302,0.010008387581211189,0.008433581945991354,0.011925483260190464,0.9872585194918554,0.00020988314085056841,0.9876428136328113,0.9849713707429872,0.9897745573146328,0.8996722645287014,0.0007452842641273136,0.8999580812873171,0.890796149875205,0.908165468964176,563.5959424684538,0.46592430429737874,563.5908345603334,557.9985063604643,568.9666221337345,626.6104564713531,0.8303573069421532,625.9702535331829,616.8718769341463,637.3604068271875
500,1000,300,12,1.2589254117941661e-05,531.2204667205388,455.39950413543323,0.9999788220572078,0.1,13.177044300762265,45.4090961097247,0.050754932866304316,0.0069138496225505065,0.9930861503774495,1.0074044625401182,0.06794752791235802,0.8756934464018159,0.7393325338436766,483.6879478755958,654.2224584125579,0.006965740173770714,5.799345275241111e-05,0.006930418758363057,0.006315346526730577,0.007556730418561563,0.9930342598262293,5.799345275241112e-05,0.9930695812416369,0.9924432695814385,0.9936846534732694,1.0072437749259906,0.000639393501114878,1.007503366381055,0.9994649139163626,1.014703151971841,0.06823402496621249,0.0006421613784702954,0.0678676135133696,0.060247735167058725,0.07473738736107241,0.8737866129802182,0.0016287899242357518,0.8758911217114536,0.8584451049995467,0.8941795702643281,0.7396455179849661,0.0012262031302801393,0.7394858730044688,0.7266186060089936,0.7545458758924982,483.6003914659896,1.1669092222937993,483.87096001965347,470.58043307761596,497.4727367995527,654.3149481474412,1.857883172927109,655.4453099945047,632.7835013417887,674.1807886148792
500,1000,300,12,1.2589254117941661e-05,531.2204667205388,455.39950413543323,0.9999788220572078,1.0,41.66947281934957,159.79803278525839,0.16764144772125703,0.024717040393526235,0.9752829596064738,1.0099899718624963,0.21958454041028794,0.22240012004550802,0.5314015147161827,354.7240037597285,667.5253907569002,0.024657747048849637,0.000282696748971929,0.023873450757470105,0.02113773512072742,0.02835869601473623,0.9753422529511503,0.0002826967489719288,0.97612654924253,0.9716413039852638,0.9788622648792726,1.0137356955477275,0.001952084893540459,1.0152983787699092,0.9902232777621567,1.0378334804434204,0.21943748439713545,0.0023612459244659236,0.21645744731636812,0.19058927807232445,0.24624725928518,0.18824955800808463,0.01725987891174039,0.2430438055131519,0.029684993567281076,0.39964048157868465,0.5335683939497373,0.0025068743443354357,0.5347501240492474,0.5037669939664784,0.5634346911225622,355.61055193756096,2.0500214611397163,356.117470919272,333.3884194695428,379.78341195207315,667.2013142096243,2.8628248178508553,665.4932615632897,634.6758764368902,702.1985552370713
500,1000,300,12,1.2589254117941661e-05,531.2204667205388,455.39950413543323,0.9999788220572078,10.0,131.77044300762265,814.1684814475695,0.825683480408096,0.07336688138691315,0.9266331186130868,1.0133202408641495,0.41373838789464557,-2.250401159192481,0.3567750098957243,179.52275541017698,503.18197864431886,0.07390801649977786,0.0012549642329249308,0.06991661554773555,0.05965276260644015,0.08542856920192791,0.9260919835002221,0.0012549642329249308,0.9300833844522645,0.9145714307980721,0.9403472373935599,1.038153061605333,0.006646819367916916,1.0267664523574047,0.9544106394852949,1.0992141340156918,0.413761126335423,0.007159804010925773,0.4032220528968943,0.3216475158629204,0.5032455579263057,-3.7872146313961412,0.2912071606830225,-2.026586314814969,-4.959215243645513,-0.7166682530332624,0.36426672997941373,0.005667585390774729,0.3650023225386334,0.2906021766666124,0.43286034422218955,178.70132702505262,2.4865653739655786,179.17014615843806,149.19839352612132,206.43855296703785,499.4899163025383,3.9972915716246242,497.9784296379876,446.5244726538608,541.719909469277
500,1000,300,13,1.584893192461114e-05,539.3042399934034,434.55533657406903,0.9999788220572078,0.01,4.166947281934958,13.89495494373136,0.0172429539022601,0.0017323904286502087,0.9982676095713497,1.0039285475299866,0.010343364805505618,0.9871819695169203,0.8982976656831043,564.1531040625061,628.0246800301989,0.0017425644295476616,9.936894341556766e-06,0.0017405009446240073,0.001621031762379302,0.0018419052686104666,0.9982574355704522,9.936894341556896e-06,0.9982594990553759,0.9981580947313895,0.9983789682376207,1.003988339796219,0.00019877794775857312,1.0040302247942368,1.001622584344185,1.006052016989727,0.010639413334606237,0.0001536107517045481,0.010420460301346371,0.008803458868716363,0.012378213338834435,0.9866935202434661,0.0002147555146803417,0.9870755424815958,0.9843286652654277,0.9892791076071783,0.8976551713401394,0.0007427450243548939,0.8979193675200453,0.888742580776265,0.906173274046215,563.5959424684538,0.46592430429737874,563.5908345603334,557.9985063604643,568.9666221337345,628.0164019145755,0.8273308934532375,627.4139148600119,618.0902414616064,638.732236953352
500,1000,300,13,1.584893192461114e-05,539.3042399934034,434.55533657406903,0.9999788220572078,0.1,13.177044300762265,45.4090961097247,0.050754932866304316,0.0069138496225505065,0.9930861503774495,1.0074044625401182,0.07117670722990212,0.8676022219380546,0.7332103689610443,483.6879478755958,659.6850895070938,0.006965740173770714,5.799345275241111e-05,0.006930418758363057,0.006315346526730577,0.007556730418561563,0.9930342598262293,5.799345275241112e-05,0.9930695812416369,0.9924432695814385,0.9936846534732694,1.0072437749259906,0.000639393501114878,1.007503366381055,0.9994649139163626,1.014703151971841,0.07149919213583843,0.0006581259714602872,0.07079431444855527,0.06379145434352342,0.07806779881620153,0.8655120928021806,0.00171375750714241,0.8685707689793141,0.8496543605876496,0.8858118119485323,0.7334494280376993,0.0012267704050820398,0.73392809100802,0.7205938461489748,0.7474303141815782,483.6003914659896,1.1669092222937993,483.87096001965347,470.58043307761596,497.4727367995527,659.8188130463708,1.839765703645416,661.1257054439563,638.4480296613488,679.23866405989
500,1000,300,13,1.584893192461114e-05,539.3042399934034,434.55533657406903,0.9999788220572078,1.0,41.66947281934957,159.79803278525839,0.16764144772125703,0.024717040393526235,0.9752829596064738,1.0099899718624963,0.2333271026665254,0.12692737829378942,0.5169605578562705,354.7240037597285,686.1722782695381,0.024657747048849637,0.000282696748971929,0.023873450757470105,0.02113773512072742,0.02835869601473623,0.9753422529511503,0.0002826967489719288,0.97612654924253,0.9716413039852638,0.9788622648792726,1.0137356955477275,0.001952084893540459,1.0152983787699092,0.9902232777621567,1.0378334804434204,0.23302160307732342,0.0024852406995270887,0.2311705832681397,0.20266629751889653,0.2601648822902336,0.08686736601463932,0.01982551365540768,0.14243583788422454,-0.08385125410881072,0.32957727365810563,0.5193123405057177,0.0025609474412341586,0.5191979834220506,0.4899364318899716,0.5498153532400962,355.61055193756096,2.0500214611397163,356.117470919272,333.3884194695428,379.78341195207315,685.6575942532162,2.86686663264834,683.717469404869,653.5281815499577,720.8983476325707
500,1000,300,13,1.584893192461114e-05,539.3042399934034,434.55533657406903,0.9999788220572078,10.0,131.77044300762265,814.1684814475695,0.825683480408096,0.07336688138691315,0.9266331186130868,1.0133202408641495,0.4540731520068524,-3.26864200281201,0.3261504975093827,179.52275541017698,550.4291938264251,0.07390801649977786,0.0012549642329249308,0.06991661554773555,0.05965276260644015,0.08542856920192791,0.9260919835002221,0.0012549642329249308,0.9300833844522645,0.9145714307980721,0.9403472373935599,1.038153061605333,0.006646819367916916,1.0267664523574047,0.9544106394852949,1.0992141340156918,0.4512606445968,0.007229615091088309,0.44278114263183643,0.3591686949491406,0.545403135837863,-5.29251258502431,0.38342954833917614,-2.955350572719615,-6.9766700528055425,-1.2370540869835205,0.3350111821672656,0.005501753066379804,0.3345820201346419,0.2614858702709448,0.40069326904365277,178.70132702505262,2.4865653739655786,179.17014615843806,149.19839352612132,206.43855296703785,546.1603863767691,4.692420729522459,544.4515658388634,485.22101105597784,595.7787381640613
500,1000,300,14,1.9952623149688786e-05,549.481108033849,406.52794452894534,0.9999788220572078,0.01,4.166947281934958,13.89495494373136,0.0172429539022601,0.0017323904286502087,0.9982676095713497,1.0039285475299866,0.01085998630864707,0.9864662522471943,0.8957887419294486,564.1531040625061,629.7836506042385,0.0017425644295476616,9.936894341556766e-06,0.0017405009446240073,0.001621031762379302,0.0018419052686104666,0.9982574355704522,9.936894341556896e-06,0.9982594990553759,0.9981580947313895,0.9983789682376207,1.003988339796219,0.00019877794775857312,1.0040302247942368,1.001622584344185,1.006052016989727,0.011161657550932007,0.00015676588108195244,0.010956726151526895,0.009238390544760361,0.012966089860050045,0.9859642653000594,0.00022099537928827031,0.9863315650852298,0.9834874968112518,0.9886923735680617,0.8951287867417712,0.0007398955469060985,0.8953256199047943,0.8861312611693782,0.9038834555189013,563.5959424684538,0.46592430429737874,563.5908345603334,557.9985063604643,568.9666221337345,629.7863823369925,0.8236222972960916,629.3065304003576,619.6656481937622,640.361936989191
500,1000,300,14,1.9952623149688786e-05,549.481108033849,406.52794452894534,0.9999788220572078,0.1,13.177044300762265,45.4090961097247,0.050754932866304316,0.0069138496225505065,0.9930861503774495,1.0074044625401182,0.0752702809400899,0.8570532510251766,0.7256457018013206,483.6879478755958,666.5621344891917,0.006965740173770714,5.799345275241111e-05,0.006930418758363057,0.006315346526730577,0.007556730418561563,0.9930342598262293,5.799345275241112e-05,0.9930695812416369,0.9924432695814385,0.9936846534732694,1.0072437749259906,0.000639393501114878,1.007503366381055,0.9994649139163626,1.014703151971841,0.07563928273763114,0.0006798478211829281,0.07513142111120796,0.06779753705615257,0.08271316866887757,0.8547101539316513,0.001829306968529775,0.8574164753916607,0.8370231702581717,0.8760642777889313,0.7257992331311217,0.0012311755621016234,0.7258988855298198,0.712401082923484,0.7396204706671877,483.6003914659896,1.1669092222937993,483.87096001965347,470.58043307761596,497.4727367995527,666.747768437122,1.8183707214273535,667.7190613806192,645.3107438299147,686.3323725369648
500,1000,300,14,1.9952623149688786e-05,549.481108033849,406.52794452894534,0.9999788220572078,1.0,41.66947281934957,159.79803278525839,0.16764144772125703,0.024717040393526235,0.9752829596064738,1.0099899718624963,0.25014044991629675,-0.0011240728916905862,0.49985956980434304,354.7240037597285,709.6473193432626,0.024657747048849637,0.000282696748971929,0.023873450757470105,0.02113773512072742,0.02835869601473623,0.9753422529511503,0.0002826967489719288,0.97612654924253,0.9716413039852638,0.9788622648792726,1.0137356955477275,0.001952084893540459,1.0152983787699092,0.9902232777621567,1.0378334804434204,0.2496048906866236,0.002634408675422106,0.24730653567204886,0.2178586597535941,0.2772231120324775,-0.049489258549214814,0.023382335193144647,0.021374190587646835,-0.2365903084031118,0.23384156396609485,0.5024597668467493,0.0026239233055011728,0.5027007732016199,0.4734801907345266,0.5332466913086187,355.61055193756096,2.0500214611397163,356.117470919272,333.3884194695428,379.78341195207315,708.892674434746,2.8967945340648966,706.6538659348957,676.4076568449663,743.6898383735941
500,1000,300,14,1.9952623149688786e-05,549.481108033849,406.52794452894534,0.9999788220572078,10.0,131.77044300762265,814.1684814475695,0.825683480408096,0.07336688138691315,0.9266331186130868,1.0133202408641495,0.4979517101976609,-4.7475083794251915,0.29434306479872185,179.52275541017698,609.9099210403973,0.07390801649977786,0.0012549642329249308,0.06991661554773555,0.05965276260644015,0.08542856920192791,0.9260919835002221,0.0012549642329249308,0.9300833844522645,0.9145714307980721,0.9403472373935599,1.038153061605333,0.006646819367916916,1.0267664523574047,0.9544106394852949,1.0992141340156918,0.4921337002619422,0.007228684151570016,0.487352871967793,0.40016079676416794,0.5910046367122676,-7.483027056048436,0.5183814668828086,-4.347352371282339,-10.05366484539487,-1.9642570634155234,0.3044586767404356,0.005286433669060752,0.3018934507692881,0.23123195101046753,0.3674173943962674,178.70132702505262,2.4865653739655786,179.17014615843806,149.19839352612132,206.43855296703785,604.9150349270444,5.623740553480215,597.3117147697346,535.218109268936,665.8539450174483
500,1000,300,15,2.5118864315095822e-05,562.293026451026,370.9215587086825,0.9999788220572078,0.01,4.166947281934958,13.89495494373136,0.0172429539022601,0.0017323904286502087,0.9982676095713497,1.0039285475299866,0.01152401136492452,0.9855375720354583,0.8926500518634288,564.1531040625061,631.9980633898164,0.0017425644295476616,9.936894341556766e-06,0.0017405009446240073,0.001621031762379302,0.0018419052686104666,0.9982574355704522,9.936894341556896e-06,0.9982594990553759,0.9981580947313895,0.9983789682376207,1.003988339796219,0.00019877794775857312,1.0040302247942368,1.001622584344185,1.006052016989727,0.011833110887078438,0.00016077866739255345,0.011609857257449847,0.009875929840864743,0.013675716838578005,0.9850177182318729,0.00022903023274738543,0.9854167941366949,0.9824622867249581,0.9878243355681441,0.8919686565645331,0.0007368461278149369,0.8922510033663824,0.883056816395966,0.9006223038162199,563.5959424684538,0.46592430429737874,563.5908345603334,557.9985063604643,568.9666221337345,632.0146556386059,0.8191164250496322,631.3791098642414,621.9527268913955,642.729933959997
500,1000,300,15,2.5118864315095822e-05,562.293026451026,370.9215587086825,0.9999788220572078,0.1,13.177044300762265,45.4090961097247,0.050754932866304316,0.0069138496225505065,0.9930861503774495,1.0074044625401182,0.08046217112260017,0.8431980065299003,0.7163414532882886,483.6879478755958,675.2198210159111,0.006965740173770714,5.799345275241111e-05,0.006930418758363057,0.006315346526730577,0.007556730418561563,0.9930342598262293,5.799345275241112e-05,0.9930695812416369,0.9924432695814385,0.9936846534732694,1.0072437749259906,0.000639393501114878,1.007503366381055,0.9994649139163626,1.014703151971841,0.08089090864637542,0.0007095913950291084,0.08062209901560995,0.07278720159096166,0.08807908488754798,0.840501237478625,0.0019887350992796437,0.8427626748213901,0.8218885298249846,0.8634909911234212,0.7163983851376626,0.0012417388469586918,0.7160596911049277,0.7032187988450643,0.7302090926570625,483.6003914659896,1.1669092222937993,483.87096001965347,470.58043307761596,497.4727367995527,675.4708064722836,1.7937572693116686,676.2475158156277,655.3524732527702,694.9999415445119
500,1000,300,15,2.5118864315095822e-05,562.293026451026,370.9215587086825,0.9999788220572078,1.0,41.66947281934957,159.79803278525839,0.16764144772125703,0.024717040393526235,0.9752829596064738,1.0099899718624963,0.2705298835888756,-0.1747860088681854,0.47987512692731604,354.7240037597285,739.2006458660578,0.024657747048849637,0.000282696748971929,0.023873450757470105,0.02113773512072742,0.02835869601473623,0.9753422529511503,0.0002826967489719288,0.97612654924253,0.9716413039852638,0.9788622648792726,1.0137356955477275,0.001952084893540459,1.0152983787699092,0.9902232777621567,1.0378334804434204,0.26966576067334763,0.002808948085344744,0.26693998989602696,0.23529942024676861,0.29875155217103944,-0.23497869791265452,0.02837277958600527,-0.14265406764347577,-0.4531618481194751,0.11256543181685888,0.48279909734740195,0.0026933505191516615,0.4833378568865675,0.45341845278497545,0.5149233397437627,355.61055193756096,2.0500214611397163,356.117470919272,333.3884194695428,379.78341195207315,738.1439076604372,2.972499651314541,737.8507568793328,702.3453911676045,773.0742258195442
500,1000,300,15,2.5118864315095822e-05,562.293026451026,370.9215587086825,0.9999788220572078,10.0,131.77044300762265,814.1684814475695,0.825683480408096,0.07336688138691315,0.9266331186130868,1.0133202408641495,0.5444127027044531,-6.92147860487359,0.26215672212559044,179.52275541017698,684.7917305136799,0.07390801649977786,0.0012549642329249308,0.06991661554773555,0.05965276260644015,0.08542856920192791,0.9260919835002221,0.0012549642329249308,0.9300833844522645,0.9145714307980721,0.9403472373935599,1.038153061605333,0.006646819367916916,1.0267664523574047,0.9544106394852949,1.0992141340156918,0.5356181322665563,0.007139235733762185,0.5325530410053594,0.44793864482167467,0.6314513561912358,-10.708988759409028,0.7181447489922446,-6.2924169254744715,-13.974820343322389,-3.095552973479248,0.27330518235967166,0.005019285309771765,0.2702376940307186,0.20536177869594396,0.33071820122261286,178.70132702505262,2.4865653739655786,179.17014615843806,149.19839352612132,206.43855296703785,678.882766097005,6.84810440836472,668.0514969969271,594.3178867509662,753.8839287470694
500,1000,300,16,3.1622776601683795e-05,578.4222770102691,328.6871706298935,0.9999788220572078,0.01,4.166947281934958,13.89495494373136,0.0172429539022601,0.0017323904286502087,0.9982676095713497,1.0039285475299866,0.012381054634539266,0.9843246176666529,0.8887298124629096,564.1531040625061,634.7858439665549,0.0017425644295476616,9.936894341556766e-06,0.0017405009446240073,0.001621031762379302,0.0018419052686104666,0.9982574355704522,9.936894341556896e-06,0.9982594990553759,0.9981580947313895,0.9983789682376207,1.003988339796219,0.00019877794775857312,1.0040302247942368,1.001622584344185,1.006052016989727,0.01270002839218824,0.00016590729998219286,0.012517521805300361,0.010609787890457113,0.014630408647140429,0.9837809649746078,0.00023945201824002288,0.9841299993395456,0.9810662989365657,0.9868136218791654,0.8880222639050805,0.000733833593734696,0.888118327841771,0.8790437927037318,0.8969961772069087,563.5959424684538,0.46592430429737874,563.5908345603334,557.9985063604643,568.9666221337345,634.8198854838222,0.8137065094910041,633.9017299285983,624.7628066954626,645.463215884487
500,1000,300,16,3.1622776601683795e-05,578.4222770102691,328.6871706298935,0.9999788220572078,0.1,13.177044300762265,45.4090961097247,0.050754932866304316,0.0069138496225505065,0.9930861503774495,1.0074044625401182,0.08704743629793958,0.8248441685809021,0.7049619748270749,483.6879478755958,686.1192023786007,0.006965740173770714,5.799345275241111e-05,0.006930418758363057,0.006315346526730577,0.007556730418561563,0.9930342598262293,5.799345275241112e-05,0.9930695812416369,0.9924432695814385,0.9936846534732694,1.0072437749259906,0.000639393501114878,1.007503366381055,0.9994649139163626,1.014703151971841,0.08755198239894318,0.000750419189901046,0.08710673156848027,0.07963523691864914,0.09546041592231477,0.8216463580516953,0.0022120286560153935,0.8246748293125359,0.8000940922904912,0.8454407639258767,0.7049132515346123,0.0012614602133216057,0.704861530545299,0.6910333588431025,0.7178028464913642,483.6003914659896,1.1669092222937993,483.87096001965347,470.58043307761596,497.4727367995527,686.4524607580829,1.7666042757178881,686.620717180501,666.1829346866118,705.7369469344367
500,1000,300,16,3.1622776601683795e-05,578.4222770102691,328.6871706298935,0.9999788220572078,1.0,41.66947281934957,159.79803278525839,0.16764144772125703,0.024717040393526235,0.9752829596064738,1.0099899718624963,0.2949799029972742,-0.41315281938676485,0.45687947654569866,354.7240037597285,776.4060807494989,0.024657747048849637,0.000282696748971929,0.023873450757470105,0.02113773512072742,0.02835869601473623,0.9753422529511503,0.0002826967489719288,0.97612654924253,0.9716413039852638,0.9788622648792726,1.0137356955477275,0.001952084893540459,1.0152983787699092,0.9902232777621567,1.0378334804434204,0.2936581474864654,0.003005870840557974,0.29219753499283857,0.25660227656527346,0.32486326245631236,-0.4904097834163708,0.035459405067624544,-0.38422184869983556,-0.7567175340587018,-0.05387897137514691,0.4602100273002331,0.002764401547754023,0.4594470109098406,0.4300324633084427,0.4934407709061114,355.61055193756096,2.0500214611397163,356.117470919272,333.3884194695428,379.78341195207315,774.969029004748,3.1233304216487623,773.3893009736536,738.0164725291615,811.4427374733207
500,1000,300,16,3.1622776601683795e-05,578.4222770102691,328.6871706298935,0.9999788220572078,10.0,131.77044300762265,814.1684814475695,0.825683480408096,0.07336688138691315,0.9266331186130868,1.0133202408641495,0.5922312357457759,-10.15312939767811,0.2304343850289464,179.52275541017698,779.0623581963514,0.07390801649977786,0.0012549642329249308,0.06991661554773555,0.05965276260644015,0.08542856920192791,0.9260919835002221,0.0012549642329249308,0.9300833844522645,0.9145714307980721,0.9403472373935599,1.038153061605333,0.006646819367916916,1.0267664523574047,0.9544106394852949,1.0992141340156918,0.5807207635436769,0.006949685421517608,0.5803676558492401,0.4978928430046047,0.6734687611507617,-15.512388017472743,1.0169586799757986,-9.230288662109503,-19.93884200967761,-4.745207577574188,0.24230022216371264,0.004702454425844974,0.23818135392591036,0.1793489557217725,0.2943847948445997,178.70132702505262,2.4865653739655786,179.17014615843806,149.19839352612132,206.43855296703785,772.0026381908601,8.435169904662747,754.3438657994327,674.3071793436143,862.4936940824311
500,1000,300,17,3.9810717055349695e-05,598.7278016730611,282.3308777761943,0.9999788220572078,0.01,4.166947281934958,13.89495494373136,0.0172429539022601,0.0017323904286502087,0.9982676095713497,1.0039285475299866,0.013492398782781691,0.9827281560921383,0.8838432146502767,564.1531040625061,638.2954518531128,0.0017425644295476616,9.936894341556766e-06,0.0017405009446240073,0.001621031762379302,0.0018419052686104666,0.9982574355704522,9.936894341556896e-06,0.9982594990553759,0.9981580947313895,0.9983789682376207,1.003988339796219,0.00019877794775857312,1.0040302247942368,1.001622584344185,1.006052016989727,0.01382457140326658,0.00017250763518737245,0.013612354233138377,0.011620378107103336,0.01584743430280755,0.9821524727451609,0.00025310079294566104,0.9825542661581084,0.979259300516801,0.9854019870206581,0.8831040300194496,0.0007312965660166108,0.8833280058087793,0.8741134074850085,0.892202145274882,563.5959424684538,0.46592430429737874,563.5908345603334,557.9985063604643,568.9666221337345,638.3514605745477,0.8073205497958221,637.3553902352666,628.7010231303924,649.1707692226676
500,1000,300,17,3.9810717055349695e-05,598.7278016730611,282.3308777761943,0.9999788220572078,0.1,13.177044300762265,45.4090961097247,0.050754932866304316,0.0069138496225505065,0.9930861503774495,1.0074044625401182,0.09539446483921149,0.8002940299617626,0.6911400562727315,483.6879478755958,699.8407102665849,0.006965740173770714,5.799345275241111e-05,0.006930418758363057,0.006315346526730577,0.007556730418561563,0.9930342598262293,5.799345275241112e-05,0.9930695812416369,0.9924432695814385,0.9936846534732694,1.0072437749259906,0.000639393501114878,1.007503366381055,0.9994649139163626,1.014703151971841,0.09599339334536801,0.0008062756987995521,0.09544726032430365,0.08735136838234027,0.10476483250154967,0.7963770166410518,0.002529368441912673,0.8001340491114609,0.7709642308006369,0.8239756924664814,0.690980766064049,0.0012938061903601172,0.6910546128010521,0.6763260411349359,0.704447353273248,483.6003914659896,1.1669092222937993,483.87096001965347,470.58043307761596,497.4727367995527,700.2775444707162,1.7387808005233505,699.4142080458328,680.7318542258886,719.7952720289603
500,1000,300,17,3.9810717055349695e-05,598.7278016730611,282.3308777761943,0.9999788220572078,1.0,41.66947281934957,159.79803278525839,0.16764144772125703,0.024717040393526235,0.9752829596064738,1.0099899718624963,0.3238917400415486,-0.7445236755019791,0.4308851257948457,354.7240037597285,823.2449498120311,0.024657747048849637,0.000282696748971929,0.023873450757470105,0.02113773512072742,0.02835869601473623,0.9753422529511503,0.0002826967489719288,0.97612654924253,0.9716413039852638,0.9788622648792726,1.0137356955477275,0.001952084893540459,1.0152983787699092,0.9902232777621567,1.0378334804434204,0.32195397818537863,0.003217842094195686,0.3208341520736696,0.2820161824176549,0.3573210818076027,-0.846709370806588,0.045643002828352486,-0.7066587738385001,-1.2085002326138277,-0.282403542705705,0.4347037710009434,0.002829698959859011,0.43357776917739493,0.402236723195864,0.46894805292413927,355.61055193756096,2.0500214611397163,356.117470919272,333.3884194695428,379.78341195207315,821.3291108253363,3.388708342602071,821.5654838640927,781.6031569240976,860.0609350678714
500,1000,300,17,3.9810717055349695e-05,598.7278016730611,282.3308777761943,0.9999788220572078,10.0,131.77044300762265,814.1684814475695,0.825683480408096,0.07336688138691315,0.9266331186130868,1.0133202408641495,0.6400457301232871,-15.005717490968209,0.1999714191834849,179.52275541017698,897.7420680575101,0.07390801649977786,0.0012549642329249308,0.06991661554773555,0.05965276260644015,0.08542856920192791,0.9260919835002221,0.0012549642329249308,0.9300833844522645,0.9145714307980721,0.9403472373935599,1.038153061605333,0.006646819367916916,1.0267664523574047,0.9544106394852949,1.0992141340156918,0.6263017355486903,0.006657177622972781,0.6271971265570744,0.5496009287907085,0.7159914272193972,-22.735744963408997,1.4681352126918892,-13.491096975935214,-29.254165906348934,-7.2155440128349815,0.21217858276786244,0.004342814038851094,0.20804222183871673,0.15383723619863973,0.2586495460520048,178.70132702505262,2.4865653739655786,179.17014615843806,149.19839352612132,206.43855296703785,889.233633750681,10.471995770395608,866.9994229491483,765.9739656214683,1000.314771440916
500,1000,300,18,5.011872336272725e-05,624.2909444568033,235.41720952451246,0.9999788220572078,0.01,4.166947281934958,13.89495494373136,0.0172429539022601,0.0017323904286502087,0.9982676095713497,1.0039285475299866,0.014940848547593134,0.9806082711001817,0.8777672361942465,564.1531040625061,642.7137865255901,0.0017425644295476616,9.936894341556766e-06,0.0017405009446240073,0.001621031762379302,0.0018419052686104666,0.9982574355704522,9.936894341556896e-06,0.9982594990553759,0.9981580947313895,0.9983789682376207,1.003988339796219,0.00019877794775857312,1.0040302247942368,1.001622584344185,1.006052016989727,0.015290741155431773,0.0001810823267466216,0.01505189731923906,0.01309429897987082,0.017414664528361767,0.9799889834103707,0.00027120171082618854,0.9804439422627884,0.9768878510676298,0.983303064090032,0.8769901907747552,0.0007299791305961269,0.8773138291383267,0.8680353821705833,0.8855696767022192,563.5959424684538,0.46592430429737874,563.5908345603334,557.9985063604643,568.9666221337345,642.7974501444518,0.7999705028343477,641.6272329680296,633.0449158129738,653.0032920551681
500,1000,300,18,5.011872336272725e-05,624.2909444568033,235.41720952451246,0.9999788220572078,0.1,13.177044300762265,45.4090961097247,0.050754932866304316,0.0069138496225505065,0.9930861503774495,1.0074044625401182,0.10595584521226745,0.7670986102181117,0.6744914053173596,483.6879478755958,717.115064865819,0.006965740173770714,5.799345275241111e-05,0.006930418758363057,0.006315346526730577,0.007556730418561563,0.9930342598262293,5.799345275241112e-05,0.9930695812416369,0.9924432695814385,0.9936846534732694,1.0072437749259906,0.000639393501114878,1.007503366381055,0.9994649139163626,1.014703151971841,0.1066689022771121,0.0008818761724240128,0.10627791691816224,0.09720956880190265,0.11598962136551236,0.7621360237007055,0.002986374751305189,0.7660478363520412,0.73326187646874,0.7947607829161509,0.6742235530931799,0.0013421503709821272,0.6739970663537729,0.6594275231041012,0.6882155532768842,483.6003914659896,1.1669092222937993,483.87096001965347,470.58043307761596,497.4727367995527,717.6822938036655,1.71431803344614,716.7071161655074,698.0653674744792,736.3747575033935
500,1000,300,18,5.011872336272725e-05,624.2909444568033,235.41720952451246,0.9999788220572078,1.0,41.66947281934957,159.79803278525839,0.16764144772125703,0.024717040393526235,0.9752829596064738,1.0099899718624963,0.3575024086298449,-1.2112779710161026,0.40208494865085986,354.7240037597285,882.211594713892,0.024657747048849637,0.000282696748971929,0.023873450757470105,0.02113773512072742,0.02835869601473623,0.9753422529511503,0.0002826967489719288,0.97612654924253,0.9716413039852638,0.9788622648792726,1.0137356955477275,0.001952084893540459,1.0152983787699092,0.9902232777621567,1.0378334804434204,0.35477085630441113,0.0034325113653154425,0.35364726574615346,0.31244161455146874,0.3935030520189897,-1.3503087518632804,0.06044750763248949,-1.1526810404353165,-1.8328742740149202,-0.6062839965539027,0.40645869370341947,0.0028797377854432394,0.4053175153816606,0.37270189757121874,0.44103523132442,355.61055193756096,2.0500214611397163,356.117470919272,333.3884194695428,379.78341195207315,879.6929970815316,3.8161986640231764,881.9267218301466,836.02016758767,922.5694763766907
500,1000,300,18,5.011872336272725e-05,624.2909444568033,235.41720952451246,0.9999788220572078,10.0,131.77044300762265,814.1684814475695,0.825683480408096,0.07336688138691315,0.9266331186130868,1.0133202408641495,0.6865129588063988,-22.35760731190303,0.17143922443408002,179.52275541017698,1047.1510006113283,0.07390801649977786,0.0012549642329249308,0.06991661554773555,0.05965276260644015,0.08542856920192791,0.9260919835002221,0.0012549642329249308,0.9300833844522645,0.9145714307980721,0.9403472373935599,1.038153061605333,0.006646819367916916,1.0267664523574047,0.9544106394852949,1.0992141340156918,0.6711853946449642,0.006268585337315696,0.6738772323468846,0.5997903381561495,0.7547395548177003,-33.693621373735986,2.1549686855611636,-20.00833768392676,-42.81880241342897,-10.79127896254758,0.18359497267687055,0.003951303077253045,0.17909975297302003,0.13124260487097852,0.2255387474624559,178.70132702505262,2.4865653739655786,179.17014615843806,149.19839352612132,206.43855296703785,1036.8187446837962,13.068423000623993,1000.6857487333425,882.9172325057045,1178.7795381998158
500,1000,300,19,6.309573444801929e-05,656.4730370437608,191.50613307450743,0.9999788220572078,0.01,4.166947281934958,13.89495494373136,0.0172429539022601,0.0017323904286502087,0.9982676095713497,1.0039285475299866,0.01683874827960594,0.977765062323488,0.8702357973877004,564.1531040625061,648.2761405081217,0.0017425644295476616,9.936894341556766e-06,0.0017405009446240073,0.001621031762379302,0.0018419052686104666,0.9982574355704522,9.936894341556896e-06,0.9982594990553759,0.9981580947313895,0.9983789682376207,1.003988339796219,0.00019877794775857312,1.0040302247942368,1.001622584344185,1.006052016989727,0.017212487773277305,0.00019235706877929084,0.017032421720448287,0.0148916615130806,0.019501843470677037,0.977085681360955,0.00029559188556374966,0.9774708043714999,0.973653413359689,0.9806809750349902,0.8694140599130119,0.0007310596717974556,0.8694917216759874,0.8603510064455734,0.8779686102303726,563.5959424684538,0.46592430429737874,563.5908345603334,557.9985063604643,568.9666221337345,648.3946193342931,0.7918405549406886,647.5776022367356,638.6819543012491,658.5641690239818
500,1000,300,19,6.309573444801929e-05,656.4730370437608,191.50613307450743,0.9999788220572078,0.1,13.177044300762265,45.4090961097247,0.050754932866304316,0.0069138496225505065,0.9930861503774495,1.0074044625401182,0.11927427291172812,0.721680824411228,0.6546389238612317,483.6879478755958,738.8621883689374,0.006965740173770714,5.799345275241111e-05,0.006930418758363057,0.006315346526730577,0.007556730418561563,0.9930342598262293,5.799345275241112e-05,0.9930695812416369,0.9924432695814385,0.9936846534732694,1.0072437749259906,0.000639393501114878,1.007503366381055,0.9994649139163626,1.014703151971841,0.12011948259813643,0.0009822608860815653,0.11996166802374109,0.1085106030639932,0.1308623062193672,0.7151798154122704,0.00365198625741099,0.7192250023291864,0.6787586071684414,0.7586999593416359,0.6542746516379074,0.001408842236843733,0.6536451784967884,0.6382510453157524,0.6705905309633904,483.6003914659896,1.1669092222937993,483.87096001965347,470.58043307761596,497.4727367995527,739.5935752514938,1.7009597903686364,740.4945847914745,719.3776183722254,757.6422335287616
500,1000,300,19,6.309573444801929e-05,656.4730370437608,191.50613307450743,0.9999788220572078,1.0,41.66947281934957,159.79803278525839,0.16764144772125703,0.024717040393526235,0.9752829596064738,1.0099899718624963,0.3957956119830087,-1.8774707467450673,0.370877108997766,354.7240037597285,956.4462059098535,0.024657747048849637,0.000282696748971929,0.023873450757470105,0.02113773512072742,0.02835869601473623,0.9753422529511503,0.0002826967489719288,0.97612654924253,0.9716413039852638,0.9788622648792726,1.0137356955477275,0.001952084893540459,1.0152983787699092,0.9902232777621567,1.0378334804434204,0.39209438956802833,0.003632807085412228,0.38961021862209744,0.34722154268892147,0.4331852554575819,-2.071542910113949,0.08221032294089141,-1.7585978493976864,-2.7072359393296974,-1.0580800502779921,0.3758422754580588,0.0029039958992380563,0.37581236154909603,0.3418319713953565,0.4107449265370422,355.61055193756096,2.0500214611397163,356.117470919272,333.3884194695428,379.78341195207315,953.1687783767856,4.4580600193901425,950.4355339736754,902.4166081186561,1002.8703732323102
500,1000,300,19,6.309573444801929e-05,656.4730370437608,191.50613307450743,0.9999788220572078,10.0,131.77044300762265,814.1684814475695,0.825683480408096,0.07336688138691315,0.9266331186130868,1.0133202408641495,0.7304545938632128,-33.58286323064919,0.14533363593551155,179.52275541017698,1235.245745106357,0.07390801649977786,0.0012549642329249308,0.06991661554773555,0.05965276260644015,0.08542856920192791,0.9260919835002221,0.0012549642329249308,0.9300833844522645,0.9145714307980721,0.9403472373935599,1.038153061605333,0.006646819367916916,1.0267664523574047,0.9544106394852949,1.0992141340156918,0.7142758903889778,0.005799676840128253,0.7191682367850301,0.6492554598681631,0.7909377303431547,-50.443344196121096,3.2079631148810233,-30.143124237238915,-63.59739623224632,-16.20901358841337,0.1570731298501565,0.0035415271578687285,0.15196214663948504,0.1106532033608565,0.1942361056199257,178.70132702505262,2.4865653739655786,179.17014615843806,149.19839352612132,206.43855296703785,1222.6174360933496,16.36343286580218,1174.1548911167295,1029.2286256616994,1398.6713497801375
500,1000,300,20,7.943282347242822e-05,696.9878947950225,153.14445539763273,0.9999788220572078,0.01,4.166947281934958,13.89495494373136,0.0172429539022601,0.0017323904286502087,0.9982676095713497,1.0039285475299866,0.019338772439386635,0.9739092189157544,0.8609360850565948,564.1531040625061,655.278729576564,0.0017425644295476616,9.936894341556766e-06,0.0017405009446240073,0.001621031762379302,0.0018419052686104666,0.9982574355704522,9.936894341556896e-06,0.9982594990553759,0.9981580947313895,0.9983789682376207,1.003988339796219,0.00019877794775857312,1.0040302247942368,1.001622584344185,1.006052016989727,0.01974458976995025,0.00020739346756940715,0.019483702603430506,0.017163937137053317,0.022099784453072625,0.973145945709176,0.0003290958769158233,0.9736818964812786,0.969508279791221,0.9772705685145147,0.8600625203402796,0.0007362827098891004,0.8604159714624595,0.8513400387691273,0.8689887917933709,563.5959424684538,0.46592430429737874,563.5908345603334,557.9985063604643,568.9666221337345,655.4410378049853,0.783441121973104,654.7042140417927,646.0244368002637,665.1899706541001
500,1000,300,20,7.943282347242822e-05,696.9878947950225,153.14445539763273,0.9999788220572078,0.1,13.177044300762265,45.4090961097247,0.050754932866304316,0.0069138496225505065,0.9930861503774495,1.0074044625401182,0.1359776931453235,0.6587544502624804,0.6312484669247821,483.6879478755958,766.240194185265,0.006965740173770714,5.799345275241111e-05,0.006930418758363057,0.006315346526730577,0.007556730418561563,0.9930342598262293,5.799345275241112e-05,0.9930695812416369,0.9924432695814385,0.9936846534732694,1.0072437749259906,0.000639393501114878,1.007503366381055,0.9994649139163626,1.014703151971841,0.13696633230786007,0.0011119231780165255,0.13660298733540416,0.12402537031372925,0.14863488238018605,0.6499646391929396,0.004630504724639185,0.6562628921539915,0.6063382156193549,0.7044767457150114,0.6308132106157122,0.0014940762092348842,0.6304017109095184,0.6144682160465575,0.6478276535561588,483.6003914659896,1.1669092222937993,483.87096001965347,470.58043307761596,497.4727367995527,767.1782446664066,1.7123281635491403,768.1518608417114,746.6571424171277,786.4411707845202
500,1000,300,20,7.943282347242822e-05,696.9878947950225,153.14445539763273,0.9999788220572078,1.0,41.66947281934957,159.79803278525839,0.16764144772125703,0.024717040393526235,0.9752829596064738,1.0099899718624963,0.4384242115144901,-2.840704915538332,0.33786390257403265,354.7240037597285,1049.9020494857436,0.024657747048849637,0.000282696748971929,0.023873450757470105,0.02113773512072742,0.02835869601473623,0.9753422529511503,0.0002826967489719288,0.97612654924253,0.9716413039852638,0.9788622648792726,1.0137356955477275,0.001952084893540459,1.0152983787699092,0.9902232777621567,1.0378334804434204,0.433611578107461,0.0037985223464511754,0.4312326983386151,0.38599401588805443,0.47718340700633627,-3.117789177162156,0.11453893317442405,-2.6586628137048836,-3.990727971588812,-1.691248001905623,0.3434104720989396,0.0028925980719354503,0.3433169444397799,0.30921539449011304,0.3787158372567744,355.61055193756096,2.0500214611397163,356.117470919272,333.3884194695428,379.78341195207315,1045.669309269536,5.36955770380053,1039.3783311064817,984.9540824536351,1099.4790635386387
500,1000,300,20,7.943282347242822e-05,696.9878947950225,153.14445539763273,0.9999788220572078,10.0,131.77044300762265,814.1684814475695,0.825683480408096,0.07336688138691315,0.9266331186130868,1.0133202408641495,0.7709633272864619,-50.83650799419454,0.12195482616982518,179.52275541017698,1472.0430592897324,0.07390801649977786,0.0012549642329249308,0.06991661554773555,0.05965276260644015,0.08542856920192791,0.9260919835002221,0.0012549642329249308,0.9300833844522645,0.9145714307980721,0.9403472373935599,1.038153061605333,0.006646819367916916,1.0267664523574047,0.9544106394852949,1.0992141340156918,0.7546548903166337,0.005272702971996928,0.7610630366362585,0.6969930008175869,0.8231345401386009,-76.21268319382575,4.832055484222303,-45.73558836218696,-94.72136486713669,-24.558156117322582,0.1329767057874155,0.0031279822475694615,0.12761074025335764,0.09273237954773937,0.16513893376088695,178.70132702505262,2.4865653739655786,179.17014615843806,149.19839352612132,206.43855296703785,1456.5241939490472,20.53285517022168,1395.5176966435,1212.2075449187823,1677.230875478428
500,1000,300,21,0.0001,747.9930838639768,121.45483501126341,0.9999788220572078,0.01,4.166947281934958,13.89495494373136,0.0172429539022601,0.0017323904286502087,0.9982676095713497,1.0039285475299866,0.02264804996510721,0.9686168469647617,0.8495073092635154,564.1531040625061,664.0944673584993,0.0017425644295476616,9.936894341556766e-06,0.0017405009446240073,0.001621031762379302,0.0018419052686104666,0.9982574355704522,9.936894341556896e-06,0.9982594990553759,0.9981580947313895,0.9983789682376207,1.003988339796219,0.00019877794775857312,1.0040302247942368,1.001622584344185,1.006052016989727,0.023096832036791682,0.00022774136973943232,0.02273428672096127,0.020452965195677228,0.025639279619683826,0.9677349013179999,0.0003761384318401748,0.9684761089316881,0.9636525335469377,0.972151056589806,0.8485750220115765,0.0007480366229591487,0.8492210677208607,0.8398773011160678,0.8569861464909172,563.5959424684538,0.46592430429737874,563.5908345603334,557.9985063604643,568.9666221337345,664.3119530454453,0.7758694757911747,663.4638890105522,654.984362193765,674.3119052431641
500,1000,300,21,0.0001,747.9930838639768,121.45483501126341,0.9999788220572078,0.1,13.177044300762265,45.4090961097247,0.050754932866304316,0.0069138496225505065,0.9930861503774495,1.0074044625401182,0.15675578463157197,0.5704236532848378,0.6040760368055856,483.6879478755958,800.7070607094198,0.006965740173770714,5.799345275241111e-05,0.006930418758363057,0.006315346526730577,0.007556730418561563,0.9930342598262293,5.799345275241112e-05,0.9930695812416369,0.9924432695814385,0.9936846534732694,1.0072437749259906,0.000639393501114878,1.007503366381055,0.9994649139163626,1.014703151971841,0.15788504696559508,0.0012735367094244652,0.1578007319124859,0.14272976686898717,0.1713919763565384,0.5581944599523534,0.006080415614575223,0.5656675741973425,0.5008989223661341,0.6313205930787623,0.603610721825215,0.0015949199387210085,0.6027586068600332,0.5860049195021534,0.6222040693953255,483.6003914659896,1.1669092222937993,483.87096001965347,470.58043307761596,497.4727367995527,801.9052866461177,1.7701542561108572,802.054101213015,779.412883504785,820.783387055989
500,1000,300,21,0.0001,747.9930838639768,121.45483501126341,0.9999788220572078,1.0,41.66947281934957,159.79803278525839,0.16764144772125703,0.024717040393526235,0.9752829596064738,1.0099899718624963,0.4846700008620052,-4.25073885431724,0.3038175520296384,354.7240037597285,1167.5559933585535,0.024657747048849637,0.000282696748971929,0.023873450757470105,0.02113773512072742,0.02835869601473623,0.9753422529511503,0.0002826967489719288,0.97612654924253,0.9716413039852638,0.9788622648792726,1.0137356955477275,0.001952084893540459,1.0152983787699092,0.9902232777621567,1.0378334804434204,0.47867574118147344,0.0039091563896258,0.47847129515528997,0.43053942946318174,0.5243303252877742,-4.654072471112727,0.16302990762830655,-4.034478934453455,-5.888530724448868,-2.6415610202231257,0.3098788266219833,0.0028381698592419295,0.3082838066403461,0.27589355599851395,0.3438449653817436,355.61055193756096,2.0500214611397163,356.117470919272,333.3884194695428,379.78341195207315,1162.120582282413,6.611351127107964,1152.820432123311,1084.2782025745723,1225.176594152379
500,1000,300,21,0.0001,747.9930838639768,121.45483501126341,0.9999788220572078,10.0,131.77044300762265,814.1684814475695,0.825683480408096,0.07336688138691315,0.9266331186130868,1.0133202408641495,0.8074523033346463,-77.50541719033599,0.10141650174586088,179.52275541017698,1770.1533016790718,0.07390801649977786,0.0012549642329249308,0.06991661554773555,0.05965276260644015,0.08542856920192791,0.9260919835002221,0.0012549642329249308,0.9300833844522645,0.9145714307980721,0.9403472373935599,1.038153061605333,0.006646819367916916,1.0267664523574047,0.9544106394852949,1.0992141340156918,0.791645061376849,0.004713081921890856,0.7994479298055428,0.7414389260456239,0.8523570511148619,-116.07592437871116,7.349660729476722,-70.31054238949389,-143.63184905260263,-37.41260890167358,0.11150357134278442,0.0027243222839999216,0.10588149417589922,0.07676815896061459,0.13893152070081916,178.70132702505262,2.4865653739655786,179.17014615843806,149.19839352612132,206.43855296703785,1750.9954461124337,25.798903317415586,1680.418480623899,1444.7642102749608,2026.5947030434013
500,1000,300,22,0.00012589254117941674,812.2048197408025,96.34750137165577,0.9999788220572078,0.01,4.166947281934958,13.89495494373136,0.0172429539022601,0.0017323904286502087,0.9982676095713497,1.0039285475299866,0.027045877845296166,0.961259720076705,0.8355436901627178,564.1531040625061,675.1928243903562,0.0017425644295476616,9.936894341556766e-06,0.0017405009446240073,0.001621031762379302,0.0018419052686104666,0.9982574355704522,9.936894341556896e-06,0.9982594990553759,0.9981580947313895,0.9983789682376207,1.003988339796219,0.00019877794775857312,1.0040302247942368,1.001622584344185,1.006052016989727,0.027551675459585034,0.0002556121278213638,0.027260969679594113,0.02465655758790953,0.030543913955518774,0.9602076786502111,0.00044371866438164216,0.9608905501258079,0.9551489353917544,0.9653021867260541,0.8345468894142262,0.0007692755073942817,0.834891038199895,0.8252318300496313,0.8429759369903351,563.5959424684538,0.46592430429737874,563.5908345603334,557.9985063604643,568.9666221337345,675.4797736908483,0.7712314880982367,674.3753813444278,665.9819943476184,685.1138603972319
500,1000,300,22,0.00012589254117941674,812.2048197408025,96.34750137165577,0.9999788220572078,0.1,13.177044300762265,45.4090961097247,0.050754932866304316,0.0069138496225505065,0.9930861503774495,1.0074044625401182,0.18230913332172596,0.44478151253604825,0.5730232637230385,483.6879478755958,844.0982740089564,0.006965740173770714,5.799345275241111e-05,0.006930418758363057,0.006315346526730577,0.007556730418561563,0.9930342598262293,5.799345275241112e-05,0.9930695812416369,0.9924432695814385,0.9936846534732694,1.0072437749259906,0.000639393501114878,1.007503366381055,0.9994649139163626,1.014703151971841,0.18355324299242837,0.0014664496287351305,0.18426271462348187,0.16568656459241388,0.20043824857623396,0.42733809902918307,0.00824419350106432,0.4343359545167932,0.3428935800076899,0.5287562799848945,0.5725843222728582,0.0017048832338486587,0.570741703142931,0.5522966959457218,0.5929538646584488,483.6003914659896,1.1669092222937993,483.87096001965347,470.58043307761596,497.4727367995527,845.6240434162135,1.9049163985148119,845.0148853513533,821.9916029374058,865.4037600795266
500,1000,300,22,0.00012589254117941674,812.2048197408025,96.34750137165577,0.9999788220572078,1.0,41.66947281934957,159.79803278525839,0.16764144772125703,0.024717040393526235,0.9752829596064738,1.0099899718624963,0.5334637125304623,-6.338714820072506,0.26961399758041477,354.7240037597285,1315.6735441895182,0.024657747048849637,0.000282696748971929,0.023873450757470105,0.02113773512072742,0.02835869601473623,0.9753422529511503,0.0002826967489719288,0.97612654924253,0.9716413039852638,0.9788622648792726,1.0137356955477275,0.001952084893540459,1.0152983787699092,0.9902232777621567,1.0378334804434204,0.5263209591062509,0.003947485899067414,0.5271358995149401,0.47751401624465917,0.5726426602212812,-6.935447794008931,0.2364022667459448,-6.023758282521795,-8.6763871469503,-4.0019166693973425,0.2760659799474939,0.002737387444804231,0.2739592466167831,0.24326845992571977,0.3089761150356001,355.61055193756096,2.0500214611397163,356.117470919272,333.3884194695428,379.78341195207315,1308.7240553318122,8.255090009918037,1296.8743920850175,1211.6728242848371,1389.5214688079673
500,1000,300,22,0.00012589254117941674,812.2048197408025,96.34750137165577,0.9999788220572078,10.0,131.77044300762265,814.1684814475695,0.825683480408096,0.07336688138691315,0.9266331186130868,1.0133202408641495,0.8396497454150466,-118.92141614775392,0.08367596047301769,179.52275541017698,2145.4519840028156,0.07390801649977786,0.0012549642329249308,0.06991661554773555,0.05965276260644015,0.08542856920192791,0.9260919835002221,0.0012549642329249308,0.9300833844522645,0.9145714307980721,0.9403472373935599,1.038153061605333,0.006646819367916916,1.0267664523574047,0.9544106394852949,1.0992141340156918,0.8248332007378795,0.004146007912146743,0.8331257461366407,0.7821976590391108,0.8780465104167455,-178.02317157039934,11.268766241652298,-108.45935730566435,-220.51917395074878,-57.55281419235991,0.09270006051753654,0.0023420116506751975,0.08724278192638266,0.06295864675648952,0.11558061533558371,178.70132702505262,2.4865653739655786,179.17014615843806,149.19839352612132,206.43855296703785,2121.7129176509957,32.44209909692416,2040.1901276305932,1726.8916059046478,2464.5585487025946
500,1000,300,23,0.00015848931924611142,893.0426160301137,77.01431225000073,0.9999788220572078,0.01,4.166947281934958,13.89495494373136,0.0172429539022601,0.0017323904286502087,0.9982676095713497,1.0039285475299866,0.03290449922854911,0.9508970558359129,0.818604026426855,564.1531040625061,689.1648292092967,0.0017425644295476616,9.936894341556766e-06,0.0017405009446240073,0.001621031762379302,0.0018419052686104666,0.9982574355704522,9.936894341556896e-06,0.9982594990553759,0.9981580947313895,0.9983789682376207,1.003988339796219,0.00019877794775857312,1.0040302247942368,1.001622584344185,1.006052016989727,0.03348479287357407,0.0002940145157551909,0.033455102224518446,0.030158910559770657,0.0365336737161252,0.9495980756659552,0.0005429122663083653,0.9498905344683282,0.9441601296628019,0.9558326337899336,0.8175392744702498,0.0008031637124109854,0.8170926420789171,0.8088621838986572,0.8263367977675609,563.5959424684538,0.46592430429737874,563.5908345603334,557.9985063604643,568.9666221337345,689.53922704268,0.7732719536676159,688.2681187924175,680.0122838053776,699.1888759606088
500,1000,300,23,0.00015848931924611142,893.0426160301137,77.01431225000073,0.9999788220572078,0.1,13.177044300762265,45.4090961097247,0.050754932866304316,0.0069138496225505065,0.9930861503774495,1.0074044625401182,0.21326501349599913,0.26372116558680325,0.5381937489639198,483.6879478755958,898.7245742016635,0.006965740173770714,5.799345275241111e-05,0.006930418758363057,0.006315346526730577,0.007556730418561563,0.9930342598262293,5.799345275241112e-05,0.9930695812416369,0.9924432695814385,0.9936846534732694,1.0072437749259906,0.000639393501114878,1.007503366381055,0.9994649139163626,1.014703151971841,0.21456702698732974,0.001685249933044817,0.2146318569318188,0.19390151311303952,0.23316279049302419,0.23831192289914346,0.011495611412222391,0.25491682243151076,0.12811525395649803,0.38093458371769096,0.5378497323116844,0.0018142478314182324,0.5367162266493138,0.5171307129687992,0.559657505800351,483.6003914659896,1.1669092222937993,483.87096001965347,470.58043307761596,497.4727367995527,900.6626992030333,2.152982764878461,898.7660119613267,876.0815376167727,923.7897555801919
500,1000,300,23,0.00015848931924611142,893.0426160301137,77.01431225000073,0.9999788220572078,1.0,41.66947281934957,159.79803278525839,0.16764144772125703,0.024717040393526235,0.9752829596064738,1.0099899718624963,0.5834738905741017,-9.463152241147599,0.2361453734026993,354.7240037597285,1502.1425092873478,0.024657747048849637,0.000282696748971929,0.023873450757470105,0.02113773512072742,0.02835869601473623,0.9753422529511503,0.0002826967489719288,0.97612654924253,0.9716413039852638,0.9788622648792726,1.0137356955477275,0.001952084893540459,1.0152983787699092,0.9902232777621567,1.0378334804434204,0.5753334065214638,0.0039029365581402754,0.5760638316659346,0.5273067874738626,0.621653896601133,-10.357977330311611,0.34828574893442416,-8.917413214698133,-12.890698816489367,-6.031800576253552,0.2428177644989431,0.002591772913096899,0.24101136891198438,0.21154969022451736,0.27384108319851086,355.61055193756096,2.0500214611397163,356.117470919272,333.3884194695428,379.78341195207315,1493.2869025421126,10.390114921416911,1472.917460073923,1370.7370971462892,1600.301857451096
500,1000,300,23,0.00015848931924611142,893.0426160301137,77.01431225000073,0.9999788220572078,10.0,131.77044300762265,814.1684814475695,0.825683480408096,0.07336688138691315,0.9266331186130868,1.0133202408641495,0.8675535735556986,-183.48954586556397,0.06857444014258518,179.52275541017698,2617.9252070727757,0.07390801649977786,0.0012549642329249308,0.06991661554773555,0.05965276260644015,0.08542856920192791,0.9260919835002221,0.0012549642329249308,0.9300833844522645,0.9145714307980721,0.9403472373935599,1.038153061605333,0.006646819367916916,1.0267664523574047,0.9544106394852949,1.0992141340156918,0.8540569332689391,0.0035936794812398195,0.8621648894598326,0.8183112273536262,0.8998944667696037,-274.65230301325386,17.39069432470598,-167.78073262426574,-339.987981962342,-88.92420821831517,0.07648854392906683,0.001989541025946957,0.07147165431848555,0.05137233045754359,0.09539445018297533,178.70132702505262,2.4865653739655786,179.17014615843806,149.19839352612132,206.43855296703785,2588.418747206617,40.81625835281333,2488.9481904731947,2091.7359560060067,3014.5489391789893
500,1000,300,24,0.0001995262314968881,994.8113865878,62.38432039814363,0.9999788220572078,0.01,4.166947281934958,13.89495494373136,0.0172429539022601,0.0017323904286502087,0.9982676095713497,1.0039285475299866,0.04071089007098749,0.9361069160403968,0.798230601747967,564.1531040625061,706.7545428941493,0.0017425644295476616,9.936894341556766e-06,0.0017405009446240073,0.001621031762379302,0.0018419052686104666,0.9982574355704522,9.936894341556896e-06,0.9982594990553759,0.9981580947313895,0.9983789682376207,1.003988339796219,0.00019877794775857312,1.0040302247942368,1.001622584344185,1.006052016989727,0.04138627898340818,0.0003467504007317531,0.04140623895106761,0.03708584854235918,0.04510472530243635,0.9344450728582717,0.0006911404533321957,0.9347353273356933,0.9272911208871497,0.9431139375744635,0.7970984568636491,0.0008523875111804783,0.7965147810601121,0.7876213353693531,0.8074231441205947,563.5959424684538,0.46592430429737874,563.5908345603334,557.9985063604643,568.9666221337345,707.2390305316021,0.7881806115262217,706.450556687024,697.0079719581317,717.1517821905393
500,1000,300,24,0.0001995262314968881,994.8113865878,62.38432039814363,0.9999788220572078,0.1,13.177044300762265,45.4090961097247,0.050754932866304316,0.0069138496225505065,0.9930861503774495,1.0074044625401182,0.2500615623216391,-0.000492589542380184,0.49993844146781374,483.6879478755958,967.4950108967282,0.006965740173770714,5.799345275241111e-05,0.006930418758363057,0.006315346526730577,0.007556730418561563,0.9930342598262293,5.799345275241112e-05,0.9930695812416369,0.9924432695814385,0.9936846534732694,1.0072437749259906,0.000639393501114878,1.007503366381055,0.9994649139163626,1.014703151971841,0.25132960157509565,0.001918843202125927,0.25033129926001463,0.22737225063944153,0.2725454892760162,-0.038151473352152826,0.01641462430306965,-0.00265315515032305,-0.19313686074158276,0.16926748344041403,0.49976256756279935,0.0019111648409474273,0.4996688156184632,0.47794110834889353,0.523164336877934,483.6003914659896,1.1669092222937993,483.87096001965347,470.58043307761596,497.4727367995527,969.9522647856631,2.551436663698357,970.0237013783681,940.4872001620702,998.2589284310028
500,1000,300,24,0.0001995262314968881,994.8113865878,62.38432039814363,0.9999788220572078,1.0,41.66947281934957,159.79803278525839,0.16764144772125703,0.024717040393526235,0.9752829596064738,1.0099899718624963,0.6332514179443783,-14.182425947712952,0.20422904178125584,354.7240037597285,1736.8930523586537,0.024657747048849637,0.000282696748971929,0.023873450757470105,0.02113773512072742,0.02835869601473623,0.9753422529511503,0.0002826967489719288,0.97612654924253,0.9716413039852638,0.9788622648792726,1.0137356955477275,0.001952084893540459,1.0152983787699092,0.9902232777621567,1.0378334804434204,0.62437085634762,0.003773746307300965,0.6251654679124339,0.5793583811067288,0.6710343223999546,-15.539088501750076,0.5200448512351843,-13.269124989051292,-19.52057316072076,-9.156062575914797,0.21092596574386688,0.002407502772563819,0.20932675575925985,0.18083316433793575,0.23884420157982017,355.61055193756096,2.0500214611397163,356.117470919272,333.3884194695428,379.78341195207315,1725.6377756176125,13.130264649065321,1693.9031569554484,1569.8354650410836,1855.0354201285504
500,1000,300,24,0.0001995262314968881,994.8113865878,62.38432039814363,0.9999788220572078,10.0,131.77044300762265,814.1684814475695,0.825683480408096,0.07336688138691315,0.9266331186130868,1.0133202408641495,0.8913654077074823,-284.473832062734,0.055878499499411684,179.52275541017698,3212.7340035690668,0.07390801649977786,0.0012549642329249308,0.06991661554773555,0.05965276260644015,0.08542856920192791,0.9260919835002221,0.0012549642329249308,0.9300833844522645,0.9145714307980721,0.9403472373935599,1.038153061605333,0.006646819367916916,1.0267664523574047,0.9544106394852949,1.0992141340156918,0.8793655342439994,0.0030735401374678674,0.8870341997384725,0.8496490686300304,0.9184416440598349,-425.84705340824956,26.98069285149879,-261.10006112871145,-528.557166001632,-137.81225874061926,0.06270098687464576,0.0016722146393695126,0.05817507023781117,0.04164639940087493,0.07823589394051876,178.70132702505262,2.4865653739655786,179.17014615843806,149.19839352612132,206.43855296703785,3175.966838389571,51.367356603042545,3055.3776336758647,2551.2884823704608,3719.1385421361233
500,1000,300,25,0.0002511886431509582,1122.9306986934537,51.41091442532973,0.9999788220572078,0.01,4.166947281934958,13.89495494373136,0.0172429539022601,0.0017323904286502087,0.9982676095713497,1.0039285475299866,0.051084977621738005,0.9147226738494498,0.7739801388777128,564.1531040625061,728.8986832149722,0.0017425644295476616,9.936894341556766e-06,0.0017405009446240073,0.001621031762379302,0.0018419052686104666,0.9982574355704522,9.936894341556896e-06,0.9982594990553759,0.9981580947313895,0.9983789682376207,1.003988339796219,0.00019877794775857312,1.0040302247942368,1.001622584344185,1.006052016989727,0.05187781876658208,0.0004181515872164576,0.05201040794949347,0.04677719985774419,0.056091296598725984,0.9125216221676343,0.0009156067507944548,0.9127187764648338,0.9036925802607929,0.9238424778128376,0.7727870890134049,0.0009182502037687388,0.7719420984091991,0.7631639892480722,0.7837196339962469,563.5959424684538,0.46592430429737874,563.5908345603334,557.9985063604643,568.9666221337345,729.5217637626749,0.8253134405970934,728.8561103870095,718.586651659946,738.9789346278651
500,1000,300,25,0.0002511886431509582,1122.9306986934537,51.41091442532973,0.9999788220572078,0.1,13.177044300762265,45.4090961097247,0.050754932866304316,0.0069138496225505065,0.9930861503774495,1.0074044625401182,0.2928155235968517,-0.3906056969764875,0.458875685635129,483.6879478755958,1054.071860892181,0.006965740173770714,5.799345275241111e-05,0.006930418758363057,0.006315346526730577,0.007556730418561563,0.9930342598262293,5.799345275241112e-05,0.9930695812416369,0.9924432695814385,0.9936846534732694,1.0072437749259906,0.000639393501114878,1.007503366381055,0.9994649139163626,1.014703151971841,0.29392762346124746,0.002150574675419977,0.29197669366292023,0.26885542803626167,0.3189363488113216,-0.44720642836451485,0.02390561947109889,-0.38194630129351415,-0.6835091788838314,-0.15971437509102832,0.4589348972671379,0.0019833572310864714,0.4596513228598579,0.43525550191489965,0.4814874608160942,483.6003914659896,1.1669092222937993,483.87096001965347,470.58043307761596,497.4727367995527,1057.1826649151878,3.13561220105101,1056.1654846656104,1016.6235058327077,1092.5258819987296
500,1000,300,25,0.0002511886431509582,1122.9306986934537,51.41091442532973,0.9999788220572078,1.0,41.66947281934957,159.79803278525839,0.16764144772125703,0.024717040393526235,0.9752829596064738,1.0099899718624963,0.6813969806896415,-21.36911245036492,0.17453226550661508,354.7240037597285,2032.426512828849,0.024657747048849637,0.000282696748971929,0.023873450757470105,0.02113773512072742,0.02835869601473623,0.9753422529511503,0.0002826967489719288,0.97612654924253,0.9716413039852638,0.9788622648792726,1.0137356955477275,0.001952084893540459,1.0152983787699092,0.9902232777621567,1.0378334804434204,0.6721064340622812,0.003567256600152627,0.6722221472244451,0.6311716111161813,0.7167701399132828,-23.444385035556977,0.785241827182452,-19.725638147369878,-29.469022254052387,-13.941038831453922,0.18105753904730287,0.002194306795119627,0.18010924191122674,0.153377217888585,0.2055371149763324,355.61055193756096,2.0500214611397163,356.117470919272,333.3884194695428,379.78341195207315,2018.1502167581937,16.621035445562715,1973.933819286628,1822.1624546750054,2193.497609898832
500,1000,300,25,0.0002511886431509582,1122.9306986934537,51.41091442532973,0.9999788220572078,10.0,131.77044300762265,814.1684814475695,0.825683480408096,0.07336688138691315,0.9266331186130868,1.0133202408641495,0.9114210761264893,-442.82450334974897,0.04531624287071413,179.52275541017698,3961.5542692352046,0.07390801649977786,0.0012549642329249308,0.06991661554773555,0.05965276260644015,0.08542856920192791,0.9260919835002221,0.0012549642329249308,0.9300833844522645,0.9145714307980721,0.9403472373935599,1.038153061605333,0.006646819367916916,1.0267664523574047,0.9544106394852949,1.0992141340156918,0.9009676051341914,0.002597593814208489,0.9078921610863122,0.8766793200101842,0.9338693698244438,-663.0170987307378,42.038050041591504,-407.10473155629927,-824.7312609613252,-215.1339952593163,0.05111227421887552,0.0013923933296081776,0.0471662468820781,0.033630843485081094,0.06368845500623417,178.70132702505262,2.4865653739655786,179.17014615843806,149.19839352612132,206.43855296703785,3915.6464359143083,64.6572907321016,3770.7735066738733,3121.4043231693863,4597.664822130889
500,1000,300,26,0.00031622776601683794,1284.2233859316593,43.20216331530011,0.9999788220572078,0.01,4.166947281934958,13.89495494373136,0.0172429539022601,0.0017323904286502087,0.9982676095713497,1.0039285475299866,0.06478624723217222,0.8834199748003084,0.7454685731934616,564.1531040625061,756.7765085599376,0.0017425644295476616,9.936894341556766e-06,0.0017405009446240073,0.001621031762379302,0.0018419052686104666,0.9982574355704522,9.936894341556896e-06,0.9982594990553759,0.9981580947313895,0.9983789682376207,1.003988339796219,0.00019877794775857312,1.0040302247942368,1.001622584344185,1.006052016989727,0.06571771701213844,0.0005124740889878198,0.06543633283713454,0.05986161845971079,0.07098633404810928,0.8804095197871633,0.0012586238817021472,0.8818467247521994,0.8680848370855954,0.8950769115078436,0.7442289794809767,0.0009998362320678923,0.7441947365480261,0.733567394540743,0.7553337218919739,563.5959424684538,0.46592430429737874,563.5908345603334,557.9985063604643,568.9666221337345,757.5740645053078,0.8972611675658732,756.7265553730929,746.3151385067288,768.2494590744941
500,1000,300,26,0.00031622776601683794,1284.2233859316593,43.20216331530011,0.9999788220572078,0.1,13.177044300762265,45.4090961097247,0.050754932866304316,0.0069138496225505065,0.9930861503774495,1.0074044625401182,0.3412040071643177,-0.9728408669565884,0.41587329528233535,483.6879478755958,1163.0656581284481,0.006965740173770714,5.799345275241111e-05,0.006930418758363057,0.006315346526730577,0.007556730418561563,0.9930342598262293,5.799345275241112e-05,0.9930695812416369,0.9924432695814385,0.9936846534732694,1.0072437749259906,0.000639393501114878,1.007503366381055,0.9994649139163626,1.014703151971841,0.34202395472431635,0.0023598264157177616,0.340711788368145,0.3145003474705401,0.36991048573709445,-1.0588675461104453,0.035384051931668624,-0.9660102048765278,-1.4097624597857308,-0.6304401400681626,0.41621599435580026,0.002020124071762755,0.41629481138695107,0.3917973634743516,0.43919683205935,483.6003914659896,1.1669092222937993,483.87096001965347,470.58043307761596,497.4727367995527,1166.9992409193599,3.942054104382298,1166.5578947835747,1117.3997840940895,1208.976145731584
500,1000,300,26,0.00031622776601683794,1284.2233859316593,43.20216331530011,0.9999788220572078,1.0,41.66947281934957,159.79803278525839,0.16764144772125703,0.024717040393526235,0.9752829596064738,1.0099899718624963,0.7267115537093003,-32.39055696942778,0.14752621523632742,354.7240037597285,2404.481150631321,0.024657747048849637,0.000282696748971929,0.023873450757470105,0.02113773512072742,0.02835869601473623,0.9753422529511503,0.0002826967489719288,0.97612654924253,0.9716413039852638,0.9788622648792726,1.0137356955477275,0.001952084893540459,1.0152983787699092,0.9902232777621567,1.0378334804434204,0.7173653003836911,0.0032983007709297464,0.7181870256214429,0.679212868151802,0.7586551262344747,-35.58793928023436,1.1966940021721835,-29.86514540249767,-44.5952484642616,-20.962930453989,0.15370678782687086,0.0019638023773241647,0.15254086853275106,0.12899189088308355,0.1758562836903907,355.61055193756096,2.0500214611397163,356.117470919272,333.3884194695428,379.78341195207315,2386.4015970426726,21.047807213406095,2331.9174122761865,2131.241414156472,2619.5967621993177
500,1000,300,26,0.00031622776601683794,1284.2233859316593,43.20216331530011,0.9999788220572078,10.0,131.77044300762265,814.1684814475695,0.825683480408096,0.07336688138691315,0.9266331186130868,1.0133202408641495,0.9281290676428823,-691.6550117520791,0.03660544549863567,179.52275541017698,4904.2636406888705,0.07390801649977786,0.0012549642329249308,0.06991661554773555,0.05965276260644015,0.08542856920192791,0.9260919835002221,0.0012549642329249308,0.9300833844522645,0.9145714307980721,0.9403472373935599,1.038153061605333,0.006646819367916916,1.0267664523574047,0.9544106394852949,1.0992141340156918,0.919176839805911,0.0021726098699348098,0.9253178416942553,0.8993302112162688,0.9465899872320969,-1035.8126168525835,65.72387920564354,-637.5961105254512,-1290.7517470108364,-335.863545056551,0.04146914639364751,0.001150021797944319,0.03806557312314453,0.0270714488522685,0.0516697855769357,178.70132702505262,2.4865653739655786,179.17014615843806,149.19839352612132,206.43855296703785,4846.848413799966,81.3938081695908,4669.585960754006,3835.713031915459,5705.149733884461
500,1000,300,27,0.00039810717055349735,1487.2788906233145,37.05241318799213,0.9999788220572078,0.01,4.166947281934958,13.89495494373136,0.0172429539022601,0.0017323904286502087,0.9982676095713497,1.0039285475299866,0.08269701718016165,0.8370679458083455,0.7124291092962265,564.1531040625061,791.8726182031011,0.0017425644295476616,9.936894341556766e-06,0.0017405009446240073,0.001621031762379302,0.0018419052686104666,0.9982574355704522,9.936894341556896e-06,0.9982594990553759,0.9981580947313895,0.9983789682376207,1.003988339796219,0.00019877794775857312,1.0040302247942368,1.001622584344185,1.006052016989727,0.08378224921780084,0.0006329313051727055,0.08344828225505137,0.07665863312102622,0.0906426513188734,0.8328315586355698,0.0017860524805206807,0.8349845757794461,0.8144486041042049,0.8534007051127844,0.7111666573937077,0.0010935343831266812,0.7111258471846688,0.6989308212662172,0.723127049054369,563.5959424684538,0.46592430429737874,563.5908345603334,557.9985063604643,568.9666221337345,792.8898217973099,1.0188148954370249,792.1400185459805,780.545381340098,804.6249090481496
500,1000,300,27,0.00039810717055349735,1487.2788906233145,37.05241318799213,0.9999788220572078,0.1,13.177044300762265,45.4090961097247,0.050754932866304316,0.0069138496225505065,0.9930861503774495,1.0074044625401182,0.3943999196475865,-1.8502341089925984,0.3719873252492538,483.6879478755958,1300.2807220689465,0.006965740173770714,5.799345275241111e-05,0.006930418758363057,0.006315346526730577,0.007556730418561563,0.9930342598262293,5.799345275241112e-05,0.9930695812416369,0.9924432695814385,0.9936846534732694,1.0072437749259906,0.000639393501114878,1.007503366381055,0.9994649139163626,1.014703151971841,0.39480223812859977,0.002525107432128257,0.394950666365445,0.3654886510922632,0.4258281794615317,-1.9821489213543282,0.053071173503901725,-1.8609533730689596,-2.5274637312342,-1.337254854706888,0.3726331437636383,0.002014218542463296,0.37154900026220966,0.34744488404591584,0.3954434798245951,483.6003914659896,1.1669092222937993,483.87096001965347,470.58043307761596,497.4727367995527,1305.2501331231101,5.014259888531734,1307.6156662615203,1245.4700340783722,1359.2262371551235
500,1000,300,27,0.00039810717055349735,1487.2788906233145,37.05241318799213,0.9999788220572078,1.0,41.66947281934957,159.79803278525839,0.16764144772125703,0.024717040393526235,0.9752829596064738,1.0099899718624963,0.7682983046386997,-49.39422256257481,0.12347372849486146,354.7240037597285,2872.8702703303466,0.024657747048849637,0.000282696748971929,0.023873450757470105,0.02113773512072742,0.02835869601473623,0.9753422529511503,0.0002826967489719288,0.97612654924253,0.9716413039852638,0.9788622648792726,1.0137356955477275,0.001952084893540459,1.0152983787699092,0.9902232777621567,1.0378334804434204,0.7592265766164318,0.0029862768584840746,0.760556892357007,0.725277014687199,0.7972328996401903,-54.348865949653145,1.8376387302641592,-45.49411001031561,-68.47627444149938,-31.948712537479963,0.1291762247520032,0.0017277288814567674,0.12790095316799277,0.10712100762203526,0.14836815759512156,355.61055193756096,2.0500214611397163,356.117470919272,333.3884194695428,379.78341195207315,2850.002671587558,26.64588204893029,2787.2600280154247,2516.769114834902,3135.8741062734807
500,1000,300,27,0.00039810717055349735,1487.2788906233145,37.05241318799213,0.9999788220572078,10.0,131.77044300762265,814.1684814475695,0.825683480408096,0.07336688138691315,0.9266331186130868,1.0133202408641495,0.9419224053109941,-1083.3328297888456,0.02947313004173136,179.52275541017698,6091.065155142618,0.07390801649977786,0.0012549642329249308,0.06991661554773555,0.05965276260644015,0.08542856920192791,0.9260919835002221,0.0012549642329249308,0.9300833844522645,0.9145714307980721,0.9403472373935599,1.038153061605333,0.006646819367916916,1.0267664523574047,0.9544106394852949,1.0992141340156918,0.9343636772335011,0.001800911701219249,0.9396041148105481,0.9182629320904173,0.9570030224518292,-1622.7592070170563,103.03871181994545,-998.008694882285,-2025.0845953806565,-526.0830052384692,0.03351273231425539,0.0009432716048685472,0.030668212676129326,0.021734696251352065,0.04173963858816454,178.70132702505262,2.4865653739655786,179.17014615843806,149.19839352612132,206.43855296703785,6019.163014573873,102.46820050064987,5800.393938463514,4743.898302448064,7098.564384209472
500,1000,300,28,0.0005011872336272725,1742.9106853372173,32.426458406497204,0.9999788220572078,0.01,4.166947281934958,13.89495494373136,0.0172429539022601,0.0017323904286502087,0.9982676095713497,1.0039285475299866,0.10576864949502594,0.7677082719261825,0.6747790758653036,564.1531040625061,836.0560133537986,0.0017425644295476616,9.936894341556766e-06,0.0017405009446240073,0.001621031762379302,0.0018419052686104666,0.9982574355704522,9.936894341556896e-06,0.9982594990553759,0.9981580947313895,0.9983789682376207,1.003988339796219,0.00019877794775857312,1.0040302247942368,1.001622584344185,1.006052016989727,0.10701018088878816,0.0007804270554611023,0.10682112528943599,0.09835503379532337,0.11538890639251631,0.7616005310734918,0.0026007633608003617,0.7642703207863286,0.7353526367582055,0.7912327509264725,0.6735270471620315,0.0011930567721996266,0.6731650147375634,0.660310576550363,0.6863839392136252,563.5959424684538,0.46592430429737874,563.5908345603334,557.9985063604643,568.9666221337345,837.349731507305,1.2054224113143939,836.1658214571028,823.9186345702071,850.6867342684222
500,1000,300,28,0.0005011872336272725,1742.9106853372173,32.426458406497204,0.9999788220572078,0.1,13.177044300762265,45.4090961097247,0.050754932866304316,0.0069138496225505065,0.9930861503774495,1.0074044625401182,0.45109508996738257,-3.183669478120078,0.3283638708590919,483.6879478755958,1473.0242599776052,0.006965740173770714,5.799345275241111e-05,0.006930418758363057,0.006315346526730577,0.007556730418561563,0.9930342598262293,5.799345275241112e-05,0.9930695812416369,0.9924432695814385,0.9936846534732694,1.0072437749259906,0.000639393501114878,1.007503366381055,0.9994649139163626,1.014703151971841,0.4509924017637674,0.0026280194458003577,0.45124148165268235,0.4200986740439178,0.48313824675125605,-3.3873693876642794,0.08045982458557045,-3.1878076649088443,-4.196437785560742,-2.3934126936903284,0.3292988045878164,0.0019631285491410366,0.32825490416818004,0.30491860189212716,0.35184980599916243,483.6003914659896,1.1669092222937993,483.87096001965347,470.58043307761596,497.4727367995527,1479.2977173408124,6.408090020984741,1482.7359687285827,1403.0614173970944,1552.0873376133413
500,1000,300,28,0.0005011872336272725,1742.9106853372173,32.426458406497204,0.9999788220572078,1.0,41.66947281934957,159.79803278525839,0.16764144772125703,0.024717040393526235,0.9752829596064738,1.0099899718624963,0.8056027155320461,-75.7588928305643,0.1024462603654052,354.7240037597285,3462.5373585575435,0.024657747048849637,0.000282696748971929,0.023873450757470105,0.02113773512072742,0.02835869601473623,0.9753422529511503,0.0002826967489719288,0.97612654924253,0.9716413039852638,0.9788622648792726,1.0137356955477275,0.001952084893540459,1.0152983787699092,0.9902232777621567,1.0378334804434204,0.7970751951570355,0.002651817597112541,0.7988118144345617,0.7671502190657972,0.8309026242003394,-83.47196486333578,2.8394033936426197,-69.7822216324273,-105.18030139076376,-48.78946060875642,0.10758440744495412,0.001496490120630063,0.10623741695775227,0.08846140154396873,0.12412889576353232,355.61055193756096,2.0500214611397163,356.117470919272,333.3884194695428,379.78341195207315,3433.641929003903,33.71304942796584,3365.866181097769,3012.6350345267138,3805.884898505018
500,1000,300,28,0.0005011872336272725,1742.9106853372173,32.426458406497204,0.9999788220572078,10.0,131.77044300762265,814.1684814475695,0.825683480408096,0.07336688138691315,0.9266331186130868,1.0133202408641495,0.9532249027934793,-1700.7115693698374,0.023667626884430675,179.52275541017698,7585.160788903294,0.07390801649977786,0.0012549642329249308,0.06991661554773555,0.05965276260644015,0.08542856920192791,0.9260919835002221,0.0012549642329249308,0.9300833844522645,0.9145714307980721,0.9403472373935599,1.038153061605333,0.006646819367916916,1.0267664523574047,0.9544106394852949,1.0992141340156918,0.9469168756426211,0.001481436544399143,0.9513419670878911,0.9337352267526582,0.9654769660362674,-2548.104377393034,161.89590774431144,-1566.931430422415,-3183.561136648175,-821.164728669275,0.026994357526546806,0.000769170507132439,0.024632394720096228,0.0174131324897331,0.03370024017195841,178.70132702505262,2.4865653739655786,179.17014615843806,149.19839352612132,206.43855296703785,7495.020756151202,129.00277045504856,7221.781271551511,5899.755799854985,8841.170154539897
500,1000,300,29,0.0006309573444801936,2064.7321331655157,28.927689505501725,0.9999788220572078,0.01,4.166947281934958,13.89495494373136,0.0172429539022601,0.0017323904286502087,0.9982676095713497,1.0039285475299866,0.13491966848778517,0.6629463831855966,0.63268587219141,564.1531040625061,891.6796294320125,0.0017425644295476616,9.936894341556766e-06,0.0017405009446240073,0.001621031762379302,0.0018419052686104666,0.9982574355704522,9.936894341556896e-06,0.9982594990553759,0.9981580947313895,0.9983789682376207,1.003988339796219,0.00019877794775857312,1.0040302247942368,1.001622584344185,1.006052016989727,0.13630044158170013,0.0009521805232634913,0.1366090657422086,0.12518297186058974,0.14617335001371368,0.6539629135901219,0.0038640527028101055,0.6562382675504097,0.6168666683545958,0.7002027031617679,0.6314855321422896,0.001289951596468986,0.630393557651159,0.6176737718100502,0.6461879676873139,563.5959424684538,0.46592430429737874,563.5908345603334,557.9985063604643,568.9666221337345,893.3214511106303,1.4726465390678969,892.5331404215224,878.0406905330805,909.0889768633695
500,1000,300,29,0.0006309573444801936,2064.7321331655157,28.927689505501725,0.9999788220572078,0.1,13.177044300762265,45.4090961097247,0.050754932866304316,0.0069138496225505065,0.9930861503774495,1.0074044625401182,0.5096218046144328,-5.225088203610473,0.28612199598640603,483.6879478755958,1690.4955042274219,0.006965740173770714,5.799345275241111e-05,0.006930418758363057,0.006315346526730577,0.007556730418561563,0.9930342598262293,5.799345275241112e-05,0.9930695812416369,0.9924432695814385,0.9936846534732694,1.0072437749259906,0.000639393501114878,1.007503366381055,0.9994649139163626,1.014703151971841,0.5089852513016107,0.0026569513369878246,0.5100887517613025,0.47919685093220277,0.5410273386813237,-5.541373145032568,0.12305106677287136,-5.245103248602444,-6.736024336446445,-4.05930616000642,0.28730066639475665,0.001869407986925458,0.2857951212882129,0.26445439899397616,0.30775954477896206,483.6003914659896,1.1669092222937993,483.87096001965347,470.58043307761596,497.4727367995527,1698.4106809523028,8.19628022500416,1701.1904015452928,1601.3017043539908,1795.5320312700205
500,1000,300,29,0.0006309573444801936,2064.7321331655157,28.927689505501725,0.9999788220572078,1.0,41.66947281934957,159.79803278525839,0.16764144772125703,0.024717040393526235,0.9752829596064738,1.0099899718624963,0.838396629813307,-116.80846446990192,0.0843599889621976,354.7240037597285,4204.884425941345,0.024657747048849637,0.000282696748971929,0.023873450757470105,0.02113773512072742,0.02835869601473623,0.9753422529511503,0.0002826967489719288,0.97612654924253,0.9716413039852638,0.9788622648792726,1.0137356955477275,0.001952084893540459,1.0152983787699092,0.9902232777621567,1.0378334804434204,0.8306033894784597,0.00231391022158264,0.8324787579913935,0.8050877896167836,0.860076476598256,-128.85981070893993,4.409378733639136,-107.49346334937592,-162.1956885100684,-75.28264610345877,0.08889360915929297,0.001278238293924529,0.08759729484534498,0.0725969340233036,0.10273317114935147,355.61055193756096,2.0500214611397163,356.117470919272,333.3884194695428,379.78341195207315,4168.400351648043,42.625432721823344,4081.153087561993,3643.0096925623284,4643.093565342289
500,1000,300,29,0.0006309573444801936,2064.7321331655157,28.927689505501725,0.9999788220572078,10.0,131.77044300762265,814.1684814475695,0.825683480408096,0.07336688138691315,0.9266331186130868,1.0133202408641495,0.9624301185947983,-2674.9251059995595,0.01896477199093497,179.52275541017698,9466.117256563253,0.07390801649977786,0.0012549642329249308,0.06991661554773555,0.05965276260644015,0.08542856920192791,0.9260919835002221,0.0012549642329249308,0.9300833844522645,0.9145714307980721,0.9403472373935599,1.038153061605333,0.006646819367916916,1.0267664523574047,0.9544106394852949,1.0992141340156918,0.9572159934664478,0.0012108192091608815,0.9609108699818403,0.9465167344233365,0.9723370150271674,-4008.506473929641,254.8222653873337,-2465.157206968687,-5011.7355497707285,-1286.9501813588417,0.021685368620758975,0.0006241395300745905,0.019739387444695188,0.013928498840256529,0.027109084134496343,178.70132702505262,2.4865653739655786,179.17014615843806,149.19839352612132,206.43855296703785,9353.017150784653,162.41060097294977,9010.769765370285,7351.341200818436,11041.455886710317
500,1000,300,30,0.0007943282347242822,2469.8814538875367,26.265478826821592,0.9999788220572078,0.01,4.166947281934958,13.89495494373136,0.0172429539022601,0.0017323904286502087,0.9982676095713497,1.0039285475299866,0.17088530998424523,0.5034132897162156,0.5866172355017142,564.1531040625061,961.7056402715559,0.0017425644295476616,9.936894341556766e-06,0.0017405009446240073,0.001621031762379302,0.0018419052686104666,0.9982574355704522,9.936894341556896e-06,0.9982594990553759,0.9981580947313895,0.9983789682376207,1.003988339796219,0.00019877794775857312,1.0040302247942368,1.001622584344185,1.006052016989727,0.17236363100601196,0.0011406355654104022,0.17248160122718684,0.15923744700636372,0.18438324997023037,0.48998562035613485,0.0058295803319024985,0.49546636937527855,0.4336877292014744,0.5590774915191581,0.5855139405771662,0.0013745629285797517,0.5846909699309637,0.5706012936013474,0.6009543297244864,563.5959424684538,0.46592430429737874,563.5908345603334,557.9985063604643,568.9666221337345,963.7856874979724,1.8373075335582831,962.9586552309688,944.1403197565021,984.436511784569
500,1000,300,30,0.0007943282347242822,2469.8814538875367,26.265478826821592,0.9999788220572078,0.1,13.177044300762265,45.4090961097247,0.050754932866304316,0.0069138496225505065,0.9930861503774495,1.0074044625401182,0.5681505135189252,-8.369959607330964,0.24624240400582023,483.6879478755958,1964.2756081286602,0.006965740173770714,5.799345275241111e-05,0.006930418758363057,0.006315346526730577,0.007556730418561563,0.9930342598262293,5.799345275241112e-05,0.9930695812416369,0.9924432695814385,0.9936846534732694,1.0072437749259906,0.000639393501114878,1.007503366381055,0.9994649139163626,1.014703151971841,0.5670158848707127,0.002609295579827257,0.5682942809174527,0.5375578929579811,0.5988250163280385,-8.863186039457513,0.18951972420516958,-8.379613168433693,-10.707390120535575,-6.5509380898395,0.24759675069369838,0.0017399835697068382,0.24614706354666965,0.22616215129700395,0.26681664093095014,483.6003914659896,1.1669092222937993,483.87096001965347,470.58043307761596,497.4727367995527,1974.2576186546924,10.472834289558424,1973.4722804577393,1847.2059683589716,2098.3523090695207
500,1000,300,30,0.0007943282347242822,2469.8814538875367,26.265478826821592,0.9999788220572078,1.0,41.66947281934957,159.79803278525839,0.16764144772125703,0.024717040393526235,0.9752829596064738,1.0099899718624963,0.8667239203319737,-180.94157657202283,0.06901991410558425,354.7240037597285,5139.444294542067,0.024657747048849637,0.000282696748971929,0.023873450757470105,0.02113773512072742,0.02835869601473623,0.9753422529511503,0.0002826967489719288,0.97612654924253,0.9716413039852638,0.9788622648792726,1.0137356955477275,0.001952084893540459,1.0152983787699092,0.9902232777621567,1.0378334804434204,0.8597732106430894,0.001987984300729762,0.8616493667897702,0.8385782990378786,0.8850136228684333,-199.82639960702437,6.875313719113357,-166.37753757388424,-251.12074998942668,-117.11567490224778,0.07294800394426286,0.0010785337069682819,0.07174930121456866,0.05924838886353552,0.08426083195200819,355.61055193756096,2.0500214611397163,356.117470919272,333.3884194695428,379.78341195207315,5093.406604143626,53.85749637502771,4967.897131767248,4419.089682287691,5694.277406079195
500,1000,300,30,0.0007943282347242822,2469.8814538875367,26.265478826821592,0.9999788220572078,10.0,131.77044300762265,814.1684814475695,0.825683480408096,0.07336688138691315,0.9266331186130868,1.0133202408641495,0.969890227427379,-4213.579845536005,0.015169949977470053,179.52275541017698,11834.103321157862,0.07390801649977786,0.0012549642329249308,0.06991661554773555,0.05965276260644015,0.08542856920192791,0.9260919835002221,0.0012549642329249308,0.9300833844522645,0.9145714307980721,0.9403472373935599,1.038153061605333,0.006646819367916916,1.0267664523574047,0.9544106394852949,1.0992141340156918,0.9656138017020082,0.0009843436889301605,0.9686681374038286,0.9570027288779708,0.9778722533507149,-6315.320042472015,401.6525174409712,-3883.934832770493,-7900.19027866288,-2024.8375834065328,0.017382206098832686,0.000504404714912614,0.015790603455646306,0.011125767938304588,0.021734837902294177,178.70132702505262,2.4865653739655786,179.17014615843806,149.19839352612132,206.43855296703785,11692.098299018135,204.47080986863935,11262.973691482512,9184.59138743185,13821.503019493643
500,1000,300,31,0.001,2979.9344037911706,24.227577528738937,0.9999788220572078,0.01,4.166947281934958,13.89495494373136,0.0172429539022601,0.0017323904286502087,0.9982676095713497,1.0039285475299866,0.21403699390189868,0.2587575019909698,0.5373586768327988,564.1531040625061,1049.8632075462783,0.0017425644295476616,9.936894341556766e-06,0.0017405009446240073,0.001621031762379302,0.0018419052686104666,0.9982574355704522,9.936894341556896e-06,0.9982594990553759,0.9981580947313895,0.9983789682376207,1.003988339796219,0.00019877794775857312,1.0040302247942368,1.001622584344185,1.006052016989727,0.21554642449766825,0.0013332135494494486,0.21555870301482616,0.20042555369719847,0.229258542223426,0.23842918497688795,0.008897070154777588,0.24890528451483657,0.1560190583655728,0.3429688011845214,0.5363959730229196,0.001437354812563728,0.5357170014541885,0.5211905038717146,0.552310884075375,563.5959424684538,0.46592430429737874,563.5908345603334,557.9985063604643,568.9666221337345,1052.4949327945947,2.3195519064953953,1051.390719921547,1028.7427216736137,1077.9869493631647
500,1000,300,31,0.001,2979.9344037911706,24.227577528738937,0.9999788220572078,0.1,13.177044300762265,45.4090961097247,0.050754932866304316,0.0069138496225505065,0.9930861503774495,1.0074044625401182,0.6249148332249027,-13.24023798969696,0.20948445099106197,483.6879478755958,2308.944389845112,0.006965740173770714,5.799345275241111e-05,0.006930418758363057,0.006315346526730577,0.007556730418561563,0.9930342598262293,5.799345275241112e-05,0.9930695812416369,0.9924432695814385,0.9936846534732694,1.0072437749259906,0.000639393501114878,1.007503366381055,0.9994649139163626,1.014703151971841,0.6233728098691493,0.0024914985838826375,0.6248600785216445,0.5955883054682767,0.6538097794858588,-14.012017584078597,0.29355924930751,-13.23432703784134,-16.8443193835731,-10.431429399166646,0.21093602564742175,0.0015846823722584003,0.20951910650002262,0.19141495635707123,0.2282563214837551,483.6003914659896,1.1669092222937993,483.87096001965347,470.58043307761596,497.4727367995527,2321.5284346386347,13.358108759267024,2322.778529699318,2158.515561502538,2475.1660212866636
500,1000,300,31,0.001,2979.9344037911706,24.227577528738937,0.9999788220572078,1.0,41.66947281934957,159.79803278525839,0.16764144772125703,0.024717040393526235,0.9752829596064738,1.0099899718624963,0.8908284952879517,-281.4198690579321,0.056162887311612536,354.7240037597285,6315.985889250816,0.024657747048849637,0.000282696748971929,0.023873450757470105,0.02113773512072742,0.02835869601473623,0.9753422529511503,0.0002826967489719288,0.97612654924253,0.9716413039852638,0.9788622648792726,1.0137356955477275,0.001952084893540459,1.0152983787699092,0.9902232777621567,1.0378334804434204,0.8847567238909934,0.001685082618148395,0.8865365678223729,0.8669660171983162,0.9060760537039709,-311.0818667645854,10.755468071463278,-258.58933558024546,-390.3187376972872,-181.6842296771135,0.059513805587851465,0.000900468126391986,0.05843929158377967,0.048119738104428766,0.06888991907725547,355.61055193756096,2.0500214611397163,356.117470919272,333.3884194695428,379.78341195207315,6257.920797679692,68.00729186608581,6100.683984007175,5397.18775784789,7019.502485077641
500,1000,300,31,0.001,2979.9344037911706,24.227577528738937,0.9999788220572078,10.0,131.77044300762265,814.1684814475695,0.825683480408096,0.07336688138691315,0.9266331186130868,1.0133202408641495,0.9759119304680576,-6645.4245245746815,0.012117451076264085,179.52275541017698,14815.224281105611,0.07390801649977786,0.0012549642329249308,0.06991661554773555,0.05965276260644015,0.08542856920192791,0.9260919835002221,0.0012549642329249308,0.9300833844522645,0.9145714307980721,0.9403472373935599,1.038153061605333,0.006646819367916916,1.0267664523574047,0.9544106394852949,1.0992141340156918,0.9724267036432324,0.000796690873674132,0.9749313466327802,0.9655247912354075,0.9823247952903511,-9961.596408489886,633.798831616472,-6126.505558641754,-12466.967534220148,-3192.239354611899,0.013908042325299744,0.0004062828170828006,0.01261388212803104,0.00887700513622629,0.01738879016496272,178.70132702505262,2.4865653739655786,179.17014615843806,149.19839352612132,206.43855296703785,14636.830270852972,257.42329820006483,14097.927721664628,11487.758017051061,17321.38047050341
500,1000,300,32,0.0012589254117941675,3622.053273669946,22.65870772662639,0.9999788220572078,0.01,4.166947281934958,13.89495494373136,0.0172429539022601,0.0017323904286502087,0.9982676095713497,1.0039285475299866,0.2642124497554188,-0.11868892320392721,0.4859839985414668,564.1531040625061,1160.847076767219,0.0017425644295476616,9.936894341556766e-06,0.0017405009446240073,0.001621031762379302,0.0018419052686104666,0.9982574355704522,9.936894341556896e-06,0.9982594990553759,0.9981580947313895,0.9983789682376207,1.003988339796219,0.00019877794775857312,1.0040302247942368,1.001622584344185,1.006052016989727,0.2656687575846643,0.001513411587642255,0.2657639636121132,0.24837706138583732,0.28102761748314586,-0.14977405581033582,0.013697274268591865,-0.132269385919228,-0.2728459531342824,0.012920499057224394,0.4851968478759589,0.0014704129374912985,0.48447700002664307,0.46987962506912195,0.5016255811332315,563.5959424684538,0.46592430429737874,563.5908345603334,557.9985063604643,568.9666221337345,1164.1733020023805,2.9449616593733308,1161.3168731755093,1131.0850550336258,1197.78842175229
500,1000,300,32,0.0012589254117941675,3622.053273669946,22.65870772662639,0.9999788220572078,0.1,13.177044300762265,45.4090961097247,0.050754932866304316,0.0069138496225505065,0.9930861503774495,1.0074044625401182,0.678408237178608,-20.81558379229419,0.17634458832676395,483.6879478755958,2742.85676960684,0.006965740173770714,5.799345275241111e-05,0.006930418758363057,0.006315346526730577,0.007556730418561563,0.9930342598262293,5.799345275241112e-05,0.9930695812416369,0.9924432695814385,0.9936846534732694,1.0072437749259906,0.000639393501114878,1.007503366381055,0.9994649139163626,1.014703151971841,0.676583340037856,0.0023170882770434035,0.6783518786813918,0.6513141671093098,0.7050776087909301,-22.026473964923294,0.4568026614384545,-20.805591965364478,-26.435362230685403,-16.492764758041947,0.17781683870321152,0.001414437404112107,0.17637886859696777,0.16031100913250862,0.19295963663504812,483.6003914659896,1.1669092222937993,483.87096001965347,470.58043307761596,497.4727367995527,2758.716644675327,17.005163019203177,2755.1744208712707,2550.9455997014975,2949.952232313447
500,1000,300,32,0.0012589254117941675,3622.053273669946,22.65870772662639,0.9999788220572078,1.0,41.66947281934957,159.79803278525839,0.16764144772125703,0.024717040393526235,0.9752829596064738,1.0099899718624963,0.9110817542110023,-439.19956046009986,0.04549397371676994,354.7240037597285,7797.1646523585705,0.024657747048849637,0.000282696748971929,0.023873450757470105,0.02113773512072742,0.02835869601473623,0.9753422529511503,0.0002826967489719288,0.97612654924253,0.9716413039852638,0.9788622648792726,1.0137356955477275,0.001952084893540459,1.0152983787699092,0.9902232777621567,1.0378334804434204,0.9058698020254405,0.0014119269991720825,0.9075178944394662,0.8910684934699358,0.9237268675994764,-485.87531183233193,16.86973357062694,-403.5616446565897,-609.6792633703482,-282.78319908227854,0.048315274934181814,0.0007450754756016154,0.047362665243553335,0.038892900693290475,0.056035763589915404,355.61055193756096,2.0500214611397163,356.117470919272,333.3884194695428,379.78341195207315,7723.957802362448,85.82829030216477,7531.667090167881,6620.224483170701,8667.62578444174
500,1000,300,32,0.0012589254117941675,3622.053273669946,22.65870772662639,0.9999788220572078,10.0,131.77044300762265,814.1684814475695,0.825683480408096,0.07336688138691315,0.9266331186130868,1.0133202408641495,0.9807569333579034,-10491.132150517544,0.00966827105363152,179.52275541017698,18568.237734992552,0.07390801649977786,0.0012549642329249308,0.06991661554773555,0.05965276260644015,0.08542856920192791,0.9260919835002221,0.0012549642329249308,0.9300833844522645,0.9145714307980721,0.9403472373935599,1.038153061605333,0.006646819367916916,1.0267664523574047,0.9544106394852949,1.0992141340156918,0.9779310193301197,0.0006424718546309602,0.9799717242065664,0.9724114018538779,0.9858973289550529,-15728.250955672456,1001.0162832452935,-9673.140012563344,-19690.831040192013,-5038.707717920704,0.011112153535426859,0.00032635846665537483,0.010064788188147267,0.007076374490844733,0.013890776518905927,178.70132702505262,2.4865653739655786,179.17014615843806,149.19839352612132,206.43855296703785,18344.032908734393,324.0880386323001,17663.447126731488,14383.987078994005,21727.027084129713
500,1000,300,33,0.001584893192461114,4430.433394779104,21.444703675806387,0.9999788220572078,0.01,4.166947281934958,13.89495494373136,0.0172429539022601,0.0017323904286502087,0.9982676095713497,1.0039285475299866,0.3206112776246648,-0.703925842540464,0.43377453463777804,564.1531040625061,1300.567596789886,0.0017425644295476616,9.936894341556766e-06,0.0017405009446240073,0.001621031762379302,0.0018419052686104666,0.9982574355704522,9.936894341556896e-06,0.9982594990553759,0.9981580947313895,0.9983789682376207,1.003988339796219,0.00019877794775857312,1.0040302247942368,1.001622584344185,1.006052016989727,0.32192605844017186,0.0016633464577799897,0.3227299896047775,0.30252017600651715,0.33889544298591945,-0.7518327518831055,0.021226451603784304,-0.7300546530202048,-0.9409718754589584,-0.4940488817586739,0.4331834521977028,0.0014688056004225096,0.43190673524035705,0.417852731051277,0.44998166520448646,563.5959424684538,0.46592430429737874,563.5908345603334,557.9985063604643,568.9666221337345,1304.7681154336633,3.7465002366868214,1301.4454795965237,1261.2088031506732,1347.2157092112616
500,1000,300,33,0.001584893192461114,4430.433394779104,21.444703675806387,0.9999788220572078,0.1,13.177044300762265,45.4090961097247,0.050754932866304316,0.0069138496225505065,0.9930861503774495,1.0074044625401182,0.7275118695443535,-32.64101218405215,0.14705693651665502,483.6879478755958,3289.1202505147753,0.006965740173770714,5.799345275241111e-05,0.006930418758363057,0.006315346526730577,0.007556730418561563,0.9930342598262293,5.799345275241112e-05,0.9930695812416369,0.9924432695814385,0.9936846534732694,1.0072437749259906,0.000639393501114878,1.007503366381055,0.9994649139163626,1.014703151971841,0.7255379762648889,0.002103512122475731,0.7272660863299312,0.7026865379863902,0.7517995013526211,-34.544867657123405,0.7134481993216883,-32.563932641146764,-41.54171748386107,-25.862645265459445,0.1484845885887765,0.0012396466133399353,0.1472010380940595,0.13293627609439598,0.16173600272677363,483.6003914659896,1.1669092222937993,483.87096001965347,470.58043307761596,497.4727367995527,3309.1042410308432,21.60783005197889,3303.3960829692805,3046.0088739398657,3555.2916163871105
500,1000,300,33,0.001584893192461114,4430.433394779104,21.444703675806387,0.9999788220572078,1.0,41.66947281934957,159.79803278525839,0.16764144772125703,0.024717040393526235,0.9752829596064738,1.0099899718624963,0.9279202161219093,-687.4159006378048,0.036713845151966684,354.7240037597285,9661.859232980032,0.024657747048849637,0.000282696748971929,0.023873450757470105,0.02113773512072742,0.02835869601473623,0.9753422529511503,0.0002826967489719288,0.97612654924253,0.9716413039852638,0.9788622648792726,1.0137356955477275,0.001952084893540459,1.0152983787699092,0.9902232777621567,1.0378334804434204,0.9235111176748967,0.00117155399607682,0.9250354654018224,0.9113056849590727,0.9383563861525168,-760.9723959336046,26.51567043327007,-632.5087054326959,-956.0879362374098,-441.59060366840515,0.03906338379905073,0.0006118597101491973,0.038212360580961204,0.03131203090070378,0.0453766818131877,355.61055193756096,2.0500214611397163,356.117470919272,333.3884194695428,379.78341195207315,9569.589815251587,108.2694969738472,9332.400088863058,8159.938835847268,10739.377744346197
500,1000,300,33,0.001584893192461114,4430.433394779104,21.444703675806387,0.9999788220572078,10.0,131.77044300762265,814.1684814475695,0.825683480408096,0.07336688138691315,0.9266331186130868,1.0133202408641495,0.9846450961956105,-16575.46321205958,0.007707151998156104,179.52275541017698,23293.008293222563,0.07390801649977786,0.0012549642329249308,0.06991661554773555,0.05965276260644015,0.08542856920192791,0.9260919835002221,0.0012549642329249308,0.9300833844522645,0.9145714307980721,0.9403472373935599,1.038153061605333,0.006646819367916916,1.0267664523574047,0.9544106394852949,1.0992141340156918,0.9823631966303598,0.0005165719633177589,0.9840173589739976,0.9779558871017007,0.9887579491002831,-24852.300194577445,1582.123881548287,-15284.614760743858,-31122.274138091943,-7960.162368927313,0.008867951160539416,0.00026157737143618095,0.008023509078197173,0.005636913782089254,0.01108347863659054,178.70132702505262,2.4865653739655786,179.17014615843806,149.19839352612132,206.43855296703785,23011.131357557264,408.0152571187708,22152.172785476923,18032.346373931134,27258.69712009147
500,1000,300,34,0.0019952623149688807,5448.124186599792,20.501047883472403,0.9999788220572078,0.01,4.166947281934958,13.89495494373136,0.0172429539022601,0.0017323904286502087,0.9982676095713497,1.0039285475299866,0.3818040554733951,-1.6151293050273567,0.38209705011758105,564.1531040625061,1476.4654788329347,0.0017425644295476616,9.936894341556766e-06,0.0017405009446240073,0.001621031762379302,0.0018419052686104666,0.9982574355704522,9.936894341556896e-06,0.9982594990553759,0.9981580947313895,0.9983789682376207,1.003988339796219,0.00019877794775857312,1.0040302247942368,1.001622584344185,1.006052016989727,0.3829014576292908,0.0017672061747002425,0.38360644636440444,0.36285302370155287,0.4011240235404458,-1.6894115334883866,0.033059292002141874,-1.6476274243247386,-1.9837330285217516,-1.2949821669674555,0.38170492156915253,0.0014314359063972854,0.3806403206300285,0.36665647278665126,0.39762721335896367,563.5959424684538,0.46592430429737874,563.5908345603334,557.9985063604643,568.9666221337345,1481.7666250413529,4.766511347724237,1477.624035976632,1426.3776727498089,1534.4070325344987
500,1000,300,34,0.0019952623149688807,5448.124186599792,20.501047883472403,0.9999788220572078,0.1,13.177044300762265,45.4090961097247,0.050754932866304316,0.0069138496225505065,0.9930861503774495,1.0074044625401182,0.7715397488069595,-51.155587643608854,0.12162664611968128,483.6879478755958,3976.8255008827937,0.006965740173770714,5.799345275241111e-05,0.006930418758363057,0.006315346526730577,0.007556730418561563,0.9930342598262293,5.799345275241112e-05,0.9930695812416369,0.9924432695814385,0.9936846534732694,1.0072437749259906,0.000639393501114878,1.007503366381055,0.9994649139163626,1.014703151971841,0.7695393484935003,0.001868849195863988,0.77109851697666,0.7492825174622768,0.7927811377071505,-54.15397194140395,1.1175858175642464,-50.911137991694844,-64.97726144776792,-40.48762573193973,0.12296085824363509,0.0010690106086790774,0.1218778474839764,0.10961742121047299,0.13438893407254413,483.6003914659896,1.1669092222937993,483.87096001965347,470.58043307761596,497.4727367995527,4002.001571805297,27.410972333938673,3995.435336822729,3669.723126008863,4318.151565280505
500,1000,300,34,0.0019952623149688807,5448.124186599792,20.501047883472403,0.9999788220572078,1.0,41.66947281934957,159.79803278525839,0.16764144772125703,0.024717040393526235,0.9752829596064738,1.0099899718624963,0.9417979206754311,-1078.4864078475252,0.029537264664206173,354.7240037597285,12009.372153867378,0.024657747048849637,0.000282696748971929,0.023873450757470105,0.02113773512072742,0.02835869601473623,0.9753422529511503,0.0002826967489719288,0.97612654924253,0.9716413039852638,0.9788622648792726,1.0137356955477275,0.001952084893540459,1.0152983787699092,0.9902232777621567,1.0378334804434204,0.9381126894365551,0.0009642002277086136,0.9394715326118803,0.9281208790618779,0.9503472233307488,-1194.5399718459005,41.747407114203035,-993.4293629895953,-1502.3871401459974,-691.4912268011415,0.031476306837710785,0.0004993146467955441,0.03073660382251455,0.02514246096286716,0.03660969637812338,355.61055193756096,2.0500214611397163,356.117470919272,333.3884194695428,379.78341195207315,11893.104068437786,136.52598338142073,11590.716029263791,10124.648996799042,13360.704156908156
500,1000,300,34,0.0019952623149688807,5448.124186599792,20.501047883472403,0.9999788220572078,10.0,131.77044300762265,814.1684814475695,0.825683480408096,0.07336688138691315,0.9266331186130868,1.0133202408641495,0.9877589174019199,-26205.00930420785,0.0061393873374798414,179.52275541017698,29241.15152569431,0.07390801649977786,0.0012549642329249308,0.06991661554773555,0.05965276260644015,0.08542856920192791,0.9260919835002221,0.0012549642329249308,0.9300833844522645,0.9145714307980721,0.9403472373935599,1.038153061605333,0.006646819367916916,1.0267664523574047,0.9544106394852949,1.0992141340156918,0.985922397564923,0.0004143456470604304,0.9872577273144134,0.9824072854950769,0.9910447923876202,-39293.4664863286,2501.994373846854,-24166.17685525553,-49217.73001272171,-12583.914749205524,0.007070343922609437,0.00020928007635918105,0.00639156252563446,0.004487674020421496,0.008835389607929236,178.70132702505262,2.4865653739655786,179.17014615843806,149.19839352612132,206.43855296703785,28886.67011739058,513.6745067313188,27803.147598331547,22625.358379659512,34218.070806827185
500,1000,300,35,0.002511886431509582,6729.321726991628,19.76468208995098,0.9999788220572078,0.01,4.166947281934958,13.89495494373136,0.0172429539022601,0.0017323904286502087,0.9982676095713497,1.0039285475299866,0.44587185290327436,-3.0387263931568596,0.3322636351798156,564.1531040625061,1697.9080595359037,0.0017425644295476616,9.936894341556766e-06,0.0017405009446240073,0.001621031762379302,0.0018419052686104666,0.9982574355704522,9.936894341556896e-06,0.9982594990553759,0.9981580947313895,0.9983789682376207,1.003988339796219,0.00019877794775857312,1.0040302247942368,1.001622584344185,1.006052016989727,0.44670289897883825,0.0018145407233104492,0.44785001596637275,0.4256648013617095,0.46572294100510364,-3.1544512234436053,0.051686131068439216,-3.0930177850929867,-3.618207664040476,-2.5235713008663994,0.3320561752668509,0.0013611253209873024,0.3307840332239824,0.3175610443845091,0.3475700835550314,563.5959424684538,0.46592430429737874,563.5908345603334,557.9985063604643,568.9666221337345,1704.5947537599127,6.059045833539721,1701.1177197527686,1633.13550656889,1769.078474571681
500,1000,300,35,0.002511886431509582,6729.321726991628,19.76468208995098,0.9999788220572078,0.1,13.177044300762265,45.4090961097247,0.050754932866304316,0.0069138496225505065,0.9930861503774495,1.0074044625401182,0.8102124821503346,-80.2128589657499,0.09988196210145055,483.6879478755958,4842.595576810073,0.006965740173770714,5.799345275241111e-05,0.006930418758363057,0.006315346526730577,0.007556730418561563,0.9930342598262293,5.799345275241112e-05,0.9930695812416369,0.9924432695814385,0.9936846534732694,1.0072437749259906,0.000639393501114878,1.007503366381055,0.9994649139163626,1.014703151971841,0.8082836103606902,0.001629228961450627,0.8097495998971954,0.7908708936764433,0.8286281748839,-84.94124080492386,1.7548030460790196,-79.75014625060223,-101.96261479446231,-63.54808001355134,0.10109145324746713,0.0009089575342822885,0.10013912243408468,0.08970984038475174,0.11069078011701527,483.6003914659896,1.1669092222937993,483.87096001965347,470.58043307761596,497.4727367995527,4874.308269088773,34.72347427159345,4865.897705991452,4454.22919648153,5266.282580123429
500,1000,300,35,0.002511886431509582,6729.321726991628,19.76468208995098,0.9999788220572078,1.0,41.66947281934957,159.79803278525839,0.16764144772125703,0.024717040393526235,0.9752829596064738,1.0099899718624963,0.9531538373215194,-1695.363541585307,0.02370402166068538,354.7240037597285,14964.718174724785,0.024657747048849637,0.000282696748971929,0.023873450757470105,0.02113773512072742,0.02835869601473623,0.9753422529511503,0.0002826967489719288,0.97612654924253,0.9716413039852638,0.9788622648792726,1.0137356955477275,0.001952084893540459,1.0152983787699092,0.9902232777621567,1.0378334804434204,0.9501039291545209,0.0007881997538784799,0.951245978175213,0.9419726651204379,0.9601151028234977,-1878.6369462493178,65.81754281378592,-1560.5161673628377,-2364.786199052708,-1085.3010938234286,0.025292455456393838,0.00040536438166484905,0.024681601719042028,0.02014536687800405,0.02944723767620309,355.61055193756096,2.0500214611397163,356.117470919272,333.3884194695428,379.78341195207315,14818.237106999743,172.102527067789,14439.855966134657,12600.331416698136,16669.106077713717
500,1000,300,35,0.002511886431509582,6729.321726991628,19.76468208995098,0.9999788220572078,10.0,131.77044300762265,814.1684814475695,0.825683480408096,0.07336688138691315,0.9266331186130868,1.0133202408641495,0.9902484733206072,-41449.86935920522,0.004887708185349053,179.52275541017698,36729.434041970424,0.07390801649977786,0.0012549642329249308,0.06991661554773555,0.05965276260644015,0.08542856920192791,0.9260919835002221,0.0012549642329249308,0.9300833844522645,0.9145714307980721,0.9403472373935599,1.038153061605333,0.006646819367916916,1.0267664523574047,0.9544106394852949,1.0992141340156918,0.9887743239723447,0.000331703779923386,0.9898487382036385,0.9859731730342046,0.9928705673754326,-62156.67752213465,3958.478985778269,-38227.385816204725,-77869.21144388158,-19903.664302739602,0.005632881946999897,0.00016719711111574787,0.005088577808598392,0.0035710930551135335,0.007038181686132626,178.70132702505262,2.4865653739655786,179.17014615843806,149.19839352612132,206.43855296703785,36283.549599905156,646.6927041203788,34917.309440437835,28407.61785922608,42993.69226757365
500,1000,300,36,0.0031622776601683794,8342.254937114589,19.188179933080875,0.9999788220572078,0.01,4.166947281934958,13.89495494373136,0.0172429539022601,0.0017323904286502087,0.9982676095713497,1.0039285475299866,0.5106486055998968,-5.2690901410474105,0.2854031866850393,564.1531040625061,1976.6881744214204,0.0017425644295476616,9.936894341556766e-06,0.0017405009446240073,0.001621031762379302,0.0018419052686104666,0.9982574355704522,9.936894341556896e-06,0.9982594990553759,0.9981580947313895,0.9983789682376207,1.003988339796219,0.00019877794775857312,1.0040302247942368,1.001622584344185,1.006052016989727,0.511198351913435,0.0018022670685900973,0.5124165051017187,0.4903841501348008,0.5301753787106733,-5.4500442465100525,0.08104710245271962,-5.345647689863662,-6.173011852865199,-4.458693918424046,0.28535273802665057,0.0012639097214778468,0.2841672937027522,0.27186857045123536,0.2997256667054614,563.5959424684538,0.46592430429737874,563.5908345603334,557.9985063604643,568.9666221337345,1985.1190858417137,7.692744691735193,1983.072100032395,1894.2090816989128,2067.5046639312864
500,1000,300,36,0.0031622776601683794,8342.254937114589,19.188179933080875,0.9999788220572078,0.1,13.177044300762265,45.4090961097247,0.050754932866304316,0.0069138496225505065,0.9930861503774495,1.0074044625401182,0.8435845821540141,-125.90505140344487,0.08153139294039333,483.6879478755958,5932.536295917507,0.006965740173770714,5.799345275241111e-05,0.006930418758363057,0.006315346526730577,0.007556730418561563,0.9930342598262293,5.799345275241112e-05,0.9930695812416369,0.9924432695814385,0.9936846534732694,1.0072437749259906,0.000639393501114878,1.007503366381055,0.9994649139163626,1.014703151971841,0.8417958575884348,0.0013973315424453238,0.8431462968484311,0.8269600138071314,0.8592781300282311,-133.36936701724085,2.7605717041299678,-125.09991323088485,-160.12462552923196,-99.68705964616399,0.08260067400590558,0.0007635821538897092,0.08177001977179066,0.07302743896864419,0.09062658285191046,483.6003914659896,1.1669092222937993,483.87096001965347,470.58043307761596,497.4727367995527,5972.4783610894,43.93465998350273,5963.484613869145,5441.8591000896195,6449.377213222753
500,1000,300,36,0.0031622776601683794,8342.254937114589,19.188179933080875,0.9999788220572078,1.0,41.66947281934957,159.79803278525839,0.16764144772125703,0.024717040393526235,0.9752829596064738,1.0099899718624963,0.9623921181774334,-2669.362470468495,0.018984139691190588,354.7240037597285,18685.282005396053,0.024657747048849637,0.000282696748971929,0.023873450757470105,0.02113773512072742,0.02835869601473623,0.9753422529511503,0.0002826967489719288,0.97612654924253,0.9716413039852638,0.9788622648792726,1.0137356955477275,0.001952084893540459,1.0152983787699092,0.9902232777621567,1.0378334804434204,0.9598882620289214,0.0006407564559665815,0.960836802885347,0.9533028532129142,0.9680325327329473,-2959.0041522818865,103.87736134953461,-2455.5267558202313,-3727.2814414557442,-1706.6081085807687,0.020277511885238565,0.0003276975068489055,0.019777166721811047,0.01611355714969475,0.023627707784510937,355.61055193756096,2.0500214611397163,356.117470919272,333.3884194695428,379.78341195207315,18500.764407723196,216.89374801004308,18026.717139192275,15704.266920143493,20834.155955525777
500,1000,300,36,0.0031622776601683794,8342.254937114589,19.188179933080875,0.9999788220572078,10.0,131.77044300762265,814.1684814475695,0.825683480408096,0.07336688138691315,0.9266331186130868,1.0133202408641495,0.9922362796718399,-65590.04177565893,0.00388942397350284,179.52275541017698,46156.64340868904,0.07390801649977786,0.0012549642329249308,0.06991661554773555,0.05965276260644015,0.08542856920192791,0.9260919835002221,0.0012549642329249308,0.9300833844522645,0.9145714307980721,0.9403472373935599,1.038153061605333,0.006646819367916916,1.0267664523574047,0.9544106394852949,1.0992141340156918,0.9910555119897207,0.00026512949067723107,0.9919177290685095,0.9888248021122601,0.9943267453314175,-98361.63387031533,6265.077527272438,-60493.90644065585,-123244.75744814637,-31494.112959777638,0.004484962744218162,0.00013342149546326256,0.004049334083939175,0.0028406622654353225,0.005603297550011477,178.70132702505262,2.4865653739655786,179.17014615843806,149.19839352612132,206.43855296703785,45595.690187717475,814.153807278725,43875.598454702114,35687.05160009352,54044.02305598902
500,1000,300,37,0.003981071705534973,10372.819087923343,18.73559374719271,0.9999788220572078,0.01,4.166947281934958,13.89495494373136,0.0172429539022601,0.0017323904286502087,0.9982676095713497,1.0039285475299866,0.5740031929710193,-8.771394017253314,0.24237001579199668,564.1531040625061,2327.6522148130134,0.0017425644295476616,9.936894341556766e-06,0.0017405009446240073,0.001621031762379302,0.0018419052686104666,0.9982574355704522,9.936894341556896e-06,0.9982594990553759,0.9981580947313895,0.9983789682376207,1.003988339796219,0.00019877794775857312,1.0040302247942368,1.001622584344185,1.006052016989727,0.5742890682687238,0.0017347691261123096,0.5757856843139094,0.5543898817095059,0.5927515418951397,-9.05515898877351,0.1273783484624761,-8.897518133867555,-10.195749117533563,-7.497357151978673,0.24244131478308523,0.0011477864710335603,0.24119457842579167,0.23009641027226804,0.25542637740232993,563.5959424684538,0.46592430429737874,563.5908345603334,557.9985063604643,568.9666221337345,2338.2788468743674,9.75447935721797,2337.371765717985,2220.5373336059847,2442.4872112623225
500,1000,300,37,0.003981071705534973,10372.819087923343,18.73559374719271,0.9999788220572078,0.1,13.177044300762265,45.4090961097247,0.050754932866304316,0.0069138496225505065,0.9930861503774495,1.0074044625401182,0.8719524343664555,-197.8685179142754,0.06621606655155202,483.6879478755958,7304.691641552345,0.006965740173770714,5.799345275241111e-05,0.006930418758363057,0.006315346526730577,0.007556730418561563,0.9930342598262293,5.799345275241112e-05,0.9930695812416369,0.9924432695814385,0.9936846534732694,1.0072437749259906,0.000639393501114878,1.007503366381055,0.9994649139163626,1.014703151971841,0.870344321611595,0.0011819228196599753,0.8716059292835037,0.8578464575364216,0.885207931860913,-209.66154629529382,4.349379718646606,-196.68004840064015,-252.05092231913875,-156.50594876465715,0.06714214199130203,0.0006349317584241282,0.0664016232267102,0.059145106183427304,0.07379999055638442,483.6003914659896,1.1669092222937993,483.87096001965347,470.58043307761596,497.4727367995527,7354.994233636267,55.53500649185925,7344.306949163026,6685.662929750431,7957.658146072061
500,1000,300,37,0.003981071705534973,10372.819087923343,18.73559374719271,0.9999788220572078,1.0,41.66947281934957,159.79803278525839,0.16764144772125703,0.024717040393526235,0.9752829596064738,1.0099899718624963,0.9698721561399305,-4208.40803279271,0.015179124845573449,354.7240037597285,23369.19996169433,0.024657747048849637,0.000282696748971929,0.023873450757470105,0.02113773512072742,0.02835869601473623,0.9753422529511503,0.0002826967489719288,0.97612654924253,0.9716413039852638,0.9788622648792726,1.0137356955477275,0.001952084893540459,1.0152983787699092,0.9902232777621567,1.0378334804434204,0.9678299778300821,0.0005185375576129661,0.9686107898007896,0.9625172091589504,0.974424233341199,-4666.420672923262,164.0864039829581,-3869.3592175019135,-5881.256690937557,-2687.7394900647128,0.01622708964359491,0.00026399730774572574,0.015819737189077053,0.012870710990835876,0.018920385950252416,355.61055193756096,2.0500214611397163,356.117470919272,333.3884194695428,379.78341195207315,23136.796301835333,273.28500933330605,22542.31746719403,19602.078884758193,26077.66996003875
500,1000,300,37,0.003981071705534973,10372.819087923343,18.73559374719271,0.9999788220572078,10.0,131.77044300762265,814.1684814475695,0.825683480408096,0.07336688138691315,0.9266331186130868,1.0133202408641495,0.9938217809835009,-103822.86690893059,0.003093895603251508,179.52275541017698,58024.82644259516,0.07390801649977786,0.0012549642329249308,0.06991661554773555,0.05965276260644015,0.08542856920192791,0.9260919835002221,0.0012549642329249308,0.9300833844522645,0.9145714307980721,0.9403472373935599,1.038153061605333,0.006646819367916916,1.0267664523574047,0.9544106394852949,1.0992141340156918,0.992877611496383,0.00021165056925709512,0.9935680964930037,0.9911021145861706,0.9954871709270675,-155703.94411210288,9918.56278233875,-95760.12294102382,-195117.76639532842,-49850.440332447055,0.003569255570829674,0.00010636990912024784,0.003221139666312509,0.002258966160260581,0.004458883616712446,178.70132702505262,2.4865653739655786,179.17014615843806,149.19839352612132,206.43855296703785,57319.011376174116,1024.9760970337554,55158.22387635141,44851.316868187656,67955.59612190649
500,1000,300,38,0.005011872336272725,12929.15013605855,18.37947915823169,0.9999788220572078,0.01,4.166947281934958,13.89495494373136,0.0172429539022601,0.0017323904286502087,0.9982676095713497,1.0039285475299866,0.6340891913076728,-14.281157341471085,0.2037028247521703,564.1531040625061,2769.490824434409,0.0017425644295476616,9.936894341556766e-06,0.0017405009446240073,0.001621031762379302,0.0018419052686104666,0.9982574355704522,9.936894341556896e-06,0.9982594990553759,0.9981580947313895,0.9983789682376207,1.003988339796219,0.00019877794775857312,1.0040302247942368,1.001622584344185,1.006052016989727,0.6341524039568291,0.0016222520554969935,0.6358468710098979,0.6156024638863301,0.6516076840796303,-14.727147388229572,0.20055272537584323,-14.490808005621126,-16.53368063564622,-12.268523432636492,0.20385897421558735,0.0010212966703514266,0.20259993222686326,0.19277781073271483,0.21539662027299458,563.5959424684538,0.46592430429737874,563.5908345603334,557.9985063604643,568.9666221337345,2782.8815381326017,12.353960959432097,2781.3325260338133,2635.2886344664444,2913.0057326530223
500,1000,300,38,0.005011872336272725,12929.15013605855,18.37947915823169,0.9999788220572078,0.1,13.177044300762265,45.4090961097247,0.050754932866304316,0.0069138496225505065,0.9930861503774495,1.0074044625401182,0.8957640146671877,-311.35173158692896,0.05355189541782708,483.6879478755958,9032.134980503028,0.006965740173770714,5.799345275241111e-05,0.006930418758363057,0.006315346526730577,0.007556730418561563,0.9930342598262293,5.799345275241112e-05,0.9930695812416369,0.9924432695814385,0.9936846534732694,1.0072437749259906,0.000639393501114878,1.007503366381055,0.9994649139163626,1.014703151971841,0.8943536804991021,0.0009881362004563765,0.8955019140676861,0.8840012635539884,0.906824359744301,-329.9959509524275,6.860890559519584,-309.65168883341346,-397.1069337206764,-246.3122886433119,0.054340573317341476,0.0005234603968302815,0.05369037094181457,0.047726741140848905,0.0597865866080093,483.6003914659896,1.1669092222937993,483.87096001965347,470.58043307761596,497.4727367995527,9095.481214098712,70.14225199296557,9082.671670466392,8253.22746815639,9856.471084306617
500,1000,300,38,0.005011872336272725,12929.15013605855,18.37947915823169,0.9999788220572078,1.0,41.66947281934957,159.79803278525839,0.16764144772125703,0.024717040393526235,0.9752829596064738,1.0099899718624963,0.9759054665202634,-6641.793006929797,0.012120722699244291,354.7240037597285,29265.911989047072,0.024657747048849637,0.000282696748971929,0.023873450757470105,0.02113773512072742,0.02835869601473623,0.9753422529511503,0.0002826967489719288,0.97612654924253,0.9716413039852638,0.9788622648792726,1.0137356955477275,0.001952084893540459,1.0152983787699092,0.9902232777621567,1.0378334804434204,0.9742486088412947,0.00041808834682002837,0.9748867462629454,0.9699759111153832,0.9795674811307239,-7366.389673251656,259.37078873927493,-6104.260280344098,-9288.233313030058,-4238.230450788608,0.012966484946059618,0.00021208474324939803,0.012636467100832997,0.010268985489739018,0.015126449180082813,355.61055193756096,2.0500214611397163,356.117470919272,333.3884194695428,379.78341195207315,28973.222056649905,344.27945650954297,28227.13583176189,24511.918750672394,32678.90183937075
500,1000,300,38,0.005011872336272725,12929.15013605855,18.37947915823169,0.9999788220572078,10.0,131.77044300762265,814.1684814475695,0.825683480408096,0.07336688138691315,0.9266331186130868,1.0133202408641495,0.9950853317061098,-164384.1999771223,0.0024603608346635076,179.52275541017698,72966.02712940254,0.07390801649977786,0.0012549642329249308,0.06991661554773555,0.05965276260644015,0.08542856920192791,0.9260919835002221,0.0012549642329249308,0.9300833844522645,0.9145714307980721,0.9403472373935599,1.038153061605333,0.006646819367916916,1.0267664523574047,0.9544106394852949,1.0992141340156918,0.9943313742276882,0.0001687885852734539,0.9948834126871429,0.9929187876962827,0.9964112844758553,-246536.84486543626,15706.154450025919,-151623.42605279427,-308974.193756711,-78926.5472486772,0.00283941757144456,8.473998066007835e-05,0.002561574515953101,0.0017959706190710566,0.0035468964464921184,178.70132702505262,2.4865653739655786,179.17014615843806,149.19839352612132,206.43855296703785,72077.84345251377,1290.3871590646922,69362.2537259556,56388.4459680069,85469.2746454541
500,1000,300,39,0.006309573444801936,16147.38350474178,18.098747301404476,0.9999788220572078,0.01,4.166947281934958,13.89495494373136,0.0172429539022601,0.0017323904286502087,0.9982676095713497,1.0039285475299866,0.6895099501491909,-22.96192409919457,0.16963264144765972,564.1531040625061,3325.7343589534094,0.0017425644295476616,9.936894341556766e-06,0.0017405009446240073,0.001621031762379302,0.0018419052686104666,0.9982574355704522,9.936894341556896e-06,0.9982594990553759,0.9981580947313895,0.9983789682376207,1.003988339796219,0.00019877794775857312,1.0040302247942368,1.001622584344185,1.006052016989727,0.6894038977747549,0.001478116394184174,0.691081304288033,0.6724193900469975,0.705400742556034,-23.66411669674322,0.3162041270213935,-23.286555409763253,-26.513980093977516,-19.756415350756253,0.16983987639674175,0.0008923063082552057,0.16868699988143743,0.16011862529958418,0.17998817788391702,563.5959424684538,0.46592430429737874,563.5908345603334,557.9985063604643,568.9666221337345,3342.604610798876,15.629569333028275,3340.7627923647287,3156.5586445663325,3506.525018642821
500,1000,300,39,0.006309573444801936,16147.38350474178,18.098747301404476,0.9999788220572078,0.1,13.177044300762265,45.4090961097247,0.050754932866304316,0.0069138496225505065,0.9930861503774495,1.0074044625401182,0.9155428132879063,-490.4915742950102,0.04315998553159044,483.6879478755958,11206.860751182738,0.006965740173770714,5.799345275241111e-05,0.006930418758363057,0.006315346526730577,0.007556730418561563,0.9930342598262293,5.799345275241112e-05,0.9930695812416369,0.9924432695814385,0.9936846534732694,1.0072437749259906,0.000639393501114878,1.007503366381055,0.9994649139163626,1.014703151971841,0.9143302674162757,0.0008181574524309845,0.9153438634670091,0.9057826640805025,0.9246837113244031,-519.982462391255,10.833086975357936,-488.02591749836415,-626.2467872278041,-387.6872397422553,0.043822524717255555,0.00042851215798244227,0.04326395308488415,0.038395241654848894,0.04827385041022892,483.6003914659896,1.1669092222937993,483.87096001965347,470.58043307761596,497.4727367995527,11286.62868154003,88.5342873783016,11272.033508664197,10226.860177724093,12246.935225350926
500,1000,300,39,0.006309573444801936,16147.38350474178,18.098747301404476,0.9999788220572078,1.0,41.66947281934957,159.79803278525839,0.16764144772125703,0.024717040393526235,0.9752829596064738,1.0099899718624963,0.9807569066867962,-10491.102638854365,0.00966828451937569,354.7240037597285,36689.44610068572,0.024657747048849637,0.000282696748971929,0.023873450757470105,0.02113773512072742,0.02835869601473623,0.9753422529511503,0.0002826967489719288,0.97612654924253,0.9716413039852638,0.9788622648792726,1.0137356955477275,0.001952084893540459,1.0152983787699092,0.9902232777621567,1.0378334804434204,0.9794183681790666,0.00033609548136338536,0.9799368998617887,0.9759907330768884,0.9836953402848436,-11637.872048811569,410.2096740483368,-9638.945265413982,-14679.306530301008,-6689.934384500932,0.010348683862443036,0.00016999553671033995,0.010082377325811794,0.008185833804152906,0.012077567277647543,355.61055193756096,2.0500214611397163,356.117470919272,333.3884194695428,379.78341195207315,36320.85840776883,433.6579619806105,35383.91958766384,30693.628210874173,40989.4167107986
500,1000,300,39,0.006309573444801936,16147.38350474178,18.098747301404476,0.9999788220572078,10.0,131.77044300762265,814.1684814475695,0.825683480408096,0.07336688138691315,0.9266331186130868,1.0133202408641495,0.9960916301831503,-260325.29801384357,0.0019560980682511915,179.52275541017698,91775.94841687848,0.07390801649977786,0.0012549642329249308,0.06991661554773555,0.05965276260644015,0.08542856920192791,0.9260919835002221,0.0012549642329249308,0.9300833844522645,0.9145714307980721,0.9403472373935599,1.038153061605333,0.006646819367916916,1.0267664523574047,0.9544106394852949,1.0992141340156918,0.9954902150016668,0.00013449819751926563,0.9959309822786636,0.9943667322420052,0.9971468245136647,-390436.4778378117,24875.374922459334,-240123.4118661384,-489355.9760339818,-124988.08417055725,0.0022581225767087276,6.746825124074232e-05,0.002036582712984485,0.0014276068385125056,0.0028206118417074817,178.70132702505262,2.4865653739655786,179.17014615843806,149.19839352612132,206.43855296703785,90658.17859516227,1624.5218686947583,87244.1350950992,70912.83641929908,107517.7574989178
500,1000,300,40,0.00794328234724282,20198.904009197766,17.877100480282433,0.9999788220572078,0.01,4.166947281934958,13.89495494373136,0.0172429539022601,0.0017323904286502087,0.9982676095713497,1.0039285475299866,0.7393811742117067,-36.65505544847593,0.14012723370738936,564.1531040625061,4026.006145533126,0.0017425644295476616,9.936894341556766e-06,0.0017405009446240073,0.001621031762379302,0.0018419052686104666,0.9982574355704522,9.936894341556896e-06,0.9982594990553759,0.9981580947313895,0.9983789682376207,1.003988339796219,0.00019877794775857312,1.0040302247942368,1.001622584344185,1.006052016989727,0.7391606900334116,0.0013162782842510918,0.7406800991713238,0.7240305384200153,0.7535603148991378,-37.76215749208559,0.4990936397390382,-37.13098102490211,-42.299986344175736,-31.568719022612598,0.14035780860676048,0.0007672057845549248,0.13937226458088975,0.1319214863328338,0.14910015966583526,563.5959424684538,0.46592430429737874,563.5908345603334,557.9985063604643,568.9666221337345,4047.2565471148505,19.75571300286219,4044.8560694481466,3809.6626735449618,4252.637313636789
500,1000,300,40,0.00794328234724282,20198.904009197766,17.877100480282433,0.9999788220572078,0.1,13.177044300762265,45.4090961097247,0.050754932866304316,0.0069138496225505065,0.9930861503774495,1.0074044625401182,0.9318307529441829,-773.5043423074451,0.03468618939529153,483.6879478755958,13944.683930638224,0.006965740173770714,5.799345275241111e-05,0.006930418758363057,0.006315346526730577,0.007556730418561563,0.9930342598262293,5.799345275241112e-05,0.9930695812416369,0.9924432695814385,0.9936846534732694,1.0072437749259906,0.000639393501114878,1.007503366381055,0.9994649139163626,1.014703151971841,0.9308047336177685,0.0006720308588848442,0.9316790561429674,0.9237870662928229,0.9393268477037754,-820.171342983166,17.118178920345485,-769.8816566878014,-988.460187960675,-610.6895113392095,0.03523662616507471,0.0003487489558164979,0.03476476642548242,0.03081124248433248,0.038861577985665904,483.6003914659896,1.1669092222937993,483.87096001965347,470.58043307761596,497.4727367995527,14045.126581926004,111.69058151596515,14029.205645997457,12711.51766340168,15252.403748176563
500,1000,300,40,0.00794328234724282,20198.904009197766,17.877100480282433,0.9999788220572078,1.0,41.66947281934957,159.79803278525839,0.16764144772125703,0.024717040393526235,0.9752829596064738,1.0099899718624963,0.9846483656557169,-16582.6070819319,0.007705504572499968,354.7240037597285,46035.142854329926,0.024657747048849637,0.000282696748971929,0.023873450757470105,0.02113773512072742,0.02835869601473623,0.9753422529511503,0.0002826967489719288,0.97612654924253,0.9716413039852638,0.9788622648792726,1.0137356955477275,0.001952084893540459,1.0152983787699092,0.9902232777621567,1.0378334804434204,0.9835706742679662,0.00026953505661770765,0.9839900738077108,0.9808273092393194,0.9870013470388141,-18398.05485689247,649.0511695970731,-15231.732153049808,-23212.721393226828,-10569.434870971005,0.00825147187972599,0.0001360114990737679,0.008037261967939191,0.006520585501636672,0.009632740222503289,355.61055193756096,2.0500214611397163,356.117470919272,333.3884194695428,379.78341195207315,45571.00291843609,546.180495606016,44393.80869527129,38475.95961142708,51451.81689533737
500,1000,300,40,0.00794328234724282,20198.904009197766,17.877100480282433,0.9999788220572078,10.0,131.77044300762265,814.1684814475695,0.825683480408096,0.07336688138691315,0.9266331186130868,1.0133202408641495,0.9968926227942196,-412328.9450740214,0.0015548974559394181,179.52275541017698,115456.33104256075,0.07390801649977786,0.0012549642329249308,0.06991661554773555,0.05965276260644015,0.08542856920192791,0.9260919835002221,0.0012549642329249308,0.9300833844522645,0.9145714307980721,0.9403472373935599,1.038153061605333,0.006646819367916916,1.0267664523574047,0.9544106394852949,1.0992141340156918,0.9964133001680998,0.0001071050711827673,0.9967648540406082,0.9955199866648206,0.997732027592515,-618426.0068477484,39403.24991643453,-380339.811088317,-775156.1011885996,-197964.37738900766,0.0017953926057982044,5.369133533121163e-05,0.0016188833827825294,0.0011346299373606332,0.0022425211420035542,178.70132702505262,2.4865653739655786,179.17014615843806,149.19839352612132,206.43855296703785,114049.53269382377,2045.1752349070796,109756.18857542187,89197.97100707638,135275.25418796472
500,1000,300,41,0.01,25299.47304712686,17.70188173723413,0.9999788220572078,0.01,4.166947281934958,13.89495494373136,0.0172429539022601,0.0017323904286502087,0.9982676095713497,1.0039285475299866,0.7833046848871672,-58.27548727072193,0.11495498143474801,564.1531040625061,4907.600323372996,0.0017425644295476616,9.936894341556766e-06,0.0017405009446240073,0.001621031762379302,0.0018419052686104666,0.9982574355704522,9.936894341556896e-06,0.9982594990553759,0.9981580947313895,0.9983789682376207,1.003988339796219,0.00019877794775857312,1.0040302247942368,1.001622584344185,1.006052016989727,0.7830184340385509,0.0011491182964759978,0.784357888906868,0.7697656898495777,0.7957058966413884,-60.02288268066007,0.7884437384149359,-58.9742258432603,-67.24869249512727,-50.18172789293874,0.11518822096869191,0.000650571464773671,0.11436018130401202,0.10797651732959718,0.12263708208100145,563.5959424684538,0.46592430429737874,563.5908345603334,557.9985063604643,568.9666221337345,4934.364544648887,24.95211163186185,4928.540633943665,4631.875086277703,5188.932433803189
500,1000,300,41,0.01,25299.47304712686,17.70188173723413,0.9999788220572078,0.1,13.177044300762265,45.4090961097247,0.050754932866304316,0.0069138496225505065,0.9930861503774495,1.0074044625401182,0.9451497197222848,-1220.9110147187275,0.027811890773043434,483.6879478755958,17391.408294484187,0.006965740173770714,5.799345275241111e-05,0.006930418758363057,0.006315346526730577,0.007556730418561563,0.9930342598262293,5.799345275241112e-05,0.9930695812416369,0.9924432695814385,0.9936846534732694,1.0072437749259906,0.000639393501114878,1.007503366381055,0.9994649139163626,1.014703151971841,0.9442925466467827,0.0005484077663350847,0.9450334704480419,0.9385667662069839,0.951258304901251,-1294.7819584568094,27.0662849247314,-1215.5246812406585,-1561.3351407847206,-962.9625883956595,0.028265114894494504,0.00028248607135780143,0.027871680059347516,0.02467528232854737,0.03120344439613447,483.6003914659896,1.1669092222937993,483.87096001965347,470.58043307761596,497.4727367995527,17517.880340701064,140.8443462640734,17500.300634653304,15826.304297981624,19032.8414972373
500,1000,300,41,0.01,25299.47304712686,17.70188173723413,0.9999788220572078,1.0,41.66947281934957,159.79803278525839,0.16764144772125703,0.024717040393526235,0.9752829596064738,1.0099899718624963,0.9877636269480292,-26225.372944285802,0.006137018021080913,354.7240037597285,57800.71079166408,0.024657747048849637,0.000282696748971929,0.023873450757470105,0.02113773512072742,0.02835869601473623,0.9753422529511503,0.0002826967489719288,0.97612654924253,0.9716413039852638,0.9788622648792726,1.0137356955477275,0.001952084893540459,1.0152983787699092,0.9902232777621567,1.0378334804434204,0.9868983194061097,0.0002157399655665813,0.9872362859201129,0.9847070851712649,0.9896447035748874,-29100.076788757877,1027.3107028329414,-24083.97734550347,-36723.58871500555,-16711.696028373717,0.006574215680279101,0.00010866251114492208,0.006402352162845352,0.00519112208807579,0.0076759172678088315,355.61055193756096,2.0500214611397163,356.117470919272,333.3884194695428,379.78341195207315,57216.27396330438,687.8396490774177,55736.63547160335,48273.36539504516,64623.31761188761
500,1000,300,41,0.01,25299.47304712686,17.70188173723413,0.9999788220572078,10.0,131.77044300762265,814.1684814475695,0.825683480408096,0.07336688138691315,0.9266331186130868,1.0133202408641495,0.9975299247053964,-653172.6747370136,0.0012358012496661974,179.52275541017698,145268.30706690735,0.07390801649977786,0.0012549642329249308,0.06991661554773555,0.05965276260644015,0.08542856920192791,0.9260919835002221,0.0012549642329249308,0.9300833844522645,0.9145714307980721,0.9403472373935599,1.038153061605333,0.006646819367916916,1.0267664523574047,0.9544106394852949,1.0992141340156918,0.9971481706644774,8.524723235543412e-05,0.9974283336122334,0.996438018901487,0.9981974669872216,-979670.3612454565,62422.962667707616,-602509.9329428605,-1228011.7826174048,-313591.05645077286,0.0014272058541842322,4.271145686055459e-05,0.0012866609493579796,0.0009016730395610995,0.0017825793591345358,178.70132702505262,2.4865653739655786,179.17014615843806,149.19839352612132,206.43855296703785,143497.6480447001,2574.750212720957,138097.32988646257,112217.61047111513,170220.02392836023
500,1000,300,42,0.012589254117941687,31720.719164665526,17.563220546126715,0.9999788220572078,0.01,4.166947281934958,13.89495494373136,0.0172429539022601,0.0017323904286502087,0.9982676095713497,1.0039285475299866,0.8212844101590073,-92.43879845744456,0.09375256681245861,564.1531040625061,6017.468355730788,0.0017425644295476616,9.936894341556766e-06,0.0017405009446240073,0.001621031762379302,0.0018419052686104666,0.9982574355704522,9.936894341556896e-06,0.9982594990553759,0.9981580947313895,0.9983789682376207,1.003988339796219,0.00019877794775857312,1.0040302247942368,1.001622584344185,1.006052016989727,0.8209709879967435,0.0009863312533848504,0.8221734731099408,0.8095696485641695,0.8319401733114232,-95.1991641317976,1.2463915005990507,-93.52622830586377,-106.69339295793812,-79.57118941284054,0.09397455256565256,0.0005452028499610698,0.09326218061254332,0.08789245564566002,0.1002391159427784,563.5959424684538,0.46592430429737874,563.5908345603334,557.9985063604643,568.9666221337345,6051.173416537859,31.495494732299363,6043.034173650523,5666.984345761725,6369.024872259275
500,1000,300,42,0.012589254117941687,31720.719164665526,17.563220546126715,0.9999788220572078,0.1,13.177044300762265,45.4090961097247,0.050754932866304316,0.0069138496225505065,0.9930861503774495,1.0074044625401182,0.9559786600924501,-1928.5710991925923,0.022258387869039213,483.6879478755958,21730.592113025043,0.006965740173770714,5.799345275241111e-05,0.006930418758363057,0.006315346526730577,0.007556730418561563,0.9930342598262293,5.799345275241112e-05,0.9930695812416369,0.9924432695814385,0.9936846534732694,1.0072437749259906,0.000639393501114878,1.007503366381055,0.9994649139163626,1.014703151971841,0.9552698292022253,0.00044515250306079786,0.9558891155502246,0.9506240682925092,0.9609296651448576,-2045.5345406775584,42.81652427365695,-1920.4762869089977,-2467.5745074812994,-1519.9414665698578,0.022628885532268484,0.0002279309753648461,0.0223041804679808,0.019729799930454678,0.02500047787382545,483.6003914659896,1.1669092222937993,483.87096001965347,470.58043307761596,497.4727367995527,21889.835308063397,177.54822016120713,21870.181962116956,19747.420704888667,23792.171802043576
500,1000,300,42,0.012589254117941687,31720.719164665526,17.563220546126715,0.9999788220572078,1.0,41.66947281934957,159.79803278525839,0.16764144772125703,0.024717040393526235,0.9752829596064738,1.0099899718624963,0.9902535673367113,-41493.52956187636,0.004885148670410331,354.7240037597285,72612.73457414209,0.024657747048849637,0.000282696748971929,0.023873450757470105,0.02113773512072742,0.02835869601473623,0.9753422529511503,0.0002826967489719288,0.97612654924253,0.9716413039852638,0.9788622648792726,1.0137356955477275,0.001952084893540459,1.0152983787699092,0.9902232777621567,1.0378334804434204,0.9895603062264736,0.0001724148939334137,0.9898318469931073,0.987812072648758,0.9917554064828157,-46046.379728750064,1626.4622875958935,-38099.078412226874,-58119.62670159229,-26436.227456071356,0.0052346718513954366,8.671137440416538e-05,0.0050970665975312865,0.0041308286316331135,0.0061126458963142085,355.61055193756096,2.0500214611397163,356.117470919272,333.3884194695428,379.78341195207315,71876.84757517265,866.179822375389,70016.48150898874,60607.61613802134,81205.4289305578
500,1000,300,42,0.012589254117941687,31720.719164665526,17.563220546126715,0.9999788220572078,10.0,131.77044300762265,814.1684814475695,0.825683480408096,0.07336688138691315,0.9266331186130868,1.0133202408641495,0.9980368159247535,-1034802.5121714211,0.0009820742725617114,179.52275541017698,182799.5706902058,0.07390801649977786,0.0012549642329249308,0.06991661554773555,0.05965276260644015,0.08542856920192791,0.9260919835002221,0.0012549642329249308,0.9300833844522645,0.9145714307980721,0.9403472373935599,1.038153061605333,0.006646819367916916,1.0267664523574047,0.9544106394852949,1.0992141340156918,0.9977329358159371,6.782229279009339e-05,0.997956056815241,0.9971684839271376,0.9985675552848938,-1552086.7412935772,98900.0613555328,-954554.4460922198,-1945606.7684228502,-496805.87009275006,0.0011343479483333677,3.396670295259269e-05,0.0010224943443576508,0.0007164790451532122,0.001416761652983449,178.70132702505262,2.4865653739655786,179.17014615843806,149.19839352612132,206.43855296703785,180570.84486284584,3241.450984847487,173776.92719393325,141197.65299528465,214213.1108344544
500,1000,300,43,0.01584893192461114,39804.603995738464,17.453392423365237,0.9999788220572078,0.01,4.166947281934958,13.89495494373136,0.0172429539022601,0.0017323904286502087,0.9982676095713497,1.0039285475299866,0.8536178992923938,-146.4548537020805,0.07608555629192923,564.1531040625061,7414.720106638015,0.0017425644295476616,9.936894341556766e-06,0.0017405009446240073,0.001621031762379302,0.0018419052686104666,0.9982574355704522,9.936894341556896e-06,0.9982594990553759,0.9981580947313895,0.9983789682376207,1.003988339796219,0.00019877794775857312,1.0040302247942368,1.001622584344185,1.006052016989727,0.8533049803949747,0.0008346027268000763,0.8543599092837013,0.8436426272866657,0.8626395959728077,-150.81835750288766,1.97138507761647,-148.15291449333574,-169.08792250354466,-126.01221810422598,0.07628803888324467,0.00045239342991131265,0.07568408582564384,0.07121606613690551,0.08149979465270911,563.5959424684538,0.46592430429737874,563.5908345603334,557.9985063604643,568.9666221337345,7457.16225806129,39.73433947318384,7446.120846612617,6971.400495293271,7855.7859499836495
500,1000,300,43,0.01584893192461114,39804.603995738464,17.453392423365237,0.9999788220572078,0.1,13.177044300762265,45.4090961097247,0.050754932866304316,0.0069138496225505065,0.9930861503774495,1.0074044625401182,0.9647423575468383,-3048.3371444386157,0.01778701009056168,483.6879478755958,27193.325095838067,0.006965740173770714,5.799345275241111e-05,0.006930418758363057,0.006315346526730577,0.007556730418561563,0.9930342598262293,5.799345275241112e-05,0.9930695812416369,0.9924432695814385,0.9936846534732694,1.0072437749259906,0.000639393501114878,1.007503366381055,0.9994649139163626,1.014703151971841,0.9641609686921525,0.000359785744537101,0.9646730379601601,0.9604073914828887,0.9687382547757701,-3233.5693332734036,67.75834268210335,-3036.0560431210624,-3901.7489641248076,-2400.9261456198637,0.018088131019466918,0.00018333812275157576,0.017822298185367656,0.01575498234732587,0.019996228896631652,483.6003914659896,1.1669092222937993,483.87096001965347,470.58043307761596,497.4727367995527,27393.8276889845,223.7569709412041,27371.584656033276,24689.085318712583,29783.875480053208
500,1000,300,43,0.01584893192461114,39804.603995738464,17.453392423365237,0.9999788220572078,1.0,41.66947281934957,159.79803278525839,0.16764144772125703,0.024717040393526235,0.9752829596064738,1.0099899718624963,0.9922411918020961,-65673.60729963424,0.003886958321448226,354.7240037597285,91260.04819819197,0.024657747048849637,0.000282696748971929,0.023873450757470105,0.02113773512072742,0.02835869601473623,0.9753422529511503,0.0002826967489719288,0.97612654924253,0.9716413039852638,0.9788622648792726,1.0137356955477275,0.001952084893540459,1.0152983787699092,0.9902232777621567,1.0378334804434204,0.9916867388918409,0.00013762010427037543,0.9919043948536137,0.9902932118619325,0.9934389919763569,-72885.31343163364,2575.6166692987417,-60292.935128428006,-92008.33038783376,-41835.685015615665,0.004166022880858017,6.912997096898552e-05,0.004056028292154502,0.0032859025898918323,0.004865229297906256,355.61055193756096,2.0500214611397163,356.117470919272,333.3884194695428,379.78341195207315,90333.48905933331,1090.6990810551144,87993.85356913065,76135.59123332036,102081.16258866608
500,1000,300,43,0.01584893192461114,39804.603995738464,17.453392423365237,0.9999788220572078,10.0,131.77044300762265,814.1684814475695,0.825683480408096,0.07336688138691315,0.9266331186130868,1.0133202408641495,0.9984398736698719,-1639544.2206892185,0.0007803676519001642,179.52275541017698,230048.9454849214,0.07390801649977786,0.0012549642329249308,0.06991661554773555,0.05965276260644015,0.08542856920192791,0.9260919835002221,0.0012549642329249308,0.9300833844522645,0.9145714307980721,0.9403472373935599,1.038153061605333,0.006646819367916916,1.0267664523574047,0.9544106394852949,1.0992141340156918,0.9981980870698864,5.3941464177687875e-05,0.9983756860944799,0.9977495007876336,0.9988617647661758,-2459161.3760126596,156704.19503239743,-1512420.263296137,-3082754.296191345,-787130.7054657063,0.0009014718235348314,2.700585267307595e-05,0.0008124870232885028,0.0005692796670156714,0.001125883419134913,178.70132702505262,2.4865653739655786,179.17014615843806,149.19839352612132,206.43855296703785,227243.5571459361,4080.785299606979,218695.19666704582,177681.4230238619,269597.4705780201
500,1000,300,44,0.01995262314968879,49981.63406787181,17.366334676349354,0.9999788220572078,0.01,4.166947281934958,13.89495494373136,0.0172429539022601,0.0017323904286502087,0.9982676095713497,1.0039285475299866,0.8807891913890743,-231.90240684680873,0.06149630187778465,564.1531040625061,9173.772842205732,0.0017425644295476616,9.936894341556766e-06,0.0017405009446240073,0.001621031762379302,0.0018419052686104666,0.9982574355704522,9.936894341556896e-06,0.9982594990553759,0.9981580947313895,0.9983789682376207,1.003988339796219,0.00019877794775857312,1.0040302247942368,1.001622584344185,1.006052016989727,0.8804946163457447,0.0006978587062481839,0.8814026009742342,0.8724375876199445,0.8883346841648591,-238.80378288455142,3.1194148239390893,-234.56118979854222,-267.8244878630839,-199.54945750789915,0.06167533715172605,0.0003722993563807552,0.061169556970709055,0.05748491569000996,0.065956324592235,563.5959424684538,0.46592430429737874,563.5908345603334,557.9985063604643,568.9666221337345,9227.213066089,50.10743281091565,9209.554764482482,8614.819520148634,9727.301570970798
500,1000,300,44,0.01995262314968879,49981.63406787181,17.366334676349354,0.9999788220572078,0.1,13.177044300762265,45.4090961097247,0.050754932866304316,0.0069138496225505065,0.9930861503774495,1.0074044625401182,0.9718082188701109,-4820.786868020326,0.014196663187778165,483.6879478755958,34070.53766634404,0.006965740173770714,5.799345275241111e-05,0.006930418758363057,0.006315346526730577,0.007556730418561563,0.9930342598262293,5.799345275241112e-05,0.9930695812416369,0.9924432695814385,0.9936846534732694,1.0072437749259906,0.000639393501114878,1.007503366381055,0.9994649139163626,1.014703151971841,0.9713344631677618,0.0002897812756620427,0.9717543054903185,0.9683133408890736,0.9750220629448013,-5114.183100151886,107.26264335855477,-4801.9997873528955,-6171.85242710945,-3795.290179886282,0.01444026391054195,0.00014709866367368957,0.014224008470827752,0.012567945150537342,0.015970863829948542,483.6003914659896,1.1669092222937993,483.87096001965347,470.58043307761596,497.4727367995527,34322.986995914536,281.9316251468914,34297.51356795551,30911.36304967707,37327.076746361745
500,1000,300,44,0.01995262314968879,49981.63406787181,17.366334676349354,0.9999788220572078,1.0,41.66947281934957,159.79803278525839,0.16764144772125703,0.024717040393526235,0.9752829596064738,1.0099899718624963,0.993826237151442,-103973.49826191153,0.003091660606933178,354.7240037597285,114735.75170710687,0.024657747048849637,0.000282696748971929,0.023873450757470105,0.02113773512072742,0.02835869601473623,0.9753422529511503,0.0002826967489719288,0.97612654924253,0.9716413039852638,0.9788622648792726,1.0137356955477275,0.001952084893540459,1.0152983787699092,0.9902232777621567,1.0378334804434204,0.9933834170084697,0.00010973870577830009,0.9935572542452941,0.992273226742657,0.9947807491540134,-115398.17835474078,4079.380719599806,-95435.51676804177,-145690.9217771724,-66222.5277513019,0.0033142370048219643,5.5072199175865875e-05,0.0032265783054012814,0.002613039410524807,0.0038708784794225124,355.61055193756096,2.0500214611397163,356.117470919272,333.3884194695428,379.78341195207315,113569.13955473472,1373.3551019455842,110631.20988989912,95684.26719097605,128361.98981464995
500,1000,300,44,0.01995262314968879,49981.63406787181,17.366334676349354,0.9999788220572078,10.0,131.77044300762265,814.1684814475695,0.825683480408096,0.07336688138691315,0.9266331186130868,1.0133202408641495,0.9987602988982826,-2597872.289998252,0.0006200427773815759,179.52275541017698,289532.85476253234,0.07390801649977786,0.0012549642329249308,0.06991661554773555,0.05965276260644015,0.08542856920192791,0.9260919835002221,0.0012549642329249308,0.9300833844522645,0.9145714307980721,0.9403472373935599,1.038153061605333,0.006646819367916916,1.0267664523574047,0.9544106394852949,1.0992141340156918,0.9985679843913466,4.2890383794364234e-05,0.9987092896737915,0.9982115167845922,0.9990956138691569,-3896602.927093618,248307.7473902887,-2396473.42830724,-4884811.956381013,-1247201.6068458243,0.0007163332678704952,2.1467385008362613e-05,0.0006455635411166693,0.0004522953575647108,0.0008946418036309524,178.70132702505262,2.4865653739655786,179.17014615843806,149.19839352612132,206.43855296703785,286001.5047332268,5137.455932202539,275244.42061577196,223611.86762167656,339322.77120342385
500,1000,300,45,0.025118864315095822,62793.78852100981,17.29727730508346,0.9999788220572078,0.01,4.166947281934958,13.89495494373136,0.0172429539022601,0.0017323904286502087,0.9982676095713497,1.0039285475299866,0.9033782304701243,-367.12446837683314,0.049537885831252904,564.1531040625061,11388.316126050502,0.0017425644295476616,9.936894341556766e-06,0.0017405009446240073,0.001621031762379302,0.0018419052686104666,0.9982574355704522,9.936894341556896e-06,0.9982594990553759,0.9981580947313895,0.9983789682376207,1.003988339796219,0.00019877794775857312,1.0040302247942368,1.001622584344185,1.006052016989727,0.9031119894022419,0.0005778093351209048,0.9038813361479971,0.8964731242768154,0.909622512279982,-378.04437842258716,4.9376620711181705,-371.296538488991,-424.0840376115634,-316.018039291984,0.04969252290811118,0.00030430789663878153,0.049273259093784806,0.04625867643408253,0.053177353464176895,563.5959424684538,0.46592430429737874,563.5908345603334,557.9985063604643,568.9666221337345,11455.600320689531,63.16724758083808,11428.111802339688,10686.570055654758,12086.955419831782
500,1000,300,45,0.025118864315095822,62793.78852100981,17.29727730508346,0.9999788220572078,0.1,13.177044300762265,45.4090961097247,0.050754932866304316,0.0069138496225505065,0.9930861503774495,1.0074044625401182,0.9774880803060249,-7627.0970005973,0.011320031402463912,483.6879478755958,42728.49877168331,0.006965740173770714,5.799345275241111e-05,0.006930418758363057,0.006315346526730577,0.007556730418561563,0.9930342598262293,5.799345275241112e-05,0.9930695812416369,0.9924432695814385,0.9936846534732694,1.0072437749259906,0.000639393501114878,1.007503366381055,0.9994649139163626,1.014703151971841,0.9771040387967147,0.0002327464952799668,0.9774459712173067,0.9746789415552508,0.9800662439114352,-8091.87988147185,169.8405452333217,-7598.151702578947,-9766.330062304549,-6002.531142552016,0.011516367988014323,0.00011778390035716174,0.011341327248945602,0.010017048676413228,0.012741704758399306,483.6003914659896,1.1669092222937993,483.87096001965347,470.58043307761596,497.4727367995527,43046.351215892544,355.1705769704017,43016.85367452221,38744.66307493873,46823.54581220893
500,1000,300,45,0.025118864315095822,62793.78852100981,17.29727730508346,0.9999788220572078,1.0,41.66947281934957,159.79803278525839,0.16764144772125703,0.024717040393526235,0.9752829596064738,1.0099899718624963,0.99508922720367,-164646.0687707448,0.002458408283809907,354.7240037597285,144290.11083952116,0.024657747048849637,0.000282696748971929,0.023873450757470105,0.02113773512072742,0.02835869601473623,0.9753422529511503,0.0002826967489719288,0.97612654924253,0.9716413039852638,0.9788622648792726,1.0137356955477275,0.001952084893540459,1.0152983787699092,0.9902232777621567,1.0378334804434204,0.9947359564032154,8.743699883755197e-05,0.9948744546678088,0.9938513256825414,0.9958493573734475,-182746.59177821182,6462.012144785723,-151090.18949528493,-230737.6023689914,-104827.7145564298,0.0026357828965862815,4.3846986530786526e-05,0.0025660650265085985,0.002077479273357507,0.0030790775182172347,355.61055193756096,2.0500214611397163,356.117470919272,333.3884194695428,379.78341195207315,142821.27400481456,1729.2021779752113,139132.7556984651,120294.76834233427,161448.09858274763
500,1000,300,45,0.025118864315095822,62793.78852100981,17.29727730508346,0.9999788220572078,10.0,131.77044300762265,814.1684814475695,0.825683480408096,0.07336688138691315,0.9266331186130868,1.0133202408641495,0.9990149890412995,-4116572.7437966494,0.0004926268199421643,179.52275541017698,364419.37008474977,0.07390801649977786,0.0012549642329249308,0.06991661554773555,0.05965276260644015,0.08542856920192791,0.9260919835002221,0.0012549642329249308,0.9300833844522645,0.9145714307980721,0.9403472373935599,1.038153061605333,0.006646819367916916,1.0267664523574047,0.9544106394852949,1.0992141340156918,0.9988620661924625,3.409628527439652e-05,0.9989744571959913,0.9985788236617518,0.9992814616187383,-6174586.745267226,393478.0918199307,-3797481.21185467,-7740642.189044314,-1976288.2119591082,0.0005691724044306903,1.706216235230678e-05,0.0005129029379004331,0.0003593337551746703,0.0007108408189635516,178.70132702505262,2.4865653739655786,179.17014615843806,149.19839352612132,206.43855296703785,359974.1075016543,6467.742092961286,346436.3831354126,281435.039860217,427102.52029686247
500,1000,300,46,0.03162277660168379,78923.38404162053,17.24245968420308,0.9999788220572078,0.01,4.166947281934958,13.89495494373136,0.0172429539022601,0.0017323904286502087,0.9982676095713497,1.0039285475299866,0.9219926831474484,-581.183051785724,0.039795499308898044,564.1531040625061,14176.304201725765,0.0017425644295476616,9.936894341556766e-06,0.0017405009446240073,0.001621031762379302,0.0018419052686104666,0.9982574355704522,9.936894341556896e-06,0.9982594990553759,0.9981580947313895,0.9983789682376207,1.003988339796219,0.00019877794775857312,1.0040302247942368,1.001622584344185,1.006052016989727,0.9217590620783005,0.00047456915120990125,0.9224026401157696,0.9163280065469348,0.9271145429182746,-598.4671699921954,7.817830038705927,-587.7409177505951,-671.4094095297991,-500.39933664934887,0.03992668587430112,0.00024735106324258926,0.03958204939373014,0.0371321259383458,0.042749768285894746,563.5959424684538,0.46592430429737874,563.5908345603334,557.9985063604643,568.9666221337345,14261.014429475483,79.60937963870302,14222.872545130806,13294.787958898656,15058.665458823898
500,1000,300,46,0.03162277660168379,78923.38404162053,17.24245968420308,0.9999788220572078,0.1,13.177044300762265,45.4090961097247,0.050754932866304316,0.0069138496225505065,0.9930861503774495,1.0074044625401182,0.9820428230537481,-12071.255508055478,0.009019262016789705,483.6879478755958,53628.328678687016,0.006965740173770714,5.799345275241111e-05,0.006930418758363057,0.006315346526730577,0.007556730418561563,0.9930342598262293,5.799345275241112e-05,0.9930695812416369,0.9924432695814385,0.9936846534732694,1.0072437749259906,0.000639393501114878,1.007503366381055,0.9994649139163626,1.014703151971841,0.9817327985358204,0.00018651865231509643,0.9820098092571534,0.9797903045560792,0.984106903525706,-12807.618689577108,268.9799233284422,-12026.386668495103,-15459.136937778443,-9497.427351905055,0.009177035153651042,9.415828328642614e-05,0.009035919294317303,0.007978375474755278,0.010156424207352454,483.6003914659896,1.1669092222937993,483.87096001965347,470.58043307761596,497.4727367995527,54028.527428945104,447.37466965309653,53994.02513913728,48606.09466203755,58779.10722384677
500,1000,300,46,0.03162277660168379,78923.38404162053,17.24245968420308,0.9999788220572078,1.0,41.66947281934957,159.79803278525839,0.16764144772125703,0.024717040393526235,0.9752829596064738,1.0099899718624963,0.9960949541907511,-260769.97534949915,0.0019544328084257763,354.7240037597285,181497.15980537882,0.024657747048849637,0.000282696748971929,0.023873450757470105,0.02113773512072742,0.02835869601473623,0.9753422529511503,0.0002826967489719288,0.97612654924253,0.9716413039852638,0.9788622648792726,1.0137356955477275,0.001952084893540459,1.0152983787699092,0.9902232777621567,1.0378334804434204,0.9958133728057443,6.962375734843475e-05,0.9959236399022662,0.9951089302504024,0.9966999643293597,-289449.4456420677,10237.401976395135,-239253.79861903592,-365484.1093093101,-165980.21201108256,0.0020956915802723556,3.489320014388085e-05,0.0020402613920800757,0.0016513813655316242,0.0024485325307238787,355.61055193756096,2.0500214611397163,356.117470919272,333.3884194695428,379.78341195207315,179647.82177652427,2177.1932484733384,174993.2088011407,151277.8282916883,203101.79639600767
500,1000,300,46,0.03162277660168379,78923.38404162053,17.24245968420308,0.9999788220572078,10.0,131.77044300762265,814.1684814475695,0.825683480408096,0.07336688138691315,0.9266331186130868,1.0133202408641495,0.9992174022021756,-6523380.062597132,0.00039137548629784716,179.52275541017698,458696.98459743435,0.07390801649977786,0.0012549642329249308,0.06991661554773555,0.05965276260644015,0.08542856920192791,0.9260919835002221,0.0012549642329249308,0.9300833844522645,0.9145714307980721,0.9403472373935599,1.038153061605333,0.006646819367916916,1.0267664523574047,0.9544106394852949,1.0992141340156918,0.999095829074405,2.7100819781358246e-05,0.9991851987057162,0.9988707845049853,0.9994291455505679,-9784710.618812265,623544.7399925286,-6017793.272360502,-12266552.32559745,-3131721.2522522695,0.00045221519821008675,1.355926414870619e-05,0.00040748366936132834,0.00028546797333230144,0.0005647672301056592,178.70132702505262,2.4865653739655786,179.17014615843806,149.19839352612132,206.43855296703785,453101.20145019906,8142.497752324831,436062.81711974635,354230.3837875126,537611.8959011517
500,1000,300,47,0.039810717055349776,99229.41468167015,17.198911739936037,0.9999788220572078,0.01,4.166947281934958,13.89495494373136,0.0172429539022601,0.0017323904286502087,0.9982676095713497,1.0039285475299866,0.9372217733921399,-920.1270890200778,0.0318978497120566,564.1531040625061,17686.24246321125,0.0017425644295476616,9.936894341556766e-06,0.0017405009446240073,0.001621031762379302,0.0018419052686104666,0.9982574355704522,9.936894341556896e-06,0.9982594990553759,0.9981580947313895,0.9983789682376207,1.003988339796219,0.00019877794775857312,1.0040302247942368,1.001622584344185,1.006052016989727,0.9370212563967296,0.0003872219841055085,0.9375528084967433,0.9326042262285895,0.9413963454670824,-947.4917501189371,12.380672384132605,-930.4100432749294,-1063.06556186835,-792.365644500459,0.032007603789719695,0.0002001443944424333,0.03172689375097516,0.029744185568176148,0.03428563965471353,563.5959424684538,0.46592430429737874,563.5908345603334,557.9985063604643,568.9666221337345,17792.887280216823,100.3096176174215,17741.892898451068,16579.26169213028,18799.84626447001
500,1000,300,47,0.039810717055349776,99229.41468167015,17.198911739936037,0.9999788220572078,0.1,13.177044300762265,45.4090961097247,0.050754932866304316,0.0069138496225505065,0.9930861503774495,1.0074044625401182,0.9856882836767322,-19110.35960656519,0.007181646182579723,483.6879478755958,67350.56776381735,0.006965740173770714,5.799345275241111e-05,0.006930418758363057,0.006315346526730577,0.007556730418561563,0.9930342598262293,5.799345275241112e-05,0.9930695812416369,0.9924432695814385,0.9936846534732694,1.0072437749259906,0.000639393501114878,1.007503366381055,0.9994649139163626,1.014703151971841,0.9854388389172996,0.00014920438692030068,0.9856623142062897,0.9838858638493466,0.9873379065721997,-20277.093076986464,426.0562526002247,-19040.445335274282,-24475.656245540435,-15032.855001096168,0.007308129763577543,7.517390792461614e-05,0.007194724933194334,0.006351215684239413,0.008089790434417602,483.6003914659896,1.1669092222937993,483.87096001965347,470.58043307761596,497.4727367995527,67854.44681279242,563.4550592915692,67813.73217651334,61020.76229719619,73833.22993002829
500,1000,300,47,0.039810717055349776,99229.41468167015,17.198911739936037,0.9999788220572078,1.0,41.66947281934957,159.79803278525839,0.16764144772125703,0.024717040393526235,0.9752829596064738,1.0099899718624963,0.9968954129059469,-413072.138786544,0.0015535002285065457,354.7240037597285,228338.5591135327,0.024657747048849637,0.000282696748971929,0.023873450757470105,0.02113773512072742,0.02835869601473623,0.9753422529511503,0.0002826967489719288,0.97612654924253,0.9716413039852638,0.9788622648792726,1.0137356955477275,0.001952084893540459,1.0152983787699092,0.9902232777621567,1.0378334804434204,0.9966711309680117,5.541175391665855e-05,0.9967588720104652,0.996110463635367,0.9973767529589167,-458516.2581746885,16219.994495558687,-378929.33009223855,-578988.4612315126,-262859.92690746515,0.001665937374698475,2.775731379165208e-05,0.0016218792472516021,0.0013124848287554074,0.0019466629306727804,355.61055193756096,2.0500214611397163,356.117470919272,333.3884194695428,379.78341195207315,226010.16536152054,2741.1897361897945,220148.42452336568,190283.6197015773,255541.8231802949
500,1000,300,47,0.039810717055349776,99229.41468167015,17.198911739936037,0.9999788220572078,10.0,131.77044300762265,814.1684814475695,0.825683480408096,0.07336688138691315,0.9266331186130868,1.0133202408641495,0.99937825128823,-10337725.893193666,0.0003109226923453596,179.52275541017698,577387.1120695521,0.07390801649977786,0.0012549642329249308,0.06991661554773555,0.05965276260644015,0.08542856920192791,0.9260919835002221,0.0012549642329249308,0.9300833844522645,0.9145714307980721,0.9403472373935599,1.038153061605333,0.006646819367916916,1.0267664523574047,0.9544106394852949,1.0992141340156918,0.9992816179440475,2.153776106377588e-05,0.9993526668588464,0.9991028226365193,0.9995464927962782,-15506118.92694719,988162.7466380908,-9536614.06762557,-19439337.58725342,-4962854.259649626,0.00035927292183292705,1.0774471396018998e-05,0.00032371896803515856,0.00022677931795403575,0.0004486893438075057,178.70132702505262,2.4865653739655786,179.17014615843806,149.19839352612132,206.43855296703785,570342.9481574286,10250.926793979952,548897.4189856516,445874.7652886862,676736.8322897984
500,1000,300,48,0.05011872336272725,124793.30260917397,17.164284020286683,0.9999788220572078,0.01,4.166947281934958,13.89495494373136,0.0172429539022601,0.0017323904286502087,0.9982676095713497,1.0039285475299866,0.949608550473547,-1456.9269976830135,0.02552139557938627,564.1531040625061,22105.104021747728,0.0017425644295476616,9.936894341556766e-06,0.0017405009446240073,0.001621031762379302,0.0018419052686104666,0.9982574355704522,9.936894341556896e-06,0.9982594990553759,0.9981580947313895,0.9983789682376207,1.003988339796219,0.00019877794775857312,1.0040302247942368,1.001622584344185,1.006052016989727,0.9494393174090828,0.00031427177836330943,0.9498702964786523,0.9458639891672973,0.9529935836204002,-1500.2605108975251,19.60997463566281,-1472.7987672708468,-1683.3939044765339,-1254.7850569974644,0.025612226546971567,0.0001613525019157934,0.025387104346340693,0.023786097419976372,0.027444608893533187,563.5959424684538,0.46592430429737874,563.5908345603334,557.9985063604643,568.9666221337345,22239.357977703312,126.37062612988565,22172.145791567917,20715.389208146913,23509.754932907177
500,1000,300,48,0.05011872336272725,124793.30260917397,17.164284020286683,0.9999788220572078,0.1,13.177044300762265,45.4090961097247,0.050754932866304316,0.0069138496225505065,0.9930861503774495,1.0074044625401182,0.9886014930514774,-30261.131561842998,0.00571558744417729,483.6879478755958,84626.1128186131,0.006965740173770714,5.799345275241111e-05,0.006930418758363057,0.006315346526730577,0.007556730418561563,0.9930342598262293,5.799345275241112e-05,0.9930695812416369,0.9924432695814385,0.9936846534732694,1.0072437749259906,0.000639393501114878,1.007503366381055,0.9994649139163626,1.014703151971841,0.9884013199670001,0.00011918382533428431,0.9885810048041808,0.9871616721777776,0.9899182251002059,-32109.89863114583,674.9463108060609,-30151.70938239657,-38759.35682334667,-23801.914800527335,0.005816794959887982,5.995492093468057e-05,0.005725890510967956,0.0050536571753316654,0.0064399000693577645,483.6003914659896,1.1669092222937993,483.87096001965347,470.58043307761596,497.4727367995527,85260.53555651759,709.5949615657036,85212.12753740573,76649.72976723325,92790.0443721348
500,1000,300,48,0.05011872336272725,124793.30260917397,17.164284020286683,0.9999788220572078,1.0,41.66947281934957,159.79803278525839,0.16764144772125703,0.024717040393526235,0.9752829596064738,1.0099899718624963,0.9975322402025628,-654401.272584645,0.0012346420692382182,354.7240037597285,287309.18263508985,0.024657747048849637,0.000282696748971929,0.023873450757470105,0.02113773512072742,0.02835869601473623,0.9753422529511503,0.0002826967489719288,0.97612654924253,0.9716413039852638,0.9788622648792726,1.0137356955477275,0.001952084893540459,1.0152983787699092,0.9902232777621567,1.0378334804434204,0.9973536978435695,4.408316558425001e-05,0.997423482271978,0.9969076448289395,0.9979150587341907,-726413.4411267837,25700.595322726178,-600231.6560781908,-917302.0215256034,-416354.1534548558,0.0013241005455979006,2.2074100696445844e-05,0.0012890897442301471,0.0010430145726040758,0.0015473747699069774,355.61055193756096,2.0500214611397163,356.117470919272,333.3884194695428,379.78341195207315,284377.6453385029,3451.2330832182506,277001.1673763313,239389.6778228117,321561.6016323706
500,1000,300,48,0.05011872336272725,124793.30260917397,17.164284020286683,0.9999788220572078,10.0,131.77044300762265,814.1684814475695,0.825683480408096,0.07336688138691315,0.9266331186130868,1.0133202408641495,0.9995060602441682,-16382876.354673246,0.00024700038251036934,179.52275541017698,726811.6493813139,0.07390801649977786,0.0012549642329249308,0.06991661554773555,0.05965276260644015,0.08542856920192791,0.9260919835002221,0.0012549642329249308,0.9300833844522645,0.9145714307980721,0.9403472373935599,1.038153061605333,0.006646819367916916,1.0267664523574047,0.9544106394852949,1.0992141340156918,0.9994292611752502,1.7114844921347116e-05,0.9994857357419531,0.9992872162177078,0.9996397288163006,-24573711.226967886,1566032.8478411508,-15113461.995127734,-30807154.55160954,-7864892.243133353,0.0002854211018178934,8.560952152118998e-06,0.0002571651962912352,0.00018015182023911088,0.00035645542201428977,178.70132702505262,2.4865653739655786,179.17014615843806,149.19839352612132,206.43855296703785,717944.1376921586,12905.336422152073,690950.2085680139,561248.9944444251,851887.6514345489
500,1000,300,49,0.06309573444801943,156976.49752965983,17.136715090346,0.9999788220572078,0.01,4.166947281934958,13.89495494373136,0.0172429539022601,0.0017323904286502087,0.9982676095713497,1.0039285475299866,0.9596360023193383,-2307.2217116513903,0.02038987228625576,564.1531040625061,27668.3000335802,0.0017425644295476616,9.936894341556766e-06,0.0017405009446240073,0.001621031762379302,0.0018419052686104666,0.9982574355704522,9.936894341556896e-06,0.9982594990553759,0.9981580947313895,0.9983789682376207,1.003988339796219,0.00019877794775857312,1.0040302247942368,1.001622584344185,1.006052016989727,0.9594950110338728,0.000253968844414693,0.9598425711921114,0.9566128644986976,0.9623689839551689,-2375.8542585231557,31.064930520771235,-2331.7809683367595,-2665.9848304868538,-1987.367087892531,0.02046440507023274,0.00012969348299121856,0.020284443758036647,0.01899593072554344,0.02193412072155919,563.5959424684538,0.46592430429737874,563.5908345603334,557.9985063604643,568.9666221337345,27837.30502882439,159.1807399681148,27749.9707403145,25922.641119321685,29437.911136156647
500,1000,300,49,0.06309573444801943,156976.49752965983,17.136715090346,0.9999788220572078,0.1,13.177044300762265,45.4090961097247,0.050754932866304316,0.0069138496225505065,0.9930861503774495,1.0074044625401182,0.9909266745873129,-47927.24771369213,0.0045470003122633695,483.6879478755958,106375.17366582926,0.006965740173770714,5.799345275241111e-05,0.006930418758363057,0.006315346526730577,0.007556730418561563,0.9930342598262293,5.799345275241112e-05,0.9930695812416369,0.9924432695814385,0.9936846534732694,1.0072437749259906,0.000639393501114878,1.007503366381055,0.9994649139163626,1.014703151971841,0.9907663784036594,9.509438496445484e-05,0.990910468710831,0.9897778575155864,0.9919766597377394,-50856.917237938556,1069.3411709640218,-47755.343742215744,-61389.83130467596,-37694.16679134733,0.004627860605506925,4.7777385440087745e-05,0.004555140297481269,0.0040197493234550696,0.005124199955520681,483.6003914659896,1.1669092222937993,483.87096001965347,470.58043307761596,497.4727367995527,107173.96710402887,893.5792725277903,107117.70555835089,96325.22770494127,116655.56177169892
500,1000,300,49,0.06309573444801943,156976.49752965983,17.136715090346,0.9999788220572078,1.0,41.66947281934957,159.79803278525839,0.16764144772125703,0.024717040393526235,0.9752829596064738,1.0099899718624963,0.9980387226071283,-1036818.457326827,0.0009811199946578185,354.7240037597285,361550.0710322841,0.024657747048849637,0.000282696748971929,0.023873450757470105,0.02113773512072742,0.02835869601473623,0.9753422529511503,0.0002826967489719288,0.97612654924253,0.9716413039852638,0.9788622648792726,1.0137356955477275,0.001952084893540459,1.0152983787699092,0.9902232777621567,1.0378334804434204,0.9978966551614371,3.505946570160819e-05,0.9979521365409068,0.9975419027418374,0.9983431016259663,-1150935.8804083257,40725.03442695146,-950886.3208660122,-1453408.7006796203,-659565.7993604911,0.00105227210542709,1.7550282040747063e-05,0.0010244564876596774,0.0008287926356333746,0.0012298048390720557,355.61055193756096,2.0500214611397163,356.117470919272,333.3884194695428,379.78341195207315,357859.15069896623,4345.145889962674,348576.0228456897,301211.61129390955,404678.1455634886
500,1000,300,49,0.06309573444801943,156976.49752965983,17.136715090346,0.9999788220572078,10.0,131.77044300762265,814.1684814475695,0.825683480408096,0.07336688138691315,0.9266331186130868,1.0133202408641495,0.9996076089643137,-25963674.407631494,0.0001962147679607148,179.52275541017698,914929.8866542003,0.07390801649977786,0.0012549642329249308,0.06991661554773555,0.05965276260644015,0.08542856920192791,0.9260919835002221,0.0012549642329249308,0.9300833844522645,0.9145714307980721,0.9403472373935599,1.038153061605333,0.006646819367916916,1.0267664523574047,0.9544106394852949,1.0992141340156918,0.9995465799257356,1.3599056386918946e-05,0.9995914639050301,0.9994337351903559,0.999713803816381,-38944761.57519695,2481893.46854416,-23952159.730140485,-48823763.02749346,-12464210.682689095,0.0002267426597005436,6.801756316673006e-06,0.00020428891465362308,0.00014310833246982966,0.00028317249855447786,178.70132702505262,2.4865653739655786,179.17014615843806,149.19839352612132,206.43855296703785,903766.9959560501,16247.122589229482,869787.8118821704,706497.8551155161,1072393.9857051526
500,1000,300,50,0.07943282347242822,197492.9944104595,17.11472757336789,0.9999788220572078,0.01,4.166947281934958,13.89495494373136,0.0172429539022601,0.0017323904286502087,0.9982676095713497,1.0039285475299866,0.967722682201716,-3654.280541080149,0.01627103214263537,564.1531040625061,34672.23831389543,0.0017425644295476616,9.936894341556766e-06,0.0017405009446240073,0.001621031762379302,0.0018419052686104666,0.9982574355704522,9.936894341556896e-06,0.9982594990553759,0.9981580947313895,0.9983789682376207,1.003988339796219,0.00019877794775857312,1.0040302247942368,1.001622584344185,1.006052016989727,0.9676063954571229,0.00020452630657148127,0.9678856944176957,0.9652908566051583,0.9699217893380353,-3762.996731961551,49.21680335422186,-3692.414642516246,-4222.635888337913,-3148.15585407432,0.016331782743425963,0.00010399730502461897,0.016188181411766027,0.015153926076011761,0.017507833913433798,563.5959424684538,0.46592430429737874,563.5908345603334,557.9985063604643,568.9666221337345,34884.98276825428,200.48802015641917,34774.66392116561,32478.46939997714,36898.12388255313
500,1000,300,50,0.07943282347242822,197492.9944104595,17.11472757336789,0.9999788220572078,0.1,13.177044300762265,45.4090961097247,0.050754932866304316,0.0069138496225505065,0.9930861503774495,1.0074044625401182,0.9927807023271493,-75918.1798115449,0.003616187241508164,483.6879478755958,133756.33383239008,0.006965740173770714,5.799345275241111e-05,0.006930418758363057,0.006315346526730577,0.007556730418561563,0.9930342598262293,5.799345275241112e-05,0.9930695812416369,0.9924432695814385,0.9936846534732694,1.0072437749259906,0.000639393501114878,1.007503366381055,0.9994649139163626,1.014703151971841,0.9926525540754887,7.580444711940383e-05,0.9927678539579028,0.9918649353463824,0.9936173235650702,-80560.95129185579,1694.3382261838854,-75647.23175575602,-97247.78446620493,-59705.09066858617,0.0036807132113493165,3.804804404392886e-05,0.003622634763242398,0.003196446853720369,0.00407583855706992,483.6003914659896,1.1669092222937993,483.87096001965347,470.58043307761596,497.4727367995527,134762.095426912,1125.2097062046028,134697.32450587585,121094.98298128106,146701.00168970536
500,1000,300,50,0.07943282347242822,197492.9944104595,17.11472757336789,0.9999788220572078,1.0,41.66947281934957,159.79803278525839,0.16764144772125703,0.024717040393526235,0.9752829596064738,1.0099899718624963,0.9984414356994686,-1642836.1034178447,0.0007795860274527262,354.7240037597285,455015.85619585623,0.024657747048849637,0.000282696748971929,0.023873450757470105,0.02113773512072742,0.02835869601473623,0.9753422529511503,0.0002826967489719288,0.97612654924253,0.9716413039852638,0.9788622648792726,1.0137356955477275,0.001952084893540459,1.0152983787699092,0.9902232777621567,1.0378334804434204,0.9983284317150695,2.787580612307712e-05,0.9983725273016668,0.9980463658523858,0.9986833814612811,-1823683.856677115,64535.872893181426,-1506529.7012108015,-2302934.85426562,-1044959.1409566987,0.0008361628233624242,1.3950884594940982e-05,0.0008140677039097349,0.0006585260976701209,0.000977294626210881,355.61055193756096,2.0500214611397163,356.117470919272,333.3884194695428,379.78341195207315,450368.8259392047,5470.548245047692,438685.776750249,379042.5152158949,509319.5901674188
500,1000,300,50,0.07943282347242822,197492.9944104595,17.11472757336789,0.9999788220572078,10.0,131.77044300762265,814.1684814475695,0.825683480408096,0.07336688138691315,0.9266331186130868,1.0133202408641495,0.9996882886481854,-41148276.81883705,0.00015586782329651355,179.52275541017698,1151762.7667685056,0.07390801649977786,0.0012549642329249308,0.06991661554773555,0.05965276260644015,0.08542856920192791,0.9260919835002221,0.0012549642329249308,0.9300833844522645,0.9145714307980721,0.9403472373935599,1.038153061605333,0.006646819367916916,1.0267664523574047,0.9544106394852949,1.0992141340156918,0.9996397957380687,1.0804760163355241e-05,0.9996754642244866,0.9995501508687126,0.9997726531351931,-61721535.98308259,3933454.731523503,-37960778.81486145,-77378325.5806663,-19753590.167408243,0.00018012271859817067,5.403786443256087e-06,0.00016228105544580616,0.00011367989438085155,0.00022494986711778318,178.70132702505262,2.4865653739655786,179.17014615843806,149.19839352612132,206.43855296703785,1137710.280298212,20454.307239753205,1094936.777021756,889357.519831598,1350002.0967419262
500,1000,300,51,0.1,248500.6352044188,17.097146239423026,0.9999788220572078,0.01,4.166947281934958,13.89495494373136,0.0172429539022601,0.0017323904286502087,0.9982676095713497,1.0039285475299866,0.9742243209259164,-5788.575478897371,0.012971975612689927,564.1531040625061,43490.145287555075,0.0017425644295476616,9.936894341556766e-06,0.0017405009446240073,0.001621031762379302,0.0018419052686104666,0.9982574355704522,9.936894341556896e-06,0.9982594990553759,0.9981580947313895,0.9983789682376207,1.003988339796219,0.00019877794775857312,1.0040302247942368,1.001622584344185,1.006052016989727,0.9741291602838231,0.00016425080819688695,0.9743529380166012,0.9722732000165211,0.9759891818629175,-5960.804006315651,77.98264725070632,-5847.945991007175,-6689.055147125327,-4987.445268483547,0.0130212317733635,8.323223050727431e-05,0.012906824050987054,0.012078352371213848,0.013960852754617963,563.5959424684538,0.46592430429737874,563.5908345603334,557.9985063604643,568.9666221337345,43757.94118054645,252.4935505275891,43620.13583906353,40729.33411904418,46290.36828692883
500,1000,300,51,0.1,248500.6352044188,17.097146239423026,0.9999788220572078,0.1,13.177044300762265,45.4090961097247,0.050754932866304316,0.0069138496225505065,0.9930861503774495,1.0074044625401182,0.9942578926997011,-120271.64304053801,0.002875187000292809,483.6879478755958,168228.34404382636,0.006965740173770714,5.799345275241111e-05,0.006930418758363057,0.006315346526730577,0.007556730418561563,0.9930342598262293,5.799345275241112e-05,0.9930695812416369,0.9924432695814385,0.9936846534732694,1.0072437749259906,0.000639393501114878,1.007503366381055,0.9994649139163626,1.014703151971841,0.9941555817768754,6.038331699619833e-05,0.9942476845939258,0.9935284490799751,0.994924091779253,-127629.5753751868,2684.8170661603895,-119843.35331386971,-154069.00503636844,-94582.39094601994,0.0029266287987570762,3.028395515054591e-05,0.0028803057843172497,0.0025411829156871267,0.0032410275900478652,483.6003914659896,1.1669092222937993,483.87096001965347,470.58043307761596,497.4727367995527,169494.71827745362,1416.82771255632,169419.62006091367,152278.03731498052,184526.90360639643
500,1000,300,51,0.1,248500.6352044188,17.097146239423026,0.9999788220572078,1.0,41.66947281934957,159.79803278525839,0.16764144772125703,0.024717040393526235,0.9752829596064738,1.0099899718624963,0.9987615748136426,-2603233.07005727,0.0006194044240989958,354.7240037597285,572685.6153404468,0.024657747048849637,0.000282696748971929,0.023873450757470105,0.02113773512072742,0.02835869601473623,0.9753422529511503,0.0002826967489719288,0.97612654924253,0.9716413039852638,0.9788622648792726,1.0137356955477275,0.001952084893540459,1.0152983787699092,0.9902232777621567,1.0378334804434204,0.9986717140257543,2.215957220624615e-05,0.9987067505960268,0.998447488749811,0.9989538595378208,-2889840.509614892,102272.57962983863,-2387034.572575662,-3649203.194316849,-1655686.6667761367,0.0006643820689289333,1.1087984789716907e-05,0.0006468339000687799,0.0005232071039264492,0.0007765571456004904,355.61055193756096,2.0500214611397163,356.117470919272,333.3884194695428,379.78341195207315,566834.7610344165,6887.397178765948,552130.964026019,477028.5443501387,641061.3891428923
500,1000,300,51,0.1,248500.6352044188,17.097146239423026,0.9999788220572078,10.0,131.77044300762265,814.1684814475695,0.825683480408096,0.07336688138691315,0.9266331186130868,1.0133202408641495,0.9997523853023055,-65214748.032218486,0.00012381501392605903,179.52275541017698,1449927.1915228795,0.07390801649977786,0.0012549642329249308,0.06991661554773555,0.05965276260644015,0.08542856920192791,0.9260919835002221,0.0012549642329249308,0.9300833844522645,0.9145714307980721,0.9403472373935599,1.038153061605333,0.006646819367916916,1.0267664523574047,0.9544106394852949,1.0992141340156918,0.9997138562313971,8.584156260577209e-06,0.9997421990006061,0.9996426430336667,0.9998194047766273,-97821207.44344048,6234093.086944086,-60163699.86988528,-122635211.85835949,-31306576.43399273,0.00014308487616086278,4.2929657325111725e-06,0.0001289088085119735,9.030168914765938e-05,0.0001786944491790618,178.70132702505262,2.4865653739655786,179.17014615843806,149.19839352612132,206.43855296703785,1432237.086599806,25751.03055006836,1378391.494344377,1119567.8399575343,1699501.2027629889
500,1000,300,52,0.12589254117941687,312716.06354477117,17.083033037623135,0.9999788220572078,0.01,4.166947281934958,13.89495494373136,0.0172429539022601,0.0017323904286502087,0.9982676095713497,1.0039285475299866,0.9794388160985992,-9170.52257335118,0.010333987600564719,564.1531040625061,54592.00512604418,0.0017425644295476616,9.936894341556766e-06,0.0017405009446240073,0.001621031762379302,0.0018419052686104666,0.9982574355704522,9.936894341556896e-06,0.9982594990553759,0.9981580947313895,0.9983789682376207,1.003988339796219,0.00019877794775857312,1.0040302247942368,1.001622584344185,1.006052016989727,0.9793614212167538,0.00013161177095742692,0.9795402610324138,0.9778766321565511,0.9808521851295915,-9443.391666082289,123.57152504640239,-9263.135938920626,-10597.322405660958,-7902.109100172713,0.010373758159037403,6.651065462776988e-05,0.010282736824875596,0.00962018138306492,0.011123550647875628,563.5959424684538,0.46592430429737874,563.5908345603334,557.9985063604643,568.9666221337345,54929.08812441214,317.96900620713154,54760.100810878095,51111.71651160421,58115.15854217153
500,1000,300,52,0.12589254117941687,312716.06354477117,17.083033037623135,0.9999788220572078,0.1,13.177044300762265,45.4090961097247,0.050754932866304316,0.0069138496225505065,0.9930861503774495,1.0074044625401182,0.9954341082295265,-190557.40569613993,0.002285557772402215,483.6879478755958,211627.96833055763,0.006965740173770714,5.799345275241111e-05,0.006930418758363057,0.006315346526730577,0.007556730418561563,0.9930342598262293,5.799345275241112e-05,0.9930695812416369,0.9924432695814385,0.9936846534732694,1.0072437749259906,0.000639393501114878,1.007503366381055,0.9994649139163626,1.014703151971841,0.9953525122901512,4.807127111727302e-05,0.9954259815716127,0.9948534304216944,0.9959643377730357,-202218.86227679352,4254.571489266114,-189878.63357911335,-244115.14375048128,-149851.39475410146,0.0023265370301793903,2.409401577099801e-05,0.002289630418291386,0.002019871053022986,0.00257660423388773,483.6003914659896,1.1669092222937993,483.87096001965347,470.58043307761596,497.4727367995527,213222.51580880862,1783.97330310701,213134.99857830442,191535.04061724633,232148.5213657285
500,1000,300,52,0.12589254117941687,312716.06354477117,17.083033037623135,0.9999788220572078,1.0,41.66947281934957,159.79803278525839,0.16764144772125703,0.024717040393526235,0.9752829596064738,1.0099899718624963,0.9990160301863689,-4125295.3496942734,0.0004921059909687651,354.7240037597285,720828.4602701443,0.024657747048849637,0.000282696748971929,0.023873450757470105,0.02113773512072742,0.02835869601473623,0.9753422529511503,0.0002826967489719288,0.97612654924253,0.9716413039852638,0.9788622648792726,1.0137356955477275,0.001952084893540459,1.0152983787699092,0.9902232777621567,1.0378334804434204,0.9989445889698235,1.7612645611186643e-05,0.9989724207013286,0.9987663735676242,0.9991688264494569,-4579523.309649263,162081.49091909445,-3782386.8579134867,-5782755.360227128,-2623544.442696823,0.0005278564388561315,8.811499725211138e-06,0.0005139217077536262,0.0004156731673625715,0.0006170035628895558,355.61055193756096,2.0500214611397163,356.117470919272,333.3884194695428,379.78341195207315,713461.8527122497,8671.185463599419,694955.9674167417,600390.0565956375,806923.8597793432
500,1000,300,52,0.12589254117941687,312716.06354477117,17.083033037623135,0.9999788220572078,10.0,131.77044300762265,814.1684814475695,0.825683480408096,0.07336688138691315,0.9266331186130868,1.0133202408641495,0.999803305713263,-103359012.14468406,9.835197992446359e-05,179.52275541017698,1825309.0130778686,0.07390801649977786,0.0012549642329249308,0.06991661554773555,0.05965276260644015,0.08542856920192791,0.9260919835002221,0.0012549642329249308,0.9300833844522645,0.9145714307980721,0.9403472373935599,1.038153061605333,0.006646819367916916,1.0267664523574047,0.9544106394852949,1.0992141340156918,0.9997726950245797,6.819625054907557e-06,0.9997952151869071,0.9997161247609985,0.999856544700465,-155037831.765718,9880532.396435916,-95354839.8538045,-194365269.83134186,-49617276.62876979,0.00011366068586685855,3.410372684287072e-06,0.0001023976492326911,7.173022254634299e-05,0.00014194769417505556,178.70132702505262,2.4865653739655786,179.17014615843806,149.19839352612132,206.43855296703785,1803039.6619363849,32419.506815181467,1735253.9346502952,1409391.5647984494,2139512.3973987033
500,1000,300,53,0.1584893192461114,393559.4666615561,17.071635006991244,0.9999788220572078,0.01,4.166947281934958,13.89495494373136,0.0172429539022601,0.0017323904286502087,0.9982676095713497,1.0039285475299866,0.983612810177499,-14529.973042353084,0.00822744029818055,564.1531040625061,68569.69891197694,0.0017425644295476616,9.936894341556766e-06,0.0017405009446240073,0.001621031762379302,0.0018419052686104666,0.9982574355704522,9.936894341556896e-06,0.9982594990553759,0.9981580947313895,0.9983789682376207,1.003988339796219,0.00019877794775857312,1.0040302247942368,1.001622584344185,1.006052016989727,0.9835501677269505,0.0001052696797450207,0.9836927792298651,0.9823641290616119,0.9847427708860478,-14962.323680587544,195.82639707068847,-14674.628344741184,-16790.881267161923,-12521.305009476648,0.008259446623646227,5.308274961731217e-05,0.008187124893412664,0.00765793655492761,0.00885716013511765,563.5959424684538,0.46592430429737874,563.5908345603334,557.9985063604643,568.9666221337345,68993.98327402031,400.404872535078,68785.55305921444,64182.874376554304,73006.31829016673
500,1000,300,53,0.1584893192461114,393559.4666615561,17.071635006991244,0.9999788220572078,0.1,13.177044300762265,45.4090961097247,0.050754932866304316,0.0069138496225505065,0.9930861503774495,1.0074044625401182,0.9963702098822483,-301944.4042091983,0.0018165449767020567,483.6879478755958,266268.082584849,0.006965740173770714,5.799345275241111e-05,0.006930418758363057,0.006315346526730577,0.007556730418561563,0.9930342598262293,5.799345275241112e-05,0.9930695812416369,0.9924432695814385,0.9936846534732694,1.0072437749259906,0.000639393501114878,1.007503366381055,0.9994649139163626,1.014703151971841,0.9963051901192451,3.8251749565116475e-05,0.9963637275145939,0.9959081844921585,0.9967920545349017,-320427.2246372213,6742.498748326469,-300866.00499942317,-386822.7874644922,-237440.8804716813,0.0018491695526219728,1.916278223253961e-05,0.0018197920645203246,0.0016052611642552797,0.00204800491600672,483.6003914659896,1.1669092222937993,483.87096001965347,470.58043307761596,497.4727367995527,268275.89697300125,2246.215389596879,268173.6358870069,240956.78818245858,292103.428333254
500,1000,300,53,0.1584893192461114,393559.4666615561,17.071635006991244,0.9999788220572078,1.0,41.66947281934957,159.79803278525839,0.16764144772125703,0.024717040393526235,0.9752829596064738,1.0099899718624963,0.9992182525010559,-6537586.956292171,0.0003909501704899075,354.7240037597285,907338.1482740287,0.024657747048849637,0.000282696748971929,0.023873450757470105,0.02113773512072742,0.02835869601473623,0.9753422529511503,0.0002826967489719288,0.97612654924253,0.9716413039852638,0.9788622648792726,1.0137356955477275,0.001952084893540459,1.0152983787699092,0.9902232777621567,1.0378334804434204,0.9991614654608065,1.3996865938694032e-05,0.9991835688702327,0.9990198383708513,0.9993396559110233,-7257486.702132282,256875.53022599613,-5993703.767992778,-9164083.750037923,-4157437.303572301,0.00041936253112429564,7.001701287287867e-06,0.0004082989193045567,0.00033022656928196475,0.000490200963068319,355.61055193756096,2.0500214611397163,356.117470919272,333.3884194695428,379.78341195207315,898062.9749215472,10916.971931520186,874771.6837484268,755700.2152939475,1015747.1093341854
500,1000,300,53,0.1584893192461114,393559.4666615561,17.071635006991244,0.9999788220572078,10.0,131.77044300762265,814.1684814475695,0.825683480408096,0.07336688138691315,0.9266331186130868,1.0133202408641495,0.9998437574376168,-163817197.84850585,7.812433289736145e-05,179.52275541017698,2297910.890913222,0.07390801649977786,0.0012549642329249308,0.06991661554773555,0.05965276260644015,0.08542856920192791,0.9260919835002221,0.0012549642329249308,0.9300833844522645,0.9145714307980721,0.9403472373935599,1.038153061605333,0.006646819367916916,1.0267664523574047,0.9544106394852949,1.0992141340156918,0.9998194389707175,5.4176001254048436e-06,0.9998373317614024,0.99977450136637,0.9998860483969758,-245725958.47047424,15660142.08900072,-151133274.4985716,-308056330.52739286,-78639026.33701074,9.028568765120516e-05,2.7091535512235515e-06,8.133742721679646e-05,5.697742483044731e-05,0.00011275567379914188,178.70132702505262,2.4865653739655786,179.17014615843806,149.19839352612132,206.43855296703785,2269876.970207384,40815.086435960344,2184539.577241689,1774268.3229541264,2693482.596091128
500,1000,300,54,0.19952623149688828,495336.83651225606,17.06234163089281,0.9999788220572078,0.01,4.166947281934958,13.89495494373136,0.0172429539022601,0.0017323904286502087,0.9982676095713497,1.0039285475299866,0.986948713991065,-23024.0159711102,0.00654707510065434,564.1531040625061,86168.72349701969,0.0017425644295476616,9.936894341556766e-06,0.0017405009446240073,0.001621031762379302,0.0018419052686104666,0.9982574355704522,9.936894341556896e-06,0.9982594990553759,0.9981580947313895,0.9983789682376207,1.003988339796219,0.00019877794775857312,1.0040302247942368,1.001622584344185,1.006052016989727,0.9868982041887584,8.407893600036638e-05,0.9870117010016758,0.9859519760065151,0.9878508638759116,-23709.104644219013,310.35250615658765,-23250.10330609782,-26606.888004742057,-19842.549236626302,0.00657276633292501,4.232369850720115e-05,0.006515374552572836,0.006093131186967636,0.00704885519103226,563.5959424684538,0.46592430429737874,563.5908345603334,557.9985063604643,568.9666221337345,86702.75156483124,504.1974368483545,86444.40691549535,80639.47296007258,91758.00621303459
500,1000,300,54,0.19952623149688828,495336.83651225606,17.06234163089281,0.9999788220572078,0.1,13.177044300762265,45.4090961097247,0.050754932866304316,0.0069138496225505065,0.9930861503774495,1.0074044625401182,0.9971149234681236,-478478.5336139207,0.0014435802278754174,483.6879478755958,335061.35546582076,0.006965740173770714,5.799345275241111e-05,0.006930418758363057,0.006315346526730577,0.007556730418561563,0.9930342598262293,5.799345275241112e-05,0.9930695812416369,0.9924432695814385,0.9936846534732694,1.0072437749259906,0.000639393501114878,1.007503366381055,0.9994649139163626,1.014703151971841,0.9970631477657161,3.042664468186064e-05,0.9971097421684303,0.9967474528547287,0.9974504328856992,-507774.2011683632,10685.845361057245,-476761.04484840576,-613004.3410874528,-376261.3705229271,0.0014695405991523576,1.523664483799904e-05,0.0014461746264615024,0.0012755971311728123,0.0016275981104471114,483.6003914659896,1.1669092222937993,483.87096001965347,470.58043307761596,497.4727367995527,337589.6252961333,2828.198865426379,337470.18715086073,303175.76938882424,367587.17562866
500,1000,300,54,0.19952623149688828,495336.83651225606,17.06234163089281,0.9999788220572078,1.0,41.66947281934957,159.79803278525839,0.16764144772125703,0.024717040393526235,0.9752829596064738,1.0099899718624963,0.9993789477293022,-10360934.94555609,0.0003105743635665392,354.7240037597285,1142154.8117693572,0.024657747048849637,0.000282696748971929,0.023873450757470105,0.02113773512072742,0.02835869601473623,0.9753422529511503,0.0002826967489719288,0.97612654924253,0.9716413039852638,0.9788622648792726,1.0137356955477275,0.001952084893540459,1.0152983787699092,0.9902232777621567,1.0378334804434204,0.9993338155035997,1.1122196101395899e-05,0.9993513656845212,0.9992212777182712,0.9994753984174062,-11501926.77844703,407124.4047092525,-9498258.720581397,-14523087.034441117,-6588510.900194768,0.00033315237029100134,5.563161128595501e-06,0.0003243697658768268,0.00026233520117582637,0.0003894369714428713,355.61055193756096,2.0500214611397163,356.117470919272,333.3884194695428,379.78341195207315,1130476.3662552584,13744.461451168443,1101162.219750395,951236.1040497712,1278663.6689864802
500,1000,300,54,0.19952623149688828,495336.83651225606,17.06234163089281,0.9999788220572078,10.0,131.77044300762265,814.1684814475695,0.825683480408096,0.07336688138691315,0.9266331186130868,1.0133202408641495,0.9998758920854541,-259645129.27812144,6.205588273917658e-05,179.52275541017698,2892920.8237149487,0.07390801649977786,0.0012549642329249308,0.06991661554773555,0.05965276260644015,0.08542856920192791,0.9260919835002221,0.0012549642329249308,0.9300833844522645,0.9145714307980721,0.9403472373935599,1.038153061605333,0.006646819367916916,1.0267664523574047,0.9544106394852949,1.0992141340156918,0.9998565732574372,4.303671729221857e-06,0.9998707888916507,0.9998208766782395,0.9999094855776183,-389470048.5740941,24821060.10120831,-239545294.72286725,-488259415.3259915,-124638398.72797775,7.171663530733577e-05,2.1520589229120097e-06,6.460764126681967e-05,4.525823541086805e-05,8.95656719247835e-05,178.70132702505262,2.4865653739655786,179.17014615843806,149.19839352612132,206.43855296703785,2857630.2770247078,51385.23712122843,2750193.0303933583,2233638.550704689,3390937.259897321
500,1000,300,55,0.25118864315095824,623469.504928499,17.054648336279662,0.9999788220572078,0.01,4.166947281934958,13.89495494373136,0.0172429539022601,0.0017323904286502087,0.9982676095713497,1.0039285475299866,0.9896114996347624,-36487.35903426646,0.005207810829436399,564.1531040625061,108328.2635524532,0.0017425644295476616,9.936894341556766e-06,0.0017405009446240073,0.001621031762379302,0.0018419052686104666,0.9982574355704522,9.936894341556896e-06,0.9982594990553759,0.9981580947313895,0.9983789682376207,1.003988339796219,0.00019877794775857312,1.0040302247942368,1.001622584344185,1.006052016989727,0.9895708940372583,6.707624666581888e-05,0.9896610505167013,0.9888167533358825,0.9903309754232132,-37572.997733913224,491.894451381586,-36840.71527746229,-42165.52790979951,-31447.65681723428,0.005228390987274693,3.371826475180852e-05,0.005182905999234865,0.00484625538466217,0.00560734449735757,563.5959424684538,0.46592430429737874,563.5908345603334,557.9985063604643,568.9666221337345,109000.39982391614,634.8849841787433,108678.85953102895,101358.98212188447,115368.09742056798
500,1000,300,55,0.25118864315095824,623469.504928499,17.054648336279662,0.9999788220572078,0.1,13.177044300762265,45.4090961097247,0.050754932866304316,0.0069138496225505065,0.9930861503774495,1.0074044625401182,0.9977071961622092,-758281.42685428,0.0011470597919785571,483.6879478755958,421676.3164902547,0.006965740173770714,5.799345275241111e-05,0.006930418758363057,0.006315346526730577,0.007556730418561563,0.9930342598262293,5.799345275241112e-05,0.9930695812416369,0.9924432695814385,0.9936846534732694,1.0072437749259906,0.000639393501114878,1.007503366381055,0.9994649139163626,1.014703151971841,0.9976659894438327,2.4194971194762807e-05,0.9977030455593331,0.9974150265908912,0.9979739727685794,-804718.1263437641,16936.388712771422,-755539.0809214672,-971511.4520625086,-596294.9742408502,0.0011677089827397595,1.2112218296035657e-05,0.0011491374789018615,0.0010135272344388344,0.0012933230468085667,483.6003914659896,1.1669092222937993,483.87096001965347,470.58043307761596,497.4727367995527,424860.0828661223,3560.966271496926,424721.21656260104,381508.9080370907,462624.4606424145
500,1000,300,55,0.25118864315095824,623469.504928499,17.054648336279662,0.9999788220572078,1.0,41.66947281934957,159.79803278525839,0.16764144772125703,0.024717040393526235,0.9752829596064738,1.0099899718624963,0.999506633709486,-16420997.962717215,0.00024671357905208755,354.7240037597285,1437796.8376229391,0.024657747048849637,0.000282696748971929,0.023873450757470105,0.02113773512072742,0.02835869601473623,0.9753422529511503,0.0002826967489719288,0.97612654924253,0.9716413039852638,0.9788622648792726,1.0137356955477275,0.001952084893540459,1.0152983787699092,0.9902232777621567,1.0378334804434204,0.999470768513784,8.837139410945912e-06,0.9994847002135806,0.999381353803332,0.9995832531995217,-18229450.89819549,645279.5956667232,-15052577.849852104,-23016743.975801732,-10441722.509724528,0.00026465368441673396,4.41987183561959e-06,0.00025768309366656016,0.00020839511450106943,0.00030937095352810787,355.61055193756096,2.0500214611397163,356.117470919272,333.3884194695428,379.78341195207315,1423092.0218173654,17304.412276866446,1386197.847366238,1197421.498539406,1609694.736649753
500,1000,300,55,0.25118864315095824,623469.504928499,17.054648336279662,0.9999788220572078,10.0,131.77044300762265,814.1684814475695,0.825683480408096,0.07336688138691315,0.9266331186130868,1.0133202408641495,0.9999014193338946,-411540206.4776126,4.929154788102592e-05,179.52275541017698,3642059.6050967537,0.07390801649977786,0.0012549642329249308,0.06991661554773555,0.05965276260644015,0.08542856920192791,0.9260919835002221,0.0012549642329249308,0.9300833844522645,0.9145714307980721,0.9403472373935599,1.038153061605333,0.006646819367916916,1.0267664523574047,0.9544106394852949,1.0992141340156918,0.9998860728614329,3.418678599535124e-06,0.9998973666317614,0.9998577172586798,0.9999281034472133,-617317647.9685695,39341969.76577449,-379688471.10955256,-773895048.4029531,-197549358.71708587,5.6965628712099446e-05,1.7094800471204911e-06,5.131800089938811e-05,3.594892259755235e-05,7.114390141235836e-05,178.70132702505262,2.4865653739655786,179.17014615843806,149.19839352612132,206.43855296703785,3597634.3228244456,64693.47745484685,3462368.620984302,2811981.9852125756,4269060.286474222
500,1000,300,56,0.31622776601683794,784783.2834391532,17.048122090944727,0.9999788220572078,0.01,4.166947281934958,13.89495494373136,0.0172429539022601,0.0017323904286502087,0.9982676095713497,1.0039285475299866,0.9917349044959651,-57829.84079154964,0.004141122198549141,564.1531040625061,136231.93835240105,0.0017425644295476616,9.936894341556766e-06,0.0017405009446240073,0.001621031762379302,0.0018419052686104666,0.9982574355704522,9.936894341556896e-06,0.9982594990553759,0.9981580947313895,0.9983789682376207,1.003988339796219,0.00019877794775857312,1.0040302247942368,1.001622584344185,1.006052016989727,0.9917023374500921,5.3461835580301885e-05,0.9917738165075263,0.9911018004604064,0.9923081820279238,-59550.33724688254,779.6978053293756,-58381.68101346916,-66829.31933684566,-49845.6563849309,0.004157581755543317,2.6844973285453272e-05,0.00412158547979212,0.0038533330742934555,0.004459041300201209,563.5959424684538,0.46592430429737874,563.5908345603334,557.9985063604643,568.9666221337345,137077.87087444167,799.4468278731031,136676.2810007474,127446.90508815767,145097.1399769341
500,1000,300,56,0.31622776601683794,784783.2834391532,17.048122090944727,0.9999788220572078,0.1,13.177044300762265,45.4090961097247,0.050754932866304316,0.0069138496225505065,0.9930861503774495,1.0074044625401182,0.9981781194057312,-1201799.3609640049,0.0009113555816324335,483.6879478755958,530734.6085588315,0.006965740173770714,5.799345275241111e-05,0.006930418758363057,0.006315346526730577,0.007556730418561563,0.9930342598262293,5.799345275241112e-05,0.9930695812416369,0.9924432695814385,0.9936846534732694,1.0072437749259906,0.000639393501114878,1.007503366381055,0.9994649139163626,1.014703151971841,0.9981453388737873,1.923482558266454e-05,0.9981747857923473,0.9979458865155071,0.9983902008530043,-1275411.2375366355,26844.803672844802,-1197407.896354245,-1539809.0243824166,-945085.8698419912,0.000927774800860886,9.626716588612571e-06,0.0009130239102164918,0.0008052237661551084,0.0010275847074126914,483.6003914659896,1.1669092222937993,483.87096001965347,470.58043307761596,497.4727367995527,534744.0412855095,4483.629048386113,534584.3005787802,480131.07434832945,582285.4429178145
500,1000,300,56,0.31622776601683794,784783.2834391532,17.048122090944727,0.9999788220572078,1.0,41.66947281934957,159.79803278525839,0.16764144772125703,0.024717040393526235,0.9752829596064738,1.0099899718624963,0.9996080852177663,-26026833.28041899,0.00019597659452966082,354.7240037597285,1810032.4919465901,0.024657747048849637,0.000282696748971929,0.023873450757470105,0.02113773512072742,0.02835869601473623,0.9753422529511503,0.0002826967489719288,0.97612654924253,0.9716413039852638,0.9788622648792726,1.0137356955477275,0.001952084893540459,1.0152983787699092,0.9902232777621567,1.0378334804434204,0.9995795870248196,7.021011451632717e-06,0.9995906434789752,0.9995085502752015,0.9996689452983581,-28893318.024029173,1022794.3297918492,-23855937.75903114,-36479154.58345534,-16549373.89457757,0.00021023042925535912,3.5113274875289543e-06,0.00020469921150321249,0.000165541052741035,0.00024575506017449707,355.61055193756096,2.0500214611397163,356.117470919272,333.3884194695428,379.78341195207315,1791516.3668666347,21786.72784290691,1745082.8012702072,1507385.8644412316,2026503.3874431895
500,1000,300,56,0.31622776601683794,784783.2834391532,17.048122090944727,0.9999788220572078,10.0,131.77044300762265,814.1684814475695,0.825683480408096,0.07336688138691315,0.9266331186130868,1.0133202408641495,0.9999216976213168,-652317558.6548978,3.9151955779401626e-05,179.52275541017698,4585281.93129566,0.07390801649977786,0.0012549642329249308,0.06991661554773555,0.05965276260644015,0.08542856920192791,0.9260919835002221,0.0012549642329249308,0.9300833844522645,0.9145714307980721,0.9403472373935599,1.038153061605333,0.006646819367916916,1.0267664523574047,0.9544106394852949,1.0992141340156918,0.9999095071678024,2.7155915521421827e-06,0.9999184793445156,0.9998869830891618,0.9999428929240934,-978494308.1984333,62360022.995264664,-601842548.4040091,-1226670242.449516,-313120998.2083039,4.524771543238105e-05,1.3578845816653563e-06,4.076115848546589e-05,2.8553945643398062e-05,5.651005212771766e-05,178.70132702505262,2.4865653739655786,179.17014615843806,149.19839352612132,206.43855296703785,4529357.965232399,81449.58632813799,4359046.773698927,3540127.677969365,5374688.9141026735
500,1000,300,57,0.39810717055349776,987872.8665825479,17.042362058556055,0.9999788220572078,0.01,4.166947281934958,13.89495494373136,0.0172429539022601,0.0017323904286502087,0.9982676095713497,1.0039285475299866,0.9934268930583768,-91668.2428969412,0.003291972010671112,564.1531040625061,171372.38780699598,0.0017425644295476616,9.936894341556766e-06,0.0017405009446240073,0.001621031762379302,0.0018419052686104666,0.9982574355704522,9.936894341556896e-06,0.9982594990553759,0.9981580947313895,0.9983789682376207,1.003988339796219,0.00019877794775857312,1.0040302247942368,1.001622584344185,1.006052016989727,0.99340082101856,4.257804399430921e-05,0.9934573700812497,0.9929229564024584,0.9938833415001689,-94395.07994074574,1236.0311483351097,-92528.52123509758,-105933.0843656747,-79018.0303840815,0.0033051196153700583,2.1361174124339436e-05,0.003276683286098281,0.0030630202967818314,0.0035448046222856366,563.5959424684538,0.46592430429737874,563.5908345603334,557.9985063604643,568.9666221337345,172437.01559649935,1006.6836951447046,171933.97960564247,160296.7440859858,182534.5656726538
500,1000,300,57,0.39810717055349776,987872.8665825479,17.042362058556055,0.9999788220572078,0.1,13.177044300762265,45.4090961097247,0.050754932866304316,0.0069138496225505065,0.9930861503774495,1.0074044625401182,0.9985524892006248,-1904901.5850060582,0.0007240175003580412,483.6879478755958,668061.1278545095,0.006965740173770714,5.799345275241111e-05,0.006930418758363057,0.006315346526730577,0.007556730418561563,0.9930342598262293,5.799345275241112e-05,0.9930695812416369,0.9924432695814385,0.9936846534732694,1.0072437749259906,0.000639393501114878,1.007503366381055,0.9994649139163626,1.014703151971841,0.9985264214801233,1.528834854070581e-05,0.9985498029464672,0.998367944847233,0.998721061004897,-2021602.3113011369,42553.469147310774,-1897844.2193186106,-2440768.07008556,-1498049.125418855,0.0007370696449929432,7.65004813778792e-06,0.0007253616015298222,0.0006396740890218542,0.0008163607988606236,483.6003914659896,1.1669092222937993,483.87096001965347,470.58043307761596,497.4727367995527,673110.7418652673,5645.488736524603,672930.8079566285,604299.9097833154,732960.0206201468
500,1000,300,57,0.39810717055349776,987872.8665825479,17.042362058556055,0.9999788220572078,1.0,41.66947281934957,159.79803278525839,0.16764144772125703,0.024717040393526235,0.9752829596064738,1.0099899718624963,0.9996886894320214,-41254319.10293141,0.00015566740015903233,354.7240037597285,2278730.1862646686,0.024657747048849637,0.000282696748971929,0.023873450757470105,0.02113773512072742,0.02835869601473623,0.9753422529511503,0.0002826967489719288,0.97612654924253,0.9716413039852638,0.9788622648792726,1.0137356955477275,0.001952084893540459,1.0152983787699092,0.9902232777621567,1.0378334804434204,0.9996660469075426,5.577726871638818e-06,0.9996748188112947,0.9996096152818792,0.9997370265012714,-45798090.6237938,1621267.2418704652,-37809768.84135923,-57818215.52647962,-26231312.262590215,0.00016699165254227606,2.7893819863670067e-06,0.00016260381442128132,0.00013149539488375447,0.00019521141280850993,355.61055193756096,2.0500214611397163,356.117470919272,333.3884194695428,379.78341195207315,2255413.6752392165,27430.702742974456,2196975.5229754495,1897671.7836642105,2551348.777567064
500,1000,300,57,0.39810717055349776,987872.8665825479,17.042362058556055,0.9999788220572078,10.0,131.77044300762265,814.1684814475695,0.825683480408096,0.07336688138691315,0.9266331186130868,1.0133202408641495,0.9999378062805718,-1034013988.215294,3.109734323646965e-05,179.52275541017698,5772929.026285444,0.07390801649977786,0.0012549642329249308,0.06991661554773555,0.05965276260644015,0.08542856920192791,0.9260919835002221,0.0012549642329249308,0.9300833844522645,0.9145714307980721,0.9403472373935599,1.038153061605333,0.006646819367916916,1.0267664523574047,0.9544106394852949,1.0992141340156918,0.9999281232112226,2.1570301251598416e-06,0.99993525080124,0.9999102315426374,0.9999546412952565,-1551060882.3567443,98849960.00029612,-954025960.4849263,-1944436751.7702613,-496325475.65179753,3.5939214117944094e-05,1.0785710919014042e-06,3.237512345885162e-05,2.2679609570602698e-05,4.488523603332581e-05,178.70132702505262,2.4865653739655786,179.17014615843806,149.19839352612132,206.43855296703785,5702531.112976367,102547.81609176166,5488078.671098262,4456909.372203366,6766838.975545138
500,1000,300,58,0.5011872336272725,1243561.6416050948,17.036937805025858,0.9999788220572078,0.01,4.166947281934958,13.89495494373136,0.0172429539022601,0.0017323904286502087,0.9982676095713497,1.0039285475299866,0.9947743497216692,-145332.89764963952,0.002616247514694422,564.1531040625061,215634.4538862942,0.0017425644295476616,9.936894341556766e-06,0.0017405009446240073,0.001621031762379302,0.0018419052686104666,0.9982574355704522,9.936894341556896e-06,0.9982594990553759,0.9981580947313895,0.9983789682376207,1.003988339796219,0.00019877794775857312,1.0040302247942368,1.001622584344185,1.006052016989727,0.9947535069945854,3.3887982160638405e-05,0.9947981213466233,0.9943735232645383,0.995137545972613,-149655.22756895408,1959.7640940277058,-146669.48721402267,-167946.8046006915,-125287.98027243413,0.0026267395356568855,1.6989600519593006e-05,0.002604330595625203,0.0024341896534257564,0.002817206696785356,563.5959424684538,0.46592430429737874,563.5908345603334,557.9985063604643,568.9666221337345,216974.25919091672,1267.707126221512,216342.61572898293,201666.87282770348,229687.03564657117
500,1000,300,58,0.5011872336272725,1243561.6416050948,17.036937805025858,0.9999788220572078,0.1,13.177044300762265,45.4090961097247,0.050754932866304316,0.0069138496225505065,0.9930861503774495,1.0074044625401182,0.9988500673563855,-3019712.0568870716,0.000575131710049179,483.6879478755958,841003.7899566276,0.006965740173770714,5.799345275241111e-05,0.006930418758363057,0.006315346526730577,0.007556730418561563,0.9930342598262293,5.799345275241112e-05,0.9930695812416369,0.9924432695814385,0.9936846534732694,1.0072437749259906,0.000639393501114878,1.007503366381055,0.9994649139163626,1.014703151971841,0.9988293444230688,1.2149319765972515e-05,0.99884789286916,0.9987034563523265,0.9989840362508134,-3204748.970913127,67462.30188776372,-3008315.395766761,-3869379.3210120723,-2374873.055832035,0.0005855047198631743,6.078367355634878e-06,0.0005762195799445377,0.0005081109629686829,0.0006484820883462915,483.6003914659896,1.1669092222937993,483.87096001965347,470.58043307761596,497.4727367995527,847364.1779320335,7108.7534212810415,847169.7983695015,760644.0136122386,922708.3807549747
500,1000,300,58,0.5011872336272725,1243561.6416050948,17.036937805025858,0.9999788220572078,1.0,41.66947281934957,159.79803278525839,0.16764144772125703,0.024717040393526235,0.9752829596064738,1.0099899718624963,0.9997527296636705,-65396551.117565095,0.0001236428119372558,354.7240037597285,2868941.576156792,0.024657747048849637,0.000282696748971929,0.023873450757470105,0.02113773512072742,0.02835869601473623,0.9753422529511503,0.0002826967489719288,0.97612654924253,0.9716413039852638,0.9788622648792726,1.0137356955477275,0.001952084893540459,1.0152983787699092,0.9902232777621567,1.0378334804434204,0.9997347410408027,4.430814363669914e-06,0.9997416975690682,0.9996899155665683,0.9997911153717742,-72599671.42116784,2570155.4057615623,-59929622.56359632,-91645455.8997292,-41581297.72257809,0.00013263901011931672,2.215734359927919e-06,0.0001291595566052245,0.00010444776878105907,0.00015505423762430214,355.61055193756096,2.0500214611397163,356.117470919272,333.3884194695428,379.78341195207315,2839577.778529818,34538.07854243473,2766033.8555194223,2389135.4031900056,3212303.2019547434
500,1000,300,58,0.5011872336272725,1243561.6416050948,17.036937805025858,0.9999788220572078,10.0,131.77044300762265,814.1684814475695,0.825683480408096,0.07336688138691315,0.9266331186130868,1.0133202408641495,0.9999506029228071,-1639174939.5079758,2.4698843612920737e-05,179.52275541017698,7268468.039380719,0.07390801649977786,0.0012549642329249308,0.06991661554773555,0.05965276260644015,0.08542856920192791,0.9260919835002221,0.0012549642329249308,0.9300833844522645,0.9145714307980721,0.9403472373935599,1.038153061605333,0.006646819367916916,1.0267664523574047,0.9544106394852949,1.0992141340156918,0.9999429119179692,1.7132840254841648e-06,0.9999485739274356,0.9999287001111438,0.9999639740971104,-2458846843.280252,156703030.41580823,-1512414212.0892491,-3082415162.2621393,-786770848.0793858,2.854455812876707e-05,8.566773601059208e-07,2.5713366873598168e-05,1.80131136913627e-05,3.5650579916106813e-05,178.70132702505262,2.4865653739655786,179.17014615843806,149.19839352612132,206.43855296703785,7179851.964931666,129115.48002582582,6909786.224887233,5611266.055406721,8519920.811228735
500,1000,300,59,0.6309573444801942,1565483.9940734773,17.031243998137356,0.9999788220572078,0.01,4.166947281934958,13.89495494373136,0.0172429539022601,0.0017323904286502087,0.9982676095713497,1.0039285475299866,0.9958470585515825,-230481.4238811918,0.0020786310777875226,564.1531040625061,271406.07589827146,0.0017425644295476616,9.936894341556766e-06,0.0017405009446240073,0.001621031762379302,0.0018419052686104666,0.9982574355704522,9.936894341556896e-06,0.9982594990553759,0.9981580947313895,0.9983789682376207,1.003988339796219,0.00019877794775857312,1.0040302247942368,1.001622584344185,1.006052016989727,0.9958304142861902,2.695556074756277e-05,0.9958654651404184,0.9955282289263924,0.9961358799774769,-237334.24234495207,3108.1374825816147,-232544.61234897038,-266339.42389763665,-198691.94973133144,0.002086997910024072,1.3506589741306666e-05,0.002069408655883808,0.0019339300540292203,0.0022383907346434015,563.5959424684538,0.46592430429737874,563.5908345603334,557.9985063604643,568.9666221337345,273092.1065272905,1596.5903263585844,272297.44241807243,253781.92496881803,289095.97001218033
500,1000,300,59,0.6309573444801942,1565483.9940734773,17.031243998137356,0.9999788220572078,0.1,13.177044300762265,45.4090961097247,0.050754932866304316,0.0069138496225505065,0.9930861503774495,1.0074044625401182,0.9990866005583295,-4787878.723795304,0.00045680405580790035,483.6879478755958,1058852.130855425,0.006965740173770714,5.799345275241111e-05,0.006930418758363057,0.006315346526730577,0.007556730418561563,0.9930342598262293,5.799345275241112e-05,0.9930695812416369,0.9924432695814385,0.9936846534732694,1.0072437749259906,0.000639393501114878,1.007503366381055,0.9994649139163626,1.014703151971841,0.9990701315280491,9.652981731581435e-06,0.9990848276269806,0.9989701679620868,0.9991930541365847,-5081336.580780769,106973.22956955731,-4769335.0119632725,-6135433.441303315,-3765788.16792951,0.00046504585578090895,4.828830270241538e-06,0.00045769092701521006,0.0004035543597683412,0.0005150486565158653,483.6003914659896,1.1669092222937993,483.87096001965347,470.58043307761596,497.4727367995527,1066865.0962475392,8952.109106555177,1066674.4305688338,957530.1413893857,1161719.7575474293
500,1000,300,59,0.6309573444801942,1565483.9940734773,17.031243998137356,0.9999788220572078,1.0,41.66947281934957,159.79803278525839,0.16764144772125703,0.024717040393526235,0.9752829596064738,1.0099899718624963,0.9998036121523578,-103681869.53631335,9.8198745317896e-05,354.7240037597285,3612306.884486055,0.024657747048849637,0.000282696748971929,0.023873450757470105,0.02113773512072742,0.02835869601473623,0.9753422529511503,0.0002826967489719288,0.97612654924253,0.9716413039852638,0.9788622648792726,1.0137356955477275,0.001952084893540459,1.0152983787699092,0.9902232777621567,1.0378334804434204,0.9997893221475904,3.519416736735234e-06,0.9997948354803123,0.9997537198025058,0.9998340888633709,-115102510.63609782,4075026.7127834754,-95001131.55911064,-145278324.92080596,-65923546.38534178,0.00010534493802912477,1.7599147662300292e-06,0.00010258752197180859,8.295900941320385e-05,0.0001231476814229505,355.61055193756096,2.0500214611397163,356.117470919272,333.3884194695428,379.78341195207315,3575322.2474449934,43489.994490845675,3482772.171600166,3008112.4632795407,4044835.802731929
500,1000,300,59,0.6309573444801942,1565483.9940734773,17.031243998137356,0.9999788220572078,10.0,131.77044300762265,814.1684814475695,0.825683480408096,0.07336688138691315,0.9266331186130868,1.0133202408641495,0.9999607691727297,-2598839754.164313,1.961560602113056e-05,179.52275541017698,9152037.169628575,0.07390801649977786,0.0012549642329249308,0.06991661554773555,0.05965276260644015,0.08542856920192791,0.9260919835002221,0.0012549642329249308,0.9300833844522645,0.9145714307980721,0.9403472373935599,1.038153061605333,0.006646819367916916,1.0267664523574047,0.9544106394852949,1.0992141340156918,0.9999546609179091,1.3607344116509187e-06,0.9999591584237134,0.99994337233254,0.9999713885924238,-3898434616.2954574,248445840.4497941,-2397944228.4374375,-4887049685.181339,-1247320156.5357275,2.266986721491149e-05,6.803895027613859e-07,2.042099665355577e-05,1.4305806122638256e-05,2.8314234581658233e-05,178.70132702505262,2.4865653739655786,179.17014615843806,149.19839352612132,206.43855296703785,9040492.226601021,162575.68473330213,8700320.013686985,7064941.1458957335,10727908.753521712
500,1000,300,60,0.7943282347242822,1970834.8348751427,17.023937233865084,0.9999788220572078,0.01,4.166947281934958,13.89495494373136,0.0172429539022601,0.0017323904286502087,0.9982676095713497,1.0039285475299866,0.9967011485823605,-365747.2152959636,0.0016507882597590333,564.1531040625061,341747.7079373317,0.0017425644295476616,9.936894341556766e-06,0.0017405009446240073,0.001621031762379302,0.0018419052686104666,0.9982574355704522,9.936894341556896e-06,0.9982594990553759,0.9981580947313895,0.9983789682376207,1.003988339796219,0.00019877794775857312,1.0040302247942368,1.001622584344185,1.006052016989727,0.9966878673926829,2.1426862195821314e-05,0.9967151719775902,0.9964475719255371,0.9969306591949243,-376617.30477856635,4932.507969635103,-368884.5289244288,-422635.94719777285,-315275.7660086215,0.0016574571032186027,1.0731610402854699e-05,0.0016437649928845643,0.0015358498198820613,0.0017777943141967917,563.5959424684538,0.46592430429737874,563.5908345603334,557.9985063604643,568.9666221337345,343869.341625824,2011.3553334992935,342868.5454012489,319543.3076316482,364016.1562755517
500,1000,300,60,0.7943282347242822,1970834.8348751427,17.023937233865084,0.9999788220572078,0.1,13.177044300762265,45.4090961097247,0.050754932866304316,0.0069138496225505065,0.9930861503774495,1.0074044625401182,0.999274658655647,-7594556.0834775055,0.00036273646104655955,483.6879478755958,1333441.7678335109,0.006965740173770714,5.799345275241111e-05,0.006930418758363057,0.006315346526730577,0.007556730418561563,0.9930342598262293,5.799345275241112e-05,0.9930695812416369,0.9924432695814385,0.9936846534732694,1.0072437749259906,0.000639393501114878,1.007503366381055,0.9994649139163626,1.014703151971841,0.9992615750525482,7.667597227761745e-06,0.9992731921547725,0.9991822570014988,0.9993592312042576,-8060207.006058792,169700.65324246074,-7563925.2922084145,-9732842.433428355,-5974386.837557393,0.0003692828576848259,3.835274077975108e-06,0.00036346997783331275,0.0003204357374021657,0.00040895512139628264,483.6003914659896,1.1669092222937993,483.87096001965347,470.58043307761596,497.4727367995527,1343540.8181796006,11275.946533574479,1343408.5405160943,1205573.8304671464,1463037.8847422248
500,1000,300,60,0.7943282347242822,1970834.8348751427,17.023937233865084,0.9999788220572078,1.0,41.66947281934957,159.79803278525839,0.16764144772125703,0.024717040393526235,0.9752829596064738,1.0099899718624963,0.9998440500437089,-164432581.25280502,7.797801843120972e-05,354.7240037597285,4549025.621530217,0.024657747048849637,0.000282696748971929,0.023873450757470105,0.02113773512072742,0.02835869601473623,0.9753422529511503,0.0002826967489719288,0.97612654924253,0.9716413039852638,0.9788622648792726,1.0137356955477275,0.001952084893540459,1.0152983787699092,0.9902232777621567,1.0378334804434204,0.9998326998026209,2.795041436579023e-06,0.9998370638357617,0.9998044328774348,0.9998682368796641,-182546323.21162587,6463218.730739795,-150635061.54892266,-230349042.07566798,-104554058.09859414,8.365388971368614e-05,1.3976508810327245e-06,8.147140093210981e-05,6.588373050094297e-05,9.778834256257928e-05,355.61055193756096,2.0500214611397163,356.117470919272,333.3884194695428,379.78341195207315,4502428.279010703,54770.79637740948,4385968.58376199,3788042.468323207,5094052.569447819
500,1000,300,60,0.7943282347242822,1970834.8348751427,17.023937233865084,0.9999788220572078,10.0,131.77044300762265,814.1684814475695,0.825683480408096,0.07336688138691315,0.9266331186130868,1.0133202408641495,0.9999688476236205,-4121519266.731291,1.5576309500443508e-05,179.52275541017698,11525371.61675334,0.07390801649977786,0.0012549642329249308,0.06991661554773555,0.05965276260644015,0.08542856920192791,0.9260919835002221,0.0012549642329249308,0.9300833844522645,0.9145714307980721,0.9403472373935599,1.038153061605333,0.006646819367916916,1.0267664523574047,0.9544106394852949,1.0992141340156918,0.9999639972448965,1.0805775341110696e-06,0.9999675692572221,0.9999550309646403,0.9999772807188085,-6182643677.143981,394007674.3152464,-3803078343.749761,-7750662823.903975,-1977950085.0251698,1.8001583223353292e-05,5.403028281455784e-07,1.6215502861205367e-05,1.1359705121301125e-05,2.2484770464574685e-05,178.70132702505262,2.4865653739655786,179.17014615843806,149.19839352612132,206.43855296703785,11384975.462608455,204733.77224153673,10956292.887203626,8896145.429031681,13510171.352386411
500,1000,300,61,1.0,2481765.0005101794,16.999864204809853,0.9999788220572078,0.01,4.166947281934958,13.89495494373136,0.0172429539022601,0.0017323904286502087,0.9982676095713497,1.0039285475299866,0.9973864746232622,-583312.390675306,0.0013076176202893007,564.1531040625061,431435.83820604335,0.0017425644295476616,9.936894341556766e-06,0.0017405009446240073,0.001621031762379302,0.0018419052686104666,0.9982574355704522,9.936894341556896e-06,0.9982594990553759,0.9981580947313895,0.9983789682376207,1.003988339796219,0.00019877794775857312,1.0040302247942368,1.001622584344185,1.006052016989727,0.9973758809312115,1.698408855829427e-05,0.9973971160749815,0.997184834401206,0.9975678598566533,-600627.982531839,7867.507109300757,-588101.1681205619,-673745.712615239,-502591.4241750192,0.0013129322400833683,8.503454160539196e-06,0.0013022899420852083,0.001216810385445277,0.0014085748410350672,563.5959424684538,0.46592430429737874,563.5908345603334,557.9985063604643,568.9666221337345,434106.5595460229,2539.89680425472,433031.4028479534,403457.33224183065,459502.31525781844
500,1000,300,61,1.0,2481765.0005101794,16.999864204809853,0.9999788220572078,0.1,13.177044300762265,45.4090961097247,0.050754932866304316,0.0069138496225505065,0.9930861503774495,1.0074044625401182,0.9994249742555774,-12086781.832094267,0.00028755421592480997,483.6879478755958,1682075.6611757386,0.006965740173770714,5.799345275241111e-05,0.006930418758363057,0.006315346526730577,0.007556730418561563,0.9930342598262293,5.799345275241112e-05,0.9930695812416369,0.9924432695814385,0.9936846534732694,1.0072437749259906,0.000639393501114878,1.007503366381055,0.9994649139163626,1.014703151971841,0.9994145964863541,6.081873186340136e-06,0.9994236873564096,0.9993519345032205,0.999492076916173,-12828751.85647111,270188.2631011136,-12032840.032538153,-15492914.019115828,-9514804.459552575,0.00029274599024464146,3.041864305438327e-06,0.00028819785079633575,0.0002539937983385134,0.00032408526401988603,483.6003914659896,1.1669092222937993,483.87096001965347,470.58043307761596,497.4727367995527,1694841.5129060387,14229.263876421377,1695206.369136888,1519624.7066966158,1846142.072759536
500,1000,300,61,1.0,2481765.0005101794,16.999864204809853,0.9999788220572078,1.0,41.66947281934957,159.79803278525839,0.16764144772125703,0.024717040393526235,0.9752829596064738,1.0099899718624963,0.9998763192269021,-261441804.12164187,6.184229878396921e-05,354.7240037597285,5735944.664652087,0.024657747048849637,0.000282696748971929,0.023873450757470105,0.02113773512072742,0.02835869601473623,0.9753422529511503,0.0002826967489719288,0.97612654924253,0.9716413039852638,0.9788622648792726,1.0137356955477275,0.001952084893540459,1.0152983787699092,0.9902232777621567,1.0378334804434204,0.9998673127250144,2.217212900817627e-06,0.9998707379612536,0.9998449394342086,0.9998954511204617,-290251217.65757805,10279116.037856491,-239354731.45861423,-365892197.52529615,-166324511.28397465,6.634602215394773e-05,1.1086883377051922e-06,6.463310810573033e-05,5.22758061490976e-05,7.753328860122493e-05,355.61055193756096,2.0500214611397163,356.117470919272,333.3884194695428,379.78341195207315,5677103.430426947,69066.22839912852,5531024.760719223,4775852.540654375,6421700.306879202
500,1000,300,61,1.0,2481765.0005101794,16.999864204809853,0.9999788220572078,10.0,131.77044300762265,814.1684814475695,0.825683480408096,0.07336688138691315,0.9266331186130868,1.0133202408641495,0.9999752908705765,-6551322912.080211,1.2354641030381041e-05,179.52275541017698,14530794.943270007,0.07390801649977786,0.0012549642329249308,0.06991661554773555,0.05965276260644015,0.08542856920192791,0.9260919835002221,0.0012549642329249308,0.9300833844522645,0.9145714307980721,0.9403472373935599,1.038153061605333,0.006646819367916916,1.0267664523574047,0.9544106394852949,1.0992141340156918,0.9999714446280236,8.571425150288306e-07,0.9999742780350299,0.9999643252645132,0.9999819800246454,-9827885311.368786,626210216.5031271,-6045653692.467213,-12320241442.10757,-3142861719.048529,1.4277815376489382e-05,4.2858010631461033e-07,1.28610651890147e-05,9.010028269962057e-06,1.7837526833326156e-05,178.70132702505262,2.4865653739655786,179.17014615843806,149.19839352612132,206.43855296703785,14354176.214910768,258090.67222511143,13811806.963738423,11211571.14599041,17034902.395770006
