p,n,gamma,n_trials,n_surrogate,map_index,theta,low_fraction,noise_signal_ratio,sigma,de_alpha_cv,de_kappa,trace_g,trace_g2,effective_rank_g,max_weight_fraction_g,de_denominator_cv,mc_denominator_cv,de_gen_error_normalized,de_r2_gen,mc_gen_error_normalized,mc_gen_error_normalized_se,mc_r2_gen,mc_r2_gen_se,de_acc_error_normalized,de_r2_acc,de_slope_acc,gaussian_acc_error_normalized,gaussian_r2_acc_median,gaussian_slope_acc,mc_acc_error_normalized,mc_acc_error_normalized_se,mc_r2_acc_median,mc_r2_acc_q25,mc_r2_acc_q75,mc_r2_acc_median_ci_low,mc_r2_acc_median_ci_high,mc_slope_acc,mc_slope_acc_se,mc_moment_acc_error_normalized,mc_moment_r2_acc,mc_moment_slope_acc
16,1000,0.016,2000,100000,0,0.0,0.0,0.01,4.166947281934958,0.1584893192461114,0.00016106595959050997,10883.525845888817,8486638.007005803,13.95736859995057,0.08019327189449586,0.0823844239333659,0.08331072003338083,0.00016257476372473142,0.9998374252362753,0.00016357965745708046,1.3109550495503064e-06,0.9998364203425429,1.3109550495503081e-06,0.047137099032664116,0.9230936418645139,0.7828892010224638,0.04889658191277774,0.929988969938116,0.7878069851233869,0.04929166640299892,0.0006354223251027983,0.9278785605973304,0.8859001899046106,0.9592852415424495,nan,nan,0.7870350651549279,0.0014034907758498092,0.04759072512528787,0.9221463895191779,0.7818470144020764
16,1000,0.016,2000,100000,1,0.039269908169872414,0.001541333133436012,0.01,4.166947281934958,0.1584893192461114,0.00016106595959050997,11323.230094226932,8687628.004642347,14.758405827032743,0.07707920267160502,0.08262556786063369,0.08373489978104447,0.00016257476372473142,0.9998374252362753,0.00016357965745708046,1.3109550495503064e-06,0.9998364203425429,1.3109550495503081e-06,0.05014110574533603,0.9167501860801522,0.7760779025077337,0.05181592585540674,0.9238254550574336,0.7809549848514491,0.052322052898276114,0.0006511699351623559,0.9219672794246283,0.8767674865918174,0.9551401075030113,nan,nan,0.7800065314706262,0.0014012298433457256,0.05071514017982095,0.915519075954339,0.7747997775759958
16,1000,0.016,2000,100000,2,0.07853981633974483,0.0061558297024311365,0.01,4.166947281934958,0.1584893192461114,0.00016106595959050997,12639.631916333772,11601100.058327217,13.77113326987712,0.13962473798877267,0.09301448554394934,0.09469303709477538,0.00016257476372473142,0.9998374252362753,0.00016357965745708046,1.3109550495503064e-06,0.9998364203425429,1.3109550495503081e-06,0.05935237330358679,0.8962562483206709,0.7563765748053222,0.06103869146130173,0.9062355127317838,0.7622878491359448,0.06188413302679046,0.0007755808044772722,0.904660967004036,0.8414787875508317,0.9460648634361807,nan,nan,0.7608806977017147,0.0015343478286280099,0.0602991884468015,0.8940597915258707,0.7544410692994419
16,1000,0.016,2000,100000,3,0.11780972450961724,0.013815039801161699,0.01,4.166947281934958,0.1584893192461114,0.00016106595959050997,14824.61525722802,24087392.595526353,9.123827606216482,0.26643447853131214,0.12851947667952643,0.13087189888776246,0.00016257476372473142,0.9998374252362753,0.00016357965745708046,1.3109550495503064e-06,0.9998364203425429,1.3109550495503081e-06,0.07518852871918157,0.8572671417318795,0.7257947325101475,0.07672584428790138,0.8817784347967259,0.7358792783420455,0.07810492293420274,0.0011307492945019986,0.881200528389876,0.7820933572284197,0.9329404706063511,nan,nan,0.7338846527832018,0.00190934419436861,0.07677755427345652,0.8530860754169467,0.7229123707679166
16,1000,0.016,2000,100000,4,0.15707963267948966,0.024471741852423214,0.01,4.166947281934958,0.1584893192461114,0.00016106595959050997,17864.708968032377,57345017.545498915,5.565397660908847,0.3912676304326666,0.1876677587619068,0.1904995880601343,0.00016257476372473142,0.9998374252362753,0.00016357965745708046,1.3109550495503064e-06,0.9998364203425429,1.3109550495503081e-06,0.09788174728258289,0.7926939412646757,0.6871394123853519,0.09779671709557229,0.8509976807348004,0.7055962195894615,0.09980662915528236,0.0016620736966400141,0.849467955943743,0.6817286566929227,0.9214182073763924,nan,nan,0.7030086488815797,0.0024092084593843586,0.10036999482145581,0.7849577741357114,0.6831877609348783
16,1000,0.016,2000,100000,5,0.19634954084936207,0.03806023374435662,0.01,4.166947281934958,0.1584893192461114,0.00016106595959050997,21741.16986008598,126563977.70402776,3.734699836872057,0.49980490048486614,0.2610338752187044,0.2640534518290261,0.00016257476372473142,0.9998374252362753,0.00016357965745708046,1.3109550495503064e-06,0.9998364203425429,1.3109550495503081e-06,0.12713344501009496,0.6929276610900352,0.6434422276683693,0.1225410024595632,0.8131527390228641,0.67415851648045,0.125190317680859,0.0022536456972632054,0.8100486290230713,0.5386738064101745,0.9089255126153729,nan,nan,0.6710307952033365,0.002913594773712988,0.1307166669183997,0.6793184917960581,0.638452400203791
16,1000,0.016,2000,100000,6,0.23561944901923448,0.05449673790581606,0.01,4.166947281934958,0.1584893192461114,0.00016106595959050997,26430.09826293528,250453038.1618437,2.7891460184124774,0.5885438444626728,0.3409529574383693,0.3438154604888353,0.00016257476372473142,0.9998374252362753,0.00016357965745708046,1.3109550495503064e-06,0.9998364203425429,1.3109550495503081e-06,0.16201990553573756,0.5461449052322791,0.5974830369590152,0.1493213746377773,0.7650863566223343,0.6432118350757421,0.15257079157985412,0.0028342427451947486,0.7564773342018694,0.315307903214029,0.8933929843556238,nan,nan,0.6396141291369902,0.0033692853653287686,0.16679426565660324,0.5234247922017814,0.5915954632272026
16,1000,0.016,2000,100000,7,0.2748893571891069,0.0736799178229539,0.01,4.166947281934958,0.1584893192461114,0.00016106595959050997,31902.58537374979,450653200.4631814,2.258443859897866,0.6591239708525565,0.42214966979221547,0.4245035811931745,0.00016257476372473142,0.9998374252362753,0.00016357965745708046,1.3109550495503064e-06,0.9998364203425429,1.3109550495503081e-06,0.20114539739296014,0.33868703959909197,0.5515076395377954,0.1768586254157234,0.7027302383772689,0.6136531480952804,0.18065044022910381,0.0033706203078803167,0.6844231019091429,-0.025237330575733574,0.8798964997553066,nan,nan,0.6096552072265025,0.003761351535624773,0.20709786304378375,0.3025545892601956,0.5449199377650304
16,1000,0.016,2000,100000,8,0.3141592653589793,0.09549150281252627,0.01,4.166947281934958,0.1584893192461114,0.00016106595959050997,38124.89148970469,751052597.6387264,1.9352936873815698,0.7147578341389431,0.5011277481016593,0.5026612783754578,0.00016257476372473142,0.9998374252362753,0.00016357965745708046,1.3109550495503064e-06,0.9998364203425429,1.3109550495503081e-06,0.2429135799307794,0.05550300613381609,0.5071373620056199,0.20425442411408534,0.6233898269432636,0.5859144577503923,0.20852735794053395,0.003850423001446359,0.5969097129712042,-0.4872484169303945,0.8660986228644075,nan,nan,0.5815792011705213,0.004090728976050011,0.24993947819662624,0.0004840865283014528,0.5000605254667059
16,1000,0.016,2000,100000,9,0.3534291735288517,0.11979701719998452,0.01,4.166947281934958,0.1584893192461114,0.00016106595959050997,45058.6540244684,1177020618.229952,1.7249335067298628,0.7586517649675967,0.5757240413899196,0.5761927189294695,0.00016257476372473142,0.9998374252362753,0.00016357965745708046,1.3109550495503064e-06,0.9998364203425429,1.3109550495503081e-06,0.285783921262122,-0.3193557810303307,0.4654123820531176,0.2309212141752366,0.52174813581416,0.5601554863533,0.23561696533630214,0.004271807606997514,0.4891937027705783,-1.1631981735510037,0.8502264879396504,nan,nan,0.5555373585762496,0.00436399875114698,0.2937187587318478,-0.39997918346005346,0.4580417370942226
16,1000,0.016,2000,100000,10,0.39269908169872414,0.14644660940672624,0.01,4.166947281934958,0.1584893192461114,0.00016106595959050997,52661.12402630407,1754581213.1130872,1.5805446695701284,0.793494217550138,0.6447582023350319,0.6439930448729869,0.00016257476372473142,0.9998374252362753,0.00016357965745708046,1.3109550495503064e-06,0.9998364203425429,1.3109550495503081e-06,0.32844193690537554,-0.8022014096838412,0.4269014596900673,0.2564990360263169,0.3940649696120823,0.536383236849265,0.2615648890016187,0.00463788527924368,0.35040967462240835,-1.9966702213582828,0.8291718799721545,nan,nan,0.5315284896959295,0.0045891389841482035,0.3370943249749578,-0.9164211686980761,0.41940175252162726
16,1000,0.016,2000,100000,11,0.43196898986859655,0.17527597583490817,0.01,4.166947281934958,0.1584893192461114,0.00016106595959050997,60885.42973957255,2509546986.5397534,1.4771732007631422,0.8213886857946732,0.707740195589442,0.7056426706271886,0.00016257476372473142,0.9998374252362753,0.00016357965745708046,1.3109550495503064e-06,0.9998364203425429,1.3109550495503081e-06,0.3698738467551702,-1.4091503346892083,0.391827453139185,0.280785602131013,0.2369859703763732,0.5145232769039817,0.28617515469044463,0.0049538349306759944,0.1851688051370729,-3.0801603890070037,0.8120273522077521,nan,nan,0.5094709567675294,0.004773845516818705,0.37905166660102335,-1.566219055375838,0.3843282801678939
16,1000,0.016,2000,100000,12,0.47123889803846897,0.2061073738537634,0.01,4.166947281934958,0.1584893192461114,0.00016106595959050997,69680.8655846924,3466636780.842646,1.400614871296596,0.8439338184092515,0.7646357857836292,0.7611661206450385,0.00016257476372473142,0.9998374252362753,0.00016357965745708046,1.3109550495503064e-06,0.9998364203425429,1.3109550495503081e-06,0.40936934841189965,-2.1555538728183827,0.3601802219281592,0.3036841527015601,0.047446209110498794,0.4944613276100391,0.3093571222740327,0.005225437534751609,-0.022845374579584354,-4.420735131594897,0.7879229310757405,nan,nan,0.48924441942696806,0.004924942347107234,0.4188967416707716,-2.3659278462057074,0.35277767214752886
16,1000,0.016,2000,100000,13,0.5105088062083414,0.23875071764202552,0.01,4.166947281934958,0.1584893192461114,0.00016106595959050997,78993.2047748992,4648600004.54715,1.342323795229835,0.8623321252412751,0.8156901410725529,0.8108537197560569,0.00016257476372473142,0.9998374252362753,0.00016357965745708046,1.3109550495503064e-06,0.9998364203425429,1.3109550495503081e-06,0.446483427027012,-3.0554334149209925,0.33180584630886506,0.3251666588652888,-0.18035579995282291,0.47606710453294426,0.3310882647059391,0.005458359042146949,-0.2611020201154097,-6.045176131668882,0.7643850393328113,nan,nan,0.4707135926944469,0.005048249625949828,0.45620955496856164,-3.3306720077822938,0.3245671351136653
16,1000,0.016,2000,100000,14,0.5497787143782138,0.2730047501302265,0.01,4.166947281934958,0.1584893192461114,0.00016106595959050997,88765.03364241836,6075370912.054463,1.296913606032854,0.8774874950698566,0.8613029634010242,0.8551375356750344,0.00016257476372473142,0.9998374252362753,0.00016357965745708046,1.3109550495503064e-06,0.9998364203425429,1.3109550495503081e-06,0.48098207251387104,-4.1209354139810035,0.3064712893370087,0.3452485973901937,-0.44133215595312236,0.45920768121540967,0.351388796636398,0.005657825664683266,-0.5444165270274025,-7.938940481293379,0.7300993575920725,nan,nan,0.45374144124822463,0.005148635356716749,0.49078387751091274,-4.473558404103613,0.29944031124327974
16,1000,0.016,2000,100000,15,0.5890486225480862,0.3086582838174551,0.01,4.166947281934958,0.1584893192461114,0.00016106595959050997,98936.10561281879,7763275419.874923,1.2608535011873296,0.8900823258164295,0.901944827556589,0.894509751336416,0.00016257476372473142,0.9998374252362753,0.00016357965745708046,1.3109550495503064e-06,0.9998364203425429,1.3109550495503081e-06,0.5127874335132648,-5.361820800643871,0.2839082227023796,0.3639719513066053,-0.7445884923471631,0.44375470632062863,0.37030468273021255,0.005828502725694361,-0.8684617704617593,-10.152833544287873,0.6989004280933597,nan,nan,0.4381962164426075,0.005230131249964135,0.5225686691136777,-5.8051262951789955,0.27711088740134027
16,1000,0.016,2000,100000,16,0.6283185307179586,0.3454915028125263,0.01,4.166947281934958,0.1584893192461114,0.00016106595959050997,109443.71264517831,9724311854.231853,1.2317505256012307,0.9006354375331013,0.9381040703036944,0.9294718899554218,0.00016257476372473142,0.9998374252362753,0.00016357965745708046,1.3109550495503064e-06,0.9998364203425429,1.3109550495503081e-06,0.5419301010727458,-6.785002702456951,0.263840981123816,0.3813938913743802,-1.085302051907721,0.42958803692552405,0.3878964026206668,0.0059744766235128085,-1.2504552567745304,-12.705625742468117,0.6636392436888288,nan,nan,0.42395493122310957,0.005296061254522365,0.5516184059149389,-7.332849344759296,0.2572898237435151
16,1000,0.016,2000,100000,17,0.667588438887831,0.3832773180720473,0.01,4.166947281934958,0.1584893192461114,0.00016106595959050997,120223.07184800849,11965525296.394405,1.2079358529229585,0.9095445952712838,0.9702550737520177,0.9605052663291539,0.00016257476372473142,0.9998374252362753,0.00016357965745708046,1.3109550495503064e-06,0.9998364203425429,1.3109550495503081e-06,0.5685111025382118,-8.394145218008164,0.24600324766069986,0.3975793223389148,-1.4665851243765464,0.41659730253552363,0.40423160824019194,0.006099286349715268,-1.661427753342462,-15.605931705320426,0.6333604910181279,nan,nan,0.41090479755086257,0.005349161813953359,0.5780543133963396,-9.060703369724836,0.23970116835790178
16,1000,0.016,2000,100000,18,0.7068583470577035,0.4217827674798846,0.01,4.166947281934958,0.1584893192461114,0.00016106595959050997,131207.72488732322,14488492967.325436,1.1882165459811418,0.9171174819845398,0.9988408603665103,0.98805539312904,0.00016257476372473142,0.9998374252362753,0.00016357965745708046,1.3109550495503064e-06,0.9998364203425429,1.3109550495503081e-06,0.5926734162169733,-10.189334549677634,0.23014714638641937,0.4125960370830664,-1.8912447178059533,0.40468229563655067,0.4193803892778782,0.0062059761348692245,-2.10718746551999,-18.734541312108277,0.5935852842748812,nan,nan,0.39894352133596894,0.005391686610810323,0.6020358326517071,-10.988812004960417,0.22409031926924178
16,1000,0.016,2000,100000,19,0.7461282552275759,0.4607704521360774,0.01,4.166947281934958,0.1584893192461114,0.00016106595959050997,142329.94772436732,17288935426.436623,1.1717213072729036,0.9235942484655371,1.0242648780272607,1.0125251857754844,0.00016257476372473142,0.9998374252362753,0.00016357965745708046,1.3109550495503064e-06,0.9998364203425429,1.3109550495503081e-06,0.6145816103235427,-12.166832064130993,0.21604744383123362,0.426511621741894,-2.3478822571644153,0.3937527185379424,0.4334122764351193,0.006297154381433536,-2.51838309138315,-22.284383984639483,0.5529963195008769,nan,nan,0.38797897953411625,0.005425494582730912,0.6237405822256418,-13.113180589645406,0.21022751236470527
16,1000,0.016,2000,100000,20,0.7853981633974483,0.4999999999999999,0.01,4.166947281934958,0.1584893192461114,0.00016106595959050997,153521.168156836,20356465315.67744,1.15780164713017,0.9291639924819262,1.0468884432733854,1.0342734709756725,0.00016257476372473142,0.9998374252362753,0.00016357965745708046,1.3109550495503064e-06,0.9998364203425429,1.3109550495503081e-06,0.6344078879233044,-14.318916870402393,0.20350273828260756,0.43939153165968703,-2.846452474262347,0.38372759882285684,0.44639439755153665,0.006375051423679466,-3.0298792239657977,-26.19402504079184,0.5139908251212985,nan,nan,0.37792858570287113,0.0054521224630990775,0.6433508811529564,-15.425526449472283,0.19790843343608427
16,1000,0.016,2000,100000,21,0.8246680715673207,0.5392295478639225,0.01,4.166947281934958,0.1584893192461114,0.00016106595959050997,164712.38858930478,23674482034.454494,1.145966822645177,0.9339768749947734,1.0670314944051984,1.0536165129828838,0.00016257476372473142,0.9998374252362753,0.00016357965745708046,1.3109550495503064e-06,0.9998364203425429,1.3109550495503081e-06,0.6523229262878241,-16.633823329941087,0.19233489224318726,0.4512979466154895,-3.3873363277590918,0.3745345560346152,0.4583903949663324,0.006441572654085285,-3.5655173005822496,-30.438846129898856,0.46422825351980845,nan,nan,0.36871852120331094,0.005472843936901339,0.661045097193623,-17.913211406608063,0.1869532011048669
16,1000,0.016,2000,100000,22,0.8639379797371931,0.5782172325201155,0.01,4.166947281934958,0.1584893192461114,0.00016106595959050997,175834.61142634889,27220217165.113007,1.1358399673269743,0.9381530943565328,1.0849751409406216,1.0708311086578934,0.00016257476372473142,0.9998374252362753,0.00016357965745708046,1.3109550495503064e-06,0.9998364203425429,1.3109550495503081e-06,0.6684901692529365,-19.095776594718764,0.18238751889850868,0.46228914124511017,-3.9445101539731713,0.3661090246527552,0.46945984223326104,0.006498345695800908,-4.146703417828008,-34.96992301347257,0.41644852883014666,nan,nan,0.36028293273973105,0.005488717614809343,0.6769924146626481,-20.559279852726903,0.1772045122494605
16,1000,0.016,2000,100000,23,0.9032078879070655,0.6167226819279528,0.01,4.166947281934958,0.1584893192461114,0.00016106595959050997,186819.26446566364,30964931770.54442,1.1271278694917641,0.9417895865672897,1.1009650630627075,1.0861583618099775,0.00016257476372473142,0.9998374252362753,0.00016357965745708046,1.3109550495503064e-06,0.9998364203425429,1.3109550495503081e-06,0.683062529366413,-21.68512686538015,0.17352402977073017,0.47241919259549414,-4.534862891990722,0.3583934919858849,0.47965798509143365,0.006546761413328311,-4.7633216179260085,-39.721471521573875,0.372112310386891,nan,nan,0.35256315161436963,0.005500625842964612,0.6913499509278039,-23.342603131510195,0.1685254357902438
16,1000,0.016,2000,100000,24,0.9424777960769379,0.6545084971874737,0.01,4.166947281934958,0.1584893192461114,0.00016106595959050997,197598.6236684938,34874262945.8874,1.1195997500009531,0.9449650689875981,1.115215189164509,1.099807611021756,0.00016257476372473142,0.9998374252362753,0.00016357965745708046,1.3109550495503064e-06,0.9998364203425429,1.3109550495503081e-06,0.6961807235227306,-24.378580630603835,0.1656255495745747,0.4817379047702296,-5.148521971832193,0.3513367819085604,0.4890356896076241,0.006588009099303691,-5.414471116552006,-44.65573179466846,0.3182952454628515,nan,nan,0.34550696332295844,0.0055093060816399555,0.7042614380251676,-26.23812835931851,0.1607971413149455
16,1000,0.016,2000,100000,25,0.9817477042468103,0.6913417161825449,0.01,4.166947281934958,0.1584893192461114,0.00016106595959050997,208106.2307008533,38908713317.34855,1.113072100413215,0.9477438681911771,1.1279113210169738,1.1119602160899824,0.00016257476372473142,0.9998374252362753,0.00016357965745708046,1.3109550495503064e-06,0.9998364203425429,1.3109550495503081e-06,0.7079726822839703,-27.1495247511803,0.15858887439969618,0.49029086982217107,-5.778185398344103,0.3448933989808741,0.49763951923357125,0.006623106411649076,-6.082782339183989,-49.76709096911061,0.26850756101297796,nan,nan,0.33906794046579436,0.005515376292198432,0.7158569128093935,-29.217227230744097,0.1539167222965617
16,1000,0.016,2000,100000,26,1.0210176124166828,0.7269952498697734,0.01,4.166947281934958,0.1584893192461114,0.00016106595959050997,218277.3026712537,43024273633.79916,1.1073976812942403,0.950178848241864,1.1392145282505455,1.1227730514084082,0.00016257476372473142,0.9998374252362753,0.00016357965745708046,1.3109550495503064e-06,0.9998364203425429,1.3109550495503081e-06,0.71855363894608,-29.968436946905154,0.1523245674516218,0.49811961057705695,-6.409974922087031,0.33902293795211996,0.5055118885618671,0.006652924706734878,-6.735352536039677,-55.06294554462927,0.21752589978704598,nan,nan,0.3332048429515671,0.005519355505120809,0.7262530295142771,-32.24813787309325,0.14779519508848282
16,1000,0.016,2000,100000,27,1.0602875205865552,0.7612492823579744,0.01,4.166947281934958,0.1584893192461114,0.00016106595959050997,228049.1315387729,47173165278.526405,1.1024574265586173,0.952313667899708,1.1492642274277263,1.1323816410496714,0.00016257476372473142,0.9998374252362753,0.00016357965745708046,1.3109550495503064e-06,0.9998364203425429,1.3109550495503081e-06,0.7280266268377131,-32.803374088115916,0.14675523626704096,0.5052617690561318,-7.043502899186805,0.3336895582630347,0.5126912590663031,0.006678210401307214,-7.392981995839119,-60.278089930991186,0.1687772606306173,nan,nan,0.32788108446254693,0.005521680514062748,0.7355537323951558,-35.296490491785285,0.14235570753653598
16,1000,0.016,2000,100000,28,1.0995574287564276,0.7938926261462365,0.01,4.166947281934958,0.1584893192461114,0.00016106595959050997,237361.47072897968,51304686521.28945,1.098154410576998,0.9541845330316561,1.1581809168152501,1.1409029206615338,0.00016257476372473142,0.9998374252362753,0.00016357965745708046,1.3109550495503064e-06,0.9998364203425429,1.3109550495503081e-06,0.7364832013662591,-35.62052773983973,0.14181400537747127,0.5117513163715474,-7.680814440330363,0.3288615202803729,0.5192123538975596,0.006699602943523016,-8.053121402550868,-65.42283407038431,0.11731803499314114,nan,nan,0.32306426152443785,0.005522719452509613,0.7438511138795035,-38.32590544455482,0.1375319635606758
16,1000,0.016,2000,100000,29,1.1388273369263,0.8247240241650917,0.01,4.166947281934958,0.1584893192461114,0.00016106595959050997,246156.90657409953,55366143709.03849,1.0944093013333374,0.9558215661177578,1.1660685698660085,1.1484376391223476,0.00016257476372473142,0.9998374252362753,0.00016357965745708046,1.3109550495503064e-06,0.9998364203425429,1.3109550495503081e-06,0.7440042653648572,-38.384834703413766,0.13744318137014472,0.5176187682533113,-8.300433848580084,0.3245107786177935,0.5251063767478292,0.0067176499058150116,-8.699597275458181,-70.47243298290554,0.07257734633501856,nan,nan,0.31872574031107387,0.005522782856659157,0.7512263446897365,-41.29865054827127,0.13326685497222593
16,1000,0.016,2000,100000,30,1.1780972450961724,0.8535533905932737,0.01,4.166947281934958,0.1584893192461114,0.00016106595959050997,254381.21228736805,59303846422.267555,1.0911568990657174,0.9572498828669151,1.17301670741829,1.1550724269266892,0.00016257476372473142,0.9998374252362753,0.00016357965745708046,1.3109550495503064e-06,0.9998364203425429,1.3109550495503081e-06,0.750660919297669,-41.06062889031565,0.13359309830907454,0.5228913959826919,-8.90678696223209,0.32061262740272783,0.5304012251485093,0.006732819642237377,-9.287403788404863,-75.36149865293271,0.03054183854183909,nan,nan,0.3148402959246595,0.005522132695318264,0.7577506041704929,-44.17634290361194,0.1295112842945677
16,1000,0.016,2000,100000,31,1.2173671532660448,0.8802029828000155,0.01,4.166947281934958,0.1584893192461114,0.00016106595959050997,261983.68228920375,63064143956.953094,1.0883434782316281,0.9584904428904988,1.179102176523892,1.1608815640387762,0.00016257476372473142,0.9998374252362753,0.00016357965745708046,1.3109550495503064e-06,0.9998364203425429,1.3109550495503081e-06,0.7565152872384618,-43.61231978086569,0.13022112739014993,0.527593426301017,-9.474851649321907,0.31714539236347317,0.5351216921604564,0.006745511886703632,-9.851024670776791,-80.05095218395532,-0.012372560829364054,nan,nan,0.3113857989699612,0.005520989749493829,0.7634859671916119,-46.92067935751289,0.12622315938701376
16,1000,0.016,2000,100000,32,1.2566370614359172,0.9045084971874736,0.01,4.166947281934958,0.1584893192461114,0.00016106595959050997,268917.4448239674,66594479370.99044,1.0859247315049023,0.9595607245604325,1.184390666319951,1.1659284809347004,0.00016257476372473142,0.9998374252362753,0.00016357965745708046,1.3109550495503064e-06,0.9998364203425429,1.3109550495503081e-06,0.7616212892679071,-46.005081993474676,0.12729083351444792,0.5317462264097391,-10.006992880091541,0.3140901649048604,0.5392896528191011,0.006756066608829443,-10.409761424082298,-84.4966419974181,-0.0597002679551924,nan,nan,0.30834294457086364,0.005519539646207089,0.7684862226378606,-49.494178940387805,0.12336654031581669
16,1000,0.016,2000,100000,33,1.2959069696057897,0.9263200821770461,0.01,4.166947281934958,0.1584893192461114,0.00016106595959050997,275139.75093992235,69844436787.22455,1.08386417056955,0.9604752618093498,1.1889379907767645,1.1702670249017972,0.00016257476372473142,0.9998374252362753,0.00016357965745708046,1.3109550495503064e-06,0.9998364203425429,1.3109550495503081e-06,0.766025343956998,-48.205540136561176,0.12477126192234865,0.5353684718693881,-10.498829301422779,0.31143057377617356,0.5429242332870212,0.006764771391724035,-10.925943254480998,-88.57251640757724,-0.10124971497548269,nan,nan,0.3056950194317462,0.005517937788820174,0.7727976105936647,-51.8609202343127,0.12091091998952415
16,1000,0.016,2000,100000,34,1.335176877775662,0.9455032620941839,0.01,4.166947281934958,0.1584893192461114,0.00016106595959050997,280612.23805073684,72766757686.7458,1.082131877894378,0.9612460714568876,1.1927911659133406,1.1739425206765355,0.00016257476372473142,0.9998374252362753,0.00016357965745708046,1.3109550495503064e-06,0.9998364203425429,1.3109550495503081e-06,0.7697669929999672,-50.18243314434512,0.1226363393666414,0.5384762963096416,-10.937880792036886,0.3091525904295922,0.5460419617020367,0.0067718675508412485,-11.37951567011809,-92.22931733238093,-0.13748562534269498,nan,nan,0.3034277030490534,0.005516313376512748,0.7764594729679639,-53.98725665962497,0.11883062186208274
16,1000,0.016,2000,100000,35,1.3744467859455345,0.9619397662556434,0.01,4.166947281934958,0.1584893192461114,0.00016106595959050997,285301.16645358613,75318302555.83379,1.0807035317801683,0.9618829927794554,1.195989306035882,1.1769926509504465,0.00016257476372473142,0.9998374252362753,0.00016357965745708046,1.3109550495503064e-06,0.9998364203425429,1.3109550495503081e-06,0.7728794452956044,-51.907242709264885,0.12086437605133742,0.5410834225641502,-11.325304360033993,0.30724436467422506,0.5486569003649816,0.006777555174248479,-11.763620483172966,-95.42073344346298,-0.16942674897031168,nan,nan,0.30152889968765395,0.005514772665803997,0.7795048169294039,-55.842493110493024,0.11710430008443015
16,1000,0.016,2000,100000,36,1.413716694115407,0.9755282581475768,0.01,4.166947281934958,0.1584893192461114,0.00016106595959050997,289177.6273456398,77460935453.09656,1.0795596472997513,0.962393955847964,1.198564360226211,1.1794481785937934,0.00016257476372473142,0.9998374252362753,0.00016357965745708046,1.3109550495503064e-06,0.9998364203425429,1.3109550495503081e-06,0.7753900408715289,-53.35477120820291,0.11943765645382674,0.5432012752684284,-11.649949590207592,0.3056960877242716,0.5507807593079235,0.006781997231562171,-12.085603796323811,-98.09972039893108,-0.19623125576605288,nan,nan,0.29998859822942386,0.005513401595034809,0.7819607931330872,-57.399508214678,0.11571452961552785
16,1000,0.016,2000,100000,37,1.4529866022852793,0.9861849601988383,0.01,4.166947281934958,0.1584893192461114,0.00016106595959050997,292217.7210564441,79162310811.22691,1.0786849906775522,0.9627851911840741,1.20054170696767,1.181333528870914,0.00016257476372473142,0.9998374252362753,0.00016357965745708046,1.3109550495503064e-06,0.9998364203425429,1.3109550495503081e-06,0.7773206367062487,-54.50365565834257,0.11834210903193934,0.5448390751942945,-11.906185355206993,0.30449988020762764,0.5524229915028672,0.006785322870462827,-12.340925265883495,-100.22638670206719,-0.21746509295252686,nan,nan,0.298798757467359,0.005512267866794161,0.783849091998121,-58.635307718802,0.114647475861665
16,1000,0.016,2000,100000,38,1.4922565104551517,0.9938441702975689,0.01,4.166947281934958,0.1584893192461114,0.00016106595959050997,294402.7043973383,80396544038.26448,1.0780681358046293,0.9630613902001933,1.2019406215871167,1.1826672465566244,0.00016257476372473142,0.9998374252362753,0.00016357965745708046,1.3109550495503064e-06,0.9998364203425429,1.3109550495503081e-06,0.778687917211158,-55.336805703923254,0.11756704661988172,0.5460039157002075,-12.094290671083172,0.30364970313901357,0.5535908700694024,0.006787629995309069,-12.525955014768776,-101.76881520716074,-0.23284172968918931,nan,nan,0.2979532148541032,0.005511422562023828,0.7851862617013629,-59.5314960784586,0.11389263534187756
16,1000,0.016,2000,100000,39,1.5315264186250241,0.9984586668665639,0.01,4.166947281934958,0.1584893192461114,0.00016106595959050997,295719.1062194451,81144750181.86546,1.0777011400889256,0.963225823448583,1.2027746281705756,1.183462339742375,0.00016257476372473142,0.9998374252362753,0.00016357965745708046,1.3109550495503064e-06,0.9998364203425429,1.3109550495503081e-06,0.7795036322170241,-55.84175539200704,0.11710497100899694,0.5467008216950807,-12.205828889151611,0.3031412902698863,0.5542895478562543,0.006788987201154261,-12.638046630925764,-102.70372295415103,-0.24190839875569375,nan,nan,0.2974476171200565,0.005510901341866291,0.7859839513965532,-60.0746552243209,0.11344264066189531
16,1000,0.016,2000,100000,40,1.5707963267948966,1.0,0.01,4.166947281934958,0.1584893192461114,0.00016106595959050997,296158.8104677833,81395438001.39935,1.0775793235019446,0.9632804217285844,1.2030517447834397,1.1837265192328406,0.00016257476372473142,0.9998374252362753,0.00016357965745708046,1.3109550495503064e-06,0.9998364203425429,1.3109550495503081e-06,0.7797747649886718,-56.010920501058735,0.11695143678919245,0.5469327914727069,-12.244386733967284,0.3029721006092541,0.5545220997333017,0.006789435117738175,-12.675590557246256,-103.01694386203245,-0.24474409519507695,-15.469703113999277,-10.883030393792088,0.2972793715566741,0.005510725278337331,0.7862490826556024,-60.256621635194676,0.11329312472745395
16,1000,0.016,2000,100000,0,0.0,0.0,0.1,13.177044300762265,1.584893192461114,0.0016106217007797637,10883.525845888817,8486638.007005803,13.95736859995057,0.08019327189449586,0.2783217460667999,0.2786446446030475,0.0016233340822838643,0.9983766659177161,0.0016375086167922043,1.313882958796362e-05,0.9983624913832078,1.3138829587963602e-05,0.5397636734253013,-6.668027525649358,0.26531389462893656,0.5158430503020761,-5.9580938131088095,0.28628201634492056,0.5187646179433361,0.002413383002231757,-5.9509331944580275,-10.703108780596681,-3.0837506115576554,nan,nan,0.2839942923848438,0.0017469253495831583,0.542176008928637,-6.7984043487224115,0.2636739791854175
16,1000,0.016,2000,100000,1,0.039269908169872414,0.001541333133436012,0.1,13.177044300762265,1.584893192461114,0.0016106217007797637,11323.230094226932,8687628.004642347,14.758405827032743,0.07707920267160502,0.2734750292514428,0.2748239113293499,0.0016233340822838643,0.9983766659177161,0.0016375086167922043,1.313882958796362e-05,0.9983624913832078,1.3138829587963602e-05,0.5510663766803949,-7.300508308095466,0.25766154842929295,0.5280907791934549,-6.5601105004158935,0.27734547181806507,0.5309635009621962,0.0023420087466254564,-6.622795904915296,-11.453916369480224,-3.5112609283251093,nan,nan,0.2751665389185649,0.0016707402598728509,0.5535984736604667,-7.450013699079788,0.2559580161976969
16,1000,0.016,2000,100000,2,0.07853981633974483,0.0061558297024311365,0.1,13.177044300762265,1.584893192461114,0.0016106217007797637,12639.631916333772,11601100.058327217,13.77113326987712,0.13962473798877267,0.2908889768794664,0.2964919606712842,0.0016233340822838643,0.9983766659177161,0.0016375086167922043,1.313882958796362e-05,0.9983624913832078,1.3138829587963602e-05,0.5818928758833198,-9.343877447925129,0.2371809678021137,0.5570120938719986,-8.295461758392875,0.2574245884359068,0.5596486214726317,0.002371150222734286,-8.39197605868409,-14.568827321063068,-4.459041627407951,nan,nan,0.25552670863688987,0.0016448169111303282,0.5847048854336845,-9.557112547413006,0.23534001972531318
16,1000,0.016,2000,100000,3,0.11780972450961724,0.013815039801161699,0.1,13.177044300762265,1.584893192461114,0.0016106217007797637,14824.61525722802,24087392.595526353,9.123827606216482,0.26643447853131214,0.370272671585164,0.38210893717806726,0.0016233340822838643,0.9983766659177161,0.0016375086167922043,1.313882958796362e-05,0.9983624913832078,1.3138829587963602e-05,0.6248328790731513,-13.231326415969106,0.20953628857919643,0.5909911087696943,-10.75070157120534,0.2352305274156223,0.5932221908136465,0.0025783247846434616,-10.629646736812685,-20.15622014533207,-5.613532446172063,nan,nan,0.23368174285567278,0.001729379995272177,0.6279208004459725,-13.571726151585116,0.20758546173989675
16,1000,0.016,2000,100000,4,0.15707963267948966,0.024471741852423214,0.1,13.177044300762265,1.584893192461114,0.0016106217007797637,17864.708968032377,57345017.545498915,5.565397660908847,0.3912676304326666,0.4915736565226742,0.5086749636045929,0.0016233340822838643,0.9983766659177161,0.0016375086167922043,1.313882958796362e-05,0.9983624913832078,1.3138829587963602e-05,0.6719122729160852,-19.669663774429868,0.18029744851190982,0.6239443608917494,-13.76509733044687,0.21448570174614756,0.6256797758862683,0.0028291917600714134,-13.737256717887318,-29.053188096324437,-6.695039559404117,nan,nan,0.21330252325714968,0.0018425866463004938,0.6751506072539786,-20.231397101323477,0.1783245121984114
16,1000,0.016,2000,100000,5,0.19634954084936207,0.03806023374435662,0.1,13.177044300762265,1.584893192461114,0.0016106217007797637,21741.16986008598,126563977.70402776,3.734699836872057,0.49980490048486614,0.6199688012481377,0.6408956416434758,0.0016233340822838643,0.9983766659177161,0.0016375086167922043,1.313882958796362e-05,0.9983624913832078,1.3138829587963602e-05,0.717302368928477,-29.61696333717814,0.1530629486623714,0.6537591320688861,-17.47405494010749,0.19619050687116962,0.6549784569637913,0.0030466437311422643,-17.50394538234186,-43.57025701038636,-7.814755528949361,nan,nan,0.195353459891543,0.001939866688467245,0.7205360869447697,-30.535867914274437,0.1511560290932322
16,1000,0.016,2000,100000,6,0.23561944901923448,0.05449673790581606,0.1,13.177044300762265,1.584893192461114,0.0016106217007797637,26430.09826293528,250453038.1618437,2.7891460184124774,0.5885438444626728,0.7373881040941668,0.7610108373065252,0.0016233340822838643,0.9983766659177161,0.0016375086167922043,1.313882958796362e-05,0.9983624913832078,1.3138829587963602e-05,0.7579149685815872,-44.25208895903483,0.12941688014205835,0.6800297695788224,-22.22940879493224,0.18036431404245362,0.6807632607056299,0.003213191913725785,-21.78565928708684,-66.161902629259,-9.336290274534285,nan,nan,0.1798318090432793,0.002011398141951932,0.7610211723267578,-45.7152893012303,0.12763472540067383
16,1000,0.016,2000,100000,7,0.2748893571891069,0.0736799178229539,0.1,13.177044300762265,1.584893192461114,0.0016106217007797637,31902.58537374979,450653200.4631814,2.258443859897866,0.6591239708525565,0.8380307193736531,0.8635378946045447,0.0016233340822838643,0.9983766659177161,0.0016375086167922043,1.313882958796362e-05,0.9983624913832078,1.3138829587963602e-05,0.7927279654281003,-64.93688879858149,0.10964728032756577,0.7029696007169184,-28.273624736638517,0.16673377072305529,0.7032738257158155,0.0033332711880668963,-27.23613530685522,-99.51351678247322,-10.541269091238034,nan,nan,0.16645676221729638,0.0020595798517790845,0.7956330258405871,-67.19078115330657,0.10801736236595545
16,1000,0.016,2000,100000,8,0.3141592653589793,0.09549150281252627,0.1,13.177044300762265,1.584893192461114,0.0016106217007797637,38124.89148970469,751052597.6387264,1.9352936873815698,0.7147578341389431,0.921764676863495,0.9485920839887049,0.0016233340822838643,0.9983766659177161,0.0016375086167922043,1.313882958796362e-05,0.9983624913832078,1.3138829587963602e-05,0.821885432160057,-93.17204407772012,0.09342102817236206,0.7229736608622653,-36.08739823299756,0.1549733767425902,0.7229132340256313,0.0034161888586874837,-34.351256927012045,-148.33153068078434,-12.027557339487062,nan,nan,0.15490442915825894,0.002089386956400943,0.8245574079260934,-96.52837377473777,0.09194856537413398
16,1000,0.016,2000,100000,9,0.3534291735288517,0.11979701719998452,0.1,13.177044300762265,1.584893192461114,0.0016106217007797637,45058.6540244684,1177020618.229952,1.7249335067298628,0.7586517649675967,0.9905707510472281,1.018331940111967,0.0016233340822838643,0.9983766659177161,0.0016375086167922043,1.313882958796362e-05,0.9983624913832078,1.3138829587963602e-05,0.8460391122330608,-130.54772495167052,0.08019615556736179,0.7404543698018684,-46.05905503090354,0.14478273687186724,0.7400917992455507,0.0034707744812004383,-44.338835402630465,-211.86639351743375,-13.445280795889333,nan,nan,0.14487998747951517,0.002105468645068349,0.8484737735533925,-135.38753170705888,0.0788736386611267
16,1000,0.016,2000,100000,10,0.39269908169872414,0.14644660940672624,0.1,13.177044300762265,1.584893192461114,0.0016106217007797637,52661.12402630407,1754581213.1130872,1.5805446695701284,0.793494217550138,1.04692926235929,1.0753601964422834,0.0016233340822838643,0.9983766659177161,0.0016375086167922043,1.313882958796362e-05,0.9983624913832078,1.3138829587963602e-05,0.8659772721187645,-178.6903449087786,0.0694210016775768,0.755785403902263,-58.531299928888885,0.13590610159994929,0.7551766373719374,0.003504166017433957,-55.569948611788824,-296.16128115217987,-15.269816231852083,nan,nan,0.13613429059768214,0.002111531678284262,0.8681860623916129,-185.4656072861548,0.06823497468964158
16,1000,0.016,2000,100000,11,0.43196898986859655,0.17527597583490817,0.1,13.177044300762265,1.584893192461114,0.0016106217007797637,60885.42973957255,2509546986.5397534,1.4771732007631422,0.8213886857946732,1.0931757857595714,1.1220949654840755,0.0016233340822838643,0.9983766659177161,0.0016375086167922043,1.313882958796362e-05,0.9983624913832078,1.3138829587963602e-05,0.8824513579173433,-239.2068116551179,0.06061117852225673,0.7692874785499568,-73.83832279715946,0.12813232172793768,0.7684805946186657,0.0035218344270825687,-70.7553785362332,-401.2595919007906,-16.76068327492135,nan,nan,0.12846248209067426,0.0021103794915507215,0.884453194333883,-248.43968220735846,0.059546282726319864
16,1000,0.016,2000,100000,12,0.47123889803846897,0.2061073738537634,0.1,13.177044300762265,1.584893192461114,0.0016106217007797637,69680.8655846924,3466636780.842646,1.400614871296596,0.8439338184092515,1.1312960864002766,1.1605773284006657,0.0016233340822838643,0.9983766659177161,0.0016375086167922043,1.313882958796362e-05,0.9983624913832078,1.3138829587963602e-05,0.8961117589963472,-313.6277440165848,0.0533682030502317,0.7812296399387596,-92.52467077861927,0.12128897758851376,0.7802650295059743,0.0035278980181000087,-86.12699733318587,-528.113685021392,-18.7081469368356,nan,nan,0.12169763987333218,0.0021040937374978766,0.8979281127692493,-325.9073300417043,0.05240931158582536
16,1000,0.016,2000,100000,13,0.5105088062083414,0.23875071764202552,0.1,13.177044300762265,1.584893192461114,0.0016106217007797637,78993.2047748992,4648600004.54715,1.342323795229835,0.8623321252412751,1.162903063546076,1.192457386346878,0.0016233340822838643,0.9983766659177161,0.0016375086167922043,1.313882958796362e-05,0.9983624913832078,1.3138829587963602e-05,0.9074956962641241,-403.35115918730884,0.04737431471531065,0.7918355780316894,-114.59327830251479,0.11523555842125814,0.7907467244927514,0.0035254447553190313,-105.52405215590315,-684.0928858511899,-20.196912729531,nan,nan,0.11570386302661519,0.002094212543281647,0.9091479098574657,-419.327868946205,0.04650751976878931
16,1000,0.016,2000,100000,14,0.5497787143782138,0.2730047501302265,0.1,13.177044300762265,1.584893192461114,0.0016106217007797637,88765.03364241836,6075370912.054463,1.296913606032854,0.8774874950698566,1.1892792197427766,1.2190428919124512,0.0016233340822838643,0.9983766659177161,0.0016375086167922043,1.313882958796362e-05,0.9983624913832078,1.3138829587963602e-05,0.9170366196614999,-509.5881317533565,0.04237971008259231,0.8012908787537348,-140.0782659676173,0.10985728788735662,0.8001053058851062,0.00351679467695199,-127.57169735651854,-875.8310197835444,-22.21150928959195,nan,nan,0.11037016177492044,0.0020818730773314548,0.9185445917709488,-529.9656707888188,0.04159267961323
16,1000,0.016,2000,100000,15,0.5890486225480862,0.3086582838174551,0.1,13.177044300762265,1.584893192461114,0.0016106217007797637,98936.10561281879,7763275419.874923,1.2608535011873296,0.8900823258164295,1.2114353355711414,1.241361976720093,0.0016233340822838643,0.9983766659177161,0.0016375086167922043,1.313882958796362e-05,0.9983624913832078,1.3138829587963602e-05,0.9250803950195482,-633.3118853427871,0.03818900244406224,0.8097497324203038,-169.60236152461408,0.10505998918973493,0.8084899304617786,0.003503698409615805,-155.58348141294096,-1096.633918221372,-24.34161716922407,nan,nan,0.10560543677007922,0.0020679182784317297,0.9264620453350745,-658.8370505832117,0.0374710158467567
16,1000,0.016,2000,100000,16,0.6283185307179586,0.3454915028125263,0.1,13.177044300762265,1.584893192461114,0.0016106217007797637,109443.71264517831,9724311854.231853,1.2317505256012307,0.9006354375331013,1.2301663736450748,1.2602216941533644,0.0016233340822838643,0.9983766659177161,0.0016375086167922043,1.313882958796362e-05,0.9983624913832078,1.3138829587963602e-05,0.9319018909941857,-775.2117004471123,0.03464934298764491,0.8173406628507381,-202.65575201418278,0.10076596356959572,0.8160249200100309,0.0034874834979274597,-187.04673064373816,-1350.276657590443,-26.583133218963937,nan,nan,0.1013344767260746,0.00205297491397608,0.9331730436670941,-806.6621794905049,0.03399117826642287
16,1000,0.016,2000,100000,17,0.667588438887831,0.3832773180720473,0.1,13.177044300762265,1.584893192461114,0.0016106217007797637,120223.07184800849,11965525296.394405,1.2079358529229585,0.9095445952712838,1.2460986618723084,1.2762569212090342,0.0016233340822838643,0.9983766659177161,0.0016375086167922043,1.313882958796362e-05,0.9983624913832078,1.3138829587963602e-05,0.9377195833917075,-935.6529097841741,0.03164077771123208,0.824171248480782,-239.77707256523558,0.0969107314299674,0.8228143681934997,0.0034691615295120385,-220.69483017202873,-1640.5364906101322,-28.834090143664575,nan,nan,0.09749480714261338,0.0020375103076064075,0.9388940596341524,-973.8233476340793,0.031034541568094695
16,1000,0.016,2000,100000,18,0.7068583470577035,0.4217827674798846,0.1,13.177044300762265,1.584893192461114,0.0016106217007797637,131207.72488732322,14488492967.325436,1.1882165459811418,0.9171174819845398,1.2597276290903774,1.2899692205787554,0.0016233340822838643,0.9983766659177161,0.0016375086167922043,1.313882958796362e-05,0.9983624913832078,1.3138829587963602e-05,0.9427075825387585,-1114.6441082509443,0.029068703491972877,0.8303319487418925,-280.9232490594637,0.09344046870861057,0.8289458555826956,0.003449506681165588,-259.00091973832053,-1957.8784610375026,-31.48533850762915,nan,nan,0.09403421820284226,0.0020218736073558657,0.9437973856464331,-1160.330752429218,0.028507650237824558
16,1000,0.016,2000,100000,19,0.7461282552275759,0.4607704521360774,0.1,13.177044300762265,1.584893192461114,0.0016106217007797637,142329.94772436732,17288935426.436623,1.1717213072729036,0.9235942484655371,1.271447206546486,1.3017569877312998,0.0016233340822838643,0.9983766659177161,0.0016375086167922043,1.313882958796362e-05,0.9983624913832078,1.3138829587963602e-05,0.9470052127276506,-1311.81253156606,0.026858071642347426,0.8358991834421599,-326.1152065469541,0.09030999011190861,0.8344934290851743,0.0034291136149424487,-300.7193642168746,-2311.1141652317374,-34.14846535852237,nan,nan,0.09090882365607046,0.0020063259359518284,0.9480207430935358,-1365.7968077229436,0.026336432286009893
16,1000,0.016,2000,100000,20,0.7853981633974483,0.4999999999999999,0.1,13.177044300762265,1.584893192461114,0.0016106217007797637,153521.168156836,20356465315.67744,1.15780164713017,0.9291639924819262,1.281572454091675,1.3119385764383775,0.0016233340822838643,0.9983766659177161,0.0016375086167922043,1.313882958796362e-05,0.9983624913832078,1.3138829587963602e-05,0.9507245126042202,-1526.388360355696,0.024948969230727806,0.840937806271823,-374.7283581469896,0.08748115806840855,0.8395199891701323,0.0034084404427370926,-343.96026926976435,-2699.1984868476306,-36.875823856790774,nan,nan,0.0880815313839684,0.001991062542610415,0.9516747810360164,-1589.4197631829197,0.024461799294350287
16,1000,0.016,2000,100000,21,0.8246680715673207,0.5392295478639225,0.1,13.177044300762265,1.584893192461114,0.0016106217007797637,164712.38858930478,23674482034.454494,1.145966822645177,0.9339768749947734,1.2903568885861276,1.3207699658410141,0.0016233340822838643,0.9983766659177161,0.0016375086167922043,1.313882958796362e-05,0.9983624913832078,1.3138829587963602e-05,0.9539560601513034,-1757.1984895284993,0.02329325785510041,0.845503093648553,-426.59280871200014,0.08492162208115604,0.8440792057547846,0.0033878408397330167,-392.4435351752817,-3116.566576955257,-39.798623539642314,nan,nan,0.08552083254124923,0.0019762291770559974,0.9548488847717764,-1829.977197112146,0.022836306051142518
16,1000,0.016,2000,100000,22,0.8639379797371931,0.5782172325201155,0.1,13.177044300762265,1.584893192461114,0.0016106217007797637,175834.61142634889,27220217165.113007,1.1358399673269743,0.9381530943565328,1.2980057492556167,1.3284582585001878,0.0016233340822838643,0.9983766659177161,0.0016375086167922043,1.313882958796362e-05,0.9983624913832078,1.3138829587963602e-05,0.9567734835428607,-2002.6700716391244,0.02185201347502602,0.8496423481420659,-481.10147938006094,0.08260381474571428,0.8482170606541599,0.0033675882174396994,-443.78549038136185,-3559.0500655296605,-43.68516835766145,nan,nan,0.083199837636194,0.0019619342662184126,0.9576156646516808,-2085.8297047513934,0.021421610369572484
16,1000,0.016,2000,100000,23,0.9032078879070655,0.6167226819279528,0.1,13.177044300762265,1.584893192461114,0.0016106217007797637,186819.26446566364,30964931770.54442,1.1271278694917641,0.9417895865672897,1.3046861750426435,1.3351720197185484,0.0016233340822838643,0.9983766659177161,0.0016375086167922043,1.313882958796362e-05,0.9983624913832078,1.3138829587963602e-05,0.9592369555068982,-2260.843903235209,0.020593569805211962,0.8533961958183898,-538.8207475182086,0.0805041478070331,0.8519730943248794,0.003347894042334776,-497.41383606151453,-4024.8717082993185,-47.62723643921103,nan,nan,0.08109550475091909,0.0019482580225978654,0.9600344274718036,-2354.9348540885317,0.02018653434860181
16,1000,0.016,2000,100000,24,0.9424777960769379,0.6545084971874737,0.1,13.177044300762265,1.584893192461114,0.0016106217007797637,197598.6236684938,34874262945.8874,1.1195997500009531,0.9449650689875981,1.3105350423505242,1.341049229467077,0.0016233340822838643,0.9983766659177161,0.0016375086167922043,1.313882958796362e-05,0.9983624913832078,1.3138829587963602e-05,0.961395906524883,-2529.397480815654,0.019492016083049363,0.8567996401925686,-598.6741045733054,0.07860236484257539,0.8553814180146025,0.0033289218053604145,-554.4865972734494,-4509.82178481293,-50.90300410333255,nan,nan,0.07918801801725735,0.0019352592953085048,0.9621538680299222,-2634.8712283737614,0.019105577531443912
16,1000,0.016,2000,100000,25,0.9817477042468103,0.6913417161825449,0.1,13.177044300762265,1.584893192461114,0.0016106217007797637,208106.2307008533,38908713317.34855,1.113072100413215,0.9477438681911771,1.315665029405961,1.3462034282356639,0.0016233340822838643,0.9983766659177161,0.0016375086167922043,1.313882958796362e-05,0.9983624913832078,1.3138829587963602e-05,0.9632911389222703,-2805.677313966898,0.018526037572941856,0.8598829220638773,-659.8380269445419,0.076881017245794,0.8584715391647355,0.0033107977368300678,-609.7601693032029,-5009.083879239592,-55.32789831895969,nan,nan,0.07746028427538774,0.0019229807500924742,0.9640141638509455,-2922.8721251677084,0.018157770387245226
16,1000,0.016,2000,100000,26,1.0210176124166828,0.7269952498697734,0.1,13.177044300762265,1.584893192461114,0.0016106217007797637,218277.3026712537,43024273633.79916,1.1073976812942403,0.950178848241864,1.3201693328051114,1.3507284924217755,0.0016233340822838643,0.9983766659177161,0.0016375086167922043,1.313882958796362e-05,0.9983624913832078,1.3138829587963602e-05,0.9649564810948312,-3086.7398533807586,0.01767801556982798,0.8626722239080744,-721.4935284290275,0.07532503784772689,0.8612690375000627,0.0032936190689202643,-667.4327161633155,-5517.309550585423,-59.202877451823554,nan,nan,0.07589752326861152,0.0019114528049106688,0.965648612591769,-3215.8682419716806,0.017325785119112317
16,1000,0.016,2000,100000,27,1.0602875205865552,0.7612492823579744,0.1,13.177044300762265,1.584893192461114,0.0016106217007797637,228049.1315387729,47173165278.526405,1.1024574265586173,0.952313667899708,1.3241253554363588,1.354702365220532,0.0016233340822838643,0.9983766659177161,0.0016375086167922043,1.313882958796362e-05,0.9983624913832078,1.3138829587963602e-05,0.966420087802456,-3369.4001764642585,0.016933324843906673,0.8651902492065762,-783.7129986230054,0.07392139233455901,0.8637961211288873,0.003277460438133482,-725.4982228711531,-6028.358792711992,-62.88913799805183,nan,nan,0.07448693234980198,0.0019006966335136097,0.9670849179841183,-3510.538454222852,0.0165952420370754
16,1000,0.016,2000,100000,28,1.0995574287564276,0.7938926261462365,0.1,13.177044300762265,1.584893192461114,0.0016106217007797637,237361.47072897968,51304686521.28945,1.098154410576998,0.9541845330316561,1.3275976053699086,1.3581899872210212,0.0016233340822838643,0.9983766659177161,0.0016375086167922043,1.313882958796362e-05,0.9983624913832078,1.3138829587963602e-05,0.9677054669839196,-3650.287378440184,0.01627978216165571,0.8674567006278179,-845.5986572743052,0.07265879304820985,0.8660720856815574,0.003262378868354982,-783.0840392295477,-6535.509337236086,-65.88796326113346,nan,nan,0.07321741094212825,0.0018907264671706408,0.9683462045443719,-3803.367588222075,0.01595416542501849
16,1000,0.016,2000,100000,29,1.1388273369263,0.8247240241650917,0.1,13.177044300762265,1.584893192461114,0.0016106217007797637,246156.90657409953,55366143709.03849,1.0944093013333374,0.9558215661177578,1.33063998599864,1.3612456101749435,0.0016233340822838643,0.9983766659177161,0.0016375086167922043,1.313882958796362e-05,0.9983624913832078,1.3138829587963602e-05,0.9688322942337831,-3925.9054470272254,0.015707211123751463,0.8694886759409552,-906.1124005718698,0.07152746314012919,0.8681136946286002,0.0032484176644423544,-839.1010185427971,-7033.313673268147,-68.59011649543665,nan,nan,0.07207933324833843,0.0018815513651361845,0.9694518219149185,-4090.709914426893,0.015392554408144543
16,1000,0.016,2000,100000,30,1.1780972450961724,0.8535533905932737,0.1,13.177044300762265,1.584893192461114,0.0016106217007797637,254381.21228736805,59303846422.267555,1.0911568990657174,0.9572498828669151,1.3332976135625292,1.3639146322878917,0.0016233340822838643,0.9983766659177161,0.0016375086167922043,1.313882958796362e-05,0.9983624913832078,1.3138829587963602e-05,0.9698170615005863,-4192.698258190624,0.015207097151595865,0.8713009966142591,-964.1412859156496,0.07051894164481921,0.869935495119364,0.0032356094649217356,-892.904423585401,-7513.309734115475,-71.85531766230599,nan,nan,0.07106436019332577,0.0018731765809490832,0.9704179851178122,-4368.856939878717,0.014902042882124291
16,1000,0.016,2000,100000,31,1.2173671532660448,0.8802029828000155,0.1,13.177044300762265,1.584893192461114,0.0016106217007797637,261983.68228920375,63064143956.953094,1.0883434782316281,0.9584904428904988,1.3356082652615797,1.3662350598007846,0.0016233340822838643,0.9983766659177161,0.0016375086167922043,1.313882958796362e-05,0.9983624913832078,1.3138829587963602e-05,0.9706735955616004,-4447.117222564795,0.014772312832409089,0.8729064809770093,-1019.8749244984849,0.06962592204302816,0.8715500807165558,0.0032239786420966677,-944.5920648307814,-7969.15826341807,-74.42232044337642,nan,nan,0.07016528350313982,0.001865604619735481,0.9712582860194426,-4634.107965988429,0.014475628906396485
16,1000,0.016,2000,100000,32,1.2566370614359172,0.9045084971874736,0.1,13.177044300762265,1.584893192461114,0.0016106217007797637,268917.4448239674,66594479370.99044,1.0859247315049023,0.9595607245604325,1.33760353652149,1.3682386745374877,0.0016233340822838643,0.9983766659177161,0.0016375086167922043,1.313882958796362e-05,0.9983624913832078,1.3138829587963602e-05,0.971413473511775,-4685.690039664317,0.014396898588597684,0.8743161714084516,-1072.2671913193062,0.0688421184398881,0.8729683100774939,0.0032135431929067207,-990.577105833293,-8396.614901619509,-76.20544602333098,nan,nan,0.06937589631087093,0.0018588360581005949,0.9719841030184455,-4882.841802291221,0.014107458686066806
16,1000,0.016,2000,100000,33,1.2959069696057897,0.9263200821770461,0.1,13.177044300762265,1.584893192461114,0.0016106217007797637,275139.75093992235,69844436787.22455,1.08386417056955,0.9604752618093498,1.3393097674495225,1.3699519682544783,0.0016233340822838643,0.9983766659177161,0.0016375086167922043,1.313882958796362e-05,0.9983624913832078,1.3138829587963602e-05,0.9720463561962237,-4905.088981748659,0.014075887202151985,0.8755395231094648,-1120.486306002094,0.06816215469877804,0.8741994888007069,0.0032043162300795162,-1031.8415147552691,-8789.717271075559,-77.69096264519911,nan,nan,0.06869088584089153,0.0018528701806642968,0.9726049296938262,-5111.587990007375,0.013792653802545352
16,1000,0.016,2000,100000,34,1.335176877775662,0.9455032620941839,0.1,13.177044300762265,1.584893192461114,0.0016106217007797637,280612.23805073684,72766757686.7458,1.082131877894378,0.9612460714568876,1.340748784506557,1.371396890396516,0.0016233340822838643,0.9983766659177161,0.0016375086167922043,1.313882958796362e-05,0.9983624913832078,1.3138829587963602e-05,0.9725802557083837,-5102.197132105657,0.013805163414255348,0.8765845604960725,-1164.0592743688183,0.06758147282863378,0.8752515202029975,0.0031963071575424567,-1070.654703601409,-9142.880709576848,-79.43592344561418,nan,nan,0.06810574463630216,0.0018477054741835768,0.9731286383744795,-5317.09589226801,0.01352717301768542
16,1000,0.016,2000,100000,35,1.3744467859455345,0.9619397662556434,0.1,13.177044300762265,1.584893192461114,0.0016106217007797637,285301.16645358613,75318302555.83379,1.0807035317801683,0.9618829927794554,1.3419384927500115,1.372591445034314,0.0016233340822838643,0.9983766659177161,0.0016375086167922043,1.313882958796362e-05,0.9983624913832078,1.3138829587963602e-05,0.973021749390043,-5274.171043551944,0.013581351864208151,0.8774580060396313,-1202.1069876071128,0.06709625768205073,0.8761310296301299,0.0031895225945566207,-1104.7687711614728,-9451.010537322949,-81.12867824975163,nan,nan,0.06761669751912557,0.0018433400103320264,0.9735616909335826,-5496.400050664546,0.013307701999461987
16,1000,0.016,2000,100000,36,1.413716694115407,0.9755282581475768,0.1,13.177044300762265,1.584893192461114,0.0016106217007797637,289177.6273456398,77460935453.09656,1.0795596472997513,0.962393955847964,1.342893345805957,1.3735501644511183,0.0016233340822838643,0.9983766659177161,0.0016375086167922043,1.313882958796362e-05,0.9983624913832078,1.3138829587963602e-05,0.973376149921201,-5418.498361161614,0.013401728198756199,0.8781653853975978,-1233.7836084046671,0.06670337563029824,0.8768434659669404,0.0031839670980393585,-1134.3816047963637,-9709.318267669749,-83.0739570471826,nan,nan,0.06722064205347802,0.0018397717407157546,0.973909306287814,-5646.880289364151,0.013131565867154681
16,1000,0.016,2000,100000,37,1.4529866022852793,0.9861849601988383,0.1,13.177044300762265,1.584893192461114,0.0016106217007797637,292217.7210564441,79162310811.22691,1.0786849906775522,0.9627851911840741,1.3436247143673976,1.374284480401552,0.0016233340822838643,0.9983766659177161,0.0016375086167922043,1.313882958796362e-05,0.9983624913832078,1.3138829587963602e-05,0.9736476388649954,-5533.049066763456,0.013264149397116887,0.878711111877902,-1258.7556636607221,0.0664003253748051,0.8773931832481171,0.0031796437208991757,-1157.8792026089836,-9914.208026752614,-84.62242605050456,nan,nan,0.06691510075267669,0.001836998721969351,0.9741755918799198,-5766.315166455543,0.012996660654119356
16,1000,0.016,2000,100000,38,1.4922565104551517,0.9938441702975689,0.1,13.177044300762265,1.584893192461114,0.0016106217007797637,294402.7043973383,80396544038.26448,1.0780681358046293,0.9630613902001933,1.3441411690126324,1.3748030090022507,0.0016233340822838643,0.9983766659177161,0.0016375086167922043,1.313882958796362e-05,0.9983624913832078,1.3138829587963602e-05,0.97383936927606,-5616.119148860814,0.013167000310559143,0.8790985526172714,-1276.8079939207842,0.06618519946020009,0.8777835046387777,0.0031765544350552044,-1174.916162506261,-10062.788091608461,-85.52345212920508,nan,nan,0.06669818365824688,0.0018350192843313998,0.9743636446845232,-5852.927524601716,0.012901400728112026
16,1000,0.016,2000,100000,39,1.5315264186250241,0.9984586668665639,0.1,13.177044300762265,1.584893192461114,0.0016106217007797637,295719.1062194451,81144750181.86546,1.0777011400889256,0.963225823448583,1.3444486891342842,1.3751117611645463,0.0016233340822838643,0.9983766659177161,0.0016375086167922043,1.313882958796362e-05,0.9983624913832078,1.3138829587963602e-05,0.9739535415683563,-5666.465676796151,0.01310915417744587,0.8793300782964097,-1287.5797789774092,0.06605665539303926,0.8780167705224652,0.0031747004405035533,-1185.2405745248611,-10152.83754599885,-85.96142557835503,nan,nan,0.0665685602425453,0.0018338321536004792,0.9744756258805289,-5905.421075795566,0.012844679961390857
16,1000,0.016,2000,100000,40,1.5707963267948966,1.0,0.1,13.177044300762265,1.584893192461114,0.0016106217007797637,296158.8104677833,81395438001.39935,1.0775793235019446,0.9632804217285844,1.3445508064918252,1.3752142871661999,0.0016233340822838643,0.9983766659177161,0.0016375086167922043,1.313882958796362e-05,0.9983624913832078,1.3138829587963602e-05,0.9739914556773996,-5683.332457961763,0.013089945497868714,0.879407097736111,-1291.226124364035,0.06601389555996044,0.878094371977756,0.0031740823758243234,-1188.6991904021752,-10183.005205065941,-86.10797792612935,-1405.8192407018391,-982.5813858935122,0.06652543986345552,0.0018334365335570342,0.974512812186046,-5923.007163615178,0.012825845057699022
128,1000,0.128,2000,100000,0,0.0,0.0,0.01,4.166947281934958,1.2589254117941688,0.0014434164156544224,1652012.319756577,27811526337.743713,98.12998652014711,0.019123633219223328,0.13982059791733312,0.1449812711878481,0.0014654242693998803,0.9985345757306001,0.0014659203855838794,4.3401006063182684e-06,0.9985340796144162,4.340100606318283e-06,0.9591515667750251,-2251.09785906421,0.0206371628578992,0.95832120422027,-2214.0390126680954,0.021065757353962128,0.958264161702705,0.0001351435635907855,-2208.5323798098734,-2698.9746152069556,-1803.645016147161,nan,nan,0.02109519251498849,6.908095836148857e-05,0.9591135929161908,-2246.783432222331,0.020656550072350392
128,1000,0.128,2000,100000,1,0.039269908169872414,0.001541333133436012,0.01,4.166947281934958,1.2589254117941688,0.0014434164156544224,1652452.0240049153,27811727327.741352,98.18152103462674,0.01911854457359368,0.1397846643770279,0.14494035440853822,0.0014654242693998803,0.9985345757306001,0.0014659203855838794,4.3401006063182684e-06,0.9985340796144162,4.340100606318283e-06,0.9591621013203014,-2252.296904438412,0.020631784607902756,0.9583323301080443,-2214.918260681118,0.02106006985531613,0.9582754649585602,0.00013506860257331342,-2210.875326838365,-2702.0093861573914,-1805.8165070930027,nan,nan,0.021089413642012042,6.904216697494736e-05,0.9591242014162129,-2247.9875014147583,0.020651133958785334
128,1000,0.128,2000,100000,2,0.07853981633974483,0.0061558297024311365,0.01,4.166947281934958,1.2589254117941688,0.0014434164156544224,1653768.4258270222,27814640799.795036,98.32771258662238,0.019103326187198302,0.1396830019807949,0.14482370810984485,0.0014654242693998803,0.9985345757306001,0.0014659203855838794,4.3401006063182684e-06,0.9985340796144162,4.340100606318283e-06,0.9591936075514705,-2255.888555818786,0.020615699762615947,0.9583655311091178,-2218.3848504587904,0.02104309832449903,0.958309192743901,0.0001348514050789608,-2216.109392349964,-2705.093408644391,-1810.52721865607,nan,nan,0.021072170752254465,6.892974505800775e-05,0.9591559286291029,-2251.5942129857453,0.020634935976832518
128,1000,0.128,2000,100000,3,0.11780972450961724,0.013815039801161699,0.01,4.166947281934958,1.2589254117941688,0.0014434164156544224,1655953.4091679163,27827127092.332237,98.54347106102995,0.019078119892598704,0.13953379203373778,0.14464941731468234,0.0014654242693998803,0.9985345757306001,0.0014659203855838794,4.3401006063182684e-06,0.9985340796144162,4.340100606318283e-06,0.9592457949019635,-2261.856345818236,0.020589057186941852,0.9584202853435354,-2224.5206184026615,0.021015111438542698,0.958364807697018,0.00013451421780580106,-2222.777669760039,-2710.9369737040834,-1818.8161053805418,nan,nan,0.02104374056417791,6.875512966015108e-05,0.9592084813614647,-2257.587065340149,0.02060810634278547
128,1000,0.128,2000,100000,4,0.15707963267948966,0.024471741852423214,0.01,4.166947281934958,1.2589254117941688,0.0014434164156544224,1658993.5028787206,27860384717.282207,98.78756056396237,0.01904315937455037,0.1393665522411946,0.1444468606690207,0.0014654242693998803,0.9985345757306001,0.0014659203855838794,4.3401006063182684e-06,0.9985340796144162,4.340100606318283e-06,0.9593181845324323,-2270.172786161438,0.020552102185914013,0.9584957491242445,-2232.6082689217533,0.02097654341004133,0.9584414418304739,0.00013409155322080676,-2229.786311864361,-2717.4339382186,-1830.8944321474905,nan,nan,0.02100456990534381,6.853605417511293e-05,0.9592813764641274,-2265.9385118175255,0.020570892578678095
128,1000,0.128,2000,100000,5,0.19634954084936207,0.03806023374435662,0.01,4.166947281934958,1.2589254117941688,0.0014434164156544224,1662869.9637707742,27929603677.440735,99.00378638900877,0.018998766208406945,0.13922094008465988,0.14425554738875468,0.0014654242693998803,0.9985345757306001,0.0014659203855838794,4.3401006063182684e-06,0.9985340796144162,4.340100606318283e-06,0.9594101173050361,-2280.7993080359065,0.02050517239495547,0.958590793139912,-2242.846017169076,0.02092797518353781,0.9585379346769292,0.00013362677501779739,-2238.722559890189,-2728.209671110884,-1835.9944239808306,nan,nan,0.02095525588134542,6.82947829067319e-05,0.9593739489058214,-2276.6098990360597,0.02052363535110183
128,1000,0.128,2000,100000,6,0.23561944901923448,0.05449673790581606,0.01,4.166947281934958,1.2589254117941688,0.0014434164156544224,1667558.8921736237,28053492737.898552,99.12322450711089,0.018945344494240332,0.13914504884369944,0.14412346217569852,0.0014654242693998803,0.9985345757306001,0.0014659203855838794,4.3401006063182684e-06,0.9985340796144162,4.340100606318283e-06,0.9595207645909162,-2293.6861870470166,0.02044869221111434,0.958704047778129,-2254.617622091235,0.020870110910405398,0.9586528808702001,0.00013316806699547524,-2244.657167166477,-2736.913575200285,-1843.5474515568528,nan,nan,0.020896521170989387,6.80560311528931e-05,0.9594853627140965,-2289.5513891370497,0.020466762833390932
128,1000,0.128,2000,100000,7,0.2748893571891069,0.0736799178229539,0.01,4.166947281934958,1.2589254117941688,0.0014434164156544224,1673031.379284438,28253692900.19989,99.06789905154616,0.01888337425576279,0.13919319329521834,0.1441049147483533,0.0014654242693998803,0.9985345757306001,0.0014659203855838794,4.3401006063182684e-06,0.9985340796144162,4.340100606318283e-06,0.9596491415762255,-2308.772460942685,0.020383165938730127,0.9588339535266471,-2269.5441972181598,0.020803751828353517,0.9587846827812844,0.00013276431093768137,-2265.5175896179026,-2764.9532235522993,-1857.8418324203135,nan,nan,0.020829186740909,6.784484408430008e-05,0.9596146244435704,-2304.7018741919396,0.020400783767376456
128,1000,0.128,2000,100000,8,0.3141592653589793,0.09549150281252627,0.01,4.166947281934958,1.2589254117941688,0.0014434164156544224,1679253.6854003929,28554092297.375435,98.7561751416624,0.018813403806304772,0.13942321632834115,0.14425792181929176,0.0014654242693998803,0.9985345757306001,0.0014659203855838794,4.3401006063182684e-06,0.9985340796144162,4.340100606318283e-06,0.959794122665913,-2325.985850189575,0.020309169857187587,0.9589788125842248,-2285.89546733716,0.0207297695630715,0.9589316040975812,0.0001324613289292556,-2281.998324834083,-2777.706603056267,-1867.424361318103,nan,nan,0.020754144124278173,6.76846696847389e-05,0.9597605987644927,-2321.988892973144,0.02032627943560068
128,1000,0.128,2000,100000,9,0.3534291735288517,0.11979701719998452,0.01,4.166947281934958,1.2589254117941688,0.0014434164156544224,1686187.4479351568,28980060317.96666,98.10980647998761,0.020272851304039486,0.13989340265066103,0.14464119996456168,0.0014654242693998803,0.9985345757306001,0.0014659203855838794,4.3401006063182684e-06,0.9985340796144162,4.340100606318283e-06,0.9599544585374102,-2345.242693100892,0.020227343442668782,0.9591368384524026,-2304.465247289967,0.02064908052804586,0.959091820978057,0.00013229882148462654,-2305.809330068141,-2804.268370183882,-1882.5782060596102,nan,nan,0.020672329011288702,6.759579526476351e-05,0.9599220257169593,-2341.3285619280186,0.02024389477944091
128,1000,0.128,2000,100000,10,0.39269908169872414,0.14644660940672624,0.01,4.166947281934958,1.2589254117941688,0.0014434164156544224,1693789.9179369924,29557620912.849796,97.0620840751691,0.02467029527218932,0.14065915605750798,0.14531091350655104,0.0014654242693998803,0.9985345757306001,0.0014659203855838794,4.3401006063182684e-06,0.9985340796144162,4.340100606318283e-06,0.9601287943696897,-2366.447908485942,0.020138379989454946,0.9593062011420548,-2324.483425970444,0.020562622642907997,0.9592634683788085,0.00013230819242400228,-2318.152885210287,-2834.7627066109085,-1901.8585654170765,nan,nan,0.020584697391199787,6.759424347754743e-05,0.9600975391492228,-2362.625533481579,0.02015432891234207
128,1000,0.128,2000,100000,11,0.43196898986859655,0.17527597583490817,0.01,4.166947281934958,1.2589254117941688,0.0014434164156544224,1702014.2236502608,30312586686.276463,95.56599202466953,0.029383187533283422,0.1417696688014828,0.1463173904423616,0.0014654242693998803,0.9985345757306001,0.0014659203855838794,4.3401006063182684e-06,0.9985340796144162,4.340100606318283e-06,0.9603156887668756,-2389.49499967217,0.020043016879375722,0.9594850665187348,-2344.785443816804,0.020471335123640272,0.9594446801054686,0.0001325113198758421,-2344.9110519301666,-2870.465017955069,-1914.5515820772712,nan,nan,0.020492204981259577,6.769115557572834e-05,0.9602856858523969,-2385.772995686276,0.020058325280327246
128,1000,0.128,2000,100000,12,0.47123889803846897,0.2061073738537634,0.01,4.166947281934958,1.2589254117941688,0.0014434164156544224,1710809.6594953807,31269676480.579353,93.60089455484103,0.03437322126197057,0.1432648647200288,0.14770207291555412,0.0014654242693998803,0.9985345757306001,0.0014659203855838794,4.3401006063182684e-06,0.9985340796144162,4.340100606318283e-06,0.9605136329084553,-2414.2661142102215,0.019942025741101755,0.959671629096792,-2366.5582040544277,0.020376141688203685,0.9596336219739251,0.00013292022330902217,-2365.087316930262,-2911.3159376899903,-1931.5112202330554,nan,nan,0.020395790247943076,6.789263355807716e-05,0.9604849449171754,-2410.6527277043406,0.019956661714812002
128,1000,0.128,2000,100000,13,0.5105088062083414,0.23875071764202552,0.01,4.166947281934958,1.2589254117941688,0.0014434164156544224,1720121.9986855874,32451639704.28386,91.17627698706127,0.039600899357842057,0.14517290967713317,0.14949498579991571,0.0014654242693998803,0.9985345757306001,0.0014659203855838794,4.3401006063182684e-06,0.9985340796144162,4.340100606318283e-06,0.9607210694879589,-2440.6321735911424,0.01983620272530021,0.9598641382087326,-2389.3113265232732,0.0202779372019012,0.9598285180891402,0.00013353749503468334,-2389.1769191850467,-2935.4533327660133,-1943.3949670165857,nan,nan,0.020296361000888236,6.819997168015417e-05,0.9606937468687193,-2437.135225629752,0.01985014060669311
128,1000,0.128,2000,100000,14,0.5497787143782138,0.2730047501302265,0.01,4.166947281934958,1.2589254117941688,0.0014434164156544224,1729893.8275531067,33878410611.791172,88.33155394736274,0.04502600435938375,0.14750853887294804,0.15171297251573296,0.0014654242693998803,0.9985345757306001,0.0014659203855838794,4.3401006063182684e-06,0.9985340796144162,4.340100606318283e-06,0.9609364110457203,-2468.45308687319,0.019726359098786908,0.9600609179095355,-2411.3344019037104,0.0201775775642467,0.9600276706795544,0.00013435731364590044,-2419.8442678869333,-2974.9527532999846,-1959.6052427233167,nan,nan,0.020194784320569675,6.8610182540312e-05,0.9609104921805426,-2465.0799127231285,0.019739579407317607
128,1000,0.128,2000,100000,15,0.5890486225480862,0.3086582838174551,0.01,4.166947281934958,1.2589254117941688,0.0014434164156544224,1740064.899523507,35566315119.61163,85.13184017998475,0.050608042846673154,0.15027235226274113,0.15435886022705939,0.0014654242693998803,0.9985345757306001,0.0014659203855838794,4.3401006063182684e-06,0.9985340796144162,4.340100606318283e-06,0.9611580573556142,-2497.5780612365115,0.019613312332519436,0.9602603812435984,-2433.8350133983213,0.020075872503054926,0.9602294741787459,0.00013536683640489903,-2438.6366560906417,-3013.9312771697755,-1977.2108083942014,nan,nan,0.020091879452091094,6.91167133583249e-05,0.9611335688235276,-2494.3354472468163,0.019625801633107204
128,1000,0.128,2000,100000,16,0.6283185307179586,0.3454915028125263,0.01,4.166947281934958,1.2589254117941688,0.0014434164156544224,1750572.5065558667,37527351553.96857,81.66054820847636,0.056306657196030584,0.15345109720465433,0.15742159369206885,0.0014654242693998803,0.9985345757306001,0.0014659203855838794,4.3401006063182684e-06,0.9985340796144162,4.340100606318283e-06,0.9613844115867803,-2527.8460211714655,0.019497877826477942,0.9604610396372852,-2456.992743624012,0.019973580874311427,0.9604324243656512,0.00013654777461903685,-2463.8324145593197,-3047.977891127013,-1989.6232950876333,nan,nan,0.01998841323860258,6.971025239764277e-05,0.961361368568421,-2524.7401397634244,0.019509628518249545
128,1000,0.128,2000,100000,17,0.667588438887831,0.3832773180720473,0.01,4.166947281934958,1.2589254117941688,0.0014434164156544224,1761351.8657586968,39768564996.13112,78.01036812149131,0.062081999259793526,0.15701882453835825,0.16087724793232266,0.0014654242693998803,0.9985345757306001,0.0014659203855838794,4.3401006063182684e-06,0.9985340796144162,4.340100606318283e-06,0.9616138950258242,-2559.0861462863413,0.019380861381023178,0.9606615082183261,-2480.1383007694567,0.019871408049228195,0.9606351233988171,0.00013787798426026323,-2488.422774085685,-3091.480469019691,-2001.7258239814773,nan,nan,0.01988509765809545,7.037954040687589e-05,0.9615923018256896,-2556.122490025097,0.019391871425853646
128,1000,0.128,2000,100000,18,0.7068583470577035,0.4217827674798846,0.01,4.166947281934958,1.2589254117941688,0.0014434164156544224,1772336.5187980116,42291532667.06215,74.27436505065452,0.06789506224652594,0.16093870324186949,0.1646907260928564,0.0014654242693998803,0.9985345757306001,0.0014659203855838794,4.3401006063182684e-06,0.9985340796144162,4.340100606318283e-06,0.9618449602094852,-2591.1185356291403,0.019263052490890838,0.960860507836692,-2502.2687554893746,0.019770004985876076,0.9608362815423078,0.00013933294492007308,-2512.5424276995104,-3138.1506310948976,-2016.8313141799906,nan,nan,0.019782589049170803,7.111212307014856e-05,0.9618248108721446,-2588.3018514696373,0.019273325094017628
128,1000,0.128,2000,100000,19,0.7461282552275759,0.4607704521360774,0.01,4.166947281934958,1.2589254117941688,0.0014434164156544224,1783458.7416350555,45091975126.173325,70.53860635322371,0.07370796869800844,0.16516522954669266,0.16881789184338156,0.0014654242693998803,0.9985345757306001,0.0014659203855838794,4.3401006063182684e-06,0.9985340796144162,4.340100606318283e-06,0.9620761023796023,-2623.7550040022234,0.01914521850602049,0.961056864495964,-2523.2917841974827,0.019669968618427833,0.9610347163070011,0.00014088704479282176,-2537.5124262299832,-3185.821343829269,-2027.7851674001502,nan,nan,0.019681488651314905,7.18950032704517e-05,0.9620573813764425,-2621.089228900162,0.01915476176083602
128,1000,0.128,2000,100000,20,0.7853981633974483,0.4999999999999999,0.01,4.166947281934958,1.2589254117941688,0.0014434164156544224,1794649.9620675242,48159505015.41415,66.87710941626398,0.07948421394150833,0.1696465706840672,0.17320788035608226,0.0014654242693998803,0.9985345757306001,0.0014659203855838794,4.3401006063182684e-06,0.9985340796144162,4.340100606318283e-06,0.9623058692290621,-2656.800013063355,0.019028099674072114,0.9612495068188232,-2545.8257651926265,0.019571843242419576,0.961229349639855,0.00014251463048603748,-2570.073790839968,-3213.563959033863,-2040.2210812583255,nan,nan,0.019582344133569664,7.271517284990565e-05,0.9622885521931974,-2654.288212212947,0.019036926182642917
128,1000,0.128,2000,100000,21,0.8246680715673207,0.5392295478639225,0.01,4.166947281934958,1.2589254117941688,0.0014434164156544224,1805841.1824999931,51477521734.1912,63.34924966380009,0.08518886569780854,0.17432682804524682,0.17780536817608075,0.0014654242693998803,0.9985345757306001,0.0014659203855838794,4.3401006063182684e-06,0.9985340796144162,4.340100606318283e-06,0.9625328689577424,-2690.051737114318,0.01891240505358429,0.9614374620784253,-2568.6229082608925,0.01947612262273679,0.9614192036979887,0.00014419081350853315,-2594.968049487895,-3256.5864244991467,-2056.066857334745,nan,nan,0.01948565183577835,7.35600202448415e-05,0.9625169234463475,-2687.696046116758,0.01892053153358291
128,1000,0.128,2000,100000,22,0.8639379797371931,0.5782172325201155,0.01,4.166947281934958,1.2589254117941688,0.0014434164156544224,1816963.4053370373,55023256864.84971,59.99928401989878,0.09078872162205633,0.17914806945356615,0.18255264202884763,0.0014654242693998803,0.9985345757306001,0.0014659203855838794,4.3401006063182684e-06,0.9985340796144162,4.340100606318283e-06,0.962755776700188,-2723.3032604477894,0.018798809264793014,0.9616198512376017,-2589.005285352521,0.01938325259793281,0.9616033956520573,0.00014589204852821818,-2614.9503396098607,-3292.6850829939453,-2067.0063510841414,nan,nan,0.019391859494783815,7.441762204577764e-05,0.9627411629655835,-2721.1048327256763,0.01880625615244394
128,1000,0.128,2000,100000,23,0.9032078879070655,0.6167226819279528,0.01,4.166947281934958,1.2589254117941688,0.0014434164156544224,1827948.0583763518,58767971470.28112,56.85740073249955,0.09625242743505666,0.18405204687892376,0.18739137150416776,0.0014654242693998803,0.9985345757306001,0.0014659203855838794,4.3401006063182684e-06,0.9985340796144162,4.340100606318283e-06,0.962973339421439,-2756.3439000271605,0.018687950027393634,0.9617958833550079,-2609.185018999413,0.01929363399750149,0.9617811318789712,0.00014759651234530139,-2630.641475386078,-3324.872530203541,-2072.534854317981,nan,nan,0.01930136927179688,7.527693343718652e-05,0.9629600111746172,-2754.302860779663,0.018694741084805424
128,1000,0.128,2000,100000,24,0.9424777960769379,0.6545084971874737,0.01,4.166947281934958,1.2589254117941688,0.0014434164156544224,1838727.4175791822,62677302645.62411,53.9416722393597,0.1015505589689787,0.18898157188519937,0.19226404743341857,0.0014654242693998803,0.9985345757306001,0.0014659203855838794,4.3401006063182684e-06,0.9985340796144162,4.340100606318283e-06,0.9631843794040243,-2788.96064418778,0.018580426420980574,0.9619648496440572,-2628.56640177771,0.019207625726638183,0.9619517018296851,0.00014928431869927963,-2652.9733462333434,-3368.92468971135,-2086.1955135351827,nan,nan,0.01921454093558469,7.612789549714968e-05,0.9631722845568098,-2787.076052129153,0.01858658835493301
128,1000,0.128,2000,100000,25,0.9817477042468103,0.6913417161825449,0.01,4.166947281934958,1.2589254117941688,0.0014434164156544224,1849235.0246115415,66711753017.08526,51.26038548821003,0.10665567191522532,0.19388156104710066,0.19711509009945427,0.0014654242693998803,0.9985345757306001,0.0014659203855838794,4.3401006063182684e-06,0.9985340796144162,4.340100606318283e-06,0.9633877964680654,-2820.9396950480045,0.018476797794333644,0.962126117407545,-2647.3996867405785,0.019125547905457865,0.9621144717941973,0.00015093760468766026,-2673.490302985313,-3403.5528623032524,-2099.5045588447692,nan,nan,0.01913169508888687,7.696147759087113e-05,0.9633768778426414,-2819.20951308843,0.018482359892273138
128,1000,0.128,2000,100000,26,1.0210176124166828,0.7269952498697734,0.01,4.166947281934958,1.2589254117941688,0.0014434164156544224,1859406.096581942,70827313333.53586,48.814374981650786,0.11154232334226005,0.19869978755565104,0.20189165817638507,0.0014654242693998803,0.9985345757306001,0.0014659203855838794,4.3401006063182684e-06,0.9985340796144162,4.340100606318283e-06,0.9635825690783074,-2852.0680994787585,0.01837758324378749,0.962279124018103,-2665.126572266722,0.019047684976734657,0.9622688787327588,0.0001525405217837223,-2691.3594033928257,-3435.4746745701414,-2114.526904120232,nan,nan,0.01905311635275963,7.776967162098155e-05,0.9635727650753111,-2850.489175393125,0.018382577031504015
128,1000,0.128,2000,100000,27,1.0602875205865552,0.7612492823579744,0.01,4.166947281934958,1.2589254117941688,0.0014434164156544224,1869177.9254494612,74976204978.26312,46.59913259147314,0.11618706917096198,0.20338738626605887,0.20654420281786984,0.0014654242693998803,0.9985345757306001,0.0014659203855838794,4.3401006063182684e-06,0.9985340796144162,4.340100606318283e-06,0.9637677544975843,-2882.135450873136,0.018283261578175822,0.9624233710713234,-2682.446639573048,0.01897428871841034,0.9624144242987231,0.00015407915986532543,-2710.80000933651,-3478.5728964877276,-2122.634221747668,nan,nan,0.01897905644584677,7.854545254225003e-05,0.9637589997163165,-2880.7035088621847,0.018287720502429272
128,1000,0.128,2000,100000,28,1.0995574287564276,0.7938926261462365,0.01,4.166947281934958,1.2589254117941688,0.0014434164156544224,1878490.264639668,79107726221.02615,44.60658702901898,0.12056844178039072,0.20789916146511606,0.21102681522346767,0.0014654242693998803,0.9985345757306001,0.0014659203855838794,4.3401006063182684e-06,0.9985340796144162,4.340100606318283e-06,0.9639424881466694,-2910.935641649459,0.01819427168778991,0.9625584188034404,-2698.4080688366535,0.018905581114954426,0.9625506691434057,0.00015554142749257488,-2719.184034373279,-3510.431524228878,-2133.2565570685256,nan,nan,0.01890973711347271,7.928271690476544e-05,0.9639347139531004,-2909.6452855316606,0.018198230826048826
128,1000,0.128,2000,100000,29,1.1388273369263,0.8247240241650917,0.01,4.166947281934958,1.2589254117941688,0.0014434164156544224,1887285.7004847878,83169183408.7752,42.82652743802875,0.12466691179397026,0.21219374325809606,0.21529741388006224,0.0014654242693998803,0.9985345757306001,0.0014659203855838794,4.3401006063182684e-06,0.9985340796144162,4.340100606318283e-06,0.9641059823266229,-2938.26864447261,0.0181110132369226,0.9626838808377698,-2713.5621423644006,0.018841757055750682,0.9626772275655686,0.00015691690664742323,-2734.780037867478,-3532.912368125823,-2147.37199571414,nan,nan,0.018845352875568277,7.997620863242282e-05,0.9640991173668125,-2937.1133730576144,0.018114509035390403
128,1000,0.128,2000,100000,30,1.1780972450961724,0.8535533905932737,0.01,4.166947281934958,1.2589254117941688,0.0014434164156544224,1895510.0061980565,87106886122.00427,41.24769399476135,0.1284648378902747,0.21623363245134247,0.21931781235207445,0.0014654242693998803,0.9985345757306001,0.0014659203855838794,4.3401006063182684e-06,0.9985340796144162,4.340100606318283e-06,0.9642575244525986,-2963.9422986416375,0.018033847603391922,0.9627994193025402,-2727.7592468536513,0.01878298683962277,0.9627937625465841,0.00015819669568001784,-2740.398399424454,-3569.4601689822166,-2159.3904046628804,nan,nan,0.018786073573374227,8.062143897511362e-05,0.964251495110817,-2962.9145336311612,0.0180369176436331
128,1000,0.128,2000,100000,31,1.2173671532660448,0.8802029828000155,0.01,4.166947281934958,1.2589254117941688,0.0014434164156544224,1903112.4761998921,90867183656.68982,39.85858206799434,0.1319464082169611,0.21998516696884668,0.22305370195931512,0.0014654242693998803,0.9985345757306001,0.0014659203855838794,4.3401006063182684e-06,0.9985340796144162,4.340100606318283e-06,0.9643964749384533,-2987.7740770094865,0.017963098993498506,0.9629047403462807,-2740.2166625247264,0.01872941847293535,0.9628999811958928,0.0001593732504644604,-2750.063836684094,-3595.277686313514,-2163.470906081253,nan,nan,0.01873204670316752,8.121460567656948e-05,0.9643912057407465,-2986.865203553574,0.01796578178724002
128,1000,0.128,2000,100000,32,1.2566370614359172,0.9045084971874736,0.01,4.166947281934958,1.2589254117941688,0.0014434164156544224,1910046.2387346558,94397519070.72714,38.64801395226226,0.1350975766812699,0.2234184362581202,0.2264745771443436,0.0014654242693998803,0.9985345757306001,0.0014659203855838794,4.3401006063182684e-06,0.9985340796144162,4.340100606318283e-06,0.9645222648602298,-3009.5928082059036,0.01789905566676607,0.9629995900646312,-2751.601599100154,0.018681179754894757,0.9629956306191478,0.0001604402307719249,-2765.4958580638167,-3622.260036304553,-2167.545139818081,nan,nan,0.018683399531404184,8.175251488427603e-05,0.9645176788253732,-3008.7932280163345,0.017901390477833328
128,1000,0.128,2000,100000,33,1.2959069696057897,0.9263200821770461,0.01,4.166947281934958,1.2589254117941688,0.0014434164156544224,1916268.5448506107,97647476486.96127,37.60553030240577,0.13790599706304887,0.22650716433804388,0.22955362542858412,0.0014654242693998803,0.9985345757306001,0.0014659203855838794,4.3401006063182684e-06,0.9985340796144162,4.340100606318283e-06,0.9646343935142943,-3029.2403288481955,0.017841971211203518,0.9630837508435204,-2761.959629784392,0.018638380148135333,0.9630804942126107,0.00016139235656130495,-2777.234456448371,-3655.9313966175846,-2169.8843882865535,nan,nan,0.018640240990084683,8.223250816141856e-05,0.9646304124550714,-3028.539525541606,0.01784399790304629
128,1000,0.128,2000,100000,34,1.335176877775662,0.9455032620941839,0.01,4.166947281934958,1.2589254117941688,0.0014434164156544224,1921741.0319614252,100569797386.48254,36.72164695462086,0.1403609575602849,0.229228577300335,0.23226759884697779,0.0014654242693998803,0.9985345757306001,0.0014659203855838794,4.3401006063182684e-06,0.9985340796144162,4.340100606318283e-06,0.9647324259731511,-3046.5730408561953,0.01779206581643252,0.9631570381174587,-2771.668736231346,0.01860111243576159,0.9631543883812639,0.00016222527716932056,-2780.5697370451817,-3678.238228135412,-2175.557905670928,nan,nan,0.01860266335417313,8.265239609338116e-05,0.9647289707516967,-3045.9596569721775,0.017793824723293293
128,1000,0.128,2000,100000,35,1.3744467859455345,0.9619397662556434,0.01,4.166947281934958,1.2589254117941688,0.0014434164156544224,1926429.9603642744,103121342255.57053,35.98801480872528,0.1424533180432643,0.2315632671839034,0.23459667967042788,0.0014654242693998803,0.9985345757306001,0.0014659203855838794,4.3401006063182684e-06,0.9985340796144162,4.340100606318283e-06,0.9648159907291611,-3061.4633499347356,0.01774952749863174,0.9632192975376175,-2779.5895692842496,0.01856945416800932,0.9632171596741664,0.0001629354551465393,-2788.3650731872585,-3694.9809003403684,-2177.461986988068,nan,nan,0.01857074370483049,8.301039935841581e-05,0.9648129814707266,-3060.9252748541735,0.017751059318093926
128,1000,0.128,2000,100000,36,1.413716694115407,0.9755282581475768,0.01,4.166947281934958,1.2589254117941688,0.0014434164156544224,1930306.4212563282,105263975152.83328,35.39751253487715,0.14417545196931325,0.23349506109058638,0.23652434999406524,0.0014654242693998803,0.9985345757306001,0.0014659203855838794,4.3401006063182684e-06,0.9985340796144162,4.340100606318283e-06,0.9648847775038452,-3073.8009627344745,0.01771451323770176,0.9632704025420046,-2785.4776041455552,0.01854346890282724,0.9632686823283377,0.0001635200656321172,-2794.9312097003576,-3708.6720087443937,-2183.0126699592392,nan,nan,0.01854454518329228,8.330509770238716e-05,0.9648821337738265,-3073.3254305153787,0.0177158589421153
128,1000,0.128,2000,100000,37,1.4529866022852793,0.9861849601988383,0.01,4.166947281934958,1.2589254117941688,0.0014434164156544224,1933346.5149671324,106965350510.96365,34.94429484950305,0.14552119460048574,0.23501090206059794,0.2380372722595034,0.0014654242693998803,0.9985345757306001,0.0014659203855838794,4.3401006063182684e-06,0.9985340796144162,4.340100606318283e-06,0.9649385352883801,-3083.494022123419,0.01768714999325182,0.9633102523189823,-2790.393126590372,0.018523207245156353,0.9633088562115237,0.00016397691160015542,-2801.350919011401,-3719.978609825549,-2184.788642608212,nan,nan,0.01852411804062646,8.353538697629171e-05,0.964936176237805,-3083.0677180805706,0.017688350757355083
128,1000,0.128,2000,100000,38,1.4922565104551517,0.9938441702975689,0.01,4.166947281934958,1.2589254117941688,0.0014434164156544224,1935531.4983080267,108199583738.00122,34.62381324880058,0.14648579887408048,0.23610074643421358,0.23912518585271675,0.0014654242693998803,0.9985345757306001,0.0014659203855838794,4.3401006063182684e-06,0.9985340796144162,4.340100606318283e-06,0.9649770706693956,-3090.4700623594435,0.0176675355718943,0.9633387701553168,-2793.8650997396944,0.018508707689651047,0.9633376051542905,0.00016430435497134474,-2803.7060591660884,-3726.03549350672,-2186.58680023656,nan,nan,0.018509500488503035,8.370044422551885e-05,0.964974915154331,-3090.0792370444215,0.01766863271382251
128,1000,0.128,2000,100000,39,1.5315264186250241,0.9984586668665639,0.01,4.166947281934958,1.2589254117941688,0.0014434164156544224,1936847.9001301334,108947789881.6022,34.432821375406306,0.1470659000010098,0.2367574810642194,0.23978082344667626,0.0014654242693998803,0.9985345757306001,0.0014659203855838794,4.3401006063182684e-06,0.9985340796144162,4.340100606318283e-06,0.9650002464832914,-3094.6767687002057,0.017655739323890883,0.9633559021606679,-2796.240615726291,0.018499997271169563,0.9633548756627337,0.0001645012634064091,-2805.478619867019,-3729.372607615358,-2187.5101285420915,nan,nan,0.018500719355618672,8.379970073190435e-05,0.964998213163808,-3094.307357793803,0.01765677425667154
128,1000,0.128,2000,100000,40,1.5707963267948966,1.0,0.01,4.166947281934958,1.2589254117941688,0.0014434164156544224,1937287.6043784716,109198477701.13608,34.36937346645292,0.14725948960870378,0.23697686270169518,0.23999984962630128,0.0014654242693998803,0.9985345757306001,0.0014659203855838794,4.3401006063182684e-06,0.9985340796144162,4.340100606318283e-06,0.9650079808319971,-3096.082529064237,0.017651802652441838,0.9633616163616993,-2796.9661307528336,0.01849709202666056,0.9633606360045128,0.00016456697253671638,-2805.8980084442173,-3730.1933628060046,-2187.6915148037424,-2868.7812938683865,-2743.4599953684938,0.01849779055364786,8.383282288023836e-05,0.9650059882564582,-3095.7202775772553,0.017652816843017435
128,1000,0.128,2000,100000,0,0.0,0.0,0.1,13.177044300762265,12.589254117941687,0.0144071822207571,1652012.319756577,27811526337.743713,98.12998652014711,0.019123633219223328,0.14246217637105082,0.14477578743436595,0.014436459809787309,0.9855635401902126,0.014532621072460337,4.2643247780159e-05,0.9854673789275396,4.264324778015902e-05,0.9957365950803667,-218656.32239394833,0.0021339793938432903,0.9956508246186232,-215682.5506368262,0.0021770070735406422,0.995684172083957,1.418519372605636e-05,-219213.06128043338,-266375.857525281,-179729.46866295714,nan,nan,0.0021602979076137847,7.108539450948931e-06,0.9957737370195716,-222528.93681231613,0.0021153688829696543
128,1000,0.128,2000,100000,1,0.039269908169872414,0.001541333133436012,0.1,13.177044300762265,12.589254117941687,0.0144071822207571,1652452.0240049153,27811727327.741352,98.18152103462674,0.01911854457359368,0.14242486269126356,0.14473792771614105,0.014436459809787309,0.9855635401902126,0.014532621072460337,4.2643247780159e-05,0.9854673789275396,4.264324778015902e-05,0.9957377259434971,-218772.73831705647,0.0021334127532393137,0.9956520257563191,-215820.1869870343,0.0021764051396456,0.995685362778181,1.4176943684596928e-05,-219220.64915743028,-266439.8386116441,-179765.64684296024,nan,nan,0.002159701212837299,7.1044000224030085e-06,0.9957748532426943,-222646.90501015662,0.0021148095884505297
128,1000,0.128,2000,100000,2,0.07853981633974483,0.0061558297024311365,0.1,13.177044300762265,12.589254117941687,0.0144071822207571,1653768.4258270222,27814640799.795036,98.32771258662238,0.019103326187198302,0.14231918443255823,0.1446302710674169,0.014436459809787309,0.9855635401902126,0.014532621072460337,4.2643247780159e-05,0.9854673789275396,4.264324778015902e-05,0.9957411079770034,-219121.45356997746,0.0021317181225753703,0.9956556097203624,-216160.5491581295,0.002174609091850623,0.9956889156626073,1.4153011205047432e-05,-219643.654093471,-266744.0874568306,-180003.04387919343,nan,nan,0.0021579207565617453,7.092391738765403e-06,0.9957781915079298,-223000.26917973277,0.002113136919856166
128,1000,0.128,2000,100000,3,0.11780972450961724,0.013815039801161699,0.1,13.177044300762265,12.589254117941687,0.0144071822207571,1655953.4091679163,27827127092.332237,98.54347106102995,0.019078119892598704,0.1421636910911459,0.1444703602313633,0.014436459809787309,0.9855635401902126,0.014532621072460337,4.2643247780159e-05,0.9854673789275396,4.264324778015902e-05,0.9957467096946931,-219700.86932575246,0.0021289112842816393,0.9956615190824024,-216756.80938747525,0.002171647730551027,0.9956947740265532,1.4115767698660155e-05,-220104.9266729412,-267314.9533372525,-180518.1491875879,nan,nan,0.0021549849791188333,7.07370369582631e-06,0.9957837207812912,-223587.40677926838,0.002110366432594367
128,1000,0.128,2000,100000,4,0.15707963267948966,0.024471741852423214,0.1,13.177044300762265,12.589254117941687,0.0144071822207571,1658993.5028787206,27860384717.282207,98.78756056396237,0.01904315937455037,0.1419884957538302,0.1442866787583651,0.014436459809787309,0.9855635401902126,0.014532621072460337,4.2643247780159e-05,0.9854673789275396,4.264324778015902e-05,0.9957544792185021,-220508.31673379883,0.0021250182420133384,0.9956696610843551,-217579.47706300637,0.0021675675724900246,0.9957028462022872,1.4068905893103056e-05,-221030.50597193267,-268470.2376390141,-181274.89144245186,nan,nan,0.0021509398502664763,7.050187442235858e-06,0.9957913899283374,-224405.6094604801,0.0021065237570006726
128,1000,0.128,2000,100000,5,0.19634954084936207,0.03806023374435662,0.1,13.177044300762265,12.589254117941687,0.0144071822207571,1662869.9637707742,27929603677.440735,99.00378638900877,0.018998766208406945,0.14183405107224234,0.14411750429027506,0.014436459809787309,0.9855635401902126,0.014532621072460337,4.2643247780159e-05,0.9854673789275396,4.264324778015902e-05,0.9957643451563833,-221540.05112856516,0.0021200747803454723,0.9956799117226205,-218631.9713387809,0.0021624308005527212,0.9957130095213254,1.4017089948635186e-05,-221985.78081875943,-269997.912349128,-182209.48895811313,nan,nan,0.0021458468832157135,7.024181434642885e-06,0.9958011285773748,-225451.0773210526,0.002101644165411541
128,1000,0.128,2000,100000,6,0.23561944901923448,0.05449673790581606,0.1,13.177044300762265,12.589254117941687,0.0144071822207571,1667558.8921736237,28053492737.898552,99.12322450711089,0.018945344494240332,0.14174940712337555,0.14400928245449737,0.014436459809787309,0.9855635401902126,0.014532621072460337,4.2643247780159e-05,0.9854673789275396,4.264324778015902e-05,0.9957762177914546,-222791.24474337624,0.002114125868366388,0.9956921208448647,-219846.54757902113,0.0021563127056001405,0.9957251152806622,1.3965535517763559e-05,-222917.41652294126,-270684.60052275995,-183819.86702534207,nan,nan,0.00213978064198702,6.9983003848160435e-06,0.9958128482888088,-226718.91168638048,0.0020957719857036847
128,1000,0.128,2000,100000,7,0.2748893571891069,0.0736799178229539,0.1,13.177044300762265,12.589254117941687,0.0144071822207571,1673031.379284438,28253692900.19989,99.06789905154616,0.01888337425576279,0.1417899488289093,0.1440145229144515,0.014436459809787309,0.9855635401902126,0.014532621072460337,4.2643247780159e-05,0.9854673789275396,4.264324778015902e-05,0.9957899905450052,-224255.97872228085,0.0021072249259416315,0.9957061177917149,-221332.01816313798,0.0021492988552619953,0.9957389942770413,1.3919571574232453e-05,-224548.3082785249,-272314.28729901445,-184691.19141385745,nan,nan,0.002132825964080639,6.975215518171296e-06,0.9958264439939513,-228203.10721968554,0.002088959879713875
128,1000,0.128,2000,100000,8,0.3141592653589793,0.09549150281252627,0.1,13.177044300762265,12.589254117941687,0.0144071822207571,1679253.6854003929,28554092297.375435,98.7561751416624,0.018813403806304772,0.14201464557820564,0.14418924972663263,0.014436459809787309,0.9855635401902126,0.014532621072460337,4.2643247780159e-05,0.9854673789275396,4.264324778015902e-05,0.9958055416686095,-225927.23540875476,0.0020994329751037486,0.9957217171435155,-222924.94820956312,0.0021414822105595716,0.9957544624834199,1.3884231700156008e-05,-226142.34119508212,-274400.66963353317,-185551.91871132568,nan,nan,0.002125075112309409,6.957449671771511e-06,0.9958417956593804,-229896.5443470994,0.00208126800857152
128,1000,0.128,2000,100000,9,0.3534291735288517,0.11979701719998452,0.1,13.177044300762265,12.589254117941687,0.0144071822207571,1686187.4479351568,28980060317.96666,98.10980647998761,0.020272851304039486,0.14248290171453495,0.14459008649723779,0.014436459809787309,0.9855635401902126,0.014532621072460337,4.2643247780159e-05,0.9854673789275396,4.264324778015902e-05,0.9958227361154178,-227796.89204722538,0.0020908177016217555,0.9957387242106623,-224685.8182545551,0.002132960371788877,0.9957713265077944,1.386391237357557e-05,-228944.32614632923,-276826.1839850703,-186474.6911607877,nan,nan,0.0021166250364152307,6.9472060525183195e-06,0.9958587701278463,-231790.98314260916,0.0020727631095309893
128,1000,0.128,2000,100000,10,0.39269908169872414,0.14644660940672624,0.1,13.177044300762265,12.589254117941687,0.0144071822207571,1693789.9179369924,29557620912.849796,97.0620840751691,0.02467029527218932,0.1432511680985762,0.14527111841945015,0.014436459809787309,0.9855635401902126,0.014532621072460337,4.2643247780159e-05,0.9854673789275396,4.264324778015902e-05,0.9958414275378247,-229855.71715669907,0.002081452453245233,0.9957569400078141,-226595.2762728631,0.002123833083915874,0.9957893885674622,1.3862122593651707e-05,-231417.5671608292,-279670.8750230611,-188218.65396485777,nan,nan,0.0021075748783672896,6.946242838973056e-06,0.9958772230838905,-233877.05994196996,0.002063517510312374
128,1000,0.128,2000,100000,11,0.43196898986859655,0.17527597583490817,0.1,13.177044300762265,12.589254117941687,0.0144071822207571,1702014.2236502608,30312586686.276463,95.56599202466953,0.029383187533283422,0.14436954819357367,0.146280736780187,0.014436459809787309,0.9855635401902126,0.014532621072460337,4.2643247780159e-05,0.9854673789275396,4.264324778015902e-05,0.9958614603581232,-232093.3709212626,0.002071415201406767,0.99577616555474,-228595.8167354372,0.0021142000802594763,0.9958084508102041,1.3881335380779412e-05,-233618.56777081193,-282475.83001580427,-189713.94087053023,nan,nan,0.002098023805789277,6.955798882055228e-06,0.9958970010917545,-236144.28804074824,0.002053608107251876
128,1000,0.128,2000,100000,12,0.47123889803846897,0.2061073738537634,0.1,13.177044300762265,12.589254117941687,0.0144071822207571,1710809.6594953807,31269676480.579353,93.60089455484103,0.03437322126197057,0.1458786859222474,0.14765871957744126,0.014436459809787309,0.9855635401902126,0.014532621072460337,4.2643247780159e-05,0.9854673789275396,4.264324778015902e-05,0.9958826718603371,-234498.41098687725,0.002060787492375846,0.9957962054351007,-230669.43472945062,0.0021041592987794126,0.9958283189024206,1.3922939066340654e-05,-235826.09464089887,-286744.3484506676,-190914.2892216162,nan,nan,0.0020880692134946175,6.976569430080971e-06,0.9959179436546685,-238581.06387651069,0.0020431153327973065
128,1000,0.128,2000,100000,13,0.5105088062083414,0.23875071764202552,0.1,13.177044300762265,12.589254117941687,0.0144071822207571,1720121.9986855874,32451639704.28386,91.17627698706127,0.039600899357842057,0.1478072342692707,0.14943381541825718,0.014436459809787309,0.9855635401902126,0.014532621072460337,4.2643247780159e-05,0.9854673789275396,4.264324778015902e-05,0.9959048942548737,-237058.30505568787,0.00204965341211807,0.9958168706125201,-232844.90396503574,0.0020938054711406432,0.9958488048746945,1.3987276071278858e-05,-238059.9082514816,-289283.5141412769,-192587.11077246224,nan,nan,0.002077805297755021,7.008725687311499e-06,0.9959398852480011,-241174.68009681386,0.002032122136187623
128,1000,0.128,2000,100000,14,0.5497787143782138,0.2730047501302265,0.1,13.177044300762265,12.589254117941687,0.0144071822207571,1729893.8275531067,33878410611.791172,88.33155394736274,0.04502600435938375,0.15017015836344907,0.1516220634984623,0.014436459809787309,0.9855635401902126,0.014532621072460337,4.2643247780159e-05,0.9854673789275396,4.264324778015902e-05,0.9959279566726517,-239759.45162715818,0.0020380985865984893,0.9958379805501093,-235031.6423258892,0.0020832290612597644,0.9958697292652813,1.4073749884864925e-05,-241501.31199358913,-291987.2061439409,-194684.80363675847,nan,nan,0.002067321982844601,7.051968521105981e-06,0.9959626572836293,-243911.3468721973,0.0020207129986968627
128,1000,0.128,2000,100000,15,0.5890486225480862,0.3086582838174551,0.1,13.177044300762265,12.589254117941687,0.0144071822207571,1740064.899523507,35566315119.61163,85.13184017998475,0.050608042846673154,0.15296802628111514,0.15422599987683752,0.014436459809787309,0.9855635401902126,0.014532621072460337,4.2643247780159e-05,0.9854673789275396,4.264324778015902e-05,0.9959516870515172,-242587.21014998172,0.0020262092361758013,0.9958593647077693,-237291.4069492753,0.0020725155159355734,0.9958909226331731,1.4180977578674718e-05,-243258.43331399263,-295417.03196435026,-196267.7372725951,nan,nan,0.0020567041637990346,7.1056049503095284e-06,0.9959860899689292,-246776.2227270962,0.0020089730017964144
128,1000,0.128,2000,100000,16,0.6283185307179586,0.3454915028125263,0.1,13.177044300762265,12.589254117941687,0.0144071822207571,1750572.5065558667,37527351553.96857,81.66054820847636,0.056306657196030584,0.15618730602930245,0.15723478510002123,0.014436459809787309,0.9855635401902126,0.014532621072460337,4.2643247780159e-05,0.9854673789275396,4.264324778015902e-05,0.9959759138846535,-245525.94172128825,0.0020140712992725938,0.9958808635051295,-239523.29126115184,0.0020617447834157337,0.9959122265281655,1.4306965276789216e-05,-245081.6736318817,-298705.60928703373,-198031.3479181704,nan,nan,0.0020460312214457084,7.168636099368198e-06,0.9960100140305345,-249753.45603287895,0.0019969869631984334
128,1000,0.128,2000,100000,17,0.667588438887831,0.3832773180720473,0.1,13.177044300762265,12.589254117941687,0.0144071822207571,1761351.8657586968,39768564996.13112,78.01036812149131,0.062081999259793526,0.15980155176290206,0.1606251678217888,0.014436459809787309,0.9855635401902126,0.014532621072460337,4.2643247780159e-05,0.9854673789275396,4.264324778015902e-05,0.9960004678079244,-248559.06130266853,0.0020017696368773937,0.9959023288409472,-241782.3947441337,0.0020509910542799814,0.9959334940097718,1.4449286869730424e-05,-246799.56966411896,-302373.12068052735,-199634.6770051007,nan,nan,0.0020353767635721224,7.23984674551521e-06,0.9960342622801058,-252826.2381385934,0.001984838652184698
128,1000,0.128,2000,100000,18,0.7068583470577035,0.4217827674798846,0.1,13.177044300762265,12.589254117941687,0.0144071822207571,1772336.5187980116,42291532667.06215,74.27436505065452,0.06789506224652594,0.1637732595158902,0.16436310222878428,0.014436459809787309,0.9855635401902126,0.014532621072460337,4.2643247780159e-05,0.9854673789275396,4.264324778015902e-05,0.996025183010292,-251669.1022195112,0.0019893873258200485,0.9959236242558898,-244029.75129127628,0.0020403226810142986,0.9959545898036288,1.4605250862517825e-05,-248871.6352014104,-306381.2509712205,-200860.34619474714,nan,nan,0.002024808547735246,7.317888896367664e-06,0.9960586710064178,-255976.8689100483,0.0019726100920788503
128,1000,0.128,2000,100000,19,0.7461282552275759,0.4607704521360774,0.1,13.177044300762265,12.589254117941687,0.0144071822207571,1783458.7416350555,45091975126.173325,70.53860635322371,0.07370796869800844,0.16805612281930482,0.1684057834685337,0.014436459809787309,0.9855635401902126,0.014532621072460337,4.2643247780159e-05,0.9854673789275396,4.264324778015902e-05,0.9960498984583119,-254837.79347559743,0.0019770050453185965,0.9959446248176144,-246278.32515620755,0.0020298022366782398,0.9959753901762359,1.4772045460919465e-05,-250201.79427455814,-310144.8992516205,-201937.42949304014,nan,nan,0.0020143885451451124,7.401354448670852e-06,0.9960830811848089,-259186.83521110742,0.0019603809543385546
128,1000,0.128,2000,100000,20,0.7853981633974483,0.4999999999999999,0.1,13.177044300762265,12.589254117941687,0.0144071822207571,1794649.9620675242,48159505015.41415,66.87710941626398,0.07948421394150833,0.17259742326462044,0.17270385951414605,0.014436459809787309,0.9855635401902126,0.014532621072460337,4.2643247780159e-05,0.9854673789275396,4.264324778015902e-05,0.9960744589319911,-258046.1501541717,0.001964700558146093,0.9959652167970983,-248432.7223340756,0.0020194866780822635,0.9959957825987783,1.4946856884098608e-05,-252765.70346894255,-313348.2726070174,-204004.2691849764,nan,nan,0.0020041731101383,7.488834425291589e-06,0.996107339501221,-262436.9025979374,0.001948228045648385
128,1000,0.128,2000,100000,21,0.8246680715673207,0.5392295478639225,0.1,13.177044300762265,12.589254117941687,0.0144071822207571,1805841.1824999931,51477521734.1912,63.34924966380009,0.08518886569780854,0.1773403367933067,0.17720361091813833,0.014436459809787309,0.9855635401902126,0.014532621072460337,4.2643247780159e-05,0.9854673789275396,4.264324778015902e-05,0.9960987158748099,-261274.57689589867,0.0019525482849977076,0.9959852971946481,-250519.5159872549,0.0020094275841790066,0.9960156652599496,1.5126959845905715e-05,-254662.57058983133,-316449.22854599834,-205221.86278641399,nan,nan,0.001994213225198005,7.5789642668834075e-06,0.99613129919347,-265707.22021356423,0.0019362248866709062
128,1000,0.128,2000,100000,22,0.8639379797371931,0.5782172325201155,0.1,13.177044300762265,12.589254117941687,0.0144071822207571,1816963.4053370373,55023256864.84971,59.99928401989878,0.09078872162205633,0.1822260028249271,0.18184894517395966,0.014436459809787309,0.9855635401902126,0.014532621072460337,4.2643247780159e-05,0.9854673789275396,4.264324778015902e-05,0.9961225280653688,-264502.9841498796,0.0019406189683056209,0.9960047731638493,-252606.67975825898,0.00199967144547944,0.9960349464771592,1.5309781929705692e-05,-256223.85308995852,-321849.4803820404,-206164.98488551076,nan,nan,0.0019845547967690543,7.67045604675572e-06,0.996154820716989,-268977.4385731737,0.0019244413788157392
128,1000,0.128,2000,100000,23,0.9032078879070655,0.6167226819279528,0.1,13.177044300762265,12.589254117941687,0.0144071822207571,1827948.0583763518,58767971470.28112,56.85740073249955,0.09625242743505666,0.18719527133285327,0.18658311307220032,0.014436459809787309,0.9855635401902126,0.014532621072460337,4.2643247780159e-05,0.9854673789275396,4.264324778015902e-05,0.996145762121853,-267710.9165933049,0.0019289794198746899,0.9960235613724174,-254597.64252524206,0.0019902599849720873,0.9960535440458498,1.54929452327585e-05,-259142.33653787235,-325057.9213686373,-206912.8791727794,nan,nan,0.0019752389819638243,7.762119302849575e-06,0.9961777722459644,-272226.8396272862,0.001912943553537328
128,1000,0.128,2000,100000,24,0.9424777960769379,0.6545084971874737,0.1,13.177044300762265,12.589254117941687,0.0144071822207571,1838727.4175791822,62677302645.62411,53.9416722393597,0.1015505589689787,0.1921901000268132,0.19135010816513348,0.014436459809787309,0.9855635401902126,0.014532621072460337,4.2643247780159e-05,0.9854673789275396,4.264324778015902e-05,0.9961682928533473,-270877.6928156874,0.0019176923452919239,0.9960415873307339,-256606.88164363866,0.001981230495126012,0.9960713845581597,1.5674289381110352e-05,-261171.53962516307,-327919.97103653837,-207577.28231292177,nan,nan,0.001966302530514267,7.852872542466134e-06,0.9962000300235883,-275434.47818760655,0.001901793397268838
128,1000,0.128,2000,100000,25,0.9817477042468103,0.6913417161825449,0.1,13.177044300762265,12.589254117941687,0.0144071822207571,1849235.0246115415,66711753017.08526,51.26038548821003,0.10665567191522532,0.19715461448503377,0.19609575092834572,0.014436459809787309,0.9855635401902126,0.014532621072460337,4.2643247780159e-05,0.9854673789275396,4.264324778015902e-05,0.996190003474016,-273982.555072334,0.0019068162370730593,0.9960587847118707,-258465.10842642043,0.0019726161790589152,0.9960884027149388,1.5851880079679988e-05,-262829.62906028226,-331770.9087565569,-208702.8862529993,nan,nan,0.0019577781299514262,7.941747506318422e-06,0.9962214785771158,-278579.3335064683,0.0018910487441184275
128,1000,0.128,2000,100000,26,1.0210176124166828,0.7269952498697734,0.1,13.177044300762265,12.589254117941687,0.0144071822207571,1859406.096581942,70827313333.53586,48.814374981650786,0.11154232334226005,0.20203586846880334,0.20076848523746654,0.014436459809787309,0.9855635401902126,0.014532621072460337,4.2643247780159e-05,0.9854673789275396,4.264324778015902e-05,0.9962107856973474,-277004.8276360059,0.0018964053279101828,0.9960750946810955,-260152.54123817792,0.0019644464868683854,0.9961045406491192,1.602400701678075e-05,-264635.6929122829,-335389.0124494599,-209561.503116975,nan,nan,0.0019496947450036342,8.027888104805235e-06,0.9962420108146058,-281640.4695226515,0.0018807632278566408
128,1000,0.128,2000,100000,27,1.0602875205865552,0.7612492823579744,0.1,13.177044300762265,12.589254117941687,0.0144071822207571,1869177.9254494612,74976204978.26312,46.59913259147314,0.11618706917096198,0.20678435283765112,0.20531992833566945,0.014436459809787309,0.9855635401902126,0.014532621072460337,4.2643247780159e-05,0.9854673789275396,4.264324778015902e-05,0.9962305397282011,-279924.082022592,0.0018865095951257466,0.9960904652480852,-261787.24499486742,0.001956747440504841,0.9961197472735658,1.618917438989769e-05,-266564.03036514507,-340415.9037162723,-210651.99297368023,nan,nan,0.0019420779446491817,8.11054566234555e-06,0.996261528020754,-284597.20203100395,0.001870986284461358
128,1000,0.128,2000,100000,28,1.0995574287564276,0.7938926261462365,0.1,13.177044300762265,12.589254117941687,0.0144071822207571,1878490.264639668,79107726221.02615,44.60658702901898,0.12056844178039072,0.21135430348643902,0.20970521983029208,0.014436459809787309,0.9855635401902126,0.014532621072460337,4.2643247780159e-05,0.9854673789275396,4.264324778015902e-05,0.9962491741703261,-282720.30714251945,0.0018771748074658183,0.996104850651287,-263452.0556068416,0.0019495419424719353,0.9961339776626441,1.6346086702569473e-05,-268220.1623541758,-344581.28462213144,-211013.58644778718,nan,nan,0.001934950212206196,8.189071796419002e-06,0.9962799397691872,-287429.27080725844,0.001861763196506305
128,1000,0.128,2000,100000,29,1.1388273369263,0.8247240241650917,0.1,13.177044300762265,12.589254117941687,0.0144071822207571,1887285.7004847878,83169183408.7752,42.82652743802875,0.12466691179397026,0.21570385523128272,0.21388321372809968,0.014436459809787309,0.9855635401902126,0.014532621072460337,4.2643247780159e-05,0.9854673789275396,4.264324778015902e-05,0.996266605866524,-285374.0822404358,0.00186844260562324,0.9961182107808585,-264870.2946995898,0.001942850065140572,0.9961471924737121,1.6493631889176078e-05,-269375.48285559425,-348436.97940755315,-211927.08382492047,nan,nan,0.001928331235363782,8.262909960874809e-06,0.9962971637681097,-290117.01452864846,0.001853135170925999
128,1000,0.128,2000,100000,30,1.1780972450961724,0.8535533905932737,0.1,13.177044300762265,12.589254117941687,0.0144071822207571,1895510.0061980565,87106886122.00427,41.24769399476135,0.1284648378902747,0.21979508238801085,0.21781655278904063,0.014436459809787309,0.9855635401902126,0.014532621072460337,4.2643247780159e-05,0.9854673789275396,4.264324778015902e-05,0.9962827596877538,-287866.75033648603,0.0018603506083160607,0.9961305106443092,-266267.3628268119,0.0019366893186212343,0.9961593574123996,1.6630863302172816e-05,-270190.1616261866,-352174.418313134,-212496.36916512388,nan,nan,0.0019222381742240665,8.33158642152018e-06,0.9963131256553374,-292641.54618047195,0.0018451394421117589
128,1000,0.128,2000,100000,31,1.2173671532660448,0.8802029828000155,0.1,13.177044300762265,12.589254117941687,0.0144071822207571,1903112.4761998921,90867183656.68982,39.85858206799434,0.1319464082169611,0.22359395978249136,0.22147165844767086,0.014436459809787309,0.9855635401902126,0.014532621072460337,4.2643247780159e-05,0.9854673789275396,4.264324778015902e-05,0.9962975682863662,-290180.58977744676,0.001852932536308926,0.9961417198772116,-267564.4746460923,0.0019310748960152,0.9961704427438131,1.6756981663217264e-05,-271366.71465501934,-354529.05193185306,-213192.42428272666,nan,nan,0.00191668590629818,8.394701215144407e-06,0.9963277587576808,-294984.92653287796,0.0018378093928417976
128,1000,0.128,2000,100000,32,1.2566370614359172,0.9045084971874736,0.1,13.177044300762265,12.589254117941687,0.0144071822207571,1910046.2387346558,94397519070.72714,38.64801395226226,0.1350975766812699,0.227070271195327,0.2248186634045714,0.014436459809787309,0.9855635401902126,0.014532621072460337,4.2643247780159e-05,0.9854673789275396,4.264324778015902e-05,0.9963109718273624,-292298.981448219,0.0018462183474119815,0.9961518123000674,-268669.95694742154,0.0019260198955109477,0.996180422850512,1.687131773661122e-05,-272596.1557384754,-356274.21117778594,-213626.68428655266,nan,nan,0.0019116872480364313,8.451919471407554e-06,0.9963410038283693,-297130.3332140154,0.0018311746861809934
128,1000,0.128,2000,100000,33,1.2959069696057897,0.9263200821770461,0.1,13.177044300762265,12.589254117941687,0.0144071822207571,1916268.5448506107,97647476486.96127,37.60553030240577,0.13790599706304887,0.23019748630860362,0.2278313083690664,0.014436459809787309,0.9855635401902126,0.014532621072460337,4.2643247780159e-05,0.9854673789275396,4.264324778015902e-05,0.9963229177101858,-294206.5691858096,0.001840234376186697,0.9961607655214861,-269637.0609864878,0.001921535519252469,0.9961892758372174,1.6973316222082087e-05,-273525.68202908983,-358428.04597836145,-214426.68113780723,nan,nan,0.0019072531529214485,8.502963346177412e-06,0.9963528087748524,-299062.2228973804,0.0018252614021669028
128,1000,0.128,2000,100000,34,1.335176877775662,0.9455032620941839,0.1,13.177044300762265,12.589254117941687,0.0144071822207571,1921741.0319614252,100569797386.48254,36.72164695462086,0.1403609575602849,0.2329526222731869,0.23048681961666165,0.014436459809787309,0.9855635401902126,0.014532621072460337,4.2643247780159e-05,0.9854673789275396,4.264324778015902e-05,0.9963333602921421,-295889.41097983025,0.0018350034728015197,0.9961685605872056,-270520.6319928523,0.0019176312492193092,0.9961969831816061,1.7062521171719835e-05,-274479.6617886663,-360378.884487141,-215105.03689339862,nan,nan,0.001903392886452743,8.547604718703455e-06,0.9963631283879236,-300766.4841636545,0.0018200921737987936
128,1000,0.128,2000,100000,35,1.3744467859455345,0.9619397662556434,0.1,13.177044300762265,12.589254117941687,0.0144071822207571,1926429.9603642744,103121342255.57053,35.98801480872528,0.1424533180432643,0.2353161020373761,0.23276578006720713,0.014436459809787309,0.9855635401902126,0.014532621072460337,4.2643247780159e-05,0.9854673789275396,4.264324778015902e-05,0.9963422606231163,-297335.1186354895,0.0018305451361897102,0.9961751816740985,-271278.80524430797,0.001914315000555104,0.9962035294301806,1.7138563099702494e-05,-275595.1942398959,-361830.16733613703,-215384.4536164314,nan,nan,0.00190011417853456,8.585658736867608e-06,0.9963719240817162,-302230.57869026676,0.001815686317543773
128,1000,0.128,2000,100000,36,1.413716694115407,0.9755282581475768,0.1,13.177044300762265,12.589254117941687,0.0144071822207571,1930306.4212563282,105263975152.83328,35.39751253487715,0.14417545196931325,0.2372716184615806,0.23465200343264542,0.014436459809787309,0.9855635401902126,0.014532621072460337,4.2643247780159e-05,0.9854673789275396,4.264324778015902e-05,0.9963495861998924,-298532.98371559585,0.0018268756373510026,0.9961806158280858,-271897.57405308745,0.001911593252887885,0.9962089019380149,1.7201147861058412e-05,-276114.90272314707,-364261.4397061833,-215993.61739243782,nan,nan,0.001897423353872418,8.616978248533816e-06,0.9963791636527732,-303443.66856391804,0.001812059954252269
128,1000,0.128,2000,100000,37,1.4529866022852793,0.9861849601988383,0.1,13.177044300762265,12.589254117941687,0.0144071822207571,1933346.5149671324,106965350510.96365,34.94429484950305,0.14552119460048574,0.23880601084473205,0.23613241851410216,0.014436459809787309,0.9855635401902126,0.014532621072460337,4.2643247780159e-05,0.9854673789275396,4.264324778015902e-05,0.996355310747061,-299474.08776464465,0.0018240081292973604,0.9961848527448041,-272380.4966679616,0.001909471160222111,0.9962130906511215,1.7250047316662726e-05,-276854.2222980723,-366017.92618993536,-216361.61487076728,nan,nan,0.0018953254410085975,8.641449127482594e-06,0.9963848210650946,-304396.72769973584,0.0018092261170239844
128,1000,0.128,2000,100000,38,1.4922565104551517,0.9938441702975689,0.1,13.177044300762265,12.589254117941687,0.0144071822207571,1935531.4983080267,108199583738.00122,34.62381324880058,0.14648579887408048,0.23990915866077472,0.2371969688205639,0.014436459809787309,0.9855635401902126,0.014532621072460337,4.2643247780159e-05,0.9854673789275396,4.264324778015902e-05,0.9963594140302582,-300151.3950470022,0.0018219527407656695,0.9961878845919118,-272731.20960341085,0.0019079526399658497,0.9962160879302464,1.7285091767365996e-05,-277025.38992256834,-366364.5364463987,-216491.93923142413,nan,nan,0.001893824260599728,8.658986485271731e-06,0.9963888762668425,-305082.63558192895,0.001807194843179373
128,1000,0.128,2000,100000,39,1.5315264186250241,0.9984586668665639,0.1,13.177044300762265,12.589254117941687,0.0144071822207571,1936847.9001301334,108947789881.6022,34.432821375406306,0.1470659000010098,0.24057389591630354,0.2378385312143493,0.014436459809787309,0.9855635401902126,0.014532621072460337,4.2643247780159e-05,0.9854673789275396,4.264324778015902e-05,0.9963618817063136,-300559.8262978179,0.0018207166514055872,0.9961897058720227,-272973.49754947855,0.0019070404416000337,0.9962178884150193,1.7306164123834708e-05,-277118.30696912226,-367443.97134750907,-216495.433457475,nan,nan,0.0018929224934738842,8.66953175221619e-06,0.9963913150432336,-305496.25181005546,0.0018059732480695423
128,1000,0.128,2000,100000,40,1.5707963267948966,1.0,0.1,13.177044300762265,12.589254117941687,0.0144071822207571,1937287.6043784716,109198477701.13608,34.36937346645292,0.14725948960870378,0.2407959484809063,0.23805285615437477,0.014436459809787309,0.9855635401902126,0.014532621072460337,4.2643247780159e-05,0.9854673789275396,4.264324778015902e-05,0.9963627052137841,-300696.31228407874,0.001820304146701183,0.9961903133254352,-273037.4748368098,0.0019067361954109034,0.9962184889275792,1.731319577508966e-05,-277164.43726816785,-367650.1897815444,-216496.60061847037,-282168.0514756379,-271898.44782128045,0.00189262172891066,8.673050608901084e-06,0.9963921289090574,-305634.4702366927,0.0018055655790013875
500,1000,0.5,2000,100000,0,0.0,0.0,0.01,4.166947281934958,5.011872336272725,0.009926183950402546,7335920.344434916,132200123952.94362,407.0777370757209,0.004951244211810797,0.0699015355286834,0.09387681521631865,0.009805789656203946,0.9901942103437961,0.009818717257804458,1.970838584166327e-05,0.9901812827421955,1.970838584166327e-05,0.9944823634489705,-130300.75668757893,0.0027626343497900957,0.9944551178939481,-129762.07060642104,0.0027763140164657712,0.9944388293468381,1.1741108880350902e-05,-129519.59711697906,-146601.9041812753,-114276.06258380845,nan,nan,0.002784496679027158,5.887180810994964e-06,0.9944875361315009,-130546.42972629998,0.0027600408469881555
500,1000,0.5,2000,100000,1,0.039269908169872414,0.001541333133436012,0.01,4.166947281934958,5.011872336272725,0.009926183950402546,7336360.048683254,132200324942.94124,407.1259188443437,0.004950947459320455,0.06989741057864125,0.0938719359666995,0.009805789656203946,0.9901942103437961,0.009818717257804458,1.970838584166327e-05,0.9901812827421955,1.970838584166327e-05,0.9944826927874265,-130316.37777135977,0.0027624692243946136,0.994455453617857,-129779.75124355643,0.002776145682657713,0.9944391732358405,1.1739780080379353e-05,-129540.56438439726,-146618.6683986368,-114286.02438663467,nan,nan,0.002784324246550023,5.886513468703768e-06,0.9944878720504807,-130562.40792319752,0.002759872422654301
500,1000,0.5,2000,100000,2,0.07853981633974483,0.0061558297024311365,0.01,4.166947281934958,5.011872336272725,0.009926183950402546,7337676.450505361,132203238414.99492,407.26306206878877,0.004950059244052234,0.06988567512984409,0.09385777370287204,0.009805789656203946,0.9901942103437961,0.009818717257804458,1.970838584166327e-05,0.9901812827421955,1.970838584166327e-05,0.9944836785373118,-130363.15031115277,0.002761974984250955,0.9944564579921539,-129830.80278445483,0.0027756420843996765,0.9944402020515779,1.1735863527294592e-05,-129585.00800343919,-146660.0919043035,-114315.8516580577,nan,nan,0.002783808379330825,5.88454647988799e-06,0.9944888774916532,-130610.24984845085,0.0027593683109110494
500,1000,0.5,2000,100000,3,0.11780972450961724,0.013815039801161699,0.01,4.166947281934958,5.011872336272725,0.009926183950402546,7339861.433846255,132215724707.53212,407.4671601069741,0.004948585674410331,0.06986822714519478,0.09383574002591928,0.009805789656203946,0.9901942103437961,0.009818717257804458,1.970838584166327e-05,0.9901812827421955,1.970838584166327e-05,0.9944853139223471,-130440.80259374443,0.0027611550273690137,0.9944581226661967,-129905.0963372931,0.0027748074102822607,0.9944419072819123,1.1729565802281531e-05,-129658.80727016,-146778.93027771005,-114374.24790967294,nan,nan,0.0027829533470860664,5.881383473698528e-06,0.9944905455284607,-130689.6779331211,0.0027585319851261233
500,1000,0.5,2000,100000,4,0.15707963267948966,0.024471741852423214,0.01,4.166947281934958,5.011872336272725,0.009926183950402546,7342901.527557059,132248982332.4821,407.70221360075277,0.0049465368706602475,0.06984816265899722,0.09380813839118911,0.009805789656203946,0.9901942103437961,0.009818717257804458,1.970838584166327e-05,0.9901812827421955,1.970838584166327e-05,0.994487587715666,-130548.8831693567,0.002760014983521678,0.9944604338597125,-130022.24734415865,0.002773648572282243,0.9944442748775449,1.1721221490700453e-05,-129770.06115418693,-146971.2219744337,-114480.64768575413,nan,nan,0.002781766196933308,5.877192289514881e-06,0.9944928646854793,-130800.23098781459,0.002757369199712197
500,1000,0.5,2000,100000,5,0.19634954084936207,0.03806023374435662,0.01,4.166947281934958,5.011872336272725,0.009926183950402546,7346777.988449113,132318201292.64064,407.91929065137936,0.004943926875263576,0.06982967578720915,0.0937780913519064,0.009805789656203946,0.9901942103437961,0.009818717257804458,1.970838584166327e-05,0.9901812827421955,1.970838584166327e-05,0.9944904843391632,-130686.76296271046,0.002758562664405143,0.9944633725643033,-130160.75959583317,0.0027721751046067772,0.9944472854539088,1.171127911548523e-05,-130013.29832440599,-147063.93865516316,-114598.81764414078,nan,nan,0.0027802566520382737,5.872197918446542e-06,0.9944958190405864,-130941.26634402979,0.002755887938872589
500,1000,0.5,2000,100000,6,0.23561944901923448,0.05449673790581606,0.01,4.166947281934958,5.011872336272725,0.009926183950402546,7351466.916851962,132442090353.09845,408.05808550351486,0.004940773529215879,0.06981792064887601,0.09374944086921091,0.009805789656203946,0.9901942103437961,0.009818717257804458,1.970838584166327e-05,0.9901812827421955,1.970838584166327e-05,0.9944939840005189,-130853.63823358984,0.002756807994900977,0.9944669148164796,-130319.20217986577,0.0027703990266372126,0.9944509145650849,1.1700282429645175e-05,-130104.38774503744,-147273.32626442553,-114739.7657452781,nan,nan,0.002778436974111617,5.866673116508863e-06,0.9944993883658535,-131111.9628578895,0.002754098345922786
500,1000,0.5,2000,100000,7,0.2748893571891069,0.0736799178229539,0.01,4.166947281934958,5.011872336272725,0.009926183950402546,7356939.403962777,132642290515.39978,408.04902556546483,0.004937098316199781,0.06981883749165037,0.09372662394717897,0.009805789656203946,0.9901942103437961,0.009818717257804458,1.970838584166327e-05,0.9901812827421955,1.970838584166327e-05,0.9944980628658892,-131048.53439125775,0.002754762926445938,0.9944710320337985,-130519.68146062524,0.002768334674202102,0.9944551330415914,1.168884798364299e-05,-130358.89380139497,-147411.77422953484,-114889.62754577417,nan,nan,0.002776321793847692,5.860927149344762e-06,0.9945035483050746,-131311.32478134212,0.0027520126342321827
500,1000,0.5,2000,100000,8,0.3141592653589793,0.09549150281252627,0.01,4.166947281934958,5.011872336272725,0.009926183950402546,7363161.710078731,132942689912.57533,407.8159574206203,0.004932926176804023,0.06983894646141854,0.09371452660110356,0.009805789656203946,0.9901942103437961,0.009818717257804458,1.970838584166327e-05,0.9901812827421955,1.970838584166327e-05,0.9945026932657778,-131270.31066729678,0.002752441333759089,0.9944756914041555,-130728.71468455397,0.002765998504179737,0.9944599073823644,1.1677640050340643e-05,-130541.65947752885,-148076.66656871524,-115032.06875217956,nan,nan,0.002773927914170662,5.855293212106523e-06,0.9945082705853563,-131538.1865063018,0.0027496449810828715
500,1000,0.5,2000,100000,9,0.3534291735288517,0.11979701719998452,0.01,4.166947281934958,5.011872336272725,0.009926183950402546,7370095.472613495,133368657933.16655,407.27940220151146,0.004928285295442502,0.06988511386600155,0.09371831995550568,0.009805789656203946,0.9901942103437961,0.009818717257804458,1.970838584166327e-05,0.9901812827421955,1.970838584166327e-05,0.9945078439311729,-131517.66565095985,0.0027498588963886226,0.9944808563172806,-130974.48850549858,0.0027634088779321868,0.9944652001902061,1.1667344094699613e-05,-130758.88500582022,-148249.36303715318,-115065.72567692927,nan,nan,0.0027712740916774814,5.850115120471687e-06,0.9945135232597392,-131791.2181868263,0.002747011405962638
500,1000,0.5,2000,100000,10,0.39269908169872414,0.14644660940672624,0.01,4.166947281934958,5.011872336272725,0.009926183950402546,7377697.942615331,133946218528.0497,406.36031035898344,0.005663866659977412,0.06996429739469118,0.09374328306262314,0.009805789656203946,0.9901942103437961,0.009818717257804458,1.970838584166327e-05,0.9901812827421955,1.970838584166327e-05,0.9945134802566833,-131789.14368978507,0.002747032966718567,0.9944864868270282,-131239.3647428021,0.0027605858293002815,0.9944709706394343,1.1658640012302625e-05,-131151.4500321732,-148639.08039778777,-115303.64917002336,nan,nan,0.002768380801933496,5.845733887146663e-06,0.994519270977468,-132068.93224318683,0.002744129634992866
500,1000,0.5,2000,100000,11,0.43196898986859655,0.17527597583490817,0.01,4.166947281934958,5.011872336272725,0.009926183950402546,7385922.2483286,134701184301.47636,404.98417100967913,0.006771070888154635,0.07008327844191958,0.09379461778112048,0.009805789656203946,0.9901942103437961,0.009818717257804458,1.970838584166327e-05,0.9901812827421955,1.970838584166327e-05,0.9945195645871256,-132083.14215597726,0.0027439824262148675,0.9944925401331174,-131537.38015552453,0.002757550822857807,0.9944771749644421,1.1652176329014596e-05,-131613.24658338627,-149041.29696096163,-115480.82123955598,nan,nan,0.002765269994293895,5.8424747821208815e-06,0.9945254752782317,-132369.6907494618,0.0027410189533354948
500,1000,0.5,2000,100000,12,0.47123889803846897,0.2061073738537634,0.01,4.166947281934958,5.011872336272725,0.009926183950402546,7394717.68417372,135658274095.77925,403.08525221266154,0.007952438683197978,0.07024839125432746,0.09387726169091871,0.009805789656203946,0.9901942103437961,0.009818717257804458,1.970838584166327e-05,0.9901812827421955,1.970838584166327e-05,0.9945260565238249,-132397.91957581756,0.0027407275317893856,0.9944989710714863,-131840.9587432216,0.002754326507864924,0.9944837669582832,1.1648546456995264e-05,-131892.79524251816,-149461.7533830683,-115774.47309228759,nan,nan,0.002761964841717523,5.8406354260385044e-06,0.9945320949065014,-132691.71370303302,0.002737700047524428
500,1000,0.5,2000,100000,13,0.5105088062083414,0.23875071764202552,0.01,4.166947281934958,5.011872336272725,0.009926183950402546,7404030.023363926,136840237319.48375,400.61068046005954,0.009200175841832872,0.07046525983982173,0.09399570546590429,0.009805789656203946,0.9901942103437961,0.009818717257804458,1.970838584166327e-05,0.9901812827421955,1.970838584166327e-05,0.9945329132467617,-132731.60461510494,0.0027372897542183748,0.9945057326033081,-132143.76094142703,0.002750936472918336,0.9944906984711741,1.164826794730293e-05,-132425.44625282474,-149850.2661767585,-116033.65737534717,nan,nan,0.002758489490645125,5.84047538812917e-06,0.9945390861419708,-133033.08817003132,0.002734194839725338
500,1000,0.5,2000,100000,14,0.5497787143782138,0.2730047501302265,0.01,4.166947281934958,5.011872336272725,0.009926183950402546,7413801.852231445,138267008226.99106,397.524026945864,0.010506108549048074,0.07073855419683048,0.09415382130426111,0.009805789656203946,0.9901942103437961,0.009818717257804458,1.970838584166327e-05,0.9901812827421955,1.970838584166327e-05,0.9945400898486824,-133082.20590835335,0.002733691610569688,0.9945127762938616,-132482.17354463245,0.0027474050057171456,0.9944979198998901,1.1651765477828845e-05,-132758.96056491625,-150221.99992812244,-116202.59607462728,nan,nan,0.002754868815474803,5.842207658905327e-06,0.9945464031420735,-133391.7782953805,0.0027305263159442352
500,1000,0.5,2000,100000,15,0.5890486225480862,0.3086582838174551,0.01,4.166947281934958,5.011872336272725,0.009926183950402546,7423972.924201846,139954912734.81152,393.8080693438427,0.011861745710844597,0.07107177722876837,0.09435470886089956,0.009805789656203946,0.9901942103437961,0.009818717257804458,1.970838584166327e-05,0.9901812827421955,1.970838584166327e-05,0.9945475396773071,-133447.62271320747,0.0027299564925721085,0.9945200527737788,-132801.3988955389,0.002743756861697551,0.9945053806602878,1.165935808190462e-05,-133072.36206512127,-150758.87529397238,-116461.42595141924,nan,nan,0.0027511281815292463,5.8459922506384605e-06,0.9945539982925983,-133765.63615964795,0.0027267183501815057
500,1000,0.5,2000,100000,16,0.6283185307179586,0.3454915028125263,0.01,4.166947281934958,5.011872336272725,0.009926183950402546,7434480.531234205,141915949169.16846,389.4664489289712,0.013258342073709576,0.07146709257599977,0.09460056459774561,0.009805789656203946,0.9901942103437961,0.009818717257804458,1.970838584166327e-05,0.9901812827421955,1.970838584166327e-05,0.9945552146819072,-133825.65636435125,0.0027261084928035958,0.9945275121765937,-133135.4452402293,0.0027400170445820334,0.994513029636575,1.1671250874467141e-05,-133518.52905820333,-151455.8877169264,-116701.513959119,nan,nan,0.002747293219716281,5.851932053936401e-06,0.9945618225625444,-134152.4134574989,0.0027227955264673078
500,1000,0.5,2000,100000,17,0.667588438887831,0.3832773180720473,0.01,4.166947281934958,5.011872336272725,0.009926183950402546,7445259.890437035,144157162611.33102,384.52404190004114,0.01468696148091731,0.0719252015274854,0.09489257956160696,0.009805789656203946,0.9901942103437961,0.009818717257804458,1.970838584166327e-05,0.9901812827421955,1.970838584166327e-05,0.9945630657606791,-134214.02249317654,0.0027221722304866572,0.9945351045479333,-133486.34047570586,0.002736210601179,0.9945208156023515,1.1687531286897482e-05,-133802.82999604964,-152098.6770412717,-116938.55066074312,nan,nan,0.0027433896153765294,5.860070955457392e-06,0.9945698258595466,-134549.77396426842,0.0027187829606202534
500,1000,0.5,2000,100000,18,0.7068583470577035,0.4217827674798846,0.01,4.166947281934958,5.011872336272725,0.009926183950402546,7456244.543476351,146680130282.26205,379.0259974894772,0.01613853965812646,0.07244527431736196,0.0952308693547728,0.009805789656203946,0.9901942103437961,0.009818717257804458,1.970838584166327e-05,0.9901812827421955,1.970838584166327e-05,0.9945710431055848,-134610.36397076413,0.0027181726785628466,0.994542780223046,-133838.6625160222,0.0027323624320887184,0.9945286876098207,1.1708169595534346e-05,-134008.8223936266,-152573.64845839917,-117451.63201735915,nan,nan,0.0027394429131230207,5.870394108429924e-06,0.9945779573824393,-134955.3067481397,0.0027147061234487437
500,1000,0.5,2000,100000,19,0.7461282552275759,0.4607704521360774,0.01,4.166947281934958,5.011872336272725,0.009926183950402546,7467366.7663133945,149480572741.3732,373.03554167616653,0.01760394597137553,0.07302493775381053,0.09561443856162338,0.009805789656203946,0.9901942103437961,0.009818717257804458,1.970838584166327e-05,0.9901812827421955,1.970838584166327e-05,0.9945790965416045,-135012.26452247394,0.0027141349935794197,0.9945504901706083,-134229.59568001717,0.0027284971193446295,0.9945365953448482,1.1733023337004566e-05,-134303.953606345,-153057.1550610644,-117759.54971658591,nan,nan,0.0027354783388337566,5.882830151502064e-06,0.9945861659678272,-135366.5400758079,0.0027105906669683587
500,1000,0.5,2000,100000,20,0.7853981633974483,0.4999999999999999,0.01,4.166947281934958,5.011872336272725,0.009926183950402546,7478557.986745863,152548102630.61404,366.6307780736454,0.01907404365760149,0.07366031764395115,0.09604118025088809,0.009805789656203946,0.9901942103437961,0.009818717257804458,1.970838584166327e-05,0.9901812827421955,1.970838584166327e-05,0.9945871758576537,-135417.26295280686,0.0027100843497646454,0.9945581863018637,-134556.1005716313,0.002724638771461659,0.9945444894467048,1.1761845056622834e-05,-134569.11414690677,-153337.6547140073,-118049.95219231483,nan,nan,0.0027315206393781705,5.897255097890074e-06,0.9945944004278486,-135780.95594949808,0.0027064622550447242
500,1000,0.5,2000,100000,21,0.8246680715673207,0.5392295478639225,0.01,4.166947281934958,5.011872336272725,0.009926183950402546,7489749.207178332,155866119349.39108,359.90081372772437,0.020539748089311527,0.07434613126506895,0.09650790952312666,0.009805789656203946,0.9901942103437961,0.009818717257804458,1.970838584166327e-05,0.9901812827421955,1.970838584166327e-05,0.9945952311267567,-135822.86790939092,0.0027060457784993607,0.9945658217450977,-134905.37727753152,0.002720810885883849,0.9945523217923323,1.179429274015656e-05,-134982.69524835583,-153702.60577545603,-118442.630310545,nan,nan,0.0027275939401538007,5.913497568799925e-06,0.9946026098766746,-136196.00520299975,0.0027023463996947283
500,1000,0.5,2000,100000,22,0.8639379797371931,0.5782172325201155,0.01,4.166947281934958,5.011872336272725,0.009926183950402546,7500871.430015376,159411854480.0496,352.9415826265432,0.021992082699152413,0.07507582253240436,0.09701042855299706,0.009805789656203946,0.9901942103437961,0.009818717257804458,1.970838584166327e-05,0.9901812827421955,1.970838584166327e-05,0.9946032130134222,-136226.57310516477,0.002702044014216226,0.994573351086258,-135217.96506900148,0.002717036228425802,0.9945600457458188,1.1829942235088155e-05,-135306.9830290157,-154156.14755417284,-118820.32650461807,nan,nan,0.0027237216200857667,5.9313450230762844e-06,0.9946107440436504,-136609.12307418915,0.0026982683040952787
500,1000,0.5,2000,100000,23,0.9032078879070655,0.6167226819279528,0.01,4.166947281934958,5.011872336272725,0.009926183950402546,7511856.083054691,163156569085.48102,345.85173081791146,0.02342223225506403,0.07584173075879741,0.09754361930470576,0.009805789656203946,0.9901942103437961,0.009818717257804458,1.970838584166327e-05,0.9901812827421955,1.970838584166327e-05,0.9946110730665149,-136625.87290830325,0.00269810334757972,0.9945807305771465,-135547.66603268648,0.002713336728984446,0.9945676163744502,1.1868300971328957e-05,-135702.27712501943,-154535.38293521898,-119025.79190832611,nan,nan,0.002719926203399183,5.950550637066884e-06,0.9946187535713563,-137017.74516157556,0.0026942527131630215
500,1000,0.5,2000,100000,24,0.9424777960769379,0.6545084971874737,0.01,4.166947281934958,5.011872336272725,0.009926183950402546,7522635.442257521,167065900260.824,338.7288723118266,0.024821593240828034,0.076635283082099,0.098101559162471,0.009805789656203946,0.9901942103437961,0.009818717257804458,1.970838584166327e-05,0.9901812827421955,1.970838584166327e-05,0.9946187639962719,-137018.2782003731,0.002694247486623667,0.9945879183131088,-135869.06746791786,0.0027097333925550156,0.9945749906332338,1.1908822335630289e-05,-135906.79782165683,-155012.85961219342,-119375.56699047808,nan,nan,0.002716229267210064,5.970840510995574e-06,0.9946265902972297,-137419.3236629487,0.002690323772385319
500,1000,0.5,2000,100000,25,0.9817477042468103,0.6913417161825449,0.01,4.166947281934958,5.011872336272725,0.009926183950402546,7533143.04928988,171100350632.28516,331.66644014086864,0.026181821158660253,0.0774472007046335,0.09867765415963461,0.009805789656203946,0.9901942103437961,0.009818717257804458,1.970838584166327e-05,0.9901812827421955,1.970838584166327e-05,0.994626239934457,-137401.3323948509,0.002690499426353096,0.9945948743824877,-136157.66041265102,0.0027062462244108166,0.9945821275201762,1.1950920128802397e-05,-136171.10530529154,-155602.78430063018,-119679.03304742817,nan,nan,0.0027126513637873435,5.991920915752918e-06,0.9946342075177401,-137811.34378546593,0.002686504895406476
500,1000,0.5,2000,100000,26,1.0210176124166828,0.7269952498697734,0.01,4.166947281934958,5.011872336272725,0.009926183950402546,7543314.121260281,175215910948.73575,324.7512604528985,0.027494874628774087,0.07826770988940375,0.09926478431051823,0.009805789656203946,0.9901942103437961,0.009818717257804458,1.970838584166327e-05,0.9901812827421955,1.970838584166327e-05,0.9946334566769524,-137772.6275006891,0.0026868813271569945,0.9946015609903356,-136461.90837955492,0.002702894168192209,0.9945889882048545,1.1993982629500344e-05,-136542.69343412004,-156124.3171796152,-119811.22409194708,nan,nan,0.0027092119562095824,6.013485341513099e-06,0.9946415602344444,-138191.34020871916,0.0026828186407073175
500,1000,0.5,2000,100000,27,1.0602875205865552,0.7612492823579744,0.01,4.166947281934958,5.011872336272725,0.009926183950402546,7553085.9501278,179364802593.46298,318.0618858613075,0.028753056214507546,0.07908674997201308,0.09985545571050924,0.009805789656203946,0.9901942103437961,0.009818717257804458,1.970838584166327e-05,0.9901812827421955,1.970838584166327e-05,0.9946403719083924,-138129.8201092928,0.0026834144022309034,0.9946079425590072,-136721.36939022143,0.0026996950555876753,0.994595536132967,1.2037385892282272e-05,-136874.5382469577,-156576.98104626074,-119927.2270716745,nan,nan,0.002705929366066095,6.035221161734221e-06,0.9946486053815443,-138556.9134756786,0.002679286597563769
500,1000,0.5,2000,100000,28,1.0995574287564276,0.7938926261462365,0.01,4.166947281934958,5.011872336272725,0.009926183950402546,7562398.2893180065,183496323836.22604,311.6676491967379,0.02994904994982268,0.07989417224185091,0.1004419545067526,0.009805789656203946,0.9901942103437961,0.009818717257804458,1.970838584166327e-05,0.9901812827421955,1.970838584166327e-05,0.9946469454087064,-138470.64717824708,0.002680118814075649,0.9946139858082961,-136976.39312448795,0.0026966655662702577,0.9946017371096088,1.2080506011849117e-05,-137150.96699321695,-157053.09802060665,-120037.03210936888,nan,nan,0.0027028207318246697,6.0568157783433385e-06,0.9946553020348521,-138905.74618112136,0.0026759292813333634
500,1000,0.5,2000,100000,29,1.1388273369263,0.8247240241650917,0.01,4.166947281934958,5.011872336272725,0.009926183950402546,7571193.725163126,187557781023.97507,305.62834616081346,0.031075955588138,0.08067992520996059,0.10101649847368105,0.009805789656203946,0.9901942103437961,0.009818717257804458,1.970838584166327e-05,0.9901812827421955,1.970838584166327e-05,0.9946531392416627,-138792.9414815926,0.002677013580022486,0.9946196598177489,-137220.16670085222,0.002693821196767815,0.9946075593639923,1.2122730182674053e-05,-137426.1746296401,-157377.5040572412,-120213.57828374853,nan,nan,0.0026999019764984596,6.077962162682925e-06,0.9946616116022952,-139235.61882338827,0.0026727660379993914
500,1000,0.5,2000,100000,30,1.1780972450961724,0.8535533905932737,0.01,4.166947281934958,5.011872336272725,0.009926183950402546,7579418.030876395,191495483737.20413,299.994425798634,0.032127319627133784,0.0814342233494622,0.10157138267097372,0.009805789656203946,0.9901942103437961,0.009818717257804458,1.970838584166327e-05,0.9901812827421955,1.970838584166327e-05,0.9946589179257106,-139094.6465945092,0.0026741164866366934,0.994624936073696,-137435.25203113354,0.002691176236988316,0.9946129735982593,1.2163466468723777e-05,-137732.16157913738,-157565.39427645452,-120425.77086236156,nan,nan,0.0026971877832849362,6.09836374963493e-06,0.9946674979963053,-139544.42518322286,0.0026698149578017814
500,1000,0.5,2000,100000,31,1.2173671532660448,0.8802029828000155,0.01,4.166947281934958,5.011872336272725,0.009926183950402546,7587020.500878231,195255781271.88968,294.8075580952526,0.03309716319316597,0.0821476977579406,0.10209911643991479,0.009805789656203946,0.9901942103437961,0.009818717257804458,1.970838584166327e-05,0.9901812827421955,1.970838584166327e-05,0.9946642485875699,-139373.8312800588,0.002671444012771762,0.9946297885034311,-137630.90691410855,0.0026887437531850048,0.9946179530229001,1.2202152268818855e-05,-138107.3347473202,-157928.84250407608,-120704.43468498932,nan,nan,0.0026946915779132094,6.117738677829348e-06,0.9946729277885867,-139830.18709314306,0.0026670927977023315
500,1000,0.5,2000,100000,32,1.2566370614359172,0.9045084971874736,0.01,4.166947281934958,5.011872336272725,0.009926183950402546,7593954.263412994,198786116685.92703,290.10145334204304,0.03398000689119936,0.08281152829286964,0.1025925497446327,0.009805789656203946,0.9901942103437961,0.009818717257804458,1.970838584166327e-05,0.9901812827421955,1.970838584166327e-05,0.9946691010991413,-139628.70314722706,0.0026690112609849006,0.9946341934987948,-137809.05326852296,0.0026865355762253785,0.9946224733811383,1.2238261518351576e-05,-138263.32818776052,-158081.7494245681,-120955.35823903479,nan,nan,0.0026924255165163974,6.135823396475181e-06,0.9946778703478918,-140091.06846236327,0.0026646149123697046
500,1000,0.5,2000,100000,33,1.2959069696057897,0.9263200821770461,0.01,4.166947281934958,5.011872336272725,0.009926183950402546,7600176.569528949,202036074102.16116,285.902822774158,0.034770892741845874,0.08341755755668953,0.10304498754117145,0.009805789656203946,0.9901942103437961,0.009818717257804458,1.970838584166327e-05,0.9901812827421955,1.970838584166327e-05,0.9946734481984041,-139857.621452933,0.0026668318969813062,0.9946381299312528,-137970.9425177615,0.0026845622941177112,0.9946265129644569,1.2271310707946237e-05,-138493.0360229783,-158248.74585705588,-121062.2670622207,nan,nan,0.0026904004779380857,6.15237567930678e-06,0.994682297961513,-140325.38842576742,0.0026623951933261976
500,1000,0.5,2000,100000,34,1.335176877775662,0.9455032620941839,0.01,4.166947281934958,5.011872336272725,0.009926183950402546,7605649.056639764,204958395001.6824,282.2323895163724,0.03546540333642055,0.08395838767341625,0.10345029143057924,0.009805789656203946,0.9901942103437961,0.009818717257804458,1.970838584166327e-05,0.9901812827421955,1.970838584166327e-05,0.9946772655950048,-140059.10892595616,0.0026649180967287978,0.9946415791603591,-138112.20987452887,0.0026828332478457473,0.9946300526212362,1.2300863825501576e-05,-138628.5959282827,-158330.74339059604,-121140.90645637299,nan,nan,0.002688626059482163,6.167177099076542e-06,0.9946861859412574,-140531.63349083034,0.002660446015873046
500,1000,0.5,2000,100000,35,1.3744467859455345,0.9619397662556434,0.01,4.166947281934958,5.011872336272725,0.009926183950402546,7610337.985042613,207509939870.77042,279.1058793745071,0.036059678344273746,0.08442746113723403,0.10380296830811325,0.009805789656203946,0.9901942103437961,0.009818717257804458,1.970838584166327e-05,0.9901812827421955,1.970838584166327e-05,0.9946805320612763,-140231.86249781976,0.002663280500875041,0.9946445250372935,-138227.83003284934,0.0026813565296631317,0.994633075760276,1.2326536341776859e-05,-138774.20392808237,-158423.35454837925,-121259.24854161388,nan,nan,0.002687110575220188,6.18003502287935e-06,0.9946895127146762,-140708.46856367576,0.00265877819340276
500,1000,0.5,2000,100000,36,1.413716694115407,0.9755282581475768,0.01,4.166947281934958,5.011872336272725,0.009926183950402546,7614214.445934666,209652572768.03317,276.5349399877248,0.03655042850447801,0.08481912716665732,0.1040982460572851,0.009805789656203946,0.9901942103437961,0.009818717257804458,1.970838584166327e-05,0.9901812827421955,1.970838584166327e-05,0.9946832295094041,-140374.7628345074,0.002661928176105381,0.9946469539049654,-138318.5273023261,0.002680138983101978,0.9946355683507493,1.2347998363334924e-05,-138952.35681086202,-158600.01450027167,-121330.18714602698,nan,nan,0.002685861056077586,6.1907841904077605e-06,0.9946922599023201,-140854.74674455728,0.0026574009387144533
500,1000,0.5,2000,100000,37,1.4529866022852793,0.9861849601988383,0.01,4.166947281934958,5.011872336272725,0.009926183950402546,7617254.539645471,211353948126.16354,274.5279529252707,0.03693494722677306,0.08512869500720929,0.1043321365616062,0.009805789656203946,0.9901942103437961,0.009818717257804458,1.970838584166327e-05,0.9901812827421955,1.970838584166327e-05,0.9946853430554188,-140486.88257336424,0.0026608685830988676,0.99464885459596,-138388.696870716,0.002679186204053166,0.994637518919927,1.2364977072304848e-05,-139039.4620090674,-158664.256048448,-121333.5973772809,nan,nan,0.0026848832510275936,6.199287935042047e-06,0.9946944123817355,-140969.51779385444,0.002656321831969778
500,1000,0.5,2000,100000,38,1.4922565104551517,0.9938441702975689,0.01,4.166947281934958,5.011872336272725,0.009926183950402546,7619439.5229863655,212588181353.20108,273.0907159320901,0.03721111991508677,0.08535247552875867,0.10450148643093078,0.009805789656203946,0.9901942103437961,0.009818717257804458,1.970838584166327e-05,0.9901812827421955,1.970838584166327e-05,0.9946868610706382,-140567.4931815068,0.0026601075507717313,0.9946502184294068,-138439.49491252133,0.002678502542378361,0.9946389185498004,1.2377258561949483e-05,-139198.80068204005,-158816.10029054165,-121377.78477555024,nan,nan,0.0026841816288288296,6.20543910241689e-06,0.9946959583388577,-141052.03518203975,0.0026555467949612266
500,1000,0.5,2000,100000,39,1.5315264186250241,0.9984586668665639,0.01,4.166947281934958,5.011872336272725,0.009926183950402546,7620755.924808472,213336387496.8021,272.22698174906515,0.03737743111158134,0.08548781229204817,0.10460401587865066,0.009805789656203946,0.9901942103437961,0.009818717257804458,1.970838584166327e-05,0.9901812827421955,1.970838584166327e-05,0.9946877752210886,-140616.07036536388,0.0026596492565396524,0.9946510392076428,-138473.4399837561,0.002678091103614962,0.9946397608735127,1.2384689162034003e-05,-139269.7385094745,-158915.0889273395,-121385.20518439719,nan,nan,0.0026837593798480336,6.2091607135853776e-06,0.9946968893073667,-141101.76165081438,0.0026550800714094237
500,1000,0.5,2000,100000,40,1.5707963267948966,1.0,0.01,4.166947281934958,5.011872336272725,0.009926183950402546,7621195.62905681,213587075316.33597,271.93884616066117,0.03743296954067935,0.08553310303707239,0.10463834615718651,0.009805789656203946,0.9901942103437961,0.009818717257804458,1.970838584166327e-05,0.9901812827421955,1.970838584166327e-05,0.9946880804953419,-140632.29797539584,0.002659496212380877,0.9946513132133489,-138481.2225792717,0.002677953750434715,0.9946400420723106,1.2387176329802453e-05,-139297.85735006322,-158952.9218233926,-121388.26628969444,-140755.69426673604,-137723.23016508744,0.0026836184176135974,6.210406410781584e-06,0.9946972001964575,-141118.37322752335,0.00265492421305977
500,1000,0.5,2000,100000,0,0.0,0.0,0.1,13.177044300762265,50.118723362727245,0.09241880163852421,7335920.344434916,132200123952.94362,407.0777370757209,0.004951244211810797,0.07007262938613525,0.08547409272457274,0.08442893217007186,0.9155710678299281,0.08448390377730047,0.00015628695507911134,0.9155160962226996,0.00015628695507911134,0.9993567083591279,-9656615.505211307,0.00032169756509772276,0.9993532788719193,-9612125.275291715,0.00032341313037863344,0.9993528712794801,1.2888450852826215e-06,-9601129.521161977,-10802589.413017366,-8514943.091177572,nan,nan,0.0003236171396305092,6.446330993365991e-07,0.9993576987015025,-9686431.27270243,0.0003212022346865838
500,1000,0.5,2000,100000,1,0.039269908169872414,0.001541333133436012,0.1,13.177044300762265,50.118723362727245,0.09241880163852421,7336360.048683254,132200324942.94124,407.1259188443437,0.004950947459320455,0.0700684840886013,0.08546726316740968,0.08442893217007186,0.9155710678299281,0.08448390377730047,0.00015628695507911134,0.9155160962226996,0.00015628695507911134,0.9993567468972158,-9657773.178129502,0.00032167828985323917,0.9993533178046436,-9613159.407093953,0.00032339365765766194,0.9993529115191018,1.2886779223227473e-06,-9603920.38268641,-10803924.681819059,-8515400.8370408,nan,nan,0.00032359701319890184,6.445494777555353e-07,0.9993577379288453,-9687615.112701548,0.0003211826147134002
500,1000,0.5,2000,100000,2,0.07853981633974483,0.0061558297024311365,0.1,13.177044300762265,50.118723362727245,0.09241880163852421,7337676.450505361,132203238414.99492,407.26306206878877,0.004950059244052234,0.07005668923983673,0.08544734172182937,0.08442893217007186,0.9155710678299281,0.08448390377730047,0.00015628695507911134,0.9155160962226996,0.00015628695507911134,0.9993568622462785,-9661239.474283678,0.00032162059676484766,0.9993534342790661,-9616206.171824016,0.0003233354014298705,0.9993530318988673,1.288185949876567e-06,-9605750.580753548,-10804926.181201259,-8518038.523501176,nan,nan,0.00032353680351727363,6.443033730282288e-07,0.9993578553403837,-9691159.76639921,0.0003211238900845571
500,1000,0.5,2000,100000,3,0.11780972450961724,0.013815039801161699,0.1,13.177044300762265,50.118723362727245,0.09241880163852421,7339861.433846255,132215724707.53212,407.4671601069741,0.004948585674410331,0.07003914767720265,0.08541601293062939,0.08442893217007186,0.9155710678299281,0.08448390377730047,0.00015628695507911134,0.9155160962226996,0.00015628695507911134,0.9993570536130792,-9666994.257104995,0.0003215248825854307,0.9993536273287358,-9621949.724930119,0.0003232388450989247,0.9993532314066875,1.287397286539796e-06,-9609874.070593217,-10810927.836013466,-8522231.92066465,nan,nan,0.00032343701681945565,6.439088497564937e-07,0.9993580501270727,-9697044.666580554,0.00032102646545934064
500,1000,0.5,2000,100000,4,0.15707963267948966,0.024471741852423214,0.1,13.177044300762265,50.118723362727245,0.09241880163852421,7342901.527557059,132248982332.4821,407.70221360075277,0.0049465368706602475,0.07001896338304928,0.08537602751696086,0.08442893217007186,0.9155710678299281,0.08448390377730047,0.00015628695507911134,0.9155160962226996,0.00015628695507911134,0.999357319683399,-9675004.06981226,0.00032139180464650494,0.9993538953587485,-9629178.421330208,0.0003231047864104291,0.9993535083729315,1.286357384911668e-06,-9615962.803171333,-10814646.208947526,-8528643.710922038,nan,nan,0.0003232984882324507,6.433886427764998e-07,0.9993583209485503,-9705235.640235132,0.0003208910112454252
500,1000,0.5,2000,100000,5,0.19634954084936207,0.03806023374435662,0.1,13.177044300762265,50.118723362727245,0.09241880163852421,7346777.988449113,132318201292.64064,407.91929065137936,0.004943926875263576,0.07000034123392397,0.08533111807619823,0.08442893217007186,0.9155710678299281,0.08448390377730047,0.00015628695507911134,0.9155160962226996,0.00015628695507911134,0.9993576586336803,-9685222.291862072,0.0003212222750347876,0.9993542361689769,-9639302.837556932,0.00032293432583102816,0.9993538604955856,1.2851269961220124e-06,-9625311.595250145,-10819967.738844303,-8536122.934518103,nan,nan,0.00032312236919066964,6.42773138989282e-07,0.9993586659450774,-9715685.067305515,0.0003207184576258299
500,1000,0.5,2000,100000,6,0.23561944901923448,0.05449673790581606,0.1,13.177044300762265,50.118723362727245,0.09241880163852421,7351466.916851962,132442090353.09845,408.05808550351486,0.004940773529215879,0.06998844856298232,0.08528588306021494,0.08442893217007186,0.9155710678299281,0.08448390377730047,0.00015628695507911134,0.9155160962226996,0.00015628695507911134,0.9993580681470834,-9697589.358355206,0.000321017452560769,0.9993546469855511,-9649643.805804897,0.0003227288508017111,0.9993542848742859,1.2837794783196198e-06,-9648048.517210197,-10832396.320076264,-8544169.8779032,nan,nan,0.000322910110411739,6.420990310423841e-07,0.9993590827540068,-9728332.10336518,0.00032050998632228976
500,1000,0.5,2000,100000,7,0.2748893571891069,0.0736799178229539,0.1,13.177044300762265,50.118723362727245,0.09241880163852421,7356939.403962777,132642290515.39978,408.04902556546483,0.004937098316199781,0.06998924083576814,0.08524564126060145,0.08442893217007186,0.9155710678299281,0.08448390377730047,0.00015628695507911134,0.9155160962226996,0.00015628695507911134,0.9993585454337215,-9712033.04272154,0.0003207787326369665,0.9993551244996159,-9663170.722314283,0.00032249001634965436,0.9993547780521254,1.2823975937099191e-06,-9668088.023111157,-10850285.972488416,-8562312.164770648,nan,nan,0.0003226634409836411,6.414077151939669e-07,0.9993595685305307,-9743102.966598902,0.0003202670202168093
500,1000,0.5,2000,100000,8,0.3141592653589793,0.09549150281252627,0.1,13.177044300762265,50.118723362727245,0.09241880163852421,7363161.710078731,132942689912.57533,407.8159574206203,0.004932926176804023,0.07000925488975185,0.08521625986686718,0.08442893217007186,0.9155710678299281,0.08448390377730047,0.00015628695507911134,0.9155160962226996,0.00015628695507911134,0.9993590872547844,-9728468.803022664,0.00032050773521201745,0.999355664912225,-9681299.977957726,0.00032221972263105607,0.99935533606394,1.2810699621547101e-06,-9679877.221564904,-10871876.431580504,-8578875.02162109,nan,nan,0.00032238434420962906,6.407435174081918e-07,0.9993601199724099,-9759911.28948678,0.00031999121098259353
500,1000,0.5,2000,100000,9,0.3534291735288517,0.11979701719998452,0.1,13.177044300762265,50.118723362727245,0.09241880163852421,7370095.472613495,133368657933.16655,407.27940220151146,0.004928285295442502,0.07005537460157661,0.08520396016575724,0.08442893217007186,0.9155710678299281,0.08448390377730047,0.00015628695507911134,0.9155160962226996,0.00015628695507911134,0.9993596899502053,-9746800.192174701,0.0003202062909316629,0.999356263984113,-9700281.098289002,0.00032192009003470767,0.9993559544896697,1.279887351710097e-06,-9697971.361701977,-10890942.041931583,-8603453.136021702,nan,nan,0.0003220750309174041,6.401518379130196e-07,0.999360733348329,-9778658.535564972,0.00031968442490123587
500,1000,0.5,2000,100000,10,0.39269908169872414,0.14644660940672624,0.1,13.177044300762265,50.118723362727245,0.09241880163852421,7377697.942615331,133946218528.0497,406.36031035898344,0.005663866659977412,0.07013457546171303,0.0852151060216503,0.08442893217007186,0.9155710678299281,0.08448390377730047,0.00015628695507911134,0.9155160962226996,0.00015628695507911134,0.9993603494694909,-9766919.332295595,0.00031987642571844853,0.9993569170890317,-9720198.525952239,0.00032159343250201295,0.9993566285113238,1.278938987483848e-06,-9705729.70927277,-10930402.603162438,-8615112.037535282,nan,nan,0.0003217379109622851,6.396773049512567e-07,0.9993614045294806,-9799234.481543051,0.0003193487270644378
500,1000,0.5,2000,100000,11,0.43196898986859655,0.17527597583490817,0.1,13.177044300762265,50.118723362727245,0.09241880163852421,7385922.2483286,134701184301.47636,404.98417100967913,0.006771070888154635,0.07025365622672536,0.08525598136544665,0.08442893217007186,0.9155710678299281,0.08448390377730047,0.00015628695507911134,0.9155160962226996,0.00015628695507911134,0.9993610614052936,-9788707.453214036,0.0003195203439782568,0.9993576192693495,-9741365.443243396,0.0003212422297156362,0.9993573529721252,1.2783090503615568e-06,-9728654.086095106,-10945538.745988648,-8636321.726967905,nan,nan,0.0003213755636432288,6.393620235330103e-07,0.9993621290239499,-9821517.764893271,0.00031898636417524963
500,1000,0.5,2000,100000,12,0.47123889803846897,0.2061073738537634,0.1,13.177044300762265,50.118723362727245,0.09241880163852421,7394717.68417372,135658274095.77925,403.08525221266154,0.007952438683197978,0.07041896739382592,0.08533256391878846,0.08442893217007186,0.9155710678299281,0.08448390377730047,0.00015628695507911134,0.9155160962226996,0.00015628695507911134,0.9993618210292949,-9812035.494937096,0.00031914041065334324,0.9993583652926677,-9761898.0937749,0.0003208690987795994,0.9993581224364706,1.2780735176882334e-06,-9756529.571369372,-10972169.50292966,-8657205.45313973,nan,nan,0.00032099070771047833,6.392439952619646e-07,0.9993629020134469,-9845376.49678523,0.0003185997461756227
500,1000,0.5,2000,100000,13,0.5105088062083414,0.23875071764202552,0.1,13.177044300762265,50.118723362727245,0.09241880163852421,7404030.023363926,136840237319.48375,400.61068046005954,0.009200175841832872,0.07063614746420098,0.0854503031668632,0.08442893217007186,0.9155710678299281,0.08448390377730047,0.00015628695507911134,0.9155160962226996,0.00015628695507911134,0.9993626233299377,-9836764.773558065,0.0003187391323483187,0.9993591497083099,-9785062.620855829,0.0003204767659633523,0.9993589312494751,1.2782974707032487e-06,-9791935.66357019,-11023661.223591711,-8683715.126759307,nan,nan,0.00032058617158059845,6.393557716499602e-07,0.9993637183919164,-9870668.939918736,0.00031819142693387297
500,1000,0.5,2000,100000,14,0.5497787143782138,0.2730047501302265,0.1,13.177044300762265,50.118723362727245,0.09241880163852421,7413801.852231445,138267008226.99106,397.524026945864,0.010506108549048074,0.07090987858208944,0.08561391103310392,0.08442893217007186,0.9155710678299281,0.08448390377730047,0.00015628695507911134,0.9155160962226996,0.00015628695507911134,0.9993634630515583,-9862747.709694756,0.0003183191377575609,0.9993599669026716,-9809174.356570365,0.00032006803901658755,0.999359773595032,1.2790329605837229e-06,-9828207.882324886,-11070064.418441603,-8713283.78672897,nan,nan,0.00032016486429556384,6.397233868582313e-07,0.9993645728055581,-9897244.250407355,0.000317764084227569
500,1000,0.5,2000,100000,15,0.5890486225480862,0.3086582838174551,0.1,13.177044300762265,50.118723362727245,0.09241880163852421,7423972.924201846,139954912734.81152,393.8080693438427,0.011861745710844597,0.07124367294221233,0.08582717368224672,0.08442893217007186,0.9155710678299281,0.08448390377730047,0.00015628695507911134,0.9155160962226996,0.00015628695507911134,0.9993643347344618,-9889828.618084399,0.0003178831576200724,0.9993608111525651,-9832709.515992757,0.000319645780485919,0.9993606435514895,1.2803174888752937e-06,-9848641.401582342,-11115981.892548082,-8722149.189338792,nan,nan,0.00031972974767408946,6.403655977545919e-07,0.9993654596937901,-9924943.282388493,0.0003173204992545769
500,1000,0.5,2000,100000,16,0.6283185307179586,0.3454915028125263,0.1,13.177044300762265,50.118723362727245,0.09241880163852421,7434480.531234205,141915949169.16846,389.4664489289712,0.013258342073709576,0.07163970022192669,0.08609279230062712,0.08442893217007186,0.9155710678299281,0.08448390377730047,0.00015628695507911134,0.9155160962226996,0.00015628695507911134,0.9993652327555048,-9917844.556428732,0.0003174340044211538,0.9993616766758652,-9857853.969035484,0.00031921288238410814,0.9993615351442315,1.2821731214695192e-06,-9875351.501960285,-11150609.55565364,-8753090.918145245,nan,nan,0.0003192838100115708,6.412934408596409e-07,0.9993663733307047,-9953599.453486772,0.00031686353589790203
500,1000,0.5,2000,100000,17,0.667588438887831,0.3832773180720473,0.1,13.177044300762265,50.118723362727245,0.09241880163852421,7445259.890437035,144157162611.33102,384.52404190004114,0.01468696148091731,0.07209866421864734,0.08641225954922216,0.08442893217007186,0.9155710678299281,0.08448390377730047,0.00015628695507911134,0.9155160962226996,0.00015628695507911134,0.999366151368767,-9946626.230989235,0.0003169745520498733,0.9993625576789078,-9884408.660853209,0.0003187722424817831,0.9993624423946315,1.2846062206788063e-06,-9911070.937127093,-11199340.485192768,-8768369.742156774,nan,nan,0.0003188300415948314,6.425100984438642e-07,0.9993673078665867,-9983039.668644376,0.0003163961199589959
500,1000,0.5,2000,100000,18,0.7068583470577035,0.4217827674798846,0.1,13.177044300762265,50.118723362727245,0.09241880163852421,7456244.543476351,146680130282.26205,379.0259974894772,0.01613853965812646,0.07261973400862948,0.08678577670365699,0.08442893217007186,0.9155710678299281,0.08448390377730047,0.00015628695507911134,0.9155160962226996,0.00015628695507911134,0.9993670847459187,-9975998.955786828,0.00031650771560769387,0.9993634484002631,-9909230.996640861,0.00031832674241411165,0.9993633593650154,1.2876077496189414e-06,-9944333.975303208,-11234964.924305975,-8796632.602412652,nan,nan,0.00031837141221319464,6.440110508658738e-07,0.9993682573690964,-10013085.29916393,0.00031592121855989646
500,1000,0.5,2000,100000,19,0.7461282552275759,0.4607704521360774,0.1,13.177044300762265,50.118723362727245,0.09241880163852421,7467366.7663133945,149480572741.3732,373.03554167616653,0.01760394597137553,0.0732005315767647,0.08721221440861361,0.08442893217007186,0.9155710678299281,0.08448390377730047,0.00015628695507911134,0.9155160962226996,0.00015628695507911134,0.9993680270159314,-10005783.661574285,0.0003160364315473416,0.9993643431506367,-9935424.650526088,0.0003178792277233758,0.9993642801994254,1.2911540788487904e-06,-9966073.739938218,-11263728.789155774,-8828614.314940821,nan,nan,0.00031791085077087874,6.45784480104918e-07,0.9993692158637467,-10043553.213098185,0.0003154418198975473
500,1000,0.5,2000,100000,20,0.7853981633974483,0.4999999999999999,0.1,13.177044300762265,50.118723362727245,0.09241880163852421,7478557.986745863,152548102630.61404,366.6307780736454,0.01907404365760149,0.07383717437480229,0.08768911766546651,0.08442893217007186,0.9155710678299281,0.08448390377730047,0.00015628695507911134,0.9155160962226996,0.00015628695507911134,0.9993689723038044,-10035797.950035607,0.00031556363830266874,0.9993652363487906,-9959784.151924517,0.00031743248989463466,0.9993651991601045,1.2952082081497586e-06,-9991431.492460152,-11299013.336903539,-8855453.814920338,nan,nan,0.0003174512270389513,6.478118809119935e-07,0.9993701773733481,-10074256.852380032,0.000314960913514507
500,1000,0.5,2000,100000,21,0.8246680715673207,0.5392295478639225,0.1,13.177044300762265,50.118723362727245,0.09241880163852421,7489749.207178332,155866119349.39108,359.90081372772437,0.020539748089311527,0.07452436804424015,0.08821275335999171,0.08442893217007186,0.9155710678299281,0.08448390377730047,0.00015628695507911134,0.9155160962226996,0.00015628695507911134,0.9993699147680298,-10065857.18793977,0.0003150922575504902,0.99936612255347,-9984589.998932395,0.00031698925038669754,0.9993661106597416,1.299721306910071e-06,-10021340.557647245,-11327640.33063458,-8883758.329795139,nan,nan,0.0003169953355287961,6.50068831291921e-07,0.9993711359561364,-10105007.35133086,0.00031448147122967824
500,1000,0.5,2000,100000,22,0.8639379797371931,0.5782172325201155,0.1,13.177044300762265,50.118723362727245,0.09241880163852421,7500871.430015376,159411854480.0496,352.9415826265432,0.021992082699152413,0.07525554193402859,0.0887781965406846,0.08442893217007186,0.9155710678299281,0.08448390377730047,0.00015628695507911134,0.9155160962226996,0.00015628695507911134,0.9993708486365521,-10095775.635251282,0.00031462517622476,0.9993669964914331,-10009345.615633447,0.0003165521466148445,0.9993670092896028,1.3046344744776898e-06,-10041644.88600117,-11383533.178911958,-8890922.103593996,nan,nan,0.0003165458814232373,6.525258729814202e-07,0.9993720857423348,-10135614.690431505,0.0003140064288512573
500,1000,0.5,2000,100000,23,0.9032078879070655,0.6167226819279528,0.1,13.177044300762265,50.118723362727245,0.09241880163852421,7511856.083054691,163156569085.48102,345.85173081791146,0.02342223225506403,0.07602301828447564,0.08937944996294418,0.08442893217007186,0.9155710678299281,0.08448390377730047,0.00015628695507911134,0.9155160962226996,0.00015628695507911134,0.9993717682410262,-10125367.600493966,0.000314165229382574,0.9993678530817357,-10030990.357295189,0.00031612371980498067,0.9993678898437484,1.3098806261507365e-06,-10071217.692442188,-11425489.416956153,-8914501.901203234,nan,nan,0.0003161054684656529,6.551494547449073e-07,0.9993730209689519,-10165888.878504524,0.00031353866877245086
500,1000,0.5,2000,100000,24,0.9424777960769379,0.6545084971874737,0.1,13.177044300762265,50.118723362727245,0.09241880163852421,7522635.442257521,167065900260.824,338.7288723118266,0.024821593240828034,0.07681820512793307,0.09000959024525615,0.08442893217007186,0.9155710678299281,0.08448390377730047,0.00015628695507911134,0.9155160962226996,0.00015628695507911134,0.9993726680492149,-10154448.61599321,0.00031371518400086977,0.9993686874564942,-10054554.387395546,0.00031570640461071604,0.9993687473395868,1.315386419836204e-06,-10098166.25317454,-11446773.095975738,-8932556.358929558,nan,nan,0.0003156765886807356,6.579028959905895e-07,0.9993739360126566,-10195641.155757174,0.000313081003529149
500,1000,0.5,2000,100000,25,0.9817477042468103,0.6913417161825449,0.1,13.177044300762265,50.118723362727245,0.09241880163852421,7533143.04928988,171100350632.28516,331.66644014086864,0.026181821158660253,0.07763180302597693,0.09066093339187607,0.08442893217007186,0.9155710678299281,0.08448390377730047,0.00015628695507911134,0.9155160962226996,0.00015628695507911134,0.9993735426954067,-10182836.625002576,0.00031327772376280944,0.9993694949783816,-10077488.074484382,0.0003153025203644366,0.9993695770350586,1.321074151223617e-06,-10117018.153480617,-11473338.896526862,-8948460.703796517,nan,nan,0.0003152616137820178,6.607473346226397e-07,0.9993748254206123,-10224685.209487617,0.0003126361603781938
500,1000,0.5,2000,100000,26,1.0210176124166828,0.7269952498697734,0.1,13.177044300762265,50.118723362727245,0.09241880163852421,7543314.121260281,175215910948.73575,324.7512604528985,0.027494874628774087,0.07845401656572557,0.09132521240097921,0.08442893217007186,0.9155710678299281,0.08448390377730047,0.00015628695507911134,0.9155160962226996,0.00015628695507911134,0.9993743870087749,-10210353.172168933,0.0003128554348740951,0.9993702712551391,-10099427.955896232,0.00031491426381990154,0.9993703744427584,1.3268635600093196e-06,-10151261.705682956,-11491280.957382537,-8966319.98638178,nan,nan,0.0003148627881097313,6.636426303923065e-07,0.9993756839391942,-10252838.39368033,0.0003122067669355415
500,1000,0.5,2000,100000,27,1.0602875205865552,0.7612492823579744,0.1,13.177044300762265,50.118723362727245,0.09241880163852421,7553085.9501278,179364802593.46298,318.0618858613075,0.028753056214507546,0.07927476285592944,0.09199376011716592,0.08442893217007186,0.9155710678299281,0.08448390377730047,0.00015628695507911134,0.9155160962226996,0.00015628695507911134,0.9993751960396335,-10236824.58832154,0.0003124507929322089,0.9993710121514086,-10119538.70914407,0.0003145437032362876,0.9993711353413235,1.3326735048291823e-06,-10163842.822270487,-11523733.79202092,-8979421.946904168,nan,nan,0.00031448222293692797,6.665482025732549e-07,0.9993765065405411,-10279922.943225238,0.00031179533789584777
500,1000,0.5,2000,100000,28,1.0995574287564276,0.7938926261462365,0.1,13.177044300762265,50.118723362727245,0.09241880163852421,7562398.2893180065,183496323836.22604,311.6676491967379,0.02994904994982268,0.08008387086233307,0.09265769128379905,0.08442893217007186,0.9155710678299281,0.08448390377730047,0.00015628695507911134,0.9155160962226996,0.00015628695507911134,0.9993759650835703,-10262083.16019846,0.00031206615085606695,0.9993717137981867,-10139619.191732515,0.0003141927736509401,0.9993718557844095,1.3384234789458586e-06,-10188601.040322699,-11568230.092574034,-8992339.461150466,nan,nan,0.00031412189198096375,6.694237879837384e-07,0.9993772884469369,-10305767.173104107,0.0003114042628390706
500,1000,0.5,2000,100000,29,1.1388273369263,0.8247240241650917,0.1,13.177044300762265,50.118723362727245,0.09241880163852421,7571193.725163126,187557781023.97507,305.62834616081346,0.031075955588138,0.08087126709004135,0.09330807877007094,0.08442893217007186,0.9155710678299281,0.08448390377730047,0.00015628695507911134,0.9155160962226996,0.00015628695507911134,0.9993766897034739,-10285968.275460923,0.00031170372787001966,0.9993723726002045,-10156872.669262541,0.00031386327318947685,0.9993725321075789,1.3440349515680711e-06,-10212819.039037267,-11606085.167473271,-9000871.058055956,nan,nan,0.00031378362796049425,6.722301117950777e-07,0.9993780251530342,-10330206.652609577,0.00031103579511579203
500,1000,0.5,2000,100000,30,1.1780972450961724,0.8535533905932737,0.1,13.177044300762265,50.118723362727245,0.09241880163852421,7579418.030876395,191495483737.20413,299.994425798634,0.032127319627133784,0.08162714469309568,0.09393612006139086,0.08442893217007186,0.9155710678299281,0.08448390377730047,0.00015628695507911134,0.9155160962226996,0.00015628695507911134,0.9993773657494871,-10308327.533202853,0.0003113655995246605,0.9993729852415295,-10173286.347219963,0.00031355686026647735,0.999373160933405,1.3494325304492722e-06,-10229971.34098904,-11631990.817028154,-9020875.06738858,nan,nan,0.0003134691200441664,6.74929468952225e-07,0.9993787124459623,-10353085.344507795,0.00031069204179123833
500,1000,0.5,2000,100000,31,1.2173671532660448,0.8802029828000155,0.1,13.177044300762265,50.118723362727245,0.09241880163852421,7587020.500878231,195255781271.88968,294.8075580952526,0.03309716319316597,0.0823421144584313,0.0945332912008827,0.08442893217007186,0.9155710678299281,0.08448390377730047,0.00015628695507911134,0.9155160962226996,0.00015628695507911134,0.9993779893769422,-10329017.810147233,0.0003110536887275755,0.9993735486896612,-10187316.397963323,0.00031327505153704727,0.9993737391750825,1.3545449499151454e-06,-10241914.945188869,-11660462.552949673,-9023856.554878425,nan,nan,0.00031317991204549134,6.774862182832201e-07,0.9993793464233754,-10374256.699033879,0.00031037495461848396
500,1000,0.5,2000,100000,32,1.2566370614359172,0.9045084971874736,0.1,13.177044300762265,50.118723362727245,0.09241880163852421,7593954.263412994,198786116685.92703,290.10145334204304,0.03398000689119936,0.08300733721575784,0.09509148637327952,0.08442893217007186,0.9155710678299281,0.08448390377730047,0.00015628695507911134,0.9155160962226996,0.00015628695507911134,0.9993785570623421,-10347906.272838673,0.00031076975775000594,0.999374060198391,-10201448.12443348,0.0003130192204684205,0.99937426403882,1.3593058947166158e-06,-10256016.834857227,-11691454.060404152,-9040175.622368138,nan,nan,0.0003129174012283074,6.798671944997761e-07,0.9993799235095189,-10393584.692725575,0.00031008632200408507
500,1000,0.5,2000,100000,33,1.2959069696057897,0.9263200821770461,0.1,13.177044300762265,50.118723362727245,0.09241880163852421,7600176.569528949,202036074102.16116,285.902822774158,0.034770892741845874,0.08361463805242582,0.09560314217833045,0.08442893217007186,0.9155710678299281,0.08448390377730047,0.00015628695507911134,0.9155160962226996,0.00015628695507911134,0.9993790656174737,-10364871.326395744,0.0003105154011703511,0.9993745173096622,-10213534.535758754,0.0003127905964109384,0.9993747330252579,1.363654674286377e-06,-10271867.699235922,-11714656.662097167,-9049384.889611673,nan,nan,0.0003126828375982915,6.820420453805794e-07,0.9993804404693933,-10410944.802358823,0.00030982776192433367
500,1000,0.5,2000,100000,34,1.335176877775662,0.9455032620941839,0.1,13.177044300762265,50.118723362727245,0.09241880163852421,7605649.056639764,204958395001.6824,282.2323895163724,0.03546540333642055,0.08415660327889696,0.09606134632350402,0.08442893217007186,0.9155710678299281,0.08448390377730047,0.00015628695507911134,0.9155160962226996,0.00015628695507911134,0.999379512201725,-10379803.490777997,0.0003102920397124382,0.9993749178546488,-10224420.471374903,0.0003125902640587693,0.9993751439301414,1.3675367643538169e-06,-10282043.64084931,-11729607.243490368,-9056466.765352368,nan,nan,0.00031247732356773025,6.839835026188779e-07,0.9993808944211084,-10426224.904648831,0.0003096007157473886
500,1000,0.5,2000,100000,35,1.3744467859455345,0.9619397662556434,0.1,13.177044300762265,50.118723362727245,0.09241880163852421,7610337.985042613,207509939870.77042,279.1058793745071,0.036059678344273746,0.08462666142971861,0.09645993097091463,0.08442893217007186,0.9155710678299281,0.08448390377730047,0.00015628695507911134,0.9155160962226996,0.00015628695507911134,0.9993798943327066,-10392606.196047844,0.00031010091493540804,0.9993752599542537,-10233252.530978227,0.0003124191632022815,0.9993754948444471,1.3709042337723182e-06,-10291148.008968808,-11765258.82855675,-9061443.14311519,nan,nan,0.0003123018138929031,6.856675952634526e-07,0.9993812828465158,-10439326.092920072,0.00030940644291558596
500,1000,0.5,2000,100000,36,1.413716694115407,0.9755282581475768,0.1,13.177044300762265,50.118723362727245,0.09241880163852421,7614214.445934666,209652572768.03317,276.5349399877248,0.03655042850447801,0.08501914973827157,0.09679355131158483,0.08442893217007186,0.9155710678299281,0.08448390377730047,0.00015628695507911134,0.9155160962226996,0.00015628695507911134,0.9993802098952502,-10403196.488762688,0.00030994308473276326,0.9993755420191954,-10241024.617424998,0.0003122780886857823,0.9993757841541423,1.3737160741340103e-06,-10299907.760208078,-11787493.994726356,-9061608.012072586,nan,nan,0.00031215711579573544,6.870738145439663e-07,0.9993816036002124,-10450163.402622622,0.000309246016443108
500,1000,0.5,2000,100000,37,1.4529866022852793,0.9861849601988383,0.1,13.177044300762265,50.118723362727245,0.09241880163852421,7617254.539645471,211353948126.16354,274.5279529252707,0.03693494722677306,0.08532936753279427,0.09705775013101188,0.08442893217007186,0.9155710678299281,0.08448390377730047,0.00015628695507911134,0.9155160962226996,0.00015628695507911134,0.9993804571488719,-10411505.642408699,0.00030981941960043195,0.9993757627498299,-10246978.813244991,0.00031216769049621107,0.9993760105397257,1.375938448587838e-06,-10306869.955563586,-11804940.486742308,-9064753.518878348,nan,nan,0.000312043889193657,6.881852382913446e-07,0.9993818549169983,-10458666.43837224,0.0003091203191867224
500,1000,0.5,2000,100000,38,1.4922565104551517,0.9938441702975689,0.1,13.177044300762265,50.118723362727245,0.09241880163852421,7619439.5229863655,212588181353.20108,273.0907159320901,0.03721111991508677,0.08555361790398722,0.0972490091974194,0.08442893217007186,0.9155710678299281,0.08448390377730047,0.00015628695507911134,0.9155160962226996,0.00015628695507911134,0.9993806347337695,-10417479.665675102,0.00030973059963742026,0.9993759211358395,-10251635.541252092,0.00031208847392019413,0.9993761729756815,1.3775448744800874e-06,-10311524.023764342,-11806787.370650943,-9067142.141246637,nan,nan,0.0003119626469737759,6.88988622263802e-07,0.9993820354178636,-10464779.896107053,0.0003090300408512909
500,1000,0.5,2000,100000,39,1.5315264186250241,0.9984586668665639,0.1,13.177044300762265,50.118723362727245,0.09241880163852421,7620755.924808472,213336387496.8021,272.22698174906515,0.03737743111158134,0.08568923882231308,0.09736478827269036,0.08442893217007186,0.9155710678299281,0.08448390377730047,0.00015628695507911134,0.9155160962226996,0.00015628695507911134,0.9993807416754187,-10421079.703353334,0.0003096771122475697,0.9993760164558847,-10254614.07671456,0.00031204079971856066,0.9993762707299465,1.378516352190514e-06,-10314815.110129017,-11811898.452561038,-9067289.719262674,nan,nan,0.0003119137552594638,6.894744645681728e-07,0.9993821441145742,-10468463.974971104,0.00030897567569698655
500,1000,0.5,2000,100000,40,1.5707963267948966,1.0,0.1,13.177044300762265,50.118723362727245,0.09241880163852421,7621195.62905681,213587075316.33597,271.93884616066117,0.03743296954067935,0.08573462466053164,0.09740355243903503,0.08442893217007186,0.9155710678299281,0.08448390377730047,0.00015628695507911134,0.9155160962226996,0.00015628695507911134,0.9993807773878177,-10422282.325714368,0.0003096592505168773,0.9993760482772993,-10255571.63772641,0.00031202488427895534,0.9993763033634735,1.3788414500100975e-06,-10317043.943695094,-11812874.050956197,-9067339.014306867,-10448287.936714193,-10210635.530662853,0.0003118974336292411,6.896370480998919e-07,0.9993821804129069,-10469694.674639214,0.00030895752092142373
1000,1000,1.0,2000,100000,0,0.0,0.0,0.01,4.166947281934958,10.0,0.10512492197250405,14998902.357858226,274189159527.27835,820.4812777004908,0.0025045535579648528,0.04935951740955827,0.09592939006856739,0.09512492197250388,0.9048750780274961,0.09559138278913099,0.00021834815275060637,0.9044086172108688,0.0002183481527506064,0.9994415606933619,-12815752.605703978,0.00027925864601473536,0.9994401692751849,-12787897.61519719,0.00027995464888952253,0.9994382694818444,1.330731511139569e-06,-12840813.49874633,-14783274.78759803,-11065222.12214274,nan,nan,0.000280905155674667,6.655562939332e-07,0.9994439031564297,-12923993.789603174,0.0002780870879994226
1000,1000,1.0,2000,100000,1,0.039269908169872414,0.001541333133436012,0.01,4.166947281934958,10.0,0.10512492197250405,14999342.062106565,274189360517.27597,820.5287829974125,0.0025044801372217916,0.04935808889632429,0.09592792357065955,0.09512492197250388,0.9048750780274961,0.09559138278913099,0.00021834815275060637,0.9044086172108688,0.0002183481527506064,0.9994415770575336,-12816504.04384412,0.0002792504616433934,0.9994401857903056,-12788558.37614417,0.0002799463890045661,0.9994382873337267,1.3306742204193797e-06,-12842309.350742301,-14783614.450601108,-11065292.685258575,nan,nan,0.00028089622718743926,6.655276344016405e-07,0.9994439206822636,-12924808.788004814,0.000278078322644881
1000,1000,1.0,2000,100000,2,0.07853981633974483,0.0061558297024311365,0.01,4.166947281934958,10.0,0.10512492197250405,15000658.463928673,274192273989.32968,820.6640948613734,0.002504260353388702,0.04935402071905217,0.09592366794174294,0.09512492197250388,0.9048750780274961,0.09559138278913099,0.00021834815275060637,0.9044086172108688,0.0002183481527506064,0.9994416260434247,-12818753.85709906,0.0002792259618565051,0.9994402352163864,-12790789.421054069,0.0002799216690080767,0.9994383407580251,1.3305043201361498e-06,-12846840.505352098,-14784631.374732507,-11065503.942165768,nan,nan,0.0002808695074200758,6.654426420813485e-07,0.9994439731451099,-12927248.912098255,0.00027805208392578314
1000,1000,1.0,2000,100000,3,0.11780972450961724,0.013815039801161699,0.01,4.166947281934958,10.0,0.10512492197250405,15002843.447269566,274204760281.86685,820.8658058011265,0.0025038956380483966,0.04934795829307173,0.095917050376022,0.09512492197250388,0.9048750780274961,0.09559138278913099,0.00021834815275060637,0.9044086172108688,0.0002183481527506064,0.9994417073319679,-12822488.566480594,0.0002791853062335974,0.9994403171968279,-12794126.602453195,0.0002798806672538823,0.9994384293621347,1.3302276572707454e-06,-12853103.678302012,-14789957.789602075,-11070910.095451899,nan,nan,0.00028082519273547445,6.653042414578392e-07,0.9994440602018747,-12931299.574798264,0.0002780085434377387
1000,1000,1.0,2000,100000,4,0.15707963267948966,0.024471741852423214,0.01,4.166947281934958,10.0,0.10512492197250405,15005883.540980369,274238017906.81683,821.0989218933829,0.002503388365193656,0.04934095519483831,0.0959087683084301,0.09512492197250388,0.9048750780274961,0.09559138278913099,0.00021834815275060637,0.9044086172108688,0.0002183481527506064,0.9994418203940536,-12827685.788631396,0.00027912875940534824,0.9994404311414118,-12799830.831770431,0.0002798236789399549,0.9994385524964815,1.3298537508901246e-06,-12855885.431051016,-14802506.635992251,-11074749.52658626,nan,nan,0.0002807636080207091,6.651171936846773e-07,0.9994441812836459,-12936936.551725075,0.0002779479857184802
1000,1000,1.0,2000,100000,5,0.19634954084936207,0.03806023374435662,0.01,4.166947281934958,10.0,0.10512492197250405,15009760.001872424,274307236866.97537,821.3159006922757,0.002502741833397406,0.04933444042856136,0.09589976797206813,0.09512492197250388,0.9048750780274961,0.09559138278913099,0.00021834815275060637,0.9044086172108688,0.0002183481527506064,0.9994419644945034,-12834314.358008659,0.0002790566890661718,0.9994405762323886,-12806221.139466379,0.00027975111306454044,0.9994387092615632,1.3293954634159553e-06,-12860618.196453229,-14806531.77073959,-11078526.467154462,nan,nan,0.00028068520316496475,6.648879321614714e-07,0.9994443356000196,-12944126.112105295,0.0002778708060826852
1000,1000,1.0,2000,100000,6,0.23561944901923448,0.05449673790581606,0.01,4.166947281934958,10.0,0.10512492197250405,15014448.930275273,274431125927.4332,821.458119657516,0.002501960241124382,0.049330173500190574,0.09589121515454803,0.09512492197250388,0.9048750780274961,0.09559138278913099,0.00021834815275060637,0.9044086172108688,0.0002183481527506064,0.9994421386975727,-12842334.497433826,0.00027896956322231135,0.9994407514328227,-12813985.908357242,0.00027966348825048695,0.9994388985175942,1.32886856005213e-06,-12865512.933620322,-14809197.448838493,-11083059.59588965,nan,nan,0.0002805905482354734,6.646243421731277e-07,0.9994445221450939,-12952825.20154225,0.000277777507624873
1000,1000,1.0,2000,100000,7,0.2748893571891069,0.0736799178229539,0.01,4.166947281934958,10.0,0.10512492197250405,15019921.417386089,274631326089.73453,821.4577797681397,0.002501048655451538,0.04933018824257628,0.09588445891648917,0.09512492197250388,0.9048750780274961,0.09559138278913099,0.00021834815275060637,0.9044086172108688,0.0002183481527506064,0.9994423418739212,-12851698.036488945,0.000278867946705226,0.9994409554970448,-12822798.614581205,0.0002795614275195912,0.99943911889655,1.328291174702974e-06,-12873076.462044008,-14822301.589517817,-11098060.515280774,nan,nan,0.0002804803274530353,6.643354937596177e-07,0.9994447397050581,-12962981.676148705,0.0002776686974237365
1000,1000,1.0,2000,100000,8,0.3141592653589793,0.09549150281252627,0.01,4.166947281934958,10.0,0.10512492197250405,15026143.723502044,274931725486.91003,821.2402362785516,0.0025000129745322364,0.0493367266568969,0.09588098923384598,0.09512492197250388,0.9048750780274961,0.09559138278913099,0.00021834815275060637,0.9044086172108688,0.0002183481527506064,0.9994425727089794,-12862348.677073868,0.0002787524969876151,0.9994411869829938,-12833339.365305059,0.0002794456521168173,0.9994393688163653,1.3276832041754e-06,-12892271.848695666,-14830958.889190678,-11100779.181221034,nan,nan,0.00028035533209063123,6.640313387165928e-07,0.9994449868672931,-12974534.58736989,0.0002775450819896845
1000,1000,1.0,2000,100000,9,0.3534291735288517,0.11979701719998452,0.01,4.166947281934958,10.0,0.10512492197250405,15033077.486036807,275357693507.5013,820.7267275611104,0.0024988598842009095,0.04935216437854452,0.09588238970704939,0.09512492197250388,0.9048750780274961,0.09559138278913099,0.00021834815275060637,0.9044086172108688,0.0002183481527506064,0.9994428297126181,-12874222.305261057,0.0002786239593462926,0.9994414442662396,-12845104.143271357,0.00027931697449873143,0.9994396464970028,1.3270656547665348e-06,-12924778.544625297,-14845736.988449581,-11114910.030608531,nan,nan,0.00028021645243587345,6.637223837824425e-07,0.99944526203089,-12987414.516643185,0.00027740746200501977
1000,1000,1.0,2000,100000,10,0.39269908169872414,0.14644660940672624,0.01,4.166947281934958,10.0,0.10512492197250405,15040679.956038643,275935254102.3844,819.8374443884725,0.0027782186394961655,0.04937892972799186,0.09589028663812016,0.09512492197250388,0.9048750780274961,0.09559138278913099,0.00021834815275060637,0.9044086172108688,0.0002183481527506064,0.9994431112300268,-12887247.34839315,0.00027848316142220774,0.9994417255554192,-12859032.295562169,0.0002791762906110889,0.9994399499780888,1.3264599664217737e-06,-12939981.186043613,-14869062.678056873,-11124856.21922698,nan,nan,0.00028006466897018443,6.634193526085577e-07,0.9994455634184666,-13001543.95884367,0.0002772567264128958
1000,1000,1.0,2000,100000,11,0.43196898986859655,0.17527597583490817,0.01,4.166947281934958,10.0,0.10512492197250405,15048904.26175191,276690219875.81116,818.4948480687996,0.003323205613377292,0.04941941864790997,0.0959062959053101,0.09512492197250388,0.9048750780274961,0.09559138278913099,0.00021834815275060637,0.9044086172108688,0.0002183481527506064,0.9994434154536834,-12901345.176161729,0.00027833100723310825,0.9994420289088374,-12873230.862040028,0.00027902457158709325,0.9994402771377954,1.3258873395044047e-06,-12953510.507789843,-14886063.041978803,-11145592.233257242,nan,nan,0.0002799010429245167,6.631328490382858e-07,0.9994458890891657,-13016837.753248135,0.000277093845916917
1000,1000,1.0,2000,100000,12,0.47123889803846897,0.2061073738537634,0.01,4.166947281934958,10.0,0.10512492197250405,15057699.69759703,277647309670.114,816.627110316349,0.003905379981268704,0.0494759081288761,0.09593196915650566,0.09512492197250388,0.9048750780274961,0.09559138278913099,0.00021834815275060637,0.9044086172108688,0.0002183481527506064,0.9994437404363009,-12916430.544184396,0.00027816847069859194,0.9994423522519518,-12886543.441338256,0.00027886285500046187,0.9994406257126457,1.3253680879323334e-06,-12966741.076784573,-14922279.170394992,-11158069.266729513,nan,nan,0.00027972670637328755,6.628730335752755e-07,0.9994462369526964,-13033203.560514817,0.0002769198659578676
1000,1000,1.0,2000,100000,13,0.5105088062083414,0.23875071764202552,0.01,4.166947281934958,10.0,0.10512492197250405,15067012.036787238,278829272893.8185,814.1715156397566,0.004521027658758217,0.049550470954415796,0.0959687408909515,0.09512492197250388,0.9048750780274961,0.09559138278913099,0.00021834815275060637,0.9044086172108688,0.0002183481527506064,0.9994440841046224,-12932412.078359673,0.00027799658874055823,0.9994426933954883,-12902037.547212003,0.0002786922358063427,0.9994409933179246,1.3249210401398128e-06,-12991243.717923624,-14942094.31303123,-11173583.535855165,nan,nan,0.0002795428520253533,6.626493237743717e-07,0.9994466047842827,-13050542.383921815,0.00027673589923754945
1000,1000,1.0,2000,100000,14,0.5497787143782138,0.2730047501302265,0.01,4.166947281934958,10.0,0.10512492197250405,15076783.865654755,280256043801.3258,811.0776440304272,0.0051662349022667114,0.04964489471777675,0.0960178779981546,0.09512492197250388,0.9048750780274961,0.09559138278913099,0.00021834815275060637,0.9044086172108688,0.0002183481527506064,0.9994444442739334,-12949192.798028339,0.00027781645402432287,0.9994430500539176,-12917625.520455506,0.0002785138570986835,0.999441377468393,1.3245630062165677e-06,-13009308.397464784,-14951830.785038672,-11182327.809643429,nan,nan,0.0002793507228638703,6.624701277332936e-07,0.9994469902403719,-13068749.132833866,0.0002765431178620492
1000,1000,1.0,2000,100000,15,0.5890486225480862,0.3086582838174551,0.01,4.166947281934958,10.0,0.10512492197250405,15086954.937625157,281943948309.1463,807.3101432216419,0.005836915358676044,0.0497606080474672,0.09608043326917276,0.09512492197250388,0.9048750780274961,0.09559138278913099,0.00021834815275060637,0.9044086172108688,0.0002183481527506064,0.9994448186631629,-12966670.675705306,0.00027762920740691754,0.9994434198640607,-12934015.113016672,0.000278328900805367,0.9994417755990206,1.3243083258745418e-06,-13018889.823626198,-14969748.066337857,-11194895.104810555,nan,nan,0.0002791516017764611,6.623426180125204e-07,0.9994473908749569,-13087713.226078114,0.00027634274517796193
1000,1000,1.0,2000,100000,16,0.6283185307179586,0.3454915028125263,0.01,4.166947281934958,10.0,0.10512492197250405,15097462.544657517,283904984743.50323,802.8509097621702,0.006528837924378053,0.04989861680512041,0.09615720428735709,0.09512492197250388,0.9048750780274961,0.09559138278913099,0.00021834815275060637,0.9044086172108688,0.0002183481527506064,0.9994452049104321,-12984739.230871271,0.0002774360301593826,0.999443800403593,-12951806.076612853,0.0002781385784328177,0.9994421850854812,1.3241685078409972e-06,-13039668.649084385,-15001171.7700759,-11211349.982240457,nan,nan,0.00027894680130397616,6.6227255128316e-07,0.9994478041563662,-13107319.232605407,0.0002761360473752014
1000,1000,1.0,2000,100000,17,0.667588438887831,0.3832773180720473,0.01,4.166947281934958,10.0,0.10512492197250405,15108241.903860345,286146198185.6658,797.7005281665703,0.007237655176697132,0.050059452680603966,0.09624869894445748,0.09512492197250388,0.9048750780274961,0.09559138278913099,0.00021834815275060637,0.9044086172108688,0.0002183481527506064,0.9994456005889256,-13003288.15503112,0.0002772381360292264,0.9994441892092504,-12968792.144778688,0.00027794412196044556,0.9994426032641863,1.324151967102478e-06,-13053538.890188038,-15006312.29198701,-11237888.714721821,nan,nan,0.0002787376536211064,6.622641369162147e-07,0.999448227484375,-13127447.546499647,0.00027592432492909495
1000,1000,1.0,2000,100000,18,0.7068583470577035,0.4217827674798846,0.01,4.166947281934958,10.0,0.10512492197250405,15119226.556899661,288669165856.5968,791.8788659001355,0.007958932145948177,0.05024313611568152,0.09635510861855467,0.09512492197250388,0.9048750780274961,0.09559138278913099,0.00021834815275060637,0.9044086172108688,0.0002183481527506064,0.9994460032229526,-13022203.964959256,0.0002770367632077463,0.9994445837945601,-12986976.529194705,0.0002777467749727797,0.9994430274516597,1.3242638623578587e-06,-13056891.269144762,-15021023.441427216,-11250695.957663914,nan,nan,0.0002785255008458959,6.623199556914913e-07,0.9994486582074946,-13147975.093076231,0.0002757089039525744
1000,1000,1.0,2000,100000,19,0.7461282552275759,0.4607704521360774,0.01,4.166947281934958,10.0,0.10512492197250405,15130348.779736705,291469608315.708,785.4247841459859,0.008688175204439257,0.050449154867143624,0.09647628980055639,0.09512492197250388,0.9048750780274961,0.09559138278913099,0.00021834815275060637,0.9044086172108688,0.0002183481527506064,0.9994464103040726,-13041370.680765267,0.0002768331662646581,0.9994449816669458,-13004965.03406867,0.00027754778410399956,0.9994434549630945,1.3245060322627103e-06,-13073323.231243104,-15042805.664252933,-11258032.847320372,nan,nan,0.00027831168575852614,6.624409279159397e-07,0.9994490936403082,-13168776.062487142,0.0002754911275265373
1000,1000,1.0,2000,100000,20,0.7853981633974483,0.4999999999999999,0.01,4.166947281934958,10.0,0.10512492197250405,15141540.000169173,294537138204.9488,778.3949928147667,0.009420860859166316,0.05067645881705731,0.09661175467688687,0.09512492197250388,0.9048750780274961,0.09559138278913099,0.00021834815275060637,0.9044086172108688,0.0002183481527506064,0.9994468193071676,-13060670.525131272,0.00027662860810957166,0.9994453803440874,-13024581.2735243,0.00027734839085627504,0.9994438831299653,1.3248770257147946e-06,-13092351.055287998,-15063025.825705308,-11268393.688849889,nan,nan,0.00027809754299318995,6.626263285762055e-07,0.9994495310807192,-13189722.66693017,0.000275272347072972
1000,1000,1.0,2000,100000,21,0.8246680715673207,0.5392295478639225,0.01,4.166947281934958,10.0,0.10512492197250405,15152731.220601644,297855154923.7258,770.8621443956298,0.010152464247396286,0.05092347090615499,0.09676067088060492,0.09512492197250388,0.9048750780274961,0.09559138278913099,0.00021834815275060637,0.9044086172108688,0.0002183481527506064,0.9994472277063498,-13079984.639799442,0.0002764243520363687,0.9994457773694345,-13041711.04630649,0.000277149823840291,0.9994443093165967,1.3253722186633594e-06,-13109917.832773026,-15083510.275020432,-11280839.057938717,nan,nan,0.00027788439075095725,6.628738457638792e-07,0.9994499678269929,-13210685.917248156,0.00027505391383135286
1000,1000,1.0,2000,100000,22,0.8639379797371931,0.5782172325201155,0.01,4.166947281934958,10.0,0.10512492197250405,15163853.443438686,301400890054.3844,762.912316591357,0.010878487148395974,0.051188113364430354,0.09692187032578294,0.09512492197250388,0.9048750780274961,0.09559138278913099,0.00021834815275060637,0.9044086172108688,0.0002183481527506064,0.9994476329905968,-13099193.815129714,0.00027622165390262394,0.9994461703268072,-13058560.00602347,0.0002769532914739071,0.9994447309356269,1.3259840077725025e-06,-13134477.414877275,-15108936.076512558,-11296490.607917849,nan,nan,0.0002776735230666382,6.631796775371904e-07,0.9994504011944818,-13231536.414407222,0.00027483717049423385
1000,1000,1.0,2000,100000,23,0.9032078879070655,0.6167226819279528,0.01,4.166947281934958,10.0,0.10512492197250405,15174838.096478,305145604659.8158,754.6420716465419,0.01159448533983096,0.05146784779456997,0.09709386675491126,0.09512492197250388,0.9048750780274961,0.09559138278913099,0.00021834815275060637,0.9044086172108688,0.0002183481527506064,0.9994480326790249,-13118179.228309836,0.0002760217544919394,0.9994465568540282,-13074575.034347769,0.0002767599751633509,0.9994451454623223,1.326702069765618e-06,-13160967.552655088,-15129661.959485939,-11321282.865597852,nan,nan,0.0002774662026490753,6.635386616308958e-07,0.9994508285319293,-13252145.151067639,0.00027462344305304254
1000,1000,1.0,2000,100000,24,0.9424777960769379,0.6545084971874737,0.01,4.166947281934958,10.0,0.10512492197250405,15185617.455680832,309054935835.15875,746.1552972358144,0.012296095143428009,0.051759727171683,0.09727488136958111,0.09512492197250388,0.9048750780274961,0.09559138278913099,0.00021834815275060637,0.9044086172108688,0.0002183481527506064,0.9994484243357065,-13136823.185586324,0.0002758258721025864,0.9994469346555659,-13090498.03177099,0.000276571022980862,0.9994455504477331,1.3275136744036259e-06,-13171628.72590963,-15139095.840926202,-11329727.399393879,nan,nan,0.00027726365430223666,6.639444319885224e-07,0.9994512472372615,-13272384.318212086,0.0002744140328999237
1000,1000,1.0,2000,100000,25,0.9817477042468103,0.6913417161825449,0.01,4.166947281934958,10.0,0.10512492197250405,15196125.06271319,313089386206.6199,737.5600294838018,0.01297905902097765,0.052060457483812175,0.0974628756918126,0.09512492197250388,0.9048750780274961,0.09559138278913099,0.00021834815275060637,0.9044086172108688,0.0002183481527506064,0.9994488055839585,-13155009.863702836,0.00027563519540123923,0.9994473015141732,-13107004.657232307,0.00027638754384341996,0.9994459435306928,1.3284040387532517e-06,-13198862.303808447,-15175629.532549145,-11336285.10204905,nan,nan,0.0002770670589240367,6.643895959433064e-07,0.9994516547727863,-13292128.111581009,0.0002742102092262352
1000,1000,1.0,2000,100000,26,1.0210176124166828,0.7269952498697734,0.01,4.166947281934958,10.0,0.10512492197250405,15206296.13468359,317204946523.07056,728.9654359752409,0.013639250098283593,0.05236646656106099,0.09765559062525474,0.09512492197250388,0.9048750780274961,0.09559138278913099,0.00021834815275060637,0.9044086172108688,0.0002183481527506064,0.9994491741200334,-13172626.045585202,0.0002754508765759787,0.9994476553015341,-13122084.515330631,0.0002762106021891796,0.9994463224486859,1.3293567106107254e-06,-13212027.922650626,-15214307.97570106,-11344905.41111634,nan,nan,0.0002768775480710315,6.648659259790686e-07,0.9994520486797287,-13311253.532488998,0.00027401320175306205
1000,1000,1.0,2000,100000,27,1.0602875205865552,0.7612492823579744,0.01,4.166947281934958,10.0,0.10512492197250405,15216067.963551112,321353838167.7977,720.4791005188234,0.014272695510907001,0.05267397761916733,0.09785059055680996,0.09512492197250388,0.9048750780274961,0.09559138278913099,0.00021834815275060637,0.9044086172108688,0.0002183481527506064,0.9994495277261524,-13189561.84520558,0.0002752740248182044,0.9994479939879309,-13136647.399104893,0.0002760412131415089,0.9994466850476239,1.3303539695722444e-06,-13225091.31183055,-15233994.700386126,-11372291.836285321,nan,nan,0.0002766961990699758,6.653645603147084e-07,0.999452426592041,-13329641.177464414,0.0002738241938240116
1000,1000,1.0,2000,100000,28,1.0995574287564276,0.7938926261462365,0.01,4.166947281934958,10.0,0.10512492197250405,15225380.302741319,325485359410.5608,712.2047080179112,0.01487559848120574,0.05297908515475089,0.09804531126124306,0.09512492197250388,0.9048750780274961,0.09559138278913099,0.00021834815275060637,0.9044086172108688,0.0002183481527506064,0.9994498642828288,-13205711.416495781,0.0002751057001587287,0.9994483156509731,-13149774.786206808,0.000275880338145076,0.999447029290575,1.3313772351803867e-06,-13236294.73130912,-15268515.051523369,-11382557.87468665,nan,nan,0.00027652403065164593,6.658762070267047e-07,0.9994527862494403,-13347176.011072932,0.0002736443158856589
1000,1000,1.0,2000,100000,29,1.1388273369263,0.8247240241650917,0.01,4.166947281934958,10.0,0.10512492197250405,15234175.738586437,329546816598.3098,704.240183017826,0.015444359050973504,0.053277831044116285,0.0982371103419984,0.09512492197250388,0.9048750780274961,0.09559138278913099,0.00021834815275060637,0.9044086172108688,0.0002183481527506064,0.9994501817804438,-13220973.641165134,0.00027494690767919107,0.9994486184834173,-13163193.336253177,0.0002757288810541917,0.9994473532655089,1.3324074727392837e-06,-13244993.968948659,-15277450.685721107,-11394063.921482,nan,nan,0.0002763619990781983,6.663913470033894e-07,0.9994531255096255,-13363748.116257636,0.0002734746393764186
1000,1000,1.0,2000,100000,30,1.1780972450961724,0.8535533905932737,0.01,4.166947281934958,10.0,0.10512492197250405,15242400.044299707,333484519311.53894,696.6762942702775,0.015975593407725346,0.0535662789813708,0.09842331895602593,0.09512492197250388,0.9048750780274961,0.09559138278913099,0.00021834815275060637,0.9044086172108688,0.0002183481527506064,0.999450478330034,-13235252.790314566,0.0002747985921160947,0.999448900800131,-13173726.663394453,0.00027558768465052485,0.9994476551921161,1.333425588666264e-06,-13254585.285880078,-15288986.45187381,-11411903.34500804,nan,nan,0.00027621099473254664,6.669004316660021e-07,0.9994534423596485,-13379253.4165572,0.00027331617104039513
1000,1000,1.0,2000,100000,31,1.2173671532660448,0.8802029828000155,0.01,4.166947281934958,10.0,0.10512492197250405,15250002.514301542,337244816846.2245,689.5957033855506,0.016466151755186353,0.05384058571127041,0.09860129362216528,0.09512492197250388,0.9048750780274961,0.09559138278913099,0.00021834815275060637,0.9044086172108688,0.0002183481527506064,0.9994507521732701,-13248459.154827503,0.00027466163287127794,0.9994491610442479,-13183880.464685334,0.00027545752756526914,0.9994479334277713,1.3344128085771985e-06,-13264043.371217683,-15297308.311868047,-11428360.771594772,nan,nan,0.0002760718391366527,6.673940720528855e-07,0.9994537349264079,-13393594.364652798,0.00027316984767894356
1000,1000,1.0,2000,100000,32,1.2566370614359172,0.9045084971874736,0.01,4.166947281934958,10.0,0.10512492197250405,15256936.276836306,340775152260.26184,683.072410096573,0.016913134689695006,0.05409706783817456,0.0987684669936244,0.09512492197250388,0.9048750780274961,0.09559138278913099,0.00021834815275060637,0.9044086172108688,0.0002183481527506064,0.9994510016915971,-13260509.639661387,0.00027453683943951484,0.9994493977925656,-13194236.912127245,0.0002753391215797571,0.9994481864727051,1.3353510325904889e-06,-13271961.264995746,-15312022.654687716,-11431098.380371515,nan,nan,0.0002759452823651035,6.678632165095726e-07,0.9994540014862487,-13406680.591844104,0.000273036531349317
1000,1000,1.0,2000,100000,33,1.2959069696057897,0.9263200821770461,0.01,4.166947281934958,10.0,0.10512492197250405,15263158.582952261,344025109676.4959,677.1715301462066,0.017313908053955766,0.05433226330133282,0.09892239657696943,0.09512492197250388,0.9048750780274961,0.09559138278913099,0.00021834815275060637,0.9044086172108688,0.0002183481527506064,0.9994512254145291,-13271328.31736122,0.00027442494726122736,0.999449609760238,-13203118.416299013,0.00027523310927828634,0.9994484129744526,1.3362231635427803e-06,-13285091.57869478,-15335691.677452968,-11433015.387021732,nan,nan,0.00027583200082075085,6.682993148312559e-07,0.9994542404736579,-13418429.513266811,0.00027291700501688227
1000,1000,1.0,2000,100000,34,1.335176877775662,0.9455032620941839,0.01,4.166947281934958,10.0,0.10512492197250405,15268631.070063075,346947430576.0172,671.9493335536196,0.017666116247832125,0.054542986881831665,0.09906081049476513,0.09512492197250388,0.9048750780274961,0.09559138278913099,0.00021834815275060637,0.9044086172108688,0.0002183481527506064,0.9994514220270793,-13280846.936368056,0.00027432661400598503,0.9994497958048187,-13210652.3087339,0.0002751400620274398,0.9994486117316408,1.337013404892115e-06,-13292563.491589863,-15355506.463209243,-11434957.570502806,nan,nan,0.00027573259534039097,6.686944672451206e-07,0.9994544504890402,-13428766.883936629,0.0002728119686649804
1000,1000,1.0,2000,100000,35,1.3744467859455345,0.9619397662556434,0.01,4.166947281934958,10.0,0.10512492197250405,15273319.998465925,349498975445.10516,667.4534695801389,0.01796769398267101,0.054726379337889715,0.09918164950935694,0.09512492197250388,0.9048750780274961,0.09559138278913099,0.00021834815275060637,0.9044086172108688,0.0002183481527506064,0.9994515903763217,-13289005.379998628,0.0002742424162905707,0.9994499549296959,-13216232.526220117,0.000275060478257352,0.9994487816971785,1.3377075260151415e-06,-13296335.111524915,-15375238.461015904,-11435546.695035443,nan,nan,0.00027564758960032886,6.690415570853673e-07,0.9994546303055797,-13437627.30103733,0.0002727220358645727
1000,1000,1.0,2000,100000,36,1.413716694115407,0.9755282581475768,0.01,4.166947281934958,10.0,0.10512492197250405,15277196.459357977,351641608342.3679,663.7233083935345,0.018216876471037695,0.054879949948518844,0.09928310464529227,0.09512492197250388,0.9048750780274961,0.09559138278913099,0.00021834815275060637,0.9044086172108688,0.0002183481527506064,0.9994517294770823,-13295752.072326435,0.00027417284683388355,0.9994500862869725,-13221716.082702903,0.0002749947820220904,0.9994489219809,1.3382930933688244e-06,-13301063.239575215,-15394054.311124166,-11439349.594683412,nan,nan,0.0002755774287941107,6.693343663970235e-07,0.9994547788751763,-13444954.648259193,0.00027264773080434
1000,1000,1.0,2000,100000,37,1.4529866022852793,0.9861849601988383,0.01,4.166947281934958,10.0,0.10512492197250405,15280236.553068783,353342983700.4983,660.7903365519979,0.018412208047800145,0.05500161238108403,0.09936364986300827,0.09512492197250388,0.9048750780274961,0.09559138278913099,0.00021834815275060637,0.9044086172108688,0.0002183481527506064,0.9994518385167493,-13301044.327593876,0.0002741183120498195,0.9994501891798269,-13225751.907795323,0.00027494332181851605,0.9994490318517144,1.3387596665902177e-06,-13307341.378795534,-15405846.36550023,-11443042.474035244,nan,nan,0.00027552247855759226,6.69567674005031e-07,0.999454895333466,-13450702.478436189,0.0002725894857808541
1000,1000,1.0,2000,100000,38,1.4922565104551517,0.9938441702975689,0.01,4.166947281934958,10.0,0.10512492197250405,15282421.536409676,354577216927.5359,658.678552559819,0.018552549221345905,0.055089713889443066,0.09942206934366674,0.09512492197250388,0.9048750780274961,0.09559138278913099,0.00021834815275060637,0.9044086172108688,0.0002183481527506064,0.9994519168592125,-13304848.640227392,0.0002740791300784728,0.9994502630643964,-13228663.00986702,0.0002749063696455538,0.9994491107393046,1.3390989590501502e-06,-13311978.893861081,-15410255.908232234,-11447295.110234108,nan,nan,0.0002754830241197839,6.697373358063153e-07,0.9994549790039201,-13454834.331220038,0.0002725476391477906
1000,1000,1.0,2000,100000,39,1.5315264186250241,0.9984586668665639,0.01,4.166947281934958,10.0,0.10512492197250405,15283737.938231785,355325423071.13684,657.4048187871427,0.018637082155483386,0.05514305790164298,0.09945747904285823,0.09512492197250388,0.9048750780274961,0.09559138278913099,0.00021834815275060637,0.9044086172108688,0.0002183481527506064,0.999451964047922,-13307140.913006604,0.00027405552925550855,0.999450307551206,-13230360.558738638,0.0002748841202886966,0.9994491582354099,1.339304962673976e-06,-13314862.852077842,-15414122.44052467,-11449994.98156301,nan,nan,0.00027545926966146274,6.698403471919694e-07,0.9994550294010311,-13457323.983061641,0.00027252243372283996
1000,1000,1.0,2000,100000,40,1.5707963267948966,1.0,0.01,4.166947281934958,10.0,0.10512492197250405,15284177.64248012,355576110890.6707,656.9791362578804,0.018665314583438064,0.055160920076268556,0.09946934225913122,0.09512492197250388,0.9048750780274961,0.09559138278913099,0.00021834815275060637,0.9044086172108688,0.0002183481527506064,0.9994519798080743,-13307906.621448904,0.0002740476470193151,0.999450322406173,-13230877.898850642,0.0002748766908176947,0.999449174094721,1.3393740370189962e-06,-13318269.234931212,-15415414.072220057,-11450717.501768615,-13476329.24245712,-13187036.564713014,0.00027545133786733347,6.698748875943638e-07,0.9994550462325867,-13458155.627338225,0.0002725140156509617
1000,1000,1.0,2000,100000,0,0.0,0.0,0.1,13.177044300762265,100.0,0.37015621187164255,14998902.357858226,274189159527.27835,820.4812777004908,0.0025045535579648528,0.04936844938213684,0.05462728408669167,0.2701562118716424,0.7298437881283576,0.2699940616910827,0.00036201508520315224,0.7300059383089174,0.00036201508520315224,0.9998033141096001,-103367838.23473717,9.834778134299497e-05,0.9998027937547084,-103167642.18026572,9.860799824383735e-05,0.9998025448111258,2.9862616936035184e-07,-102996731.37784013,-112748016.61302356,-94268432.30617787,nan,nan,9.873249077716281e-05,1.4932795487848806e-07,0.9998032353499856,-103285091.84212199,9.838716502428977e-05
1000,1000,1.0,2000,100000,1,0.039269908169872414,0.001541333133436012,0.1,13.177044300762265,100.0,0.37015621187164255,14999342.062106565,274189360517.27597,820.5287829974125,0.0025044801372217916,0.049367020348583646,0.054626749148942194,0.2701562118716424,0.7298437881283576,0.2699940616910827,0.00036201508520315224,0.7300059383089174,0.00036201508520315224,0.9998033198747304,-103373899.09851895,9.834489849432085e-05,0.9998027995469609,-103172511.56763375,9.860510183051544e-05,0.9998025507322862,2.986156821230107e-07,-103004516.77109857,-112753414.51570228,-94270111.24855258,nan,nan,9.872952990310605e-05,1.4932271035109934e-07,0.9998032412390665,-103291275.5885805,9.838422019413824e-05
1000,1000,1.0,2000,100000,2,0.07853981633974483,0.0061558297024311365,0.1,13.177044300762265,100.0,0.37015621187164255,15000658.463928673,274192273989.32968,820.6640948613734,0.002504260353388702,0.049362950651481025,0.05462534552739091,0.2701562118716424,0.7298437881283576,0.2699940616910827,0.00036201508520315224,0.7300059383089174,0.00036201508520315224,0.9998033371325571,-103392045.38487865,9.83362687323391e-05,0.9998028168819063,-103187639.64655766,9.859643349880752e-05,0.999802568452845,2.985850166086473e-07,-103035113.30955344,-112763052.92138708,-94275138.07023248,nan,nan,9.872066874425401e-05,1.4930737491113808e-07,0.9998032588678937,-103309789.80975375,9.837540491334769e-05
1000,1000,1.0,2000,100000,3,0.11780972450961724,0.013815039801161699,0.1,13.177044300762265,100.0,0.37015621187164255,15002843.447269566,274204760281.86685,820.8658058011265,0.0025038956380483966,0.04935688582828437,0.05462367037959522,0.2701562118716424,0.7298437881283576,0.2699940616910827,0.00036201508520315224,0.7300059383089174,0.00036201508520315224,0.9998033657706702,-103422168.37653534,9.832194826760609e-05,0.9998028456345429,-103218300.95785758,9.858205575609467e-05,0.9998025978444869,2.9853653169747196e-07,-103068627.73414132,-112765288.3354757,-94314353.5467448,nan,nan,9.870597146527877e-05,1.4928312812640142e-07,0.9998032881215112,-103340523.65201457,9.836077666559261e-05
1000,1000,1.0,2000,100000,4,0.15707963267948966,0.024471741852423214,0.1,13.177044300762265,100.0,0.37015621187164255,15005883.540980369,274238017906.81683,821.0989218933829,0.002503388365193656,0.04934987965483144,0.05462269771239187,0.2701562118716424,0.7298437881283576,0.2699940616910827,0.00036201508520315224,0.7300059383089174,0.00036201508520315224,0.9998034056026611,-103464087.5363663,9.830203031405417e-05,0.9998028855979758,-103255522.429833,9.856207206111322e-05,0.9998026386948448,2.984740609727536e-07,-103088474.18514186,-112786434.47422023,-94375514.3266131,nan,nan,9.868554426095153e-05,1.4925188699620805e-07,0.999803328809292,-103383293.02868336,9.834043077421656e-05
1000,1000,1.0,2000,100000,5,0.19634954084936207,0.03806023374435662,0.1,13.177044300762265,100.0,0.37015621187164255,15009760.001872424,274307236866.97537,821.3159006922757,0.002502741833397406,0.0493433614058209,0.054623746977957056,0.2701562118716424,0.7298437881283576,0.2699940616910827,0.00036201508520315224,0.7300059383089174,0.00036201508520315224,0.9998034563695211,-103517551.49290179,9.827664438891936e-05,0.9998029364855446,-103305505.42615016,9.853662575887009e-05,0.9998026907097074,2.984027699255852e-07,-103126671.20149173,-112857415.11900383,-94409127.44928473,nan,nan,9.865953425252685e-05,1.4921623454508442e-07,0.9998033806663735,-103437841.62207487,9.831449968366907e-05
1000,1000,1.0,2000,100000,6,0.23561944901923448,0.05449673790581606,0.1,13.177044300762265,100.0,0.37015621187164255,15014448.930275273,274431125927.4332,821.458119657516,0.002501960241124382,0.04933909092037262,0.05462844007981602,0.2701562118716424,0.7298437881283576,0.2699940616910827,0.00036201508520315224,0.7300059383089174,0.00036201508520315224,0.999803517741581,-103582239.41592585,9.824595534337496e-05,0.9998029979337478,-103361004.38731903,9.850589861944746e-05,0.9998027535160465,2.983289639223988e-07,-103201771.27323607,-113017901.29068671,-94421892.16306481,nan,nan,9.862812797387476e-05,1.4917932379615946e-07,0.9998034433556487,-103503842.2823144,9.828315196462486e-05
1000,1000,1.0,2000,100000,7,0.2748893571891069,0.0736799178229539,0.1,13.177044300762265,100.0,0.37015621187164255,15019921.417386089,274631326089.73453,821.4577797681397,0.002501048655451538,0.049339102416676744,0.05463864778529015,0.2701562118716424,0.7298437881283576,0.2699940616910827,0.00036201508520315224,0.7300059383089174,0.00036201508520315224,0.9998035893209671,-103657762.77799231,9.821016213436484e-05,0.9998030695058991,-103440670.62784986,9.847010900925335e-05,0.9998028266658054,2.98259854425518e-07,-103385999.31580067,-113105027.37870602,-94521585.98204875,nan,nan,9.859154947714726e-05,1.491447608681348e-07,0.9998035164702854,-103580898.81876755,9.824659105363996e-05
1000,1000,1.0,2000,100000,8,0.3141592653589793,0.09549150281252627,0.1,13.177044300762265,100.0,0.37015621187164255,15026143.723502044,274931725486.91003,821.2402362785516,0.0025000129745322364,0.04934563832107608,0.054656426852913984,0.2701562118716424,0.7298437881283576,0.2699940616910827,0.00036201508520315224,0.7300059383089174,0.00036201508520315224,0.9998036706445483,-103743667.49632576,9.816949635079068e-05,0.9998031506964484,-103523010.36844039,9.842950972957557e-05,0.9998029096403744,2.982032925379728e-07,-103499427.05635653,-113176015.31195344,-94635425.44565235,nan,nan,9.855005809436018e-05,1.4911647173305523e-07,0.9998035995367508,-103668548.17859259,9.82050537409492e-05
1000,1000,1.0,2000,100000,9,0.3534291735288517,0.11979701719998452,0.1,13.177044300762265,100.0,0.37015621187164255,15033077.486036807,275357693507.5013,820.7267275611104,0.0024988598842009095,0.049361074720089375,0.05468394950202075,0.2701562118716424,0.7298437881283576,0.2699940616910827,0.00036201508520315224,0.7300059383089174,0.00036201508520315224,0.9998037611873435,-103839436.44814458,9.812422050962889e-05,0.9998032409358917,-103621403.52414998,9.838438556236101e-05,0.9998030018556726,2.9816748014389766e-07,-103632347.6489982,-113264990.7816737,-94728848.51774493,nan,nan,9.850394589658166e-05,1.4909855777091405e-07,0.9998036920183068,-103766263.00548725,9.815880842250912e-05
1000,1000,1.0,2000,100000,10,0.39269908169872414,0.14644660940672624,0.1,13.177044300762265,100.0,0.37015621187164255,15040679.956038643,275935254102.3844,819.8374443884725,0.0027782186394961655,0.04938784039627871,0.054723427164551336,0.2701562118716424,0.7298437881283576,0.2699940616910827,0.00036201508520315224,0.7300059383089174,0.00036201508520315224,0.999803860366353,-103944492.35089727,9.807462613969497e-05,0.9998033395961758,-103719073.3948107,9.833505056685282e-05,0.9998031026677424,2.981606696672195e-07,-103707349.09128003,-113401534.61302593,-94814025.52301483,nan,nan,9.845353489632377e-05,1.4909514563284145e-07,0.9998037933189405,-103873454.57014537,9.810815313459855e-05
1000,1000,1.0,2000,100000,11,0.43196898986859655,0.17527597583490817,0.1,13.177044300762265,100.0,0.37015621187164255,15048904.26175191,276690219875.81116,818.4948480687996,0.003323205613377292,0.04942833174967077,0.05477703074768398,0.2701562118716424,0.7298437881283576,0.2699940616910827,0.00036201508520315224,0.7300059383089174,0.00036201508520315224,0.9998039675447775,-104058200.99723805,9.802103167260496e-05,0.9998034459965104,-103825563.86785087,9.828184517302708e-05,0.9998032113787607,2.981908637363532e-07,-103798587.8152151,-113574934.35184802,-94905639.72553523,nan,nan,9.839917404117292e-05,1.491102370581091e-07,0.9998039027876895,-103989476.0622579,9.805341339117367e-05
1000,1000,1.0,2000,100000,12,0.47123889803846897,0.2061073738537634,0.1,13.177044300762265,100.0,0.37015621187164255,15057699.69759703,277647309670.114,816.627110316349,0.003905379981268704,0.04948482620756328,0.05484680987666148,0.2701562118716424,0.7298437881283576,0.2699940616910827,0.00036201508520315224,0.7300059383089174,0.00036201508520315224,0.9998040820365782,-104179874.83277981,9.796378016198117e-05,0.9998035594094954,-103936177.35194567,9.822513311870213e-05,0.9998033272433711,2.9826552581327953e-07,-103979758.59104824,-113782213.02097984,-94977441.87883773,nan,nan,9.834123604768644e-05,1.491475641736069e-07,0.9998040197233168,-104113626.23207681,9.799493984571159e-05
1000,1000,1.0,2000,100000,13,0.5105088062083414,0.23875071764202552,0.1,13.177044300762265,100.0,0.37015621187164255,15067012.036787238,278829272893.8185,814.1715156397566,0.004521027658758217,0.04955939695398832,0.05493461375398465,0.2701562118716424,0.7298437881283576,0.2699940616910827,0.00036201508520315224,0.7300059383089174,0.00036201508520315224,0.9998042031113376,-104308776.86274852,9.790323685309863e-05,0.9998036790674637,-104064203.59855062,9.8165298276825e-05,0.9998034494752377,2.9839131211725356e-07,-104065689.49472687,-113975087.36974354,-95124016.2809754,nan,nan,9.82801141242088e-05,1.49210455442862e-07,0.9998041433792924,-104245153.36761616,9.793310580044982e-05
1000,1000,1.0,2000,100000,14,0.5497787143782138,0.2730047501302265,0.1,13.177044300762265,100.0,0.37015621187164255,15076783.865654755,280256043801.3258,811.0776440304272,0.0051662349022667114,0.04965383193177396,0.05504201633811432,0.2701562118716424,0.7298437881283576,0.2699940616910827,0.00036201508520315224,0.7300059383089174,0.00036201508520315224,0.999804329999372,-104444124.87163836,9.78397866259629e-05,0.9998038041689548,-104191897.76226614,9.81027414179095e-05,0.9998035772537259,2.9857383400370915e-07,-104191650.60363066,-114122133.26393281,-95328032.08404072,nan,nan,9.821621862964886e-05,1.4930171684391676e-07,0.9998042729690316,-104383259.59149553,9.786830458673435e-05
1000,1000,1.0,2000,100000,15,0.5890486225480862,0.3086582838174551,0.1,13.177044300762265,100.0,0.37015621187164255,15086954.937625157,281943948309.1463,807.3101432216419,0.005836915358676044,0.04976956005477046,0.05517024849036952,0.2701562118716424,0.7298437881283576,0.2699940616910827,0.00036201508520315224,0.7300059383089174,0.00036201508520315224,0.9998044618970516,-104585095.93783247,9.77738313352525e-05,0.9998039338852365,-104320729.55121326,9.80378769500666e-05,0.9998037097306246,2.988174583911667e-07,-104471648.88820943,-114296233.2290526,-95441103.03709474,nan,nan,9.814997371258658e-05,1.494235320740487e-07,0.9998044076713439,-104527105.45924914,9.780094684062674e-05
1000,1000,1.0,2000,100000,16,0.6283185307179586,0.3454915028125263,0.1,13.177044300762265,100.0,0.37015621187164255,15097462.544657517,283904984743.50323,802.8509097621702,0.006528837924378053,0.04990758739429672,0.055320139549376486,0.2701562118716424,0.7298437881283576,0.2699940616910827,0.00036201508520315224,0.7300059383089174,0.00036201508520315224,0.9998045979722795,-104730831.22294027,9.770578707065927e-05,0.9998040673667888,-104459158.70672671,9.79711296757301e-05,0.9998038460368236,2.991251519737819e-07,-104556130.52384382,-114438420.66785403,-95562361.47177267,nan,nan,9.808181397153965e-05,1.4957738464943136e-07,0.9998045466360419,-104675814.83865222,9.773145769800644e-05
1000,1000,1.0,2000,100000,17,0.667588438887831,0.3832773180720473,0.1,13.177044300762265,100.0,0.37015621187164255,15108241.903860345,286146198185.6658,797.7005281665703,0.007237655176697132,0.050068445765151515,0.05549207046627344,0.2701562118716424,0.7298437881283576,0.2699940616910827,0.00036201508520315224,0.7300059383089174,0.00036201508520315224,0.9998047373700826,-104880441.01332201,9.763608136093811e-05,0.9998042037496868,-104597971.71588303,9.790293160023078e-05,0.9998039852888776,2.9949837290718835e-07,-104639180.60948512,-114616960.23102574,-95661357.14829513,nan,nan,9.80121811730279e-05,1.4976400374420622e-07,0.9998046889896629,-104828480.04727255,9.766027393315141e-05
1000,1000,1.0,2000,100000,18,0.7068583470577035,0.4217827674798846,0.1,13.177044300762265,100.0,0.37015621187164255,15119226.556899661,288669165856.5968,791.8788659001355,0.007958932145948177,0.05025215564282627,0.05568594018249168,0.2701562118716424,0.7298437881283576,0.2699940616910827,0.00036201508520315224,0.7300059383089174,0.00036201508520315224,0.9998048792182697,-105033009.98895964,9.75651503444545e-05,0.9998043421618173,-104740986.23623419,9.783371882301302e-05,0.9998041265953901,2.9993701154393235e-07,-104758842.57502063,-114719525.86541837,-95724141.39512098,nan,nan,9.794152105943987e-05,1.499833345567403e-07,0.9998048338412584,-104984167.22307682,9.758784106421979e-05
1000,1000,1.0,2000,100000,19,0.7461282552275759,0.4607704521360774,0.1,13.177044300762265,100.0,0.37015621187164255,15130348.779736705,291469608315.708,785.4247841459859,0.008688175204439257,0.05045820472304793,0.05590114638050842,0.2701562118716424,0.7298437881283576,0.2699940616910827,0.00036201508520315224,0.7300059383089174,0.00036201508520315224,0.9998050226331135,-105187602.69252183,9.749343592822738e-05,0.9998044817288791,-104884301.41554901,9.77639285377019e-05,0.9998042690631623,3.0043937973800613e-07,-104907529.75566626,-114996287.45117219,-95825304.89419091,nan,nan,9.7870280273828e-05,1.502345329628067e-07,0.9998049802882027,-105141921.90053295,9.75146104482158e-05
1000,1000,1.0,2000,100000,20,0.7853981633974483,0.4999999999999999,0.1,13.177044300762265,100.0,0.37015621187164255,15141540.000169173,294537138204.9488,778.3949928147667,0.009420860859166316,0.05068554273138267,0.056136581123230354,0.2701562118716424,0.7298437881283576,0.2699940616910827,0.00036201508520315224,0.7300059383089174,0.00036201508520315224,0.9998051667250131,-105343269.16919264,9.74213829564388e-05,0.9998046215801204,-105030674.3874616,9.769399616258916e-05,0.9998044118030653,3.010022463544073e-07,-105077807.56585243,-115274950.69507065,-95973769.91807544,nan,nan,9.779890342382268e-05,1.5051598327364838e-07,0.9998051274219816,-105300774.76229867,9.744103638694118e-05
1000,1000,1.0,2000,100000,21,0.8246680715673207,0.5392295478639225,0.1,13.177044300762265,100.0,0.37015621187164255,15152731.220601644,297855154923.7258,770.8621443956298,0.010152464247396286,0.050932592358868385,0.056390641263855346,0.2701562118716424,0.7298437881283576,0.2699940616910827,0.00036201508520315224,0.7300059383089174,0.00036201508520315224,0.9998053106040965,-105499050.74563399,9.734943640815718e-05,0.9998047608537814,-105163826.06695442,9.762435261855328e-05,0.9998045539355986,3.016209150078364e-07,-105235699.41177891,-115495825.88076174,-96142305.06273419,nan,nan,9.772783030201414e-05,1.5082533711001733e-07,0.999805274333916,-105459747.53430814,9.736757326414787e-05
1000,1000,1.0,2000,100000,22,0.8639379797371931,0.5782172325201155,0.1,13.177044300762265,100.0,0.37015621187164255,15163853.443438686,301400890054.3844,762.912316591357,0.010878487148395974,0.05119727549756524,0.05666125290155004,0.2701562118716424,0.7298437881283576,0.2699940616910827,0.00036201508520315224,0.7300059383089174,0.00036201508520315224,0.9998054533857315,-105653985.91436946,9.727803864263855e-05,0.999804898702221,-105303928.84981216,9.755542176708469e-05,0.9998046945961105,3.022893387792825e-07,-105389224.24116114,-115705846.85544047,-96189410.25405818,nan,nan,9.765749327554074e-05,1.511595707671491e-07,0.999805420120788,-105617858.98990726,9.729467273266125e-05
1000,1000,1.0,2000,100000,23,0.9032078879070655,0.6167226819279528,0.1,13.177044300762265,100.0,0.37015621187164255,15174838.096478,305145604659.8158,754.6420716465419,0.01159448533983096,0.05147705333136502,0.056945908621873306,0.2701562118716424,0.7298437881283576,0.2699940616910827,0.00036201508520315224,0.7300059383089174,0.00036201508520315224,0.9998055941959045,-105807116.28795391,9.720762670906903e-05,0.9998050342966993,-105449446.28880274,9.748761801704834e-05,0.9998048329396632,3.0300026577341976e-07,-105629852.68440342,-115844490.59270622,-96274513.99891089,nan,nan,9.758831485333884e-05,1.5151505800089422e-07,0.9998055638903318,-105774131.02669191,9.722278096867458e-05
1000,1000,1.0,2000,100000,24,0.9424777960769379,0.6545084971874737,0.1,13.177044300762265,100.0,0.37015621187164255,15185617.455680832,309054935835.15875,746.1552972358144,0.012296095143428009,0.05176897834515054,0.05724171582872916,0.2701562118716424,0.7298437881283576,0.2699940616910827,0.00036201508520315224,0.7300059383089174,0.00036201508520315224,0.9998057321764413,-105957492.58557539,9.713862973603142e-05,0.9998051668318191,-105578734.62076032,9.74213441051443e-05,0.9998049681455334,3.037454088793126e-07,-105803068.35975005,-116135559.4150266,-96315362.78921999,nan,nan,9.752070543563279e-05,1.518876549167485e-07,0.9998057047665587,-105927594.77791142,9.715233600876913e-05
1000,1000,1.0,2000,100000,25,0.9817477042468103,0.6913417161825449,0.1,13.177044300762265,100.0,0.37015621187164255,15196125.06271319,313089386206.6199,737.5600294838018,0.01297905902097765,0.05206975597636105,0.05754545416872966,0.2701562118716424,0.7298437881283576,0.2699940616910827,0.00036201508520315224,0.7300059383089174,0.00036201508520315224,0.9998058664900409,-106104180.61326385,9.707146641435812e-05,0.9998052955296117,-105712384.22933823,9.735698905177564e-05,0.9998050994213461,3.045156329770259e-07,-105928134.62072614,-116446037.64755827,-96399402.0016446,nan,nan,9.745506124681996e-05,1.5227279358152903e-07,0.9998058418948903,-106077296.71876363,9.708376518352794e-05
1000,1000,1.0,2000,100000,26,1.0210176124166828,0.7269952498697734,0.1,13.177044300762265,100.0,0.37015621187164255,15206296.13468359,317204946523.07056,728.9654359752409,0.013639250098283593,0.05237581345634652,0.057853639877494506,0.2701562118716424,0.7298437881283576,0.2699940616910827,0.00036201508520315224,0.7300059383089174,0.00036201508520315224,0.9998059963250986,-106246267.19769506,9.700654258540704e-05,0.9998054196432782,-105831509.81817019,9.729492629122213e-05,0.9998052260068457,3.053011530317958e-07,-106100675.85078345,-116607931.89437911,-96464136.0639349,nan,nan,9.739176244996009e-05,1.5266558108002096e-07,0.9998059744470722,-106222304.72665949,9.701748265992392e-05
1000,1000,1.0,2000,100000,27,1.0602875205865552,0.7612492823579744,0.1,13.177044300762265,100.0,0.37015621187164255,15216067.963551112,321353838167.7977,720.4791005188234,0.014272695510907001,0.05268337336689228,0.05816259483579732,0.2701562118716424,0.7298437881283576,0.2699940616910827,0.00036201508520315224,0.7300059383089174,0.00036201508520315224,0.999806120900297,-106382866.03271724,9.694424894519975e-05,0.9998055384605856,-105940379.40881318,9.723551197265768e-05,0.9998053471773116,3.06091736998387e-07,-106207060.56023473,-116785146.40616739,-96530222.96244165,nan,nan,9.733117143862166e-05,1.5306090097556803e-07,0.9998061016258503,-106361714.05362669,9.695388710300677e-05
1000,1000,1.0,2000,100000,28,1.0995574287564276,0.7938926261462365,0.1,13.177044300762265,100.0,0.37015621187164255,15225380.302741319,325485359410.5608,712.2047080179112,0.01487559848120574,0.05298852954871951,0.058468518195945465,0.2701562118716424,0.7298437881283576,0.2699940616910827,0.00036201508520315224,0.7300059383089174,0.00036201508520315224,0.9998062394689488,-106513123.3972231,9.688495887332269e-05,0.9998056513069341,-106041147.04676804,9.717908342663085e-05,0.999805462246632,3.0687690812077955e-07,-106318224.26031765,-117038156.43262368,-96624950.50851291,nan,nan,9.727363129985681e-05,1.534535144690203e-07,0.9998062226693915,-106494653.16847686,9.689335946582154e-05
1000,1000,1.0,2000,100000,29,1.1388273369263,0.8247240241650917,0.1,13.177044300762265,100.0,0.37015621187164255,15234175.738586437,329546816598.3098,704.240183017826,0.015444359050973504,0.05328732321346635,0.058767558602241914,0.2701562118716424,0.7298437881283576,0.2699940616910827,0.00036201508520315224,0.7300059383089174,0.00036201508520315224,0.9998063513230722,-106636223.7028722,9.682902639403556e-05,0.9998057575481076,-106140694.22452222,9.712595779013693e-05,0.9998055705700518,3.076461420161931e-07,-106403912.16344525,-117160994.55482407,-96713450.34946659,nan,nan,9.721946444055241e-05,1.5383815894838515e-07,0.9998063368554315,-106620289.42621279,9.68362609149887e-05
1000,1000,1.0,2000,100000,30,1.1780972450961724,0.8535533905932737,0.1,13.177044300762265,100.0,0.37015621187164255,15242400.044299707,333484519311.53894,696.6762942702775,0.015975593407725346,0.05357581739458857,0.05905588525697006,0.2701562118716424,0.7298437881283576,0.2699940616910827,0.00036201508520315224,0.7300059383089174,0.00036201508520315224,0.9998064557971946,-106751394.83046249,9.677678427568019e-05,0.9998058565927209,-106243512.1511428,9.707643078231821e-05,0.9998056715466099,3.083890547776908e-07,-106452772.42983961,-117277804.75446521,-96733628.86305335,nan,nan,9.716897136831008e-05,1.542096420477589e-07,0.9998064435051397,-106737834.52243198,9.678293089798318e-05
1000,1000,1.0,2000,100000,31,1.2173671532660448,0.8802029828000155,0.1,13.177044300762265,100.0,0.37015621187164255,15250002.514301542,337244816846.2245,689.5957033855506,0.016466151755186353,0.05385016819233469,0.05932975634794319,0.2701562118716424,0.7298437881283576,0.2699940616910827,0.00036201508520315224,0.7300059383089174,0.00036201508520315224,0.9998065522718643,-106857913.21446458,9.672854227325287e-05,0.9998059478943855,-106329449.0630813,9.703077562210558e-05,0.9998057646212872,3.09095579183165e-07,-106559358.1833039,-117391608.45998229,-96799631.3664231,nan,nan,9.712242961730086e-05,1.545629297588762e-07,0.999806541986692,-106846549.69119678,9.673368535688649e-05
1000,1000,1.0,2000,100000,32,1.2566370614359172,0.9045084971874736,0.1,13.177044300762265,100.0,0.37015621187164255,15256936.276836306,340775152260.26184,683.072410096573,0.016913134689695006,0.0541066915939797,0.05958558363060536,0.2701562118716424,0.7298437881283576,0.2699940616910827,0.00036201508520315224,0.7300059383089174,0.00036201508520315224,0.9998066401768733,-106955108.63639082,9.66845855179061e-05,0.9998060309536069,-106405633.2055862,9.698924207872851e-05,0.9998058492868859,3.097561268974448e-07,-106651591.79242218,-117536367.76639938,-96816228.85783204,nan,nan,9.708009280919228e-05,1.5489322753798698e-07,0.9998066317185424,-106945750.6060085,9.668881509226292e-05
1000,1000,1.0,2000,100000,33,1.2959069696057897,0.9263200821770461,0.1,13.177044300762265,100.0,0.37015621187164255,15263158.582952261,344025109676.4959,677.1715301462066,0.017313908053955766,0.05434192495940131,0.05981999222658099,0.2701562118716424,0.7298437881283576,0.2699940616910827,0.00036201508520315224,0.7300059383089174,0.00036201508520315224,0.9998067189941771,-107042368.68926135,9.664517305618952e-05,0.9998061053194375,-106473510.68243775,9.695205564593044e-05,0.9998059250856558,3.103617352640567e-07,-106776088.07306033,-117674809.49346271,-96885990.01323652,nan,nan,9.70421898392044e-05,1.5519605370722327e-07,0.9998067121723891,-107034811.9451443,9.664858427983502e-05
1000,1000,1.0,2000,100000,34,1.335176877775662,0.9455032620941839,0.1,13.177044300762265,100.0,0.37015621187164255,15268631.070063075,346947430576.0172,671.9493335536196,0.017666116247832125,0.054552682537238495,0.06002987494622477,0.2701562118716424,0.7298437881283576,0.2699940616910827,0.00036201508520315224,0.7300059383089174,0.00036201508520315224,0.9998067882605138,-107119142.87746026,9.661053654102766e-05,0.9998061705908993,-106539052.17485094,9.691941683090242e-05,0.9998059916106922,3.109041978906624e-07,-106784920.94529912,-117779336.93419647,-96935862.35493293,nan,nan,9.700892417758968e-05,1.5546730475188422e-07,0.9998067828758325,-107113171.5846853,9.661322914181e-05
1000,1000,1.0,2000,100000,35,1.3744467859455345,0.9619397662556434,0.1,13.177044300762265,100.0,0.37015621187164255,15273319.998465925,349498975445.10516,667.4534695801389,0.01796769398267101,0.05473610460827326,0.060212440655144285,0.2701562118716424,0.7298437881283576,0.2699940616910827,0.00036201508520315224,0.7300059383089174,0.00036201508520315224,0.9998068475697148,-107184946.31872138,9.658087907576414e-05,0.9998062264181905,-106586820.22392783,9.689150054934952e-05,0.9998060485071204,3.1137617871508494e-07,-106786032.58075118,-117908465.10482979,-96952815.32300523,nan,nan,9.698047327730241e-05,1.557033123574705e-07,0.9998068434147194,-107180334.38506693,9.658295677403552e-05
1000,1000,1.0,2000,100000,36,1.413716694115407,0.9755282581475768,0.1,13.177044300762265,100.0,0.37015621187164255,15277196.459357977,351641608342.3679,663.7233083935345,0.018216876471037695,0.054889700036037783,0.06036525637864016,0.2701562118716424,0.7298437881283576,0.2699940616910827,0.00036201508520315224,0.7300059383089174,0.00036201508520315224,0.9998068965747093,-107239363.01783745,9.655637421207082e-05,0.9998062725037029,-106628875.87011869,9.686845561870443e-05,0.9998060954730849,3.117713096031208e-07,-106818212.33792672,-117985068.45067625,-96975564.49805087,nan,nan,9.695698807929502e-05,1.559008922118371e-07,0.9998068934351773,-107235875.5399077,9.655794412963319e-05
1000,1000,1.0,2000,100000,37,1.4529866022852793,0.9861849601988383,0.1,13.177044300762265,100.0,0.37015621187164255,15280236.553068783,353342983700.4983,660.7903365519979,0.018412208047800145,0.05501138214018711,0.060486282972275894,0.2701562118716424,0.7298437881283576,0.2699940616910827,0.00036201508520315224,0.7300059383089174,0.00036201508520315224,0.9998069349892198,-107282048.6849082,9.653716510212228e-05,0.999806308602851,-106659126.15940648,9.685040434226373e-05,0.9998061322605588,3.1208427177473197e-07,-106839896.07142684,-118017599.42741306,-96999975.05589943,nan,nan,9.693859260771896e-05,1.560573847211066e-07,0.9998069326453317,-107279443.45917568,9.653833715936826e-05
1000,1000,1.0,2000,100000,38,1.4922565104551517,0.9938441702975689,0.1,13.177044300762265,100.0,0.37015621187164255,15282421.536409676,354577216927.5359,658.678552559819,0.018552549221345905,0.05509949789933933,0.06057390428310676,0.2701562118716424,0.7298437881283576,0.2699940616910827,0.00036201508520315224,0.7300059383089174,0.00036201508520315224,0.9998069625891495,-107312733.07451174,9.652336380515543e-05,0.999806334524736,-106680358.11726964,9.683744217792295e-05,0.9998061586759877,3.1231086149753373e-07,-106844316.98291264,-118023622.7624363,-97018075.90402152,nan,nan,9.692538364828327e-05,1.5617068785819788e-07,0.9998069608167134,-107310762.16241685,9.652425010874449e-05
1000,1000,1.0,2000,100000,39,1.5315264186250241,0.9984586668665639,0.1,13.177044300762265,100.0,0.37015621187164255,15283737.938231785,355325423071.13684,657.4048187871427,0.018637082155483386,0.05515285054238795,0.060626949788353555,0.2701562118716424,0.7298437881283576,0.2699940616910827,0.00036201508520315224,0.7300059383089174,0.00036201508520315224,0.9998069792136582,-107331221.82604465,9.651505074836059e-05,0.9998063501326484,-106694904.58682331,9.682963748619441e-05,0.9998061745807771,3.124480405307159e-07,-106851887.97197881,-118068264.1425659,-97038969.42671989,nan,nan,9.691743050411178e-05,1.5623928238687708e-07,0.9998069777853497,-107329633.16173306,9.651576497165856e-05
1000,1000,1.0,2000,100000,40,1.5707963267948966,1.0,0.1,13.177044300762265,100.0,0.37015621187164255,15284177.64248012,355576110890.6707,656.9791362578804,0.018665314583438064,0.05517071560740921,0.06064471073174053,0.2701562118716424,0.7298437881283576,0.2699940616910827,0.00036201508520315224,0.7300059383089174,0.00036201508520315224,0.9998069847659352,-107337397.789597,9.651227434196539e-05,0.9998063553444231,-106701713.23719461,9.682703135328768e-05,0.9998061798916357,3.1249397178000873e-07,-106854416.93703039,-118077025.85533524,-97043835.1062213,-107915480.8644223,-106164743.8961975,9.691477482461266e-05,1.5626224969004048e-07,0.9998069834525452,-107335936.8184353,9.651293110038291e-05
