feature,family,t,feature_dim,cutoff,taper_power,whitening_power,taper_strength,low_high_backprop_gain_ratio,retained_signal_fraction,n,sigma,noise_signal_ratio,de_alpha_cv,de_lambda,de_kappa,de_effective_noise_variance,de_df2,de_variance_scale,de_gen_error,de_gen_error_normalized,de_r2_gen,de_slope_gen,de_acc_error,de_acc_error_normalized,de_r2_acc,de_slope_acc,de_acc_numerator,de_acc_denominator,de_mean_feature_norm_sq,de_mean_pixel_gradient_norm_sq,dataset,n_trials,mc_elapsed_seconds,case_path,mc_alpha_cv,mc_alpha_cv_std,mc_alpha_cv_se,mc_alpha_cv_median,mc_alpha_cv_q25,mc_alpha_cv_q75,mc_gen_error_normalized,mc_gen_error_normalized_std,mc_gen_error_normalized_se,mc_gen_error_normalized_median,mc_gen_error_normalized_q25,mc_gen_error_normalized_q75,mc_r2_gen,mc_r2_gen_std,mc_r2_gen_se,mc_r2_gen_median,mc_r2_gen_q25,mc_r2_gen_q75,mc_slope_gen,mc_slope_gen_std,mc_slope_gen_se,mc_slope_gen_median,mc_slope_gen_q25,mc_slope_gen_q75,mc_acc_error_normalized,mc_acc_error_normalized_std,mc_acc_error_normalized_se,mc_acc_error_normalized_median,mc_acc_error_normalized_q25,mc_acc_error_normalized_q75,mc_r2_acc,mc_r2_acc_std,mc_r2_acc_se,mc_r2_acc_median,mc_r2_acc_q25,mc_r2_acc_q75,mc_slope_acc,mc_slope_acc_std,mc_slope_acc_se,mc_slope_acc_median,mc_slope_acc_q25,mc_slope_acc_q75
coupled_t000,coupled,0.0,10000,100,2.0,1.0,0.0,15601761.081042025,1.0,1000,0.0,0.0,7.943282347242822e-06,7.943282347242822e-09,9.000000008825875,0.0,99.99999982348247,1.562710468538261,1562.7104685382612,0.8999999999999999,0.10000000000000009,1.0000000008825878,1736.3214317362779,0.9999864466412443,-21774956376.46428,6.776702339749992e-06,69.20001501268243,10211458.544781735,17.363449619775594,10211458.544781735,vanhateren,,,,,,,,,,,,,,,,,,,,,,,,,,,,,,,,,,,,,,,,,,,,,
coupled_t000,coupled,0.0,10000,100,2.0,1.0,0.0,15601761.081042025,1.0,1000,0.005061246917419403,1.47529557057e-08,7.943282347242822e-06,7.943282347242822e-09,9.000000008825875,2.5616220359087406e-05,99.99999982348247,1.5627104970007282,1562.7104713845079,0.9000000016392171,0.09999999836078288,0.9999999844904149,1736.3214317367065,0.9999864466414912,-21774957169.666576,6.776702216322436e-06,69.20001501268243,10211458.73076827,17.363449619775594,10211458.73076827,vanhateren,,,,,,,,,,,,,,,,,,,,,,,,,,,,,,,,,,,,,,,,,,,,,
coupled_t000,coupled,0.0,10000,100,2.0,1.0,0.0,15601761.081042025,1.0,1000,0.015183740752241055,1.32776601351e-07,0.001584893192461114,1.584893192461114e-06,9.000001760992403,0.00023054598323126577,99.99996478016124,1.562710724700461,1562.7104941544774,0.9000000147529531,0.0999999852470469,1.0000000285696815,1736.3214317360118,0.999986446641091,-21774955884.563213,6.776702416293074e-06,69.20000288768956,10211456.640225716,17.363443535046162,10211456.640225716,vanhateren,,,,,,,,,,,,,,,,,,,,,,,,,,,,,,,,,,,,,,,,,,,,,
coupled_t000,coupled,0.0,10000,100,2.0,1.0,0.0,15601761.081042025,1.0,1000,0.05061246917419403,1.4752955705700001e-06,0.014125375446227554,1.4125375446227553e-05,9.000015694858869,0.0025616220359087408,99.99968610356161,1.5627133147844503,1562.7107531624142,0.9000001639214318,0.09999983607856822,0.9999999302689987,1736.3214317422255,0.9999864466446697,-21774967383.663002,6.7767006269572245e-06,69.1999064654809,10211445.107993804,17.36339514717509,10211445.107993804,vanhateren,,,,,,,,,,,,,,,,,,,,,,,,,,,,,,,,,,,,,,,,,,,,,
coupled_t000,coupled,0.0,10000,100,2.0,1.0,0.0,15601761.081042025,1.0,1000,0.15183740752241054,1.3277660135099999e-05,0.12589254117941687,0.00012589254117941688,9.000139880383905,0.023054598323126573,99.99720245102034,1.5627360847167435,1562.7130301184209,0.9000014752714529,0.09999852472854709,0.9999992351180873,1736.3214317928737,0.9999864466738391,-21775061112.474167,6.776686042188226e-06,69.19904711482985,10211340.275177501,17.362963899416602,10211340.275177501,vanhateren,,,,,,,,,,,,,,,,,,,,,,,,,,,,,,,,,,,,,,,,,,,,,
coupled_t000,coupled,0.0,10000,100,2.0,1.0,0.0,15601761.081042025,1.0,1000,0.25306234587079857,3.688238926419999e-05,0.354813389233576,0.000354813389233576,9.000394235372305,0.06404055089763168,99.99211575879399,1.5627816243824082,1562.7175838315104,0.9000040978569306,0.09999590214306942,0.9999984433548269,1736.3214318800808,0.9999864467240637,-21775222498.68429,6.776660929740062e-06,69.19728707193437,10211118.394348916,17.362080674173,10211118.394348916,vanhateren,,,,,,,,,,,,,,,,,,,,,,,,,,,,,,,,,,,,,,,,,,,,,
coupled_t000,coupled,0.0,10000,100,2.0,1.0,0.0,15601761.081042025,1.0,1000,0.3542872842192847,7.22894829579e-05,0.7079457843841388,0.0007079457843841388,9.000786599552754,0.1255194797594762,99.9842698649668,1.562849933382855,1562.724413903095,0.9000080314483091,0.0999919685516909,0.9999983391574088,1736.3214319853862,0.9999864467847114,-21775417380.215206,6.776630605635623e-06,69.19457223180045,10210763.469128218,17.360718356348706,10210763.469128218,vanhateren,,,,,,,,,,,,,,,,,,,,,,,,,,,,,,,,,,,,,,,,,,,,,
coupled_t000,coupled,0.0,10000,100,2.0,1.0,0.0,15601761.081042025,1.0,1000,0.5061246917419403,0.00014752955705700003,1.4125375446227555,0.0014125375446227555,9.001569458796027,0.2561622035908741,99.96861821213615,1.562995088035313,1562.738925831722,0.9000163891934112,0.0999836108065888,0.9999930282719309,1736.321432328897,0.9999864469825469,-21776053109.598995,6.776531687217622e-06,69.18915612079114,10210113.27244299,17.35800068948998,10210113.27244299,vanhateren,,,,,,,,,,,,,,,,,,,,,,,,,,,,,,,,,,,,,,,,,,,,,
coupled_t000,coupled,0.0,10000,100,2.0,1.0,0.0,15601761.081042025,1.0,1000,0.7591870376126245,0.000331941503378,3.1622776601683795,0.0031622776601683794,9.003513504728394,0.5763649580790325,99.9297669222369,1.5633508478737035,1562.7744829156238,0.9000368673153384,0.09996313268466162,0.9999825480905405,1736.321433110942,0.9999864474329442,-21777500531.274593,6.776306487008074e-06,69.17571015528543,10208468.328271912,17.351254765329784,10208468.328271912,vanhateren,,,,,,,,,,,,,,,,,,,,,,,,,,,,,,,,,,,,,,,,,,,,,
coupled_t000,coupled,0.0,10000,100,2.0,1.0,0.0,15601761.081042025,1.0,1000,1.0122493834838806,0.0005901182282280001,5.62341325190349,0.00562341325190349,9.006247803494613,1.0246488143634964,99.87516093777609,1.5638488845263447,1562.8242357119816,0.900065521066384,0.09993447893361596,0.9999691612739297,1736.3214341750881,0.9999864480458098,-21779470301.59075,6.7760000521280856e-06,69.15680725955025,10206140.308076106,17.341773282711806,10206140.308076106,vanhateren,,,,,,,,,,,,,,,,,,,,,,,,,,,,,,,,,,,,,,,,,,,,,
coupled_t000,coupled,0.0,10000,100,2.0,1.0,0.0,15601761.081042025,1.0,1000,1.5183740752241055,0.00132776601351,12.589254117941687,0.012589254117941687,9.013985889776336,2.3054598323126574,99.72086792743703,1.5652716725471985,1562.966212714886,0.9001472888059535,0.09985271119404648,0.99992364678335,1736.3214373834826,0.9999864498935961,-21785410765.22548,6.775076152780981e-06,69.10336786514395,10199644.447801363,17.314982693547464,10199644.447801363,vanhateren,,,,,,,,,,,,,,,,,,,,,,,,,,,,,,,,,,,,,,,,,,,,,
coupled_t000,coupled,0.0,10000,100,2.0,1.0,0.0,15601761.081042025,1.0,1000,2.530623458707986,0.00368823892642,35.481338923357605,0.03548133892335761,9.039406523484004,6.40405508976317,99.21650379525478,1.5698228660413955,1563.4188109516326,0.9004079502792545,0.09959204972074553,0.999845097652052,1736.3214460421273,0.9999864548803038,-21801454709.97061,6.772582782083016e-06,68.92839224299367,10177563.635743946,17.2274076814012,10177563.635743946,vanhateren,,,,,,,,,,,,,,,,,,,,,,,,,,,,,,,,,,,,,,,,,,,,,
coupled_t000,coupled,0.0,10000,100,2.0,1.0,0.0,15601761.081042025,1.0,1000,4.166947281934958,0.01,100.0,0.1,9.110975772792461,17.36344965042513,97.81689220034279,1.5819796909712545,1564.6162413208292,0.9010975772792482,0.09890242272075178,0.999999999999998,1736.3214604006303,0.9999864631496876,-21828099238.504414,6.7684480621407535e-06,68.4404914310716,10111696.330196107,16.984386826817147,10111696.330196107,vanhateren,25,24.104794874001527,/n/home12/binxuwang/Github/AccentuationPredRMT/tables/vanhateren_feature_interpolation_cases/vanhateren_feature_path_power_t000_n1000_trials25_seed20260828.npz,433.1640344455789,986.9986579268461,197.39973158536924,9.999999974752427e-07,9.999999974752427e-07,112.20184326171875,0.9033856759468702,0.004391409184362388,0.0008782818368724776,0.9027489779600028,0.9003992397819168,0.9057342555310184,0.09661432405312986,0.004391409184362388,0.0008782818368724776,0.09725102203999725,0.09426574446898162,0.09960076021808317,1.0354226935366173,0.10494307042708254,0.020988614085416506,0.9900669228085409,0.9875239440118154,1.0034175519312587,0.9999849774683376,2.6807498260523758e-05,5.361499652104752e-06,0.9999816224887936,0.9999707805484117,1.0000073312116335,-57403153855.73629,214259523203.38156,42851904640.676315,-9873756243.138395,-18759424793.071762,-3884677163.143066,7.51138027980711e-06,1.3403837380063961e-05,2.6807674760127923e-06,9.188797820196803e-06,-3.6655990984070896e-06,1.460983251777413e-05
coupled_t000,coupled,0.0,10000,100,2.0,1.0,0.0,15601761.081042025,1.0,1000,5.061246917419402,0.014752955705699998,141.25375446227554,0.14125375446227553,9.156680061106123,25.616220359087404,96.93853576489659,1.5911222005620511,1565.5059802029639,0.901609997852376,0.09839000214762395,0.9993162408714026,1736.3214898202368,0.9999864800930987,-21882844876.83879,6.759976299256286e-06,68.13251442147052,10078809.659283312,16.831873849397166,10078809.659283312,vanhateren,,,,,,,,,,,,,,,,,,,,,,,,,,,,,,,,,,,,,,,,,,,,,
coupled_t000,coupled,0.0,10000,100,2.0,1.0,0.0,15601761.081042025,1.0,1000,7.217364404772381,0.03,316.2277660168379,0.3162277660168379,9.350048741155176,52.09034895127538,93.3501908082636,1.6203831903449102,1568.2928413936347,0.9032150137027849,0.0967849862972151,1.0017323213358258,1736.3214748732426,0.9999864714847896,-21855004974.74407,6.764280482910495e-06,66.85960308437546,9884215.069628146,16.208813379568635,9884215.069628146,vanhateren,,,,,,,,,,,,,,,,,,,,,,,,,,,,,,,,,,,,,,,,,,,,,
coupled_t000,coupled,0.0,10000,100,2.0,1.0,0.0,15601761.081042025,1.0,1000,10.122493834838805,0.05901182282279999,562.341325190349,0.5623413251903491,9.620791952536274,102.46488143634961,88.65152211452863,1.6757935558522015,1573.328674415852,0.9061152628604136,0.09388473713958645,0.9971384725160459,1736.3216574247633,0.9999865766203038,-22198697692.759834,6.711712371686508e-06,65.15523078034906,9707691.148269061,15.392962406691678,9707691.148269061,vanhateren,,,,,,,,,,,,,,,,,,,,,,,,,,,,,,,,,,,,,,,,,,,,,
coupled_t000,coupled,0.0,10000,100,2.0,1.0,0.0,15601761.081042025,1.0,1000,13.177044300762265,0.1,1000.0,1.0,10.099019513592783,173.6344965042513,81.17658368865823,1.7535381684292919,1579.9036719250403,0.9099019513592783,0.09009804864072168,0.9999999999999997,1736.321687833464,0.9999865941333563,-22256735688.4611,6.70295578668282e-06,62.34786324054067,9301547.738746995,14.09505523671539,9301547.738746995,vanhateren,25,24.104794874001527,/n/home12/binxuwang/Github/AccentuationPredRMT/tables/vanhateren_feature_interpolation_cases/vanhateren_feature_path_power_t000_n1000_trials25_seed20260828.npz,341.23143874272216,776.699747741329,155.3399495482658,9.999999974752427e-07,9.999999974752427e-07,177.82794189453125,0.9124844206596903,0.0038295780213195786,0.0007659156042639157,0.9114776615825017,0.9099300809788992,0.9144774215777367,0.08751557934030967,0.0038295780213195786,0.0007659156042639157,0.08852233841749835,0.0855225784222633,0.09006991902110084,0.9311474215111675,0.07454046890644571,0.014908093781289142,0.9025460382764772,0.8904027126072178,0.92163292655523,0.9999861198245168,2.5382619865165715e-05,5.076523973033143e-06,0.9999875096928244,0.9999659264851521,0.9999993758794111,-547191710142.6498,2079719136927.6343,415943827385.52686,-10884379704.37675,-84279898009.7992,-3053476909.068134,6.940189138968876e-06,1.2691389893087968e-05,2.5382779786175936e-06,6.245173088854489e-06,3.1206034316282464e-07,1.7036902551908855e-05
coupled_t000,coupled,0.0,10000,100,2.0,1.0,0.0,15601761.081042025,1.0,1000,15.183740752241055,0.13277660135100003,1258.9254117941662,1.2589254117941662,10.380206754408992,230.54598323126578,77.21464788368097,1.8153152601004063,1584.7692768691402,0.9127041623496392,0.08729583765036075,0.9934873736022947,1736.32191033419,0.9999867222765138,-22688412080.45943,6.6388837804819525e-06,60.80734433664625,9159272.30348833,13.40712650803599,9159272.30348833,vanhateren,,,,,,,,,,,,,,,,,,,,,,,,,,,,,,,,,,,,,,,,,,,,,
coupled_t000,coupled,0.0,10000,100,2.0,1.0,0.0,15601761.081042025,1.0,1000,20.244987669669033,0.236047291291,2238.7211385683377,2.2387211385683377,11.434507544743521,409.8595257450512,64.67595044926294,2.0080270820477613,1598.16755630271,0.9204205319094414,0.0795794680905586,0.9896399505934561,1736.3221920237193,0.99998688450783,-23253175118.935577,6.557767587127547e-06,55.65159281519809,8486362.481713807,11.229976092191672,8486362.481713807,vanhateren,,,,,,,,,,,,,,,,,,,,,,,,,,,,,,,,,,,,,,,,,,,,,
coupled_t000,coupled,0.0,10000,100,2.0,1.0,0.0,15601761.081042025,1.0,1000,22.82331022250615,0.3,3162.2776601683795,3.1622776601683795,12.41695189005732,520.9034895127538,55.55105035916431,2.126176861468854,1605.2733719561004,0.9245129304802614,0.0754870695197386,1.0129725109737062,1736.321758200765,0.9999866346594629,-22391914499.82175,6.682692597690611e-06,51.57655452654519,7717930.126603293,9.6455786593958,7717930.126603293,vanhateren,,,,,,,,,,,,,,,,,,,,,,,,,,,,,,,,,,,,,,,,,,,,,
coupled_t000,coupled,0.0,10000,100,2.0,1.0,0.0,15601761.081042025,1.0,1000,30.3674815045107,0.5311064054050001,5623.413251903491,5.623413251903491,14.998348743020177,922.1839329267995,39.0705640265547,2.547791004692035,1625.607071765236,0.9362235641495551,0.0637764358504449,1.0207390309500055,1736.3218724353135,0.9999867004497008,-22614001401.46399,6.6497972594776255e-06,43.25447343679663,6504630.404355288,6.783997712887936,6504630.404355288,vanhateren,,,,,,,,,,,,,,,,,,,,,,,,,,,,,,,,,,,,,,,,,,,,,
coupled_t000,coupled,0.0,10000,100,2.0,1.0,0.0,15601761.081042025,1.0,1000,41.66947281934957,1.0,10000.0,10.0,19.5124921972504,1736.3449650425127,23.766385774174967,3.3880417582127036,1651.6967931701909,0.9512492197250393,0.048750780274960714,1.0000000000000007,1736.322699597503,0.9999871768309535,-24325451092.6838,6.411605077489555e-06,33.7355472988472,5261638.371534926,4.1266644276246724,5261638.371534926,vanhateren,25,24.104794874001527,/n/home12/binxuwang/Github/AccentuationPredRMT/tables/vanhateren_feature_interpolation_cases/vanhateren_feature_path_power_t000_n1000_trials25_seed20260828.npz,3719.638779976875,6967.005609355166,1393.4011218710332,9.999999974752427e-07,9.999999974752427e-07,5623.4130859375,0.9967107157016619,0.028794969604948435,0.005758993920989687,1.0097973632445112,0.9618852857448578,1.0166407305063685,0.0032892842983380842,0.028794969604948432,0.005758993920989686,-0.009797363244511192,-0.016640730506368495,0.038114714255142235,0.6588601798833362,0.3595101886752571,0.07190203773505141,0.47512152220051296,0.458301855199439,0.7618563754633537,0.9999912538598947,2.7281923828542797e-05,5.45638476570856e-06,0.9999935922713447,0.9999674961354001,1.0000153333366706,-60643667856.86169,156918152564.3433,31383630512.86866,-11611323322.613197,-36247768195.26481,-3785897190.5649176,4.373168932592821e-06,1.3641054149674758e-05,2.7282108299349518e-06,3.2038694601061744e-06,-7.666638946630862e-06,1.6252064364674814e-05
coupled_t000,coupled,0.0,10000,100,2.0,1.0,0.0,15601761.081042025,1.0,1000,50.612469174194025,1.47529557057,14125.375446227554,14.125375446227554,23.720858754501418,2561.6220359087406,16.363375388505773,4.229541722127601,1667.919686218861,0.9605923476030143,0.03940765239698574,0.9748403538399135,1736.3234703112257,0.9999876207022684,-26101166108.529785,6.18966802174097e-06,27.992561165035127,4522465.674526054,2.841246446693256,4522465.674526054,vanhateren,,,,,,,,,,,,,,,,,,,,,,,,,,,,,,,,,,,,,,,,,,,,,
coupled_t000,coupled,0.0,10000,100,2.0,1.0,0.0,15601761.081042025,1.0,1000,72.17364404772381,3.0000000000000004,31622.776601683792,31.622776601683793,41.386854400296514,5209.034895127539,5.565928510741951,6.902838537883539,1693.8036427559985,0.9754994985771893,0.024500501422810683,1.0400407217592424,1736.3223828956513,0.9999869944352556,-23647927650.124653,6.502803515491466e-06,16.325819892233714,2510581.7595966295,0.9664371945413363,2510581.7595966295,vanhateren,,,,,,,,,,,,,,,,,,,,,,,,,,,,,,,,,,,,,,,,,,,,,
coupled_t000,coupled,0.0,10000,100,2.0,1.0,0.0,15601761.081042025,1.0,1000,91.10244451348444,4.77995764864,50118.72336272735,50.11872336272735,59.95466701578002,8299.655396332511,2.69144849737039,10.006427792324375,1706.772395991864,0.9829684943683269,0.017031505631673105,1.0396628838394943,1736.3225628933935,0.9999870980999915,-24029472820.07046,6.45097081173188e-06,11.352701681701074,1759843.9076882498,0.4673283047080314,1759843.9076882498,vanhateren,,,,,,,,,,,,,,,,,,,,,,,,,,,,,,,,,,,,,,,,,,,,,
coupled_t000,coupled,0.0,10000,100,2.0,1.0,0.0,15601761.081042025,1.0,1000,131.77044300762265,10.0,100000.0,100.0,109.90983667184014,17363.44965042513,0.812942574486326,19.084139151379457,1720.6895009543266,0.9909836671840133,0.009016332815986683,1.0000000000000004,1736.3235923437887,0.9999876909835578,-26400081587.41388,6.154527160286301e-06,6.239303667762709,1013774.6581123974,0.141154874607803,1013774.6581123974,vanhateren,25,24.104794874001527,/n/home12/binxuwang/Github/AccentuationPredRMT/tables/vanhateren_feature_interpolation_cases/vanhateren_feature_path_power_t000_n1000_trials25_seed20260828.npz,11282780.304688223,56365736.84816926,11273147.369633852,9.999999974752427e-07,9.999999974752427e-07,22387.2109375,1.7282925095456698,0.45966583773976677,0.09193316754795336,1.9813251313982954,1.044946909855346,2.042345630695309,-0.7282925095456697,0.45966583773976677,0.09193316754795336,-0.9813251313982954,-1.042345630695309,-0.04494690985534611,114.65581561822508,572.4260765142935,114.4852153028587,0.08241292165384807,0.07533984626453104,0.2976637167413405,0.9921223452600526,0.03935591135323758,0.007871182270647516,0.9999936794637652,0.9999879426817218,1.0000008865348289,-491454090057.97345,1148398494649.1072,229679698929.82144,-40121254781.51323,-285493099866.4933,-10595969739.563498,0.004154224603275594,0.02075494129291311,0.004150988258582622,3.1602731111274052e-06,-4.432673160850938e-07,6.028677311538196e-06
coupled_t020,coupled,0.2,10000,100,2.0,0.8,0.2,13519.466853070875,1.0,1000,0.0,0.0,1e-06,9.999999999999999e-10,0.222700227989476,0.0,273.3243425976344,0.032453746791990264,32.453746791990284,0.0186908404985041,0.9813091595014959,1.116616468714799,1629.53925816035,0.9384881984672051,-960.3813973156842,0.03124399435812261,500.2234200042455,16010.226294071797,763.3268503481125,16010.226294071797,vanhateren,,,,,,,,,,,,,,,,,,,,,,,,,,,,,,,,,,,,,,,,,,,,,
coupled_t020,coupled,0.2,10000,100,2.0,0.8,0.2,13519.466853070875,1.0,1000,0.005061246917419403,1.47529557057e-08,1e-06,9.999999999999999e-10,0.222700227989476,2.5616220359087406e-05,273.3243425976344,0.032453782043233514,32.45375642701317,0.018690846047529828,0.9813091539524702,1.116616460927981,1629.5393696254616,0.9384882626624623,-960.3835020824694,0.031243961225292622,500.2234200042455,16010.243272204052,763.3268503481125,16010.243272204052,vanhateren,,,,,,,,,,,,,,,,,,,,,,,,,,,,,,,,,,,,,,,,,,,,,
coupled_t020,coupled,0.2,10000,100,2.0,0.8,0.2,13519.466853070875,1.0,1000,0.015183740752241055,1.32776601351e-07,1e-06,9.999999999999999e-10,0.222700227989476,0.00023054598323126577,273.3243425976344,0.03245406405317947,32.45383350719626,0.018690890439735663,0.9813091095602643,1.1166163986334405,1629.5402613379806,0.9384887762196972,-960.4003402996921,0.031243696165182546,500.2234200042455,16010.379097262063,763.3268503481125,16010.379097262063,vanhateren,,,,,,,,,,,,,,,,,,,,,,,,,,,,,,,,,,,,,,,,,,,,,
coupled_t020,coupled,0.2,10000,100,2.0,0.8,0.2,13519.466853070875,1.0,1000,0.05061246917419403,1.4752955705700001e-06,1e-06,9.999999999999999e-10,0.222700227989476,0.0025616220359087408,273.3243425976344,0.032457271916314735,32.45471029427885,0.01869139540107701,0.981308604598923,1.1166156900335316,1629.5504035202766,0.9384946173299029,-960.5918853989532,0.03124068142293308,500.2234200042455,16011.924107296929,763.3268503481125,16011.924107296929,vanhateren,,,,,,,,,,,,,,,,,,,,,,,,,,,,,,,,,,,,,,,,,,,,,
coupled_t020,coupled,0.2,10000,100,2.0,0.8,0.2,13519.466853070875,1.0,1000,0.15183740752241054,1.3277660135099999e-05,1e-06,9.999999999999999e-10,0.222700227989476,0.023054598323126573,273.3243425976344,0.03248547291091042,32.4624183125873,0.01869583462166027,0.9813041653783398,1.1166094606224841,1629.6394827525503,0.9385459200572221,-962.2766195037689,0.03121420321248404,500.2234200042455,16025.506613097925,763.3268503481125,16025.506613097925,vanhateren,,,,,,,,,,,,,,,,,,,,,,,,,,,,,,,,,,,,,,,,,,,,,
coupled_t020,coupled,0.2,10000,100,2.0,0.8,0.2,13519.466853070875,1.0,1000,0.25306234587079857,3.688238926419999e-05,1e-06,9.999999999999999e-10,0.222700227989476,0.06404055089763168,273.3243425976344,0.03254187490010187,32.477834349204265,0.018704713062826818,0.9812952869371732,1.1165970020089058,1629.8171962593294,0.9386482692507044,-965.6505113863061,0.031161381214237296,500.2234200042455,16052.671624699962,763.3268503481125,16052.671624699962,vanhateren,,,,,,,,,,,,,,,,,,,,,,,,,,,,,,,,,,,,,,,,,,,,,
coupled_t020,coupled,0.2,10000,100,2.0,0.8,0.2,13519.466853070875,1.0,1000,0.3542872842192847,7.22894829579e-05,1e-06,9.999999999999999e-10,0.222700227989476,0.1255194797594762,273.3243425976344,0.032626477883889185,32.50095840412973,0.018718030724576656,0.9812819692754233,1.1165783146098074,1630.0826596662591,0.9388011555793282,-970.7224083923721,0.031082482571747425,500.2234200042455,16093.419142103083,763.3268503481125,16093.419142103083,vanhateren,,,,,,,,,,,,,,,,,,,,,,,,,,,,,,,,,,,,,,,,,,,,,
coupled_t020,coupled,0.2,10000,100,2.0,0.8,0.2,13519.466853070875,1.0,1000,0.5061246917419403,0.00014752955705700003,1e-06,9.999999999999999e-10,0.222700227989476,0.2561622035908741,273.3243425976344,0.03280625922443719,32.55009702084634,0.01874633075579505,0.981253669244205,1.1165386059635225,1630.642400716438,0.9391235230013831,-981.5442534595438,0.030916142430706325,500.2234200042455,16180.007616584691,763.3268503481125,16180.007616584691,vanhateren,,,,,,,,,,,,,,,,,,,,,,,,,,,,,,,,,,,,,,,,,,,,,
coupled_t020,coupled,0.2,10000,100,2.0,0.8,0.2,13519.466853070875,1.0,1000,0.7591870376126245,0.000331941503378,1e-06,9.999999999999999e-10,0.222700227989476,0.5763649580790325,273.3243425976344,0.033246899764995244,32.67053480691623,0.018815693577408636,0.9811843064225914,1.1164412927934122,1631.9897001261431,0.9398994629423684,-1008.3218231193648,0.030515877931789802,500.2234200042455,16392.23426972552,763.3268503481125,16392.23426972552,vanhateren,,,,,,,,,,,,,,,,,,,,,,,,,,,,,,,,,,,,,,,,,,,,,
coupled_t020,coupled,0.2,10000,100,2.0,0.8,0.2,13519.466853070875,1.0,1000,1.0122493834838806,0.0005901182282280001,1e-06,9.999999999999999e-10,0.222700227989476,1.0246488143634964,273.3243425976344,0.033863796521777956,32.839147707414476,0.018912801527667885,0.9810871984723322,1.116305082849412,1633.8192436262896,0.9409531380685561,-1046.4152196725954,0.029972609629729988,500.2234200042455,16689.351584123368,763.3268503481125,16689.351584123368,vanhateren,,,,,,,,,,,,,,,,,,,,,,,,,,,,,,,,,,,,,,,,,,,,,
coupled_t020,coupled,0.2,10000,100,2.0,0.8,0.2,13519.466853070875,1.0,1000,1.5183740752241055,0.00132776601351,1e-06,9.999999999999999e-10,0.222700227989476,2.3054598323126574,273.3243425976344,0.0356263586840054,33.32089885169276,0.01919025281412149,0.9808097471858785,1.1159160946554265,1638.7099620836993,0.9437698124943605,-1159.1414892987857,0.028521841473334742,500.2234200042455,17538.25819668438,763.3268503481125,17538.25819668438,vanhateren,,,,,,,,,,,,,,,,,,,,,,,,,,,,,,,,,,,,,,,,,,,,,
coupled_t020,coupled,0.2,10000,100,2.0,0.8,0.2,13519.466853070875,1.0,1000,2.530623458707986,0.00368823892642,1e-06,9.999999999999999e-10,0.222700227989476,6.40405508976317,273.3243425976344,0.04126655760315137,34.86250251338822,0.020078096930775877,0.9799219030692241,1.1146731521573423,1651.6404111350175,0.9512167480467101,-1558.5726899848826,0.024696586673300894,500.2234200042455,20254.759356888353,763.3268503481125,20254.759356888353,vanhateren,,,,,,,,,,,,,,,,,,,,,,,,,,,,,,,,,,,,,,,,,,,,,
coupled_t020,coupled,0.2,10000,100,2.0,0.8,0.2,13519.466853070875,1.0,1000,4.166947281934958,0.010000000000000002,1e-06,9.999999999999999e-10,0.222700227989476,17.36344965042513,273.3243425976344,0.05634810663953758,38.98465698911247,0.022452138125765794,0.9775478618742343,1.1113631595644682,1673.7931815072009,0.9639750252428783,-2916.3452816266395,0.018177701799924284,500.2234200042455,27518.51832041436,763.3268503481125,27518.51832041436,vanhateren,,,,,,,,,,,,,,,,,,,,,,,,,,,,,,,,,,,,,,,,,,,,,
coupled_t020,coupled,0.2,10000,100,2.0,0.8,0.2,13519.466853070875,1.0,1000,5.061246917419402,0.014752955705699998,1e-06,9.999999999999999e-10,0.222700227989476,25.616220359087404,273.3243425976344,0.06770499003668247,42.088769677595074,0.024239866227598713,0.9757601337724013,1.1088835765733538,1684.0856112419015,0.9699026663176163,-4217.145181416257,0.015163634750616871,500.2234200042455,32988.35854536103,763.3268503481125,32988.35854536103,vanhateren,,,,,,,,,,,,,,,,,,,,,,,,,,,,,,,,,,,,,,,,,,,,,
coupled_t020,coupled,0.2,10000,100,2.0,0.8,0.2,13519.466853070875,1.0,1000,7.217364404772381,0.03,1e-06,9.999999999999999e-10,0.222700227989476,52.09034895127538,273.3243425976344,0.10413682633463217,52.04647738335683,0.029974733380289165,0.9700252666197109,1.1010034493913046,1702.1405550856668,0.9803009133291618,-10004.01316940354,0.009898533821324981,500.2234200042455,50535.10237309948,763.3268503481125,50535.10237309948,vanhateren,,,,,,,,,,,,,,,,,,,,,,,,,,,,,,,,,,,,,,,,,,,,,
coupled_t020,coupled,0.2,10000,100,2.0,0.8,0.2,13519.466853070875,1.0,1000,10.122493834838805,0.05901182282279999,19.95262314968883,0.01995262314968883,0.2495183709120049,102.46488143634961,239.90328397148164,0.1724797712157449,70.01488977939532,0.040323144990765745,0.9596768550092343,1.104249017448703,1711.612224494722,0.9857558601281831,-19294.106061780505,0.007147614129782552,486.1485163004661,68015.49544690599,741.9156303143194,68015.49544690599,vanhateren,,,,,,,,,,,,,,,,,,,,,,,,,,,,,,,,,,,,,,,,,,,,,
coupled_t020,coupled,0.2,10000,100,2.0,0.8,0.2,13519.466853070875,1.0,1000,13.177044300762265,0.10000000000000002,56.23413251903491,0.05623413251903491,0.29584296127532494,173.6344965042513,196.1336215262879,0.26337279273933406,89.73829623508271,0.0516822970330009,0.9483177029669991,1.1183474782154397,1715.2462884790775,0.9878487990645807,-26597.7579629042,0.006094169921224068,463.8274943148387,76110.03636434129,707.2363191196339,76110.03636434129,vanhateren,,,,,,,,,,,,,,,,,,,,,,,,,,,,,,,,,,,,,,,,,,,,,
coupled_t020,coupled,0.2,10000,100,2.0,0.8,0.2,13519.466853070875,1.0,1000,15.183740752241055,0.13277660135100003,79.43282347242821,0.07943282347242821,0.3243229706241181,230.54598323126578,175.38154331499862,0.3332772233174052,102.73124008613942,0.059165224741861214,0.9408347752581387,1.126030263124438,1717.1360644383826,0.9889371634146099,-32141.777523799075,0.005546801797786966,451.1992387863428,81344.03485741277,687.239101292687,81344.03485741277,vanhateren,,,,,,,,,,,,,,,,,,,,,,,,,,,,,,,,,,,,,,,,,,,,,
coupled_t020,coupled,0.2,10000,100,2.0,0.8,0.2,13519.466853070875,1.0,1000,20.244987669669033,0.236047291291,141.25375446227554,0.14125375446227553,0.39741999616867807,409.8595257450512,135.8729669045397,0.5452434997058743,135.38397396082306,0.07797066636324096,0.9220293336367591,1.145317438440681,1720.3440957552841,0.9907847405847507,-46452.25503130789,0.004618294027486841,421.98413189668196,91372.29665005003,639.9830860978147,91372.29665005003,vanhateren,,,,,,,,,,,,,,,,,,,,,,,,,,,,,,,,,,,,,,,,,,,,,
coupled_t020,coupled,0.2,10000,100,2.0,0.8,0.2,13519.466853070875,1.0,1000,22.82331022250615,0.3,177.82794100389228,0.17782794100389226,0.43932937657738114,520.9034895127538,119.31070921617548,0.672824138519431,151.92064900667725,0.08749450832943073,0.9125054916705693,1.1577723019473802,1721.2700215824336,0.9913180020309443,-52376.18875105143,0.004350462245402153,407.00636521791193,93554.74022284927,615.242204774694,93554.74022284927,vanhateren,,,,,,,,,,,,,,,,,,,,,,,,,,,,,,,,,,,,,,,,,,,,,
coupled_t020,coupled,0.2,10000,100,2.0,0.8,0.2,13519.466853070875,1.0,1000,30.3674815045107,0.5311064054050001,251.18864315095823,0.25118864315095824,0.5214238759367631,922.1839329267995,94.94276080692494,1.1214982388754953,199.3143059486959,0.11478957808583612,0.8852104219141639,1.165689754326345,1724.675205802732,0.9932791239789756,-87662.01822901965,0.003366103336347637,380.7347957543652,113108.46926270494,571.0538528257349,113108.46926270494,vanhateren,,,,,,,,,,,,,,,,,,,,,,,,,,,,,,,,,,,,,,,,,,,,,
coupled_t020,coupled,0.2,10000,100,2.0,0.8,0.2,13519.466853070875,1.0,1000,41.66947281934957,1.0,398.1071705534969,0.3981071705534969,0.6809036577703106,1736.3449650425127,65.45748946233024,2.0037442748686525,267.39930982613987,0.15400125851120422,0.8459987414887957,1.1979071280101687,1726.7221595137562,0.9944580105206681,-129153.37177108103,0.0027748446210013114,338.74082027446656,122075.59937256266,498.5084355963274,122075.59937256266,vanhateren,,,,,,,,,,,,,,,,,,,,,,,,,,,,,,,,,,,,,,,,,,,,,
coupled_t020,coupled,0.2,10000,100,2.0,0.8,0.2,13519.466853070875,1.0,1000,50.612469174194025,1.47529557057,501.1872336272735,0.5011872336272735,0.7904158551195924,2561.6220359087406,52.7269717656068,2.8803813726782614,318.7593367695209,0.18358064969060822,0.8164193503093917,1.2093300931418676,1728.0721316603324,0.995235489750749,-174948.56259917497,0.0023850994743768636,315.1042152685211,132113.6575869004,456.7789498942282,132113.6575869004,vanhateren,,,,,,,,,,,,,,,,,,,,,,,,,,,,,,,,,,,,,,,,,,,,,
coupled_t020,coupled,0.2,10000,100,2.0,0.8,0.2,13519.466853070875,1.0,1000,72.17364404772381,3.0000000000000004,794.3282347242822,0.7943282347242822,1.096131254815511,5209.034895127539,32.14661901997669,5.642802189073376,433.7672939458364,0.24981631108955127,0.7501836889104487,1.2533292354440626,1729.71566666989,0.9961820384162773,-272837.3035452897,0.001910806382376869,264.1750916184011,138253.19721289154,365.2958014926877,138253.19721289154,vanhateren,,,,,,,,,,,,,,,,,,,,,,,,,,,,,,,,,,,,,,,,,,,,,
coupled_t020,coupled,0.2,10000,100,2.0,0.8,0.2,13519.466853070875,1.0,1000,91.10244451348444,4.77995764864,1000.0,1.0,1.307719643913412,8299.655396332511,24.33462789154346,8.823970110895498,524.3147145629862,0.3019646009974457,0.6980353990025543,1.2472651598403102,1730.9769957072651,0.9969084660920958,-416575.86704921885,0.0015469635019903583,237.81824666355368,153732.29320379655,317.5409019984603,153732.29320379655,vanhateren,,,,,,,,,,,,,,,,,,,,,,,,,,,,,,,,,,,,,,,,,,,,,
coupled_t020,coupled,0.2,10000,100,2.0,0.8,0.2,13519.466853070875,1.0,1000,131.77044300762265,10.000000000000002,1584.8931924611175,1.5848931924611174,1.9032532624973773,17363.44965042513,13.139269200256406,18.057053875663804,693.6042252386774,0.3994622262297372,0.6005377737702629,1.2872689999768423,1732.0873301767037,0.9975479326104391,-662819.6206314926,0.0012267861969669364,186.04584589990088,151653.03160393733,224.6158898503347,151653.03160393733,vanhateren,,,,,,,,,,,,,,,,,,,,,,,,,,,,,,,,,,,,,,,,,,,,,
coupled_t040,coupled,0.4,10000,100,2.0,0.6,0.4,11.71508671629231,1.0,1000,0.0,0.0,1e-06,9.999999999999999e-10,0.01164930789757709,0.0,530.917821468658,0.00018845179785407945,0.18845179785407898,0.00010853361610056843,0.9998914663838995,1.0042752476454588,0.9129872626680078,0.0005258098367830117,0.9994492204179299,0.9770694562475503,639.6376699386824,654.6491304673675,640.3490706225141,654.6491304673675,vanhateren,,,,,,,,,,,,,,,,,,,,,,,,,,,,,,,,,,,,,,,,,,,,,
coupled_t040,coupled,0.4,10000,100,2.0,0.6,0.4,11.71508671629231,1.0,1000,0.005061246917419403,1.47529557057e-08,1e-06,9.999999999999999e-10,0.01164930789757709,2.5616220359087406e-05,530.917821468658,0.00018850640709214365,0.18848079087178415,0.00010855031382958477,0.9998914496861704,1.0042752307311233,0.9143149353998585,0.0005265744732801252,0.9994484006520736,0.9770527894226744,639.6376699386824,654.6602976453653,640.3490706225141,654.6602976453653,vanhateren,,,,,,,,,,,,,,,,,,,,,,,,,,,,,,,,,,,,,,,,,,,,,
coupled_t040,coupled,0.4,10000,100,2.0,0.6,0.4,11.71508671629231,1.0,1000,0.015183740752241055,1.32776601351e-07,1e-06,9.999999999999999e-10,0.01164930789757709,0.00023054598323126577,530.917821468658,0.00018894328099665605,0.18871273501342437,0.00010868389566171484,0.9998913161043382,1.0042750954164585,0.9249694043539362,0.0005327106208594265,0.9994418205794288,0.9769194752906389,639.6376699386824,654.7496350693456,640.3490706225141,654.7496350693456,vanhateren,,,,,,,,,,,,,,,,,,,,,,,,,,,,,,,,,,,,,,,,,,,,,
coupled_t040,coupled,0.4,10000,100,2.0,0.6,0.4,11.71508671629231,1.0,1000,0.05061246917419403,1.4752955705700001e-06,1e-06,9.999999999999999e-10,0.01164930789757709,0.0025616220359087408,530.917821468658,0.00019391272166049858,0.19135109962458943,0.00011020338900219888,0.9998897966109977,1.0042735562147111,1.0502895758187363,0.0006048853177012673,0.9993642262855547,0.9754055836072236,639.6376699386824,655.7658482671263,640.3490706225141,655.7658482671263,vanhateren,,,,,,,,,,,,,,,,,,,,,,,,,,,,,,,,,,,,,,,,,,,,,
coupled_t040,coupled,0.4,10000,100,2.0,0.6,0.4,11.71508671629231,1.0,1000,0.15183740752241054,1.3277660135099999e-05,1e-06,9.999999999999999e-10,0.01164930789757709,0.023054598323126573,530.917821468658,0.00023760011211174033,0.21454551378861333,0.00012356157221520806,0.9998764384277848,1.0042600249738385,2.4683906532346196,0.0014216015267301354,0.9984648152814187,0.9622958685721295,639.6376699386824,664.6995906651739,640.3490706225141,664.6995906651739,vanhateren,,,,,,,,,,,,,,,,,,,,,,,,,,,,,,,,,,,,,,,,,,,,,
coupled_t040,coupled,0.4,10000,100,2.0,0.6,0.4,11.71508671629231,1.0,1000,0.25306234587079857,3.688238926419999e-05,1e-06,9.999999999999999e-10,0.01164930789757709,0.06404055089763168,530.917821468658,0.0003249748930143719,0.2609343421167398,0.00015027793864127173,0.9998497220613587,1.0042329635859544,6.8683922531418755,0.003955661110794139,0.9954955508990829,0.9371059532960858,639.6376699386824,682.5670754612995,640.3490706225141,682.5670754612995,vanhateren,,,,,,,,,,,,,,,,,,,,,,,,,,,,,,,,,,,,,,,,,,,,,
coupled_t040,coupled,0.4,10000,100,2.0,0.6,0.4,11.71508671629231,1.0,1000,0.3542872842192847,7.22894829579e-05,1e-06,9.999999999999999e-10,0.01164930789757709,0.1255194797594762,530.917821468658,0.00045603706436850435,0.3305175846090277,0.00019035248828042374,0.9998096475117195,1.0041923742385641,16.777979778724173,0.009662814772704675,0.9881155483904127,0.9017003826421248,639.6376699386824,709.368302655526,640.3490706225141,709.368302655526,vanhateren,,,,,,,,,,,,,,,,,,,,,,,,,,,,,,,,,,,,,,,,,,,,,
coupled_t040,coupled,0.4,10000,100,2.0,0.6,0.4,11.71508671629231,1.0,1000,0.5061246917419403,0.00014752955705700003,0.8912509381337459,0.0008912509381337459,0.013463402538424143,0.2561622035908741,487.9768995580572,0.0007237989315262348,0.4676367279353606,0.000269322477589533,0.9997306775224105,1.0047924651613342,30.99881991051173,0.017852915483158472,0.9762158792030012,0.866385197365118,636.0720555873361,734.167732230169,638.2745734072689,734.167732230169,vanhateren,,,,,,,,,,,,,,,,,,,,,,,,,,,,,,,,,,,,,,,,,,,,,
coupled_t040,coupled,0.4,10000,100,2.0,0.6,0.4,11.71508671629231,1.0,1000,0.7591870376126245,0.000331941503378,3.1622776601683795,0.0031622776601683794,0.01758797846091577,0.5763649580790325,415.45478815706036,0.0013024433438249565,0.7260783857459223,0.0004181648234445999,0.9995818351765554,1.0061857286415574,50.51808801601414,0.02909449967206099,0.957708551063587,0.8294289014162687,628.5556691763676,757.8174188325178,633.7269580468106,757.8174188325178,vanhateren,,,,,,,,,,,,,,,,,,,,,,,,,,,,,,,,,,,,,,,,,,,,,
coupled_t040,coupled,0.4,10000,100,2.0,0.6,0.4,11.71508671629231,1.0,1000,1.0122493834838806,0.0005901182282280001,5.62341325190349,0.00562341325190349,0.021616280936646456,1.0246488143634964,365.14133993740325,0.0020368831334734577,1.0122343191099608,0.0005829684420371946,0.9994170315579628,1.0075239046247348,71.11725227890058,0.04095802027286631,0.9356204637943784,0.7976191207824556,621.8009670632371,779.5712901832859,629.4639434095074,779.5712901832859,vanhateren,,,,,,,,,,,,,,,,,,,,,,,,,,,,,,,,,,,,,,,,,,,,,
coupled_t040,coupled,0.4,10000,100,2.0,0.6,0.4,11.71508671629231,1.0,1000,1.5183740752241055,0.00132776601351,10.0,0.01,0.028189959393680634,2.3054598323126574,307.09236627888544,0.0039539061264116816,1.648446294099024,0.0009493771844229488,0.9990506228155771,1.0096018864372311,125.40252949647189,0.07222212867902175,0.8649393833737788,0.731258249095862,611.6608533620715,836.4498508130849,622.8010143410007,836.4498508130849,vanhateren,,,,,,,,,,,,,,,,,,,,,,,,,,,,,,,,,,,,,,,,,,,,,
coupled_t040,coupled,0.4,10000,100,2.0,0.6,0.4,11.71508671629231,1.0,1000,2.530623458707986,0.00368823892642,19.95262314968883,0.01995262314968883,0.04176570362929532,6.40405508976317,233.8534944939025,0.009511882987783835,3.107827898020666,0.0017898677743132534,0.9982101322256868,1.0137837210671357,221.52741391267756,0.12758260505409055,0.6912391259108298,0.6428129270898923,593.0646413130281,922.6084546835702,609.9242226743598,922.6084546835702,vanhateren,,,,,,,,,,,,,,,,,,,,,,,,,,,,,,,,,,,,,,,,,,,,,
coupled_t040,coupled,0.4,10000,100,2.0,0.6,0.4,11.71508671629231,1.0,1000,4.166947281934958,0.01,35.481338923357605,0.03548133892335761,0.061222317492691344,17.36344965042513,175.6049505183116,0.0231850080860116,5.821558435586467,0.0033527660417663214,0.9966472339582336,1.0193487317709164,371.0193213017678,0.2136783466254839,0.26106640083850297,0.5377464476875446,569.9732784721539,1059.9294164065486,593.0416577864546,1059.9294164065486,vanhateren,25,22.90611819800688,/n/home12/binxuwang/Github/AccentuationPredRMT/tables/vanhateren_feature_interpolation_cases/vanhateren_feature_path_coupled_t040_n1000_trials25_seed20260828.npz,35.53783660888672,2.0495559128801704,0.4099111825760341,35.48133850097656,35.48133850097656,35.48133850097656,0.003377779004104395,0.0003413640257500028,6.827280515000056e-05,0.0032779880819144187,0.00315135447416102,0.00361937080864489,0.9966222209958954,0.0003413640257500073,6.827280515000147e-05,0.9967220119180856,0.9963806291913551,0.996848645525839,1.0199439708860758,0.004337226416412032,0.0008674452832824064,1.020108209519615,1.0184757068336208,1.0214114700099866,0.21300829829694956,0.018035825688734273,0.0036071651377468546,0.21635126074684588,0.2031949976751212,0.22811476650914506,0.25942050767109526,0.11301576897491626,0.022603153794983254,0.24373799894854753,0.16407040182140242,0.32639240701623706,0.5388798739909412,0.01980445252807394,0.003960890505614788,0.5348642555695747,0.5223863836644258,0.5492284418076921
coupled_t040,coupled,0.4,10000,100,2.0,0.6,0.4,11.71508671629231,1.0,1000,5.061246917419402,0.014752955705699998,44.668359215096345,0.04466835921509635,0.07221611729835369,25.616220359087404,154.01961401481742,0.03304856586016702,7.432345501079614,0.004280454431989924,0.9957195455680101,1.022418140979162,434.30526006311777,0.2501261378394841,-0.0010094846703381233,0.49987387806725775,558.2296748014746,1116.7410406797956,584.1618098437627,1116.7410406797956,vanhateren,,,,,,,,,,,,,,,,,,,,,,,,,,,,,,,,,,,,,,,,,,,,,
coupled_t040,coupled,0.4,10000,100,2.0,0.6,0.4,11.71508671629231,1.0,1000,7.217364404772381,0.03,63.09573444801943,0.06309573444801943,0.09359408568123023,52.09034895127538,124.09179900235601,0.06366858714445194,11.578238193176567,0.006668166998078683,0.9933318330019213,1.0276967236572498,596.6695790856606,0.3436353899128862,-1.0069001882678341,0.4137957779810127,537.4063100199025,1298.7235216415422,568.0258208597361,1298.7235216415422,vanhateren,,,,,,,,,,,,,,,,,,,,,,,,,,,,,,,,,,,,,,,,,,,,,
coupled_t040,coupled,0.4,10000,100,2.0,0.6,0.4,11.71508671629231,1.0,1000,10.122493834838805,0.05901182282279999,89.12509381337459,0.08912509381337459,0.12283433605830475,102.46488143634961,97.51195939146817,0.12000799356412892,17.543112127779295,0.010103471649338856,0.9898965283506611,1.0345918445805435,749.4740773359903,0.43163892684057753,-2.6687063483140534,0.34300766607168276,512.2607186964905,1493.4381046441006,547.9859193212533,1493.4381046441006,vanhateren,,,,,,,,,,,,,,,,,,,,,,,,,,,,,,,,,,,,,,,,,,,,,
coupled_t040,coupled,0.4,10000,100,2.0,0.6,0.4,11.71508671629231,1.0,1000,13.177044300762265,0.1,125.89254117941661,0.12589254117941662,0.1630225786383994,173.6344965042513,74.56907586778155,0.19770420801672886,24.069711512477568,0.013862286583062856,0.9861377134169371,1.0449394361370719,819.2814707470665,0.47184257002006924,-3.813412900112956,0.31309202216012283,482.38680644437324,1540.7189334184598,523.5200544475505,1540.7189334184598,vanhateren,25,22.90611819800688,/n/home12/binxuwang/Github/AccentuationPredRMT/tables/vanhateren_feature_interpolation_cases/vanhateren_feature_path_coupled_t040_n1000_trials25_seed20260828.npz,125.61219482421875,8.848442874196925,1.769688574839385,125.89253997802734,125.89253997802734,125.89253997802734,0.013494070519474956,0.001850753037993932,0.00037015060759878636,0.013644056190448839,0.012428286116622406,0.014967389900468054,0.9865059294805252,0.001850753037993932,0.00037015060759878636,0.9863559438095512,0.9850326100995319,0.9875717138833776,1.0432282792428518,0.013562619617580034,0.002712523923516007,1.0432055450007327,1.0306168910321376,1.0550718858827657,0.46559410335668916,0.034831669444193594,0.006966333888838719,0.46927177524259195,0.44646757037012513,0.48043049258645754,-3.7362058284496054,1.0643264367253638,0.21286528734507276,-3.7303957367516523,-4.10181073004649,-3.0549993684474135,0.31812672991212837,0.025879264873189728,0.005175852974637946,0.3149658583380008,0.30686906533724984,0.33181771172072727
coupled_t040,coupled,0.4,10000,100,2.0,0.6,0.4,11.71508671629231,1.0,1000,15.183740752241055,0.13277660135100003,141.25375446227554,0.14125375446227553,0.17955895324776358,230.54598323126578,67.75341767461853,0.2589974090309134,28.451425799647595,0.016385814093659083,0.9836141859063409,1.0480023721087863,898.7949470389594,0.5176361639732997,-5.577547812956071,0.2805306372240027,471.3435960519237,1680.1858104202631,514.3134765060832,1680.1858104202631,vanhateren,,,,,,,,,,,,,,,,,,,,,,,,,,,,,,,,,,,,,,,,,,,,,
coupled_t040,coupled,0.4,10000,100,2.0,0.6,0.4,11.71508671629231,1.0,1000,20.244987669669033,0.236047291291,199.52623149688827,0.19952623149688828,0.24141794594414107,409.8595257450512,49.79610522269319,0.44962342013345585,39.76389438840463,0.022900918417113645,0.9770990815828864,1.0625508027252115,985.7282833299771,0.5677030216779777,-8.340043041284435,0.24653930316307957,435.02073401669713,1764.5086541391813,483.44415301534076,1764.5086541391813,vanhateren,,,,,,,,,,,,,,,,,,,,,,,,,,,,,,,,,,,,,,,,,,,,,
coupled_t040,coupled,0.4,10000,100,2.0,0.6,0.4,11.71508671629231,1.0,1000,22.82331022250615,0.3,223.87211385683378,0.22387211385683378,0.2669679939913491,520.9034895127538,44.62421136010653,0.5664436448800189,45.540155367264994,0.026227596637831693,0.9737724033621683,1.0676502232886154,1037.2213271325104,0.5973590202492481,-10.581453826620688,0.2271099559127132,421.9042708050658,1857.7092717468504,472.0741505500973,1857.7092717468504,vanhateren,,,,,,,,,,,,,,,,,,,,,,,,,,,,,,,,,,,,,,,,,,,,,
coupled_t040,coupled,0.4,10000,100,2.0,0.6,0.4,11.71508671629231,1.0,1000,30.3674815045107,0.5311064054050001,281.83829312644605,0.28183829312644604,0.32733316411608965,922.1839329267995,35.45043008289683,0.9845572540811103,62.37332115431086,0.03592219427018277,0.9640778057298173,1.0769761789450611,1175.0059930002124,0.6767122989131618,-20.50901230099986,0.17737475183826162,394.3315795758195,2223.155074152769,447.7635169329116,2223.155074152769,vanhateren,,,,,,,,,,,,,,,,,,,,,,,,,,,,,,,,,,,,,,,,,,,,,
coupled_t040,coupled,0.4,10000,100,2.0,0.6,0.4,11.71508671629231,1.0,1000,41.66947281934957,1.0,398.1071705534969,0.3981071705534969,0.44712027017348077,1736.3449650425127,24.42327566888854,1.8238060133161818,87.46104827366884,0.05037077886854553,0.9496292211314544,1.10027156984969,1264.4847875448684,0.7282451431037545,-32.87260046851505,0.14662719570884225,350.3001277198477,2389.0529040427054,407.6333480553334,2389.0529040427054,vanhateren,25,22.90611819800688,/n/home12/binxuwang/Github/AccentuationPredRMT/tables/vanhateren_feature_interpolation_cases/vanhateren_feature_path_coupled_t040_n1000_trials25_seed20260828.npz,390.82291625976563,54.15324119108127,10.830648238216254,398.107177734375,354.8133850097656,398.107177734375,0.05359358269971982,0.007773055228346479,0.0015546110456692958,0.05408682779287575,0.04848600068056005,0.055673237638840724,0.9464064173002802,0.007773055228346486,0.0015546110456692971,0.9459131722071242,0.9443267623611593,0.9515139993194399,1.107295169529657,0.04291778113746055,0.008583556227492111,1.0996342809911566,1.0846795536111729,1.1200761524151854,0.7363149841861805,0.05009417684160967,0.010018835368321934,0.7382598633651357,0.7046208589071689,0.7741377279674205,-40.803610263448775,18.816222860469452,3.7632445720938903,-36.25035413428709,-52.62628225033226,-26.3247520142231,0.14239804807572454,0.029472378344201366,0.005894475668840273,0.140779502476148,0.1201490308197527,0.16058302441088979
coupled_t040,coupled,0.4,10000,100,2.0,0.6,0.4,11.71508671629231,1.0,1000,50.612469174194025,1.47529557057,446.6835921509635,0.4466835921509635,0.49683335836549347,2561.6220359087406,21.414108574340247,2.6684062477633677,106.78421185462697,0.06149942206444701,0.938500577935553,1.1022202704274822,1353.9806819082066,0.7797878354633613,-56.01909226665589,0.11694403605243604,335.1372111432088,2865.7913858295265,393.37445745121744,2865.7913858295265,vanhateren,,,,,,,,,,,,,,,,,,,,,,,,,,,,,,,,,,,,,,,,,,,,,
coupled_t040,coupled,0.4,10000,100,2.0,0.6,0.4,11.71508671629231,1.0,1000,72.17364404772381,3.0000000000000004,630.9573444801943,0.6309573444801942,0.6843630474138458,5209.034895127539,14.130256606790653,5.360815153573843,151.7802584463038,0.08741365425768814,0.9125863457423119,1.1291773211327163,1441.16486293703,0.8299991602773154,-103.88572663866664,0.08895710294338215,289.1425942960741,3250.3598333244113,348.37408274401906,3250.3598333244113,vanhateren,,,,,,,,,,,,,,,,,,,,,,,,,,,,,,,,,,,,,,,,,,,,,
coupled_t040,coupled,0.4,10000,100,2.0,0.6,0.4,11.71508671629231,1.0,1000,91.10244451348444,4.77995764864,794.3282347242822,0.7943282347242822,0.8497495976896421,8299.655396332511,10.530209005276118,8.489153875845231,189.4984795127211,0.10913642353786618,0.8908635764621338,1.1515235882968866,1487.774232685311,0.8568425414525185,-154.03556304662584,0.07434210344613884,258.7892969023692,3481.0596540339093,316.8770210569128,3481.0596540339093,vanhateren,,,,,,,,,,,,,,,,,,,,,,,,,,,,,,,,,,,,,,,,,,,,,
coupled_t040,coupled,0.4,10000,100,2.0,0.6,0.4,11.71508671629231,1.0,1000,131.77044300762265,10.0,1122.0184543019652,1.1220184543019651,1.1801931226277316,17363.44965042513,6.619805017140226,17.62920965971416,265.7600092890308,0.1530571485733101,0.8469428514266899,1.1866338609237577,1552.6437037517694,0.8942023244290943,-301.41323877724926,0.054377282194905,215.13103770452392,3956.266827264881,268.22871425709417,3956.266827264881,vanhateren,25,22.90611819800688,/n/home12/binxuwang/Github/AccentuationPredRMT/tables/vanhateren_feature_interpolation_cases/vanhateren_feature_path_coupled_t040_n1000_trials25_seed20260828.npz,1105.8070874023438,317.53305345928453,63.506610691856906,1122.0184326171875,891.2509155273438,1412.53759765625,0.17256111041681105,0.05475007278849059,0.010950014557698118,0.17091322215276192,0.12843053343236313,0.1962980996881979,0.8274388895831889,0.05475007278849059,0.010950014557698118,0.829086777847238,0.8037019003118021,0.8715694665676369,1.2342734499737766,0.22189253689781033,0.04437850737956207,1.181040199805401,1.0605797356241757,1.333781295582333,0.8874180942010355,0.04524189869141369,0.00904837973828274,0.8967809374314406,0.8536032143369044,0.919693490494976,-634.2347368100179,1075.1166415802202,215.02332831604403,-318.07431097336104,-546.2847821636079,-146.4215188958851,0.058265575393706796,0.024030529897952756,0.004806105979590551,0.05301481667797953,0.040993487772384304,0.07609350346644683
coupled_t060,coupled,0.6,10000,100,2.0,0.4,0.6,0.010151528774159821,1.0,1000,0.0,0.0,1e-06,9.999999999999999e-10,0.0007783323909120601,0.0,671.0349599805324,3.054999622946946e-05,0.030549996229469426,1.7594427861125762e-05,0.9999824055721389,1.0002340417810227,0.009266372135610447,5.336711495796325e-06,0.999994687860345,1.0023101323546058,657.1792856209908,655.6646135833817,548.1978039382234,655.6646135833817,vanhateren,,,,,,,,,,,,,,,,,,,,,,,,,,,,,,,,,,,,,,,,,,,,,
coupled_t060,coupled,0.6,10000,100,2.0,0.4,0.6,0.010151528774159821,1.0,1000,0.005061246917419403,1.47529557057e-08,1e-06,9.999999999999999e-10,0.0007783323909120601,2.5616220359087406e-05,671.0349599805324,3.0627865356102405e-05,0.03060224913574329,1.762452148153292e-05,0.9999823754785184,1.0002340116657402,0.009071667884812076,5.224576951844339e-06,0.9999947992253879,1.0022857333509936,657.1792856209908,655.6805746638829,548.1978039382234,655.6805746638829,vanhateren,,,,,,,,,,,,,,,,,,,,,,,,,,,,,,,,,,,,,,,,,,,,,
coupled_t060,coupled,0.6,10000,100,2.0,0.4,0.6,0.010151528774159821,1.0,1000,0.015183740752241055,1.32776601351e-07,1e-06,9.999999999999999e-10,0.0007783323909120601,0.00023054598323126577,671.0349599805324,3.1250818369164373e-05,0.031020272385933082,1.7865270444789514e-05,0.9999821347295552,1.0002337707435482,0.007588768222338574,4.370541784680886e-06,0.9999956476750399,1.0020905840774006,657.1792856209908,655.8082633078915,548.1978039382234,655.8082633078915,vanhateren,,,,,,,,,,,,,,,,,,,,,,,,,,,,,,,,,,,,,,,,,,,,,
coupled_t060,coupled,0.6,10000,100,2.0,0.4,0.6,0.010151528774159821,1.0,1000,0.05061246917419403,1.4752955705700001e-06,0.022387211385683423,2.2387211385683423e-05,0.0008443294026914972,0.0025616220359087408,650.9112926153585,3.820697074231267e-05,0.03564534870640395,2.0528955607350297e-05,0.9999794710443927,1.000251944981878,0.0020638979427132407,1.1886451046683042e-06,0.9999988139425036,1.0010902500193388,656.5363118677973,655.8213026798678,547.3023318250943,655.8213026798678,vanhateren,,,,,,,,,,,,,,,,,,,,,,,,,,,,,,,,,,,,,,,,,,,,,
coupled_t060,coupled,0.6,10000,100,2.0,0.4,0.6,0.010151528774159821,1.0,1000,0.15183740752241054,1.3277660135099999e-05,0.31622776601683794,0.00031622776601683794,0.0015356888942008136,0.023054598323126573,516.1526614841141,8.582337973426447e-05,0.06276878141113791,3.6149948699624375e-05,0.9999638500513004,1.0004530902832416,0.0008887518694069605,5.118521303658114e-07,0.9999994888794818,1.0007154384182904,651.100223944036,650.6347348584441,540.6552856985952,650.6347348584441,vanhateren,,,,,,,,,,,,,,,,,,,,,,,,,,,,,,,,,,,,,,,,,,,,,
coupled_t060,coupled,0.6,10000,100,2.0,0.4,0.6,0.010151528774159821,1.0,1000,0.25306234587079857,3.688238926419999e-05,0.7943282347242822,0.0007943282347242822,0.0024331291778761045,0.06404055089763168,427.1837865000103,0.00016253941505534915,0.09849886415771741,5.672770454073092e-05,0.9999432722954593,1.0007110887903805,0.0004229834848551433,2.4360567362533687e-07,0.9999997566346186,1.0004935642548092,645.8338684156314,645.5152651548173,535.2392512026198,645.5152651548173,vanhateren,,,,,,,,,,,,,,,,,,,,,,,,,,,,,,,,,,,,,,,,,,,,,
coupled_t060,coupled,0.6,10000,100,2.0,0.4,0.6,0.010151528774159821,1.0,1000,0.3542872842192847,7.22894829579e-05,1.2589254117941688,0.0012589254117941688,0.003209772251064656,0.1255194797594762,379.2792088651406,0.00026499535289226887,0.13947587313279275,8.032728285037404e-05,0.9999196727171497,1.0009268178429729,0.005834514931264964,3.3602279781553154e-06,0.9999966274188483,0.9981669075369324,642.0607401577201,643.2398582939034,531.7125542263778,643.2398582939034,vanhateren,,,,,,,,,,,,,,,,,,,,,,,,,,,,,,,,,,,,,,,,,,,,,
coupled_t060,coupled,0.6,10000,100,2.0,0.4,0.6,0.010151528774159821,1.0,1000,0.5061246917419403,0.00014752955705700003,2.2387211385683425,0.0022387211385683425,0.004709882387080549,0.2561622035908741,319.44402736677387,0.0004649049076944816,0.20874270410360773,0.00012021960399931063,0.9998797803960007,1.0013458479729647,0.011556770332444616,6.655803175702278e-06,0.9999933097210618,0.9974201156662164,635.8791972409032,637.5239352538767,526.3006251452405,637.5239352538767,vanhateren,,,,,,,,,,,,,,,,,,,,,,,,,,,,,,,,,,,,,,,,,,,,,
coupled_t060,coupled,0.6,10000,100,2.0,0.4,0.6,0.010151528774159821,1.0,1000,0.7591870376126245,0.000331941503378,3.5481338923357604,0.00354813389233576,0.006566277333721034,0.5763649580790325,273.2401951018189,0.0009176706232922587,0.34130566521322625,0.0001965655858050475,0.999803434414195,1.0018324878590246,0.19415862739836046,0.00011182030720122869,0.999885776755095,0.9894254878504383,629.393950546907,636.1206157264935,520.8938776161916,636.1206157264935,vanhateren,,,,,,,,,,,,,,,,,,,,,,,,,,,,,,,,,,,,,,,,,,,,,
coupled_t060,coupled,0.6,10000,100,2.0,0.4,0.6,0.010151528774159821,1.0,1000,1.0122493834838806,0.0005901182282280001,5.011872336272725,0.005011872336272725,0.00853307174753126,1.0246488143634964,240.23269964213657,0.0015164884125503757,0.4918395981868795,0.0002832614532762718,0.9997167385467237,1.0023374643331926,0.5498453772261732,0.00031666828210758847,0.9996717532458291,0.9822048241900343,623.3576370985847,634.6513698022513,515.9835483778646,634.6513698022513,vanhateren,,,,,,,,,,,,,,,,,,,,,,,,,,,,,,,,,,,,,,,,,,,,,
coupled_t060,coupled,0.6,10000,100,2.0,0.4,0.6,0.010151528774159821,1.0,1000,1.5183740752241055,0.00132776601351,8.91250938133746,0.008912509381337459,0.013483922235707609,2.3054598323126574,189.2486927718713,0.003141847171760501,0.8363873394478437,0.000481694223375345,0.9995183057766247,1.0036109507863071,1.012390310916218,0.0005830582812162735,0.9993877302421278,0.975853400214186,610.3354692583022,625.4376621778868,505.52743109431196,625.4376621778868,vanhateren,,,,,,,,,,,,,,,,,,,,,,,,,,,,,,,,,,,,,,,,,,,,,
coupled_t060,coupled,0.6,10000,100,2.0,0.4,0.6,0.010151528774159821,1.0,1000,2.530623458707986,0.00368823892642,15.848931924611142,0.01584893192461114,0.02178309745945218,6.40405508976317,144.08924230715851,0.008061517279460546,1.6574621896973751,0.00095456964086442,0.9990454303591356,1.005557311255516,4.317764628159011,0.002486697468007629,0.9972454290549276,0.9501332027496489,592.2717691290225,623.3565645480137,491.0140518070239,623.3565645480137,vanhateren,,,,,,,,,,,,,,,,,,,,,,,,,,,,,,,,,,,,,,,,,,,,,
coupled_t060,coupled,0.6,10000,100,2.0,0.4,0.6,0.010151528774159821,1.0,1000,4.166947281934958,0.01,25.11886431509582,0.02511886431509582,0.03239980759821711,17.36344965042513,112.54161456456585,0.02060239013935411,3.2389404889289795,0.0018653784553979325,0.9981346215446021,1.0076628185971932,20.00971415553194,0.011524043066546988,0.9855375274659449,0.8926499042080214,572.8536867708766,641.7450828935281,475.2696039028262,641.7450828935281,vanhateren,25,22.608600339997793,/n/home12/binxuwang/Github/AccentuationPredRMT/tables/vanhateren_feature_interpolation_cases/vanhateren_feature_path_coupled_t060_n1000_trials25_seed20260828.npz,25.786814041137696,2.1398679499177367,0.42797358998354734,25.118864059448242,25.118864059448242,28.18383026123047,0.001873842071265992,0.0002045350846039067,4.090701692078134e-05,0.0018117432783722066,0.0017315766781207562,0.0019923308917217226,0.998126157928734,0.00020453508460391168,4.0907016920782334e-05,0.9981882567216278,0.9980076691082783,0.9982684233218793,1.0081336397022072,0.003739836984742026,0.0007479673969484052,1.008488975412886,1.0063204996843564,1.0100575809947154,0.009808008980271342,0.004332378185658851,0.0008664756371317701,0.009609471941173106,0.007324027953587399,0.012067631204190287,0.987709597458617,0.006024571383342634,0.0012049142766685267,0.9881882749651422,0.984770054807229,0.9912409083873536,0.9035152529641138,0.022792144335923883,0.004558428867184777,0.9019720859082827,0.8901472294195987,0.9144194651010675
coupled_t060,coupled,0.6,10000,100,2.0,0.4,0.6,0.010151528774159821,1.0,1000,5.061246917419402,0.014752955705699998,31.622776601683793,0.03162277660168379,0.03966762577346326,25.616220359087404,98.36011697974479,0.029815089477410576,4.198869118323171,0.0024182228778601984,0.9975817771221398,1.0091347589853594,27.64866940452234,0.0159234886852368,0.9791453685552095,0.8738116935479487,561.0750512524231,642.1006441036317,465.6559384712733,642.1006441036317,vanhateren,,,,,,,,,,,,,,,,,,,,,,,,,,,,,,,,,,,,,,,,,,,,,
coupled_t060,coupled,0.6,10000,100,2.0,0.4,0.6,0.010151528774159821,1.0,1000,7.217364404772381,0.03,44.668359215096345,0.04466835921509635,0.053972278901442794,52.09034895127538,79.12328263354132,0.058800485652300255,6.710136701024875,0.003864518189713865,0.9961354818102861,1.011573213890122,60.20200575256994,0.034671685042203554,0.9476468103857932,0.8137966567373089,540.3738986368797,664.0158744364451,448.6946176268997,664.0158744364451,vanhateren,,,,,,,,,,,,,,,,,,,,,,,,,,,,,,,,,,,,,,,,,,,,,
coupled_t060,coupled,0.6,10000,100,2.0,0.4,0.6,0.010151528774159821,1.0,1000,10.122493834838805,0.05901182282279999,63.09573444801943,0.06309573444801943,0.07378828885767655,102.46488143634961,62.3542856374339,0.11285186646281752,10.386985026467901,0.0059820975875111235,0.9940179024124889,1.0146543245844146,109.07669597388714,0.06281971507385141,0.8881300762992955,0.7493613855092328,515.5961275799083,688.047366131005,428.37905480419465,688.047366131005,vanhateren,,,,,,,,,,,,,,,,,,,,,,,,,,,,,,,,,,,,,,,,,,,,,
coupled_t060,coupled,0.6,10000,100,2.0,0.4,0.6,0.010151528774159821,1.0,1000,13.177044300762265,0.1,89.12509381337459,0.08912509381337459,0.10132106407780554,173.6344965042513,48.04761577445795,0.18809854703624945,14.46405053199814,0.008330171033521556,0.9916698289664785,1.0192716396439248,135.2604720458965,0.07789953884111087,0.8501037646085494,0.7208951113987595,486.38025573120916,674.6893522241828,404.55183910882846,674.6893522241828,vanhateren,25,22.608600339997793,/n/home12/binxuwang/Github/AccentuationPredRMT/tables/vanhateren_feature_interpolation_cases/vanhateren_feature_path_coupled_t060_n1000_trials25_seed20260828.npz,92.31775451660157,7.341192619803243,1.4682385239606486,89.12509155273438,89.12509155273438,100.0,0.008187270561995247,0.001357716894125776,0.0002715433788251552,0.008320755782237763,0.007052617640312694,0.008949440629724002,0.9918127294380048,0.0013577168941257818,0.00027154337882515637,0.9916792442177622,0.991050559370276,0.9929473823596873,1.0177613537407657,0.012241911136254087,0.0024483822272508174,1.019182263891936,1.0068817638692389,1.027627274094335,0.06624327349082036,0.021935387917895403,0.0043870775835790805,0.06841631635264624,0.05785326041382591,0.07461972477642617,0.8753718771149436,0.05565534160984965,0.011131068321969929,0.8745313306037888,0.8587516746413546,0.8996994728599982,0.7466960887702858,0.046551965212606225,0.009310393042521245,0.7384348716807873,0.7268338879428377,0.7594729528434985
coupled_t060,coupled,0.6,10000,100,2.0,0.4,0.6,0.010151528774159821,1.0,1000,15.183740752241055,0.13277660135100003,100.0,0.1,0.11271880170450521,230.54598323126578,43.81776126938143,0.24775984048725622,17.213857255990426,0.009913846385685786,0.9900861536143142,1.0204424892854753,179.56453548084698,0.10341524241782826,0.7753065840174361,0.6784175962248117,475.6279344573719,701.0843131193784,395.84526929832964,701.0843131193784,vanhateren,,,,,,,,,,,,,,,,,,,,,,,,,,,,,,,,,,,,,,,,,,,,,
coupled_t060,coupled,0.6,10000,100,2.0,0.4,0.6,0.010151528774159821,1.0,1000,20.244987669669033,0.236047291291,141.25375446227554,0.14125375446227553,0.15559118357870685,409.8595257450512,32.693440596673994,0.4341709134929665,24.31138774791527,0.014001473346236833,0.9859985266537632,1.0264503811337105,234.3156394223083,0.1349476308796572,0.6628359628407807,0.6326478108413437,440.4049090243624,696.1296656328867,367.6512054209887,696.1296656328867,vanhateren,,,,,,,,,,,,,,,,,,,,,,,,,,,,,,,,,,,,,,,,,,,,,
coupled_t060,coupled,0.6,10000,100,2.0,0.4,0.6,0.010151528774159821,1.0,1000,22.82331022250615,0.3,158.48931924611173,0.15848931924611173,0.17337889591709718,520.9034895127538,29.488867402089795,0.5488492063480149,27.945716835261095,0.016094564961391108,0.9839054350386089,1.028343172638309,276.1512237163656,0.15904168196761773,0.5599789485269904,0.6011996966304843,427.7307577352042,711.4620318880509,357.64911529237867,711.4620318880509,vanhateren,,,,,,,,,,,,,,,,,,,,,,,,,,,,,,,,,,,,,,,,,,,,,
coupled_t060,coupled,0.6,10000,100,2.0,0.4,0.6,0.010151528774159821,1.0,1000,30.3674815045107,0.5311064054050001,199.52623149688827,0.19952623149688828,0.2155310300432329,922.1839329267995,23.792803392654925,0.9608170010017894,38.63306807498992,0.022249650186329205,0.9777503498136708,1.031136834523886,421.42383759766864,0.24270743779727577,0.05708251234326178,0.5073465337610261,401.1493940771923,790.6812550849996,336.949218182312,790.6812550849996,vanhateren,,,,,,,,,,,,,,,,,,,,,,,,,,,,,,,,,,,,,,,,,,,,,
coupled_t060,coupled,0.6,10000,100,2.0,0.4,0.6,0.010151528774159821,1.0,1000,41.66947281934957,1.0,281.83829312644605,0.28183829312644604,0.29952252967672266,1736.3449650425127,16.89788572602564,1.7905786845669809,54.233719524468206,0.031234415174602327,0.9687655848253977,1.0391294670742948,541.0960552507629,0.3116293513930365,-0.5968388608983743,0.4417622805712279,358.8279879659345,812.2648848651046,304.81831778079015,812.2648848651046,vanhateren,25,22.608600339997793,/n/home12/binxuwang/Github/AccentuationPredRMT/tables/vanhateren_feature_interpolation_cases/vanhateren_feature_path_coupled_t060_n1000_trials25_seed20260828.npz,312.6891174316406,67.60151868977457,13.520303737954913,316.2277526855469,251.1886444091797,354.8133850097656,0.033616439995088114,0.006619465095176399,0.0013238930190352797,0.03442106221805247,0.02931333616555958,0.03697770660793086,0.9663835600049119,0.006619465095176397,0.0013238930190352795,0.9655789377819475,0.9630222933920691,0.9706866638344405,1.0534516908480316,0.03436431494858028,0.006872862989716055,1.0452428769705844,1.035604407291749,1.0686461308315744,0.28156396265360756,0.10618345401722867,0.021236690803445736,0.2766890810783025,0.19283651446389827,0.3477928901636778,-0.6178090232895651,1.246482741039729,0.2492965482079458,-0.23156722701836552,-1.0663394666820136,0.3869904436471595,0.4800610702507304,0.10814473319349097,0.021628946638698195,0.4739875656618919,0.41026032000239476,0.5608684542601178
coupled_t060,coupled,0.6,10000,100,2.0,0.4,0.6,0.010151528774159821,1.0,1000,50.612469174194025,1.47529557057,354.81338923357606,0.3548133892335761,0.37360599081592444,2561.6220359087406,13.2813701944163,2.627733358724149,66.11132281540833,0.03807499324524471,0.9619250067547553,1.0463993633616722,604.9340768736146,0.34839509950651043,-1.0750768225531462,0.40974996865183444,329.60575708210615,804.4070342862502,283.230708213255,804.4070342862502,vanhateren,,,,,,,,,,,,,,,,,,,,,,,,,,,,,,,,,,,,,,,,,,,,,
coupled_t060,coupled,0.6,10000,100,2.0,0.4,0.6,0.010151528774159821,1.0,1000,72.17364404772381,3.0000000000000004,562.341325190349,0.5623413251903491,0.5832816431668693,5209.034895127539,7.9931921910527715,5.3023493224895315,93.31442736199165,0.053741871137747636,0.9462581288622524,1.0679784387215772,692.4746742397933,0.39881169248118775,-1.9371706739466976,0.3684846062991119,271.03951509819507,735.5517990843362,241.2310861800662,735.5517990843362,vanhateren,,,,,,,,,,,,,,,,,,,,,,,,,,,,,,,,,,,,,,,,,,,,,
coupled_t060,coupled,0.6,10000,100,2.0,0.4,0.6,0.010151528774159821,1.0,1000,91.10244451348444,4.77995764864,707.9457843841374,0.7079457843841374,0.7299114198807136,8299.655396332511,6.137569614562458,8.41524958923898,115.59419290646883,0.06657328770129421,0.9334267122987058,1.078437307711033,807.7509824787522,0.46520190327443095,-3.6019643691198704,0.31794288855372904,242.75035645360617,763.5030226901391,221.3114791813074,763.5030226901391,vanhateren,,,,,,,,,,,,,,,,,,,,,,,,,,,,,,,,,,,,,,,,,,,,,
coupled_t060,coupled,0.6,10000,100,2.0,0.4,0.6,0.010151528774159821,1.0,1000,131.77044300762265,10.0,1000.0,1.0,1.0234313968127062,17363.44965042513,4.097147016101822,17.523700230149654,160.25057972452404,0.09229190221460426,0.9077080977853957,1.0949421626743534,995.6311174733978,0.5734062859156681,-8.729571318598408,0.24276404871686913,202.87213865180698,835.6762038040184,193.032439256086,835.6762038040184,vanhateren,25,22.608600339997793,/n/home12/binxuwang/Github/AccentuationPredRMT/tables/vanhateren_feature_interpolation_cases/vanhateren_feature_path_coupled_t060_n1000_trials25_seed20260828.npz,1046.4717236328124,392.40026155350745,78.4800523107015,1122.0184326171875,794.3282470703125,1258.9254150390625,0.10522244369953017,0.04348839756456064,0.008697679512912128,0.09793481014746955,0.07294936806594458,0.11880328920523091,0.8947775563004698,0.043488397564560646,0.00869767951291213,0.9020651898525305,0.8811967107947691,0.9270506319340555,1.153657745785762,0.18220287807784047,0.03644057561556809,1.1225930095853847,1.0112204652586954,1.2376152463227397,0.5419978644327329,0.17305521384270223,0.03461104276854045,0.536275756515047,0.4191710563891533,0.6807463999944104,-20.818111602824594,34.140670029295684,6.828134005859137,-6.483746018328414,-21.247155982907852,-2.372181549344739,0.2729852331908994,0.11835413523546753,0.023670827047093508,0.2676914881588177,0.17492642752636264,0.3525657899144089
coupled_t080,coupled,0.8,10000,100,2.0,0.19999999999999996,0.8,8.796651612426958e-06,1.0,1000,0.0,0.0,0.00794328234724282,7.94328234724282e-06,8.396888858919523e-05,0.0,671.8158317799554,2.9222662765806957e-05,0.02922266276580696,1.6829986756169427e-05,0.9999831700132439,1.0000220855926603,9.874572558333581e-08,5.6869877571199174e-11,0.9999999999431309,1.0000075412119431,658.717004590786,658.7120371037047,690.4713984063635,658.7120371037047,vanhateren,,,,,,,,,,,,,,,,,,,,,,,,,,,,,,,,,,,,,,,,,,,,,
coupled_t080,coupled,0.8,10000,100,2.0,0.19999999999999996,0.8,8.796651612426958e-06,1.0,1000,0.005061246917419403,1.47529557057e-08,0.00794328234724282,7.94328234724282e-06,8.396888858919523e-05,2.5616220359087406e-05,671.8158317799554,2.930071717195952e-05,0.029275100951600425,1.6860187083206506e-05,0.9999831398129168,1.0000220553898254,2.7787470494219546e-07,1.600342734517573e-10,0.9999999998399617,0.9999873495346547,658.717004590786,658.7253377728435,690.4713984063635,658.7253377728435,vanhateren,,,,,,,,,,,,,,,,,,,,,,,,,,,,,,,,,,,,,,,,,,,,,
coupled_t080,coupled,0.8,10000,100,2.0,0.19999999999999996,0.8,8.796651612426958e-06,1.0,1000,0.015183740752241055,1.32776601351e-07,0.00794328234724282,7.94328234724282e-06,8.396888858919523e-05,0.00023054598323126577,671.8158317799554,2.992515242117841e-05,0.02969460643794715,1.7101789699502545e-05,0.9999828982103005,1.0000218137672077,5.266299845691049e-05,3.0329801691002736e-08,0.9999999696596314,0.9998258454660625,658.717004590786,658.8317431259534,690.4713984063635,658.8317431259534,vanhateren,,,,,,,,,,,,,,,,,,,,,,,,,,,,,,,,,,,,,,,,,,,,,
coupled_t080,coupled,0.8,10000,100,2.0,0.19999999999999996,0.8,8.796651612426958e-06,1.0,1000,0.05061246917419403,1.4752955705700001e-06,0.01584893192461114,1.584893192461114e-05,0.00010647641225933466,0.0025616220359087408,627.7938978616052,3.6522949381487874e-05,0.03396132734557914,1.9559089944288593e-05,0.9999804409100557,1.0000282035002086,7.0385164614651896e-06,4.053639457118395e-09,0.9999999959458443,0.9999363318018386,657.4974218779192,657.5392862194932,675.2309632304933,657.5392862194932,vanhateren,,,,,,,,,,,,,,,,,,,,,,,,,,,,,,,,,,,,,,,,,,,,,
coupled_t080,coupled,0.8,10000,100,2.0,0.19999999999999996,0.8,8.796651612426958e-06,1.0,1000,0.15183740752241054,1.3277660135099999e-05,0.08912509381337459,8.912509381337459e-05,0.00026544065494329814,0.023054598323126573,477.6859303949442,8.101673048510072e-05,0.057962132161974135,3.338169161596008e-05,0.9999666183083841,1.0000735549496536,0.0005956441740969039,3.430448361868692e-07,0.999999657356654,1.0005857002955325,652.0099898377711,651.628330931767,626.8605326796294,651.628330931767,vanhateren,,,,,,,,,,,,,,,,,,,,,,,,,,,,,,,,,,,,,,,,,,,,,
coupled_t080,coupled,0.8,10000,100,2.0,0.19999999999999996,0.8,8.796651612426958e-06,1.0,1000,0.25306234587079857,3.688238926419999e-05,0.22387211385683423,0.00022387211385683424,0.0005010557522320734,0.06404055089763168,389.87779592575237,0.0001524032725252134,0.08836272162758169,5.0890072771580966e-05,0.9999491099272284,1.000139109888317,0.0011632798703315411,6.699589619295837e-07,0.9999993311364295,1.000818510208812,647.2106842316573,646.68136892934,600.4959185101604,646.68136892934,vanhateren,,,,,,,,,,,,,,,,,,,,,,,,,,,,,,,,,,,,,,,,,,,,,
coupled_t080,coupled,0.8,10000,100,2.0,0.19999999999999996,0.8,8.796651612426958e-06,1.0,1000,0.3542872842192847,7.22894829579e-05,0.4466835921509635,0.0004466835921509635,0.0008464170356386578,0.1255194797594762,326.62612033930594,0.00024748489128473164,0.12196541152525542,7.024261536777584e-05,0.9999297573846322,1.0002372309576981,0.0073221269291201,4.2169770849312915e-06,0.9999958002890728,1.0020535279605916,642.3960200136619,641.079545242543,581.8946484485863,641.079545242543,vanhateren,,,,,,,,,,,,,,,,,,,,,,,,,,,,,,,,,,,,,,,,,,,,,
coupled_t080,coupled,0.8,10000,100,2.0,0.19999999999999996,0.8,8.796651612426958e-06,1.0,1000,0.5061246917419403,0.00014752955705700003,0.7943282347242822,0.0007943282347242822,0.0013427447602884271,0.2561622035908741,277.22121208373045,0.00043329892031197836,0.1771367167211042,0.00010201700715431693,0.9998979829928457,1.0003696656056316,0.005744840070804219,3.3085822152071965e-06,0.999996703421321,1.0018189508556328,637.2906482008008,636.1335525311276,567.0824811924118,636.1335525311276,vanhateren,,,,,,,,,,,,,,,,,,,,,,,,,,,,,,,,,,,,,,,,,,,,,
coupled_t080,coupled,0.8,10000,100,2.0,0.19999999999999996,0.8,8.796651612426958e-06,1.0,1000,0.7591870376126245,0.000331941503378,1.584893192461114,0.001584893192461114,0.0023923338918930663,0.5763649580790325,222.86215873367954,0.0008561117064450663,0.2797467483660337,0.00016111242523698875,0.999838887574763,1.0006481471848214,0.01235468911560163,7.115342494916693e-06,0.9999929224659412,1.0026674599331418,629.315285067976,627.6410776409748,549.4901676908873,627.6410776409748,vanhateren,,,,,,,,,,,,,,,,,,,,,,,,,,,,,,,,,,,,,,,,,,,,,
coupled_t080,coupled,0.8,10000,100,2.0,0.19999999999999996,0.8,8.796651612426958e-06,1.0,1000,1.0122493834838806,0.0005901182282280001,2.5118864315095824,0.0025118864315095825,0.0035583541014564627,1.0246488143634964,189.86366584958708,0.0014189263381531349,0.3942775237896383,0.00022707326696454284,0.9997729267330354,1.0009479077753203,0.018824442264739696,1.0841418406899805e-05,0.9999892296241047,1.0032926309247925,622.4362792840369,620.3935522882308,537.273681681108,620.3935522882308,vanhateren,,,,,,,,,,,,,,,,,,,,,,,,,,,,,,,,,,,,,,,,,,,,,
coupled_t080,coupled,0.8,10000,100,2.0,0.19999999999999996,0.8,8.796651612426958e-06,1.0,1000,1.5183740752241055,0.00132776601351,4.4668359215096345,0.004466835921509635,0.005911218188400815,2.3054598323126574,152.37039826597817,0.002959790953839663,0.6543311215270057,0.0003768439651685142,0.9996231560348315,1.001517181014741,0.009777675585474896,5.6311826176980326e-06,0.9999943954482717,1.0023730112974232,611.3385519593041,609.89127307809,520.4299554505183,609.89127307809,vanhateren,,,,,,,,,,,,,,,,,,,,,,,,,,,,,,,,,,,,,,,,,,,,,
coupled_t080,coupled,0.8,10000,100,2.0,0.19999999999999996,0.8,8.796651612426958e-06,1.0,1000,2.530623458707986,0.00368823892642,7.943282347242821,0.00794328234724282,0.009925110108532831,6.40405508976317,119.09090708808651,0.007678572133249595,1.2745170434864255,0.000734022944257059,0.9992659770557429,1.0023461174211015,0.15668237435111335,9.023689272901893e-05,0.999908023989608,0.9905006898814167,596.3536163071481,602.0728934358883,500.3587562310324,602.0728934358883,vanhateren,,,,,,,,,,,,,,,,,,,,,,,,,,,,,,,,,,,,,,,,,,,,,
coupled_t080,coupled,0.8,10000,100,2.0,0.19999999999999996,0.8,8.796651612426958e-06,1.0,1000,4.166947281934958,0.01,15.848931924611142,0.01584893192461114,0.018705113568016456,17.36344965042513,84.81803294731031,0.019844134979204935,2.4806853287798045,0.001428682306064145,0.9985713176939358,1.004125252938895,0.35976380151824955,0.0002071960403959481,0.9997867077656033,0.9856056941676249,570.9668555961903,579.3055569533715,469.2427701201674,579.3055569533715,vanhateren,25,20.790032379009062,/n/home12/binxuwang/Github/AccentuationPredRMT/tables/vanhateren_feature_interpolation_cases/vanhateren_feature_path_coupled_t080_n1000_trials25_seed20260828.npz,15.399070587158203,1.2998519613971855,0.2599703922794371,15.848932266235352,14.125375747680664,15.848932266235352,0.001433110282382722,0.0001563535404335312,3.1270708086706244e-05,0.001391818198546796,0.001305460537699119,0.0015346734066532166,0.9985668897176174,0.00015635354043352833,3.127070808670567e-05,0.9986081818014532,0.9984653265933467,0.9986945394623009,1.004128016500177,0.0035777358685634007,0.0007155471737126802,1.0040587079126921,1.0026540814818017,1.0062654758550997,0.0004938469961157235,0.0008976085300347213,0.00017952170600694426,0.00018591568380068224,5.223422044863386e-05,0.00040411420119778767,0.9994670495673365,0.0010206741967823728,0.00020413483935647456,0.9998089087502188,0.9996116561691577,0.9999470024873849,0.9884874189628542,0.01940005031079374,0.003880010062158748,0.9877459415460169,0.9822793746529391,0.9964747083716945
coupled_t080,coupled,0.8,10000,100,2.0,0.19999999999999996,0.8,8.796651612426958e-06,1.0,1000,5.061246917419402,0.014752955705699998,17.78279410038923,0.01778279410038923,0.02081219412699676,25.616220359087404,79.72026266030886,0.028834414947219396,3.2181945881319916,0.0018534304259368167,0.9981465695740632,1.004270567177227,2.58284725871978,0.0014875196523270026,0.9983907411499747,0.9614316236752569,565.7304368534864,588.425035043962,463.06699326088153,588.425035043962,vanhateren,,,,,,,,,,,,,,,,,,,,,,,,,,,,,,,,,,,,,,,,,,,,,
coupled_t080,coupled,0.8,10000,100,2.0,0.19999999999999996,0.8,8.796651612426958e-06,1.0,1000,7.217364404772381,0.03,28.183829312644548,0.028183829312644546,0.031990132607757536,52.09034895127538,61.12826363031236,0.05724641004300486,5.156061091729476,0.002969491198774107,0.9970305088012259,1.0060884795719836,4.750760072477349,0.0027360692535892666,0.9969535633463859,0.9476925506874091,541.272179689255,571.1474457582716,434.91151744288015,571.1474457582716,vanhateren,,,,,,,,,,,,,,,,,,,,,,,,,,,,,,,,,,,,,,,,,,,,,
coupled_t080,coupled,0.8,10000,100,2.0,0.19999999999999996,0.8,8.796651612426958e-06,1.0,1000,10.122493834838805,0.05901182282279999,39.81071705534978,0.039810717055349776,0.04428907586846544,102.46488143634961,49.09877489819443,0.11049937792882385,8.034496492474231,0.004627246690163043,0.995372753309837,1.0074725811724548,14.207337284304513,0.00818232411780954,0.9901092450248736,0.9095438000034849,518.7635235215822,570.3557360509682,409.811004017012,570.3557360509682,vanhateren,,,,,,,,,,,,,,,,,,,,,,,,,,,,,,,,,,,,,,,,,,,,,
coupled_t080,coupled,0.8,10000,100,2.0,0.19999999999999996,0.8,8.796651612426958e-06,1.0,1000,13.177044300762265,0.1,56.23413251903491,0.05623413251903491,0.06145908510662622,173.6344965042513,38.71666065466161,0.18490936725312251,11.274870748871223,0.006493450884395641,0.9935065491156043,1.009610489410599,19.29048022465938,0.01110982011813941,0.9861179923320814,0.8945968685562928,492.2681173299358,550.2680979918495,381.1509781360615,550.2680979918495,vanhateren,25,20.790032379009062,/n/home12/binxuwang/Github/AccentuationPredRMT/tables/vanhateren_feature_interpolation_cases/vanhateren_feature_path_coupled_t080_n1000_trials25_seed20260828.npz,57.87911956787109,6.355098334938274,1.2710196669876548,56.234130859375,56.234130859375,63.095733642578125,0.006487939461664181,0.0010926667583010124,0.00021853335166020248,0.00647706980031781,0.005711316562897777,0.006996738265401453,0.9935120605383356,0.0010926667583010087,0.00021853335166020175,0.9935229301996822,0.9930032617345985,0.9942886834371022,1.0074406342150999,0.011676147744523437,0.0023352295489046876,1.0102341415379321,0.997711476144479,1.017983046389433,0.01101416514316274,0.010517153586737603,0.0021034307173475207,0.00800510744445262,0.004716001189148041,0.016061096427498797,0.9851801250688423,0.01682287974992486,0.003364575949984972,0.9903443869231702,0.9789389278337732,0.9955301188322102,0.9116268089815592,0.05777420355340398,0.011554840710680796,0.9105287339731206,0.873267618867557,0.9406237033483095
coupled_t080,coupled,0.8,10000,100,2.0,0.19999999999999996,0.8,8.796651612426958e-06,1.0,1000,15.183740752241055,0.13277660135100003,63.09573444801943,0.06309573444801943,0.06858523513565279,230.54598323126578,35.618107814549255,0.24402343407348648,13.477450842220701,0.007761966149330654,0.9922380338506693,1.0099104043980764,32.64253455516813,0.01879956760456809,0.9747513295598741,0.8628884847849456,482.5136035554254,559.1841959458764,370.8395478154048,559.1841959458764,vanhateren,,,,,,,,,,,,,,,,,,,,,,,,,,,,,,,,,,,,,,,,,,,,,
coupled_t080,coupled,0.8,10000,100,2.0,0.19999999999999996,0.8,8.796651612426958e-06,1.0,1000,20.244987669669033,0.236047291291,89.12509381337459,0.08912509381337459,0.09545114061202374,409.8595257450512,27.379289765203882,0.4290737599202566,19.214234175205373,0.011065908308568701,0.9889340916914313,1.0122353526759449,50.351819562814136,0.02899874194157111,0.9578762830196421,0.8297098301675311,450.49715787905177,542.9574792287196,337.9277913400705,542.9574792287196,vanhateren,,,,,,,,,,,,,,,,,,,,,,,,,,,,,,,,,,,,,,,,,,,,,
coupled_t080,coupled,0.8,10000,100,2.0,0.19999999999999996,0.8,8.796651612426958e-06,1.0,1000,22.82331022250615,0.3,100.0,0.1,0.10661795244548371,520.9034895127538,24.974473594018338,0.543096304718161,22.192815205407022,0.012781339913560123,0.9872186600864399,1.012704334667486,67.42353510034938,0.038830725724308235,0.9397712214262497,0.8029448662827882,438.9418181269482,546.6649536711252,326.4092805334489,546.6649536711252,vanhateren,,,,,,,,,,,,,,,,,,,,,,,,,,,,,,,,,,,,,,,,,,,,,
coupled_t080,coupled,0.8,10000,100,2.0,0.19999999999999996,0.8,8.796651612426958e-06,1.0,1000,30.3674815045107,0.5311064054050001,141.25375446227554,0.14125375446227553,0.14878054850143316,922.1839329267995,18.723088342617853,0.9531639324361615,30.97999950936195,0.017842076392120293,0.9821579236078797,1.0153666314997105,97.08436386900726,0.05591306210665934,0.9040932792585139,0.7635405698504301,401.91972061057174,526.3894761863195,290.83448714344485,526.3894761863195,vanhateren,,,,,,,,,,,,,,,,,,,,,,,,,,,,,,,,,,,,,,,,,,,,,
coupled_t080,coupled,0.8,10000,100,2.0,0.19999999999999996,0.8,8.796651612426958e-06,1.0,1000,41.66947281934957,1.0,199.52623149688827,0.19952623149688828,0.20800161706099843,1736.3449650425127,13.797819604799805,1.7803942440865779,44.049279044065294,0.025368967532892747,0.9746310324671073,1.0173975579936572,159.46193934660266,0.09183770653701777,0.8109335355083169,0.6969526331792045,362.08818308744134,519.5305474860572,254.8892986955101,519.5305474860572,vanhateren,25,20.790032379009062,/n/home12/binxuwang/Github/AccentuationPredRMT/tables/vanhateren_feature_interpolation_cases/vanhateren_feature_path_coupled_t080_n1000_trials25_seed20260828.npz,214.34806854248046,54.4777124787794,10.89554249575588,199.52622985839844,177.82794189453125,251.1886444091797,0.027372412568642566,0.005844759976452112,0.0011689519952904222,0.028537452151640486,0.024132541098031236,0.029861493285901,0.9726275874313575,0.005844759976452112,0.0011689519952904222,0.9714625478483595,0.970138506714099,0.9758674589019688,1.0266751168043,0.028790382485732305,0.005758076497146461,1.0189722479687442,1.0124569748790244,1.0376951896382511,0.09878456916279943,0.08329241874429673,0.016658483748859344,0.0917058563242954,0.02465292961681201,0.1393308491678872,0.7020736943199263,0.4053982602782769,0.08107965205565539,0.811322820533818,0.6452789365468246,0.9653082441951555,0.7233205034911697,0.1521821324324479,0.03043642648648958,0.6971702519165341,0.6267295227748554,0.8429874857955201
coupled_t080,coupled,0.8,10000,100,2.0,0.19999999999999996,0.8,8.796651612426958e-06,1.0,1000,50.612469174194025,1.47529557057,251.18864315095823,0.25118864315095824,0.26031220766204505,2561.6220359087406,11.164261329610259,2.615755488171064,54.13345226232336,0.03117666901000744,0.9688233309899925,1.0191737231036382,198.97502610411289,0.11459417921555765,0.7381057291419459,0.6614823797561526,334.5773977093324,505.7994104584769,231.51448327663698,505.7994104584769,vanhateren,,,,,,,,,,,,,,,,,,,,,,,,,,,,,,,,,,,,,,,,,,,,,
coupled_t080,coupled,0.8,10000,100,2.0,0.19999999999999996,0.8,8.796651612426958e-06,1.0,1000,72.17364404772381,3.0000000000000004,398.1071705534969,0.3981071705534969,0.40855016433891966,5209.034895127539,7.200135155266615,5.286193271026058,77.15837589851988,0.04443723882749919,0.9555627611725008,1.0245552906152762,260.5269494287177,0.15004331205714008,0.6002414265683467,0.6126457537897124,279.24398840260125,455.8000878570528,188.21660331957278,455.8000878570528,vanhateren,,,,,,,,,,,,,,,,,,,,,,,,,,,,,,,,,,,,,,,,,,,,,
coupled_t080,coupled,0.8,10000,100,2.0,0.19999999999999996,0.8,8.796651612426958e-06,1.0,1000,91.10244451348444,4.77995764864,562.341325190349,0.5623413251903491,0.5737851353351467,8299.655396332511,5.142813179354889,8.395529290400514,95.87389406800284,0.05521592540549997,0.9447840745945,1.0315658352856019,277.4383212515061,0.15978295029911485,0.5565597339620358,0.6002714042014071,239.2808832978566,398.6211597338917,160.1374204186942,398.6211597338917,vanhateren,,,,,,,,,,,,,,,,,,,,,,,,,,,,,,,,,,,,,,,,,,,,,
coupled_t080,coupled,0.8,10000,100,2.0,0.19999999999999996,0.8,8.796651612426958e-06,1.0,1000,131.77044300762265,10.0,891.2509381337477,0.8912509381337477,0.9040400187222802,17363.44965042513,3.2876927640553677,17.495632308785307,132.1826583601778,0.07612695692468083,0.9238730430753191,1.0401657586461726,377.16109709658923,0.21721553302477242,0.23807493066595187,0.5339361277413015,190.64615382066242,357.0579773785841,129.59778301180876,357.0579773785841,vanhateren,25,20.790032379009062,/n/home12/binxuwang/Github/AccentuationPredRMT/tables/vanhateren_feature_interpolation_cases/vanhateren_feature_path_coupled_t080_n1000_trials25_seed20260828.npz,1066.856212158203,549.0552713138005,109.81105426276011,1122.0184326171875,707.94580078125,1412.53759765625,0.08519364663437441,0.035576724730718066,0.007115344946143613,0.07328845715631506,0.06201054171968357,0.09438543863795588,0.9148063533656255,0.03557672473071809,0.0071153449461436175,0.926711542843685,0.9056145613620441,0.9379894582803164,1.1014049466023905,0.15846960806479088,0.03169392161295818,1.0882143230601604,0.9838020439920522,1.1532138679867974,0.20448175656583684,0.2142599834108074,0.04285199668216148,0.09604834547294251,0.027236162084929235,0.3825031071476135,-1.6211632936500644,6.1192454749969105,1.223849094999382,0.7983088596422623,-1.6276882504418348,0.9609331728227894,0.640618378400076,0.2801164315624804,0.056023286312496076,0.6900833249517824,0.38153164418249047,0.8349661789664639
coupled_t100,coupled,1.0,10000,100,2.0,0.0,1.0,7.622603581382103e-09,1.0,1000,0.0,0.0,0.0014125375446227555,1.4125375446227554e-06,9.436089813595428e-06,0.0,670.1998372890395,3.083885692781011e-05,0.03083885692781011,1.776078921451824e-05,0.9999822392107854,0.9999971122722005,0.003642305476636075,2.0976853966037196e-06,0.9999978962250585,0.9985516611596026,658.8991902660196,659.8548837231417,1658.9673980285793,659.8548837231417,vanhateren,,,,,,,,,,,,,,,,,,,,,,,,,,,,,,,,,,,,,,,,,,,,,
coupled_t100,coupled,1.0,10000,100,2.0,0.0,1.0,7.622603581382103e-09,1.0,1000,0.005061246917419403,1.47529557057e-08,0.0014125375446227555,1.4125375446227554e-06,9.436089813595428e-06,2.5616220359087406e-05,670.1998372890395,3.0916528873598494e-05,0.030890912653239407,1.7790769274055556e-05,0.9999822092307259,0.9999970822918695,0.0037343926338077754,2.150720455319397e-06,0.9999978429574335,0.9985334665174912,658.8991902660196,659.8669071793977,1658.9673980285793,659.8669071793977,vanhateren,,,,,,,,,,,,,,,,,,,,,,,,,,,,,,,,,,,,,,,,,,,,,
coupled_t100,coupled,1.0,10000,100,2.0,0.0,1.0,7.622603581382103e-09,1.0,1000,0.015183740752241055,1.32776601351e-07,0.001584893192461114,1.584893192461114e-06,9.952296320687835e-06,0.00023054598323126577,662.1058972716925,3.1534676004334365e-05,0.03130413002110309,1.802875042191667e-05,0.9999819712495781,0.9999973335635552,0.0031721607257279385,1.8269184923459441e-06,0.9999981681328209,0.9986483645120278,658.6948353485337,659.5863556742453,1632.7387884145728,659.5863556742453,vanhateren,,,,,,,,,,,,,,,,,,,,,,,,,,,,,,,,,,,,,,,,,,,,,
coupled_t100,coupled,1.0,10000,100,2.0,0.0,1.0,7.622603581382103e-09,1.0,1000,0.05061246917419403,1.4752955705700001e-06,0.002511886431509582,2.511886431509582e-06,1.2556761772752694e-05,0.0025616220359087408,627.6019309913003,3.807542974506085e-05,0.0355138077091521,2.045319819744608e-05,0.9999795468018026,0.999997273524769,0.004357212311086526,2.509416273153903e-06,0.9999974826143939,0.9984158862814956,657.7788015006703,658.822451183649,1526.0449350644158,658.822451183649,vanhateren,,,,,,,,,,,,,,,,,,,,,,,,,,,,,,,,,,,,,,,,,,,,,
coupled_t100,coupled,1.0,10000,100,2.0,0.0,1.0,7.622603581382103e-09,1.0,1000,0.15183740752241054,1.3277660135099999e-05,0.014125375446227554,1.4125375446227553e-05,3.77580398668762e-05,0.023054598323126573,481.5697522460856,8.255641071675892e-05,0.059501812393632336,3.42684279861263e-05,0.9999657315720138,1.0000021995179977,0.004326777337036424,2.491888089145055e-06,0.9999975002259959,0.9984214284656231,652.8147023411132,653.8468463606201,1154.0759195573137,653.8468463606201,vanhateren,,,,,,,,,,,,,,,,,,,,,,,,,,,,,,,,,,,,,,,,,,,,,
coupled_t100,coupled,1.0,10000,100,2.0,0.0,1.0,7.622603581382103e-09,1.0,1000,0.25306234587079857,3.688238926419999e-05,0.04466835921509635,4.466835921509635e-05,9.083215360631297e-05,0.06404055089763168,384.1531506584568,0.00015383445832188553,0.08979390742425386,5.171432476383248e-05,0.9999482856752362,1.0000165743811307,0.002647067096011016,1.5245052966454767e-06,0.99999847172308,0.9987652914122573,647.9305862387668,648.7315806925877,967.4150551280991,648.7315806925877,vanhateren,,,,,,,,,,,,,,,,,,,,,,,,,,,,,,,,,,,,,,,,,,,,,
coupled_t100,coupled,1.0,10000,100,2.0,0.0,1.0,7.622603581382103e-09,1.0,1000,0.3542872842192847,7.22894829579e-05,0.1,0.0001,0.0001757462691956864,0.1255194797594762,320.85577964081887,0.0002482048544666369,0.12268537470716073,7.065725830820542e-05,0.9999293427416918,1.0000421809885949,0.0006643198483283293,3.8259669691389003e-07,0.9999996169295577,0.9993814559862759,643.5349204983752,643.9332215377955,869.8185013539081,643.9332215377955,vanhateren,,,,,,,,,,,,,,,,,,,,,,,,,,,,,,,,,,,,,,,,,,,,,
coupled_t100,coupled,1.0,10000,100,2.0,0.0,1.0,7.622603581382103e-09,1.0,1000,0.5061246917419403,0.00014752955705700003,0.22387211385683423,0.00022387211385683424,0.00034972392798484714,0.2561622035908741,263.0284483199592,0.00043162366623466006,0.17546146264378598,0.00010105219076641834,0.9998989478092336,1.0000945501992078,1.5033195198366636e-05,8.657954209000492e-09,0.9999999913436568,1.0000930481284551,638.0255647912356,637.9662032300074,793.9217692948839,637.9662032300074,vanhateren,,,,,,,,,,,,,,,,,,,,,,,,,,,,,,,,,,,,,,,,,,,,,
coupled_t100,coupled,1.0,10000,100,2.0,0.0,1.0,7.622603581382103e-09,1.0,1000,0.7591870376126245,0.000331941503378,0.5623413251903491,0.0005623413251903491,0.0007886582030385706,0.5763649580790325,204.2099201425642,0.0008471411654927485,0.27077620741371594,0.00015594608955317023,0.9998440539104468,1.0002303778350072,0.008439394759294618,4.860436681191394e-06,0.9999951609236795,1.0022046398075857,629.7234302548267,628.3381709106116,726.2505415339782,628.3381709106116,vanhateren,,,,,,,,,,,,,,,,,,,,,,,,,,,,,,,,,,,,,,,,,,,,,
coupled_t100,coupled,1.0,10000,100,2.0,0.0,1.0,7.622603581382103e-09,1.0,1000,1.0122493834838806,0.0005901182282280001,1.0,0.001,0.0013263784687440688,1.0246488143634964,171.3667818761733,0.0013985202699145476,0.37387145555105117,0.00021532095469398692,0.999784679045306,1.0003900941684836,0.02576337484404375,1.4837705273279585e-05,0.9999852759465461,1.0038519742046488,622.9098716582298,620.5196459884047,690.846703505573,620.5196459884047,vanhateren,,,,,,,,,,,,,,,,,,,,,,,,,,,,,,,,,,,,,,,,,,,,,
coupled_t100,coupled,1.0,10000,100,2.0,0.0,1.0,7.622603581382103e-09,1.0,1000,1.5183740752241055,0.00132776601351,1.9952623149688828,0.001995262314968883,0.0024991113454074314,2.3054598323126574,135.79947659896084,0.0029075764692435523,0.602116636930895,0.00034677247266711933,0.9996532275273329,1.000711259629777,0.04977370756353098,2.8665794277989176e-05,0.9999716387139058,1.0053540446652964,612.1885577150217,608.9283282476197,651.2945032608388,608.9283282476197,vanhateren,,,,,,,,,,,,,,,,,,,,,,,,,,,,,,,,,,,,,,,,,,,,,
coupled_t100,coupled,1.0,10000,100,2.0,0.0,1.0,7.622603581382103e-09,1.0,1000,2.530623458707986,0.00368823892642,4.4668359215096345,0.004466835921509635,0.005291545289407492,6.40405508976317,99.51895725236793,0.007540744784371622,1.1366896946084513,0.0006546450834904344,0.9993453549165096,1.0014118017747753,0.10819210038671115,6.23102566396201e-05,0.999938661932076,1.0078936846047724,594.3042594655197,589.6497503092954,603.4757906627484,589.6497503092954,vanhateren,,,,,,,,,,,,,,,,,,,,,,,,,,,,,,,,,,,,,,,,,,,,,
coupled_t100,coupled,1.0,10000,100,2.0,0.0,1.0,7.622603581382103e-09,1.0,1000,4.166947281934958,0.01,7.943282347242821,0.00794328234724282,0.009099447090883847,17.36344965042513,77.11392156834619,0.01952910389965972,2.1656542492345876,0.0012472488433089468,0.998752751156691,1.002103834047618,0.014168067105567454,8.159707541306783e-06,0.9999917934752142,0.997143479819552,576.2733348941869,577.9241869971131,564.7710430227862,577.9241869971131,vanhateren,25,20.202360666007735,/n/home12/binxuwang/Github/AccentuationPredRMT/tables/vanhateren_feature_interpolation_cases/vanhateren_feature_path_coupled_t100_n1000_trials25_seed20260828.npz,8.58148063659668,0.7337613635678684,0.14675227271357366,8.912508964538574,7.943282127380371,8.912508964538574,0.0012485799130735598,0.00012929181504452733,2.5858363008905466e-05,0.0012315672470967949,0.0011374419252766076,0.0013204403009329008,0.9987514200869265,0.00012929181504451505,2.585836300890301e-05,0.9987684327529032,0.9986795596990671,0.9988625580747234,1.0024112238920864,0.0035315707632311683,0.0007063141526462336,1.002426434337265,1.0010265490046142,1.004593455106103,0.0004144961588904745,0.0005539881992629273,0.00011079763985258546,0.00022380737399760084,2.4190765290367502e-05,0.0005018683589638824,0.9996024838577041,0.000520958463777214,0.00010419169275544279,0.9997730655024756,0.9995198841102821,0.9999760454508178,1.0104231838044357,0.017849293819756074,0.0035698587639512148,1.010433264454042,1.0010113058087904,1.020225321004968
coupled_t100,coupled,1.0,10000,100,2.0,0.0,1.0,7.622603581382103e-09,1.0,1000,5.061246917419402,0.014752955705699998,11.220184543019652,0.011220184543019653,0.012625652323459436,25.616220359087404,65.13576016821501,0.02840959163995608,2.7933712808686733,0.0016087651573316712,0.9983912348426683,1.0028711658958114,0.0219716916076495,1.2653989875284689e-05,0.9999874355586995,1.0035572447027559,562.6060915979695,560.6118580356699,538.5366383517173,560.6118580356699,vanhateren,,,,,,,,,,,,,,,,,,,,,,,,,,,,,,,,,,,,,,,,,,,,,
coupled_t100,coupled,1.0,10000,100,2.0,0.0,1.0,7.622603581382103e-09,1.0,1000,7.217364404772381,0.03,15.848931924611142,0.01584893192461114,0.017546290103582045,52.09034895127538,54.29788324156615,0.05654143763133473,4.451088680059346,0.0025634817790659275,0.997436518220934,1.0034104873721534,0.5248356481542307,0.000302264618333708,0.9996869445955665,0.9826142409330594,546.3033753235534,555.9693240399213,509.319444960872,555.9693240399213,vanhateren,,,,,,,,,,,,,,,,,,,,,,,,,,,,,,,,,,,,,,,,,,,,,
coupled_t100,coupled,1.0,10000,100,2.0,0.0,1.0,7.622603581382103e-09,1.0,1000,10.122493834838805,0.05901182282279999,25.11886431509582,0.02511886431509582,0.02727686759176199,102.46488143634961,41.66947314309411,0.10938993686106364,6.925055424714035,0.003988294701879405,0.9960117052981206,1.0047406428129741,0.8913466620099313,0.0005133465296097469,0.9994625763777141,0.9773428481575961,519.7169436572265,531.7652291997151,464.8547064922737,531.7652291997151,vanhateren,,,,,,,,,,,,,,,,,,,,,,,,,,,,,,,,,,,,,,,,,,,,,
coupled_t100,coupled,1.0,10000,100,2.0,0.0,1.0,7.622603581382103e-09,1.0,1000,13.177044300762265,0.1,35.481338923357605,0.03548133892335761,0.0380408332295913,173.6344965042513,33.579675834874905,0.1833837756989544,9.74927919470307,0.005614828499510964,0.994385171500489,1.0059128734794371,1.486496252462829,0.0008561065239858218,0.999091507538896,0.9707407019225371,495.6483733783769,510.58781443567045,427.1144588278901,510.58781443567045,vanhateren,25,20.202360666007735,/n/home12/binxuwang/Github/AccentuationPredRMT/tables/vanhateren_feature_interpolation_cases/vanhateren_feature_path_coupled_t100_n1000_trials25_seed20260828.npz,36.016384506225585,5.34614355685408,1.0692287113708159,35.48133850097656,31.62277603149414,39.81071853637695,0.005694431993985203,0.0009888895428354807,0.00019777790856709615,0.005717162699252127,0.004945413931538588,0.006073873134291585,0.9943055680060148,0.0009888895428354768,0.00019777790856709537,0.9942828373007478,0.9939261268657085,0.9950545860684614,1.003467761435093,0.011787335927112846,0.002357467185422569,1.0051260805641706,0.9932284680201482,1.0142180939141447,0.004204475715713944,0.006353481379291461,0.0012706962758582924,0.0020553375976801384,0.0005432163904527258,0.005042151074351398,0.9954152307303502,0.007254471873809477,0.0014508943747618954,0.998119074940593,0.9945703371866389,0.999481246579977,0.9786058653867268,0.062473050188520396,0.01249461003770408,0.972109206380709,0.944006357264104,1.0005410321168222
coupled_t100,coupled,1.0,10000,100,2.0,0.0,1.0,7.622603581382103e-09,1.0,1000,15.183740752241055,0.13277660135100003,39.81071705534978,0.039810717055349776,0.042514848949187604,230.54598323126578,31.144310171216457,0.2422193149800423,11.673331748776507,0.00672293350906264,0.9932770664909374,1.0058937402374495,4.707889522971878,0.002711379142828689,0.996982560687935,0.947929095045038,486.7889307190393,513.5288422557712,413.7401263338557,513.5288422557712,vanhateren,,,,,,,,,,,,,,,,,,,,,,,,,,,,,,,,,,,,,,,,,,,,,
coupled_t100,coupled,1.0,10000,100,2.0,0.0,1.0,7.622603581382103e-09,1.0,1000,20.244987669669033,0.236047291291,56.23413251903491,0.05623413251903491,0.05940433355340683,409.8595257450512,24.603098186808907,0.42661575272698654,16.756226981935313,0.00965028684926388,0.9903497131507362,1.006825705958535,9.767011927125651,0.005625041177739998,0.9934258062626787,0.9249997254822357,457.6815172622964,494.7909763148205,371.6126549192152,494.7909763148205,vanhateren,,,,,,,,,,,,,,,,,,,,,,,,,,,,,,,,,,,,,,,,,,,,,
coupled_t100,coupled,1.0,10000,100,2.0,0.0,1.0,7.622603581382103e-09,1.0,1000,22.82331022250615,0.3,63.09573444801943,0.06309573444801943,0.06643184483784266,520.9034895127538,22.670595971146092,0.5403293584899342,19.425868977180407,0.011187793536582625,0.9888122064634174,1.0067705317371551,16.073443273562596,0.009257056401329244,0.9886670935460004,0.9037864022015119,447.1572428701744,494.75987001016466,357.03869684110447,494.75987001016466,vanhateren,,,,,,,,,,,,,,,,,,,,,,,,,,,,,,,,,,,,,,,,,,,,,
coupled_t100,coupled,1.0,10000,100,2.0,0.0,1.0,7.622603581382103e-09,1.0,1000,30.3674815045107,0.5311064054050001,89.12509381337459,0.08912509381337459,0.09298953901644612,922.1839329267995,17.57662856834985,0.9495722298138692,27.388296887069846,0.015773534314017647,0.9842264656859824,1.0073417861738099,28.647919738219606,0.016498979358930667,0.9782794497428405,0.8715516471147619,413.3319218746326,474.2483400071034,312.45995406752104,474.2483400071034,vanhateren,,,,,,,,,,,,,,,,,,,,,,,,,,,,,,,,,,,,,,,,,,,,,
coupled_t100,coupled,1.0,10000,100,2.0,0.0,1.0,7.622603581382103e-09,1.0,1000,41.66947281934957,1.0,141.25375446227554,0.14125375446227553,0.14589045719815708,1736.3449650425127,12.28584452383746,1.7757922918575877,39.447326815074916,0.02271860005313465,0.9772813999468654,1.009087096068591,32.8940208157012,0.01894440418116789,0.974525691369811,0.8623613274505748,363.9997225951779,422.0965284601542,253.35268082664524,422.0965284601542,vanhateren,25,20.202360666007735,/n/home12/binxuwang/Github/AccentuationPredRMT/tables/vanhateren_feature_interpolation_cases/vanhateren_feature_path_coupled_t100_n1000_trials25_seed20260828.npz,146.5977346801758,41.32988242529059,8.265976485058118,141.25375366210938,125.89253997802734,177.82794189453125,0.02445263637479552,0.00561208131442355,0.00112241626288471,0.024999728975441664,0.021244112542013187,0.0274970529866264,0.9755473636252046,0.005612081314423554,0.0011224162628847107,0.9750002710245583,0.9725029470133736,0.9787558874579868,1.016767485709574,0.02659101282703492,0.005318202565406984,1.0100312570064491,1.0017883874267137,1.0275113545739791,0.042950112013192626,0.04793210954936536,0.009586421909873072,0.027073347468651334,0.016623311090292005,0.05608553454521147,0.9111332401437048,0.14853766738868962,0.029707533477737923,0.9672983126549236,0.9037055447704254,0.9784052962722875,0.8674047130183996,0.16255961048777506,0.03251192209755501,0.8468575935915718,0.7631761529211818,0.9584186006836601
coupled_t100,coupled,1.0,10000,100,2.0,0.0,1.0,7.622603581382103e-09,1.0,1000,50.612469174194025,1.47529557057,177.82794100389228,0.17782794100389226,0.1828780666019508,2561.6220359087406,10.205341303628591,2.6105152403255723,48.89320441683161,0.028158692771994478,0.9718413072280055,1.0087573563106684,50.12797846193274,0.028869826832311173,0.9581018252046807,0.8300887677864963,338.1868023752495,407.4104065726054,225.09230121597867,407.4104065726054,vanhateren,,,,,,,,,,,,,,,,,,,,,,,,,,,,,,,,,,,,,,,,,,,,,
coupled_t100,coupled,1.0,10000,100,2.0,0.0,1.0,7.622603581382103e-09,1.0,1000,72.17364404772381,3.0000000000000004,281.83829312644605,0.28183829312644604,0.2877670515373829,5209.034895127539,6.983396445829384,5.280043959456669,71.00906432912959,0.04089571240665935,0.9591042875933407,1.0079526156883056,83.29015677595912,0.04796866892974798,0.921354283794401,0.7809824917278347,286.0817707513425,366.3100950168796,173.43566243786907,366.3100950168796,vanhateren,,,,,,,,,,,,,,,,,,,,,,,,,,,,,,,,,,,,,,,,,,,,,
coupled_t100,coupled,1.0,10000,100,2.0,0.0,1.0,7.622603581382103e-09,1.0,1000,91.10244451348444,4.77995764864,398.1071705534969,0.3981071705534969,0.4047400845034152,8299.655396332511,5.239119845416662,8.389050844646714,89.3954483142045,0.051484843227575884,0.9485151567724242,1.0079177369756234,95.57587555477741,0.05504428986116669,0.906037924452133,0.7653848047095698,248.09075280563673,324.1385918286898,140.30752239967632,324.1385918286898,vanhateren,,,,,,,,,,,,,,,,,,,,,,,,,,,,,,,,,,,,,,,,,,,,,
coupled_t100,coupled,1.0,10000,100,2.0,0.0,1.0,7.622603581382103e-09,1.0,1000,131.77044300762265,10.0,707.9457843841374,0.7079457843841374,0.7158474595247197,17363.44965042513,3.268946213569461,17.488905860471128,125.4562100459953,0.07225304451118884,0.9277469554888111,1.0080417568823394,111.1140894313839,0.06399309565116479,0.8853285334439519,0.7470314334721312,190.3343395703429,254.7875913141793,97.6739017518798,254.7875913141793,vanhateren,25,20.202360666007735,/n/home12/binxuwang/Github/AccentuationPredRMT/tables/vanhateren_feature_interpolation_cases/vanhateren_feature_path_coupled_t100_n1000_trials25_seed20260828.npz,1175.4933715820312,956.9380992626583,191.38761985253166,794.3282470703125,501.1872253417969,1778.2794189453125,0.08027363951491669,0.03431424888300546,0.0068628497766010915,0.07012475049467366,0.05710605293959513,0.08784259925440921,0.9197263604850834,0.034314248883005466,0.006862849776601093,0.9298752495053263,0.9121574007455908,0.9428939470604049,1.070911956457616,0.1494656925372471,0.02989313850744942,1.05847530064773,0.9828365242690904,1.1220701680643337,0.1666132607820003,0.1831766425825353,0.03663532851650706,0.13108493145724606,0.0070794546389942245,0.23325336854789777,0.2064795584715975,1.8765781737018115,0.3753156347403623,0.896550863640465,0.503305324014254,0.9931018959735188,0.9364048301805488,0.4115125999964889,0.08230251999929779,1.0149278619743864,0.5865908767529864,1.1179168847671925
hard_top100,hard,1.0,100,100,inf,0.0,1.0,0.0,0.9995786931893617,1000,0.0,0.0,0.39810717055349776,0.00039810717055349773,0.0004418632150719859,0.7315339593899353,98.06503865845669,0.00081189220972958,0.81189220972958,0.0004675869289082781,0.9995324130710918,1.000105171545609,4.094026121984567e-05,2.3578414453399406e-08,0.9999999764143428,0.9998464473560846,594.8640926053544,594.9554495876504,593.189344898888,594.9554495876504,vanhateren,,,,,,,,,,,,,,,,,,,,,,,,,,,,,,,,,,,,,,,,,,,,,
hard_top100,hard,1.0,100,100,inf,0.0,1.0,0.0,0.9995786931893617,1000,0.005061246917419403,1.47529557057e-08,0.39810717055349776,0.00039810717055349773,0.0004418632150719859,0.7315595756102944,98.06503865845669,0.0008119206111348443,0.8118949949144851,0.0004675885329587181,0.9995324114670413,1.000105169940302,4.0995644264166155e-05,2.3610310790495722e-08,0.9999999763824318,0.9998463435299426,594.8640926053544,594.9555113690725,593.189344898888,594.9555113690725,vanhateren,,,,,,,,,,,,,,,,,,,,,,,,,,,,,,,,,,,,,,,,,,,,,
hard_top100,hard,1.0,100,100,inf,0.0,1.0,0.0,0.9995786931893617,1000,0.015183740752241055,1.32776601351e-07,0.39810717055349776,0.00039810717055349773,0.0004418632150719859,0.7317645053731665,98.06503865845669,0.0008121478223769579,0.8119172763937267,0.0004676013653622382,0.9995323986346377,1.0001051570978448,4.1440055864391004e-05,2.3866257396252123e-08,0.9999999761263668,0.9998455129215881,594.8640926053544,594.9560056204463,593.189344898888,594.9560056204463,vanhateren,,,,,,,,,,,,,,,,,,,,,,,,,,,,,,,,,,,,,,,,,,,,,
hard_top100,hard,1.0,100,100,inf,0.0,1.0,0.0,0.9995786931893617,1000,0.05061246917419403,1.4752955705700001e-06,0.39810717055349776,0.00039810717055349773,0.0004418632150719859,0.734095581425844,98.06503865845669,0.0008147323502560083,0.8121707282200996,0.0004677473339522797,0.9995322526660477,1.0001050110149154,4.666380878439559e-05,2.687473383680591e-08,0.9999999731164526,0.9998360648486846,594.8640926053544,594.9616277298231,593.189344898888,594.9616277298231,vanhateren,,,,,,,,,,,,,,,,,,,,,,,,,,,,,,,,,,,,,,,,,,,,,
hard_top100,hard,1.0,100,100,inf,0.0,1.0,0.0,0.9995786931893617,1000,0.15183740752241054,1.3277660135099999e-05,0.4466835921509635,0.0004466835921509635,0.000495714331485908,0.7545885577130619,97.83432397749495,0.0008374498403376372,0.8143952420145106,0.0004690284813274826,0.9995309715186725,1.0001221367361435,1.7671938280862688e-05,1.0177665519610619e-08,0.9999999898243878,1.0001008844166341,594.6601432982974,594.6001574082867,592.7841764944043,594.6001574082867,vanhateren,,,,,,,,,,,,,,,,,,,,,,,,,,,,,,,,,,,,,,,,,,,,,
hard_top100,hard,1.0,100,100,inf,0.0,1.0,0.0,0.9995786931893617,1000,0.25306234587079857,3.688238926419999e-05,0.4466835921509635,0.0004466835921509635,0.000495714331485908,0.795574510287567,97.83432397749495,0.0008828804676202061,0.8188399167225744,0.0004715882691562537,0.9995284117308437,1.0001195748152514,7.288096828756101e-06,4.1973783870635745e-09,0.9999999958020777,0.9999352128223561,594.6601432982974,594.6986721468144,592.7841764944043,594.6986721468144,vanhateren,,,,,,,,,,,,,,,,,,,,,,,,,,,,,,,,,,,,,,,,,,,,,
hard_top100,hard,1.0,100,100,inf,0.0,1.0,0.0,0.9995786931893617,1000,0.3542872842192847,7.22894829579e-05,0.5011872336272725,0.0005011872336272724,0.0005561199295079425,0.8570534391494115,97.57681565450308,0.0009510192465789904,0.8254997668195142,0.00047542382616308195,0.9995245761738369,1.0001363707347732,1.0371451700565755e-05,5.973151596815222e-09,0.9999999940277716,1.0000772861669176,594.4317427760918,594.3858049755551,592.3307971701861,594.3858049755551,vanhateren,,,,,,,,,,,,,,,,,,,,,,,,,,,,,,,,,,,,,,,,,,,,,
hard_top100,hard,1.0,100,100,inf,0.0,1.0,0.0,0.9995786931893617,1000,0.5061246917419403,0.00014752955705700003,0.5623413251903491,0.0005623413251903491,0.0006238756700241073,0.9876961629808094,97.2895812015225,0.001095770845507718,0.8396086419168437,0.0004835494436995627,0.9995164505563005,1.0001513661597328,1.8328680766601198e-07,1.0555898243499349e-10,0.9999999998944389,0.9999897258098891,594.1760171041772,594.1821218442575,591.8236319333183,594.1821218442575,vanhateren,,,,,,,,,,,,,,,,,,,,,,,,,,,,,,,,,,,,,,,,,,,,,
hard_top100,hard,1.0,100,100,inf,0.0,1.0,0.0,0.9995786931893617,1000,0.7591870376126245,0.000331941503378,0.7079457843841388,0.0007079457843841388,0.0007851120631729341,1.3078989174689677,96.6128069224011,0.0014503333211702807,0.8739683630912485,0.0005033379775831873,0.9994966620224168,1.0001865227593234,0.00010467798191272001,6.028639701221875e-08,0.9999999396839875,0.9997544671162304,593.5694443877292,593.7152209980787,590.6225649822416,593.7152209980787,vanhateren,,,,,,,,,,,,,,,,,,,,,,,,,,,,,,,,,,,,,,,,,,,,,
hard_top100,hard,1.0,100,100,inf,0.0,1.0,0.0,0.9995786931893617,1000,1.0122493834838806,0.0005901182282280001,1.0,0.001,0.0011081614899462959,1.7561827737534317,95.28476513357752,0.001946193169154025,0.9215443547905287,0.0005307380580148516,0.9994692619419852,1.0002689105257259,1.1443497919071898e-05,6.590567052896494e-09,0.9999999934105029,1.0000811823075115,592.3623711743178,592.3142857338298,588.2403759465277,592.3142857338298,vanhateren,,,,,,,,,,,,,,,,,,,,,,,,,,,,,,,,,,,,,,,,,,,,,
hard_top100,hard,1.0,100,100,inf,0.0,1.0,0.0,0.9995786931893617,1000,1.5183740752241055,0.00132776601351,1.584893192461114,0.001584893192461114,0.0017537386073262185,3.0369937917025926,92.73722986678757,0.0033598129146940607,1.0543530823814034,0.0006072255822480463,0.999392774417752,1.0004105595186579,0.0006948988602112489,4.002078355404653e-07,0.9999995992853248,0.9993673801808823,589.9822692473379,590.3557399887846,583.573457600533,590.3557399887846,vanhateren,,,,,,,,,,,,,,,,,,,,,,,,,,,,,,,,,,,,,,,,,,,,,
hard_top100,hard,1.0,100,100,inf,0.0,1.0,0.0,0.9995786931893617,1000,2.530623458707986,0.00368823892642,3.5481338923357604,0.00354813389233576,0.003908376244640954,7.135589049153105,85.13950759532143,0.007857340673941492,1.4532855841783217,0.0008369797554270786,0.9991630202445729,1.0008974588928332,0.0020474968080142013,1.1791993234271107e-06,0.9999988182354916,0.9989140905546837,582.3277441126105,582.9607867371774,568.8230287278803,582.9607867371774,vanhateren,,,,,,,,,,,,,,,,,,,,,,,,,,,,,,,,,,,,,,,,,,,,,
hard_top100,hard,1.0,100,100,inf,0.0,1.0,0.0,0.9995786931893617,1000,4.166947281934958,0.01,7.943282347242821,0.00794328234724282,0.008676603227174267,18.094983609815067,72.07052636365466,0.019751441779963814,2.3879921295386843,0.0013752982141312091,0.9986247017858688,1.0018877717132035,0.011841356193286738,6.81970255432325e-06,0.9999931445387267,0.997388543978099,566.7495572673804,568.2334739948901,539.9001833215874,568.2334739948901,vanhateren,25,7.900708623987157,/n/home12/binxuwang/Github/AccentuationPredRMT/tables/vanhateren_feature_interpolation_cases/vanhateren_feature_path_hard_top100_n1000_trials25_seed20260828.npz,7.842556629180908,0.8512856309823792,0.17025712619647584,7.943282127380371,7.079457759857178,8.912508964538574,0.0013699741561958223,0.0001742114825104079,3.484229650208158e-05,0.0013777868138538669,0.0012620982344921734,0.001457463764484883,0.9986300258438042,0.0001742114825104065,3.48422965020813e-05,0.9986222131861461,0.9985425362355151,0.9987379017655078,1.0015155884643026,0.003917853547738371,0.0007835707095476742,1.001144614540612,0.9989059019473456,1.0048438860554796,0.0003288993824863948,0.00035446584536398155,7.08931690727963e-05,0.00023975685601980757,0.00010531980394066626,0.00040677354609711005,0.9996744753326613,0.000336706220882117,6.73412441764234e-05,0.999767499017162,0.9995763082376146,0.9998924847598343,1.002070199480191,0.018388562358802103,0.0036777124717604207,1.0052332592102122,0.9834429413398879,1.0153109706820531
hard_top100,hard,1.0,100,100,inf,0.0,1.0,0.0,0.9995786931893617,1000,5.061246917419402,0.014752955705699998,10.0,0.01,0.010887227333257483,26.34775431847734,67.28168031081721,0.028623864405851907,3.0076440467645016,0.001732169647919509,0.9982678303520804,1.0022144442419658,0.14645851672083177,8.434874386683056e-05,0.9999140803033467,0.9908158427786307,560.0658419937288,565.2572534802105,527.8952642663817,565.2572534802105,vanhateren,,,,,,,,,,,,,,,,,,,,,,,,,,,,,,,,,,,,,,,,,,,,,
hard_top100,hard,1.0,100,100,inf,0.0,1.0,0.0,0.9995786931893617,1000,7.217364404772381,0.03,15.848931924611142,0.01584893192461114,0.017120564164697802,52.821882910665316,56.66374627794146,0.05681107549045699,4.720726539181609,0.002718772268312493,0.9972812277316875,1.0030809352114334,1.017097290268134,0.000585769136171182,0.9993848128823786,0.9757973320443555,542.7123889149741,556.1732657927628,497.7334848896444,556.1732657927628,vanhateren,,,,,,,,,,,,,,,,,,,,,,,,,,,,,,,,,,,,,,,,,,,,,
hard_top100,hard,1.0,100,100,inf,0.0,1.0,0.0,0.9995786931893617,1000,10.122493834838805,0.05901182282279999,25.11886431509582,0.02511886431509582,0.026884912947307795,103.19641539573955,45.43187345880291,0.10980769830748,7.342816871130381,0.0042288928864723605,0.9957711071135277,1.0042832027049369,2.9689345934111695,0.0017098760057385706,0.998139434125919,0.9586493530191054,519.0289628337583,541.4169020186199,458.6786295218152,541.4169020186199,vanhateren,,,,,,,,,,,,,,,,,,,,,,,,,,,,,,,,,,,,,,,,,,,,,
hard_top100,hard,1.0,100,100,inf,0.0,1.0,0.0,0.9995786931893617,1000,13.177044300762265,0.1,35.481338923357605,0.03548133892335761,0.03769127046708999,174.36603046364124,37.260415740309085,0.18396974070687017,10.335244202618838,0.0059522988868550035,0.994047701113145,1.0053349981538557,6.1364748364406685,0.003534133458491886,0.9960049901250864,0.9405514217285906,496.5275481848808,527.911113325775,423.59497820812004,527.911113325775,vanhateren,25,7.900708623987157,/n/home12/binxuwang/Github/AccentuationPredRMT/tables/vanhateren_feature_interpolation_cases/vanhateren_feature_path_hard_top100_n1000_trials25_seed20260828.npz,36.85769073486328,5.568031158908115,1.1136062317816229,35.48133850097656,35.48133850097656,39.81071853637695,0.006139898594736645,0.001120583491570517,0.0002241166983141034,0.006062016612284595,0.00537345829898437,0.007029075985748507,0.9938601014052633,0.0011205834915705213,0.00022411669831410428,0.9939379833877154,0.9929709240142515,0.9946265417010156,1.004821927962624,0.009040238870344766,0.0018080477740689532,1.007773898862735,0.9995304286144436,1.0100316611277782,0.005908179221508983,0.006490076862032254,0.0012980153724064507,0.0035754717381028867,0.0013752938570516626,0.007923173075522849,0.9928901138420891,0.00875339722918486,0.001750679445836972,0.995955279965229,0.9904841542323674,0.9985167322366931,0.9549397227735673,0.0635556730829522,0.012711134616590439,0.9479907387876352,0.9324748120250042,0.9831886061358827
hard_top100,hard,1.0,100,100,inf,0.0,1.0,0.0,0.9995786931893617,1000,15.183740752241055,0.13277660135100003,44.668359215096345,0.04466835921509635,0.04720745246678848,231.27751719065571,32.168861137885386,0.2429354725323607,12.389489301094915,0.0071353847020782365,0.9928646152979218,1.0064403157382578,5.9666845742989985,0.0034363474392618233,0.9961223601336475,0.9413796328972445,479.1527415923762,508.98991740208777,397.7461487869596,508.98991740208777,vanhateren,,,,,,,,,,,,,,,,,,,,,,,,,,,,,,,,,,,,,,,,,,,,,
hard_top100,hard,1.0,100,100,inf,0.0,1.0,0.0,0.9995786931893617,1000,20.244987669669033,0.236047291291,63.09573444801943,0.06309573444801943,0.06617451169016426,410.59105970444114,25.291898551403612,0.4275935418610477,17.734016115996486,0.010213417536855809,0.9897865824631442,1.0075295447559167,13.62325352597383,0.007845937184285426,0.9905549308894065,0.9114227050295313,449.5818778718383,493.27482779493766,356.07412818728255,493.27482779493766,vanhateren,,,,,,,,,,,,,,,,,,,,,,,,,,,,,,,,,,,,,,,,,,,,,
hard_top100,hard,1.0,100,100,inf,0.0,1.0,0.0,0.9995786931893617,1000,22.82331022250615,0.3,70.79457843841388,0.07079457843841389,0.07406454454642644,521.6350234721438,23.23038462046195,0.5414123908703438,20.508901357590048,0.011811536169650428,0.9881884638303495,1.0075278584700544,22.033332665966928,0.01268949034296734,0.9838841966181044,0.8873523620178064,438.83824354202517,494.54789588222116,341.6237212075926,494.54789588222116,vanhateren,,,,,,,,,,,,,,,,,,,,,,,,,,,,,,,,,,,,,,,,,,,,,
hard_top100,hard,1.0,100,100,inf,0.0,1.0,0.0,0.9995786931893617,1000,30.3674815045107,0.5311064054050001,100.0,0.1,0.10387384855828549,922.9154668861894,17.77717183278747,0.9509115818464738,28.72764891967442,0.016544897182324048,0.9834551028176759,1.008333038046281,39.57549946679462,0.02279241755731739,0.9683811598161255,0.8490284213591267,404.264316277074,476.14933270423,297.4848282157621,476.14933270423,vanhateren,,,,,,,,,,,,,,,,,,,,,,,,,,,,,,,,,,,,,,,,,,,,,
hard_top100,hard,1.0,100,100,inf,0.0,1.0,0.0,0.9995786931893617,1000,41.66947281934957,1.0,158.48931924611173,0.15848931924611173,0.1632301854501351,1737.0764990019027,12.160684456027255,1.777398868075522,41.05390303300911,0.02364386332182784,0.9763561366781721,1.0105154330809294,46.46183895547666,0.02675841488349585,0.9617517507763891,0.8364200046353594,353.99028419234844,423.22072909610995,239.37923823376983,423.22072909610995,vanhateren,25,7.900708623987157,/n/home12/binxuwang/Github/AccentuationPredRMT/tables/vanhateren_feature_interpolation_cases/vanhateren_feature_path_hard_top100_n1000_trials25_seed20260828.npz,164.8467922973633,43.1645447141303,8.63290894282606,158.48931884765625,141.25375366210938,199.52622985839844,0.024739744587162136,0.005752739571023418,0.0011505479142046838,0.023768242303856796,0.02009456405211635,0.02928629199206156,0.9752602554128379,0.005752739571023412,0.0011505479142046825,0.9762317576961432,0.9707137080079384,0.9799054359478836,1.017925603652968,0.03628220856222254,0.0072564417124445085,1.014527651338747,0.9944361406419452,1.0496833892598967,0.04827706567174462,0.04449095090518695,0.00889819018103739,0.03899525544694028,0.017183694682213365,0.06537760876198022,0.905025589103464,0.12770118996264707,0.025540237992529413,0.946173406007554,0.8819891726780378,0.9813631062352542,0.8511601370573765,0.16496136186166718,0.03299227237233344,0.811684628515402,0.7443095450315358,0.9144608230743833
hard_top100,hard,1.0,100,100,inf,0.0,1.0,0.0,0.9995786931893617,1000,50.612469174194025,1.47529557057,199.52623149688827,0.19952623149688828,0.204723602559064,2562.3535698681308,9.990355535574281,2.6121954659561704,50.573430047429355,0.029126372388905516,0.9708736276110945,1.0104619468976888,67.44364943460714,0.03884231002043759,0.9397488426507048,0.802915474934135,327.8414771338258,408.31381056731954,211.8551699474253,408.31381056731954,vanhateren,,,,,,,,,,,,,,,,,,,,,,,,,,,,,,,,,,,,,,,,,,,,,
hard_top100,hard,1.0,100,100,inf,0.0,1.0,0.0,0.9995786931893617,1000,72.17364404772381,3.0000000000000004,316.2277660168379,0.3162277660168379,0.3223799030021976,5209.766429086929,6.700148645767349,5.2817050816950974,72.67018656755786,0.04185238995165837,0.9581476100483416,1.0103546998555701,104.40808095037987,0.06013095499592936,0.894451299437592,0.7547838606536483,275.50100152978064,365.0064818439477,162.12407226922173,365.0064818439477,vanhateren,,,,,,,,,,,,,,,,,,,,,,,,,,,,,,,,,,,,,,,,,,,,,
hard_top100,hard,1.0,100,100,inf,0.0,1.0,0.0,0.9995786931893617,1000,91.10244451348444,4.77995764864,446.6835921509635,0.4466835921509635,0.45358875175390967,8300.386930291901,4.9662566401576385,8.390604077569265,90.9486812367527,0.052379384896322094,0.9476206151036779,1.0109518817407466,115.64910379981698,0.06660491211605836,0.8789983608431697,0.7419207251326477,237.7728345662017,320.48280430997585,130.74360627409553,320.48280430997585,vanhateren,,,,,,,,,,,,,,,,,,,,,,,,,,,,,,,,,,,,,,,,,,,,,
hard_top100,hard,1.0,100,100,inf,0.0,1.0,0.0,0.9995786931893617,1000,131.77044300762265,10.0,794.3282347242822,0.7943282347242822,0.8025727093097116,17364.18118438452,3.059484854106831,17.489961534588986,126.51188416385648,0.0728610309073917,0.9271389690926083,1.012529550990853,126.8779454295688,0.07307185379862711,0.8627592979206081,0.7296819395626198,181.23932762497597,248.38127106943747,91.19131458869974,248.38127106943747,vanhateren,25,7.900708623987157,/n/home12/binxuwang/Github/AccentuationPredRMT/tables/vanhateren_feature_interpolation_cases/vanhateren_feature_path_hard_top100_n1000_trials25_seed20260828.npz,983.2268231201172,709.3658655471264,141.8731731094253,794.3282470703125,398.107177734375,1412.53759765625,0.08928554934827321,0.03641546109617085,0.0072830922192341704,0.07539225608549299,0.06881017882322077,0.10142367543808378,0.9107144506517268,0.03641546109617086,0.007283092219234172,0.9246077439145071,0.8985763245619163,0.9311898211767793,1.020361470492922,0.09809077111389652,0.019618154222779304,1.0113185941741962,0.9684988707463338,1.1011566455587727,0.22209498440542103,0.203980722940351,0.040796144588070196,0.18600824819305414,0.02534541995716947,0.3289766200489633,-1.391815496289183,5.049476310588669,1.0098952621177337,0.7064204277061226,-0.8043770365792988,0.9811382966046542,0.7499802300900933,0.4077186262449907,0.08154372524899814,0.648580002789106,0.42675387990704094,1.0719366700176043
power_t000,power,0.0,10000,100,0.0,1.0,0.0,15601761.081042025,1.0,1000,0.0,0.0,7.943282347242822e-06,7.943282347242822e-09,9.000000008825875,0.0,99.99999982348247,1.562710468538261,1562.7104685382612,0.8999999999999999,0.10000000000000009,1.0000000008825878,1736.3214317362779,0.9999864466412443,-21774956376.46428,6.776702339749992e-06,69.20001501268243,10211458.544781735,17.363449619775594,10211458.544781735,vanhateren,,,,,,,,,,,,,,,,,,,,,,,,,,,,,,,,,,,,,,,,,,,,,
power_t000,power,0.0,10000,100,0.0,1.0,0.0,15601761.081042025,1.0,1000,0.005061246917419403,1.47529557057e-08,7.943282347242822e-06,7.943282347242822e-09,9.000000008825875,2.5616220359087406e-05,99.99999982348247,1.5627104970007282,1562.7104713845079,0.9000000016392171,0.09999999836078288,0.9999999844904149,1736.3214317367065,0.9999864466414912,-21774957169.666576,6.776702216322436e-06,69.20001501268243,10211458.73076827,17.363449619775594,10211458.73076827,vanhateren,,,,,,,,,,,,,,,,,,,,,,,,,,,,,,,,,,,,,,,,,,,,,
power_t000,power,0.0,10000,100,0.0,1.0,0.0,15601761.081042025,1.0,1000,0.015183740752241055,1.32776601351e-07,0.001584893192461114,1.584893192461114e-06,9.000001760992403,0.00023054598323126577,99.99996478016124,1.562710724700461,1562.7104941544774,0.9000000147529531,0.0999999852470469,1.0000000285696815,1736.3214317360118,0.999986446641091,-21774955884.563213,6.776702416293074e-06,69.20000288768956,10211456.640225716,17.363443535046162,10211456.640225716,vanhateren,,,,,,,,,,,,,,,,,,,,,,,,,,,,,,,,,,,,,,,,,,,,,
power_t000,power,0.0,10000,100,0.0,1.0,0.0,15601761.081042025,1.0,1000,0.05061246917419403,1.4752955705700001e-06,0.014125375446227554,1.4125375446227553e-05,9.000015694858869,0.0025616220359087408,99.99968610356161,1.5627133147844503,1562.7107531624142,0.9000001639214318,0.09999983607856822,0.9999999302689987,1736.3214317422255,0.9999864466446697,-21774967383.663002,6.7767006269572245e-06,69.1999064654809,10211445.107993804,17.36339514717509,10211445.107993804,vanhateren,,,,,,,,,,,,,,,,,,,,,,,,,,,,,,,,,,,,,,,,,,,,,
power_t000,power,0.0,10000,100,0.0,1.0,0.0,15601761.081042025,1.0,1000,0.15183740752241054,1.3277660135099999e-05,0.12589254117941687,0.00012589254117941688,9.000139880383905,0.023054598323126573,99.99720245102034,1.5627360847167435,1562.7130301184209,0.9000014752714529,0.09999852472854709,0.9999992351180873,1736.3214317928737,0.9999864466738391,-21775061112.474167,6.776686042188226e-06,69.19904711482985,10211340.275177501,17.362963899416602,10211340.275177501,vanhateren,,,,,,,,,,,,,,,,,,,,,,,,,,,,,,,,,,,,,,,,,,,,,
power_t000,power,0.0,10000,100,0.0,1.0,0.0,15601761.081042025,1.0,1000,0.25306234587079857,3.688238926419999e-05,0.354813389233576,0.000354813389233576,9.000394235372305,0.06404055089763168,99.99211575879399,1.5627816243824082,1562.7175838315104,0.9000040978569306,0.09999590214306942,0.9999984433548269,1736.3214318800808,0.9999864467240637,-21775222498.68429,6.776660929740062e-06,69.19728707193437,10211118.394348916,17.362080674173,10211118.394348916,vanhateren,,,,,,,,,,,,,,,,,,,,,,,,,,,,,,,,,,,,,,,,,,,,,
power_t000,power,0.0,10000,100,0.0,1.0,0.0,15601761.081042025,1.0,1000,0.3542872842192847,7.22894829579e-05,0.7079457843841388,0.0007079457843841388,9.000786599552754,0.1255194797594762,99.9842698649668,1.562849933382855,1562.724413903095,0.9000080314483091,0.0999919685516909,0.9999983391574088,1736.3214319853862,0.9999864467847114,-21775417380.215206,6.776630605635623e-06,69.19457223180045,10210763.469128218,17.360718356348706,10210763.469128218,vanhateren,,,,,,,,,,,,,,,,,,,,,,,,,,,,,,,,,,,,,,,,,,,,,
power_t000,power,0.0,10000,100,0.0,1.0,0.0,15601761.081042025,1.0,1000,0.5061246917419403,0.00014752955705700003,1.4125375446227555,0.0014125375446227555,9.001569458796027,0.2561622035908741,99.96861821213615,1.562995088035313,1562.738925831722,0.9000163891934112,0.0999836108065888,0.9999930282719309,1736.321432328897,0.9999864469825469,-21776053109.598995,6.776531687217622e-06,69.18915612079114,10210113.27244299,17.35800068948998,10210113.27244299,vanhateren,,,,,,,,,,,,,,,,,,,,,,,,,,,,,,,,,,,,,,,,,,,,,
power_t000,power,0.0,10000,100,0.0,1.0,0.0,15601761.081042025,1.0,1000,0.7591870376126245,0.000331941503378,3.1622776601683795,0.0031622776601683794,9.003513504728394,0.5763649580790325,99.9297669222369,1.5633508478737035,1562.7744829156238,0.9000368673153384,0.09996313268466162,0.9999825480905405,1736.321433110942,0.9999864474329442,-21777500531.274593,6.776306487008074e-06,69.17571015528543,10208468.328271912,17.351254765329784,10208468.328271912,vanhateren,,,,,,,,,,,,,,,,,,,,,,,,,,,,,,,,,,,,,,,,,,,,,
power_t000,power,0.0,10000,100,0.0,1.0,0.0,15601761.081042025,1.0,1000,1.0122493834838806,0.0005901182282280001,5.62341325190349,0.00562341325190349,9.006247803494613,1.0246488143634964,99.87516093777609,1.5638488845263447,1562.8242357119816,0.900065521066384,0.09993447893361596,0.9999691612739297,1736.3214341750881,0.9999864480458098,-21779470301.59075,6.7760000521280856e-06,69.15680725955025,10206140.308076106,17.341773282711806,10206140.308076106,vanhateren,,,,,,,,,,,,,,,,,,,,,,,,,,,,,,,,,,,,,,,,,,,,,
power_t000,power,0.0,10000,100,0.0,1.0,0.0,15601761.081042025,1.0,1000,1.5183740752241055,0.00132776601351,12.589254117941687,0.012589254117941687,9.013985889776336,2.3054598323126574,99.72086792743703,1.5652716725471985,1562.966212714886,0.9001472888059535,0.09985271119404648,0.99992364678335,1736.3214373834826,0.9999864498935961,-21785410765.22548,6.775076152780981e-06,69.10336786514395,10199644.447801363,17.314982693547464,10199644.447801363,vanhateren,,,,,,,,,,,,,,,,,,,,,,,,,,,,,,,,,,,,,,,,,,,,,
power_t000,power,0.0,10000,100,0.0,1.0,0.0,15601761.081042025,1.0,1000,2.530623458707986,0.00368823892642,35.481338923357605,0.03548133892335761,9.039406523484004,6.40405508976317,99.21650379525478,1.5698228660413955,1563.4188109516326,0.9004079502792545,0.09959204972074553,0.999845097652052,1736.3214460421273,0.9999864548803038,-21801454709.97061,6.772582782083016e-06,68.92839224299367,10177563.635743946,17.2274076814012,10177563.635743946,vanhateren,,,,,,,,,,,,,,,,,,,,,,,,,,,,,,,,,,,,,,,,,,,,,
power_t000,power,0.0,10000,100,0.0,1.0,0.0,15601761.081042025,1.0,1000,4.166947281934958,0.01,100.0,0.1,9.110975772792461,17.36344965042513,97.81689220034279,1.5819796909712545,1564.6162413208292,0.9010975772792482,0.09890242272075178,0.999999999999998,1736.3214604006303,0.9999864631496876,-21828099238.504414,6.7684480621407535e-06,68.4404914310716,10111696.330196107,16.984386826817147,10111696.330196107,vanhateren,25,24.104794874001527,/n/home12/binxuwang/Github/AccentuationPredRMT/tables/vanhateren_feature_interpolation_cases/vanhateren_feature_path_power_t000_n1000_trials25_seed20260828.npz,433.1640344455789,986.9986579268461,197.39973158536924,9.999999974752427e-07,9.999999974752427e-07,112.20184326171875,0.9033856759468702,0.004391409184362388,0.0008782818368724776,0.9027489779600028,0.9003992397819168,0.9057342555310184,0.09661432405312986,0.004391409184362388,0.0008782818368724776,0.09725102203999725,0.09426574446898162,0.09960076021808317,1.0354226935366173,0.10494307042708254,0.020988614085416506,0.9900669228085409,0.9875239440118154,1.0034175519312587,0.9999849774683376,2.6807498260523758e-05,5.361499652104752e-06,0.9999816224887936,0.9999707805484117,1.0000073312116335,-57403153855.73629,214259523203.38156,42851904640.676315,-9873756243.138395,-18759424793.071762,-3884677163.143066,7.51138027980711e-06,1.3403837380063961e-05,2.6807674760127923e-06,9.188797820196803e-06,-3.6655990984070896e-06,1.460983251777413e-05
power_t000,power,0.0,10000,100,0.0,1.0,0.0,15601761.081042025,1.0,1000,5.061246917419402,0.014752955705699998,141.25375446227554,0.14125375446227553,9.156680061106123,25.616220359087404,96.93853576489659,1.5911222005620511,1565.5059802029639,0.901609997852376,0.09839000214762395,0.9993162408714026,1736.3214898202368,0.9999864800930987,-21882844876.83879,6.759976299256286e-06,68.13251442147052,10078809.659283312,16.831873849397166,10078809.659283312,vanhateren,,,,,,,,,,,,,,,,,,,,,,,,,,,,,,,,,,,,,,,,,,,,,
power_t000,power,0.0,10000,100,0.0,1.0,0.0,15601761.081042025,1.0,1000,7.217364404772381,0.03,316.2277660168379,0.3162277660168379,9.350048741155176,52.09034895127538,93.3501908082636,1.6203831903449102,1568.2928413936347,0.9032150137027849,0.0967849862972151,1.0017323213358258,1736.3214748732426,0.9999864714847896,-21855004974.74407,6.764280482910495e-06,66.85960308437546,9884215.069628146,16.208813379568635,9884215.069628146,vanhateren,,,,,,,,,,,,,,,,,,,,,,,,,,,,,,,,,,,,,,,,,,,,,
power_t000,power,0.0,10000,100,0.0,1.0,0.0,15601761.081042025,1.0,1000,10.122493834838805,0.05901182282279999,562.341325190349,0.5623413251903491,9.620791952536274,102.46488143634961,88.65152211452863,1.6757935558522015,1573.328674415852,0.9061152628604136,0.09388473713958645,0.9971384725160459,1736.3216574247633,0.9999865766203038,-22198697692.759834,6.711712371686508e-06,65.15523078034906,9707691.148269061,15.392962406691678,9707691.148269061,vanhateren,,,,,,,,,,,,,,,,,,,,,,,,,,,,,,,,,,,,,,,,,,,,,
power_t000,power,0.0,10000,100,0.0,1.0,0.0,15601761.081042025,1.0,1000,13.177044300762265,0.1,1000.0,1.0,10.099019513592783,173.6344965042513,81.17658368865823,1.7535381684292919,1579.9036719250403,0.9099019513592783,0.09009804864072168,0.9999999999999997,1736.321687833464,0.9999865941333563,-22256735688.4611,6.70295578668282e-06,62.34786324054067,9301547.738746995,14.09505523671539,9301547.738746995,vanhateren,25,24.104794874001527,/n/home12/binxuwang/Github/AccentuationPredRMT/tables/vanhateren_feature_interpolation_cases/vanhateren_feature_path_power_t000_n1000_trials25_seed20260828.npz,341.23143874272216,776.699747741329,155.3399495482658,9.999999974752427e-07,9.999999974752427e-07,177.82794189453125,0.9124844206596903,0.0038295780213195786,0.0007659156042639157,0.9114776615825017,0.9099300809788992,0.9144774215777367,0.08751557934030967,0.0038295780213195786,0.0007659156042639157,0.08852233841749835,0.0855225784222633,0.09006991902110084,0.9311474215111675,0.07454046890644571,0.014908093781289142,0.9025460382764772,0.8904027126072178,0.92163292655523,0.9999861198245168,2.5382619865165715e-05,5.076523973033143e-06,0.9999875096928244,0.9999659264851521,0.9999993758794111,-547191710142.6498,2079719136927.6343,415943827385.52686,-10884379704.37675,-84279898009.7992,-3053476909.068134,6.940189138968876e-06,1.2691389893087968e-05,2.5382779786175936e-06,6.245173088854489e-06,3.1206034316282464e-07,1.7036902551908855e-05
power_t000,power,0.0,10000,100,0.0,1.0,0.0,15601761.081042025,1.0,1000,15.183740752241055,0.13277660135100003,1258.9254117941662,1.2589254117941662,10.380206754408992,230.54598323126578,77.21464788368097,1.8153152601004063,1584.7692768691402,0.9127041623496392,0.08729583765036075,0.9934873736022947,1736.32191033419,0.9999867222765138,-22688412080.45943,6.6388837804819525e-06,60.80734433664625,9159272.30348833,13.40712650803599,9159272.30348833,vanhateren,,,,,,,,,,,,,,,,,,,,,,,,,,,,,,,,,,,,,,,,,,,,,
power_t000,power,0.0,10000,100,0.0,1.0,0.0,15601761.081042025,1.0,1000,20.244987669669033,0.236047291291,2238.7211385683377,2.2387211385683377,11.434507544743521,409.8595257450512,64.67595044926294,2.0080270820477613,1598.16755630271,0.9204205319094414,0.0795794680905586,0.9896399505934561,1736.3221920237193,0.99998688450783,-23253175118.935577,6.557767587127547e-06,55.65159281519809,8486362.481713807,11.229976092191672,8486362.481713807,vanhateren,,,,,,,,,,,,,,,,,,,,,,,,,,,,,,,,,,,,,,,,,,,,,
power_t000,power,0.0,10000,100,0.0,1.0,0.0,15601761.081042025,1.0,1000,22.82331022250615,0.3,3162.2776601683795,3.1622776601683795,12.41695189005732,520.9034895127538,55.55105035916431,2.126176861468854,1605.2733719561004,0.9245129304802614,0.0754870695197386,1.0129725109737062,1736.321758200765,0.9999866346594629,-22391914499.82175,6.682692597690611e-06,51.57655452654519,7717930.126603293,9.6455786593958,7717930.126603293,vanhateren,,,,,,,,,,,,,,,,,,,,,,,,,,,,,,,,,,,,,,,,,,,,,
power_t000,power,0.0,10000,100,0.0,1.0,0.0,15601761.081042025,1.0,1000,30.3674815045107,0.5311064054050001,5623.413251903491,5.623413251903491,14.998348743020177,922.1839329267995,39.0705640265547,2.547791004692035,1625.607071765236,0.9362235641495551,0.0637764358504449,1.0207390309500055,1736.3218724353135,0.9999867004497008,-22614001401.46399,6.6497972594776255e-06,43.25447343679663,6504630.404355288,6.783997712887936,6504630.404355288,vanhateren,,,,,,,,,,,,,,,,,,,,,,,,,,,,,,,,,,,,,,,,,,,,,
power_t000,power,0.0,10000,100,0.0,1.0,0.0,15601761.081042025,1.0,1000,41.66947281934957,1.0,10000.0,10.0,19.5124921972504,1736.3449650425127,23.766385774174967,3.3880417582127036,1651.6967931701909,0.9512492197250393,0.048750780274960714,1.0000000000000007,1736.322699597503,0.9999871768309535,-24325451092.6838,6.411605077489555e-06,33.7355472988472,5261638.371534926,4.1266644276246724,5261638.371534926,vanhateren,25,24.104794874001527,/n/home12/binxuwang/Github/AccentuationPredRMT/tables/vanhateren_feature_interpolation_cases/vanhateren_feature_path_power_t000_n1000_trials25_seed20260828.npz,3719.638779976875,6967.005609355166,1393.4011218710332,9.999999974752427e-07,9.999999974752427e-07,5623.4130859375,0.9967107157016619,0.028794969604948435,0.005758993920989687,1.0097973632445112,0.9618852857448578,1.0166407305063685,0.0032892842983380842,0.028794969604948432,0.005758993920989686,-0.009797363244511192,-0.016640730506368495,0.038114714255142235,0.6588601798833362,0.3595101886752571,0.07190203773505141,0.47512152220051296,0.458301855199439,0.7618563754633537,0.9999912538598947,2.7281923828542797e-05,5.45638476570856e-06,0.9999935922713447,0.9999674961354001,1.0000153333366706,-60643667856.86169,156918152564.3433,31383630512.86866,-11611323322.613197,-36247768195.26481,-3785897190.5649176,4.373168932592821e-06,1.3641054149674758e-05,2.7282108299349518e-06,3.2038694601061744e-06,-7.666638946630862e-06,1.6252064364674814e-05
power_t000,power,0.0,10000,100,0.0,1.0,0.0,15601761.081042025,1.0,1000,50.612469174194025,1.47529557057,14125.375446227554,14.125375446227554,23.720858754501418,2561.6220359087406,16.363375388505773,4.229541722127601,1667.919686218861,0.9605923476030143,0.03940765239698574,0.9748403538399135,1736.3234703112257,0.9999876207022684,-26101166108.529785,6.18966802174097e-06,27.992561165035127,4522465.674526054,2.841246446693256,4522465.674526054,vanhateren,,,,,,,,,,,,,,,,,,,,,,,,,,,,,,,,,,,,,,,,,,,,,
power_t000,power,0.0,10000,100,0.0,1.0,0.0,15601761.081042025,1.0,1000,72.17364404772381,3.0000000000000004,31622.776601683792,31.622776601683793,41.386854400296514,5209.034895127539,5.565928510741951,6.902838537883539,1693.8036427559985,0.9754994985771893,0.024500501422810683,1.0400407217592424,1736.3223828956513,0.9999869944352556,-23647927650.124653,6.502803515491466e-06,16.325819892233714,2510581.7595966295,0.9664371945413363,2510581.7595966295,vanhateren,,,,,,,,,,,,,,,,,,,,,,,,,,,,,,,,,,,,,,,,,,,,,
power_t000,power,0.0,10000,100,0.0,1.0,0.0,15601761.081042025,1.0,1000,91.10244451348444,4.77995764864,50118.72336272735,50.11872336272735,59.95466701578002,8299.655396332511,2.69144849737039,10.006427792324375,1706.772395991864,0.9829684943683269,0.017031505631673105,1.0396628838394943,1736.3225628933935,0.9999870980999915,-24029472820.07046,6.45097081173188e-06,11.352701681701074,1759843.9076882498,0.4673283047080314,1759843.9076882498,vanhateren,,,,,,,,,,,,,,,,,,,,,,,,,,,,,,,,,,,,,,,,,,,,,
power_t000,power,0.0,10000,100,0.0,1.0,0.0,15601761.081042025,1.0,1000,131.77044300762265,10.0,100000.0,100.0,109.90983667184014,17363.44965042513,0.812942574486326,19.084139151379457,1720.6895009543266,0.9909836671840133,0.009016332815986683,1.0000000000000004,1736.3235923437887,0.9999876909835578,-26400081587.41388,6.154527160286301e-06,6.239303667762709,1013774.6581123974,0.141154874607803,1013774.6581123974,vanhateren,25,24.104794874001527,/n/home12/binxuwang/Github/AccentuationPredRMT/tables/vanhateren_feature_interpolation_cases/vanhateren_feature_path_power_t000_n1000_trials25_seed20260828.npz,11282780.304688223,56365736.84816926,11273147.369633852,9.999999974752427e-07,9.999999974752427e-07,22387.2109375,1.7282925095456698,0.45966583773976677,0.09193316754795336,1.9813251313982954,1.044946909855346,2.042345630695309,-0.7282925095456697,0.45966583773976677,0.09193316754795336,-0.9813251313982954,-1.042345630695309,-0.04494690985534611,114.65581561822508,572.4260765142935,114.4852153028587,0.08241292165384807,0.07533984626453104,0.2976637167413405,0.9921223452600526,0.03935591135323758,0.007871182270647516,0.9999936794637652,0.9999879426817218,1.0000008865348289,-491454090057.97345,1148398494649.1072,229679698929.82144,-40121254781.51323,-285493099866.4933,-10595969739.563498,0.004154224603275594,0.02075494129291311,0.004150988258582622,3.1602731111274052e-06,-4.432673160850938e-07,6.028677311538196e-06
power_t020,power,0.2,10000,100,0.0,0.8,0.0,568249.2856034092,1.0,1000,0.0,0.0,1e-06,9.999999999999999e-10,1.3909475360542927,0.0,118.98792916658033,0.3760138608036092,376.0138608036091,0.2165548139187899,0.7834451860812102,1.6124620866086699,1735.5479881315707,0.9995410031261142,-18973237.384824518,0.0002295247777547301,236.3159919913363,1029588.1529786874,301.380066989672,1029588.1529786874,vanhateren,,,,,,,,,,,,,,,,,,,,,,,,,,,,,,,,,,,,,,,,,,,,,
power_t020,power,0.2,10000,100,0.0,0.8,0.0,568249.2856034092,1.0,1000,0.005061246917419403,1.47529557057e-08,1e-06,9.999999999999999e-10,1.3909475360542927,2.5616220359087406e-05,118.98792916658033,0.3760138898795109,376.01386426329026,0.21655481591129785,0.7834451840887021,1.6124620774844423,1735.547988193186,0.9995410031615998,-18973240.319524102,0.00022952476000784964,236.3159919913363,1029588.2325865601,301.380066989672,1029588.2325865601,vanhateren,,,,,,,,,,,,,,,,,,,,,,,,,,,,,,,,,,,,,,,,,,,,,
power_t020,power,0.2,10000,100,0.0,0.8,0.0,568249.2856034092,1.0,1000,0.015183740752241055,1.32776601351e-07,1e-06,9.999999999999999e-10,1.3909475360542927,0.00023054598323126577,118.98792916658033,0.37601412248672444,376.01389194074113,0.21655483185136243,0.7834451681486376,1.6124620044906102,1735.5479886861076,0.9995410034454844,-18973263.79712896,0.0002295246180329047,236.3159919913363,1029588.8694495419,301.380066989672,1029588.8694495419,vanhateren,,,,,,,,,,,,,,,,,,,,,,,,,,,,,,,,,,,,,,,,,,,,,
power_t020,power,0.2,10000,100,0.0,0.8,0.0,568249.2856034092,1.0,1000,0.05061246917419403,1.4752955705700001e-06,1e-06,9.999999999999999e-10,1.3909475360542927,0.0025616220359087408,118.98792916658033,0.3760167683937782,376.0142067717422,0.2165550131695955,0.7834449868304045,1.6124611741862458,1735.5479942930501,0.9995410066746483,-18973530.855906516,0.00022952300308026833,236.3159919913363,1029596.113765958,301.380066989672,1029596.113765958,vanhateren,,,,,,,,,,,,,,,,,,,,,,,,,,,,,,,,,,,,,,,,,,,,,
power_t020,power,0.2,10000,100,0.0,0.8,0.0,568249.2856034092,1.0,1000,0.15183740752241054,1.3277660135099999e-05,1e-06,9.999999999999999e-10,1.3909475360542927,0.023054598323126573,118.98792916658033,0.37604002911513,376.0169745168068,0.21655660717604025,0.7834433928239597,1.612453874844023,1735.5480435814577,0.9995410350609474,-18975878.706269283,0.00022950880667247552,236.3159919913363,1029659.8000641216,301.380066989672,1029659.8000641216,vanhateren,,,,,,,,,,,,,,,,,,,,,,,,,,,,,,,,,,,,,,,,,,,,,
power_t020,power,0.2,10000,100,0.0,0.8,0.0,568249.2856034092,1.0,1000,0.25306234587079857,3.688238926419999e-05,1e-06,9.999999999999999e-10,1.3909475360542927,0.06404055089763168,118.98792916658033,0.37608655055783363,376.0225100069359,0.2165597951889297,0.7834402048110702,1.6124392763578324,1735.5481421399854,0.9995410918230135,-18980574.842764527,0.00022948041912467735,236.3159919913363,1029787.1726604488,301.380066989672,1029787.1726604488,vanhateren,,,,,,,,,,,,,,,,,,,,,,,,,,,,,,,,,,,,,,,,,,,,,
power_t020,power,0.2,10000,100,0.0,0.8,0.0,568249.2856034092,1.0,1000,0.3542872842192847,7.22894829579e-05,1e-06,9.999999999999999e-10,1.3909475360542927,0.1255194797594762,118.98792916658033,0.3761563327218892,376.0308132421297,0.216564577208264,0.783435422791736,1.6124173791241707,1735.548289932076,0.9995411769397924,-18987620.13693167,0.00022943785096756286,236.3159919913363,1029978.2315549401,301.380066989672,1029978.2315549401,vanhateren,,,,,,,,,,,,,,,,,,,,,,,,,,,,,,,,,,,,,,,,,,,,,
power_t020,power,0.2,10000,100,0.0,0.8,0.0,568249.2856034092,1.0,1000,0.5061246917419403,0.00014752955705700003,1e-06,9.999999999999999e-10,1.3909475360542927,0.2561622035908741,118.98792916658033,0.3763046198205073,376.0484576169163,0.2165747389993492,0.7834252610006508,1.612370849477297,1735.5486038083072,0.9995413577081522,-19002595.727711674,0.00022934744604945147,236.3159919913363,1030384.2317057338,301.380066989672,1030384.2317057338,vanhateren,,,,,,,,,,,,,,,,,,,,,,,,,,,,,,,,,,,,,,,,,,,,,
power_t020,power,0.2,10000,100,0.0,0.8,0.0,568249.2856034092,1.0,1000,0.7591870376126245,0.000331941503378,1e-06,9.999999999999999e-10,1.3909475360542927,0.5763649580790325,118.98792916658033,0.3766680685916294,376.09170363355025,0.21659964535004828,0.7834003546499517,1.6122568175813725,1735.5493720678376,0.9995418001660427,-19039325.573047232,0.0002291261663786611,236.3159919913363,1031379.3301145406,301.380066989672,1031379.3301145406,vanhateren,,,,,,,,,,,,,,,,,,,,,,,,,,,,,,,,,,,,,,,,,,,,,
power_t020,power,0.2,10000,100,0.0,0.8,0.0,568249.2856034092,1.0,1000,1.0122493834838806,0.0005901182282280001,1e-06,9.999999999999999e-10,1.3909475360542927,1.0246488143634964,118.98792916658033,0.37717689687120154,376.15224805683783,0.21663451424102703,0.7833654857589729,1.6120972000217586,1735.5504451442773,0.9995424181748263,-19090806.934406884,0.00022881709121744479,236.3159919913363,1032772.4678868734,301.380066989672,1032772.4678868734,vanhateren,,,,,,,,,,,,,,,,,,,,,,,,,,,,,,,,,,,,,,,,,,,,,
power_t020,power,0.2,10000,100,0.0,0.8,0.0,568249.2856034092,1.0,1000,1.5183740752241055,0.00132776601351,1e-06,9.999999999999999e-10,1.3909475360542927,2.3054598323126574,118.98792916658033,0.37863069195568605,376.3252321233733,0.21673413964382324,0.7832658603561767,1.6116413239527143,1735.5534951879224,0.9995441747633536,-19238279.53901076,0.00022793859632506177,236.3159919913363,1036752.8615220898,301.380066989672,1036752.8615220898,vanhateren,,,,,,,,,,,,,,,,,,,,,,,,,,,,,,,,,,,,,,,,,,,,,
power_t020,power,0.2,10000,100,0.0,0.8,0.0,568249.2856034092,1.0,1000,2.530623458707986,0.00368823892642,1e-06,9.999999999999999e-10,1.3909475360542927,6.40405508976317,118.98792916658033,0.3832828362260516,376.87878113628835,0.21705294093277186,0.7829470590672282,1.6101842515785874,1735.5630998728057,0.9995497063167468,-19714004.858689312,0.00022517219288477173,236.3159919913363,1049490.121154823,301.380066989672,1049490.121154823,vanhateren,,,,,,,,,,,,,,,,,,,,,,,,,,,,,,,,,,,,,,,,,,,,,
power_t020,power,0.2,10000,100,0.0,0.8,0.0,568249.2856034092,1.0,1000,4.166947281934958,0.01,1e-06,9.999999999999999e-10,1.3909475360542927,17.36344965042513,118.98792916658033,0.3957223871964425,378.35893754601733,0.2179053961991669,0.7820946038008331,1.6063010387005747,1735.5876731774076,0.9995638586338824,-21014605.135158125,0.00021809446565684197,236.3159919913363,1083548.7791018263,301.380066989672,1083548.7791018263,vanhateren,25,22.99663985602092,/n/home12/binxuwang/Github/AccentuationPredRMT/tables/vanhateren_feature_interpolation_cases/vanhateren_feature_path_power_t020_n1000_trials25_seed20260828.npz,0.06494985930316943,0.15670091430689845,0.03134018286137969,0.019952623173594475,9.999999974752427e-07,0.07079457491636276,0.22141157378164067,0.009936042616257731,0.001987208523251546,0.2196209014693335,0.2154531269304991,0.2270068675182076,0.7785884262183592,0.009936042616257738,0.001987208523251548,0.7803790985306664,0.7729931324817925,0.7845468730695009,1.6173485199709463,0.02724959303692318,0.005449918607384635,1.6165583397387868,1.6027256320400698,1.6314607687376945,0.9995650819435136,6.947928912342123e-05,1.3895857824684245e-05,0.9995558622155378,0.999514781003125,0.9996285029684352,-23112723.054955367,9622396.991050411,1924479.3982100822,-20264464.768143896,-28967247.54292872,-16977283.94268513,0.00021748325725433934,3.4746928984441445e-05,6.949385796888289e-06,0.00022209355500474093,0.00018576577024307145,0.0002426389352640501
power_t020,power,0.2,10000,100,0.0,0.8,0.0,568249.2856034092,1.0,1000,5.061246917419402,0.014752955705699998,1e-06,9.999999999999999e-10,1.3909475360542927,25.616220359087404,118.98792916658033,0.405089762493418,379.4735421343304,0.21854732197472024,0.7814526780252797,1.6033891967807936,1735.605181698472,0.9995739421837627,-22021418.551373716,0.00021305160361149866,236.3159919913363,1109196.0256833383,301.380066989672,1109196.0256833383,vanhateren,,,,,,,,,,,,,,,,,,,,,,,,,,,,,,,,,,,,,,,,,,,,,
power_t020,power,0.2,10000,100,0.0,0.8,0.0,568249.2856034092,1.0,1000,7.217364404772381,0.03,1e-06,9.999999999999999e-10,1.3909475360542927,52.09034895127538,118.98792916658033,0.4351394399821089,383.0490910308335,0.22060656075992072,0.7793934392400793,1.5941191160042454,1735.6562605345507,0.9996033596308178,-25410178.265402034,0.00019833985393988762,236.3159919913363,1191470.0313481041,301.380066989672,1191470.0313481041,vanhateren,,,,,,,,,,,,,,,,,,,,,,,,,,,,,,,,,,,,,,,,,,,,,
power_t020,power,0.2,10000,100,0.0,0.8,0.0,568249.2856034092,1.0,1000,10.122493834838805,0.05901182282279999,1e-06,9.999999999999999e-10,1.3909475360542927,102.46488143634961,118.98792916658033,0.49231746756284456,389.85258612649477,0.22452484614251156,0.7754751538574884,1.5767729664941048,1735.736234867964,0.9996494186427212,-32527742.388396416,0.000175306044744013,236.3159919913363,1348019.6437972905,301.380066989672,1348019.6437972905,vanhateren,,,,,,,,,,,,,,,,,,,,,,,,,,,,,,,,,,,,,,,,,,,,,
power_t020,power,0.2,10000,100,0.0,0.8,0.0,568249.2856034092,1.0,1000,13.177044300762265,0.1,1e-06,9.999999999999999e-10,1.3909475360542927,173.6344965042513,118.98792916658033,0.5730991247319418,399.46462822769035,0.23006063672255925,0.7699393632774407,1.552899837294638,1735.8220276904597,0.9996988286529571,-44079479.331811056,0.0001505970132517304,236.3159919913363,1569194.414210077,301.380066989672,1569194.414210077,vanhateren,25,22.99663985602092,/n/home12/binxuwang/Github/AccentuationPredRMT/tables/vanhateren_feature_interpolation_cases/vanhateren_feature_path_power_t020_n1000_trials25_seed20260828.npz,0.07001217860362885,0.17649586797577263,0.035299173595154526,0.007943281903862953,9.999999974752427e-07,0.07079457491636276,0.2326356922850243,0.011217576110050108,0.0022435152220100217,0.2311027396329138,0.22577812873228056,0.2390420959839392,0.7673643077149757,0.011217576110050106,0.0022435152220100212,0.7688972603670862,0.7609579040160608,0.7742218712677195,1.5607405075330592,0.02861117467257813,0.005722234934515626,1.5547894213979645,1.5384103529282362,1.579829864263544,0.9996948355855949,6.707431293913492e-05,1.3414862587826985e-05,0.9997001461369038,0.9996660983047005,0.9997321924554959,-50032964.14173115,25557583.275889862,5111516.655177972,-44467766.9297302,-55749360.00127772,-35859578.48267985,0.00015259438977017012,3.354237793287623e-05,6.708475586575246e-06,0.00014993817227579168,0.0001339127385627549,0.00016696478626964585
power_t020,power,0.2,10000,100,0.0,0.8,0.0,568249.2856034092,1.0,1000,15.183740752241055,0.13277660135100003,1e-06,9.999999999999999e-10,1.3909475360542927,230.54598323126578,118.98792916658033,0.6376969760112975,407.15099278003163,0.23448738642212316,0.7655126135778768,1.5343234008560305,1735.8749943097318,0.9997293333166838,-54577549.90791675,0.00013534250045432294,236.3159919913363,1746059.007318925,301.380066989672,1746059.007318925,vanhateren,,,,,,,,,,,,,,,,,,,,,,,,,,,,,,,,,,,,,,,,,,,,,
power_t020,power,0.2,10000,100,0.0,0.8,0.0,568249.2856034092,1.0,1000,20.244987669669033,0.236047291291,1e-06,9.999999999999999e-10,1.3909475360542927,409.8595257450512,118.98792916658033,0.8412282878401562,431.368762095105,0.24843494281364956,0.7515650571863505,1.4785944097483241,1735.9886914187032,0.9997948140312078,-94979742.7970249,0.00010259824759632549,236.3159919913363,2303314.116252019,301.380066989672,2303314.116252019,vanhateren,,,,,,,,,,,,,,,,,,,,,,,,,,,,,,,,,,,,,,,,,,,,,
power_t020,power,0.2,10000,100,0.0,0.8,0.0,568249.2856034092,1.0,1000,22.82331022250615,0.3,1e-06,9.999999999999999e-10,1.3909475360542927,520.9034895127538,118.98792916658033,0.9672696525886068,446.36616307585274,0.2570722823300979,0.7429277176699021,1.4460680934393122,1736.0351125265881,0.9998215489881546,-125575726.18345386,8.922948687342424e-05,236.3159919913363,2648406.936672856,301.380066989672,2648406.936672856,vanhateren,,,,,,,,,,,,,,,,,,,,,,,,,,,,,,,,,,,,,,,,,,,,,
power_t020,power,0.2,10000,100,0.0,0.8,0.0,568249.2856034092,1.0,1000,30.3674815045107,0.5311064054050001,1e-06,9.999999999999999e-10,1.3909475360542927,922.1839329267995,118.98792916658033,1.422746321636333,500.5623887095335,0.28828510393225787,0.7117148960677422,1.3395785318550786,1736.1343031858544,0.9998786751130107,-271694694.80483234,6.0664283572323725e-05,236.3159919913363,3895471.570345033,301.380066989672,3895471.570345033,vanhateren,,,,,,,,,,,,,,,,,,,,,,,,,,,,,,,,,,,,,,,,,,,,,
power_t020,power,0.2,10000,100,0.0,0.8,0.0,568249.2856034092,1.0,1000,41.66947281934957,1.0,158.48931924611173,0.15848931924611173,1.5684844726811766,1736.3449650425127,96.74535229078785,2.339110443071512,602.7654780289995,0.34714615480469424,0.6528538451953058,1.2693375587023004,1736.196513855316,0.9999145036325238,-547153228.7698082,4.2749097480776496e-05,218.75062879250592,5117081.802507624,270.78725983733574,5117081.802507624,vanhateren,25,22.99663985602092,/n/home12/binxuwang/Github/AccentuationPredRMT/tables/vanhateren_feature_interpolation_cases/vanhateren_feature_path_power_t020_n1000_trials25_seed20260828.npz,60.695711027835884,92.16439980981814,18.43287996196363,9.999999974752427e-07,9.999999974752427e-07,125.89253997802734,0.3594530717199498,0.017158509367453556,0.0034317018734907113,0.36400740184604896,0.34746822732686544,0.37275158728670504,0.6405469282800503,0.01715850936745356,0.0034317018734907117,0.635992598153951,0.6272484127132949,0.6525317726731346,1.21116553371445,0.06538974125752248,0.013077948251504495,1.194729525937504,1.165343010491684,1.251124849076049,0.9999275821401331,4.552927795192799e-05,9.105855590385599e-06,0.9999325628947799,0.9998943830324588,0.9999647334837498,-9722970338.666555,35005897446.84079,7001179489.368158,-879464307.9796783,-3215969308.5243244,-358528592.03791326,3.620983427829734e-05,2.2765506482574173e-05,4.553101296514834e-06,3.371912109963114e-05,1.7633413593738893e-05,5.2809878212201374e-05
power_t020,power,0.2,10000,100,0.0,0.8,0.0,568249.2856034092,1.0,1000,50.612469174194025,1.47529557057,398.1071705534969,0.3981071705534969,1.8302239770243838,2561.6220359087406,73.8428353757032,3.2403227528240186,678.7007169152783,0.3908789616000419,0.6091210383999581,1.2765407110014317,1736.2157492788556,0.9999255817442625,-722191773.1423074,3.7209820154148747e-05,197.22319293233699,5300299.547681296,233.63156710087844,5300299.547681296,vanhateren,,,,,,,,,,,,,,,,,,,,,,,,,,,,,,,,,,,,,,,,,,,,,
power_t020,power,0.2,10000,100,0.0,0.8,0.0,568249.2856034092,1.0,1000,72.17364404772381,3.0000000000000004,1000.0,1.0,2.4681509794672305,5209.034895127539,43.221762503605305,6.045072540977207,836.0376458496684,0.4814928269908617,0.5185071730091383,1.2705845882085374,1736.2460834829826,0.999943051892613,-1233287418.4341059,2.847445909095382e-05,159.24638979875135,5592604.561515378,169.9031115807545,5592604.561515378,vanhateren,,,,,,,,,,,,,,,,,,,,,,,,,,,,,,,,,,,,,,,,,,,,,
power_t020,power,0.2,10000,100,0.0,0.8,0.0,568249.2856034092,1.0,1000,91.10244451348444,4.77995764864,1584.8931924611175,1.5848931924611174,3.074474865769179,8299.655396332511,28.907485566365807,9.249199247722652,949.5438513901406,0.5468635959484537,0.4531364040515463,1.2611235044821403,1736.2614906338426,0.9999519252162729,-1730589220.0293946,2.4037680768695905e-05,134.71923307924558,5604502.130450515,130.86382367516578,5604502.130450515,vanhateren,,,,,,,,,,,,,,,,,,,,,,,,,,,,,,,,,,,,,,,,,,,,,
power_t020,power,0.2,10000,100,0.0,0.8,0.0,568249.2856034092,1.0,1000,131.77044300762265,10.0,2818.3829312644607,2.818382931264461,4.334394659370724,17363.44965042513,15.226010227397191,18.50023060768948,1136.7809572643525,0.6546976437003804,0.3453023562996196,1.1796412607671303,1736.283266450021,0.9999644663970962,-3167804368.3568482,1.7766959284228935e-05,102.1658533576787,5750328.557817291,83.26939257254159,5750328.557817291,vanhateren,25,22.99663985602092,/n/home12/binxuwang/Github/AccentuationPredRMT/tables/vanhateren_feature_interpolation_cases/vanhateren_feature_path_power_t020_n1000_trials25_seed20260828.npz,1340.5986723950002,1614.0739719590958,322.8147943918192,9.999999974752427e-07,9.999999974752427e-07,2511.886474609375,1.1602426757812998,0.47704461087704736,0.09540892217540947,1.5161302618341859,0.6944399043514893,1.607738062900796,-0.16024267578129983,0.47704461087704736,0.09540892217540947,-0.5161302618341859,-0.607738062900796,0.3055600956485107,0.7295459983699419,0.48658056381444903,0.0973161127628898,0.36198090985556514,0.3290787586196796,1.1288462491661795,0.9999730430067119,2.918090212486717e-05,5.836180424973434e-06,0.9999742836304397,0.9999566221551394,0.9999866613171888,-1023869126830.7471,5057167138828.643,1011433427765.7285,-5586649954.746384,-9917238362.488337,-1866703279.5333729,1.3478689665738439e-05,1.4590530638321843e-05,2.9181061276643685e-06,1.285826744770145e-05,6.669363645755135e-06,2.1689157640114346e-05
power_t040,power,0.4,10000,100,0.0,0.6,0.0,20696.8462669996,1.0,1000,0.0,0.0,1e-06,9.999999999999999e-10,0.24833048247412878,0.0,185.74665434401388,0.021981877048570603,21.98187704857059,0.01265985589910262,0.9873401441008974,1.0776170043382114,1671.3559766249605,0.9625713843009525,-2695.754299126996,0.01889277634860284,446.4505410339913,23630.753511090352,480.27295105150455,23630.753511090352,vanhateren,,,,,,,,,,,,,,,,,,,,,,,,,,,,,,,,,,,,,,,,,,,,,
power_t040,power,0.4,10000,100,0.0,0.6,0.0,20696.8462669996,1.0,1000,0.005061246917419403,1.47529557057e-08,1e-06,9.999999999999999e-10,0.24833048247412878,2.5616220359087406e-05,185.74665434401388,0.021981908508337387,21.98188289211701,0.012659859264532036,0.9873401407354679,1.0776170000948686,1671.3560675395652,0.962571436660712,-2695.7620635861717,0.01889274966458845,446.4505410339913,23630.786887034985,480.27295105150455,23630.786887034985,vanhateren,,,,,,,,,,,,,,,,,,,,,,,,,,,,,,,,,,,,,,,,,,,,,
power_t040,power,0.4,10000,100,0.0,0.6,0.0,20696.8462669996,1.0,1000,0.015183740752241055,1.32776601351e-07,1e-06,9.999999999999999e-10,0.24833048247412878,0.00023054598323126577,185.74665434401388,0.021982160186471675,21.981929640488424,0.012659886187967389,0.9873401138120326,1.0776169661481296,1671.356794847244,0.9625718555335128,-2695.8241796619836,0.018892536195186802,446.4505410339913,23631.0538945921,480.27295105150455,23631.0538945921,vanhateren,,,,,,,,,,,,,,,,,,,,,,,,,,,,,,,,,,,,,,,,,,,,,
power_t040,power,0.4,10000,100,0.0,0.6,0.0,20696.8462669996,1.0,1000,0.05061246917419403,1.4752955705700001e-06,1e-06,9.999999999999999e-10,0.24833048247412878,0.0025616220359087408,185.74665434401388,0.021985023025249205,21.982461403213282,0.012660192442044523,0.9873398075579555,1.0776165800041226,1671.365066826583,0.9625766195518994,-2696.5308003740597,0.0188901083202252,446.4505410339913,23634.091105554282,480.27295105150455,23634.091105554282,vanhateren,,,,,,,,,,,,,,,,,,,,,,,,,,,,,,,,,,,,,,,,,,,,,
power_t040,power,0.4,10000,100,0.0,0.6,0.0,20696.8462669996,1.0,1000,0.15183740752241054,1.3277660135099999e-05,1e-06,9.999999999999999e-10,0.24833048247412878,0.023054598323126573,185.74665434401388,0.022010190838677973,21.987136240354825,0.012662884785579743,0.9873371152144202,1.0776131853434454,1671.4376970042606,0.9626184488998343,-2702.7468343037744,0.018868791190579753,446.4505410339913,23660.791861265698,480.27295105150455,23660.791861265698,vanhateren,,,,,,,,,,,,,,,,,,,,,,,,,,,,,,,,,,,,,,,,,,,,,
power_t040,power,0.4,10000,100,0.0,0.6,0.0,20696.8462669996,1.0,1000,0.25306234587079857,3.688238926419999e-05,1e-06,9.999999999999999e-10,0.24833048247412878,0.06404055089763168,185.74665434401388,0.022060526465535586,21.99648591463793,0.012668269472650193,0.9873317305273498,1.0776063960862532,1671.5824714039038,0.9627018277229126,-2715.2003632469978,0.0188263009421254,446.4505410339913,23714.1933726886,480.27295105150455,23714.1933726886,vanhateren,,,,,,,,,,,,,,,,,,,,,,,,,,,,,,,,,,,,,,,,,,,,,
power_t040,power,0.4,10000,100,0.0,0.6,0.0,20696.8462669996,1.0,1000,0.3542872842192847,7.22894829579e-05,1e-06,9.999999999999999e-10,0.24833048247412878,0.1255194797594762,185.74665434401388,0.022136029905822117,22.010510426062623,0.012676346503255888,0.9873236534967441,1.0775962123608656,1671.798426214842,0.9628262009409574,-2733.9343093713087,0.01876292317251005,446.4505410339913,23794.29563982308,480.27295105150455,23794.29563982308,vanhateren,,,,,,,,,,,,,,,,,,,,,,,,,,,,,,,,,,,,,,,,,,,,,
power_t040,power,0.4,10000,100,0.0,0.6,0.0,20696.8462669996,1.0,1000,0.5061246917419403,0.00014752955705700003,1e-06,9.999999999999999e-10,0.24833048247412878,0.2561622035908741,185.74665434401388,0.02229647471643097,22.040312512840075,0.012693510193292977,0.987306489806707,1.077574572583496,1672.2525822452558,0.9630877595825621,-2773.9577173996613,0.018629652178871855,446.4505410339913,23964.512957483825,480.27295105150455,23964.512957483825,vanhateren,,,,,,,,,,,,,,,,,,,,,,,,,,,,,,,,,,,,,,,,,,,,,
power_t040,power,0.4,10000,100,0.0,0.6,0.0,20696.8462669996,1.0,1000,0.7591870376126245,0.000331941503378,1e-06,9.999999999999999e-10,0.24833048247412878,0.5763649580790325,185.74665434401388,0.022689721801255894,22.113356843176835,0.012735578061030869,0.9872644219389691,1.0775215375889207,1673.3391419445434,0.963713533677666,-2873.2838469624066,0.018310877274446902,446.4505410339913,24381.7122654751,480.27295105150455,24381.7122654751,vanhateren,,,,,,,,,,,,,,,,,,,,,,,,,,,,,,,,,,,,,,,,,,,,,
power_t040,power,0.4,10000,100,0.0,0.6,0.0,20696.8462669996,1.0,1000,1.0122493834838806,0.0005901182282280001,1e-06,9.999999999999999e-10,0.24833048247412878,1.0246488143634964,185.74665434401388,0.023240267720012066,22.215618905648554,0.012794473075864062,0.987205526924136,1.077447297366262,1674.7998726737717,0.9645548012590723,-3015.2745608984014,0.017882491114697537,446.4505410339913,24965.79129666424,480.27295105150455,24965.79129666424,vanhateren,,,,,,,,,,,,,,,,,,,,,,,,,,,,,,,,,,,,,,,,,,,,,
power_t040,power,0.4,10000,100,0.0,0.6,0.0,20696.8462669996,1.0,1000,1.5183740752241055,0.00132776601351,1e-06,9.999999999999999e-10,0.24833048247412878,2.3054598323126574,185.74665434401388,0.024813256059307502,22.507796226994824,0.012962744546815178,0.9870372554531848,1.0772352388035746,1678.6233869511054,0.9667568488673021,-3439.824595663669,0.016762058875217103,446.4505410339913,26634.58852862482,480.27295105150455,26634.58852862482,vanhateren,,,,,,,,,,,,,,,,,,,,,,,,,,,,,,,,,,,,,,,,,,,,,
power_t040,power,0.4,10000,100,0.0,0.6,0.0,20696.8462669996,1.0,1000,2.530623458707986,0.00368823892642,1e-06,9.999999999999999e-10,0.24833048247412878,6.40405508976317,185.74665434401388,0.0298468187450691,23.442763655305914,0.013501213253860497,0.9864987867461396,1.0765572119879092,1688.195687985602,0.9722697516759109,-4986.169189977287,0.013962601279286772,446.4505410339913,31974.739670915864,480.27295105150455,31974.739670915864,vanhateren,,,,,,,,,,,,,,,,,,,,,,,,,,,,,,,,,,,,,,,,,,,,,
power_t040,power,0.4,10000,100,0.0,0.6,0.0,20696.8462669996,1.0,1000,4.166947281934958,0.01,1e-06,9.999999999999999e-10,0.24833048247412878,17.36344965042513,185.74665434401388,0.0433062593714171,25.94280972099195,0.014941045842441087,0.985058954157559,1.0747483948950218,1702.9877912189197,0.9807888556161556,-10526.542821420333,0.009652154232587043,446.4505410339913,46253.979192200524,480.27295105150455,46253.979192200524,vanhateren,25,21.301808238000376,/n/home12/binxuwang/Github/AccentuationPredRMT/tables/vanhateren_feature_interpolation_cases/vanhateren_feature_path_power_t040_n1000_trials25_seed20260828.npz,0.005197595492718392,0.008142181167306202,0.0016284362334612404,9.999999974752427e-07,9.999999974752427e-07,0.009999999776482582,0.015098512038138565,0.0013759284347262387,0.00027518568694524776,0.014765152249274138,0.01428849990154641,0.01569802952051962,0.9849014879618615,0.0013759284347262322,0.00027518568694524646,0.9852348477507259,0.9843019704794804,0.9857115000984535,1.0758943482216756,0.006596438161802277,0.0013192876323604554,1.07572197864707,1.0703406230053993,1.078469375612817,0.9807550135385914,0.000850592649375875,0.000170118529875175,0.9807391128984434,0.980244444166111,0.9814347983517094,-10548.063933259713,923.9051898701694,184.78103797403386,-10471.441206155003,-11282.981377351764,-9946.040257248394,0.009669329740912704,0.0004294894960463244,8.589789920926489e-05,0.009677268311767266,0.009326088790206738,0.009927051088602411
power_t040,power,0.4,10000,100,0.0,0.6,0.0,20696.8462669996,1.0,1000,5.061246917419402,0.014752955705699998,1e-06,9.999999999999999e-10,0.24833048247412878,25.616220359087404,185.74665434401388,0.05344164383460724,27.82542347551981,0.016025285318138686,0.9839747146818613,1.0733903052950962,1709.2549318398405,0.9843982424298913,-16049.031788007898,0.00783154533623105,446.4505410339913,57006.69815043766,480.27295105150455,57006.69815043766,vanhateren,,,,,,,,,,,,,,,,,,,,,,,,,,,,,,,,,,,,,,,,,,,,,
power_t040,power,0.4,10000,100,0.0,0.6,0.0,20696.8462669996,1.0,1000,7.217364404772381,0.03,1e-06,9.999999999999999e-10,0.24833048247412878,52.09034895127538,185.74665434401388,0.08595502401711008,33.86467506583468,0.019503425729118024,0.980496574270882,1.069056750687512,1719.4422908438403,0.9902653709147833,-41594.960806846124,0.004879217926395003,446.4505410339913,91500.43055442086,480.27295105150455,91500.43055442086,vanhateren,,,,,,,,,,,,,,,,,,,,,,,,,,,,,,,,,,,,,,,,,,,,,
power_t040,power,0.4,10000,100,0.0,0.6,0.0,20696.8462669996,1.0,1000,10.122493834838805,0.05901182282279999,25.11886431509582,0.02511886431509582,0.2786379452495012,102.46488143634961,157.8561446103913,0.14703594471526632,44.571063278916725,0.025669474773882532,0.9743305252261175,1.0723662272912726,1724.4956897534773,0.9931757366608626,-85012.68885818264,0.0034179729390749073,430.5049682601767,125953.2992021567,467.1256053164696,125953.2992021567,vanhateren,,,,,,,,,,,,,,,,,,,,,,,,,,,,,,,,,,,,,,,,,,,,,
power_t040,power,0.4,10000,100,0.0,0.6,0.0,20696.8462669996,1.0,1000,13.177044300762265,0.1,70.79457843841388,0.07079457843841389,0.33169454407061444,173.6344965042513,122.70955485681019,0.22953975636083568,55.90525985658439,0.03219709273336454,0.9678029072666354,1.083171947883666,1726.3942837080742,0.9942691794921092,-120747.9161403425,0.0028695273475445055,405.59054228628634,141344.02400219528,446.19011212027516,141344.02400219528,vanhateren,25,21.301808238000376,/n/home12/binxuwang/Github/AccentuationPredRMT/tables/vanhateren_feature_interpolation_cases/vanhateren_feature_path_power_t040_n1000_trials25_seed20260828.npz,20.31787482550781,30.90929516844533,6.181859033689066,9.999999974752427e-07,9.999999974752427e-07,63.095733642578125,0.03424829427893295,0.00357469723812335,0.00071493944762467,0.034191749112356104,0.03223029457001716,0.036706459941695045,0.9657517057210669,0.0035746972381233426,0.0007149394476246685,0.9658082508876439,0.9632935400583049,0.9677697054299829,1.0587662510345632,0.02172399710908256,0.004344799421816512,1.0593891954684747,1.0417503322019706,1.06653225489457,0.9957849955913122,0.0010600825159009604,0.00021201650318019208,0.996320990665492,0.9946471215490462,0.9965277619876723,-259629.04087606567,100902.72740431823,20180.545480863646,-293897.5889082015,-330045.7407771805,-138479.7971162691,0.002109863448932127,0.0005312773555260872,0.00010625547110521745,0.0018411996753762716,0.0017376286828835927,0.002680030507236791
power_t040,power,0.4,10000,100,0.0,0.6,0.0,20696.8462669996,1.0,1000,15.183740752241055,0.13277660135100003,100.0,0.1,0.36467323378003985,230.54598323126578,106.71009092598145,0.29376402232487864,63.21803909361283,0.03640868627281388,0.9635913137271861,1.0895216500217404,1727.3479905903812,0.9948184406709117,-147826.59589166552,0.0025941444572767374,391.7233370158046,151002.90036547353,434.3167753515196,151002.90036547353,vanhateren,,,,,,,,,,,,,,,,,,,,,,,,,,,,,,,,,,,,,,,,,,,,,
power_t040,power,0.4,10000,100,0.0,0.6,0.0,20696.8462669996,1.0,1000,20.244987669669033,0.236047291291,177.82794100389228,0.17782794100389226,0.4502916904735093,409.8595257450512,77.68632833658705,0.49106440148998215,81.20487574493093,0.0467677088250391,0.9532322911749609,1.1062387696020286,1728.9266089508012,0.9957276023825543,-217733.86676488852,0.0021384853685586787,360.330701193386,168498.090513589,406.7905305784582,168498.090513589,vanhateren,,,,,,,,,,,,,,,,,,,,,,,,,,,,,,,,,,,,,,,,,,,,,
power_t040,power,0.4,10000,100,0.0,0.6,0.0,20696.8462669996,1.0,1000,22.82331022250615,0.3,199.52623149688827,0.19952623149688828,0.4737422663267672,520.9034895127538,71.87688935394151,0.6110356763970222,90.13218688426844,0.05190914749020603,0.948090852509794,1.1074142228414317,1729.9084385037006,0.9962930600379548,-289473.23772406764,0.0018551908475630645,352.7061270246107,190118.51394583864,399.95639009827573,190118.51394583864,vanhateren,,,,,,,,,,,,,,,,,,,,,,,,,,,,,,,,,,,,,,,,,,,,,
power_t040,power,0.4,10000,100,0.0,0.6,0.0,20696.8462669996,1.0,1000,30.3674815045107,0.5311064054050001,316.2277660168379,0.3162277660168379,0.597882252037575,922.1839329267995,50.02567533094841,1.0374938154432156,115.30988251641615,0.06640954697247785,0.9335904530275222,1.1307033671965188,1730.988260831073,0.9969149539294982,-418333.9104615097,0.0015437145625761364,317.7308403730888,205822.27315577213,367.74525197793145,205822.27315577213,vanhateren,,,,,,,,,,,,,,,,,,,,,,,,,,,,,,,,,,,,,,,,,,,,,
power_t040,power,0.4,10000,100,0.0,0.6,0.0,20696.8462669996,1.0,1000,41.66947281934957,1.0,446.6835921509635,0.4466835921509635,0.7341210238345738,1736.3449650425127,36.05693495782328,1.887327655797062,150.9826907545492,0.08695431713988501,0.913045682860115,1.147247070397023,1732.374580782891,0.9977133666756568,-762386.49237058,0.001143970996992647,287.2722715227191,251118.4918830294,338.3423100110924,251118.4918830294,vanhateren,25,21.301808238000376,/n/home12/binxuwang/Github/AccentuationPredRMT/tables/vanhateren_feature_interpolation_cases/vanhateren_feature_path_power_t040_n1000_trials25_seed20260828.npz,163.89367865851563,246.4108154525354,49.282163090507076,9.999999974752427e-07,9.999999974752427e-07,501.1872253417969,0.19501301952660277,0.07533575292327031,0.015067150584654063,0.23527522447477103,0.09536501469700598,0.2509529408135047,0.8049869804733973,0.0753357529232703,0.01506715058465406,0.764724775525229,0.7490470591864953,0.904634985302994,0.9595943472401592,0.15462423648699497,0.030924847297398993,0.8728897644078154,0.8496213961426767,1.150403859768834,0.9989635859751868,0.0010452510807396058,0.00020905021614792116,0.9995600657358913,0.9980846545225545,0.999662256410315,-23393486.953998648,22575129.377516314,4515025.8755032625,-20653694.300907362,-35048198.085877314,-1087217.7099674267,0.000518472736366533,0.0005230459084248337,0.00010460918168496674,0.00021999133014705116,0.00016888605609244802,0.0009581317469450791
power_t040,power,0.4,10000,100,0.0,0.6,0.0,20696.8462669996,1.0,1000,50.612469174194025,1.47529557057,562.341325190349,0.5623413251903491,0.853589191448426,2561.6220359087406,28.230216487968484,2.7393444587142257,177.7224228054852,0.10235432842179136,0.8976456715782086,1.16421261894349,1732.9515315804124,0.9980456455771062,-1044187.8453350799,0.000977655116210093,265.42553434735225,271491.99134382035,316.3121475491133,271491.99134382035,vanhateren,,,,,,,,,,,,,,,,,,,,,,,,,,,,,,,,,,,,,,,,,,,,,
power_t040,power,0.4,10000,100,0.0,0.6,0.0,20696.8462669996,1.0,1000,72.17364404772381,3.0000000000000004,794.3282347242822,0.7943282347242822,1.0910460580129628,5209.034895127539,18.826351084427774,5.447131720706553,238.0968255790137,0.13712530077407983,0.8628746992259202,1.185757587756429,1733.9380952088418,0.998613829692758,-2077413.8153176878,0.0006933255037479772,231.2908279078072,333596.30744505406,279.9807329987564,333596.30744505406,vanhateren,,,,,,,,,,,,,,,,,,,,,,,,,,,,,,,,,,,,,,,,,,,,,
power_t040,power,0.4,10000,100,0.0,0.6,0.0,20696.8462669996,1.0,1000,91.10244451348444,4.77995764864,1000.0,1.0,1.3001145039268913,8299.655396332511,14.03189455525829,8.586754656850236,287.0992605177232,0.16534690185293557,0.8346530981470645,1.2035563548084276,1734.4034235126849,0.9988818226971503,-3193814.654748053,0.0005592450289260325,208.2784505409817,372427.897912579,253.93136641621743,372427.897912579,vanhateren,,,,,,,,,,,,,,,,,,,,,,,,,,,,,,,,,,,,,,,,,,,,,
power_t040,power,0.4,10000,100,0.0,0.6,0.0,20696.8462669996,1.0,1000,131.77044300762265,10.0,1412.5375446227554,1.4125375446227553,1.7172676896745696,17363.44965042513,8.74274597116489,17.74645964115167,383.009990726541,0.22058404201791973,0.7794159579820803,1.226109955695107,1734.9812983059974,0.9992146337484948,-6477443.741879672,0.00039276025606195064,174.53330468010165,444376.1862009079,213.05147027009008,444376.1862009079,vanhateren,25,21.301808238000376,/n/home12/binxuwang/Github/AccentuationPredRMT/tables/vanhateren_feature_interpolation_cases/vanhateren_feature_path_power_t040_n1000_trials25_seed20260828.npz,443.8001422815625,693.7077694366418,138.74155388732837,9.999999974752427e-07,9.999999974752427e-07,1000.0,1.6287569078371067,0.9702391063611905,0.1940478212722381,2.2104494558828365,0.2967068734681014,2.3406481368881487,-0.6287569078371065,0.9702391063611905,0.1940478212722381,-1.2104494558828365,-1.3406481368881487,0.7032931265318987,0.5964305183934292,0.47501562273444614,0.09500312454688922,0.30323292202602564,0.2883801358497439,1.0035747498148795,0.9997037678364561,0.00045822684101169686,9.164536820233937e-05,0.9999208612606226,0.9995585308346964,0.9999618651358507,-1470040730.093031,1694595016.3459985,338919003.2691997,-638601859.0975966,-2621359051.4776297,-20510279.076981533,0.00014815227105158057,0.00022919574935828264,4.583914987165653e-05,3.957015258712024e-05,1.9067613861586507e-05,0.0002207589499088376
power_t060,power,0.6,10000,100,0.0,0.4,0.0,753.8231129405686,1.0,1000,0.0,0.0,1e-06,9.999999999999999e-10,0.04952885900883587,0.0,283.2880582418522,0.0022167786091453145,2.2167786091453143,0.001276692508559806,0.9987233074914402,1.0128743582027533,689.3577597737285,0.3970165915485868,-1.9014991273656046,0.3699074738194502,567.6543264467991,1534.5846370324166,452.1271998119947,1534.5846370324166,vanhateren,,,,,,,,,,,,,,,,,,,,,,,,,,,,,,,,,,,,,,,,,,,,,
power_t060,power,0.6,10000,100,0.0,0.4,0.0,753.8231129405686,1.0,1000,0.005061246917419403,1.47529557057e-08,1e-06,9.999999999999999e-10,0.04952885900883587,2.5616220359087406e-05,283.2880582418522,0.002216814350450665,2.2167887342303056,0.0012766983398232905,0.9987233016601768,1.0128743521365904,689.3666228159697,0.3970216959733524,-1.901599977068265,0.3699034232965931,567.6543264467991,1534.6014410676241,452.1271998119947,1534.6014410676241,vanhateren,,,,,,,,,,,,,,,,,,,,,,,,,,,,,,,,,,,,,,,,,,,,,
power_t060,power,0.6,10000,100,0.0,0.4,0.0,753.8231129405686,1.0,1000,0.015183740752241055,1.32776601351e-07,1e-06,9.999999999999999e-10,0.04952885900883587,0.00023054598323126577,283.2880582418522,0.0022171002808934726,2.216869734910241,0.0012767449899311703,0.9987232550100689,1.0128743036072936,689.4375222175634,0.3970625285285307,-1.9024068377841008,0.3698710223069164,567.6543264467991,1534.7358733492877,452.1271998119947,1534.7358733492877,vanhateren,,,,,,,,,,,,,,,,,,,,,,,,,,,,,,,,,,,,,,,,,,,,,
power_t060,power,0.6,10000,100,0.0,0.4,0.0,753.8231129405686,1.0,1000,0.05061246917419403,1.4752955705700001e-06,1e-06,9.999999999999999e-10,0.04952885900883587,0.0025616220359087408,283.2880582418522,0.0022203527396804147,2.2177911176445053,0.0012772756349083,0.9987227243650917,1.0128737515868673,690.2433856468458,0.39752664334759413,-1.911592773130658,0.3695028601590693,567.6543264467991,1536.2650405532086,452.1271998119947,1536.2650405532086,vanhateren,,,,,,,,,,,,,,,,,,,,,,,,,,,,,,,,,,,,,,,,,,,,,
power_t060,power,0.6,10000,100,0.0,0.4,0.0,753.8231129405686,1.0,1000,0.15183740752241054,1.3277660135099999e-05,1e-06,9.999999999999999e-10,0.04952885900883587,0.023054598323126573,283.2880582418522,0.002248945783961143,2.225891185638016,0.0012819406456962411,0.9987180593543038,1.012868898685942,697.2793411547613,0.40157880789413813,-1.9929728846205896,0.36629753993365455,567.6543264467991,1549.7082687195093,452.1271998119947,1549.7082687195093,vanhateren,,,,,,,,,,,,,,,,,,,,,,,,,,,,,,,,,,,,,,,,,,,,,
power_t060,power,0.6,10000,100,0.0,0.4,0.0,753.8231129405686,1.0,1000,0.25306234587079857,3.688238926419999e-05,1e-06,9.999999999999999e-10,0.04952885900883587,0.06404055089763168,283.2880582418522,0.0023061318725226976,2.2420913216250664,0.0012912706672721403,0.9987087293327278,1.0128591930235982,711.0938085964633,0.4095348694601437,-2.159098149572614,0.3600508852571606,567.6543264467991,1576.5947250521576,452.1271998119947,1576.5947250521576,vanhateren,,,,,,,,,,,,,,,,,,,,,,,,,,,,,,,,,,,,,,,,,,,,,
power_t060,power,0.6,10000,100,0.0,0.4,0.0,753.8231129405686,1.0,1000,0.3542872842192847,7.22894829579e-05,1e-06,9.999999999999999e-10,0.04952885900883587,0.1255194797594762,283.2880582418522,0.0023919110053651506,2.266391525605674,0.0013052656996360074,0.998694734300364,1.0128446348788378,731.1915404814463,0.421109603910732,-2.41669865193071,0.35107041683189394,567.6543264467991,1616.9244095511867,452.1271998119947,1616.9244095511867,vanhateren,,,,,,,,,,,,,,,,,,,,,,,,,,,,,,,,,,,,,,,,,,,,,
power_t060,power,0.6,10000,100,0.0,0.4,0.0,753.8231129405686,1.0,1000,0.5061246917419403,0.00014752955705700003,1e-06,9.999999999999999e-10,0.04952885900883587,0.2561622035908741,283.2880582418522,0.002574191662655333,2.318029459064458,0.0013350051434092207,0.9986649948565908,1.0128137002107234,771.5556880554633,0.44435622159711363,-2.997618692208401,0.33339950375272476,567.6543264467991,1702.62498911161,452.1271998119947,1702.62498911161,vanhateren,,,,,,,,,,,,,,,,,,,,,,,,,,,,,,,,,,,,,,,,,,,,,
power_t060,power,0.6,10000,100,0.0,0.4,0.0,753.8231129405686,1.0,1000,0.7591870376126245,0.000331941503378,1e-06,9.999999999999999e-10,0.04952885900883587,0.5763649580790325,283.2880582418522,0.0030209579795422497,2.4445930214632163,0.0014078959369708904,0.9985921040630291,1.0127378879366782,858.6410569150863,0.4945106382671276,-4.6142311833094825,0.2967854962622517,567.6543264467991,1912.6754292103167,452.1271998119947,1912.6754292103167,vanhateren,,,,,,,,,,,,,,,,,,,,,,,,,,,,,,,,,,,,,,,,,,,,,
power_t060,power,0.6,10000,100,0.0,0.4,0.0,753.8231129405686,1.0,1000,1.0122493834838806,0.0005901182282280001,1e-06,9.999999999999999e-10,0.04952885900883587,1.0246488143634964,283.2880582418522,0.0036464308231853883,2.6217820088218917,0.0015099430479574663,0.9984900569520425,1.0126317698182963,957.9389020056117,0.5516984938428738,-7.337553002949976,0.2572359096975179,567.6543264467991,2206.7460453491904,452.1271998119947,2206.7460453491904,vanhateren,,,,,,,,,,,,,,,,,,,,,,,,,,,,,,,,,,,,,,,,,,,,,
power_t060,power,0.6,10000,100,0.0,0.4,0.0,753.8231129405686,1.0,1000,1.5183740752241055,0.00132776601351,1e-06,9.999999999999999e-10,0.04952885900883587,2.3054598323126574,283.2880582418522,0.005433496090728212,3.128036258415554,0.0018015062222033554,0.9981984937777967,1.012328697698192,1149.639980839616,0.6621034437194733,-18.07602890817729,0.18630260924624242,567.6543264467991,3046.94780574174,452.1271998119947,3046.94780574174,vanhateren,,,,,,,,,,,,,,,,,,,,,,,,,,,,,,,,,,,,,,,,,,,,,
power_t060,power,0.6,10000,100,0.0,0.4,0.0,753.8231129405686,1.0,1000,2.530623458707986,0.00368823892642,3.1622776601683795,0.0031622776601683794,0.05386497219388067,6.40405508976317,258.79167319278724,0.011112549511922316,4.708494422159144,0.002711727517834488,0.9972882724821656,1.0125645095921987,1366.595830405895,0.7870531823567877,-60.812925500350474,0.1128398214770978,561.1927493171409,4973.357295066633,447.4088324621432,4973.357295066633,vanhateren,,,,,,,,,,,,,,,,,,,,,,,,,,,,,,,,,,,,,,,,,,,,,
power_t060,power,0.6,10000,100,0.0,0.4,0.0,753.8231129405686,1.0,1000,4.166947281934958,0.01,19.95262314968883,0.01995262314968883,0.07523253072965176,17.36344965042513,178.3745259261137,0.025019299113428685,7.655849463003551,0.004409175375364483,0.9955908246246356,1.016495347200811,1438.831465829721,0.8286553045606883,-102.00019327700085,0.08969493873719007,532.5808171207141,5937.69085099883,426.24429244549486,5937.69085099883,vanhateren,25,20.90767822699854,/n/home12/binxuwang/Github/AccentuationPredRMT/tables/vanhateren_feature_interpolation_cases/vanhateren_feature_path_power_t060_n1000_trials25_seed20260828.npz,18.935248184204102,3.0046014803831778,0.6009202960766356,17.782794952392578,17.782794952392578,19.95262336730957,0.004442297326277138,0.0003970046166890341,7.940092333780683e-05,0.004371441868056353,0.004161258875965967,0.00472805783339899,0.995557702673723,0.00039700461668902304,7.94009233378046e-05,0.9956285581319436,0.995271942166601,0.995838741124034,1.016445477806719,0.004689538878988586,0.0009379077757977172,1.0165274398534403,1.0137897775278146,1.0193821443369147,0.8325584802942503,0.011837183610305687,0.0023674367220611376,0.8349467717503352,0.8233464070603935,0.8389513454864266,-109.60241192128517,19.19771462075147,3.839542924150294,-111.24915124325469,-117.73744086493674,-94.98736876818096,0.08757566648293452,0.006480411203278743,0.0012960822406557486,0.0862457815417019,0.08405712760760752,0.09261562331038924
power_t060,power,0.6,10000,100,0.0,0.4,0.0,753.8231129405686,1.0,1000,5.061246917419402,0.014752955705699998,28.183829312644548,0.028183829312644546,0.0851029193710025,25.616220359087404,154.7406359806724,0.034914995624717914,9.298775265630509,0.00535537318496088,0.9946446268150391,1.0180736777690702,1470.6019617648994,0.8469526455699966,-132.33549442859416,0.07969969815826057,520.8307361523141,6534.9147887372765,417.4698276362082,6534.9147887372765,vanhateren,,,,,,,,,,,,,,,,,,,,,,,,,,,,,,,,,,,,,,,,,,,,,
power_t060,power,0.6,10000,100,0.0,0.4,0.0,753.8231129405686,1.0,1000,7.217364404772381,0.03,50.118723362727245,0.05011872336272725,0.11038526757478898,52.09034895127538,113.6963768846222,0.0653841561545096,13.293807203234223,0.0076562016597368585,0.9923437983402631,1.0220720734581004,1513.4664123700722,0.8716392438371349,-196.7938581982446,0.06638378129065531,493.9291798839371,7440.50986974233,397.31182508645907,7440.50986974233,vanhateren,,,,,,,,,,,,,,,,,,,,,,,,,,,,,,,,,,,,,,,,,,,,,
power_t060,power,0.6,10000,100,0.0,0.4,0.0,753.8231129405686,1.0,1000,10.122493834838805,0.05901182282279999,79.43282347242821,0.07943282347242821,0.14284467038990273,102.46488143634961,82.87486692090307,0.12113679420844592,18.671912772096313,0.010753573251867696,0.9892464267481323,1.02672437229393,1549.5500429391184,0.8924206157969187,-290.61365477814047,0.0553198341253699,464.5610473992407,8397.73030313898,375.3301792696417,8397.73030313898,vanhateren,,,,,,,,,,,,,,,,,,,,,,,,,,,,,,,,,,,,,,,,,,,,,
power_t060,power,0.6,10000,100,0.0,0.4,0.0,753.8231129405686,1.0,1000,13.177044300762265,0.1,112.20184543019653,0.11220184543019653,0.17815575255041718,173.6344965042513,62.6975454000799,0.19789808000025225,24.26358349600095,0.013973941805628975,0.9860260581943711,1.0315900324065814,1571.0201748643967,0.9047857462044887,-378.9674516406974,0.048797736438517106,437.46274021701,8964.816242413064,355.1859292532542,8964.816242413064,vanhateren,25,20.90767822699854,/n/home12/binxuwang/Github/AccentuationPredRMT/tables/vanhateren_feature_interpolation_cases/vanhateren_feature_path_power_t060_n1000_trials25_seed20260828.npz,113.56089447021485,14.744362034195044,2.948872406839009,112.20184326171875,100.0,125.89253997802734,0.013808874087156737,0.0018850931783693287,0.0003770186356738657,0.01409568175791329,0.012959820964262958,0.014641556226743187,0.9861911259128433,0.0018850931783693423,0.0003770186356738685,0.9859043182420867,0.9853584437732568,0.987040179035737,1.030152330126401,0.012966922584489272,0.002593384516897854,1.0302288598314988,1.0186446082845897,1.0411998466947932,0.9035684389986399,0.01091520824909442,0.0021830416498188837,0.9062728648621167,0.8965322172287972,0.9119053708460713,-382.7682770388358,84.85227277850291,16.97045455570058,-392.0797233571528,-448.0726490736125,-316.41125123857574,0.049454554516673355,0.005754986021554682,0.0011509972043109364,0.04801635262882974,0.04506263511889369,0.053146147904124946
power_t060,power,0.6,10000,100,0.0,0.4,0.0,753.8231129405686,1.0,1000,15.183740752241055,0.13277660135100003,125.89254117941661,0.12589254117941662,0.19271417286801892,230.54598323126578,56.67970990613661,0.2584191266297572,27.8731433984914,0.016052768291817492,0.9839472317081825,1.032660194679013,1591.4795611854865,0.9165687655543268,-503.4942530607994,0.04262402079730094,427.4509814073641,10028.405894416028,347.7938921404113,10028.405894416028,vanhateren,,,,,,,,,,,,,,,,,,,,,,,,,,,,,,,,,,,,,,,,,,,,,
power_t060,power,0.6,10000,100,0.0,0.4,0.0,753.8231129405686,1.0,1000,20.244987669669033,0.236047291291,177.82794100389228,0.17782794100389226,0.24727281566551074,409.8595257450512,40.92364397331958,0.4466194341047536,36.75990835970237,0.02117085550382112,0.9788291444961789,1.0392047930169437,1610.5648849850738,0.9275604314869774,-680.2006909262066,0.03690061183334899,394.6163325682899,10694.032238556401,323.7900136775809,10694.032238556401,vanhateren,,,,,,,,,,,,,,,,,,,,,,,,,,,,,,,,,,,,,,,,,,,,,
power_t060,power,0.6,10000,100,0.0,0.4,0.0,753.8231129405686,1.0,1000,22.82331022250615,0.3,199.52623149688827,0.19952623149688828,0.26984252716391255,520.9034895127538,36.4427107879821,0.5620746331242933,41.17114361153951,0.0237113847999274,0.9762886152000726,1.041242715822252,1621.1681659935805,0.9336670987806204,-819.385451233426,0.03373549233110078,382.8076802304149,11347.327511135925,315.25675170480815,11347.327511135925,vanhateren,,,,,,,,,,,,,,,,,,,,,,,,,,,,,,,,,,,,,,,,,,,,,
power_t060,power,0.6,10000,100,0.0,0.4,0.0,753.8231129405686,1.0,1000,30.3674815045107,0.5311064054050001,281.83829312644605,0.28183829312644604,0.3547218764946577,922.1839329267995,25.208511725220205,0.97577448527911,53.59055235231051,0.030864000778208493,0.9691359992217915,1.050898991303352,1634.2475148157225,0.9411997890498156,-1055.634120859641,0.029845481869091344,345.24875254381027,11567.873290106189,288.49320772198536,11567.873290106189,vanhateren,,,,,,,,,,,,,,,,,,,,,,,,,,,,,,,,,,,,,,,,,,,,,
power_t060,power,0.6,10000,100,0.0,0.4,0.0,753.8231129405686,1.0,1000,41.66947281934957,1.0,398.1071705534969,0.3981071705534969,0.47343931217743196,1736.3449650425127,16.957727023611287,1.8073820844185502,71.03711937603745,0.0409118699372611,0.9590881300627389,1.0627193692667765,1650.2995196142856,0.9504444985526708,-1508.5117531582878,0.025092569239176025,305.47563849342254,12173.948214776494,260.7614633336534,12173.948214776494,vanhateren,25,20.90767822699854,/n/home12/binxuwang/Github/AccentuationPredRMT/tables/vanhateren_feature_interpolation_cases/vanhateren_feature_path_power_t060_n1000_trials25_seed20260828.npz,408.323017578125,74.08828970118137,14.817657940236273,398.107177734375,354.8133850097656,446.68359375,0.04343608243706623,0.00653728092871646,0.001307456185743292,0.043577640839871694,0.03878109357476331,0.047070295379778464,0.9565639175629339,0.006537280928716451,0.0013074561857432903,0.9564223591601283,0.9529297046202215,0.9612189064252367,1.0737123444149725,0.034755727675559955,0.006951145535111991,1.0694865140553438,1.0518900389875707,1.0897507759558633,0.9502512159773896,0.011222316518482147,0.0022444633036964295,0.9487703495512917,0.9445009360393481,0.9586306181231623,-1760.6312369917755,885.7800116493825,177.1560023298765,-1407.7499909895027,-2192.9530119970836,-1191.286851890268,0.025208041172812622,0.00576022489837853,0.001152044979675706,0.025951567142941463,0.020903162029841747,0.02814561994126495
power_t060,power,0.6,10000,100,0.0,0.4,0.0,753.8231129405686,1.0,1000,50.612469174194025,1.47529557057,501.1872336272735,0.5011872336272735,0.5780618656631829,2561.6220359087406,12.850046332569677,2.6457111416428747,84.08910573413401,0.04842880154985514,0.9515711984501448,1.0736204366671958,1656.9760408983022,0.95428965686996,-1783.8871891741303,0.023122496486913616,278.4876405095204,12044.012663906467,242.23295689907485,12044.012663906467,vanhateren,,,,,,,,,,,,,,,,,,,,,,,,,,,,,,,,,,,,,,,,,,,,,
power_t060,power,0.6,10000,100,0.0,0.4,0.0,753.8231129405686,1.0,1000,72.17364404772381,3.0000000000000004,707.9457843841374,0.7079457843841374,0.786977443350023,5209.034895127539,8.349222158086187,5.321985804694602,112.95090956706302,0.06505096155492208,0.9349490384450779,1.090799361430331,1674.0766239907746,0.9641382661248921,-2943.7105126124216,0.018094573736914223,238.54883468957277,13183.445941194852,214.97864455166348,13183.445941194852,vanhateren,,,,,,,,,,,,,,,,,,,,,,,,,,,,,,,,,,,,,,,,,,,,,
power_t060,power,0.6,10000,100,0.0,0.4,0.0,753.8231129405686,1.0,1000,91.10244451348444,4.77995764864,891.2509381337477,0.8912509381337477,0.9716108959071513,8299.655396332511,6.219371902244451,8.436055938517084,136.4005421845724,0.07855613079814054,0.9214438692018595,1.1054195996216096,1683.080929492745,0.9693240475699691,-4055.8944534945977,0.015457442479011404,212.98633318995374,13778.885703708955,197.36639044565385,13778.885703708955,vanhateren,,,,,,,,,,,,,,,,,,,,,,,,,,,,,,,,,,,,,,,,,,,,,
power_t060,power,0.6,10000,100,0.0,0.4,0.0,753.8231129405686,1.0,1000,131.77044300762265,10.0,1258.9254117941662,1.2589254117941662,1.3411157576393482,17363.44965042513,3.9788505102598526,17.54643450835532,182.98485793018978,0.10538508281141562,0.8946149171885844,1.130362178339679,1695.9194928778495,0.9767180641067638,-7122.455343289463,0.011709524427780525,177.2375162137255,15136.1839933682,171.82418059752098,15136.1839933682,vanhateren,25,20.90767822699854,/n/home12/binxuwang/Github/AccentuationPredRMT/tables/vanhateren_feature_interpolation_cases/vanhateren_feature_path_power_t060_n1000_trials25_seed20260828.npz,1204.0356689453124,470.39246561638,94.07849312327599,1122.0184326171875,891.2509155273438,1584.8931884765625,0.12344969257360808,0.046486734950351494,0.009297346990070298,0.11691910648095104,0.09217343288389371,0.12957006646085611,0.876550307426392,0.0464867349503515,0.0092973469900703,0.883080893519049,0.8704299335391439,0.9078265671161063,1.1684502662736598,0.19786379999592535,0.03957275999918507,1.112399359602132,1.0397589595638304,1.2350919584619147,0.9764663684708303,0.011337672891282057,0.0022675345782564114,0.976732043682312,0.9692271979165331,0.9852401306882459,-17849.16189484676,26654.579632570447,5330.91592651409,-7131.170392145417,-17955.18654353602,-4029.7959208175175,0.01185287895920011,0.005740540190258342,0.0011481080380516683,0.01170245184847693,0.0074073692152223005,0.015506628810263065
power_t080,power,0.8,10000,100,0.0,0.19999999999999996,0.0,27.45583932318528,1.0,1000,0.0,0.0,1e-06,9.999999999999999e-10,0.01065334432027036,0.0,381.6998139558555,0.0003567763345461598,0.35677633454615965,0.00020547549117777084,0.9997945245088222,1.0029365645841146,14.323483867483173,0.008249215539455016,0.9900202913083906,0.909174807792909,618.8677700767968,680.6917270168817,488.509267387645,680.6917270168817,vanhateren,,,,,,,,,,,,,,,,,,,,,,,,,,,,,,,,,,,,,,,,,,,,,
power_t080,power,0.8,10000,100,0.0,0.19999999999999996,0.0,27.45583932318528,1.0,1000,0.005061246917419403,1.47529557057e-08,1e-06,9.999999999999999e-10,0.01065334432027036,2.5616220359087406e-05,381.6998139558555,0.0003568177646167587,0.3567921483963994,0.00020548459872872307,0.9997945154012713,1.0029365553942837,14.328391057017328,0.008252041699943254,0.9900165306335261,0.9091592508840705,618.8677700767968,680.7033745463262,488.509267387645,680.7033745463262,vanhateren,,,,,,,,,,,,,,,,,,,,,,,,,,,,,,,,,,,,,,,,,,,,,
power_t080,power,0.8,10000,100,0.0,0.19999999999999996,0.0,27.45583932318528,1.0,1000,0.015183740752241055,1.32776601351e-07,1e-06,9.999999999999999e-10,0.01065334432027036,0.00023054598323126577,381.6998139558555,0.00035714920518154864,0.35691865919831717,0.00020555745913634067,0.9997944425408637,1.002936481875642,14.367672775945064,0.00827466492270059,0.989986419730839,0.9090348147767477,618.8677700767968,680.7965547818827,488.509267387645,680.7965547818827,vanhateren,,,,,,,,,,,,,,,,,,,,,,,,,,,,,,,,,,,,,,,,,,,,,
power_t080,power,0.8,10000,100,0.0,0.19999999999999996,0.0,27.45583932318528,1.0,1000,0.05061246917419403,1.4752955705700001e-06,1e-06,9.999999999999999e-10,0.01065334432027036,0.0025616220359087408,381.6998139558555,0.00036091934160604425,0.35835771957013535,0.00020638624627299294,0.999793613753727,1.0029356456018514,14.817519057758451,0.008533741483447477,0.9896407170534348,0.9076217477787792,618.8677700767968,681.8564799613391,488.509267387645,681.8564799613391,vanhateren,,,,,,,,,,,,,,,,,,,,,,,,,,,,,,,,,,,,,,,,,,,,,
power_t080,power,0.8,10000,100,0.0,0.19999999999999996,0.0,27.45583932318528,1.0,1000,0.15183740752241054,1.3277660135099999e-05,1e-06,9.999999999999999e-10,0.01065334432027036,0.023054598323126573,381.6998139558555,0.00039406339808503537,0.3710087997619086,0.00021367228703475107,0.9997863277129653,1.0029282938043773,19.002821013694696,0.010944150728268117,0.9863490853044923,0.8953857049525825,618.8677700767968,691.1745035169738,488.509267387645,691.1745035169738,vanhateren,,,,,,,,,,,,,,,,,,,,,,,,,,,,,,,,,,,,,,,,,,,,,
power_t080,power,0.8,10000,100,0.0,0.19999999999999996,0.0,27.45583932318528,1.0,1000,0.25306234587079857,3.688238926419999e-05,1e-06,9.999999999999999e-10,0.01065334432027036,0.06404055089763168,381.6998139558555,0.0004603515110431299,0.396310960145498,0.00022824436855829205,0.9997717556314417,1.002913590532768,28.502802808695268,0.016415403265213145,0.9784056206903061,0.8718773897190151,618.8677700767968,709.8105506282745,488.509267387645,709.8105506282745,vanhateren,,,,,,,,,,,,,,,,,,,,,,,,,,,,,,,,,,,,,,,,,,,,,
power_t080,power,0.8,10000,100,0.0,0.19999999999999996,0.0,27.45583932318528,1.0,1000,0.3542872842192847,7.22894829579e-05,1e-06,9.999999999999999e-10,0.01065334432027036,0.1255194797594762,381.6998139558555,0.0005597836804804121,0.43426420072093574,0.0002501024908436344,0.9997498975091563,1.0028915364336661,45.09631630358971,0.02597197976871236,0.9630899209782752,0.8388417555049933,618.8677700767968,737.7646212952651,488.509267387645,737.7646212952651,vanhateren,,,,,,,,,,,,,,,,,,,,,,,,,,,,,,,,,,,,,,,,,,,,,
power_t080,power,0.8,10000,100,0.0,0.19999999999999996,0.0,27.45583932318528,1.0,1000,0.5061246917419403,0.00014752955705700003,1e-06,9.999999999999999e-10,0.01065334432027036,0.2561622035908741,381.6998139558555,0.0007710770405346018,0.5149148369437276,0.00029655100069997923,0.9997034489993,1.0028446746934319,86.86331589046884,0.0500265313859116,0.9169951807833765,0.7763338841355008,618.8677700767968,797.1670214626108,488.509267387645,797.1670214626108,vanhateren,,,,,,,,,,,,,,,,,,,,,,,,,,,,,,,,,,,,,,,,,,,,,
power_t080,power,0.8,10000,100,0.0,0.19999999999999996,0.0,27.45583932318528,1.0,1000,0.7591870376126245,0.000331941503378,0.22387211385683423,0.00022387211385683424,0.011012367213117892,0.5763649580790325,371.2839040052615,0.0012880007048969092,0.7116357468178768,0.00040984698383391403,0.999590153016166,1.0028324426010953,188.83362597418864,0.10875351947679661,0.757893782664878,0.6702220148694025,617.5803381115321,921.4563598479707,487.32515380202625,921.4563598479707,vanhateren,,,,,,,,,,,,,,,,,,,,,,,,,,,,,,,,,,,,,,,,,,,,,
power_t080,power,0.8,10000,100,0.0,0.19999999999999996,0.0,27.45583932318528,1.0,1000,1.0122493834838806,0.0005901182282280001,1.584893192461114,0.001584893192461114,0.013089490956722256,1.0246488143634964,320.705356079857,0.0019692280936709685,0.9445792793074722,0.0005440043875638187,0.9994559956124361,1.003283345131203,232.30417629429726,0.13378918416053892,0.6673938805223563,0.6342279614834686,610.4647092280197,962.532001585256,480.7129673081147,962.532001585256,vanhateren,,,,,,,,,,,,,,,,,,,,,,,,,,,,,,,,,,,,,,,,,,,,,
power_t080,power,0.8,10000,100,0.0,0.19999999999999996,0.0,27.45583932318528,1.0,1000,1.5183740752241055,0.00132776601351,4.4668359215096345,0.004466835921509635,0.017117691816069223,2.3054598323126574,253.6002987478145,0.003747342185735793,1.4418823534231355,0.0008304123791367877,0.9991695876208632,1.0041119250610013,305.4998452915407,0.17594421122651788,0.4779570179761202,0.5805429566373717,597.9619685893048,1030.0046908721927,468.8675290738402,1030.0046908721927,vanhateren,,,,,,,,,,,,,,,,,,,,,,,,,,,,,,,,,,,,,,,,,,,,,
power_t080,power,0.8,10000,100,0.0,0.19999999999999996,0.0,27.45583932318528,1.0,1000,2.530623458707986,0.00368823892642,11.220184543019652,0.011220184543019653,0.02566161699920498,6.40405508976317,174.95951456432041,0.008924304525100225,2.520249435337054,0.0014514681621893887,0.9985485318378106,1.0057798562621634,389.5768499391608,0.22436604348930306,0.1900733053498923,0.5263270711880369,575.2868971696136,1093.0216754214514,446.8982051183292,1093.0216754214514,vanhateren,,,,,,,,,,,,,,,,,,,,,,,,,,,,,,,,,,,,,,,,,,,,,
power_t080,power,0.8,10000,100,0.0,0.19999999999999996,0.0,27.45583932318528,1.0,1000,4.166947281934958,0.01,19.95262314968883,0.01995262314968883,0.03591466350749728,17.36344965042513,126.61599553432741,0.02176418096150685,4.400731311081716,0.0025344798410919275,0.9974655201589081,1.0073173674570024,555.8947990582625,0.3201522797888563,-0.6983100640717586,0.4341799934706653,552.5013645677345,1272.516865992038,424.51103521187287,1272.516865992038,vanhateren,25,20.494731264014263,/n/home12/binxuwang/Github/AccentuationPredRMT/tables/vanhateren_feature_interpolation_cases/vanhateren_feature_path_power_t080_n1000_trials25_seed20260828.npz,20.495077209472655,1.8692357208382313,0.37384714416764625,19.95262336730957,19.95262336730957,19.95262336730957,0.0025541033198066697,0.00024033512778338733,4.806702555667747e-05,0.002511611454343861,0.0023495665398285278,0.0027263001566543623,0.9974458966801931,0.00024033512778337172,4.806702555667434e-05,0.9974883885456561,0.9972736998433457,0.9976504334601715,1.0076284915426865,0.003979076966831932,0.0007958153933663864,1.0078388315781945,1.0057831301597413,1.009862952234437,0.3115022616679389,0.028814433404212813,0.005762886680842563,0.3134020958361795,0.2982590179697176,0.3344570419939488,-0.6222285807968957,0.31537030294177454,0.06307406058835491,-0.617512854523999,-0.8809606735066982,-0.4478796110406569,0.44247703003000444,0.026425989885556684,0.0052851979771113364,0.4401767280326947,0.42167738934574855,0.45386904686722107
power_t080,power,0.8,10000,100,0.0,0.19999999999999996,0.0,27.45583932318528,1.0,1000,5.061246917419402,0.014752955705699998,25.11886431509582,0.02511886431509582,0.041768125288572606,25.616220359087404,109.02131344889462,0.031090879902537776,5.474659543450371,0.0031529791911576333,0.9968470208088424,1.0081424984660503,613.4932215127952,0.35332450282871897,-1.147838086979195,0.4055889445604844,540.9898528978584,1333.8377688871697,413.1701057703548,1333.8377688871697,vanhateren,,,,,,,,,,,,,,,,,,,,,,,,,,,,,,,,,,,,,,,,,,,,,
power_t080,power,0.8,10000,100,0.0,0.19999999999999996,0.0,27.45583932318528,1.0,1000,7.217364404772381,0.03,39.81071705534978,0.039810717055349776,0.057947977402158554,52.09034895127538,78.1197604186395,0.06023488429128572,8.144535340010334,0.004690620529896214,0.9953093794701038,1.0104288733820397,680.2531847689646,0.39177306264847506,-1.7996286509204573,0.3740822237318426,513.1720095888478,1371.8160795491594,385.87155066056096,1371.8160795491594,vanhateren,,,,,,,,,,,,,,,,,,,,,,,,,,,,,,,,,,,,,,,,,,,,,
power_t080,power,0.8,10000,100,0.0,0.19999999999999996,0.0,27.45583932318528,1.0,1000,10.122493834838805,0.05901182282279999,56.23413251903491,0.05623413251903491,0.07556593945444981,102.46488143634961,59.12309618575037,0.11430128271366446,11.836401277314854,0.006816848907109338,0.9931831510928907,1.0121998313852663,795.8119316540931,0.4583259361912616,-3.3930212560621236,0.3230022627871924,487.72047507380887,1509.9599329901284,361.21365048154166,1509.9599329901284,vanhateren,,,,,,,,,,,,,,,,,,,,,,,,,,,,,,,,,,,,,,,,,,,,,
power_t080,power,0.8,10000,100,0.0,0.19999999999999996,0.0,27.45583932318528,1.0,1000,13.177044300762265,0.1,70.79457843841388,0.07079457843841389,0.09094896608807598,173.6344965042513,48.47529435299094,0.189419853702977,15.785357198725723,0.00909114117098225,0.9909088588290178,1.0131225801754584,909.1326435656466,0.5235898752085749,-5.853300554043143,0.2764048955330233,468.46389230886547,1694.8465815175696,342.86207122118157,1694.8465815175696,vanhateren,25,20.494731264014263,/n/home12/binxuwang/Github/AccentuationPredRMT/tables/vanhateren_feature_interpolation_cases/vanhateren_feature_path_power_t080_n1000_trials25_seed20260828.npz,78.30366973876953,7.2971410280493,1.45942820560986,79.43282318115234,70.7945785522461,79.43282318115234,0.009018611759159583,0.0013640169086453157,0.00027280338172906314,0.00887403458817711,0.008158746293858737,0.009723304530009939,0.9909813882408405,0.0013640169086453064,0.0002728033817290613,0.9911259654118229,0.9902766954699901,0.9918412537061413,1.0124697178866777,0.011986845733363652,0.0023973691466727303,1.0144494705826488,1.001588966085414,1.0236045313740993,0.4784197438270745,0.04003832124035673,0.008007664248071346,0.48413699103404784,0.45360745532083313,0.5087645049442086,-4.210472691751377,1.3176123761845484,0.2635224752369097,-4.231768463643612,-5.188603308768969,-3.2552403262851834,0.30891887744808094,0.02934397083612162,0.005868794167224324,0.30420046634533604,0.28672270122749,0.32649613563036395
power_t080,power,0.8,10000,100,0.0,0.19999999999999996,0.0,27.45583932318528,1.0,1000,15.183740752241055,0.13277660135100003,89.12509381337459,0.08912509381337459,0.11011571599421496,230.54598323126578,39.366559368639685,0.24892515610630667,18.379172875040894,0.010584977780950858,0.9894150222190491,1.0154733038632435,889.2723711491535,0.5121518989905215,-5.334113913255809,0.28435211242502684,447.39204438870877,1573.3733805359705,323.15083833686907,1573.3733805359705,vanhateren,,,,,,,,,,,,,,,,,,,,,,,,,,,,,,,,,,,,,,,,,,,,,
power_t080,power,0.8,10000,100,0.0,0.19999999999999996,0.0,27.45583932318528,1.0,1000,20.244987669669033,0.236047291291,112.20184543019653,0.11220184543019653,0.1340361730658153,409.8595257450512,31.68765767551957,0.434750808578947,24.891282833895787,0.014335447929430513,0.9856645520705695,1.0161318984709584,1019.8695765396199,0.5873657579988141,-9.763541269377459,0.23360208899109453,424.59520190763635,1817.6001924530005,302.3236281863379,1817.6001924530005,vanhateren,,,,,,,,,,,,,,,,,,,,,,,,,,,,,,,,,,,,,,,,,,,,,
power_t080,power,0.8,10000,100,0.0,0.19999999999999996,0.0,27.45583932318528,1.0,1000,22.82331022250615,0.3,125.89254117941661,0.12589254117941662,0.14814967929461545,520.9034895127538,28.342744689965517,0.5490944647338346,28.190975221080738,0.016235814765293777,0.9837641852347062,1.0167200622309687,1057.9344545810143,0.6092881748040844,-11.65398513196057,0.21943086481459922,412.59969519788064,1880.3175002135317,291.5910772501098,1880.3175002135317,vanhateren,,,,,,,,,,,,,,,,,,,,,,,,,,,,,,,,,,,,,,,,,,,,,
power_t080,power,0.8,10000,100,0.0,0.19999999999999996,0.0,27.45583932318528,1.0,1000,30.3674815045107,0.5311064054050001,177.82794100389228,0.17782794100389226,0.2013493245272123,922.1839329267995,20.063256883556072,0.959768662765214,37.58472983841455,0.021645888688653712,0.9783541113113463,1.020105442675279,1096.169735140768,0.6313087302406692,-13.956394686287139,0.20545061183041033,374.58901605192784,1823.2557825679935,258.70524291362716,1823.2557825679935,vanhateren,,,,,,,,,,,,,,,,,,,,,,,,,,,,,,,,,,,,,,,,,,,,,
power_t080,power,0.8,10000,100,0.0,0.19999999999999996,0.0,27.45583932318528,1.0,1000,41.66947281934957,1.0,251.18864315095823,0.25118864315095824,0.2759562788009013,1736.3449650425127,14.014728529599267,1.7874657959644744,51.12083092196163,0.029441632827097802,0.9705583671729022,1.0231605220906816,1161.084424524929,0.6686945554603553,-19.12949855601154,0.1822625387935593,334.41242769310185,1834.7842069284243,225.95469034269144,1834.7842069284243,vanhateren,25,20.494731264014263,/n/home12/binxuwang/Github/AccentuationPredRMT/tables/vanhateren_feature_interpolation_cases/vanhateren_feature_path_power_t080_n1000_trials25_seed20260828.npz,272.20075744628906,63.12460415171478,12.624920830342955,281.8382873535156,223.8721160888672,281.8382873535156,0.03138132150469901,0.0057720974156585695,0.001154419483131714,0.03240515797883031,0.027665028895450496,0.03419058691538825,0.9686186784953011,0.005772097415658562,0.0011544194831317124,0.9675948420211697,0.9658094130846118,0.9723349711045495,1.0334793303735086,0.028982203817996877,0.0057964407635993755,1.025114430745323,1.016665924021815,1.043354075695101,0.646829820859988,0.0848861015248414,0.01697722030496828,0.6409259447722884,0.6274740743098831,0.7139517216897824,-20.82981828526464,14.842636866958253,2.968527373391651,-15.116247287043198,-28.70041352820109,-13.521887466784598,0.19747900196388202,0.05390837685273998,0.010781675370547996,0.199421493685792,0.15504336105940777,0.20786738843178337
power_t080,power,0.8,10000,100,0.0,0.19999999999999996,0.0,27.45583932318528,1.0,1000,50.612469174194025,1.47529557057,316.2277660168379,0.3162277660168379,0.3418106279654816,2561.6220359087406,10.975459678490996,2.6229336617192813,61.31162581054084,0.03531074011496309,0.964689259885037,1.0259148680700603,1188.2339488941982,0.684330575327297,-21.929437663891534,0.17275724522526212,307.0971420413565,1777.6223604452914,204.95908676120112,1777.6223604452914,vanhateren,,,,,,,,,,,,,,,,,,,,,,,,,,,,,,,,,,,,,,,,,,,,,
power_t080,power,0.8,10000,100,0.0,0.19999999999999996,0.0,27.45583932318528,1.0,1000,72.17364404772381,3.0000000000000004,501.1872336272735,0.5011872336272735,0.5283556052957902,5209.034895127539,6.692242901406679,5.293225359046376,84.19046391883711,0.04848717600121344,0.9515128239987866,1.0340725119529948,1213.7244487758167,0.6990111257909513,-25.01124438048542,0.1639311476971821,253.23763288156664,1544.7804547147673,166.79154082465394,1544.7804547147673,vanhateren,,,,,,,,,,,,,,,,,,,,,,,,,,,,,,,,,,,,,,,,,,,,,
power_t080,power,0.8,10000,100,0.0,0.19999999999999996,0.0,27.45583932318528,1.0,1000,91.10244451348444,4.77995764864,630.9573444801943,0.6309573444801942,0.6588961114216141,8299.655396332511,5.228605562175059,8.402150423765402,102.49502743289025,0.05902918457818131,0.9409708154218187,1.0361107019996088,1272.9286900346124,0.73310817588799,-34.461343500189095,0.14378263513989042,227.5859054982368,1582.8469500285044,150.18601791690193,1582.8469500285044,vanhateren,,,,,,,,,,,,,,,,,,,,,,,,,,,,,,,,,,,,,,,,,,,,,
power_t080,power,0.8,10000,100,0.0,0.19999999999999996,0.0,27.45583932318528,1.0,1000,131.77044300762265,10.0,1000.0,1.0,1.029444974982262,17363.44965042513,3.2262694497008466,17.501313643154415,137.86399272928674,0.07939896478227255,0.9206010352177274,1.0476575780010635,1311.2372791165342,0.7551709513463125,-43.00891378453056,0.13099427427299848,180.6979085624057,1379.4336398690405,122.4101046381514,1379.4336398690405,vanhateren,25,20.494731264014263,/n/home12/binxuwang/Github/AccentuationPredRMT/tables/vanhateren_feature_interpolation_cases/vanhateren_feature_path_power_t080_n1000_trials25_seed20260828.npz,1116.698080444336,615.526514858389,123.10530297167779,1000.0,707.94580078125,1584.8931884765625,0.09379077940253681,0.04006685129126516,0.008013370258253032,0.08305674683776869,0.06512903474503315,0.10504285953011842,0.9062092205974632,0.04006685129126515,0.00801337025825303,0.9169432531622314,0.8949571404698816,0.9348709652549668,1.0991428878327367,0.16815617679309533,0.03363123535861907,1.0674814736577631,0.9782916366543919,1.1725398663584148,0.7172411416871044,0.15346472194048266,0.030692944388096534,0.6907930862463789,0.605342621292374,0.8717733524041331,-189.60230690414988,360.74391440298086,72.14878288059617,-23.226602544817286,-197.2530306225151,-11.286911109240865,0.1579140886407223,0.09203973087589648,0.018407946175179296,0.16886036898341866,0.06631196194653266,0.22196232655971337
power_t100,power,1.0,10000,100,0.0,0.0,0.0,1.0,1.0,1000,0.0,0.0,1e-06,9.999999999999999e-10,0.0024121979882309142,0.0,466.6752592042913,9.847908756409698e-05,0.09847908756409701,5.671631475700789e-05,0.999943283685243,1.0008337673746488,1.2144377778402912e-12,6.994219479943934e-16,0.9999999999999993,1.0000000264465867,639.9536115976783,639.9535946730902,618.1803848123268,639.9535946730902,vanhateren,,,,,,,,,,,,,,,,,,,,,,,,,,,,,,,,,,,,,,,,,,,,,
power_t100,power,1.0,10000,100,0.0,0.0,0.0,1.0,1.0,1000,0.005061246917419403,1.47529557057e-08,1e-06,9.999999999999999e-10,0.0024121979882309142,2.5616220359087406e-05,466.6752592042913,9.852711875110112e-05,0.09850150253074205,5.6729224038916906e-05,0.9999432707759611,1.000833754432325,4.7658761402878084e-07,2.744774935993851e-10,0.9999999997255135,0.9999834326376994,639.9536115976783,639.964214116673,618.1803848123268,639.964214116673,vanhateren,,,,,,,,,,,,,,,,,,,,,,,,,,,,,,,,,,,,,,,,,,,,,
power_t100,power,1.0,10000,100,0.0,0.0,0.0,1.0,1.0,1000,0.015183740752241055,1.32776601351e-07,1e-06,9.999999999999999e-10,0.0024121979882309142,0.00023054598323126577,466.6752592042913,9.891136824713317e-05,0.09868082226390192,5.6832498294188796e-05,0.9999431675017059,1.000833650893747,3.8702948590407656e-05,2.228989594211197e-08,0.9999999777034468,0.9998507019894904,639.9536115976783,640.0491696653377,618.1803848123268,640.0491696653377,vanhateren,,,,,,,,,,,,,,,,,,,,,,,,,,,,,,,,,,,,,,,,,,,,,
power_t100,power,1.0,10000,100,0.0,0.0,0.0,1.0,1.0,1000,0.05061246917419403,1.4752955705700001e-06,1e-06,9.999999999999999e-10,0.0024121979882309142,0.0025616220359087408,466.6752592042913,0.0001032822062645099,0.1007205842286012,5.800724294790992e-05,0.9999419927570521,1.0008324731439306,0.004765281687870303,2.7444325775170084e-06,0.9999972464517421,0.9983433670963315,639.9536115976783,641.0155390314005,618.1803848123268,641.0155390314005,vanhateren,,,,,,,,,,,,,,,,,,,,,,,,,,,,,,,,,,,,,,,,,,,,,
power_t100,power,1.0,10000,100,0.0,0.0,0.0,1.0,1.0,1000,0.15183740752241054,1.3277660135099999e-05,1e-06,9.999999999999999e-10,0.0024121979882309142,0.023054598323126573,466.6752592042913,0.00014170715586771558,0.11865255754458902,6.833466847509989e-05,0.9999316653315249,1.0008221194186913,0.37596712388095466,0.0002165278970770359,0.9997769562716299,0.9852851130797061,639.9536115976783,649.5110938978618,618.1803848123268,649.5110938978618,vanhateren,,,,,,,,,,,,,,,,,,,,,,,,,,,,,,,,,,,,,,,,,,,,,
power_t100,power,1.0,10000,100,0.0,0.0,0.0,1.0,1.0,1000,0.25306234587079857,3.688238926419999e-05,1e-06,9.999999999999999e-10,0.0024121979882309142,0.06404055089763168,466.6752592042913,0.0002185570550742571,0.15451650417662544,8.898951952951484e-05,0.9999110104804705,1.00080141261086,2.754963316631439,0.0015866451494930827,0.9982789796764432,0.9601672854365525,639.9536115976783,666.5022036308133,618.1803848123268,666.5022036308133,vanhateren,,,,,,,,,,,,,,,,,,,,,,,,,,,,,,,,,,,,,,,,,,,,,
power_t100,power,1.0,10000,100,0.0,0.0,0.0,1.0,1.0,1000,0.3542872842192847,7.22894829579e-05,0.1778279410038923,0.0001778279410038923,0.0027338311223607985,0.1255194797594762,428.77048117895174,0.00033081389937448673,0.20529441961501052,0.00011823365964031467,0.9998817663403596,1.000886600291666,5.5122150411063355,0.0031746082443769312,0.9964349763322351,0.9436563380283378,637.1394907284621,675.181700214818,613.9298695194045,675.181700214818,vanhateren,,,,,,,,,,,,,,,,,,,,,,,,,,,,,,,,,,,,,,,,,,,,,
power_t100,power,1.0,10000,100,0.0,0.0,0.0,1.0,1.0,1000,0.5061246917419403,0.00014752955705700003,0.6309573444801942,0.0006309573444801943,0.0034811027032915927,0.2561622035908741,362.6303381308817,0.0005454160033586335,0.28925379976775945,0.00016658774931897094,0.999833412250681,1.0011014114557217,7.750548122460135,0.004463714456804596,0.994874252408866,0.9331889645582064,631.1685835836577,676.3566732515613,604.8925963910549,676.3566732515613,vanhateren,,,,,,,,,,,,,,,,,,,,,,,,,,,,,,,,,,,,,,,,,,,,,
power_t100,power,1.0,10000,100,0.0,0.0,0.0,1.0,1.0,1000,0.7591870376126245,0.000331941503378,1.4125375446227555,0.0014125375446227555,0.004641158094697971,0.5763649580790325,295.02626935367596,0.0010182344428964233,0.441869484817391,0.00025448254449055995,0.9997455174555094,1.0014151751331999,12.362039480626953,0.007119575734954419,0.9915077792258544,0.9156224216100366,623.0218592783839,680.4353460270862,592.5416272078908,680.4353460270862,vanhateren,,,,,,,,,,,,,,,,,,,,,,,,,,,,,,,,,,,,,,,,,,,,,
power_t100,power,1.0,10000,100,0.0,0.0,0.0,1.0,1.0,1000,1.0122493834838806,0.0005901182282280001,2.2387211385683425,0.0022387211385683425,0.0057755247440542685,1.0246488143634964,250.92731982373328,0.00163098544631243,0.6063366319489333,0.00034920286242433844,0.9996507971375757,1.0017060518309162,17.139619185748735,0.009871091016369024,0.9878309606831749,0.9006466356061908,615.9660095615098,683.9152950889853,581.8430797901282,683.9152950889853,vanhateren,,,,,,,,,,,,,,,,,,,,,,,,,,,,,,,,,,,,,,,,,,,,,
power_t100,power,1.0,10000,100,0.0,0.0,0.0,1.0,1.0,1000,1.5183740752241055,0.00132776601351,3.9810717055349776,0.003981071705534978,0.008011167962493463,2.3054598323126574,195.35018901361119,0.003267078313346388,0.9616184810337304,0.0005538176459135735,0.9994461823540864,1.0022432858834236,26.507048779375246,0.015266003768281291,0.9801263931378026,0.8764443292750944,603.8060157111465,688.9268325924972,563.4381047506844,688.9268325924972,vanhateren,,,,,,,,,,,,,,,,,,,,,,,,,,,,,,,,,,,,,,,,,,,,,
power_t100,power,1.0,10000,100,0.0,0.0,0.0,1.0,1.0,1000,2.530623458707986,0.00368823892642,7.943282347242821,0.00794328234724282,0.012734517473977358,6.40405508976317,134.80237458041486,0.00815227488414305,1.7482197943798794,0.001006838980488578,0.9989931610195114,1.0032916946035848,39.54889192079273,0.02277709367494518,0.9684061957145488,0.8490791807769876,582.7184903728136,686.2946396113153,531.7331441991645,686.2946396113153,vanhateren,,,,,,,,,,,,,,,,,,,,,,,,,,,,,,,,,,,,,,,,,,,,,
power_t100,power,1.0,10000,100,0.0,0.0,0.0,1.0,1.0,1000,4.166947281934958,0.01,12.589254117941687,0.012589254117941687,0.017991452601165442,17.36344965042513,101.00582248658027,0.020520879050411438,3.1574293999863046,0.0018184343915259938,0.998181565608474,1.0040606638813236,90.7258636570974,0.052251059255887015,0.9121950834466725,0.7714150939893734,563.5245287785127,730.5075220452915,503.23472575940553,730.5075220452915,vanhateren,25,18.599843695003074,/n/home12/binxuwang/Github/AccentuationPredRMT/tables/vanhateren_feature_interpolation_cases/vanhateren_feature_path_power_t100_n1000_trials25_seed20260828.npz,13.293506698608399,1.187389327617786,0.2374778655235572,12.589254379272461,12.589254379272461,14.125375747680664,0.001829826134972271,0.00017746211775519207,3.549242355103842e-05,0.0017777519005852897,0.0016903914603831449,0.0019703072317188266,0.9981701738650277,0.00017746211775519977,3.5492423551039956e-05,0.9982222480994147,0.9980296927682811,0.9983096085396168,1.0044042377962874,0.003722521932179235,0.0007445043864358471,1.0044477636746039,1.002604855133998,1.006494391492771,0.04469439156394786,0.012561784823669653,0.0025123569647339306,0.04391991312123966,0.03797124116028213,0.051847255917676784,0.9267310468421343,0.0258891720564797,0.00517783441129594,0.9297032086098788,0.9130732141157542,0.9414247351791045,0.7907101140889339,0.030484545594187278,0.006096909118837456,0.7904292169188661,0.7723000748404234,0.8051378919330848
power_t100,power,1.0,10000,100,0.0,0.0,0.0,1.0,1.0,1000,5.061246917419402,0.014752955705699998,15.848931924611142,0.01584893192461114,0.021586620762091953,25.616220359087404,86.4093970294693,0.0295899737754342,3.973753416346797,0.002288573697248866,0.9977114263027511,1.0046276667245375,105.20505904322137,0.060589952550497664,0.8933818755566807,0.7538497358309407,552.0582446142961,732.3186815284649,486.4202904430749,732.3186815284649,vanhateren,,,,,,,,,,,,,,,,,,,,,,,,,,,,,,,,,,,,,,,,,,,,,
power_t100,power,1.0,10000,100,0.0,0.0,0.0,1.0,1.0,1000,7.217364404772381,0.03,25.11886431509582,0.02511886431509582,0.031583784226882655,52.09034895127538,61.86126858774773,0.05813675806729538,6.046409116020004,0.003482262590528469,0.9965177374094716,1.0061605476369662,118.25965831764749,0.06810838900019618,0.8752951527510682,0.7390241601216768,524.8344031082734,710.1721857399924,447.26309332479207,710.1721857399924,vanhateren,,,,,,,,,,,,,,,,,,,,,,,,,,,,,,,,,,,,,,,,,,,,,
power_t100,power,1.0,10000,100,0.0,0.0,0.0,1.0,1.0,1000,10.122493834838805,0.05901182282279999,35.481338923357605,0.03548133892335761,0.04253684431000804,102.46488143634961,47.29743160887174,0.11144753307426056,8.982651637910944,0.005173310499213509,0.9948266895007865,1.0072226601359002,165.462408093749,0.09529351103897594,0.8005997123595835,0.6913035292735339,500.29914541376235,723.7040232378226,413.0460916304471,723.7040232378226,vanhateren,,,,,,,,,,,,,,,,,,,,,,,,,,,,,,,,,,,,,,,,,,,,,
power_t100,power,1.0,10000,100,0.0,0.0,0.0,1.0,1.0,1000,13.177044300762265,0.1,44.668359215096345,0.04466835921509635,0.052136850678002805,173.6344965042513,39.247285398209314,0.1858160515033988,12.181554999147501,0.007015630675007743,0.9929843693249922,1.0076206380488006,231.2250912093428,0.13316771486343526,0.669825025959214,0.6350784812272161,481.8765953850303,758.7670022354706,388.10838095224176,758.7670022354706,vanhateren,25,18.599843695003074,/n/home12/binxuwang/Github/AccentuationPredRMT/tables/vanhateren_feature_interpolation_cases/vanhateren_feature_path_power_t100_n1000_trials25_seed20260828.npz,49.4332308959961,4.9288702112668625,0.9857740422533725,50.11872482299805,44.668357849121094,50.11872482299805,0.007056670610003225,0.0011577796579598635,0.00023155593159197271,0.006878031049680918,0.006201550577270599,0.007466616257079336,0.9929433293899966,0.001157779657959871,0.00023155593159197423,0.9931219689503191,0.9925333837429207,0.9937984494227294,1.006210145677511,0.01173395100227875,0.0023467902004557497,1.0082189882897041,0.9951342018521425,1.0178318168464824,0.10079921418117467,0.031304967162068084,0.0062609934324136165,0.099533836709684,0.08477093062434772,0.1180420442687762,0.7731509594682804,0.10368633467080686,0.02073726693416137,0.7875723998052426,0.7260551421784585,0.8312888631720714,0.6866155344613165,0.0519353658828324,0.01038707317656648,0.684510163856767,0.6564275269047647,0.7088455210299046
power_t100,power,1.0,10000,100,0.0,0.0,0.0,1.0,1.0,1000,15.183740752241055,0.13277660135100003,50.118723362727245,0.05011872336272725,0.05779900690735989,230.54598323126578,35.67711255343571,0.24488722664006227,14.341243408796503,0.008259443657525376,0.9917405563424746,1.0076306025786679,277.9996421486485,0.1601062275904615,0.5550635978684877,0.5998672375442602,472.0436240040492,786.9134942866758,375.0804656224017,786.9134942866758,vanhateren,,,,,,,,,,,,,,,,,,,,,,,,,,,,,,,,,,,,,,,,,,,,,
power_t100,power,1.0,10000,100,0.0,0.0,0.0,1.0,1.0,1000,20.244987669669033,0.236047291291,70.79457843841388,0.07079457843841389,0.07912952532617303,409.8595257450512,26.600886551388037,0.42966931280631626,19.809787061265027,0.011408900569927936,0.9885910994300721,1.0089052222286263,309.49898705384584,0.17824740664149538,0.4661017811649153,0.5778064346280306,440.14450374074204,761.7507825507171,334.2396296479425,761.7507825507171,vanhateren,,,,,,,,,,,,,,,,,,,,,,,,,,,,,,,,,,,,,,,,,,,,,
power_t100,power,1.0,10000,100,0.0,0.0,0.0,1.0,1.0,1000,22.82331022250615,0.3,79.43282347242821,0.07943282347242821,0.0879919149952482,520.9034895127538,24.067938912013847,0.5435371113860347,22.633621873280855,0.013035210357940995,0.986964789642059,1.008965552103831,343.6770652986977,0.19793132828895155,0.3576616503726777,0.555105261562972,428.75920048815215,772.3926076307116,320.20600124768623,772.3926076307116,vanhateren,,,,,,,,,,,,,,,,,,,,,,,,,,,,,,,,,,,,,,,,,,,,,
power_t100,power,1.0,10000,100,0.0,0.0,0.0,1.0,1.0,1000,30.3674815045107,0.5311064054050001,112.20184543019653,0.11220184543019653,0.12144925398734077,922.1839329267995,17.731241328206345,0.9530502248728424,30.866291946042864,0.017776589656702885,0.9822234103432971,1.0100625859331933,377.8755075571646,0.21762697802847758,0.23536858973533148,0.5334949324728856,392.6681400636381,736.0297467935088,277.66102431489014,736.0297467935088,vanhateren,,,,,,,,,,,,,,,,,,,,,,,,,,,,,,,,,,,,,,,,,,,,,
power_t100,power,1.0,10000,100,0.0,0.0,0.0,1.0,1.0,1000,41.66947281934957,1.0,158.48931924611173,0.15848931924611173,0.16844673149982192,1736.3449650425127,12.985979208578733,1.7794274705291477,43.08250548663494,0.02481218096288839,0.9751878190371116,1.0100060016978902,451.4500482175503,0.2600002057808236,-0.08245064270323499,0.4900978468560624,354.37247738915613,723.0647505644569,235.78960449327738,723.0647505644569,vanhateren,25,18.599843695003074,/n/home12/binxuwang/Github/AccentuationPredRMT/tables/vanhateren_feature_interpolation_cases/vanhateren_feature_path_power_t100_n1000_trials25_seed20260828.npz,176.2677017211914,47.13260954588476,9.426521909176952,177.82794189453125,141.25375366210938,199.52622985839844,0.026536262512394958,0.005565648763681869,0.0011131297527363737,0.027529491244150633,0.023086640720904675,0.02929279010498615,0.973463737487605,0.005565648763681878,0.0011131297527363754,0.9724705087558494,0.9707072098950138,0.9769133592790953,1.0193487828263115,0.026704151186811905,0.005340830237362381,1.0130104888048426,1.0045993600687324,1.0291685373297677,0.23707433783368712,0.11875376450477461,0.023750752900954922,0.22407346074061513,0.144714430017393,0.31997709170951244,-0.26265865131866123,1.275263505970871,0.2550527011941742,0.19207823610491292,-0.6961708074727049,0.6230289982281767,0.5311547590977151,0.13408050254793102,0.026816100509586206,0.5266360166419343,0.4343348236725965,0.6195865012681687
power_t100,power,1.0,10000,100,0.0,0.0,0.0,1.0,1.0,1000,50.612469174194025,1.47529557057,199.52623149688827,0.19952623149688828,0.2099682265114277,2561.6220359087406,10.532295760627823,2.614156119810308,52.534083901567506,0.030255556907887404,0.9697444430921126,1.0099143804432988,486.39102181990717,0.28012349597131947,-0.26415445951581407,0.47073305792698567,328.1612777276324,697.1281753034068,209.0907931183365,697.1281753034068,vanhateren,,,,,,,,,,,,,,,,,,,,,,,,,,,,,,,,,,,,,,,,,,,,,
power_t100,power,1.0,10000,100,0.0,0.0,0.0,1.0,1.0,1000,72.17364404772381,3.0000000000000004,316.2277660168379,0.3162277660168379,0.32766638916911606,5209.034895127539,6.929803950359252,5.283394454778376,74.35955965083787,0.042825337791685444,0.9571746622083146,1.009821640970864,523.6587925906423,0.3015868408256196,-0.4838338846408241,0.45083077214248474,275.7942778434488,611.7467903372936,160.5957920221686,611.7467903372936,vanhateren,,,,,,,,,,,,,,,,,,,,,,,,,,,,,,,,,,,,,,,,,,,,,
power_t100,power,1.0,10000,100,0.0,0.0,0.0,1.0,1.0,1000,91.10244451348444,4.77995764864,446.6835921509635,0.4466835921509635,0.4588970736583765,8299.655396332511,5.085435756708144,8.392008002577183,92.35260624467146,0.05318793678905292,0.9468120632109471,1.0104946550396987,516.2339261393171,0.29731069374608843,-0.4377656864028916,0.4547379586418211,238.0731072108302,523.5391123316161,129.82314980368108,523.5391123316161,vanhateren,,,,,,,,,,,,,,,,,,,,,,,,,,,,,,,,,,,,,,,,,,,,,
power_t100,power,1.0,10000,100,0.0,0.0,0.0,1.0,1.0,1000,131.77044300762265,10.0,794.3282347242822,0.7943282347242822,0.8079050000039807,17363.44965042513,3.0987605660923596,17.490919815744004,127.47016531887738,0.07341292651242053,0.9265870734875795,1.0122198011407428,490.7249011090003,0.2826194742339034,-0.2882637569914468,0.4683803293388183,181.53281933711088,387.57566867372253,90.8414722990241,387.57566867372253,vanhateren,25,18.599843695003074,/n/home12/binxuwang/Github/AccentuationPredRMT/tables/vanhateren_feature_interpolation_cases/vanhateren_feature_path_power_t100_n1000_trials25_seed20260828.npz,1180.778118286133,938.3130084757452,187.66260169514902,1000.0,562.34130859375,1584.8931884765625,0.08446985795673623,0.03609107191442914,0.007218214382885828,0.07743248684670233,0.06227809747683434,0.09233543742909092,0.9155301420432639,0.03609107191442914,0.007218214382885828,0.9225675131532977,0.9076645625709091,0.9377219025231657,1.0682147818750545,0.15343583498740082,0.030687166997480163,1.042535273036475,0.9561203796933267,1.1221552273043858,0.2667142121665189,0.27934645547249254,0.05586929109449851,0.1341190551339756,0.041298857849120504,0.44324330438068626,-9.279069249196354,23.3737817861825,4.6747563572365,0.6660994727510148,-2.9677002743838337,0.9483471840082103,0.6184525282530402,0.35522255196863,0.071044510393726,0.6337773148288386,0.33423479785987137,0.848026960602887
