pc,kappa_0.160681,kappa_1.60681,kappa_16.0681,kappa_160.681,kappa_1606.81
1.000000000000000000e+00,7.420599650391412005e-05,9.064878592999006408e-05,2.574538926655722555e-04,2.725114093232295417e-03,3.150325649964041269e-02
2.000000000000000000e+00,2.904725856706142262e-04,3.544972140376844447e-04,9.973773992679869742e-04,9.728633968957874426e-03,8.134206155534472182e-02
3.000000000000000000e+00,5.546567156936865490e-04,6.764278012341147072e-04,1.889860126722528021e-03,1.740496371130638778e-02,1.209008567871359546e-01
4.000000000000000000e+00,8.626750682758048535e-04,1.051474876504259089e-03,2.921544019911994673e-03,2.574576367326595477e-02,1.569027832845450721e-01
5.000000000000000000e+00,1.030677208336066956e-03,1.255841934467576831e-03,3.478553711604045334e-03,2.994112026709918467e-02,1.720382771120982091e-01
6.000000000000000000e+00,1.395266835876939537e-03,1.699120791777428705e-03,4.680734167135258521e-03,3.866698607232996882e-02,2.009420587645918410e-01
7.000000000000000000e+00,1.901931561547576819e-03,2.314592380692584092e-03,6.335701242335906556e-03,4.995914567496598929e-02,2.337263484489942311e-01
8.000000000000000000e+00,2.642188765578862633e-03,3.212994081470600932e-03,8.730250082048163565e-03,6.532200044609061396e-02,2.733030804560415139e-01
9.000000000000000000e+00,3.045506035841730966e-03,3.702227113902326582e-03,1.002796135365772827e-02,7.337969148825126964e-02,2.928642984507292546e-01
1.000000000000000000e+01,3.520571620709433622e-03,4.277881259093002132e-03,1.153957656245072766e-02,8.216012866722902097e-02,3.119028617871324460e-01
1.100000000000000000e+01,3.828863973933261788e-03,4.651133134475910445e-03,1.251185786197704132e-02,8.752526226368426143e-02,3.226368835418510495e-01
1.200000000000000000e+01,4.238246799769417560e-03,5.146318331906546070e-03,1.379058816934424989e-02,9.421117397239986424e-02,3.349963406314686587e-01
1.300000000000000000e+01,4.796500688396351623e-03,5.821131020456727680e-03,1.552242463671165383e-02,1.029343634075633451e-01,3.503075718405712635e-01
1.400000000000000000e+01,5.399140939244038637e-03,6.549090597691703888e-03,1.737853998862311233e-02,1.119313837367509196e-01,3.653147568792188271e-01
1.500000000000000000e+01,5.934937582948191827e-03,7.195690806640382339e-03,1.901267244356079356e-02,1.194592536360308543e-01,3.770904790732294010e-01
1.600000000000000000e+01,6.654661393370145568e-03,8.063663722795905153e-03,2.119248175931603972e-02,1.291521315258304659e-01,3.916222519187180229e-01
1.700000000000000000e+01,7.250123592400244989e-03,8.781647075014600498e-03,2.299253670235166039e-02,1.370811958010929865e-01,4.033788588380989859e-01
1.800000000000000000e+01,7.809215582976243228e-03,9.455163522791819319e-03,2.466699718448729303e-02,1.441277872916796321e-01,4.132976617244557005e-01
1.900000000000000000e+01,8.517776088808140869e-03,1.030844370285035304e-02,2.678164261288555267e-02,1.528769473491797259e-01,4.253848273435126837e-01
2.000000000000000000e+01,9.653863485072813888e-03,1.167556993413422159e-02,3.014707560842329673e-02,1.663184340487253166e-01,4.432655253907160642e-01
2.100000000000000000e+01,1.041257913145361529e-02,1.258801344212072057e-02,3.238050607608875670e-02,1.749812243008172785e-01,4.544446286808653257e-01
2.200000000000000000e+01,1.097456366603284487e-02,1.326337102413768267e-02,3.402264318179278046e-02,1.811395104834629954e-01,4.621272908271841784e-01
2.300000000000000000e+01,1.179255186061534295e-02,1.424548984675342786e-02,3.639118885961446781e-02,1.896688822059474366e-01,4.723582999112190817e-01
2.400000000000000000e+01,1.237667797271031940e-02,1.494624608513656777e-02,3.806869876397873248e-02,1.954969234350649177e-01,4.791190912647260713e-01
2.500000000000000000e+01,1.298328287343861014e-02,1.567350223794529776e-02,3.979962003366406542e-02,2.013479067878374273e-01,4.857402427179783877e-01
2.600000000000000000e+01,1.401295695539402954e-02,1.690760732976396424e-02,4.272905157979468155e-02,2.111270511695492458e-01,4.966843955626154550e-01
2.700000000000000000e+01,1.454261533302652482e-02,1.754209783759536762e-02,4.422824822866609773e-02,2.160260016584157061e-01,5.020656467772890430e-01
2.800000000000000000e+01,1.562943357056945787e-02,1.884350038151149861e-02,4.729222551790732143e-02,2.258745800286159899e-01,5.127318833845845303e-01
2.900000000000000000e+01,1.646036269331678514e-02,1.983778378946030735e-02,4.961836130460921951e-02,2.331403415616682684e-01,5.204136271971201433e-01
3.000000000000000000e+01,1.848760660744868875e-02,2.226167798835820485e-02,5.524997661648602121e-02,2.501980610924801063e-01,5.379998032336151814e-01
3.100000000000000000e+01,1.908073700285190660e-02,2.297073986318929131e-02,5.689491910333362157e-02,2.551476669656351781e-01,5.430757160170572861e-01
3.200000000000000000e+01,2.011881503210043512e-02,2.420987808084291981e-02,5.973221046929318157e-02,2.632169711882453300e-01,5.509939565935947359e-01
3.300000000000000000e+01,2.086897226775402334e-02,2.510458391791737034e-02,6.176593101781906875e-02,2.688263013055375850e-01,5.563727673061964474e-01
3.400000000000000000e+01,2.181446118304532222e-02,2.623179461400077309e-02,6.431891553698154684e-02,2.757634692487264672e-01,5.629519715352074849e-01
3.500000000000000000e+01,2.270723774510574958e-02,2.729524625699748450e-02,6.670949535481460191e-02,2.820636339661103387e-01,5.687962925837927175e-01
3.600000000000000000e+01,2.375679870146369527e-02,2.854520129310557028e-02,6.951436477103263567e-02,2.894031724880147816e-01,5.755703700433703052e-01
3.700000000000000000e+01,2.470555479591198325e-02,2.967422395526211551e-02,7.203078683476860089e-02,2.958126882878476249e-01,5.813752125869120491e-01
3.800000000000000000e+01,2.598315766282332726e-02,3.119400640328642491e-02,7.540720585800582410e-02,3.043037224943379582e-01,5.889978785711847964e-01
3.900000000000000000e+01,2.654288658107558513e-02,3.185959889829143715e-02,7.688137059985027111e-02,3.079666116749679161e-01,5.922592712847257745e-01
4.000000000000000000e+01,2.736357336063254680e-02,3.283521783698910290e-02,7.903670812609667196e-02,3.132695140981097137e-01,5.969495543680790606e-01
4.100000000000000000e+01,2.849887168616641042e-02,3.418379506879156565e-02,8.199617412434095920e-02,3.203667636814286901e-01,6.031206899885729333e-01
4.200000000000000000e+01,3.013288600611457521e-02,3.612381488448816041e-02,8.623549297551570680e-02,3.303707665293787454e-01,6.117279614170683111e-01
4.300000000000000000e+01,3.119700797271702034e-02,3.738606246110975223e-02,8.897228008394825194e-02,3.366433584753803498e-01,6.170245216169354396e-01
4.400000000000000000e+01,3.215868097184106794e-02,3.852658387443050336e-02,9.144140318439031301e-02,3.422709382402827072e-01,6.217596374174645391e-01
4.500000000000000000e+01,3.279685247808487164e-02,3.928308788526733292e-02,9.307268911470603645e-02,3.459352760773738433e-01,6.248148158478159520e-01
4.600000000000000000e+01,3.400104476943882625e-02,4.070986566569537168e-02,9.613651528240013677e-02,3.527139698716937888e-01,6.304136695474545915e-01
4.700000000000000000e+01,3.464133408724626856e-02,4.146818481448923815e-02,9.775905359325097466e-02,3.562575253929816110e-01,6.333172331342237227e-01
4.800000000000000000e+01,3.592817164578564898e-02,4.299110185380763255e-02,1.009971403635377546e-01,3.631727407843104993e-01,6.389072174016491301e-01
4.900000000000000000e+01,3.773710346593158599e-02,4.513110548245059112e-02,1.055331808716818698e-01,3.727543186859244573e-01,6.466020809250586643e-01
5.000000000000000000e+01,3.915931312664559794e-02,4.681127417982960254e-02,1.090532830294256433e-01,3.798955818064168599e-01,6.522032013189519306e-01
5.100000000000000000e+01,4.024956737436585774e-02,4.809881099973340596e-02,1.117426296528050977e-01,3.852954251059200197e-01,6.564134573431911202e-01
5.200000000000000000e+01,4.125842841095372915e-02,4.928948485066932117e-02,1.142167768401182032e-01,3.901767848056335586e-01,6.601817608608483434e-01
5.300000000000000000e+01,4.204630989303428240e-02,5.021914766946741077e-02,1.161449761156440885e-01,3.939574064552819888e-01,6.630901233599046929e-01
5.400000000000000000e+01,4.302813916545061151e-02,5.137718689580304116e-02,1.185387153191694992e-01,3.985980320848504510e-01,6.666376048814581790e-01
5.500000000000000000e+01,4.425490015113912878e-02,5.282339347975220645e-02,1.215157606042398114e-01,4.042909705213055815e-01,6.709566885328622776e-01
5.600000000000000000e+01,4.495004445752576877e-02,5.364267231132129055e-02,1.231986149151243770e-01,4.074862461492929078e-01,6.733714232164098590e-01
5.700000000000000000e+01,4.581195559884031210e-02,5.465737745121881236e-02,1.252639925923582642e-01,4.112935916559044003e-01,6.762030872172143381e-01
5.800000000000000000e+01,4.676016445692728757e-02,5.577301056015090963e-02,1.275236600294487876e-01,4.153940658231241034e-01,6.792273724835660165e-01
5.900000000000000000e+01,4.783383158031512955e-02,5.703573191331505476e-02,1.300725955013925239e-01,4.199700208505351973e-01,6.825833252477888635e-01
6.000000000000000000e+01,4.874642319557337400e-02,5.810869205740919197e-02,1.322331470991584546e-01,4.238187265095811340e-01,6.853944958164560619e-01
6.100000000000000000e+01,4.990543320509131103e-02,5.947075803535227523e-02,1.349657489335958915e-01,4.286305231031890539e-01,6.888881306030341101e-01
6.200000000000000000e+01,5.070845100270456735e-02,6.041398573139037526e-02,1.368502848208741351e-01,4.319067497772121622e-01,6.912512589180459521e-01
6.300000000000000000e+01,5.172629179597477284e-02,6.160914142787930758e-02,1.392316074469818754e-01,4.360116677543998120e-01,6.941993500619615398e-01
6.400000000000000000e+01,5.258854946987977230e-02,6.262097479467743089e-02,1.412374113639290329e-01,4.394157421138633612e-01,6.966249203322243400e-01
6.500000000000000000e+01,5.352065168280387836e-02,6.371416531976585584e-02,1.433948328958448148e-01,4.430278884892880908e-01,6.991814043193184114e-01
6.600000000000000000e+01,5.477210994193534854e-02,6.518127005931845241e-02,1.462800915307910787e-01,4.478082289025879792e-01,7.025471489567800543e-01
6.700000000000000000e+01,5.540109242443509718e-02,6.591818955559074211e-02,1.477222786853250036e-01,4.501631104848839993e-01,7.041933724756126445e-01
6.800000000000000000e+01,5.673001010636345709e-02,6.747437774793899057e-02,1.507555772942337780e-01,4.550574659904875752e-01,7.075951514776036566e-01
6.900000000000000000e+01,5.784183463136544079e-02,6.877604893310478029e-02,1.532881368689822943e-01,4.591219480001546560e-01,7.104128158058669040e-01
7.000000000000000000e+01,5.897849247827742503e-02,7.010609062115709389e-02,1.558649571822360858e-01,4.632066197049005685e-01,7.132277351510848407e-01
7.100000000000000000e+01,5.977882097848374182e-02,7.104208057368126272e-02,1.576705946960822446e-01,4.660335667133100324e-01,7.151644616692894862e-01
7.200000000000000000e+01,6.096935859359046972e-02,7.243379432811081209e-02,1.603457252826411827e-01,4.701786734474673324e-01,7.179904380014722198e-01
7.300000000000000000e+01,6.198193367984955460e-02,7.361688324711317122e-02,1.626108282647985848e-01,4.736489014090888294e-01,7.203438150177319255e-01
7.400000000000000000e+01,6.394431127930548520e-02,7.590865770975385729e-02,1.669824957662549292e-01,4.802771444280460877e-01,7.248172093462312837e-01
7.500000000000000000e+01,6.470549311732409770e-02,7.679698819186783765e-02,1.686676830805100835e-01,4.827928298731581358e-01,7.265029806738704243e-01
7.600000000000000000e+01,6.605645595746162391e-02,7.837270988980826747e-02,1.716433060739521732e-01,4.871790753222418058e-01,7.294253734325299998e-01
7.700000000000000000e+01,6.755008602178443067e-02,8.011411630181726473e-02,1.749211435593238662e-01,4.919676566661234651e-01,7.326029483794529451e-01
7.800000000000000000e+01,6.880407122552989474e-02,8.157552037733487027e-02,1.776630189506798740e-01,4.959377310317349408e-01,7.352268909137104069e-01
7.900000000000000000e+01,7.001319974822269032e-02,8.298414328273347185e-02,1.802984386913963899e-01,4.997244727704535650e-01,7.377211184554928192e-01
8.000000000000000000e+01,7.145583307854402877e-02,8.466429921451298912e-02,1.834345797333113981e-01,5.042023433121782805e-01,7.406623404325740623e-01
8.100000000000000000e+01,7.231853200641480406e-02,8.566839708062866376e-02,1.852994781170420324e-01,5.068295061256903322e-01,7.423777664593240733e-01
8.200000000000000000e+01,7.362864710097070942e-02,8.719278041412091562e-02,1.881239804653313252e-01,5.107832717106529641e-01,7.449522432757876844e-01
8.300000000000000000e+01,7.500990842908439316e-02,8.879947041966687604e-02,1.910941241067586616e-01,5.149153903100314178e-01,7.476356599007824011e-01
8.400000000000000000e+01,7.645299403024281848e-02,9.047677314554766759e-02,1.941761419152457091e-01,5.191351801946910705e-01,7.503571828865547300e-01
8.500000000000000000e+01,7.753650800638091367e-02,9.173574877933965421e-02,1.964838500306996527e-01,5.222746181731798831e-01,7.523763916284206266e-01
8.600000000000000000e+01,7.845239962431324598e-02,9.279916982610393605e-02,1.984219557782786747e-01,5.248721011722042862e-01,7.540364479735498504e-01
8.700000000000000000e+01,7.952439976045869163e-02,9.404317368497148999e-02,2.006797499389408879e-01,5.278656280356323061e-01,7.559409655369775383e-01
8.800000000000000000e+01,8.076596347103111306e-02,9.548333812334407200e-02,2.032850507619210489e-01,5.312910929739754762e-01,7.581126706069239996e-01
8.900000000000000000e+01,8.219278156253077838e-02,9.713782164722442602e-02,2.062701576128764813e-01,5.351895164161685203e-01,7.605772961824824874e-01
9.000000000000000000e+01,8.362274005489887807e-02,9.879536074300813986e-02,2.092526674841924950e-01,5.390577589977406658e-01,7.630158667411598428e-01
9.100000000000000000e+01,8.474934665979376447e-02,1.001004841136170359e-01,2.115902549481021855e-01,5.420544694610111014e-01,7.648959985353491753e-01
9.200000000000000000e+01,8.607744286465869588e-02,1.016381946794917418e-01,2.143330888724749861e-01,5.455345353236745742e-01,7.670701998540018218e-01
9.300000000000000000e+01,8.767668633100308972e-02,1.034894636920998257e-01,2.176299928079071244e-01,5.497011028991958259e-01,7.696691280811267521e-01
9.400000000000000000e+01,8.880822187682907431e-02,1.047988226115357108e-01,2.199550913878479119e-01,5.526185214968656334e-01,7.714836209916691168e-01
9.500000000000000000e+01,8.993949890881851317e-02,1.061071134861815285e-01,2.222679279832289745e-01,5.554887054994839257e-01,7.732608398411625616e-01
9.600000000000000000e+01,9.130497712273825950e-02,1.076853328251740072e-01,2.250456523835958622e-01,5.588987088801634640e-01,7.753632263224381482e-01
9.700000000000000000e+01,9.238404319718207525e-02,1.089324381978307305e-01,2.272395515349000805e-01,5.615888458435908115e-01,7.770210200360637698e-01
9.800000000000000000e+01,9.334145918588948598e-02,1.100379044260232364e-01,2.291704306833930727e-01,5.639158269598504303e-01,7.784452583053640407e-01
9.900000000000000000e+01,9.460989944774246541e-02,1.115019640389742633e-01,2.317207296048647280e-01,5.669693450418555880e-01,7.803094211520363865e-01
1.000000000000000000e+02,9.610817193016382709e-02,1.132311910066122335e-01,2.347314936424212961e-01,5.705700597870227986e-01,7.825066637074021836e-01
1.010000000000000000e+02,9.729771510251644662e-02,1.146033376432237932e-01,2.371105906266670338e-01,5.733871267289463169e-01,7.842190618911032418e-01
1.020000000000000000e+02,9.907223223194694395e-02,1.166497109686342737e-01,2.406516037593215973e-01,5.775601384276274342e-01,7.867510374125390449e-01
1.030000000000000000e+02,1.004542654134605167e-01,1.182433598228177646e-01,2.434077753785905684e-01,5.808041746649880155e-01,7.887184081828513271e-01
1.040000000000000000e+02,1.015934050621087464e-01,1.195561830578247275e-01,2.456686875666337644e-01,5.834388707517923489e-01,7.903101246195569640e-01
1.050000000000000000e+02,1.028528446098250504e-01,1.210073037157843728e-01,2.481633356489167108e-01,5.863338432332563244e-01,7.920562951389384931e-01
1.060000000000000000e+02,1.038002427200869354e-01,1.220983874491967380e-01,2.500325720284732878e-01,5.884856042457219383e-01,7.933501963499217657e-01
1.070000000000000000e+02,1.049724681202846288e-01,1.234477829128724086e-01,2.523365186768253277e-01,5.911169550197901135e-01,7.949277678062839358e-01
1.080000000000000000e+02,1.058321818772094830e-01,1.244371960617949580e-01,2.540228145859707021e-01,5.930349250348566637e-01,7.960758520051738341e-01
1.090000000000000000e+02,1.070896172166970056e-01,1.258837357551658431e-01,2.564806574456511834e-01,5.958107440132313082e-01,7.977330296422150413e-01
1.100000000000000000e+02,1.084408927737961909e-01,1.274373340626424322e-01,2.591091550649015085e-01,5.987503893167910318e-01,7.994816082256972489e-01
1.110000000000000000e+02,1.097701585874352459e-01,1.289653622785413012e-01,2.616910720284995051e-01,6.016294919489401094e-01,8.011923089574334300e-01
1.120000000000000000e+02,1.108274075379495904e-01,1.301803324802956185e-01,2.637394272608136747e-01,6.039020317352262746e-01,8.025400581359785068e-01
1.130000000000000000e+02,1.115243044526884469e-01,1.309810390778259337e-01,2.650874445152144876e-01,6.053927700351035002e-01,8.034230994673141613e-01
1.140000000000000000e+02,1.127181257816747689e-01,1.323515793217093783e-01,2.673810182979736161e-01,6.078951702978163674e-01,8.048980601356749975e-01
1.150000000000000000e+02,1.137741524144791350e-01,1.335633273364327522e-01,2.694014796979710691e-01,6.100817014014368045e-01,8.061830133455802905e-01
1.160000000000000000e+02,1.147586259718393897e-01,1.346925981642953518e-01,2.712798563366387028e-01,6.121035249050541527e-01,8.073688446027236232e-01
1.170000000000000000e+02,1.159578166491120055e-01,1.360674735283208536e-01,2.735583177791118259e-01,6.145359854575942471e-01,8.087913011929400708e-01
1.180000000000000000e+02,1.167327089940615598e-01,1.369551599021587851e-01,2.750205861426262000e-01,6.160766042007556065e-01,8.096879628366825399e-01
1.190000000000000000e+02,1.183688848700125557e-01,1.388292946063565958e-01,2.781053542152359115e-01,6.193210084808812299e-01,8.115750780021396826e-01
1.200000000000000000e+02,1.195729935330996641e-01,1.402078352197018984e-01,2.803661400998768705e-01,6.216800063617885508e-01,8.129433247677578800e-01
1.210000000000000000e+02,1.211598607467838928e-01,1.420239896185752360e-01,2.833375400335707006e-01,6.247645709564280114e-01,8.147291470454690598e-01
1.220000000000000000e+02,1.222759111857045639e-01,1.433008329595805153e-01,2.854210455165816507e-01,6.269150854052949473e-01,8.159716829084925349e-01
1.230000000000000000e+02,1.234421985554603335e-01,1.446342039365039744e-01,2.875856146998842511e-01,6.291247240749882064e-01,8.172434354672676315e-01
1.240000000000000000e+02,1.245367300093104812e-01,1.458852020927124682e-01,2.896125050342455709e-01,6.311852276373234316e-01,8.184276309743668820e-01
1.250000000000000000e+02,1.253104435783790049e-01,1.467691338676993251e-01,2.910401487871783766e-01,6.326268341580554289e-01,8.192542044536395007e-01
1.260000000000000000e+02,1.269726697798157222e-01,1.486675622426927301e-01,2.940994702631211655e-01,6.357015089079645076e-01,8.210142420775602412e-01
1.270000000000000000e+02,1.282839026498515667e-01,1.501639720002179712e-01,2.964976448218341609e-01,6.380838610728964966e-01,8.223725157403436459e-01
1.280000000000000000e+02,1.295717004758303870e-01,1.516331299738318539e-01,2.988463140840312837e-01,6.404049734914178948e-01,8.236935239272340503e-01
1.290000000000000000e+02,1.307489897570149051e-01,1.529759405388085303e-01,3.009898345931403818e-01,6.425168443285712572e-01,8.248941844195910589e-01
1.300000000000000000e+02,1.320330512549941770e-01,1.544400470822319682e-01,3.033214037517626971e-01,6.448026167655364072e-01,8.261915153487306984e-01
1.310000000000000000e+02,1.328639710212406733e-01,1.553872590142322818e-01,3.048273707243230324e-01,6.462740315834945015e-01,8.270256853707701472e-01
1.320000000000000000e+02,1.341864062175834593e-01,1.568941250544658716e-01,3.072157313088155206e-01,6.485927497022533350e-01,8.283373648073202311e-01
1.330000000000000000e+02,1.355732903066184936e-01,1.584737855128966477e-01,3.097122102724434445e-01,6.510020192020476992e-01,8.296975261773374966e-01
1.340000000000000000e+02,1.366521811520983176e-01,1.597024455946841059e-01,3.116517626225929760e-01,6.528694584014586022e-01,8.307509681131620694e-01
1.350000000000000000e+02,1.382656664512868228e-01,1.615384152468834489e-01,3.145332580476747353e-01,6.556112516844271321e-01,8.322915339232864751e-01
1.360000000000000000e+02,1.391105283920359148e-01,1.624996333389048253e-01,3.160402736158007819e-01,6.570421510661182962e-01,8.330949600540311639e-01
1.370000000000000000e+02,1.401492778616356960e-01,1.636807830878468095e-01,3.178847971362550040e-01,6.587795912992205905e-01,8.340679191292089678e-01
1.380000000000000000e+02,1.413263077434060710e-01,1.650186244670016900e-01,3.199679970331427703e-01,6.607305138898548202e-01,8.351583344196241709e-01
1.390000000000000000e+02,1.425824215717530208e-01,1.664461290027965390e-01,3.221883322993939758e-01,6.628052166755066255e-01,8.363170772571681955e-01
1.400000000000000000e+02,1.435157833858703158e-01,1.675063262707980893e-01,3.238316892363295452e-01,6.643302662664143377e-01,8.371669088054116692e-01
1.410000000000000000e+02,1.447672004071842433e-01,1.689275776316594979e-01,3.260322729477727055e-01,6.663679595095661767e-01,8.383015947029950343e-01
1.420000000000000000e+02,1.460881377322273134e-01,1.704274923936366093e-01,3.283514737445220599e-01,6.685096542663004904e-01,8.394931313288804819e-01
1.430000000000000000e+02,1.479353809632215633e-01,1.725239784600103021e-01,3.315817558835442158e-01,6.714720733305504785e-01,8.411375507221865444e-01
1.440000000000000000e+02,1.495594428492574013e-01,1.743666512944287150e-01,3.344153515183390102e-01,6.740605961394112722e-01,8.425726029445761434e-01
1.450000000000000000e+02,1.506377508771002960e-01,1.755896473635206734e-01,3.362910711407122721e-01,6.757652279582062604e-01,8.435160468724202110e-01
1.460000000000000000e+02,1.515472907574346162e-01,1.766210757072858295e-01,3.378713253967255969e-01,6.771984017974659320e-01,8.443087237077593343e-01
1.470000000000000000e+02,1.527824144404376638e-01,1.780209100955019164e-01,3.400073539074416895e-01,6.791203902269074000e-01,8.453690572833593153e-01
1.480000000000000000e+02,1.535644245314676248e-01,1.789069408841895414e-01,3.413565424319530139e-01,6.803294729558723164e-01,8.460352230453590527e-01
1.490000000000000000e+02,1.546325669807927239e-01,1.801164922139638636e-01,3.431912416696568102e-01,6.819613748157060673e-01,8.469321952592825387e-01
1.500000000000000000e+02,1.555910292257934591e-01,1.812015673357645629e-01,3.448342208579066037e-01,6.834177791226211385e-01,8.477318366163387742e-01
1.510000000000000000e+02,1.570042384365438193e-01,1.828003541596150139e-01,3.472434205803406337e-01,6.855337906738110387e-01,8.488902398240952829e-01
1.520000000000000000e+02,1.579769439836935796e-01,1.839003339070108822e-01,3.488961927682044939e-01,6.869774641990504804e-01,8.496792011950236034e-01
1.530000000000000000e+02,1.593250356316714689e-01,1.854240328153826112e-01,3.511774795051667009e-01,6.889567152357478630e-01,8.507585552739463930e-01
1.540000000000000000e+02,1.607977723352309596e-01,1.870878576078606748e-01,3.536607578794516149e-01,6.910984918252371934e-01,8.519243740874674620e-01
1.550000000000000000e+02,1.618397749414346720e-01,1.882648721748136911e-01,3.554155286746066289e-01,6.926088063926952865e-01,8.527459400336834250e-01
1.560000000000000000e+02,1.635253270765194555e-01,1.901681471622109487e-01,3.582461425455481518e-01,6.950339600706982868e-01,8.540632685615687780e-01
1.570000000000000000e+02,1.644528681849934670e-01,1.912152751940252582e-01,3.598011780713030738e-01,6.963625895379929043e-01,8.547843542231294833e-01
1.580000000000000000e+02,1.657998455016335693e-01,1.927353363323968671e-01,3.620526206918599499e-01,6.982768273164183803e-01,8.558216872493423777e-01
1.590000000000000000e+02,1.670508063005283206e-01,1.941466662149649303e-01,3.641391858607173626e-01,7.000448408206523254e-01,8.567787697269085845e-01
1.600000000000000000e+02,1.682906469138197303e-01,1.955452180520367567e-01,3.662045039222041054e-01,7.017911523183549827e-01,8.577234864409613024e-01
1.610000000000000000e+02,1.691667575900320797e-01,1.965329220873330285e-01,3.676574753005436569e-01,7.030109508076343161e-01,8.583819199177734616e-01
1.620000000000000000e+02,1.702538782570401088e-01,1.977582686805276768e-01,3.694575732283009728e-01,7.045183712308038526e-01,8.591949800265848980e-01
1.630000000000000000e+02,1.726876748817663954e-01,2.005000571050186142e-01,3.734707553466054542e-01,7.078566450619436790e-01,8.609918672074274859e-01
1.640000000000000000e+02,1.740363524061543377e-01,2.020191180223303296e-01,3.756913361243600646e-01,7.096994041411969212e-01,8.619830475404226533e-01
1.650000000000000000e+02,1.748475670308662633e-01,2.029323092384895666e-01,3.770212090747444567e-01,7.107954199369809212e-01,8.625713347340102644e-01
1.660000000000000000e+02,1.760410882424763290e-01,2.042751678193058806e-01,3.789699011622054137e-01,7.123911701048881717e-01,8.634261920314481031e-01
1.670000000000000000e+02,1.772061958332109277e-01,2.055855026130931074e-01,3.808659393600253851e-01,7.139357668938055568e-01,8.642523509042164820e-01
1.680000000000000000e+02,1.786197937990552931e-01,2.071747118933829623e-01,3.831597335096058043e-01,7.157959648656495588e-01,8.652459629148963050e-01
1.690000000000000000e+02,1.797196197239963045e-01,2.084110202881973017e-01,3.849427114867365884e-01,7.172397915831024706e-01,8.660168341596311548e-01
1.700000000000000000e+02,1.819253316393863729e-01,2.108893305235971793e-01,3.885059873048783974e-01,7.201095568680627723e-01,8.675465203226452315e-01
1.710000000000000000e+02,1.833036806264674301e-01,2.124378681325518048e-01,3.907309163049428324e-01,7.218992504544990974e-01,8.685001392336206827e-01
1.720000000000000000e+02,1.845508719855950552e-01,2.138381987721034438e-01,3.927346352251311346e-01,7.234992425546420414e-01,8.693508176140251065e-01
1.730000000000000000e+02,1.857024144646038377e-01,2.151304164062458335e-01,3.945767400547337544e-01,7.249604621659316850e-01,8.701261862669085190e-01
1.740000000000000000e+02,1.865739614170298100e-01,2.161083164466883200e-01,3.959696512348653274e-01,7.260637979459653168e-01,8.707114044689041599e-01
1.750000000000000000e+02,1.874803097279534869e-01,2.171247348447865599e-01,3.974123717794599275e-01,7.271995789152435608e-01,8.713127383009172666e-01
1.760000000000000000e+02,1.884404815037478975e-01,2.182012004816157591e-01,3.989373520382398230e-01,7.283960299576205388e-01,8.719455576792041196e-01
1.770000000000000000e+02,1.894135067512170700e-01,2.192919031969106924e-01,4.004808592002736534e-01,7.296047672442534937e-01,8.725845261724222146e-01
1.780000000000000000e+02,1.906695335954055048e-01,2.206987284161387453e-01,4.024613018063439851e-01,7.311415623895036742e-01,8.733947424532499948e-01
1.790000000000000000e+02,1.925370698178568707e-01,2.227895926727592735e-01,4.053963679606679138e-01,7.334079906822711381e-01,8.745879228257078530e-01
1.800000000000000000e+02,1.938031662582875847e-01,2.242067335510734838e-01,4.073823191643897723e-01,7.349370398903258828e-01,8.753922188324072540e-01
1.810000000000000000e+02,1.948864249511078339e-01,2.254187589546956805e-01,4.090764939413104040e-01,7.362357206770010487e-01,8.760744681749693674e-01
1.820000000000000000e+02,1.956067171842194030e-01,2.262240822120568928e-01,4.101967191832831539e-01,7.370873177014867217e-01,8.765207716262577442e-01
1.830000000000000000e+02,1.967065317527886270e-01,2.274533192901613543e-01,4.119028326765298287e-01,7.383794168824718840e-01,8.771971967313993979e-01
1.840000000000000000e+02,1.978757835352581151e-01,2.287598689577668432e-01,4.137135372798586008e-01,7.397472389849544250e-01,8.779127399032853329e-01
1.850000000000000000e+02,1.989312572207728447e-01,2.299389634011921590e-01,4.153447050748645397e-01,7.409757296097072565e-01,8.785548401393459272e-01
1.860000000000000000e+02,2.005477433532281695e-01,2.317443747892217742e-01,4.178386423545809025e-01,7.428493189333413849e-01,8.795334172475737233e-01
1.870000000000000000e+02,2.019484359501121651e-01,2.333078166165282463e-01,4.199896467391620036e-01,7.444543362641347084e-01,8.803700954999834627e-01
1.880000000000000000e+02,2.030926370979831141e-01,2.345843949540703521e-01,4.217408291605201365e-01,7.457545922734629684e-01,8.810469557515173689e-01
1.890000000000000000e+02,2.042412171435146473e-01,2.358654745085808635e-01,4.234947251648096267e-01,7.470525755181791627e-01,8.817220014237728831e-01
1.900000000000000000e+02,2.051297299066274504e-01,2.368561516721872928e-01,4.248480407647406421e-01,7.480504170382819007e-01,8.822404100738927557e-01
1.910000000000000000e+02,2.063600942612777434e-01,2.382277210288807900e-01,4.267192866623882863e-01,7.494272193500430834e-01,8.829552717035785703e-01
1.920000000000000000e+02,2.074568857604497663e-01,2.394500041046357941e-01,4.283834339484124398e-01,7.506474709072464835e-01,8.835882396817095197e-01
1.930000000000000000e+02,2.081992223927860153e-01,2.402770890770948020e-01,4.295078459282947181e-01,7.514699315506015997e-01,8.840145708144491188e-01
1.940000000000000000e+02,2.100320658956334463e-01,2.423184247758244925e-01,4.322763324580597977e-01,7.534869107702422131e-01,8.850589241684476693e-01
1.950000000000000000e+02,2.111926542243308114e-01,2.436107684514423610e-01,4.340266759574666344e-01,7.547593053027542576e-01,8.857173376425696576e-01
1.960000000000000000e+02,2.121833483478129390e-01,2.447137056889758244e-01,4.355185006550685856e-01,7.558413988773911019e-01,8.862769348127427227e-01
1.970000000000000000e+02,2.133757433346849530e-01,2.460409653914432671e-01,4.373117095878110150e-01,7.571396828335446028e-01,8.869479842749777854e-01
1.980000000000000000e+02,2.144544535298153198e-01,2.472411429550097905e-01,4.389284861404350591e-01,7.583046329655254159e-01,8.875493127581546293e-01
1.990000000000000000e+02,2.156480541519297245e-01,2.485681466644299731e-01,4.407073692673765808e-01,7.595761855771937521e-01,8.882042128003416748e-01
2.000000000000000000e+02,2.169261912418042337e-01,2.499887594122978951e-01,4.426084743354404827e-01,7.609313258335173025e-01,8.889016263729845324e-01
2.010000000000000000e+02,2.179705943786073852e-01,2.511493931191390860e-01,4.441600170403409154e-01,7.620353884600145067e-01,8.894695541390076343e-01
2.020000000000000000e+02,2.195113513469970079e-01,2.528611174403843642e-01,4.464439207623444039e-01,7.636556108556654676e-01,8.903022878921825756e-01
2.030000000000000000e+02,2.204861740153923333e-01,2.539434565940935640e-01,4.478824342266999881e-01,7.646697167773188752e-01,8.908226006846168277e-01
2.040000000000000000e+02,2.215006990620649596e-01,2.550693395082809789e-01,4.493742194786685129e-01,7.657161976391191338e-01,8.913587979938063510e-01
2.050000000000000000e+02,2.226718749236804851e-01,2.563683417200742776e-01,4.510892040361529354e-01,7.669123608731235331e-01,8.919707286747040609e-01
2.060000000000000000e+02,2.240337810682208608e-01,2.578777991042104367e-01,4.530728003524266967e-01,7.682857050471643134e-01,8.926718924136267663e-01
2.070000000000000000e+02,2.256923152230201624e-01,2.597159159848542176e-01,4.554874012492098334e-01,7.699564797728505328e-01,8.935247748034099713e-01
2.080000000000000000e+02,2.265137148923006549e-01,2.606257675418140463e-01,4.566785108774029101e-01,7.707762084766969224e-01,8.939426087911482854e-01
2.090000000000000000e+02,2.274767956800629043e-01,2.616924646941187205e-01,4.580741773608958955e-01,7.717358765253858888e-01,8.944316575958792814e-01
2.100000000000000000e+02,2.290132952461555738e-01,2.633937680333519604e-01,4.602959341280078998e-01,7.732590085550110626e-01,8.952072225665477223e-01
2.110000000000000000e+02,2.300067105947131985e-01,2.644936324065428335e-01,4.617313956806307074e-01,7.742421608739470384e-01,8.957077068031145117e-01
2.120000000000000000e+02,2.318105884065812528e-01,2.664898759450211041e-01,4.643290245219080514e-01,7.760130352317493596e-01,8.966080622700657310e-01
2.130000000000000000e+02,2.331063884442085288e-01,2.679233993684412840e-01,4.661905900527011926e-01,7.772780613378141856e-01,8.972506799478837669e-01
2.140000000000000000e+02,2.343079681978833262e-01,2.692518658422415334e-01,4.679089466337739700e-01,7.784386377973482318e-01,8.978392723550954191e-01
2.150000000000000000e+02,2.367659044365582610e-01,2.719680369753413318e-01,4.714114340475926701e-01,7.807929139704821164e-01,8.990317314638878177e-01
2.160000000000000000e+02,2.378773031393929538e-01,2.731954164669871399e-01,4.729877349848933266e-01,7.818458662374387913e-01,8.995641755111956073e-01
2.170000000000000000e+02,2.386216449705575449e-01,2.740170773799825987e-01,4.740400813393215174e-01,7.825458624074487224e-01,8.999177454798725773e-01
2.180000000000000000e+02,2.397447923917373769e-01,2.752565438820648858e-01,4.756247155211493771e-01,7.835970613494976922e-01,9.004483272893392121e-01
2.190000000000000000e+02,2.406385444516337679e-01,2.762425127524909541e-01,4.768824790131202529e-01,7.844286182525206375e-01,9.008676741314697312e-01
2.200000000000000000e+02,2.419418583950688484e-01,2.776798062541875334e-01,4.787120008421931749e-01,7.856341932635368952e-01,9.014751057731255068e-01
2.210000000000000000e+02,2.432056524086213256e-01,2.790732997887153677e-01,4.804840283167618464e-01,7.868001407332114727e-01,9.020623405283397789e-01
2.220000000000000000e+02,2.441768339891171868e-01,2.801438280844472106e-01,4.818427790075269224e-01,7.876915949499856406e-01,9.025109865225626748e-01
2.230000000000000000e+02,2.451991859632103865e-01,2.812698143279663276e-01,4.832643962140254490e-01,7.886168938132033235e-01,9.029756958872650063e-01
2.240000000000000000e+02,2.467031417774232793e-01,2.829255346798011939e-01,4.853493884604525577e-01,7.899686651703577978e-01,9.036538982737637449e-01
2.250000000000000000e+02,2.483048814617511701e-01,2.846883365819803391e-01,4.875647421869064302e-01,7.914006124134346232e-01,9.043717604451714243e-01
2.260000000000000000e+02,2.492631102490721895e-01,2.857425262501072649e-01,4.888864820304418823e-01,7.922519813337398631e-01,9.047981821586564832e-01
2.270000000000000000e+02,2.510655299731306966e-01,2.877247587077824131e-01,4.913664171406079695e-01,7.938442258602976809e-01,9.055950164474230180e-01
2.280000000000000000e+02,2.521422310020685065e-01,2.889086607395380812e-01,4.928459178817344299e-01,7.947925607880786947e-01,9.060694037170252679e-01
2.290000000000000000e+02,2.529603895803005376e-01,2.898081350932383837e-01,4.939688570313531257e-01,7.955112837115494440e-01,9.064287946174375277e-01
2.300000000000000000e+02,2.539682841489286913e-01,2.909158308956171224e-01,4.953488595540606609e-01,7.963918046596444311e-01,9.068687393504664129e-01
2.310000000000000000e+02,2.550061945959709586e-01,2.920560058096969835e-01,4.967653910949358376e-01,7.972919374954384741e-01,9.073180088594864356e-01
2.320000000000000000e+02,2.558729777042229037e-01,2.930078499974488881e-01,4.979453077627246649e-01,7.980392534684062067e-01,9.076906904937153131e-01
2.330000000000000000e+02,2.570926479934382280e-01,2.943466990046907372e-01,4.996010263554631625e-01,7.990842771458058769e-01,9.082113718257649460e-01
2.340000000000000000e+02,2.579106836245225187e-01,2.952442949619440427e-01,5.007082075934469190e-01,7.997804593262574091e-01,9.085579096075813155e-01
2.350000000000000000e+02,2.591074887536224947e-01,2.965567681495397401e-01,5.023215818529890297e-01,8.007898549577801006e-01,9.090597131699894584e-01
2.360000000000000000e+02,2.602949809016480431e-01,2.978587477361168689e-01,5.039199305822212871e-01,8.017879185844305479e-01,9.095556392077960295e-01
2.370000000000000000e+02,2.613845268435470159e-01,2.990526663707521182e-01,5.053805505011357280e-01,8.026954083781911997e-01,9.100059852965859397e-01
2.380000000000000000e+02,2.623694248828536968e-01,3.001316013019768580e-01,5.066981623833382020e-01,8.035119507333392530e-01,9.104109352659865984e-01
2.390000000000000000e+02,2.635568751210436989e-01,3.014319234058805974e-01,5.082823554818868272e-01,8.044903294791859727e-01,9.108957238468354811e-01
2.400000000000000000e+02,2.647293709320862054e-01,3.027154739329989130e-01,5.098431605857183246e-01,8.054516457807194829e-01,9.113717311469161642e-01
2.410000000000000000e+02,2.662825348310858264e-01,3.044153378441849522e-01,5.119071493225227920e-01,8.067201820317970729e-01,9.119995261821626231e-01
2.420000000000000000e+02,2.673665648465052280e-01,3.056010643139705496e-01,5.133417294651082541e-01,8.075973823406134011e-01,9.124330922778866038e-01
2.430000000000000000e+02,2.686510587846261955e-01,3.070060216412894838e-01,5.150412610404365710e-01,8.086363386673156572e-01,9.129465766755930911e-01
2.440000000000000000e+02,2.697205214511566584e-01,3.081749684861692651e-01,5.164493069302772410e-01,8.094919168717141789e-01,9.133687902304105100e-01
2.450000000000000000e+02,2.707682329977929014e-01,3.093195830562185944e-01,5.178239556719080872e-01,8.103236937328287537e-01,9.137788271502347293e-01
2.460000000000000000e+02,2.714800715246660778e-01,3.100970066747045784e-01,5.187557719355536667e-01,8.108859446914682412e-01,9.140558040906566761e-01
2.470000000000000000e+02,2.725014892152327617e-01,3.112123873095063997e-01,5.200916043791873333e-01,8.116910766482964279e-01,9.144523192907648701e-01
2.480000000000000000e+02,2.738431185610781249e-01,3.126773045277964624e-01,5.218450962354153067e-01,8.127471231198399870e-01,9.149723060725138968e-01
2.490000000000000000e+02,2.750497463866688475e-01,3.139941974815042003e-01,5.234169278365888855e-01,8.136899843043201574e-01,9.154361005918872918e-01
2.500000000000000000e+02,2.765044708562646170e-01,3.155815026638297272e-01,5.253089444664976737e-01,8.148227428679039042e-01,9.159930422067993350e-01
2.510000000000000000e+02,2.775718171844567261e-01,3.167454280409112699e-01,5.266912866047804842e-01,8.156461710834960188e-01,9.163973884947561599e-01
2.520000000000000000e+02,2.785972196918486965e-01,3.178633346899276679e-01,5.280169679486792500e-01,8.164341839047961624e-01,9.167841426315599396e-01
2.530000000000000000e+02,2.809498603069486289e-01,3.204272203811304731e-01,5.310502786130906205e-01,8.182313910199195961e-01,9.176654994529394038e-01
2.540000000000000000e+02,2.820528345898707934e-01,3.216290190935481852e-01,5.324706012278410672e-01,8.190716735346030841e-01,9.180774269951239575e-01
2.550000000000000000e+02,2.831736761449290540e-01,3.228501884667449584e-01,5.339131219559581920e-01,8.199245188511113946e-01,9.184954444922875938e-01
2.560000000000000000e+02,2.845186716858597031e-01,3.243143969904719870e-01,5.356343709940094566e-01,8.209353536244325955e-01,9.189900856910755422e-01
2.570000000000000000e+02,2.856883477840617691e-01,3.255876386599947936e-01,5.371303654916125270e-01,8.218132857173926498e-01,9.194196184392666726e-01
2.580000000000000000e+02,2.866135366748949753e-01,3.265942686702979492e-01,5.383097433974942669e-01,8.225027048204396340e-01,9.197565976968247181e-01
2.590000000000000000e+02,2.879375602134415235e-01,3.280341096456063643e-01,5.399915440058390415e-01,8.234817229789339610e-01,9.202346423791548657e-01
2.600000000000000000e+02,2.892066972446141748e-01,3.294138627351826387e-01,5.416003624289087437e-01,8.244160351138151155e-01,9.206905941542222749e-01
2.610000000000000000e+02,2.901783069992078801e-01,3.304698382736249718e-01,5.428294324785639668e-01,8.251280572695117721e-01,9.210378591784905700e-01
2.620000000000000000e+02,2.911852850294394668e-01,3.315639094210286464e-01,5.441004546080604465e-01,8.258625037810128910e-01,9.213958390528945719e-01
2.630000000000000000e+02,2.920226464976949377e-01,3.324733281676970909e-01,5.451544267648954500e-01,8.264695486983797412e-01,9.216914882459749103e-01
2.640000000000000000e+02,2.932788604215323391e-01,3.338373700221400897e-01,5.467334015947233894e-01,8.273775058535396409e-01,9.221335181857548413e-01
2.650000000000000000e+02,2.945937421670978273e-01,3.352642120159556871e-01,5.483788593769253206e-01,8.283188872659295043e-01,9.225912579759782961e-01
2.660000000000000000e+02,2.954476579985233498e-01,3.361906293824599712e-01,5.494457934107601638e-01,8.289281928801334187e-01,9.228874001194391496e-01
2.670000000000000000e+02,2.965562046032354515e-01,3.373928940886412042e-01,5.508276627997129582e-01,8.297152441863268058e-01,9.232696865970085875e-01
2.680000000000000000e+02,2.977443201177267240e-01,3.386809299222892089e-01,5.523045449198539236e-01,8.305536903708012897e-01,9.236766202931666614e-01
2.690000000000000000e+02,2.988177236345191390e-01,3.398439601973380908e-01,5.536337140904477039e-01,8.313049676087178597e-01,9.240408637470972630e-01
2.700000000000000000e+02,3.002928782013172815e-01,3.414420847854389152e-01,5.554587657867307016e-01,8.323355013113464818e-01,9.245403807661964901e-01
2.710000000000000000e+02,3.013523607049231057e-01,3.425894335259138668e-01,5.567659803394751084e-01,8.330713448780437957e-01,9.248967923808452118e-01
2.720000000000000000e+02,3.023931991336300529e-01,3.437163005048473607e-01,5.580479009609886631e-01,8.337914889295899856e-01,9.252454314050911899e-01
2.730000000000000000e+02,3.033898093540857155e-01,3.447952430938084900e-01,5.592750306217729728e-01,8.344806501936971044e-01,9.255790475393973482e-01
2.740000000000000000e+02,3.050026243985189955e-01,3.465401239770032338e-01,5.612517212048533377e-01,8.355849675305351276e-01,9.261129714544243940e-01
2.750000000000000000e+02,3.058662401571303757e-01,3.474743399697051149e-01,5.623092681316704811e-01,8.361752117885820068e-01,9.263982813955311535e-01
2.760000000000000000e+02,3.075821917176713161e-01,3.493298591993840296e-01,5.644050212840704406e-01,8.373414416057717302e-01,9.269616129968676344e-01
2.770000000000000000e+02,3.086261776581730176e-01,3.504583845238282702e-01,5.656771813818821659e-01,8.380475578831588779e-01,9.273024869248501778e-01
2.780000000000000000e+02,3.099056679792658864e-01,3.518408763491066571e-01,5.672316160890699122e-01,8.389074382381543904e-01,9.277172583488202395e-01
2.790000000000000000e+02,3.107963764024567199e-01,3.528031578016718739e-01,5.683127172466396759e-01,8.395048580081667655e-01,9.280053586864515092e-01
2.800000000000000000e+02,3.117906781180162512e-01,3.538764469037090632e-01,5.695125718724376451e-01,8.401636302194877004e-01,9.283225631825815505e-01
2.810000000000000000e+02,3.127597547525315380e-01,3.549219984125890903e-01,5.706781057128165191e-01,8.408012056784697208e-01,9.286292962014516261e-01
2.820000000000000000e+02,3.140910796628051393e-01,3.563580488011148240e-01,5.722767671834683156e-01,8.416741684839090798e-01,9.290490987153292579e-01
2.830000000000000000e+02,3.150610631233806691e-01,3.574040201143569573e-01,5.734391486033846297e-01,8.423074664202191419e-01,9.293534872618131049e-01
2.840000000000000000e+02,3.165567316412371546e-01,3.590161458712903264e-01,5.752260969532241308e-01,8.432778256451136656e-01,9.298195205849923983e-01
2.850000000000000000e+02,3.175935805693320124e-01,3.601333003789647380e-01,5.764616559940322071e-01,8.439468560209419934e-01,9.301406217253426201e-01
2.860000000000000000e+02,3.186492925021846556e-01,3.612705536301288323e-01,5.777179998707016040e-01,8.446261385950473155e-01,9.304665315971510919e-01
2.870000000000000000e+02,3.201702758925704106e-01,3.629078245040489592e-01,5.795191227865259531e-01,8.455947408203470239e-01,9.309306719742694858e-01
2.880000000000000000e+02,3.217626651893119027e-01,3.646219080922672440e-01,5.814044110936289478e-01,8.466083757082970562e-01,9.314163658764348375e-01
2.890000000000000000e+02,3.229261414395310226e-01,3.658738857231390584e-01,5.827788061944078057e-01,8.473455263336067134e-01,9.317693800191927389e-01
2.900000000000000000e+02,3.240901624281466997e-01,3.671261878694928038e-01,5.841518996398636920e-01,8.480808487136860530e-01,9.321213935949297369e-01
2.910000000000000000e+02,3.255312089283597388e-01,3.686755391289723294e-01,5.858444694424062016e-01,8.489830447700531524e-01,9.325528287452161669e-01
2.920000000000000000e+02,3.265612745297775121e-01,3.697820847420440482e-01,5.870474316346879773e-01,8.496203335061212059e-01,9.328571530137872436e-01
2.930000000000000000e+02,3.275227134095178849e-01,3.708147267928528779e-01,5.881689185027026978e-01,8.502137050969569287e-01,9.331404229348325696e-01
2.940000000000000000e+02,3.287853604740201829e-01,3.721708362070927922e-01,5.896414035254009534e-01,8.509925885027181947e-01,9.335122326208497023e-01
2.950000000000000000e+02,3.299246300663589149e-01,3.733937412178339743e-01,5.909649368732027286e-01,8.516898266937381612e-01,9.338447563724010525e-01
2.960000000000000000e+02,3.309761654535604558e-01,3.745220012760629991e-01,5.921831284249708949e-01,8.523296580723263016e-01,9.341496937605323625e-01
2.970000000000000000e+02,3.316836301239506901e-01,3.752809701473240334e-01,5.930018799713654420e-01,8.527592237981348466e-01,9.343543697439588014e-01
2.980000000000000000e+02,3.325657288632657971e-01,3.762268178369270744e-01,5.940193454375102267e-01,8.532911656625837837e-01,9.346076211696506819e-01
2.990000000000000000e+02,3.333788585548785321e-01,3.770984011622378618e-01,5.949550170385305981e-01,8.537791085547548064e-01,9.348397914474774195e-01
3.000000000000000000e+02,3.343108497806744350e-01,3.780964417456152971e-01,5.960206629457864835e-01,8.543311214624652594e-01,9.351020481723079092e-01
3.010000000000000000e+02,3.353394876217118958e-01,3.791977293883057598e-01,5.971950411948364623e-01,8.549384961403468930e-01,9.353905034084903924e-01
3.020000000000000000e+02,3.366896364545641784e-01,3.806430437794505739e-01,5.987351185061502434e-01,8.557342674590636689e-01,9.357683529414593249e-01
3.030000000000000000e+02,3.376306097040126519e-01,3.816498214571627523e-01,5.998047665546543117e-01,8.562849757950264928e-01,9.360296284836632230e-01
3.040000000000000000e+02,3.385177629512417519e-01,3.825986420246301201e-01,6.008105943838776275e-01,8.568014134786520186e-01,9.362744939584068948e-01
3.050000000000000000e+02,3.398862519286762196e-01,3.840620269401546771e-01,6.023605252849165703e-01,8.575963536696545875e-01,9.366513172744538318e-01
3.060000000000000000e+02,3.413794172054749332e-01,3.856581596298090941e-01,6.040476213113390447e-01,8.584594972820365211e-01,9.370602423157220473e-01
3.070000000000000000e+02,3.425886515527920007e-01,3.869500033851488441e-01,6.054084519159662614e-01,8.591528406607328305e-01,9.373884170940922633e-01
3.080000000000000000e+02,3.438370480077234115e-01,3.882834246094704067e-01,6.068115371408626668e-01,8.598667585243625622e-01,9.377262290971759562e-01
3.090000000000000000e+02,3.446514730217309919e-01,3.891532152529328381e-01,6.077261617217016854e-01,8.603317626145804420e-01,9.379462202180113284e-01
3.100000000000000000e+02,3.458791429669273998e-01,3.904639389980278930e-01,6.091020536120116402e-01,8.610298067562792701e-01,9.382763057283677322e-01
3.110000000000000000e+02,3.473389409631498226e-01,3.920219081579521259e-01,6.107340256019267999e-01,8.618556528554567331e-01,9.386666018228251307e-01
3.120000000000000000e+02,3.481239998797722168e-01,3.928593448444610559e-01,6.116087891833315027e-01,8.622968280127059071e-01,9.388749449419339088e-01
3.130000000000000000e+02,3.494012950555000496e-01,3.942216360401567532e-01,6.130304959913804863e-01,8.630130546142418257e-01,9.392130967116368856e-01
3.140000000000000000e+02,3.509541363896718225e-01,3.958771610969590848e-01,6.147544393758781478e-01,8.638792544513985705e-01,9.396218154257293120e-01
3.150000000000000000e+02,3.521646064898065753e-01,3.971671313640163237e-01,6.160945553374663763e-01,8.645506973135731466e-01,9.399384385730499281e-01
3.160000000000000000e+02,3.540691220826125973e-01,3.991964534754829930e-01,6.182011584502151713e-01,8.656052135951937121e-01,9.404356018196935452e-01
3.170000000000000000e+02,3.552366910200121519e-01,4.004399673089689138e-01,6.194887381489445621e-01,8.662477838789852669e-01,9.407383440380867601e-01
3.180000000000000000e+02,3.564415318417026857e-01,4.017225795102675745e-01,6.208133536635418448e-01,8.669067927538207652e-01,9.410486185760155164e-01
3.190000000000000000e+02,3.577688341154643403e-01,4.031354104895427115e-01,6.222716040222873168e-01,8.676317845903855908e-01,9.413899070577810280e-01
3.200000000000000000e+02,3.589391162661407786e-01,4.043805000048572573e-01,6.235532590463830349e-01,8.682669423752175097e-01,9.416886951815620632e-01
3.210000000000000000e+02,3.603869697180500098e-01,4.059198058843684898e-01,6.251315050905027482e-01,8.690454264793063821e-01,9.420545286503195781e-01
3.220000000000000000e+02,3.617128543672327168e-01,4.073289496844523794e-01,6.265735170386678154e-01,8.697550988921700643e-01,9.423878591448153763e-01
3.230000000000000000e+02,3.636637682916637471e-01,4.094021795015255760e-01,6.286940155282582099e-01,8.707980511348092367e-01,9.428776649362811124e-01
3.240000000000000000e+02,3.653066860184217557e-01,4.111474048065975606e-01,6.304750823641427360e-01,8.716717782782317236e-01,9.432877626988231956e-01
3.250000000000000000e+02,3.665788907304542987e-01,4.124986900242105237e-01,6.318533166637420040e-01,8.723474286476103901e-01,9.436048425313751098e-01
3.260000000000000000e+02,3.673871965138232887e-01,4.133568032529331138e-01,6.327260833725426581e-01,8.727738752563135582e-01,9.438048277569882627e-01
3.270000000000000000e+02,3.683323685034183836e-01,4.143595205866834053e-01,6.337420278612087010e-01,8.732680673614033884e-01,9.440363568287315488e-01
3.280000000000000000e+02,3.695078365797136999e-01,4.156062909191989285e-01,6.350037702805201301e-01,8.738809903564687120e-01,9.443234262800958012e-01
3.290000000000000000e+02,3.710129740661858855e-01,4.172024453929214505e-01,6.366175189203995277e-01,8.746640210683293004e-01,9.446900771290166476e-01
3.300000000000000000e+02,3.719027605301235551e-01,4.181455088776888651e-01,6.375680408570461033e-01,8.751235895312999835e-01,9.449051007365044663e-01
3.310000000000000000e+02,3.727454997217836685e-01,4.190384812312468732e-01,6.384668207797814521e-01,8.755574399358871940e-01,9.451080201991713947e-01
3.320000000000000000e+02,3.738983148127986711e-01,4.202597548073326861e-01,6.396946163663058682e-01,8.761493177354584549e-01,9.453847716088956687e-01
3.330000000000000000e+02,3.748541271352953119e-01,4.212720826249472528e-01,6.407110048919583134e-01,8.766385356952490771e-01,9.456134454437333803e-01
3.340000000000000000e+02,3.760276302606422871e-01,4.225143579668079186e-01,6.419548867899113054e-01,8.772353860114646684e-01,9.458922411504643302e-01
3.350000000000000000e+02,3.770583586044243818e-01,4.236051685824003266e-01,6.430453419099703138e-01,8.777576453571153126e-01,9.461360965462076722e-01
3.360000000000000000e+02,3.793014999607921545e-01,4.259776704937277558e-01,6.454094692829297486e-01,8.788857541955770181e-01,9.466624197131316976e-01
3.370000000000000000e+02,3.810345252010273187e-01,4.278095651055162096e-01,6.472290782454430680e-01,8.797508692307254297e-01,9.470657254962436822e-01
3.380000000000000000e+02,3.832621835411028632e-01,4.301633545192303787e-01,6.495619129403417125e-01,8.808571993292185764e-01,9.475812035091670804e-01
3.390000000000000000e+02,3.841542473456192597e-01,4.311056199602569250e-01,6.504941348038116855e-01,8.812984083048878148e-01,9.477866893710472640e-01
3.400000000000000000e+02,3.852059327639555941e-01,4.322160880271792571e-01,6.515906097671798625e-01,8.818162006270450215e-01,9.480277275520234692e-01
3.410000000000000000e+02,3.861586599928625851e-01,4.332217692434435774e-01,6.525820259796751843e-01,8.822835306557206270e-01,9.482451904080227978e-01
3.420000000000000000e+02,3.875106399375400357e-01,4.346479430878830708e-01,6.539829018243735748e-01,8.829411826560912280e-01,9.485509494569810407e-01
3.430000000000000000e+02,3.884333527872426139e-01,4.356211412363363289e-01,6.549380334137422377e-01,8.833891519474816878e-01,9.487591796419382328e-01
3.440000000000000000e+02,3.896170605815991728e-01,4.368693293591711657e-01,6.561615386034456154e-01,8.839621953332265081e-01,9.490254693555484344e-01
3.450000000000000000e+02,3.906197083596866237e-01,4.379261881362783715e-01,6.571953488416667488e-01,8.844452645814189218e-01,9.492498372206732427e-01
3.460000000000000000e+02,3.919610889029416789e-01,4.393389782147544276e-01,6.585714573754279932e-01,8.850852224617605790e-01,9.495467733728107929e-01
3.470000000000000000e+02,3.932334873961927380e-01,4.406788961992249010e-01,6.598754448493177049e-01,8.856910486111676528e-01,9.498278144415736035e-01
3.480000000000000000e+02,3.945903752302196699e-01,4.421076499515816938e-01,6.612651688484256773e-01,8.863363360380777101e-01,9.501271249824071452e-01
3.490000000000000000e+02,3.955025225951580015e-01,4.430679530765254115e-01,6.621984284497620665e-01,8.867692551388451916e-01,9.503278892974950098e-01
3.500000000000000000e+02,3.964065272294577391e-01,4.440193623125524014e-01,6.631213684225402138e-01,8.871965231898436555e-01,9.505259482796682979e-01
3.510000000000000000e+02,3.981309511458941408e-01,4.458326876609992606e-01,6.648725202375602716e-01,8.880031602081448483e-01,9.508994679677073014e-01
3.520000000000000000e+02,3.993024031265579588e-01,4.470635022594182106e-01,6.660558225770891738e-01,8.885455382849292150e-01,9.511503590788409346e-01
3.530000000000000000e+02,4.007137946410743168e-01,4.485463314530470091e-01,6.674809812013170474e-01,8.891985564980907641e-01,9.514524085701568934e-01
3.540000000000000000e+02,4.015279843488056555e-01,4.494013872448561209e-01,6.683010182168088731e-01,8.895734164206876571e-01,9.516257116309415620e-01
3.550000000000000000e+02,4.025252592774860028e-01,4.504479028056175838e-01,6.693005194613942388e-01,8.900282407030865039e-01,9.518357830112962326e-01
3.560000000000000000e+02,4.038473650076915278e-01,4.518346652320059387e-01,6.706218246284992857e-01,8.906279360387819866e-01,9.521126154787897811e-01
3.570000000000000000e+02,4.052466379042661271e-01,4.533017157893445837e-01,6.720163294038331570e-01,8.912592261217936462e-01,9.524038760923242419e-01
3.580000000000000000e+02,4.064447450323475097e-01,4.545571514214298281e-01,6.732061359430446812e-01,8.917961092270130230e-01,9.526514127714631464e-01
3.590000000000000000e+02,4.075275623092690647e-01,4.556915806497004451e-01,6.742802583890741275e-01,8.922803008403255021e-01,9.528746083100976261e-01
3.600000000000000000e+02,4.084911452570358370e-01,4.567008558698773535e-01,6.752346960864857861e-01,8.927099635194667426e-01,9.530726125617531297e-01
3.610000000000000000e+02,4.094124250489795114e-01,4.576657010151445326e-01,6.761465130089305831e-01,8.931201449457238928e-01,9.532616109385447789e-01
3.620000000000000000e+02,4.102297174770263011e-01,4.585215739939620949e-01,6.769550098590139120e-01,8.934836837975737023e-01,9.534291022237956215e-01
3.630000000000000000e+02,4.111657852872193653e-01,4.595012892159318074e-01,6.778778037672490431e-01,8.938973136451392465e-01,9.536195473312574222e-01
3.640000000000000000e+02,4.120782596318278701e-01,4.604559661689381911e-01,6.787753034462059576e-01,8.942987812301427253e-01,9.538043140596231817e-01
3.650000000000000000e+02,4.131112039869037078e-01,4.615364640500824733e-01,6.797899945319831883e-01,8.947521448588328097e-01,9.540129147456609671e-01
3.660000000000000000e+02,4.145720114287708702e-01,4.630639982212546579e-01,6.812219056130065509e-01,8.953906816658887546e-01,9.543065989657003589e-01
3.670000000000000000e+02,4.158813329812958703e-01,4.644323242703143895e-01,6.825006256732925047e-01,8.959590247368258709e-01,9.545678204523754262e-01
3.680000000000000000e+02,4.167612541057205133e-01,4.653517484960501549e-01,6.833591023489820060e-01,8.963402348746390969e-01,9.547429988025180059e-01
3.690000000000000000e+02,4.177877739176764638e-01,4.664237436688474792e-01,6.843570577038396996e-01,8.967819741320984805e-01,9.549458592842848814e-01
3.700000000000000000e+02,4.187417111792412494e-01,4.674196007603098058e-01,6.852824768020433499e-01,8.971908264337306038e-01,9.551335435222467751e-01
3.710000000000000000e+02,4.200287962451603185e-01,4.687629272293520333e-01,6.865292414928357845e-01,8.977409245629759393e-01,9.553859984807868688e-01
3.720000000000000000e+02,4.214645548870605274e-01,4.702608835347802385e-01,6.879169015768620277e-01,8.983519647825445320e-01,9.556663062461211444e-01
3.730000000000000000e+02,4.227919203723232155e-01,4.716450520595347196e-01,6.891957760455916793e-01,8.989135330183050110e-01,9.559237719449397153e-01
3.740000000000000000e+02,4.240927573033104747e-01,4.730005765542010798e-01,6.904434755668661383e-01,8.994592382859786239e-01,9.561737614431348176e-01
3.750000000000000000e+02,4.254112469545155983e-01,4.743738732142766534e-01,6.917045558254084625e-01,9.000094293590972239e-01,9.564256782681370694e-01
3.760000000000000000e+02,4.268188436460518265e-01,4.758399186183855378e-01,6.930505086606264520e-01,9.005965128609182413e-01,9.566944743592856737e-01
3.770000000000000000e+02,4.277923657098657850e-01,4.768535040507088096e-01,6.939793455172663661e-01,9.010008713253181423e-01,9.568795365679997333e-01
3.780000000000000000e+02,4.286942464962229526e-01,4.777921311617751576e-01,6.948377398404148586e-01,9.013737665393078968e-01,9.570501248547077511e-01
3.790000000000000000e+02,4.297632763008213397e-01,4.789046097276365987e-01,6.958546134486960355e-01,9.018152744781381402e-01,9.572520797726963293e-01
3.800000000000000000e+02,4.308968203100626004e-01,4.800837795736622726e-01,6.969303417784489252e-01,9.022813832307403636e-01,9.574651991056030154e-01
3.810000000000000000e+02,4.322349169554106085e-01,4.814748315381591759e-01,6.981951075461714229e-01,9.028274860371385824e-01,9.577147168231613383e-01
3.820000000000000000e+02,4.334651727821002276e-01,4.827527740613703489e-01,6.993523464929403133e-01,9.033250696049223150e-01,9.579418727970622216e-01
3.830000000000000000e+02,4.342799650186734972e-01,4.835990114210240720e-01,7.001180138089241334e-01,9.036540018786732853e-01,9.580920100502475778e-01
3.840000000000000000e+02,4.353260290058232340e-01,4.846851946639638697e-01,7.010996113644568650e-01,9.040751788718226489e-01,9.582842034473755266e-01
3.850000000000000000e+02,4.378354063641472504e-01,4.872890889290489858e-01,7.034447839290207671e-01,9.050778999936222036e-01,9.587414454174467693e-01
3.860000000000000000e+02,4.397526785329419208e-01,4.892778177741319290e-01,7.052324099033567828e-01,9.058406936182140656e-01,9.590891390282639817e-01
3.870000000000000000e+02,4.406090864718491540e-01,4.901659465500921575e-01,7.060298197523527941e-01,9.061805559569997559e-01,9.592440172175608071e-01
3.880000000000000000e+02,4.414829887321144453e-01,4.910721480110958881e-01,7.068431357147736405e-01,9.065270574360891898e-01,9.594019080731518434e-01
3.890000000000000000e+02,4.424482522604751278e-01,4.920723456628397496e-01,7.077374106552176691e-01,9.069065711200201552e-01,9.595747065464969028e-01
3.900000000000000000e+02,4.435737901778991632e-01,4.932378384373869995e-01,7.087759190097541184e-01,9.073457596419018945e-01,9.597745360718222818e-01
3.910000000000000000e+02,4.448822527012700756e-01,4.945925942303509015e-01,7.099823640564544291e-01,9.078556654354003053e-01,9.600065140972913191e-01
3.920000000000000000e+02,4.458516590875797325e-01,4.955958531005804080e-01,7.108737731580205832e-01,9.082315549635686658e-01,9.601774436801557844e-01
3.930000000000000000e+02,4.473149684813141347e-01,4.971099491649481616e-01,7.122176502145591837e-01,9.087976348424008366e-01,9.604348041253693014e-01
3.940000000000000000e+02,4.482567697591055556e-01,4.980836756868650683e-01,7.130784761448214493e-01,9.091587815334435385e-01,9.605988625550019311e-01
3.950000000000000000e+02,4.493213457556262669e-01,4.991840853756224217e-01,7.140501594566242005e-01,9.095659553754920079e-01,9.607837862409714935e-01
3.960000000000000000e+02,4.505853294298777789e-01,5.004904474540400328e-01,7.152029526256264980e-01,9.100487043908224161e-01,9.610030047878244108e-01
3.970000000000000000e+02,4.515322255780885863e-01,5.014684873939476706e-01,7.160633236964202286e-01,9.104078637643726601e-01,9.611659985188992783e-01
3.980000000000000000e+02,4.531360042144930156e-01,5.031247639791004422e-01,7.175192141666569823e-01,9.110151521141077735e-01,9.614415559094434682e-01
3.990000000000000000e+02,4.542294578684625828e-01,5.042537645334336238e-01,7.185105268897111763e-01,9.114281953227881816e-01,9.616289332244660759e-01
4.000000000000000000e+02,4.554715997394865878e-01,5.055354057575387472e-01,7.196319605897067984e-01,9.118938305180604997e-01,9.618400231056642991e-01
4.010000000000000000e+02,4.570807009348260008e-01,5.071950808056934212e-01,7.210815495308091627e-01,9.124946335753091331e-01,9.621122922122755661e-01
4.020000000000000000e+02,4.578953218309245177e-01,5.080348917372548012e-01,7.218132371504765166e-01,9.127971425147221041e-01,9.622493147351226517e-01
4.030000000000000000e+02,4.592057902624473442e-01,5.093854058880020741e-01,7.229877854033991413e-01,9.132818889181981703e-01,9.624688056478156728e-01
4.040000000000000000e+02,4.604296164226422960e-01,5.106459803140376286e-01,7.240812750098174488e-01,9.137320217001907441e-01,9.626725202564665462e-01
4.050000000000000000e+02,4.614855950752979608e-01,5.117333243142384580e-01,7.250230027155383228e-01,9.141190740767607403e-01,9.628476327079422692e-01
4.060000000000000000e+02,4.625643617877724934e-01,5.128437769950648928e-01,7.259831977088971877e-01,9.145130885850951685e-01,9.630258391568813359e-01
4.070000000000000000e+02,4.636900214011318577e-01,5.140020077787731401e-01,7.269825755668430922e-01,9.149223202356320250e-01,9.632108515889633571e-01
4.080000000000000000e+02,4.654726802752257031e-01,5.158362003654968220e-01,7.285649993478099384e-01,9.155702177413521659e-01,9.635037567394277858e-01
4.090000000000000000e+02,4.665350160766940091e-01,5.169288890284251536e-01,7.295061585270757876e-01,9.159549384798820748e-01,9.636776283521013564e-01
4.100000000000000000e+02,4.676156735833105760e-01,5.180402525437247663e-01,7.304626691924346327e-01,9.163456395038567237e-01,9.638541765669045303e-01
4.110000000000000000e+02,4.689705425265782712e-01,5.194324080289762779e-01,7.316556551238710959e-01,9.168308587236357887e-01,9.640732521566104385e-01
4.120000000000000000e+02,4.699684407843785494e-01,5.204573499970840400e-01,7.325321759534355603e-01,9.171866530400455408e-01,9.642338300296082743e-01
4.130000000000000000e+02,4.710688946593526993e-01,5.215875005470099746e-01,7.334981320509669223e-01,9.175785371867899443e-01,9.644106772316723974e-01
4.140000000000000000e+02,4.725917537735014884e-01,5.231503678136986135e-01,7.348293223819347686e-01,9.181167747665011092e-01,9.646534099690535768e-01
4.150000000000000000e+02,4.737509773647824995e-01,5.243397613237230637e-01,7.358411972845267934e-01,9.185254305248820028e-01,9.648376626963059977e-01
4.160000000000000000e+02,4.752346054205681680e-01,5.258611082581416962e-01,7.371317135467885251e-01,9.190451444808787063e-01,9.650718596754999101e-01
4.170000000000000000e+02,4.763536605702690108e-01,5.270082415793424513e-01,7.381032324385387033e-01,9.194357835847359883e-01,9.652478387924570136e-01
4.180000000000000000e+02,4.776065184349967407e-01,5.282921736069122742e-01,7.391890940256444775e-01,9.198718106605611178e-01,9.654442133259504288e-01
4.190000000000000000e+02,4.786814026027834124e-01,5.293935437720047599e-01,7.401198297389224301e-01,9.202452647829948429e-01,9.656123820699408222e-01
4.200000000000000000e+02,4.795733408803715125e-01,5.303066976201045168e-01,7.408883336476366210e-01,9.205523999838783888e-01,9.657505804052904930e-01
4.210000000000000000e+02,4.804670490435086205e-01,5.312210334042070103e-01,7.416552237530498193e-01,9.208578917634114847e-01,9.658879525464351135e-01
4.220000000000000000e+02,4.817684188174497506e-01,5.325521648402684605e-01,7.427705615837498776e-01,9.213017549005220186e-01,9.660875092703631317e-01
4.230000000000000000e+02,4.834076355803253455e-01,5.342284613772126933e-01,7.441734270301877396e-01,9.218594030710667298e-01,9.663381671502656589e-01
4.240000000000000000e+02,4.853766348317297696e-01,5.362412381794993133e-01,7.458547562690903687e-01,9.225265542155093312e-01,9.666379427404003799e-01
4.250000000000000000e+02,4.864414745052607625e-01,5.373291555414839715e-01,7.467610791932326464e-01,9.228852595617188515e-01,9.667990424671130123e-01
4.260000000000000000e+02,4.882372280944413112e-01,5.391633340830885857e-01,7.482870842016957624e-01,9.234884652040136199e-01,9.670698853355760294e-01
4.270000000000000000e+02,4.890997834135292766e-01,5.400440130976252862e-01,7.490184386312853659e-01,9.237770494939403498e-01,9.671994175255567150e-01
4.280000000000000000e+02,4.900949718098199792e-01,5.410588682503705282e-01,7.498561899726016167e-01,9.241057479720545809e-01,9.673467947775377107e-01
4.290000000000000000e+02,4.912171821700385133e-01,5.422026660044564350e-01,7.507980136241334534e-01,9.244744055523638204e-01,9.675120134161151464e-01
4.300000000000000000e+02,4.923124547419827080e-01,5.433188345641122297e-01,7.517163927470980056e-01,9.248336305126562129e-01,9.676729828035693926e-01
4.310000000000000000e+02,4.933994985791555488e-01,5.444265199014513001e-01,7.526274015557925523e-01,9.251898288926332370e-01,9.678325836741269450e-01
4.320000000000000000e+02,4.941484215835073024e-01,5.451893932551421518e-01,7.532537401637793284e-01,9.254343260385370362e-01,9.679421009189097536e-01
4.330000000000000000e+02,4.950485844342122910e-01,5.461058168140316971e-01,7.540041293819753632e-01,9.257265102072503860e-01,9.680729156380469824e-01
4.340000000000000000e+02,4.960249673438918983e-01,5.470994257918926351e-01,7.548160873960036987e-01,9.260420738847592315e-01,9.682141470702511077e-01
4.350000000000000000e+02,4.971314570418913781e-01,5.482247340763127808e-01,7.557328904733789932e-01,9.263973800282589988e-01,9.683730799274741230e-01
4.360000000000000000e+02,4.982156806021273976e-01,5.493271685562275408e-01,7.566301560739125964e-01,9.267447889452083976e-01,9.685284526050536025e-01
4.370000000000000000e+02,4.995439400512737826e-01,5.506775227425508845e-01,7.577283562490478852e-01,9.271696921366250344e-01,9.687184573847067437e-01
4.380000000000000000e+02,5.009845322619254082e-01,5.521415331789172320e-01,7.589168500547017748e-01,9.276287620862064820e-01,9.689236754092250825e-01
4.390000000000000000e+02,5.019728329576426118e-01,5.531454520923504425e-01,7.597300873704877500e-01,9.279422580903939899e-01,9.690637644718158583e-01
4.400000000000000000e+02,5.032322841446718042e-01,5.544243174622205395e-01,7.607641413228813931e-01,9.283401969297204737e-01,9.692415302289757451e-01
4.410000000000000000e+02,5.044136035723815192e-01,5.556234854177328764e-01,7.617323489797359626e-01,9.287122962711427121e-01,9.694077108659574504e-01
4.420000000000000000e+02,5.061722885020435436e-01,5.574079186017878440e-01,7.631699053010534417e-01,9.292636432988518047e-01,9.696538486506269816e-01
4.430000000000000000e+02,5.073678140596759034e-01,5.586205532036315757e-01,7.641452910614539018e-01,9.296371956232313272e-01,9.698205682480154355e-01
4.440000000000000000e+02,5.087991219618110961e-01,5.600716531256544339e-01,7.653098225967548407e-01,9.300822499285320566e-01,9.700191210178629175e-01
4.450000000000000000e+02,5.103641184842354628e-01,5.616573165645689647e-01,7.665786064210796669e-01,9.305658395738021227e-01,9.702347559468610383e-01
4.460000000000000000e+02,5.115639766110552378e-01,5.628723906769640406e-01,7.675484558816083602e-01,9.309346553533666135e-01,9.703991425820480687e-01
4.470000000000000000e+02,5.124835765280028044e-01,5.638034468010991729e-01,7.682908235672387676e-01,9.312166918507375213e-01,9.705248276291871257e-01
4.480000000000000000e+02,5.136981187446808539e-01,5.650323698625894231e-01,7.692678446387073432e-01,9.315868925170014414e-01,9.706897194393214745e-01
4.490000000000000000e+02,5.150756481164802114e-01,5.664260513404654196e-01,7.703752514129929008e-01,9.320062900696890473e-01,9.708765068273497167e-01
4.500000000000000000e+02,5.163521195813662867e-01,5.677164765767143129e-01,7.713967866148636610e-01,9.323918544133632524e-01,9.710481166780976503e-01
4.510000000000000000e+02,5.174610129045231766e-01,5.688369236407977425e-01,7.722816282948268274e-01,9.327250973867791117e-01,9.711963784076231843e-01
4.520000000000000000e+02,5.184921861230625817e-01,5.698784867435936485e-01,7.731028476573296171e-01,9.330339284135382716e-01,9.713337416772174215e-01
4.530000000000000000e+02,5.201015194437882405e-01,5.715030055477341442e-01,7.743798563005576119e-01,9.335128653417941180e-01,9.715466577215065014e-01
4.540000000000000000e+02,5.215993541669879940e-01,5.730141134621592469e-01,7.755645201416413448e-01,9.339560932538479854e-01,9.717436100441841917e-01
4.550000000000000000e+02,5.226817996662884713e-01,5.741059208896475141e-01,7.764196121653242910e-01,9.342757294405956703e-01,9.718856196026128824e-01
4.560000000000000000e+02,5.237475018161930063e-01,5.751806604925583377e-01,7.772606724765692698e-01,9.345898977599561563e-01,9.720251814680680447e-01
4.570000000000000000e+02,5.248892766123890441e-01,5.763306909229792829e-01,7.781554074654520869e-01,9.349223718385853976e-01,9.721727318475478219e-01
4.580000000000000000e+02,5.260953561626909858e-01,5.775446717074321779e-01,7.790969051972136405e-01,9.352712350020030430e-01,9.723274745838544897e-01
4.590000000000000000e+02,5.272088751970637199e-01,5.786650698349210531e-01,7.799643132028009074e-01,9.355921476410682391e-01,9.724697787391095583e-01
4.600000000000000000e+02,5.283096527396297093e-01,5.797723871739798307e-01,7.808206484958720717e-01,9.359086534703388027e-01,9.726101033386200800e-01
4.610000000000000000e+02,5.291799631961485728e-01,5.806475517804982056e-01,7.814963046583008888e-01,9.361580045677150297e-01,9.727206238495121893e-01
4.620000000000000000e+02,5.304408051896073450e-01,5.819153166443808978e-01,7.824746655602039525e-01,9.365189396335461547e-01,9.728805914236443586e-01
4.630000000000000000e+02,5.315679820734660055e-01,5.830482389979196878e-01,7.833473656119371853e-01,9.368403731088016384e-01,9.730230091706745243e-01
4.640000000000000000e+02,5.324201315221999131e-01,5.839043119728503095e-01,7.840052957041013793e-01,9.370822121354905887e-01,9.731301209658086426e-01
4.650000000000000000e+02,5.339857946413564260e-01,5.854768566390975426e-01,7.852126925390470191e-01,9.375256417009065757e-01,9.733264873069453760e-01
4.660000000000000000e+02,5.357566769861664691e-01,5.872547101504548284e-01,7.865748188856016565e-01,9.380249594900413879e-01,9.735475265997521888e-01
4.670000000000000000e+02,5.369932189199664307e-01,5.884957674445648879e-01,7.875244144817986625e-01,9.383726503598832647e-01,9.737014103924068742e-01
4.680000000000000000e+02,5.382015649231369769e-01,5.897074716089973911e-01,7.884478064678025477e-01,9.387095494377878380e-01,9.738504207777273214e-01
4.690000000000000000e+02,5.393687007213553430e-01,5.908774862433300301e-01,7.893381383093559522e-01,9.390339754208637535e-01,9.739938810060747576e-01
4.700000000000000000e+02,5.402791557736418282e-01,5.917897052892525656e-01,7.900306003603566607e-01,9.392857611282073860e-01,9.741051763241708183e-01
4.710000000000000000e+02,5.413710827033457740e-01,5.928834559777819146e-01,7.908598365025819588e-01,9.395869544809947183e-01,9.742382847627564235e-01
4.720000000000000000e+02,5.440315637939500126e-01,5.955460931825757864e-01,7.928705316636235345e-01,9.403147564537125414e-01,9.745597243235529783e-01
4.730000000000000000e+02,5.452298222976255104e-01,5.967445277510025070e-01,7.937727647548467047e-01,9.406404682495366210e-01,9.747035079472500252e-01
4.740000000000000000e+02,5.464615604972697938e-01,5.979756914495650832e-01,7.946970208519062995e-01,9.409733163030403746e-01,9.748503764706286656e-01
4.750000000000000000e+02,5.474971454763127854e-01,5.990106016155778423e-01,7.954732834455262580e-01,9.412526624844199663e-01,9.749736208986399255e-01
4.760000000000000000e+02,5.485971040496204765e-01,6.001094445558597945e-01,7.962961256272925725e-01,9.415483451652633118e-01,9.751040386918240488e-01
4.770000000000000000e+02,5.498777082344146194e-01,6.013884299844072245e-01,7.972527629042716057e-01,9.418917663386228156e-01,9.752554854481152447e-01
4.780000000000000000e+02,5.512177833419077411e-01,6.027262136809401483e-01,7.982513297615294601e-01,9.422496087668555953e-01,9.754132414315701549e-01
4.790000000000000000e+02,5.521842008450164041e-01,6.036902030060797841e-01,7.989682358122425221e-01,9.425057059540321580e-01,9.755260780522584385e-01
4.800000000000000000e+02,5.534704767035122375e-01,6.049725042605729186e-01,7.999193431407191079e-01,9.428446976408768609e-01,9.756753768755160872e-01
4.810000000000000000e+02,5.546033477617791085e-01,6.061016175066543665e-01,8.007559566571706977e-01,9.431426170465203596e-01,9.758065655675066674e-01
4.820000000000000000e+02,5.555710120517294293e-01,6.070655300008935829e-01,8.014683348143905040e-01,9.433957423643761775e-01,9.759179852096995234e-01
4.830000000000000000e+02,5.564816112574042517e-01,6.079724218745184983e-01,8.021379764990632655e-01,9.436335026407935977e-01,9.760226272582173124e-01
4.840000000000000000e+02,5.580096383120533021e-01,6.094933252622656283e-01,8.032579685717108342e-01,9.440302514499273601e-01,9.761971704531736682e-01
4.850000000000000000e+02,5.593396928523360900e-01,6.108164879174733386e-01,8.042300330633657124e-01,9.443739061972121762e-01,9.763483010237994364e-01
4.860000000000000000e+02,5.605823295560818931e-01,6.120526000792252397e-01,8.051378599061153052e-01,9.446947655304371860e-01,9.764893999932177104e-01
4.870000000000000000e+02,5.616444928262713798e-01,6.131087591539838844e-01,8.059121020655712897e-01,9.449679868303862973e-01,9.766095164414609897e-01
4.880000000000000000e+02,5.627444669816022982e-01,6.142017944780188143e-01,8.067109851874910698e-01,9.452491940149903016e-01,9.767330877560383984e-01
4.890000000000000000e+02,5.640744917309461481e-01,6.155233100606352092e-01,8.076764667632319039e-01,9.455889271361366255e-01,9.768823680031931689e-01
4.900000000000000000e+02,5.654293770047478240e-01,6.168687749423463762e-01,8.086569621394439356e-01,9.459332105507152200e-01,9.770335899798118229e-01
4.910000000000000000e+02,5.665868303808729856e-01,6.180173118220559925e-01,8.094910936287966763e-01,9.462252633952319414e-01,9.771618045767758165e-01
4.920000000000000000e+02,5.677848106184919530e-01,6.192057378356444763e-01,8.103531291120735780e-01,9.465267744525133198e-01,9.772941469647690171e-01
4.930000000000000000e+02,5.690142942340744581e-01,6.204246032437357172e-01,8.112345929202007255e-01,9.468343088887672954e-01,9.774290727191100592e-01
4.940000000000000000e+02,5.702700841552593714e-01,6.216692463763725529e-01,8.121337186441892619e-01,9.471477207479618299e-01,9.775665548092637991e-01
4.950000000000000000e+02,5.711830456792253985e-01,6.225735689021709707e-01,8.127852628740316332e-01,9.473743302518574660e-01,9.776659207198874491e-01
4.960000000000000000e+02,5.722660476941041630e-01,6.236460362953346603e-01,8.135570254340594998e-01,9.476424849119398086e-01,9.777834828773470655e-01
4.970000000000000000e+02,5.734031242336558032e-01,6.247717203784735052e-01,8.143660131361890597e-01,9.479232656453601136e-01,9.779065564113526010e-01
4.980000000000000000e+02,5.746845813357330801e-01,6.260401089371616656e-01,8.152768181887014576e-01,9.482391724039203051e-01,9.780450100323898610e-01
4.990000000000000000e+02,5.764474331600694113e-01,6.277838213717048532e-01,8.165252162243106238e-01,9.486711044882210064e-01,9.782342314782701553e-01
5.000000000000000000e+02,5.775567105377411581e-01,6.288805300860744740e-01,8.173087179744716879e-01,9.489417091516250125e-01,9.783527411791703710e-01
5.010000000000000000e+02,5.783442965597963559e-01,6.296587639268446113e-01,8.178633330557540937e-01,9.491328740757192239e-01,9.784364306652905130e-01
5.020000000000000000e+02,5.801852988926619048e-01,6.314773624717170408e-01,8.191576493899160871e-01,9.495785116750246058e-01,9.786314871014263339e-01
5.030000000000000000e+02,5.815254595292146389e-01,6.328004312523337616e-01,8.200968138772608551e-01,9.499011708361055906e-01,9.787726615635077287e-01
5.040000000000000000e+02,5.828982614556157404e-01,6.341546883993376404e-01,8.210548526011277604e-01,9.502293994524904086e-01,9.789162021690306359e-01
5.050000000000000000e+02,5.848033183559986359e-01,6.360336569676331431e-01,8.223829769495274444e-01,9.506841108805302865e-01,9.791150321458848005e-01
5.060000000000000000e+02,5.860408343335408166e-01,6.372533506799034075e-01,8.232423629650331698e-01,9.509775776341293785e-01,9.792432965264945555e-01
5.070000000000000000e+02,5.875880101535760902e-01,6.387770934145732271e-01,8.243123970375377807e-01,9.513419859729757011e-01,9.794024908327704226e-01
5.080000000000000000e+02,5.886654579659053033e-01,6.398378540541498349e-01,8.250561639746377685e-01,9.515949664402310049e-01,9.795129828902120472e-01
5.090000000000000000e+02,5.902122602269143092e-01,6.413602479016835556e-01,8.261222131867321794e-01,9.519571813042460029e-01,9.796711547525035479e-01
5.100000000000000000e+02,5.919684144549802740e-01,6.430882283171021063e-01,8.273307977116050038e-01,9.523674342925005920e-01,9.798502738452066207e-01
5.110000000000000000e+02,5.933171273223397657e-01,6.444141402141286834e-01,8.282545906530154323e-01,9.526800382993937388e-01,9.799866840232596132e-01
5.120000000000000000e+02,5.944789566430471739e-01,6.455559150818647174e-01,8.290488273597059754e-01,9.529484576354267933e-01,9.801037871581917971e-01
5.130000000000000000e+02,5.955902996074373679e-01,6.466470412022851111e-01,8.298046831115400979e-01,9.532030542080335289e-01,9.802147949104963454e-01
5.140000000000000000e+02,5.965804393997099497e-01,6.476183678242399822e-01,8.304751250297688348e-01,9.534282289452662429e-01,9.803129247344045671e-01
5.150000000000000000e+02,5.977703586907771038e-01,6.487849982597402310e-01,8.312783244439629904e-01,9.536974439437041484e-01,9.804302054320634952e-01
5.160000000000000000e+02,5.986880043898056281e-01,6.496845536810564870e-01,8.318972569811017292e-01,9.539047921282712839e-01,9.805205265569258977e-01
5.170000000000000000e+02,6.004217690196740342e-01,6.513827588785200406e-01,8.330615616824366132e-01,9.542937470553615187e-01,9.806898725954973361e-01
5.180000000000000000e+02,6.014490916041973501e-01,6.523890100324261088e-01,8.337514532294865166e-01,9.545242156848515735e-01,9.807902156460307497e-01
5.190000000000000000e+02,6.022974701018254384e-01,6.532191835790880363e-01,8.343182333577210397e-01,9.547129260750842894e-01,9.808723300075408158e-01
5.200000000000000000e+02,6.037462782289609864e-01,6.546364313512093025e-01,8.352844280736302363e-01,9.550342552414324837e-01,9.810121236259735644e-01
5.210000000000000000e+02,6.047951279082275367e-01,6.556622107507191766e-01,8.359830851735360335e-01,9.552664362308085355e-01,9.811131204682891349e-01
5.220000000000000000e+02,6.057002135014158961e-01,6.565467424400164287e-01,8.365836356821626518e-01,9.554655167434498164e-01,9.811996814117142085e-01
5.230000000000000000e+02,6.067736846724074429e-01,6.575951495750548270e-01,8.372934367752576934e-01,9.557002902297115909e-01,9.813017224381428427e-01
5.240000000000000000e+02,6.076530963032880095e-01,6.584537105973446991e-01,8.378737786122849585e-01,9.558920032461668548e-01,9.813850297510332554e-01
5.250000000000000000e+02,6.088124352583089705e-01,6.595850791178815564e-01,8.386371168619598526e-01,9.561438045713770428e-01,9.814944206468730892e-01
5.260000000000000000e+02,6.099940420050936618e-01,6.607376396168498367e-01,8.394131888348315140e-01,9.563994033327039013e-01,9.816054310592444709e-01
5.270000000000000000e+02,6.111881555537684863e-01,6.619021016587425255e-01,8.401964115820897971e-01,9.566571353528280364e-01,9.817173513548934638e-01
5.280000000000000000e+02,6.121431281919410550e-01,6.628324823611070338e-01,8.408196552670806900e-01,9.568615759084276862e-01,9.818060813873712434e-01
5.290000000000000000e+02,6.136609273413308197e-01,6.643105333934380408e-01,8.418078697293780444e-01,9.571852522576455025e-01,9.819465252422328039e-01
5.300000000000000000e+02,6.157343206789223089e-01,6.663284838749976569e-01,8.431537811674856275e-01,9.576252567554726092e-01,9.821373821983960806e-01
5.310000000000000000e+02,6.166854025998196320e-01,6.672539584370346111e-01,8.437705441257945527e-01,9.578267618686377993e-01,9.822247778955869313e-01
5.320000000000000000e+02,6.180276488928519996e-01,6.685594618232507669e-01,8.446388501857102771e-01,9.581100158217462637e-01,9.823475969623042259e-01
5.330000000000000000e+02,6.191995864738952804e-01,6.696983887904455202e-01,8.453937286451472799e-01,9.583556064461971058e-01,9.824540360505398251e-01
5.340000000000000000e+02,6.204515499691318769e-01,6.709140511039843879e-01,8.461965460755720425e-01,9.586160645349965925e-01,9.825668646828730202e-01
5.350000000000000000e+02,6.219680818523559696e-01,6.723858480473793309e-01,8.471663743308073258e-01,9.589301743307460102e-01,9.827028955061504201e-01
5.360000000000000000e+02,6.227870026796855640e-01,6.731801246495942026e-01,8.476883937670400826e-01,9.590989097858940715e-01,9.827759444680359557e-01
5.370000000000000000e+02,6.237862343245058616e-01,6.741490372865502900e-01,8.483244958368350019e-01,9.593043498021425197e-01,9.828648709335827682e-01
5.380000000000000000e+02,6.247766492224087198e-01,6.751086164151823832e-01,8.489522934300078871e-01,9.595065728816309925e-01,9.829523654931984211e-01
5.390000000000000000e+02,6.268040356443058680e-01,6.770713330364019900e-01,8.502321109955233158e-01,9.599177767719979659e-01,9.831302015761314017e-01
5.400000000000000000e+02,6.284709586169936468e-01,6.786847035948734286e-01,8.512830848577130904e-01,9.602551980848801350e-01,9.832761096352430341e-01
5.410000000000000000e+02,6.299427473673562261e-01,6.801082331328703878e-01,8.522077174904355568e-01,9.605514072002759862e-01,9.834041489848276418e-01
5.420000000000000000e+02,6.312622057316109592e-01,6.813841085617370341e-01,8.530355725619314100e-01,9.608164023460845637e-01,9.835186803035439462e-01
5.430000000000000000e+02,6.325690611602609037e-01,6.826473520049758381e-01,8.538540162490937391e-01,9.610780913007679338e-01,9.836317611536845584e-01
5.440000000000000000e+02,6.335596308465136772e-01,6.836045824766554535e-01,8.544734286159821890e-01,9.612759567556070639e-01,9.837172490621260978e-01
5.450000000000000000e+02,6.347146434135790827e-01,6.847202780005244849e-01,8.551941779816447653e-01,9.615059038198070507e-01,9.838165766593799377e-01
5.460000000000000000e+02,6.363372528071573608e-01,6.862860427857324641e-01,8.562013247935247318e-01,9.618261826933912628e-01,9.839548479265346481e-01
5.470000000000000000e+02,6.376555518415458756e-01,6.875578292969724004e-01,8.570184911585553289e-01,9.620858357054155041e-01,9.840669303159762515e-01
5.480000000000000000e+02,6.389796846971051991e-01,6.888344931593569642e-01,8.578367773125702422e-01,9.623453661429558492e-01,9.841789249370554993e-01
5.490000000000000000e+02,6.408370226738483444e-01,6.906246702581161356e-01,8.589826596850891338e-01,9.627084324341235178e-01,9.843355715380098792e-01
5.500000000000000000e+02,6.424796370886692864e-01,6.922063607987869460e-01,8.599910239881075613e-01,9.630269688241341886e-01,9.844729359202980534e-01
5.510000000000000000e+02,6.435882881206937967e-01,6.932735279647960214e-01,8.606704012126623615e-01,9.632413531341739166e-01,9.845653696906616625e-01
5.520000000000000000e+02,6.453299885333703134e-01,6.949485959037656757e-01,8.617329211998919769e-01,9.635757407590689327e-01,9.847094787166983387e-01
5.530000000000000000e+02,6.466419421940609036e-01,6.962090207780580187e-01,8.625289195712194656e-01,9.638254370042341757e-01,9.848170300046794612e-01
5.540000000000000000e+02,6.491653751971900865e-01,6.986317580621883572e-01,8.640548222396975397e-01,9.643031421410209747e-01,9.850227223599072879e-01
5.550000000000000000e+02,6.505109009583964763e-01,6.999232441800306015e-01,8.648673299703453221e-01,9.645573008372805290e-01,9.851321441016644975e-01
5.560000000000000000e+02,6.524040322838239314e-01,7.017395409156946817e-01,8.660079296244300728e-01,9.649136112692268119e-01,9.852855103141234805e-01
5.570000000000000000e+02,6.540065141173003749e-01,7.032764911742784841e-01,8.669718283767346989e-01,9.652144296732222406e-01,9.854149700988584781e-01
5.580000000000000000e+02,6.559484108843298689e-01,7.051375016726455502e-01,8.681351599298554600e-01,9.655766206007592167e-01,9.855707797469973608e-01
5.590000000000000000e+02,6.569380508669440122e-01,7.060854909955969205e-01,8.687266537224382912e-01,9.657605254417669371e-01,9.856498751465583297e-01
5.600000000000000000e+02,6.583530435329998376e-01,7.074400751100869966e-01,8.695696502523274640e-01,9.660221303429430417e-01,9.857623529022400133e-01
5.610000000000000000e+02,6.599618825207040906e-01,7.089793398200023855e-01,8.705253109459227812e-01,9.663181862744124606e-01,9.858896063389166464e-01
5.620000000000000000e+02,6.611912987960971710e-01,7.101550372556876267e-01,8.712538455277307747e-01,9.665435647043537637e-01,9.859864579568656806e-01
5.630000000000000000e+02,6.626864713042746047e-01,7.115845290000442080e-01,8.721387604571095853e-01,9.668171217659207173e-01,9.861039991003747174e-01
5.640000000000000000e+02,6.639305020546458769e-01,7.127732213967401531e-01,8.728728678253743212e-01,9.670436691724982881e-01,9.862013134463417652e-01
5.650000000000000000e+02,6.649437271692760776e-01,7.137413658054932997e-01,8.734707466830818889e-01,9.672281708668365452e-01,9.862805665136221700e-01
5.660000000000000000e+02,6.664825437981939382e-01,7.152087998777038047e-01,8.743696614689768776e-01,9.675039549168489295e-01,9.863989153457763948e-01
5.670000000000000000e+02,6.676177918139660772e-01,7.162910049525170741e-01,8.750316469526490115e-01,9.677068411268181514e-01,9.864859662750772307e-01
5.680000000000000000e+02,6.689263904462658950e-01,7.175378755622912053e-01,8.757929071051020475e-01,9.679398343064256061e-01,9.865859123634366235e-01
5.690000000000000000e+02,6.713569635196897645e-01,7.198528878265910702e-01,8.772040623282562066e-01,9.683712441395272430e-01,9.867709375293979290e-01
5.700000000000000000e+02,6.740090236419511438e-01,7.223769595141479316e-01,8.787379823888645802e-01,9.688391657991768380e-01,9.869715499523261659e-01
5.710000000000000000e+02,6.751231621132245397e-01,7.234369090914324341e-01,8.793810994812319981e-01,9.690351239401693295e-01,9.870555473694908599e-01
5.720000000000000000e+02,6.761582444694662630e-01,7.244209511242193367e-01,8.799764578582864871e-01,9.692161611703473678e-01,9.871331229051431011e-01
5.730000000000000000e+02,6.773256983539140963e-01,7.255300650730895917e-01,8.806456074395877520e-01,9.694192316366900819e-01,9.872201112458235395e-01
5.740000000000000000e+02,6.786560767155814800e-01,7.267930224456642385e-01,8.814052990333478554e-01,9.696492910203288185e-01,9.873186263318551870e-01
5.750000000000000000e+02,6.798399478105056071e-01,7.279166024361417575e-01,8.820804409210079022e-01,9.698535935312652123e-01,9.874061011892524276e-01
5.760000000000000000e+02,6.812235703562427025e-01,7.292294883055877586e-01,8.828686762044760661e-01,9.700919781900003702e-01,9.875081588819143441e-01
5.770000000000000000e+02,6.828470831942566877e-01,7.307683054570829340e-01,8.837884909931329469e-01,9.703692914666085523e-01,9.876268221177912920e-01
5.780000000000000000e+02,6.843766791311989284e-01,7.322168186190872730e-01,8.846512603499320226e-01,9.706287576813806828e-01,9.877378031336716546e-01
5.790000000000000000e+02,6.856065495015455369e-01,7.333808685509448644e-01,8.853431111139941079e-01,9.708365095016945334e-01,9.878266425573273279e-01
5.800000000000000000e+02,6.871393019974345595e-01,7.348299191711523681e-01,8.862004068465864082e-01,9.710931161420053304e-01,9.879363158187354221e-01
5.810000000000000000e+02,6.885377311340845630e-01,7.361513815950443407e-01,8.869808090019800639e-01,9.713264130132619467e-01,9.880360060341861761e-01
5.820000000000000000e+02,6.898965547626244588e-01,7.374339864429646507e-01,8.877349192255908905e-01,9.715511567951137240e-01,9.881319932178004306e-01
5.830000000000000000e+02,6.919453550488066096e-01,7.393668771106316484e-01,8.888690682462960790e-01,9.718886870717938775e-01,9.882761180941184165e-01
5.840000000000000000e+02,6.935210667624364111e-01,7.408521192001723543e-01,8.897374893537030038e-01,9.721465053010049928e-01,9.883861623944503183e-01
5.850000000000000000e+02,6.948853992636838672e-01,7.421379161946783931e-01,8.904888285026133499e-01,9.723694683800754301e-01,9.884813228716055056e-01
5.860000000000000000e+02,6.960856796792365131e-01,7.432682003577215646e-01,8.911472176498718145e-01,9.725644236507527962e-01,9.885645002568040907e-01
5.870000000000000000e+02,6.972560204632106684e-01,7.443697632029204758e-01,8.917876686449892620e-01,9.727538212880751933e-01,9.886452894760284771e-01
5.880000000000000000e+02,6.988010230708441295e-01,7.458225847886615911e-01,8.926291862950138656e-01,9.730020401947773179e-01,9.887511253086026519e-01
5.890000000000000000e+02,7.003422992300399885e-01,7.472713164193126589e-01,8.934670055633835428e-01,9.732488997425513544e-01,9.888563630215226885e-01
5.900000000000000000e+02,7.017332523995211124e-01,7.485775679609186772e-01,8.942197540645702158e-01,9.734701564537660001e-01,9.889506491201904836e-01
5.910000000000000000e+02,7.027405425265227379e-01,7.495234884331413161e-01,8.947647859919234392e-01,9.736303446118035332e-01,9.890189105635456279e-01
5.920000000000000000e+02,7.041222378588910535e-01,7.508205619457458679e-01,8.955111563678331832e-01,9.738495083186957668e-01,9.891122897363544553e-01
5.930000000000000000e+02,7.054328114918156922e-01,7.520504167143813312e-01,8.962178304575507681e-01,9.740568122986934529e-01,9.892006018526617872e-01
5.940000000000000000e+02,7.065738590030007371e-01,7.531194997980066308e-01,8.968283635730734948e-01,9.742351670469501235e-01,9.892765303993578119e-01
5.950000000000000000e+02,7.086632446452740819e-01,7.550754659976991467e-01,8.979417380592483733e-01,9.745596985554865199e-01,9.894146396754683881e-01
5.960000000000000000e+02,7.106751760959735265e-01,7.569584126498176690e-01,8.990124201677328619e-01,9.748715638647331705e-01,9.895473434764057163e-01
5.970000000000000000e+02,7.119892260412211682e-01,7.581872740026474045e-01,8.997090980795018345e-01,9.750740829886519467e-01,9.896334908779068629e-01
5.980000000000000000e+02,7.133053027339144592e-01,7.594176738410624017e-01,9.004058658907335699e-01,9.752764752374359913e-01,9.897195738676167753e-01
5.990000000000000000e+02,7.140426395605329324e-01,7.601064112093820491e-01,9.007945863488034943e-01,9.753891335116406935e-01,9.897674731924660518e-01
6.000000000000000000e+02,7.151172806101552260e-01,7.611093747618413730e-01,9.013588182450792408e-01,9.755523023790370063e-01,9.898368240901976867e-01
6.010000000000000000e+02,7.165193443368721438e-01,7.624169464966190635e-01,9.020923032718835000e-01,9.757640103944651422e-01,9.899267777301484772e-01
6.020000000000000000e+02,7.178293006848486257e-01,7.636379716498311598e-01,9.027758474743806660e-01,9.759610361348333152e-01,9.900104747839538755e-01
6.030000000000000000e+02,7.191698440750549093e-01,7.648864815503927383e-01,9.034725793424417395e-01,9.761614422578757111e-01,9.900955793259490489e-01
6.040000000000000000e+02,7.201606284985042628e-01,7.658084348813785081e-01,9.039853493911980120e-01,9.763086052155121042e-01,9.901580513648242654e-01
6.050000000000000000e+02,7.214190110973405234e-01,7.669788497386716974e-01,9.046351482973340463e-01,9.764948746546944225e-01,9.902371095837755322e-01
6.060000000000000000e+02,7.224943846927873725e-01,7.679782033928961305e-01,9.051881885134748229e-01,9.766530695791615369e-01,9.903042293559970455e-01
6.070000000000000000e+02,7.235675427414219874e-01,7.689750597117981368e-01,9.057389232480561603e-01,9.768104309633086624e-01,9.903709837348136924e-01
6.080000000000000000e+02,7.257236893866751970e-01,7.709763562728074726e-01,9.068413354111161118e-01,9.771248134950067943e-01,9.905043071285211109e-01
6.090000000000000000e+02,7.271185577470696826e-01,7.722692830789751328e-01,9.075498652954012702e-01,9.773261844252351116e-01,9.905896585304103663e-01
6.100000000000000000e+02,7.282405406876711895e-01,7.733089644943864638e-01,9.081189863840116727e-01,9.774878170902568941e-01,9.906581589528942189e-01
6.110000000000000000e+02,7.296078516076310860e-01,7.745750831001185777e-01,9.088102086529723511e-01,9.776837842107614085e-01,9.907411874508862404e-01
6.120000000000000000e+02,7.310433709149163350e-01,7.759033008070800319e-01,9.095331494127084637e-01,9.778883410326552061e-01,9.908278283311235946e-01
6.130000000000000000e+02,7.320197404002204422e-01,7.768056886419580920e-01,9.100222675092929370e-01,9.780263623568511422e-01,9.908862627762318187e-01
6.140000000000000000e+02,7.332449222272038325e-01,7.779374364462372515e-01,9.106344848146088466e-01,9.781988974099320444e-01,9.909592945134465536e-01
6.150000000000000000e+02,7.343474376727834319e-01,7.789548431189243782e-01,9.111827642822151185e-01,9.783530344768852638e-01,9.910245133905418724e-01
6.160000000000000000e+02,7.355492445604399077e-01,7.800636630178074959e-01,9.117798754105260750e-01,9.785208213475545813e-01,9.910955026020733527e-01
6.170000000000000000e+02,7.370255243905405873e-01,7.814243156003842783e-01,9.125097792238408001e-01,9.787254131559249837e-01,9.911820298134549345e-01
6.180000000000000000e+02,7.386240433216945123e-01,7.828971220134555153e-01,9.132988228779070905e-01,9.789463974903229726e-01,9.912754776052550287e-01
6.190000000000000000e+02,7.399191161974923991e-01,7.840895089850179467e-01,9.139359628746007713e-01,9.791245388167515440e-01,9.913507884473270471e-01
6.200000000000000000e+02,7.410996357710409876e-01,7.851757423297804905e-01,9.145150225231937213e-01,9.792861982386668052e-01,9.914191153192154493e-01
6.210000000000000000e+02,7.422911814626664828e-01,7.862704237071466151e-01,9.150952350464498508e-01,9.794475848040249399e-01,9.914872875733499180e-01
6.220000000000000000e+02,7.446350743415011131e-01,7.884233233419665199e-01,9.162354471379331455e-01,9.797645787060939027e-01,9.916211804712599109e-01
6.230000000000000000e+02,7.459791066076062460e-01,7.896555441124782915e-01,9.168835799397352382e-01,9.799439829447912365e-01,9.916969061208169567e-01
6.240000000000000000e+02,7.476857264732322816e-01,7.912179665488132674e-01,9.177011018529950270e-01,9.801695266614790514e-01,9.917920579100479861e-01
6.250000000000000000e+02,7.491560329604904922e-01,7.925630129072976926e-01,9.184029071844886927e-01,9.803628029580790937e-01,9.918735743211721800e-01
6.260000000000000000e+02,7.506357418684170835e-01,7.939161853157759019e-01,9.191080426328879227e-01,9.805568389729845125e-01,9.919554008309052762e-01
6.270000000000000000e+02,7.522725238356606781e-01,7.954116093057999048e-01,9.198846566311484896e-01,9.807700879996137378e-01,9.920452997593943723e-01
6.280000000000000000e+02,7.538015077588627877e-01,7.968082022112519258e-01,9.206092935641514430e-01,9.809689527540349507e-01,9.921291274124217630e-01
6.290000000000000000e+02,7.548441528202236572e-01,7.977598468672021381e-01,9.211017002611188165e-01,9.811038520450254818e-01,9.921859763699467649e-01
6.300000000000000000e+02,7.568013954680435917e-01,7.995443790821572527e-01,9.220215146071061296e-01,9.813552385056649729e-01,9.922918756210051816e-01
6.310000000000000000e+02,7.586353659656827064e-01,8.012158657835778408e-01,9.228818396814482128e-01,9.815901588884284878e-01,9.923908248242788721e-01
6.320000000000000000e+02,7.613034905282912712e-01,8.036464780417775788e-01,9.241307863343841689e-01,9.819308393291843462e-01,9.925342972392573460e-01
6.330000000000000000e+02,7.626249302559893195e-01,8.048494078887702408e-01,9.247472646522102435e-01,9.820987223918753450e-01,9.926049806715542267e-01
6.340000000000000000e+02,7.640629035202641806e-01,8.061563529893844837e-01,9.254132229741222071e-01,9.822794386330618854e-01,9.926810256041950220e-01
6.350000000000000000e+02,7.659205325004095899e-01,8.078431233088747554e-01,9.262697983265468782e-01,9.825113935126134068e-01,9.927786000224597673e-01
6.360000000000000000e+02,7.670456423633810195e-01,8.088634547335151748e-01,9.267855801367209656e-01,9.826506721781871345e-01,9.928371638329058779e-01
6.370000000000000000e+02,7.686795273529828387e-01,8.103446361316198887e-01,9.275333344360694454e-01,9.828524278022860994e-01,9.929219873482472147e-01
6.380000000000000000e+02,7.706396410248049778e-01,8.121205208805220011e-01,9.284279888247678469e-01,9.830935099153498280e-01,9.930233248020802206e-01
6.390000000000000000e+02,7.718356141270440451e-01,8.132037452913357667e-01,9.289730797025673725e-01,9.832402940359827870e-01,9.930850181106219976e-01
6.400000000000000000e+02,7.732250893980640027e-01,8.144605762984976627e-01,9.296025587867594586e-01,9.834093162478461103e-01,9.931560267678538612e-01
6.410000000000000000e+02,7.748239668535510383e-01,8.159048901543711763e-01,9.303224966807279728e-01,9.836020684922253121e-01,9.932369688224966797e-01
6.420000000000000000e+02,7.761488306078754285e-01,8.171014381745353994e-01,9.309185039824249275e-01,9.837615707628425410e-01,9.933039438197889259e-01
6.430000000000000000e+02,7.786470344031050095e-01,8.193560720829579092e-01,9.320386906555196971e-01,9.840608906161240066e-01,9.934295985506464977e-01
6.440000000000000000e+02,7.800502934771469388e-01,8.206222917027041763e-01,9.326673992389602486e-01,9.842288208328575649e-01,9.935000916883800492e-01
6.450000000000000000e+02,7.813301591870622786e-01,8.217748122823271828e-01,9.332355197812204350e-01,9.843799062059006566e-01,9.935634714659800082e-01
6.460000000000000000e+02,7.830346803765565467e-01,8.233077092784487627e-01,9.339876201520225241e-01,9.845793592895268898e-01,9.936471056121646273e-01
6.470000000000000000e+02,7.840710673861057689e-01,8.242377917027398082e-01,9.344405955321908319e-01,9.846989572159290383e-01,9.936972214763589717e-01
6.480000000000000000e+02,7.853767965798973405e-01,8.254093775411905920e-01,9.350108274435571243e-01,9.848494572134498526e-01,9.937602828104677988e-01
6.490000000000000000e+02,7.865898736840507555e-01,8.264970675762689512e-01,9.355389254369778085e-01,9.849886333535887717e-01,9.938185863782112994e-01
6.500000000000000000e+02,7.885466327994284930e-01,8.282493909452021130e-01,9.363860215509484108e-01,9.852113036448257866e-01,9.939118307766975358e-01
6.510000000000000000e+02,7.896736326242081994e-01,8.292583305315548436e-01,9.368732241117755377e-01,9.853392885688950775e-01,9.939654199228018516e-01
6.520000000000000000e+02,7.912736588632461876e-01,8.306886128923266499e-01,9.375603080087411278e-01,9.855192286699204773e-01,9.940407285319429187e-01
6.530000000000000000e+02,7.932391283851063513e-01,8.324439651390643791e-01,9.384008737363420671e-01,9.857389530061798633e-01,9.941326616970047603e-01
6.540000000000000000e+02,7.949552532390153914e-01,8.339761403673373596e-01,9.391337570287420222e-01,9.859304045953685147e-01,9.942127576197899996e-01
6.550000000000000000e+02,7.963539242840136367e-01,8.352242289824279853e-01,9.397296581850335118e-01,9.860859047394651133e-01,9.942778022849492192e-01
6.560000000000000000e+02,7.983063476104823586e-01,8.369626682257340633e-01,9.405534539915011427e-01,9.862999309234470324e-01,9.943672687323186210e-01
6.570000000000000000e+02,7.999411273395942157e-01,8.384161424222699166e-01,9.412387367091072932e-01,9.864774479000814056e-01,9.944414409365384122e-01
6.580000000000000000e+02,8.012911393533053150e-01,8.396162545482118711e-01,9.418042781121112039e-01,9.866239038474621248e-01,9.945026321627939980e-01
6.590000000000000000e+02,8.027673051266995818e-01,8.409268986364167864e-01,9.424193000455881597e-01,9.867827841485448115e-01,9.945689900666295769e-01
6.600000000000000000e+02,8.042748625795689277e-01,8.422640071898990222e-01,9.430444823920099973e-01,9.869439535645978534e-01,9.946362830571654490e-01
6.610000000000000000e+02,8.056235699658939042e-01,8.434590635809763315e-01,9.436013921919984559e-01,9.870872482413179938e-01,9.946960956870077863e-01
6.620000000000000000e+02,8.069885295599854569e-01,8.446661705840634582e-01,9.441602005644275097e-01,9.872304860353970923e-01,9.947558506253654231e-01
6.630000000000000000e+02,8.084262458865884016e-01,8.459359422580514654e-01,9.447453876343351320e-01,9.873801019033942028e-01,9.948182424926216294e-01
6.640000000000000000e+02,8.101161222820617569e-01,8.474272394190267566e-01,9.454308290906117129e-01,9.875550831365651483e-01,9.948911954977408545e-01
6.650000000000000000e+02,8.119408518404165331e-01,8.490353265422155848e-01,9.461665168439694629e-01,9.877423957650790509e-01,9.949692589918336383e-01
6.660000000000000000e+02,8.136950331970390637e-01,8.505807413541716100e-01,9.468727611712572934e-01,9.879221007377909647e-01,9.950441450748039873e-01
6.670000000000000000e+02,8.152758749695563356e-01,8.519710809657158324e-01,9.475045119099309021e-01,9.880823321225110645e-01,9.951108841507259051e-01
6.680000000000000000e+02,8.174091171337786177e-01,8.538439842466201135e-01,9.483505697038097093e-01,9.882962139553912451e-01,9.951999261323918322e-01
6.690000000000000000e+02,8.186703593076886110e-01,8.549510788948049278e-01,9.488503415508974248e-01,9.884225068045771057e-01,9.952525006100136906e-01
6.700000000000000000e+02,8.198913178996968254e-01,8.560203755837240136e-01,9.493293949165247936e-01,9.885430508353618695e-01,9.953026503904560673e-01
6.710000000000000000e+02,8.226168459616035600e-01,8.584046124349523632e-01,9.503934815940781045e-01,9.888102383910726267e-01,9.954137732379718662e-01
6.720000000000000000e+02,8.237015858052244566e-01,8.593531271475928213e-01,9.508162214452844374e-01,9.889163053376931467e-01,9.954578813208526666e-01
6.730000000000000000e+02,8.255351597381452855e-01,8.609537829089982663e-01,9.515257098567985183e-01,9.890937786711548885e-01,9.955316508268082787e-01
6.740000000000000000e+02,8.277937501505081563e-01,8.629238867102325683e-01,9.523966474787187719e-01,9.893113192497572372e-01,9.956220554568036007e-01
6.750000000000000000e+02,8.295281363408033570e-01,8.644362950759756359e-01,9.530645966194953855e-01,9.894780681895989360e-01,9.956913468239433351e-01
6.760000000000000000e+02,8.312338876809693966e-01,8.659220326482272023e-01,9.537182977082304669e-01,9.896409220077213575e-01,9.957589989731993052e-01
6.770000000000000000e+02,8.332415651812510315e-01,8.676678384826825852e-01,9.544822273019554215e-01,9.898306656448191410e-01,9.958377868512727771e-01
6.780000000000000000e+02,8.347827774076888030e-01,8.690061971085250025e-01,9.550652582958853998e-01,9.899751253814921270e-01,9.958977499256900234e-01
6.790000000000000000e+02,8.360574479950473314e-01,8.701104510670898406e-01,9.555425670102208890e-01,9.900928893118828844e-01,9.959466016588137682e-01
6.800000000000000000e+02,8.382833907768840742e-01,8.720376889961473088e-01,9.563740513254112008e-01,9.902978296167813665e-01,9.960316039975583013e-01
6.810000000000000000e+02,8.397381760367722547e-01,8.732959439479053287e-01,9.569150818449287943e-01,9.904309372279128665e-01,9.960867978633981545e-01
6.820000000000000000e+02,8.407770981002938848e-01,8.741931865892667020e-01,9.572990385972525162e-01,9.905251570538227135e-01,9.961258519842308701e-01
6.830000000000000000e+02,8.426692475555938033e-01,8.758234898293111304e-01,9.579914622666818591e-01,9.906943876384999292e-01,9.961959569011378246e-01
6.840000000000000000e+02,8.448460877025706361e-01,8.776965439471039465e-01,9.587835291408688398e-01,9.908875216602810454e-01,9.962759369728197978e-01
6.850000000000000000e+02,8.464503780133479927e-01,8.790762981754471905e-01,9.593661099371519896e-01,9.910294611059971004e-01,9.963347096330141817e-01
6.860000000000000000e+02,8.481846645611651470e-01,8.805662170905663721e-01,9.599929990972126959e-01,9.911819107082476821e-01,9.963978171287918295e-01
6.870000000000000000e+02,8.496423572767954902e-01,8.818171108373025202e-01,9.605174354248088298e-01,9.913092034004363784e-01,9.964504962733445881e-01
6.880000000000000000e+02,8.534594950958243054e-01,8.850907508513000677e-01,9.618872772275501859e-01,9.916413581698063640e-01,9.965879359103758661e-01
6.890000000000000000e+02,8.546453347406997025e-01,8.861053916890334614e-01,9.623087345473653187e-01,9.917431557876775772e-01,9.966300343092899805e-01
6.900000000000000000e+02,8.563146405117341153e-01,8.875308311000086325e-01,9.628970733113731972e-01,9.918847882155477080e-01,9.966885782330905386e-01
6.910000000000000000e+02,8.582677564938892001e-01,8.891972318098514405e-01,9.635830642233365051e-01,9.920497023585528318e-01,9.967567322216582815e-01
6.920000000000000000e+02,8.598065145674567145e-01,8.905062750112386905e-01,9.641170267345560152e-01,9.921774575016186759e-01,9.968094933449136441e-01
6.930000000000000000e+02,8.613715764112813700e-01,8.918367283616329688e-01,9.646584902649755211e-01,9.923068548591508220e-01,9.968629236532243754e-01
6.940000000000000000e+02,8.629115715591557656e-01,8.931442326057231762e-01,9.651885351087706733e-01,9.924332674032884105e-01,9.969151063493104648e-01
6.950000000000000000e+02,8.644232903614983421e-01,8.944247009577709351e-01,9.657038188849357274e-01,9.925556955811186688e-01,9.969656169678191571e-01
6.960000000000000000e+02,8.663427940037640163e-01,8.960484920666803577e-01,9.663546712386761328e-01,9.927100195211332467e-01,9.970292684192277877e-01
6.970000000000000000e+02,8.682097467998154405e-01,8.976239794492251178e-01,9.669814226027080295e-01,9.928580587221229603e-01,9.970902942458793605e-01
6.980000000000000000e+02,8.698638024763931664e-01,8.990180652765223934e-01,9.675338839785436740e-01,9.929882962100406996e-01,9.971439668056318872e-01
6.990000000000000000e+02,8.713104841264917022e-01,9.002367884848813118e-01,9.680161436760044147e-01,9.931018998742094928e-01,9.971907794015736348e-01
7.000000000000000000e+02,8.728847831305601712e-01,9.015623064924058738e-01,9.685397979041768801e-01,9.932251515790539997e-01,9.972415616230609903e-01
7.010000000000000000e+02,8.744227755863628326e-01,9.028563924139479946e-01,9.690499915903784123e-01,9.933451111295840130e-01,9.972909801546891995e-01
7.020000000000000000e+02,8.764910484435979310e-01,9.045932955816605725e-01,9.697307252348251749e-01,9.935046920629609923e-01,9.973566932661128703e-01
7.030000000000000000e+02,8.785914685659708123e-01,9.063508866220870708e-01,9.704121072827128769e-01,9.936635559753899116e-01,9.974220605974719600e-01
7.040000000000000000e+02,8.807168953236796938e-01,9.081276628367273007e-01,9.710988907044179053e-01,9.938234431023824644e-01,9.974878352282838812e-01
7.050000000000000000e+02,8.826856246851289001e-01,9.097728681070530454e-01,9.717341432948820579e-01,9.939712554963879843e-01,9.975486380006821641e-01
7.060000000000000000e+02,8.844959861129488843e-01,9.112797992727427188e-01,9.723091705966285803e-01,9.941042737983011301e-01,9.976033100780952179e-01
7.070000000000000000e+02,8.863785272136748272e-01,9.128456356079384104e-01,9.729053332237443952e-01,9.942420285172345329e-01,9.976599200509504994e-01
7.080000000000000000e+02,8.883518129033181054e-01,9.144849776137341513e-01,9.735272429026265995e-01,9.943854789353633317e-01,9.977188560162311148e-01
7.090000000000000000e+02,8.903040466644634998e-01,9.161015011532603891e-01,9.741345212804849441e-01,9.945248852255930139e-01,9.977760919855266364e-01
7.100000000000000000e+02,8.935758627787868669e-01,9.188061436584807895e-01,9.751455351112015002e-01,9.947564121602749942e-01,9.978711176939845107e-01
7.110000000000000000e+02,8.956491823691005161e-01,9.205152675639607374e-01,9.757791772707815614e-01,9.949009418096597113e-01,9.979304040108858409e-01
7.120000000000000000e+02,8.974242795109352855e-01,9.219777804192748061e-01,9.763205488010662236e-01,9.950243326159865509e-01,9.979810138411686626e-01
7.130000000000000000e+02,8.994329762521950933e-01,9.236286094154044779e-01,9.769271539319853703e-01,9.951621039837853511e-01,9.980374941514752463e-01
7.140000000000000000e+02,9.026318367975951773e-01,9.262507931477257372e-01,9.778834749469098586e-01,9.953785234051166775e-01,9.981261724181836881e-01
7.150000000000000000e+02,9.050210809488632435e-01,9.282008512763845198e-01,9.785858099617943395e-01,9.955365219701076684e-01,9.981908591981727419e-01
7.160000000000000000e+02,9.066142933186490671e-01,9.295002622016113047e-01,9.790528330580385852e-01,9.956414810469343957e-01,9.982338250300587523e-01
7.170000000000000000e+02,9.082735072987443425e-01,9.308471274973008081e-01,9.795304056945212112e-01,9.957481315316218939e-01,9.982774449446938370e-01
7.180000000000000000e+02,9.106591180291369048e-01,9.327826716008221775e-01,9.802157299721303563e-01,9.959010743420281253e-01,9.983399925919672624e-01
7.190000000000000000e+02,9.131123687424055335e-01,9.347707718992976922e-01,9.809173273711352392e-01,9.960574065080335382e-01,9.984039127055376328e-01
7.200000000000000000e+02,9.157756894915864976e-01,9.369144751165080498e-01,9.816594360900858796e-01,9.962213032844879912e-01,9.984708440263776463e-01
7.210000000000000000e+02,9.184912451926307009e-01,9.390951948319988807e-01,9.824095073773415621e-01,9.963864703247409249e-01,9.985382668207472001e-01
7.220000000000000000e+02,9.214019795492250919e-01,9.414284425688616009e-01,9.832080168046427593e-01,9.965619009349860891e-01,9.986098568542283171e-01
7.230000000000000000e+02,9.233358474001224225e-01,9.429756720817910054e-01,9.837347202175562577e-01,9.966773374522077678e-01,9.986569488630195890e-01
7.240000000000000000e+02,9.258375071881199680e-01,9.449660447227019588e-01,9.844019293717124475e-01,9.968225572772811960e-01,9.987161349192097415e-01
7.250000000000000000e+02,9.281543095561878287e-01,9.468067003843287921e-01,9.850165302732845074e-01,9.969560916131314787e-01,9.987705454037596464e-01
7.260000000000000000e+02,9.301846635821190423e-01,9.484135603785410762e-01,9.855474423957248931e-01,9.970709028849469302e-01,9.988172971381672482e-01
7.270000000000000000e+02,9.324597451621898792e-01,9.502134044399139778e-01,9.861414909837861176e-01,9.971993075960413622e-01,9.988695808815140076e-01
7.280000000000000000e+02,9.345729590780945673e-01,9.518705469020177778e-01,9.866756246834279542e-01,9.973135646535630228e-01,9.989160385685595944e-01
7.290000000000000000e+02,9.370438022596688787e-01,9.538036077710815297e-01,9.872948175611082622e-01,9.974456579395035716e-01,9.989697289853686213e-01
7.300000000000000000e+02,9.391911035438734734e-01,9.554813579060099649e-01,9.878303713742612180e-01,9.975597370008431053e-01,9.990160880178339253e-01
7.310000000000000000e+02,9.420531339496232004e-01,9.577152043777820145e-01,9.885414567552222032e-01,9.977110243279753155e-01,9.990775576878925257e-01
7.320000000000000000e+02,9.444705024448005748e-01,9.595896737325271264e-01,9.891279411917146547e-01,9.978348817246038838e-01,9.991278324014365442e-01
7.330000000000000000e+02,9.465992623378551851e-01,9.612334501807030529e-01,9.896366564791762022e-01,9.979418175618746112e-01,9.991712116168314228e-01
7.340000000000000000e+02,9.493538369092675566e-01,9.633479073069911580e-01,9.902810972636617581e-01,9.980764136879173298e-01,9.992257646030093809e-01
7.350000000000000000e+02,9.524714901399486955e-01,9.657193969549371371e-01,9.909872977839697672e-01,9.982224941902464455e-01,9.992848967733040100e-01
7.360000000000000000e+02,9.554914206448107405e-01,9.679928680565884624e-01,9.916469444760925844e-01,9.983575052751938461e-01,9.993394718464672088e-01
7.370000000000000000e+02,9.589344397800337871e-01,9.705670163312140053e-01,9.923812053651254184e-01,9.985067610828304296e-01,9.993997508345572323e-01
7.380000000000000000e+02,9.613215204771156097e-01,9.723455383314369982e-01,9.928842421281562913e-01,9.986086708145086588e-01,9.994408903279079492e-01
7.390000000000000000e+02,9.641145132280850572e-01,9.744168821114483903e-01,9.934635474310071768e-01,9.987255104538323991e-01,9.994880294416635946e-01
7.400000000000000000e+02,9.659272208283681271e-01,9.757490108187162337e-01,9.938280316298567785e-01,9.987983951209710165e-01,9.995174021118400365e-01
7.410000000000000000e+02,9.680466762359974942e-01,9.773012857898828454e-01,9.942493373780946220e-01,9.988823794818522117e-01,9.995512342963464025e-01
7.420000000000000000e+02,9.699769044946430219e-01,9.787090373054743164e-01,9.946276402542429951e-01,9.989575038016735853e-01,9.995814823639354030e-01
7.430000000000000000e+02,9.752286013752607952e-01,9.825116088017800120e-01,9.956323637999490161e-01,9.991557422924186582e-01,9.996612348689311034e-01
7.440000000000000000e+02,9.772668376228398346e-01,9.839841640021516067e-01,9.960194530313809524e-01,9.992319693295309557e-01,9.996918937967759211e-01
7.450000000000000000e+02,9.793128556845357435e-01,9.854591443456097721e-01,9.964052432938399484e-01,9.993077973137379777e-01,9.997223848324194861e-01
7.460000000000000000e+02,9.817716393272026831e-01,9.872244643893399729e-01,9.968626557527879850e-01,9.993973865096967835e-01,9.997583930858208179e-01
7.470000000000000000e+02,9.847174638857156825e-01,9.893223641612097774e-01,9.973962851646859251e-01,9.995011881459167080e-01,9.998000770717734298e-01
7.480000000000000000e+02,9.873873543886481086e-01,9.912171626621837373e-01,9.978744912119353883e-01,9.995939408427019224e-01,9.998373103990537691e-01
7.490000000000000000e+02,9.904236248082814997e-01,9.933463875558731226e-01,9.983977449449372710e-01,9.996944525795449232e-01,9.998776087822345282e-01
7.500000000000000000e+02,9.999999999999984457e-01,9.999999999999996669e-01,9.999999999999991118e-01,9.999999999999990008e-01,1.000000000000001332e+00
