geometry_id,subject,unit,model,layer,score_hash,split_hash,seed_hash,n_total,n_pcs,n_train,config_path,cache_path,xtransform_path,readout_path
AlexNet_training_seed_01__.classifier.ReLU4__cae3b3f8a4,leap_250426-250501,282,AlexNet_training_seed_01,.classifier.ReLU4,9ebe0631978a6f33,7b6cbcd0c0a40cca,7be36c1d802686b3,969,750,774,/n/holylabs/LABS/alvarez_lab/Everyone/Accentuate_VVS/accentuation_configs/leap_250426-250501/leap_250426-250501_AlexNet_training_seed_01_Ch282_accentuation_config.yaml,/n/holylabs/LABS/alvarez_lab/Lab/VVS_Accentuation/Encoding_models/leap_250426-250501/posthoc_model_predict_PCA_popul_unit/posthoc_prediction_NSDencimg_PCA_pop_unit_leap_250426-250501_unit282_AlexNet_training_seed_01.pkl,/n/holylabs/LABS/alvarez_lab/Everyone/Accentuate_VVS/Encoding_model_outputs/leap_250426-250501/leap_250426-250501_AlexNet_training_seed_01_Ch282_Xtfmer_.classifier.ReLU4_pca750_RidgeCV_JITscript.pt,/n/holylabs/LABS/alvarez_lab/Everyone/Accentuate_VVS/Encoding_model_outputs/leap_250426-250501/leap_250426-250501_AlexNet_training_seed_01_Ch282_readout_.classifier.ReLU4_pca750_RidgeCV.pth
AlexNet_training_seed_01__.classifier.Conv2d3__01ba23216f,leap_250426-250501,286,AlexNet_training_seed_01,.classifier.Conv2d3,0627c4163cfe15b6,7b6cbcd0c0a40cca,7be36c1d802686b3,969,750,774,/n/holylabs/LABS/alvarez_lab/Everyone/Accentuate_VVS/accentuation_configs/leap_250426-250501/leap_250426-250501_AlexNet_training_seed_01_Ch286_accentuation_config.yaml,/n/holylabs/LABS/alvarez_lab/Lab/VVS_Accentuation/Encoding_models/leap_250426-250501/posthoc_model_predict_PCA_popul_unit/posthoc_prediction_NSDencimg_PCA_pop_unit_leap_250426-250501_unit286_AlexNet_training_seed_01.pkl,/n/holylabs/LABS/alvarez_lab/Everyone/Accentuate_VVS/Encoding_model_outputs/leap_250426-250501/leap_250426-250501_AlexNet_training_seed_01_Ch286_Xtfmer_.classifier.Conv2d3_pca750_RidgeCV_JITscript.pt,/n/holylabs/LABS/alvarez_lab/Everyone/Accentuate_VVS/Encoding_model_outputs/leap_250426-250501/leap_250426-250501_AlexNet_training_seed_01_Ch286_readout_.classifier.Conv2d3_pca750_RidgeCV.pth
AlexNet_training_seed_01__.classifier.ReLU1__7529efc757,leap_250426-250501,306,AlexNet_training_seed_01,.classifier.ReLU1,9ce951a58fd04d61,7b6cbcd0c0a40cca,7be36c1d802686b3,969,750,774,/n/holylabs/LABS/alvarez_lab/Everyone/Accentuate_VVS/accentuation_configs/leap_250426-250501/leap_250426-250501_AlexNet_training_seed_01_Ch306_accentuation_config.yaml,/n/holylabs/LABS/alvarez_lab/Lab/VVS_Accentuation/Encoding_models/leap_250426-250501/posthoc_model_predict_PCA_popul_unit/posthoc_prediction_NSDencimg_PCA_pop_unit_leap_250426-250501_unit306_AlexNet_training_seed_01.pkl,/n/holylabs/LABS/alvarez_lab/Everyone/Accentuate_VVS/Encoding_model_outputs/leap_250426-250501/leap_250426-250501_AlexNet_training_seed_01_Ch306_Xtfmer_.classifier.ReLU1_pca750_RidgeCV_JITscript.pt,/n/holylabs/LABS/alvarez_lab/Everyone/Accentuate_VVS/Encoding_model_outputs/leap_250426-250501/leap_250426-250501_AlexNet_training_seed_01_Ch306_readout_.classifier.ReLU1_pca750_RidgeCV.pth
AlexNet_training_seed_01__.features.ReLU11__4ac23bb22a,leap_250426-250501,342,AlexNet_training_seed_01,.features.ReLU11,fa2bc0ed331e1510,7b6cbcd0c0a40cca,7be36c1d802686b3,969,750,774,/n/holylabs/LABS/alvarez_lab/Everyone/Accentuate_VVS/accentuation_configs/leap_250426-250501/leap_250426-250501_AlexNet_training_seed_01_Ch342_accentuation_config.yaml,/n/holylabs/LABS/alvarez_lab/Lab/VVS_Accentuation/Encoding_models/leap_250426-250501/posthoc_model_predict_PCA_popul_unit/posthoc_prediction_NSDencimg_PCA_pop_unit_leap_250426-250501_unit342_AlexNet_training_seed_01.pkl,/n/holylabs/LABS/alvarez_lab/Everyone/Accentuate_VVS/Encoding_model_outputs/leap_250426-250501/leap_250426-250501_AlexNet_training_seed_01_Ch342_Xtfmer_.features.ReLU11_pca750_RidgeCV_JITscript.pt,/n/holylabs/LABS/alvarez_lab/Everyone/Accentuate_VVS/Encoding_model_outputs/leap_250426-250501/leap_250426-250501_AlexNet_training_seed_01_Ch342_readout_.features.ReLU11_pca750_RidgeCV.pth
AlexNet_training_seed_01__.classifier.Conv2d0__c8a76de032,leap_250426-250501,81,AlexNet_training_seed_01,.classifier.Conv2d0,b329eb3173bb3535,7b6cbcd0c0a40cca,7be36c1d802686b3,969,750,774,/n/holylabs/LABS/alvarez_lab/Everyone/Accentuate_VVS/accentuation_configs/leap_250426-250501/leap_250426-250501_AlexNet_training_seed_01_Ch81_accentuation_config.yaml,/n/holylabs/LABS/alvarez_lab/Lab/VVS_Accentuation/Encoding_models/leap_250426-250501/posthoc_model_predict_PCA_popul_unit/posthoc_prediction_NSDencimg_PCA_pop_unit_leap_250426-250501_unit81_AlexNet_training_seed_01.pkl,/n/holylabs/LABS/alvarez_lab/Everyone/Accentuate_VVS/Encoding_model_outputs/leap_250426-250501/leap_250426-250501_AlexNet_training_seed_01_Ch81_Xtfmer_.classifier.Conv2d0_pca750_RidgeCV_JITscript.pt,/n/holylabs/LABS/alvarez_lab/Everyone/Accentuate_VVS/Encoding_model_outputs/leap_250426-250501/leap_250426-250501_AlexNet_training_seed_01_Ch81_readout_.classifier.Conv2d0_pca750_RidgeCV.pth
clipag_vitb32__.transformer.resblocks.ResidualAttentionBlock5__04d09ff54c,leap_250426-250501,282,clipag_vitb32,.transformer.resblocks.ResidualAttentionBlock5,353bc06eb7de1e1a,7b6cbcd0c0a40cca,7be36c1d802686b3,969,750,774,/n/holylabs/LABS/alvarez_lab/Everyone/Accentuate_VVS/accentuation_configs/leap_250426-250501/leap_250426-250501_clipag_vitb32_Ch282_accentuation_config.yaml,/n/holylabs/LABS/alvarez_lab/Lab/VVS_Accentuation/Encoding_models/leap_250426-250501/posthoc_model_predict_PCA_popul_unit/posthoc_prediction_NSDencimg_PCA_pop_unit_leap_250426-250501_unit282_clipag_vitb32.pkl,/n/holylabs/LABS/alvarez_lab/Everyone/Accentuate_VVS/Encoding_model_outputs/leap_250426-250501/leap_250426-250501_clipag_vitb32_Ch282_Xtfmer_.transformer.resblocks.ResidualAttentionBlock5_pca750_RidgeCV_JITscript.pt,/n/holylabs/LABS/alvarez_lab/Everyone/Accentuate_VVS/Encoding_model_outputs/leap_250426-250501/leap_250426-250501_clipag_vitb32_Ch282_readout_.transformer.resblocks.ResidualAttentionBlock5_pca750_RidgeCV.pth
clipag_vitb32__.transformer.resblocks.ResidualAttentionBlock3__cf2779a9b2,leap_250426-250501,286,clipag_vitb32,.transformer.resblocks.ResidualAttentionBlock3,f2e71685a864040a,7b6cbcd0c0a40cca,7be36c1d802686b3,969,750,774,/n/holylabs/LABS/alvarez_lab/Everyone/Accentuate_VVS/accentuation_configs/leap_250426-250501/leap_250426-250501_clipag_vitb32_Ch286_accentuation_config.yaml,/n/holylabs/LABS/alvarez_lab/Lab/VVS_Accentuation/Encoding_models/leap_250426-250501/posthoc_model_predict_PCA_popul_unit/posthoc_prediction_NSDencimg_PCA_pop_unit_leap_250426-250501_unit286_clipag_vitb32.pkl,/n/holylabs/LABS/alvarez_lab/Everyone/Accentuate_VVS/Encoding_model_outputs/leap_250426-250501/leap_250426-250501_clipag_vitb32_Ch286_Xtfmer_.transformer.resblocks.ResidualAttentionBlock3_pca750_RidgeCV_JITscript.pt,/n/holylabs/LABS/alvarez_lab/Everyone/Accentuate_VVS/Encoding_model_outputs/leap_250426-250501/leap_250426-250501_clipag_vitb32_Ch286_readout_.transformer.resblocks.ResidualAttentionBlock3_pca750_RidgeCV.pth
clipag_vitb32__.transformer.resblocks.ResidualAttentionBlock4__27100964f3,leap_250426-250501,306,clipag_vitb32,.transformer.resblocks.ResidualAttentionBlock4,3a483a5b5ab6fa1a,7b6cbcd0c0a40cca,7be36c1d802686b3,969,750,774,/n/holylabs/LABS/alvarez_lab/Everyone/Accentuate_VVS/accentuation_configs/leap_250426-250501/leap_250426-250501_clipag_vitb32_Ch306_accentuation_config.yaml,/n/holylabs/LABS/alvarez_lab/Lab/VVS_Accentuation/Encoding_models/leap_250426-250501/posthoc_model_predict_PCA_popul_unit/posthoc_prediction_NSDencimg_PCA_pop_unit_leap_250426-250501_unit306_clipag_vitb32.pkl,/n/holylabs/LABS/alvarez_lab/Everyone/Accentuate_VVS/Encoding_model_outputs/leap_250426-250501/leap_250426-250501_clipag_vitb32_Ch306_Xtfmer_.transformer.resblocks.ResidualAttentionBlock4_pca750_RidgeCV_JITscript.pt,/n/holylabs/LABS/alvarez_lab/Everyone/Accentuate_VVS/Encoding_model_outputs/leap_250426-250501/leap_250426-250501_clipag_vitb32_Ch306_readout_.transformer.resblocks.ResidualAttentionBlock4_pca750_RidgeCV.pth
clipag_vitb32__.transformer.resblocks.ResidualAttentionBlock5__04d09ff54c,leap_250426-250501,342,clipag_vitb32,.transformer.resblocks.ResidualAttentionBlock5,353bc06eb7de1e1a,7b6cbcd0c0a40cca,7be36c1d802686b3,969,750,774,/n/holylabs/LABS/alvarez_lab/Everyone/Accentuate_VVS/accentuation_configs/leap_250426-250501/leap_250426-250501_clipag_vitb32_Ch342_accentuation_config.yaml,/n/holylabs/LABS/alvarez_lab/Lab/VVS_Accentuation/Encoding_models/leap_250426-250501/posthoc_model_predict_PCA_popul_unit/posthoc_prediction_NSDencimg_PCA_pop_unit_leap_250426-250501_unit342_clipag_vitb32.pkl,/n/holylabs/LABS/alvarez_lab/Everyone/Accentuate_VVS/Encoding_model_outputs/leap_250426-250501/leap_250426-250501_clipag_vitb32_Ch342_Xtfmer_.transformer.resblocks.ResidualAttentionBlock5_pca750_RidgeCV_JITscript.pt,/n/holylabs/LABS/alvarez_lab/Everyone/Accentuate_VVS/Encoding_model_outputs/leap_250426-250501/leap_250426-250501_clipag_vitb32_Ch342_readout_.transformer.resblocks.ResidualAttentionBlock5_pca750_RidgeCV.pth
clipag_vitb32__.transformer.resblocks.ResidualAttentionBlock6__19cafa0e72,leap_250426-250501,81,clipag_vitb32,.transformer.resblocks.ResidualAttentionBlock6,61e6e2e2aade3b01,7b6cbcd0c0a40cca,7be36c1d802686b3,969,750,774,/n/holylabs/LABS/alvarez_lab/Everyone/Accentuate_VVS/accentuation_configs/leap_250426-250501/leap_250426-250501_clipag_vitb32_Ch81_accentuation_config.yaml,/n/holylabs/LABS/alvarez_lab/Lab/VVS_Accentuation/Encoding_models/leap_250426-250501/posthoc_model_predict_PCA_popul_unit/posthoc_prediction_NSDencimg_PCA_pop_unit_leap_250426-250501_unit81_clipag_vitb32.pkl,/n/holylabs/LABS/alvarez_lab/Everyone/Accentuate_VVS/Encoding_model_outputs/leap_250426-250501/leap_250426-250501_clipag_vitb32_Ch81_Xtfmer_.transformer.resblocks.ResidualAttentionBlock6_pca750_RidgeCV_JITscript.pt,/n/holylabs/LABS/alvarez_lab/Everyone/Accentuate_VVS/Encoding_model_outputs/leap_250426-250501/leap_250426-250501_clipag_vitb32_Ch81_readout_.transformer.resblocks.ResidualAttentionBlock6_pca750_RidgeCV.pth
dinov2_vitb14_reg__.blocks.NestedTensorBlock4__be0babf541,leap_250426-250501,282,dinov2_vitb14_reg,.blocks.NestedTensorBlock4,96a38399851f7335,7b6cbcd0c0a40cca,7be36c1d802686b3,969,750,774,/n/holylabs/LABS/alvarez_lab/Everyone/Accentuate_VVS/accentuation_configs/leap_250426-250501/leap_250426-250501_dinov2_vitb14_reg_Ch282_accentuation_config.yaml,/n/holylabs/LABS/alvarez_lab/Lab/VVS_Accentuation/Encoding_models/leap_250426-250501/posthoc_model_predict_PCA_popul_unit/posthoc_prediction_NSDencimg_PCA_pop_unit_leap_250426-250501_unit282_dinov2_vitb14_reg.pkl,/n/holylabs/LABS/alvarez_lab/Everyone/Accentuate_VVS/Encoding_model_outputs/leap_250426-250501/leap_250426-250501_dinov2_vitb14_reg_Ch282_Xtfmer_.blocks.NestedTensorBlock4_pca750_RidgeCV_JITscript.pt,/n/holylabs/LABS/alvarez_lab/Everyone/Accentuate_VVS/Encoding_model_outputs/leap_250426-250501/leap_250426-250501_dinov2_vitb14_reg_Ch282_readout_.blocks.NestedTensorBlock4_pca750_RidgeCV.pth
dinov2_vitb14_reg__.blocks.NestedTensorBlock4__be0babf541,leap_250426-250501,286,dinov2_vitb14_reg,.blocks.NestedTensorBlock4,96a38399851f7335,7b6cbcd0c0a40cca,7be36c1d802686b3,969,750,774,/n/holylabs/LABS/alvarez_lab/Everyone/Accentuate_VVS/accentuation_configs/leap_250426-250501/leap_250426-250501_dinov2_vitb14_reg_Ch286_accentuation_config.yaml,/n/holylabs/LABS/alvarez_lab/Lab/VVS_Accentuation/Encoding_models/leap_250426-250501/posthoc_model_predict_PCA_popul_unit/posthoc_prediction_NSDencimg_PCA_pop_unit_leap_250426-250501_unit286_dinov2_vitb14_reg.pkl,/n/holylabs/LABS/alvarez_lab/Everyone/Accentuate_VVS/Encoding_model_outputs/leap_250426-250501/leap_250426-250501_dinov2_vitb14_reg_Ch286_Xtfmer_.blocks.NestedTensorBlock4_pca750_RidgeCV_JITscript.pt,/n/holylabs/LABS/alvarez_lab/Everyone/Accentuate_VVS/Encoding_model_outputs/leap_250426-250501/leap_250426-250501_dinov2_vitb14_reg_Ch286_readout_.blocks.NestedTensorBlock4_pca750_RidgeCV.pth
dinov2_vitb14_reg__.blocks.NestedTensorBlock5__a606b55b61,leap_250426-250501,306,dinov2_vitb14_reg,.blocks.NestedTensorBlock5,e1be4b79aa24b22f,7b6cbcd0c0a40cca,7be36c1d802686b3,969,750,774,/n/holylabs/LABS/alvarez_lab/Everyone/Accentuate_VVS/accentuation_configs/leap_250426-250501/leap_250426-250501_dinov2_vitb14_reg_Ch306_accentuation_config.yaml,/n/holylabs/LABS/alvarez_lab/Lab/VVS_Accentuation/Encoding_models/leap_250426-250501/posthoc_model_predict_PCA_popul_unit/posthoc_prediction_NSDencimg_PCA_pop_unit_leap_250426-250501_unit306_dinov2_vitb14_reg.pkl,/n/holylabs/LABS/alvarez_lab/Everyone/Accentuate_VVS/Encoding_model_outputs/leap_250426-250501/leap_250426-250501_dinov2_vitb14_reg_Ch306_Xtfmer_.blocks.NestedTensorBlock5_pca750_RidgeCV_JITscript.pt,/n/holylabs/LABS/alvarez_lab/Everyone/Accentuate_VVS/Encoding_model_outputs/leap_250426-250501/leap_250426-250501_dinov2_vitb14_reg_Ch306_readout_.blocks.NestedTensorBlock5_pca750_RidgeCV.pth
dinov2_vitb14_reg__.blocks.NestedTensorBlock4__be0babf541,leap_250426-250501,342,dinov2_vitb14_reg,.blocks.NestedTensorBlock4,96a38399851f7335,7b6cbcd0c0a40cca,7be36c1d802686b3,969,750,774,/n/holylabs/LABS/alvarez_lab/Everyone/Accentuate_VVS/accentuation_configs/leap_250426-250501/leap_250426-250501_dinov2_vitb14_reg_Ch342_accentuation_config.yaml,/n/holylabs/LABS/alvarez_lab/Lab/VVS_Accentuation/Encoding_models/leap_250426-250501/posthoc_model_predict_PCA_popul_unit/posthoc_prediction_NSDencimg_PCA_pop_unit_leap_250426-250501_unit342_dinov2_vitb14_reg.pkl,/n/holylabs/LABS/alvarez_lab/Everyone/Accentuate_VVS/Encoding_model_outputs/leap_250426-250501/leap_250426-250501_dinov2_vitb14_reg_Ch342_Xtfmer_.blocks.NestedTensorBlock4_pca750_RidgeCV_JITscript.pt,/n/holylabs/LABS/alvarez_lab/Everyone/Accentuate_VVS/Encoding_model_outputs/leap_250426-250501/leap_250426-250501_dinov2_vitb14_reg_Ch342_readout_.blocks.NestedTensorBlock4_pca750_RidgeCV.pth
dinov2_vitb14_reg__.blocks.NestedTensorBlock5__a606b55b61,leap_250426-250501,81,dinov2_vitb14_reg,.blocks.NestedTensorBlock5,e1be4b79aa24b22f,7b6cbcd0c0a40cca,7be36c1d802686b3,969,750,774,/n/holylabs/LABS/alvarez_lab/Everyone/Accentuate_VVS/accentuation_configs/leap_250426-250501/leap_250426-250501_dinov2_vitb14_reg_Ch81_accentuation_config.yaml,/n/holylabs/LABS/alvarez_lab/Lab/VVS_Accentuation/Encoding_models/leap_250426-250501/posthoc_model_predict_PCA_popul_unit/posthoc_prediction_NSDencimg_PCA_pop_unit_leap_250426-250501_unit81_dinov2_vitb14_reg.pkl,/n/holylabs/LABS/alvarez_lab/Everyone/Accentuate_VVS/Encoding_model_outputs/leap_250426-250501/leap_250426-250501_dinov2_vitb14_reg_Ch81_Xtfmer_.blocks.NestedTensorBlock5_pca750_RidgeCV_JITscript.pt,/n/holylabs/LABS/alvarez_lab/Everyone/Accentuate_VVS/Encoding_model_outputs/leap_250426-250501/leap_250426-250501_dinov2_vitb14_reg_Ch81_readout_.blocks.NestedTensorBlock5_pca750_RidgeCV.pth
radio_v2.5-b__.model.blocks.Block3__b2160b13a5,leap_250426-250501,282,radio_v2.5-b,.model.blocks.Block3,65789172f551c078,7b6cbcd0c0a40cca,7be36c1d802686b3,969,750,774,/n/holylabs/LABS/alvarez_lab/Everyone/Accentuate_VVS/accentuation_configs/leap_250426-250501/leap_250426-250501_radio_v2.5-b_Ch282_accentuation_config.yaml,/n/holylabs/LABS/alvarez_lab/Lab/VVS_Accentuation/Encoding_models/leap_250426-250501/posthoc_model_predict_PCA_popul_unit/posthoc_prediction_NSDencimg_PCA_pop_unit_leap_250426-250501_unit282_radio_v2.5-b.pkl,/n/holylabs/LABS/alvarez_lab/Everyone/Accentuate_VVS/Encoding_model_outputs/leap_250426-250501/leap_250426-250501_radio_v2.5-b_Ch282_Xtfmer_.model.blocks.Block3_pca750_RidgeCV_JITscript.pt,/n/holylabs/LABS/alvarez_lab/Everyone/Accentuate_VVS/Encoding_model_outputs/leap_250426-250501/leap_250426-250501_radio_v2.5-b_Ch282_readout_.model.blocks.Block3_pca750_RidgeCV.pth
radio_v2.5-b__.model.blocks.Block3__b2160b13a5,leap_250426-250501,286,radio_v2.5-b,.model.blocks.Block3,65789172f551c078,7b6cbcd0c0a40cca,7be36c1d802686b3,969,750,774,/n/holylabs/LABS/alvarez_lab/Everyone/Accentuate_VVS/accentuation_configs/leap_250426-250501/leap_250426-250501_radio_v2.5-b_Ch286_accentuation_config.yaml,/n/holylabs/LABS/alvarez_lab/Lab/VVS_Accentuation/Encoding_models/leap_250426-250501/posthoc_model_predict_PCA_popul_unit/posthoc_prediction_NSDencimg_PCA_pop_unit_leap_250426-250501_unit286_radio_v2.5-b.pkl,/n/holylabs/LABS/alvarez_lab/Everyone/Accentuate_VVS/Encoding_model_outputs/leap_250426-250501/leap_250426-250501_radio_v2.5-b_Ch286_Xtfmer_.model.blocks.Block3_pca750_RidgeCV_JITscript.pt,/n/holylabs/LABS/alvarez_lab/Everyone/Accentuate_VVS/Encoding_model_outputs/leap_250426-250501/leap_250426-250501_radio_v2.5-b_Ch286_readout_.model.blocks.Block3_pca750_RidgeCV.pth
radio_v2.5-b__.model.blocks.Block5__9fe153bdbd,leap_250426-250501,306,radio_v2.5-b,.model.blocks.Block5,470e43e9ba864539,7b6cbcd0c0a40cca,7be36c1d802686b3,969,750,774,/n/holylabs/LABS/alvarez_lab/Everyone/Accentuate_VVS/accentuation_configs/leap_250426-250501/leap_250426-250501_radio_v2.5-b_Ch306_accentuation_config.yaml,/n/holylabs/LABS/alvarez_lab/Lab/VVS_Accentuation/Encoding_models/leap_250426-250501/posthoc_model_predict_PCA_popul_unit/posthoc_prediction_NSDencimg_PCA_pop_unit_leap_250426-250501_unit306_radio_v2.5-b.pkl,/n/holylabs/LABS/alvarez_lab/Everyone/Accentuate_VVS/Encoding_model_outputs/leap_250426-250501/leap_250426-250501_radio_v2.5-b_Ch306_Xtfmer_.model.blocks.Block5_pca750_RidgeCV_JITscript.pt,/n/holylabs/LABS/alvarez_lab/Everyone/Accentuate_VVS/Encoding_model_outputs/leap_250426-250501/leap_250426-250501_radio_v2.5-b_Ch306_readout_.model.blocks.Block5_pca750_RidgeCV.pth
radio_v2.5-b__.model.blocks.Block5__9fe153bdbd,leap_250426-250501,342,radio_v2.5-b,.model.blocks.Block5,470e43e9ba864539,7b6cbcd0c0a40cca,7be36c1d802686b3,969,750,774,/n/holylabs/LABS/alvarez_lab/Everyone/Accentuate_VVS/accentuation_configs/leap_250426-250501/leap_250426-250501_radio_v2.5-b_Ch342_accentuation_config.yaml,/n/holylabs/LABS/alvarez_lab/Lab/VVS_Accentuation/Encoding_models/leap_250426-250501/posthoc_model_predict_PCA_popul_unit/posthoc_prediction_NSDencimg_PCA_pop_unit_leap_250426-250501_unit342_radio_v2.5-b.pkl,/n/holylabs/LABS/alvarez_lab/Everyone/Accentuate_VVS/Encoding_model_outputs/leap_250426-250501/leap_250426-250501_radio_v2.5-b_Ch342_Xtfmer_.model.blocks.Block5_pca750_RidgeCV_JITscript.pt,/n/holylabs/LABS/alvarez_lab/Everyone/Accentuate_VVS/Encoding_model_outputs/leap_250426-250501/leap_250426-250501_radio_v2.5-b_Ch342_readout_.model.blocks.Block5_pca750_RidgeCV.pth
radio_v2.5-b__.model.blocks.Block5__9fe153bdbd,leap_250426-250501,81,radio_v2.5-b,.model.blocks.Block5,470e43e9ba864539,7b6cbcd0c0a40cca,7be36c1d802686b3,969,750,774,/n/holylabs/LABS/alvarez_lab/Everyone/Accentuate_VVS/accentuation_configs/leap_250426-250501/leap_250426-250501_radio_v2.5-b_Ch81_accentuation_config.yaml,/n/holylabs/LABS/alvarez_lab/Lab/VVS_Accentuation/Encoding_models/leap_250426-250501/posthoc_model_predict_PCA_popul_unit/posthoc_prediction_NSDencimg_PCA_pop_unit_leap_250426-250501_unit81_radio_v2.5-b.pkl,/n/holylabs/LABS/alvarez_lab/Everyone/Accentuate_VVS/Encoding_model_outputs/leap_250426-250501/leap_250426-250501_radio_v2.5-b_Ch81_Xtfmer_.model.blocks.Block5_pca750_RidgeCV_JITscript.pt,/n/holylabs/LABS/alvarez_lab/Everyone/Accentuate_VVS/Encoding_model_outputs/leap_250426-250501/leap_250426-250501_radio_v2.5-b_Ch81_readout_.model.blocks.Block5_pca750_RidgeCV.pth
regnety_640__.s3.Bottleneckb5__00b2e5825d,leap_250426-250501,282,regnety_640,.s3.Bottleneckb5,39bd4ab5535c5ce3,7b6cbcd0c0a40cca,7be36c1d802686b3,969,750,774,/n/holylabs/LABS/alvarez_lab/Everyone/Accentuate_VVS/accentuation_configs/leap_250426-250501/leap_250426-250501_regnety_640_Ch282_accentuation_config.yaml,/n/holylabs/LABS/alvarez_lab/Lab/VVS_Accentuation/Encoding_models/leap_250426-250501/posthoc_model_predict_PCA_popul_unit/posthoc_prediction_NSDencimg_PCA_pop_unit_leap_250426-250501_unit282_regnety_640.pkl,/n/holylabs/LABS/alvarez_lab/Everyone/Accentuate_VVS/Encoding_model_outputs/leap_250426-250501/leap_250426-250501_regnety_640_Ch282_Xtfmer_.s3.Bottleneckb5_pca750_RidgeCV_JITscript.pt,/n/holylabs/LABS/alvarez_lab/Everyone/Accentuate_VVS/Encoding_model_outputs/leap_250426-250501/leap_250426-250501_regnety_640_Ch282_readout_.s3.Bottleneckb5_pca750_RidgeCV.pth
regnety_640__.s3.Bottleneckb5__00b2e5825d,leap_250426-250501,286,regnety_640,.s3.Bottleneckb5,39bd4ab5535c5ce3,7b6cbcd0c0a40cca,7be36c1d802686b3,969,750,774,/n/holylabs/LABS/alvarez_lab/Everyone/Accentuate_VVS/accentuation_configs/leap_250426-250501/leap_250426-250501_regnety_640_Ch286_accentuation_config.yaml,/n/holylabs/LABS/alvarez_lab/Lab/VVS_Accentuation/Encoding_models/leap_250426-250501/posthoc_model_predict_PCA_popul_unit/posthoc_prediction_NSDencimg_PCA_pop_unit_leap_250426-250501_unit286_regnety_640.pkl,/n/holylabs/LABS/alvarez_lab/Everyone/Accentuate_VVS/Encoding_model_outputs/leap_250426-250501/leap_250426-250501_regnety_640_Ch286_Xtfmer_.s3.Bottleneckb5_pca750_RidgeCV_JITscript.pt,/n/holylabs/LABS/alvarez_lab/Everyone/Accentuate_VVS/Encoding_model_outputs/leap_250426-250501/leap_250426-250501_regnety_640_Ch286_readout_.s3.Bottleneckb5_pca750_RidgeCV.pth
regnety_640__.s3.Bottleneckb4__a67179bc31,leap_250426-250501,306,regnety_640,.s3.Bottleneckb4,905bc4201c5a359c,7b6cbcd0c0a40cca,7be36c1d802686b3,969,750,774,/n/holylabs/LABS/alvarez_lab/Everyone/Accentuate_VVS/accentuation_configs/leap_250426-250501/leap_250426-250501_regnety_640_Ch306_accentuation_config.yaml,/n/holylabs/LABS/alvarez_lab/Lab/VVS_Accentuation/Encoding_models/leap_250426-250501/posthoc_model_predict_PCA_popul_unit/posthoc_prediction_NSDencimg_PCA_pop_unit_leap_250426-250501_unit306_regnety_640.pkl,/n/holylabs/LABS/alvarez_lab/Everyone/Accentuate_VVS/Encoding_model_outputs/leap_250426-250501/leap_250426-250501_regnety_640_Ch306_Xtfmer_.s3.Bottleneckb4_pca750_RidgeCV_JITscript.pt,/n/holylabs/LABS/alvarez_lab/Everyone/Accentuate_VVS/Encoding_model_outputs/leap_250426-250501/leap_250426-250501_regnety_640_Ch306_readout_.s3.Bottleneckb4_pca750_RidgeCV.pth
regnety_640__.s3.Bottleneckb1__b8e9169f5d,leap_250426-250501,342,regnety_640,.s3.Bottleneckb1,504a3f6117a25a67,7b6cbcd0c0a40cca,7be36c1d802686b3,969,750,774,/n/holylabs/LABS/alvarez_lab/Everyone/Accentuate_VVS/accentuation_configs/leap_250426-250501/leap_250426-250501_regnety_640_Ch342_accentuation_config.yaml,/n/holylabs/LABS/alvarez_lab/Lab/VVS_Accentuation/Encoding_models/leap_250426-250501/posthoc_model_predict_PCA_popul_unit/posthoc_prediction_NSDencimg_PCA_pop_unit_leap_250426-250501_unit342_regnety_640.pkl,/n/holylabs/LABS/alvarez_lab/Everyone/Accentuate_VVS/Encoding_model_outputs/leap_250426-250501/leap_250426-250501_regnety_640_Ch342_Xtfmer_.s3.Bottleneckb1_pca750_RidgeCV_JITscript.pt,/n/holylabs/LABS/alvarez_lab/Everyone/Accentuate_VVS/Encoding_model_outputs/leap_250426-250501/leap_250426-250501_regnety_640_Ch342_readout_.s3.Bottleneckb1_pca750_RidgeCV.pth
regnety_640__.s3.Bottleneckb3__dec3b30327,leap_250426-250501,81,regnety_640,.s3.Bottleneckb3,eeeef688fe9c6d09,7b6cbcd0c0a40cca,7be36c1d802686b3,969,750,774,/n/holylabs/LABS/alvarez_lab/Everyone/Accentuate_VVS/accentuation_configs/leap_250426-250501/leap_250426-250501_regnety_640_Ch81_accentuation_config.yaml,/n/holylabs/LABS/alvarez_lab/Lab/VVS_Accentuation/Encoding_models/leap_250426-250501/posthoc_model_predict_PCA_popul_unit/posthoc_prediction_NSDencimg_PCA_pop_unit_leap_250426-250501_unit81_regnety_640.pkl,/n/holylabs/LABS/alvarez_lab/Everyone/Accentuate_VVS/Encoding_model_outputs/leap_250426-250501/leap_250426-250501_regnety_640_Ch81_Xtfmer_.s3.Bottleneckb3_pca750_RidgeCV_JITscript.pt,/n/holylabs/LABS/alvarez_lab/Everyone/Accentuate_VVS/Encoding_model_outputs/leap_250426-250501/leap_250426-250501_regnety_640_Ch81_readout_.s3.Bottleneckb3_pca750_RidgeCV.pth
resnet50__.layer3.Bottleneck1__3b0fa710da,leap_250426-250501,282,resnet50,.layer3.Bottleneck1,5bd2447ede37cceb,7b6cbcd0c0a40cca,7be36c1d802686b3,969,750,774,/n/holylabs/LABS/alvarez_lab/Everyone/Accentuate_VVS/accentuation_configs/leap_250426-250501/leap_250426-250501_resnet50_Ch282_accentuation_config.yaml,/n/holylabs/LABS/alvarez_lab/Lab/VVS_Accentuation/Encoding_models/leap_250426-250501/posthoc_model_predict_PCA_popul_unit/posthoc_prediction_NSDencimg_PCA_pop_unit_leap_250426-250501_unit282_resnet50.pkl,/n/holylabs/LABS/alvarez_lab/Everyone/Accentuate_VVS/Encoding_model_outputs/leap_250426-250501/leap_250426-250501_resnet50_Ch282_Xtfmer_.layer3.Bottleneck1_pca750_RidgeCV_JITscript.pt,/n/holylabs/LABS/alvarez_lab/Everyone/Accentuate_VVS/Encoding_model_outputs/leap_250426-250501/leap_250426-250501_resnet50_Ch282_readout_.layer3.Bottleneck1_pca750_RidgeCV.pth
resnet50__.layer3.Bottleneck1__3b0fa710da,leap_250426-250501,286,resnet50,.layer3.Bottleneck1,5bd2447ede37cceb,7b6cbcd0c0a40cca,7be36c1d802686b3,969,750,774,/n/holylabs/LABS/alvarez_lab/Everyone/Accentuate_VVS/accentuation_configs/leap_250426-250501/leap_250426-250501_resnet50_Ch286_accentuation_config.yaml,/n/holylabs/LABS/alvarez_lab/Lab/VVS_Accentuation/Encoding_models/leap_250426-250501/posthoc_model_predict_PCA_popul_unit/posthoc_prediction_NSDencimg_PCA_pop_unit_leap_250426-250501_unit286_resnet50.pkl,/n/holylabs/LABS/alvarez_lab/Everyone/Accentuate_VVS/Encoding_model_outputs/leap_250426-250501/leap_250426-250501_resnet50_Ch286_Xtfmer_.layer3.Bottleneck1_pca750_RidgeCV_JITscript.pt,/n/holylabs/LABS/alvarez_lab/Everyone/Accentuate_VVS/Encoding_model_outputs/leap_250426-250501/leap_250426-250501_resnet50_Ch286_readout_.layer3.Bottleneck1_pca750_RidgeCV.pth
resnet50__.layer3.Bottleneck1__3b0fa710da,leap_250426-250501,306,resnet50,.layer3.Bottleneck1,5bd2447ede37cceb,7b6cbcd0c0a40cca,7be36c1d802686b3,969,750,774,/n/holylabs/LABS/alvarez_lab/Everyone/Accentuate_VVS/accentuation_configs/leap_250426-250501/leap_250426-250501_resnet50_Ch306_accentuation_config.yaml,/n/holylabs/LABS/alvarez_lab/Lab/VVS_Accentuation/Encoding_models/leap_250426-250501/posthoc_model_predict_PCA_popul_unit/posthoc_prediction_NSDencimg_PCA_pop_unit_leap_250426-250501_unit306_resnet50.pkl,/n/holylabs/LABS/alvarez_lab/Everyone/Accentuate_VVS/Encoding_model_outputs/leap_250426-250501/leap_250426-250501_resnet50_Ch306_Xtfmer_.layer3.Bottleneck1_pca750_RidgeCV_JITscript.pt,/n/holylabs/LABS/alvarez_lab/Everyone/Accentuate_VVS/Encoding_model_outputs/leap_250426-250501/leap_250426-250501_resnet50_Ch306_readout_.layer3.Bottleneck1_pca750_RidgeCV.pth
resnet50__.layer3.Bottleneck1__3b0fa710da,leap_250426-250501,342,resnet50,.layer3.Bottleneck1,5bd2447ede37cceb,7b6cbcd0c0a40cca,7be36c1d802686b3,969,750,774,/n/holylabs/LABS/alvarez_lab/Everyone/Accentuate_VVS/accentuation_configs/leap_250426-250501/leap_250426-250501_resnet50_Ch342_accentuation_config.yaml,/n/holylabs/LABS/alvarez_lab/Lab/VVS_Accentuation/Encoding_models/leap_250426-250501/posthoc_model_predict_PCA_popul_unit/posthoc_prediction_NSDencimg_PCA_pop_unit_leap_250426-250501_unit342_resnet50.pkl,/n/holylabs/LABS/alvarez_lab/Everyone/Accentuate_VVS/Encoding_model_outputs/leap_250426-250501/leap_250426-250501_resnet50_Ch342_Xtfmer_.layer3.Bottleneck1_pca750_RidgeCV_JITscript.pt,/n/holylabs/LABS/alvarez_lab/Everyone/Accentuate_VVS/Encoding_model_outputs/leap_250426-250501/leap_250426-250501_resnet50_Ch342_readout_.layer3.Bottleneck1_pca750_RidgeCV.pth
resnet50__.layer3.Bottleneck0__0088b97a86,leap_250426-250501,81,resnet50,.layer3.Bottleneck0,0a48763eb59d4873,7b6cbcd0c0a40cca,7be36c1d802686b3,969,750,774,/n/holylabs/LABS/alvarez_lab/Everyone/Accentuate_VVS/accentuation_configs/leap_250426-250501/leap_250426-250501_resnet50_Ch81_accentuation_config.yaml,/n/holylabs/LABS/alvarez_lab/Lab/VVS_Accentuation/Encoding_models/leap_250426-250501/posthoc_model_predict_PCA_popul_unit/posthoc_prediction_NSDencimg_PCA_pop_unit_leap_250426-250501_unit81_resnet50.pkl,/n/holylabs/LABS/alvarez_lab/Everyone/Accentuate_VVS/Encoding_model_outputs/leap_250426-250501/leap_250426-250501_resnet50_Ch81_Xtfmer_.layer3.Bottleneck0_pca750_RidgeCV_JITscript.pt,/n/holylabs/LABS/alvarez_lab/Everyone/Accentuate_VVS/Encoding_model_outputs/leap_250426-250501/leap_250426-250501_resnet50_Ch81_readout_.layer3.Bottleneck0_pca750_RidgeCV.pth
resnet50_clip__.layer3.Bottleneck2__a2882187a5,leap_250426-250501,282,resnet50_clip,.layer3.Bottleneck2,c30ce5c80cd9ed3a,7b6cbcd0c0a40cca,7be36c1d802686b3,969,750,774,/n/holylabs/LABS/alvarez_lab/Everyone/Accentuate_VVS/accentuation_configs/leap_250426-250501/leap_250426-250501_resnet50_clip_Ch282_accentuation_config.yaml,/n/holylabs/LABS/alvarez_lab/Lab/VVS_Accentuation/Encoding_models/leap_250426-250501/posthoc_model_predict_PCA_popul_unit/posthoc_prediction_NSDencimg_PCA_pop_unit_leap_250426-250501_unit282_resnet50_clip.pkl,/n/holylabs/LABS/alvarez_lab/Everyone/Accentuate_VVS/Encoding_model_outputs/leap_250426-250501/leap_250426-250501_resnet50_clip_Ch282_Xtfmer_.layer3.Bottleneck2_pca750_RidgeCV_JITscript.pt,/n/holylabs/LABS/alvarez_lab/Everyone/Accentuate_VVS/Encoding_model_outputs/leap_250426-250501/leap_250426-250501_resnet50_clip_Ch282_readout_.layer3.Bottleneck2_pca750_RidgeCV.pth
resnet50_clip__.layer2.Bottleneck1__945c5fe34c,leap_250426-250501,286,resnet50_clip,.layer2.Bottleneck1,8bffe3a5e404278c,7b6cbcd0c0a40cca,7be36c1d802686b3,969,750,774,/n/holylabs/LABS/alvarez_lab/Everyone/Accentuate_VVS/accentuation_configs/leap_250426-250501/leap_250426-250501_resnet50_clip_Ch286_accentuation_config.yaml,/n/holylabs/LABS/alvarez_lab/Lab/VVS_Accentuation/Encoding_models/leap_250426-250501/posthoc_model_predict_PCA_popul_unit/posthoc_prediction_NSDencimg_PCA_pop_unit_leap_250426-250501_unit286_resnet50_clip.pkl,/n/holylabs/LABS/alvarez_lab/Everyone/Accentuate_VVS/Encoding_model_outputs/leap_250426-250501/leap_250426-250501_resnet50_clip_Ch286_Xtfmer_.layer2.Bottleneck1_pca750_RidgeCV_JITscript.pt,/n/holylabs/LABS/alvarez_lab/Everyone/Accentuate_VVS/Encoding_model_outputs/leap_250426-250501/leap_250426-250501_resnet50_clip_Ch286_readout_.layer2.Bottleneck1_pca750_RidgeCV.pth
resnet50_clip__.layer3.Bottleneck0__3af83ac7d7,leap_250426-250501,306,resnet50_clip,.layer3.Bottleneck0,47f46bea834fe9c6,7b6cbcd0c0a40cca,7be36c1d802686b3,969,750,774,/n/holylabs/LABS/alvarez_lab/Everyone/Accentuate_VVS/accentuation_configs/leap_250426-250501/leap_250426-250501_resnet50_clip_Ch306_accentuation_config.yaml,/n/holylabs/LABS/alvarez_lab/Lab/VVS_Accentuation/Encoding_models/leap_250426-250501/posthoc_model_predict_PCA_popul_unit/posthoc_prediction_NSDencimg_PCA_pop_unit_leap_250426-250501_unit306_resnet50_clip.pkl,/n/holylabs/LABS/alvarez_lab/Everyone/Accentuate_VVS/Encoding_model_outputs/leap_250426-250501/leap_250426-250501_resnet50_clip_Ch306_Xtfmer_.layer3.Bottleneck0_pca750_RidgeCV_JITscript.pt,/n/holylabs/LABS/alvarez_lab/Everyone/Accentuate_VVS/Encoding_model_outputs/leap_250426-250501/leap_250426-250501_resnet50_clip_Ch306_readout_.layer3.Bottleneck0_pca750_RidgeCV.pth
resnet50_clip__.layer2.Bottleneck1__945c5fe34c,leap_250426-250501,342,resnet50_clip,.layer2.Bottleneck1,8bffe3a5e404278c,7b6cbcd0c0a40cca,7be36c1d802686b3,969,750,774,/n/holylabs/LABS/alvarez_lab/Everyone/Accentuate_VVS/accentuation_configs/leap_250426-250501/leap_250426-250501_resnet50_clip_Ch342_accentuation_config.yaml,/n/holylabs/LABS/alvarez_lab/Lab/VVS_Accentuation/Encoding_models/leap_250426-250501/posthoc_model_predict_PCA_popul_unit/posthoc_prediction_NSDencimg_PCA_pop_unit_leap_250426-250501_unit342_resnet50_clip.pkl,/n/holylabs/LABS/alvarez_lab/Everyone/Accentuate_VVS/Encoding_model_outputs/leap_250426-250501/leap_250426-250501_resnet50_clip_Ch342_Xtfmer_.layer2.Bottleneck1_pca750_RidgeCV_JITscript.pt,/n/holylabs/LABS/alvarez_lab/Everyone/Accentuate_VVS/Encoding_model_outputs/leap_250426-250501/leap_250426-250501_resnet50_clip_Ch342_readout_.layer2.Bottleneck1_pca750_RidgeCV.pth
resnet50_clip__.layer3.Bottleneck1__16a06b893f,leap_250426-250501,81,resnet50_clip,.layer3.Bottleneck1,be90151fa13f497a,7b6cbcd0c0a40cca,7be36c1d802686b3,969,750,774,/n/holylabs/LABS/alvarez_lab/Everyone/Accentuate_VVS/accentuation_configs/leap_250426-250501/leap_250426-250501_resnet50_clip_Ch81_accentuation_config.yaml,/n/holylabs/LABS/alvarez_lab/Lab/VVS_Accentuation/Encoding_models/leap_250426-250501/posthoc_model_predict_PCA_popul_unit/posthoc_prediction_NSDencimg_PCA_pop_unit_leap_250426-250501_unit81_resnet50_clip.pkl,/n/holylabs/LABS/alvarez_lab/Everyone/Accentuate_VVS/Encoding_model_outputs/leap_250426-250501/leap_250426-250501_resnet50_clip_Ch81_Xtfmer_.layer3.Bottleneck1_pca750_RidgeCV_JITscript.pt,/n/holylabs/LABS/alvarez_lab/Everyone/Accentuate_VVS/Encoding_model_outputs/leap_250426-250501/leap_250426-250501_resnet50_clip_Ch81_readout_.layer3.Bottleneck1_pca750_RidgeCV.pth
resnet50_dino__.layer4.Bottleneck0__6379bde673,leap_250426-250501,282,resnet50_dino,.layer4.Bottleneck0,821305d785e80d1b,7b6cbcd0c0a40cca,7be36c1d802686b3,969,750,774,/n/holylabs/LABS/alvarez_lab/Everyone/Accentuate_VVS/accentuation_configs/leap_250426-250501/leap_250426-250501_resnet50_dino_Ch282_accentuation_config.yaml,/n/holylabs/LABS/alvarez_lab/Lab/VVS_Accentuation/Encoding_models/leap_250426-250501/posthoc_model_predict_PCA_popul_unit/posthoc_prediction_NSDencimg_PCA_pop_unit_leap_250426-250501_unit282_resnet50_dino.pkl,/n/holylabs/LABS/alvarez_lab/Everyone/Accentuate_VVS/Encoding_model_outputs/leap_250426-250501/leap_250426-250501_resnet50_dino_Ch282_Xtfmer_.layer4.Bottleneck0_pca750_RidgeCV_JITscript.pt,/n/holylabs/LABS/alvarez_lab/Everyone/Accentuate_VVS/Encoding_model_outputs/leap_250426-250501/leap_250426-250501_resnet50_dino_Ch282_readout_.layer4.Bottleneck0_pca750_RidgeCV.pth
resnet50_dino__.layer4.Bottleneck0__6379bde673,leap_250426-250501,286,resnet50_dino,.layer4.Bottleneck0,821305d785e80d1b,7b6cbcd0c0a40cca,7be36c1d802686b3,969,750,774,/n/holylabs/LABS/alvarez_lab/Everyone/Accentuate_VVS/accentuation_configs/leap_250426-250501/leap_250426-250501_resnet50_dino_Ch286_accentuation_config.yaml,/n/holylabs/LABS/alvarez_lab/Lab/VVS_Accentuation/Encoding_models/leap_250426-250501/posthoc_model_predict_PCA_popul_unit/posthoc_prediction_NSDencimg_PCA_pop_unit_leap_250426-250501_unit286_resnet50_dino.pkl,/n/holylabs/LABS/alvarez_lab/Everyone/Accentuate_VVS/Encoding_model_outputs/leap_250426-250501/leap_250426-250501_resnet50_dino_Ch286_Xtfmer_.layer4.Bottleneck0_pca750_RidgeCV_JITscript.pt,/n/holylabs/LABS/alvarez_lab/Everyone/Accentuate_VVS/Encoding_model_outputs/leap_250426-250501/leap_250426-250501_resnet50_dino_Ch286_readout_.layer4.Bottleneck0_pca750_RidgeCV.pth
resnet50_dino__.layer3.Bottleneck2__c2bc25709f,leap_250426-250501,306,resnet50_dino,.layer3.Bottleneck2,c51891f088cc7f7f,7b6cbcd0c0a40cca,7be36c1d802686b3,969,750,774,/n/holylabs/LABS/alvarez_lab/Everyone/Accentuate_VVS/accentuation_configs/leap_250426-250501/leap_250426-250501_resnet50_dino_Ch306_accentuation_config.yaml,/n/holylabs/LABS/alvarez_lab/Lab/VVS_Accentuation/Encoding_models/leap_250426-250501/posthoc_model_predict_PCA_popul_unit/posthoc_prediction_NSDencimg_PCA_pop_unit_leap_250426-250501_unit306_resnet50_dino.pkl,/n/holylabs/LABS/alvarez_lab/Everyone/Accentuate_VVS/Encoding_model_outputs/leap_250426-250501/leap_250426-250501_resnet50_dino_Ch306_Xtfmer_.layer3.Bottleneck2_pca750_RidgeCV_JITscript.pt,/n/holylabs/LABS/alvarez_lab/Everyone/Accentuate_VVS/Encoding_model_outputs/leap_250426-250501/leap_250426-250501_resnet50_dino_Ch306_readout_.layer3.Bottleneck2_pca750_RidgeCV.pth
resnet50_dino__.layer4.Bottleneck0__6379bde673,leap_250426-250501,342,resnet50_dino,.layer4.Bottleneck0,821305d785e80d1b,7b6cbcd0c0a40cca,7be36c1d802686b3,969,750,774,/n/holylabs/LABS/alvarez_lab/Everyone/Accentuate_VVS/accentuation_configs/leap_250426-250501/leap_250426-250501_resnet50_dino_Ch342_accentuation_config.yaml,/n/holylabs/LABS/alvarez_lab/Lab/VVS_Accentuation/Encoding_models/leap_250426-250501/posthoc_model_predict_PCA_popul_unit/posthoc_prediction_NSDencimg_PCA_pop_unit_leap_250426-250501_unit342_resnet50_dino.pkl,/n/holylabs/LABS/alvarez_lab/Everyone/Accentuate_VVS/Encoding_model_outputs/leap_250426-250501/leap_250426-250501_resnet50_dino_Ch342_Xtfmer_.layer4.Bottleneck0_pca750_RidgeCV_JITscript.pt,/n/holylabs/LABS/alvarez_lab/Everyone/Accentuate_VVS/Encoding_model_outputs/leap_250426-250501/leap_250426-250501_resnet50_dino_Ch342_readout_.layer4.Bottleneck0_pca750_RidgeCV.pth
resnet50_dino__.layer3.Bottleneck2__c2bc25709f,leap_250426-250501,81,resnet50_dino,.layer3.Bottleneck2,c51891f088cc7f7f,7b6cbcd0c0a40cca,7be36c1d802686b3,969,750,774,/n/holylabs/LABS/alvarez_lab/Everyone/Accentuate_VVS/accentuation_configs/leap_250426-250501/leap_250426-250501_resnet50_dino_Ch81_accentuation_config.yaml,/n/holylabs/LABS/alvarez_lab/Lab/VVS_Accentuation/Encoding_models/leap_250426-250501/posthoc_model_predict_PCA_popul_unit/posthoc_prediction_NSDencimg_PCA_pop_unit_leap_250426-250501_unit81_resnet50_dino.pkl,/n/holylabs/LABS/alvarez_lab/Everyone/Accentuate_VVS/Encoding_model_outputs/leap_250426-250501/leap_250426-250501_resnet50_dino_Ch81_Xtfmer_.layer3.Bottleneck2_pca750_RidgeCV_JITscript.pt,/n/holylabs/LABS/alvarez_lab/Everyone/Accentuate_VVS/Encoding_model_outputs/leap_250426-250501/leap_250426-250501_resnet50_dino_Ch81_readout_.layer3.Bottleneck2_pca750_RidgeCV.pth
resnet50_robust__.layer4.Bottleneck0__1fa2410d40,leap_250426-250501,282,resnet50_robust,.layer4.Bottleneck0,8d16ff2a4146ce7f,7b6cbcd0c0a40cca,7be36c1d802686b3,969,750,774,/n/holylabs/LABS/alvarez_lab/Everyone/Accentuate_VVS/accentuation_configs/leap_250426-250501/leap_250426-250501_resnet50_robust_Ch282_accentuation_config.yaml,/n/holylabs/LABS/alvarez_lab/Lab/VVS_Accentuation/Encoding_models/leap_250426-250501/posthoc_model_predict_PCA_popul_unit/posthoc_prediction_NSDencimg_PCA_pop_unit_leap_250426-250501_unit282_resnet50_robust.pkl,/n/holylabs/LABS/alvarez_lab/Everyone/Accentuate_VVS/Encoding_model_outputs/leap_250426-250501/leap_250426-250501_resnet50_robust_Ch282_Xtfmer_.layer4.Bottleneck0_pca750_RidgeCV_JITscript.pt,/n/holylabs/LABS/alvarez_lab/Everyone/Accentuate_VVS/Encoding_model_outputs/leap_250426-250501/leap_250426-250501_resnet50_robust_Ch282_readout_.layer4.Bottleneck0_pca750_RidgeCV.pth
resnet50_robust__.layer4.Bottleneck0__1fa2410d40,leap_250426-250501,286,resnet50_robust,.layer4.Bottleneck0,8d16ff2a4146ce7f,7b6cbcd0c0a40cca,7be36c1d802686b3,969,750,774,/n/holylabs/LABS/alvarez_lab/Everyone/Accentuate_VVS/accentuation_configs/leap_250426-250501/leap_250426-250501_resnet50_robust_Ch286_accentuation_config.yaml,/n/holylabs/LABS/alvarez_lab/Lab/VVS_Accentuation/Encoding_models/leap_250426-250501/posthoc_model_predict_PCA_popul_unit/posthoc_prediction_NSDencimg_PCA_pop_unit_leap_250426-250501_unit286_resnet50_robust.pkl,/n/holylabs/LABS/alvarez_lab/Everyone/Accentuate_VVS/Encoding_model_outputs/leap_250426-250501/leap_250426-250501_resnet50_robust_Ch286_Xtfmer_.layer4.Bottleneck0_pca750_RidgeCV_JITscript.pt,/n/holylabs/LABS/alvarez_lab/Everyone/Accentuate_VVS/Encoding_model_outputs/leap_250426-250501/leap_250426-250501_resnet50_robust_Ch286_readout_.layer4.Bottleneck0_pca750_RidgeCV.pth
resnet50_robust__.layer3.Bottleneck4__8e36524a3a,leap_250426-250501,306,resnet50_robust,.layer3.Bottleneck4,b19595978784cc58,7b6cbcd0c0a40cca,7be36c1d802686b3,969,750,774,/n/holylabs/LABS/alvarez_lab/Everyone/Accentuate_VVS/accentuation_configs/leap_250426-250501/leap_250426-250501_resnet50_robust_Ch306_accentuation_config.yaml,/n/holylabs/LABS/alvarez_lab/Lab/VVS_Accentuation/Encoding_models/leap_250426-250501/posthoc_model_predict_PCA_popul_unit/posthoc_prediction_NSDencimg_PCA_pop_unit_leap_250426-250501_unit306_resnet50_robust.pkl,/n/holylabs/LABS/alvarez_lab/Everyone/Accentuate_VVS/Encoding_model_outputs/leap_250426-250501/leap_250426-250501_resnet50_robust_Ch306_Xtfmer_.layer3.Bottleneck4_pca750_RidgeCV_JITscript.pt,/n/holylabs/LABS/alvarez_lab/Everyone/Accentuate_VVS/Encoding_model_outputs/leap_250426-250501/leap_250426-250501_resnet50_robust_Ch306_readout_.layer3.Bottleneck4_pca750_RidgeCV.pth
resnet50_robust__.layer3.Bottleneck1__c25d5fc01c,leap_250426-250501,342,resnet50_robust,.layer3.Bottleneck1,bd1d14b491f14878,7b6cbcd0c0a40cca,7be36c1d802686b3,969,750,774,/n/holylabs/LABS/alvarez_lab/Everyone/Accentuate_VVS/accentuation_configs/leap_250426-250501/leap_250426-250501_resnet50_robust_Ch342_accentuation_config.yaml,/n/holylabs/LABS/alvarez_lab/Lab/VVS_Accentuation/Encoding_models/leap_250426-250501/posthoc_model_predict_PCA_popul_unit/posthoc_prediction_NSDencimg_PCA_pop_unit_leap_250426-250501_unit342_resnet50_robust.pkl,/n/holylabs/LABS/alvarez_lab/Everyone/Accentuate_VVS/Encoding_model_outputs/leap_250426-250501/leap_250426-250501_resnet50_robust_Ch342_Xtfmer_.layer3.Bottleneck1_pca750_RidgeCV_JITscript.pt,/n/holylabs/LABS/alvarez_lab/Everyone/Accentuate_VVS/Encoding_model_outputs/leap_250426-250501/leap_250426-250501_resnet50_robust_Ch342_readout_.layer3.Bottleneck1_pca750_RidgeCV.pth
resnet50_robust__.layer3.Bottleneck4__8e36524a3a,leap_250426-250501,81,resnet50_robust,.layer3.Bottleneck4,b19595978784cc58,7b6cbcd0c0a40cca,7be36c1d802686b3,969,750,774,/n/holylabs/LABS/alvarez_lab/Everyone/Accentuate_VVS/accentuation_configs/leap_250426-250501/leap_250426-250501_resnet50_robust_Ch81_accentuation_config.yaml,/n/holylabs/LABS/alvarez_lab/Lab/VVS_Accentuation/Encoding_models/leap_250426-250501/posthoc_model_predict_PCA_popul_unit/posthoc_prediction_NSDencimg_PCA_pop_unit_leap_250426-250501_unit81_resnet50_robust.pkl,/n/holylabs/LABS/alvarez_lab/Everyone/Accentuate_VVS/Encoding_model_outputs/leap_250426-250501/leap_250426-250501_resnet50_robust_Ch81_Xtfmer_.layer3.Bottleneck4_pca750_RidgeCV_JITscript.pt,/n/holylabs/LABS/alvarez_lab/Everyone/Accentuate_VVS/Encoding_model_outputs/leap_250426-250501/leap_250426-250501_resnet50_robust_Ch81_readout_.layer3.Bottleneck4_pca750_RidgeCV.pth
siglip2_vitb16__.trunk.blocks.Block2__02a22d2527,leap_250426-250501,282,siglip2_vitb16,.trunk.blocks.Block2,05ce62a97c572afd,7b6cbcd0c0a40cca,7be36c1d802686b3,969,750,774,/n/holylabs/LABS/alvarez_lab/Everyone/Accentuate_VVS/accentuation_configs/leap_250426-250501/leap_250426-250501_siglip2_vitb16_Ch282_accentuation_config.yaml,/n/holylabs/LABS/alvarez_lab/Lab/VVS_Accentuation/Encoding_models/leap_250426-250501/posthoc_model_predict_PCA_popul_unit/posthoc_prediction_NSDencimg_PCA_pop_unit_leap_250426-250501_unit282_siglip2_vitb16.pkl,/n/holylabs/LABS/alvarez_lab/Everyone/Accentuate_VVS/Encoding_model_outputs/leap_250426-250501/leap_250426-250501_siglip2_vitb16_Ch282_Xtfmer_.trunk.blocks.Block2_pca750_RidgeCV_JITscript.pt,/n/holylabs/LABS/alvarez_lab/Everyone/Accentuate_VVS/Encoding_model_outputs/leap_250426-250501/leap_250426-250501_siglip2_vitb16_Ch282_readout_.trunk.blocks.Block2_pca750_RidgeCV.pth
siglip2_vitb16__.trunk.blocks.Block2__02a22d2527,leap_250426-250501,286,siglip2_vitb16,.trunk.blocks.Block2,05ce62a97c572afd,7b6cbcd0c0a40cca,7be36c1d802686b3,969,750,774,/n/holylabs/LABS/alvarez_lab/Everyone/Accentuate_VVS/accentuation_configs/leap_250426-250501/leap_250426-250501_siglip2_vitb16_Ch286_accentuation_config.yaml,/n/holylabs/LABS/alvarez_lab/Lab/VVS_Accentuation/Encoding_models/leap_250426-250501/posthoc_model_predict_PCA_popul_unit/posthoc_prediction_NSDencimg_PCA_pop_unit_leap_250426-250501_unit286_siglip2_vitb16.pkl,/n/holylabs/LABS/alvarez_lab/Everyone/Accentuate_VVS/Encoding_model_outputs/leap_250426-250501/leap_250426-250501_siglip2_vitb16_Ch286_Xtfmer_.trunk.blocks.Block2_pca750_RidgeCV_JITscript.pt,/n/holylabs/LABS/alvarez_lab/Everyone/Accentuate_VVS/Encoding_model_outputs/leap_250426-250501/leap_250426-250501_siglip2_vitb16_Ch286_readout_.trunk.blocks.Block2_pca750_RidgeCV.pth
siglip2_vitb16__.trunk.blocks.Block2__02a22d2527,leap_250426-250501,306,siglip2_vitb16,.trunk.blocks.Block2,05ce62a97c572afd,7b6cbcd0c0a40cca,7be36c1d802686b3,969,750,774,/n/holylabs/LABS/alvarez_lab/Everyone/Accentuate_VVS/accentuation_configs/leap_250426-250501/leap_250426-250501_siglip2_vitb16_Ch306_accentuation_config.yaml,/n/holylabs/LABS/alvarez_lab/Lab/VVS_Accentuation/Encoding_models/leap_250426-250501/posthoc_model_predict_PCA_popul_unit/posthoc_prediction_NSDencimg_PCA_pop_unit_leap_250426-250501_unit306_siglip2_vitb16.pkl,/n/holylabs/LABS/alvarez_lab/Everyone/Accentuate_VVS/Encoding_model_outputs/leap_250426-250501/leap_250426-250501_siglip2_vitb16_Ch306_Xtfmer_.trunk.blocks.Block2_pca750_RidgeCV_JITscript.pt,/n/holylabs/LABS/alvarez_lab/Everyone/Accentuate_VVS/Encoding_model_outputs/leap_250426-250501/leap_250426-250501_siglip2_vitb16_Ch306_readout_.trunk.blocks.Block2_pca750_RidgeCV.pth
siglip2_vitb16__.trunk.blocks.Block2__02a22d2527,leap_250426-250501,342,siglip2_vitb16,.trunk.blocks.Block2,05ce62a97c572afd,7b6cbcd0c0a40cca,7be36c1d802686b3,969,750,774,/n/holylabs/LABS/alvarez_lab/Everyone/Accentuate_VVS/accentuation_configs/leap_250426-250501/leap_250426-250501_siglip2_vitb16_Ch342_accentuation_config.yaml,/n/holylabs/LABS/alvarez_lab/Lab/VVS_Accentuation/Encoding_models/leap_250426-250501/posthoc_model_predict_PCA_popul_unit/posthoc_prediction_NSDencimg_PCA_pop_unit_leap_250426-250501_unit342_siglip2_vitb16.pkl,/n/holylabs/LABS/alvarez_lab/Everyone/Accentuate_VVS/Encoding_model_outputs/leap_250426-250501/leap_250426-250501_siglip2_vitb16_Ch342_Xtfmer_.trunk.blocks.Block2_pca750_RidgeCV_JITscript.pt,/n/holylabs/LABS/alvarez_lab/Everyone/Accentuate_VVS/Encoding_model_outputs/leap_250426-250501/leap_250426-250501_siglip2_vitb16_Ch342_readout_.trunk.blocks.Block2_pca750_RidgeCV.pth
siglip2_vitb16__.trunk.blocks.Block3__d6cb60e0eb,leap_250426-250501,81,siglip2_vitb16,.trunk.blocks.Block3,e08ed65f61415ced,7b6cbcd0c0a40cca,7be36c1d802686b3,969,750,774,/n/holylabs/LABS/alvarez_lab/Everyone/Accentuate_VVS/accentuation_configs/leap_250426-250501/leap_250426-250501_siglip2_vitb16_Ch81_accentuation_config.yaml,/n/holylabs/LABS/alvarez_lab/Lab/VVS_Accentuation/Encoding_models/leap_250426-250501/posthoc_model_predict_PCA_popul_unit/posthoc_prediction_NSDencimg_PCA_pop_unit_leap_250426-250501_unit81_siglip2_vitb16.pkl,/n/holylabs/LABS/alvarez_lab/Everyone/Accentuate_VVS/Encoding_model_outputs/leap_250426-250501/leap_250426-250501_siglip2_vitb16_Ch81_Xtfmer_.trunk.blocks.Block3_pca750_RidgeCV_JITscript.pt,/n/holylabs/LABS/alvarez_lab/Everyone/Accentuate_VVS/Encoding_model_outputs/leap_250426-250501/leap_250426-250501_siglip2_vitb16_Ch81_readout_.trunk.blocks.Block3_pca750_RidgeCV.pth
AlexNet_training_seed_01__.classifier.ReLU4__cae3b3f8a4,paul_20250428-20250430,0,AlexNet_training_seed_01,.classifier.ReLU4,9ebe0631978a6f33,7b6cbcd0c0a40cca,7be36c1d802686b3,969,750,774,/n/holylabs/LABS/alvarez_lab/Everyone/Accentuate_VVS/accentuation_configs/paul_20250428-20250430/paul_20250428-20250430_AlexNet_training_seed_01_Ch0_accentuation_config.yaml,/n/holylabs/LABS/alvarez_lab/Lab/VVS_Accentuation/Encoding_models/paul_20250428-20250430/posthoc_model_predict_PCA_popul_unit/posthoc_prediction_NSDencimg_PCA_pop_unit_paul_20250428-20250430_unit0_AlexNet_training_seed_01.pkl,/n/holylabs/LABS/alvarez_lab/Everyone/Accentuate_VVS/Encoding_model_outputs/paul_20250428-20250430/paul_20250428-20250430_AlexNet_training_seed_01_Ch00_Xtfmer_.classifier.ReLU4_pca750_RidgeCV_JITscript.pt,/n/holylabs/LABS/alvarez_lab/Everyone/Accentuate_VVS/Encoding_model_outputs/paul_20250428-20250430/paul_20250428-20250430_AlexNet_training_seed_01_Ch00_readout_.classifier.ReLU4_pca750_RidgeCV.pth
AlexNet_training_seed_01__.features.Conv2d3__284d428dfc,paul_20250428-20250430,24,AlexNet_training_seed_01,.features.Conv2d3,1828dcaf26b73c2d,7b6cbcd0c0a40cca,7be36c1d802686b3,969,750,774,/n/holylabs/LABS/alvarez_lab/Everyone/Accentuate_VVS/accentuation_configs/paul_20250428-20250430/paul_20250428-20250430_AlexNet_training_seed_01_Ch24_accentuation_config.yaml,/n/holylabs/LABS/alvarez_lab/Lab/VVS_Accentuation/Encoding_models/paul_20250428-20250430/posthoc_model_predict_PCA_popul_unit/posthoc_prediction_NSDencimg_PCA_pop_unit_paul_20250428-20250430_unit24_AlexNet_training_seed_01.pkl,/n/holylabs/LABS/alvarez_lab/Everyone/Accentuate_VVS/Encoding_model_outputs/paul_20250428-20250430/paul_20250428-20250430_AlexNet_training_seed_01_Ch24_Xtfmer_.features.Conv2d3_pca750_RidgeCV_JITscript.pt,/n/holylabs/LABS/alvarez_lab/Everyone/Accentuate_VVS/Encoding_model_outputs/paul_20250428-20250430/paul_20250428-20250430_AlexNet_training_seed_01_Ch24_readout_.features.Conv2d3_pca750_RidgeCV.pth
AlexNet_training_seed_01__.classifier.ReLU4__cae3b3f8a4,paul_20250428-20250430,40,AlexNet_training_seed_01,.classifier.ReLU4,9ebe0631978a6f33,7b6cbcd0c0a40cca,7be36c1d802686b3,969,750,774,/n/holylabs/LABS/alvarez_lab/Everyone/Accentuate_VVS/accentuation_configs/paul_20250428-20250430/paul_20250428-20250430_AlexNet_training_seed_01_Ch40_accentuation_config.yaml,/n/holylabs/LABS/alvarez_lab/Lab/VVS_Accentuation/Encoding_models/paul_20250428-20250430/posthoc_model_predict_PCA_popul_unit/posthoc_prediction_NSDencimg_PCA_pop_unit_paul_20250428-20250430_unit40_AlexNet_training_seed_01.pkl,/n/holylabs/LABS/alvarez_lab/Everyone/Accentuate_VVS/Encoding_model_outputs/paul_20250428-20250430/paul_20250428-20250430_AlexNet_training_seed_01_Ch40_Xtfmer_.classifier.ReLU4_pca750_RidgeCV_JITscript.pt,/n/holylabs/LABS/alvarez_lab/Everyone/Accentuate_VVS/Encoding_model_outputs/paul_20250428-20250430/paul_20250428-20250430_AlexNet_training_seed_01_Ch40_readout_.classifier.ReLU4_pca750_RidgeCV.pth
AlexNet_training_seed_01__.classifier.ReLU4__cae3b3f8a4,paul_20250428-20250430,47,AlexNet_training_seed_01,.classifier.ReLU4,9ebe0631978a6f33,7b6cbcd0c0a40cca,7be36c1d802686b3,969,750,774,/n/holylabs/LABS/alvarez_lab/Everyone/Accentuate_VVS/accentuation_configs/paul_20250428-20250430/paul_20250428-20250430_AlexNet_training_seed_01_Ch47_accentuation_config.yaml,/n/holylabs/LABS/alvarez_lab/Lab/VVS_Accentuation/Encoding_models/paul_20250428-20250430/posthoc_model_predict_PCA_popul_unit/posthoc_prediction_NSDencimg_PCA_pop_unit_paul_20250428-20250430_unit47_AlexNet_training_seed_01.pkl,/n/holylabs/LABS/alvarez_lab/Everyone/Accentuate_VVS/Encoding_model_outputs/paul_20250428-20250430/paul_20250428-20250430_AlexNet_training_seed_01_Ch47_Xtfmer_.classifier.ReLU4_pca750_RidgeCV_JITscript.pt,/n/holylabs/LABS/alvarez_lab/Everyone/Accentuate_VVS/Encoding_model_outputs/paul_20250428-20250430/paul_20250428-20250430_AlexNet_training_seed_01_Ch47_readout_.classifier.ReLU4_pca750_RidgeCV.pth
AlexNet_training_seed_01__.features.MaxPool2d12__2c79becce3,paul_20250428-20250430,8,AlexNet_training_seed_01,.features.MaxPool2d12,8f843a1156591bed,7b6cbcd0c0a40cca,7be36c1d802686b3,969,750,774,/n/holylabs/LABS/alvarez_lab/Everyone/Accentuate_VVS/accentuation_configs/paul_20250428-20250430/paul_20250428-20250430_AlexNet_training_seed_01_Ch8_accentuation_config.yaml,/n/holylabs/LABS/alvarez_lab/Lab/VVS_Accentuation/Encoding_models/paul_20250428-20250430/posthoc_model_predict_PCA_popul_unit/posthoc_prediction_NSDencimg_PCA_pop_unit_paul_20250428-20250430_unit8_AlexNet_training_seed_01.pkl,/n/holylabs/LABS/alvarez_lab/Everyone/Accentuate_VVS/Encoding_model_outputs/paul_20250428-20250430/paul_20250428-20250430_AlexNet_training_seed_01_Ch08_Xtfmer_.features.MaxPool2d12_pca750_RidgeCV_JITscript.pt,/n/holylabs/LABS/alvarez_lab/Everyone/Accentuate_VVS/Encoding_model_outputs/paul_20250428-20250430/paul_20250428-20250430_AlexNet_training_seed_01_Ch08_readout_.features.MaxPool2d12_pca750_RidgeCV.pth
clipag_vitb32__.transformer.resblocks.ResidualAttentionBlock7__1d34838b86,paul_20250428-20250430,0,clipag_vitb32,.transformer.resblocks.ResidualAttentionBlock7,36fc3d21ccef2ce1,7b6cbcd0c0a40cca,7be36c1d802686b3,969,750,774,/n/holylabs/LABS/alvarez_lab/Everyone/Accentuate_VVS/accentuation_configs/paul_20250428-20250430/paul_20250428-20250430_clipag_vitb32_Ch0_accentuation_config.yaml,/n/holylabs/LABS/alvarez_lab/Lab/VVS_Accentuation/Encoding_models/paul_20250428-20250430/posthoc_model_predict_PCA_popul_unit/posthoc_prediction_NSDencimg_PCA_pop_unit_paul_20250428-20250430_unit0_clipag_vitb32.pkl,/n/holylabs/LABS/alvarez_lab/Everyone/Accentuate_VVS/Encoding_model_outputs/paul_20250428-20250430/paul_20250428-20250430_clipag_vitb32_Ch00_Xtfmer_.transformer.resblocks.ResidualAttentionBlock7_pca750_RidgeCV_JITscript.pt,/n/holylabs/LABS/alvarez_lab/Everyone/Accentuate_VVS/Encoding_model_outputs/paul_20250428-20250430/paul_20250428-20250430_clipag_vitb32_Ch00_readout_.transformer.resblocks.ResidualAttentionBlock7_pca750_RidgeCV.pth
clipag_vitb32__.transformer.resblocks.ResidualAttentionBlock8__a5217d79b5,paul_20250428-20250430,24,clipag_vitb32,.transformer.resblocks.ResidualAttentionBlock8,6d3e636216696ab9,7b6cbcd0c0a40cca,7be36c1d802686b3,969,750,774,/n/holylabs/LABS/alvarez_lab/Everyone/Accentuate_VVS/accentuation_configs/paul_20250428-20250430/paul_20250428-20250430_clipag_vitb32_Ch24_accentuation_config.yaml,/n/holylabs/LABS/alvarez_lab/Lab/VVS_Accentuation/Encoding_models/paul_20250428-20250430/posthoc_model_predict_PCA_popul_unit/posthoc_prediction_NSDencimg_PCA_pop_unit_paul_20250428-20250430_unit24_clipag_vitb32.pkl,/n/holylabs/LABS/alvarez_lab/Everyone/Accentuate_VVS/Encoding_model_outputs/paul_20250428-20250430/paul_20250428-20250430_clipag_vitb32_Ch24_Xtfmer_.transformer.resblocks.ResidualAttentionBlock8_pca750_RidgeCV_JITscript.pt,/n/holylabs/LABS/alvarez_lab/Everyone/Accentuate_VVS/Encoding_model_outputs/paul_20250428-20250430/paul_20250428-20250430_clipag_vitb32_Ch24_readout_.transformer.resblocks.ResidualAttentionBlock8_pca750_RidgeCV.pth
clipag_vitb32__.transformer.resblocks.ResidualAttentionBlock6__19cafa0e72,paul_20250428-20250430,40,clipag_vitb32,.transformer.resblocks.ResidualAttentionBlock6,61e6e2e2aade3b01,7b6cbcd0c0a40cca,7be36c1d802686b3,969,750,774,/n/holylabs/LABS/alvarez_lab/Everyone/Accentuate_VVS/accentuation_configs/paul_20250428-20250430/paul_20250428-20250430_clipag_vitb32_Ch40_accentuation_config.yaml,/n/holylabs/LABS/alvarez_lab/Lab/VVS_Accentuation/Encoding_models/paul_20250428-20250430/posthoc_model_predict_PCA_popul_unit/posthoc_prediction_NSDencimg_PCA_pop_unit_paul_20250428-20250430_unit40_clipag_vitb32.pkl,/n/holylabs/LABS/alvarez_lab/Everyone/Accentuate_VVS/Encoding_model_outputs/paul_20250428-20250430/paul_20250428-20250430_clipag_vitb32_Ch40_Xtfmer_.transformer.resblocks.ResidualAttentionBlock6_pca750_RidgeCV_JITscript.pt,/n/holylabs/LABS/alvarez_lab/Everyone/Accentuate_VVS/Encoding_model_outputs/paul_20250428-20250430/paul_20250428-20250430_clipag_vitb32_Ch40_readout_.transformer.resblocks.ResidualAttentionBlock6_pca750_RidgeCV.pth
clipag_vitb32__.transformer.resblocks.ResidualAttentionBlock8__a5217d79b5,paul_20250428-20250430,47,clipag_vitb32,.transformer.resblocks.ResidualAttentionBlock8,6d3e636216696ab9,7b6cbcd0c0a40cca,7be36c1d802686b3,969,750,774,/n/holylabs/LABS/alvarez_lab/Everyone/Accentuate_VVS/accentuation_configs/paul_20250428-20250430/paul_20250428-20250430_clipag_vitb32_Ch47_accentuation_config.yaml,/n/holylabs/LABS/alvarez_lab/Lab/VVS_Accentuation/Encoding_models/paul_20250428-20250430/posthoc_model_predict_PCA_popul_unit/posthoc_prediction_NSDencimg_PCA_pop_unit_paul_20250428-20250430_unit47_clipag_vitb32.pkl,/n/holylabs/LABS/alvarez_lab/Everyone/Accentuate_VVS/Encoding_model_outputs/paul_20250428-20250430/paul_20250428-20250430_clipag_vitb32_Ch47_Xtfmer_.transformer.resblocks.ResidualAttentionBlock8_pca750_RidgeCV_JITscript.pt,/n/holylabs/LABS/alvarez_lab/Everyone/Accentuate_VVS/Encoding_model_outputs/paul_20250428-20250430/paul_20250428-20250430_clipag_vitb32_Ch47_readout_.transformer.resblocks.ResidualAttentionBlock8_pca750_RidgeCV.pth
clipag_vitb32__.transformer.resblocks.ResidualAttentionBlock9__1f6592ce9a,paul_20250428-20250430,8,clipag_vitb32,.transformer.resblocks.ResidualAttentionBlock9,c5252e32eb552e0b,7b6cbcd0c0a40cca,7be36c1d802686b3,969,750,774,/n/holylabs/LABS/alvarez_lab/Everyone/Accentuate_VVS/accentuation_configs/paul_20250428-20250430/paul_20250428-20250430_clipag_vitb32_Ch8_accentuation_config.yaml,/n/holylabs/LABS/alvarez_lab/Lab/VVS_Accentuation/Encoding_models/paul_20250428-20250430/posthoc_model_predict_PCA_popul_unit/posthoc_prediction_NSDencimg_PCA_pop_unit_paul_20250428-20250430_unit8_clipag_vitb32.pkl,/n/holylabs/LABS/alvarez_lab/Everyone/Accentuate_VVS/Encoding_model_outputs/paul_20250428-20250430/paul_20250428-20250430_clipag_vitb32_Ch08_Xtfmer_.transformer.resblocks.ResidualAttentionBlock9_pca750_RidgeCV_JITscript.pt,/n/holylabs/LABS/alvarez_lab/Everyone/Accentuate_VVS/Encoding_model_outputs/paul_20250428-20250430/paul_20250428-20250430_clipag_vitb32_Ch08_readout_.transformer.resblocks.ResidualAttentionBlock9_pca750_RidgeCV.pth
dinov2_vitb14_reg__.blocks.NestedTensorBlock11__c5a93709b9,paul_20250428-20250430,0,dinov2_vitb14_reg,.blocks.NestedTensorBlock11,e798b9c7c85968ae,7b6cbcd0c0a40cca,7be36c1d802686b3,969,750,774,/n/holylabs/LABS/alvarez_lab/Everyone/Accentuate_VVS/accentuation_configs/paul_20250428-20250430/paul_20250428-20250430_dinov2_vitb14_reg_Ch0_accentuation_config.yaml,/n/holylabs/LABS/alvarez_lab/Lab/VVS_Accentuation/Encoding_models/paul_20250428-20250430/posthoc_model_predict_PCA_popul_unit/posthoc_prediction_NSDencimg_PCA_pop_unit_paul_20250428-20250430_unit0_dinov2_vitb14_reg.pkl,/n/holylabs/LABS/alvarez_lab/Everyone/Accentuate_VVS/Encoding_model_outputs/paul_20250428-20250430/paul_20250428-20250430_dinov2_vitb14_reg_Ch00_Xtfmer_.blocks.NestedTensorBlock11_pca750_RidgeCV_JITscript.pt,/n/holylabs/LABS/alvarez_lab/Everyone/Accentuate_VVS/Encoding_model_outputs/paul_20250428-20250430/paul_20250428-20250430_dinov2_vitb14_reg_Ch00_readout_.blocks.NestedTensorBlock11_pca750_RidgeCV.pth
dinov2_vitb14_reg__.blocks.NestedTensorBlock7__7cad87db8b,paul_20250428-20250430,24,dinov2_vitb14_reg,.blocks.NestedTensorBlock7,34216c6849dc7f70,7b6cbcd0c0a40cca,7be36c1d802686b3,969,750,774,/n/holylabs/LABS/alvarez_lab/Everyone/Accentuate_VVS/accentuation_configs/paul_20250428-20250430/paul_20250428-20250430_dinov2_vitb14_reg_Ch24_accentuation_config.yaml,/n/holylabs/LABS/alvarez_lab/Lab/VVS_Accentuation/Encoding_models/paul_20250428-20250430/posthoc_model_predict_PCA_popul_unit/posthoc_prediction_NSDencimg_PCA_pop_unit_paul_20250428-20250430_unit24_dinov2_vitb14_reg.pkl,/n/holylabs/LABS/alvarez_lab/Everyone/Accentuate_VVS/Encoding_model_outputs/paul_20250428-20250430/paul_20250428-20250430_dinov2_vitb14_reg_Ch24_Xtfmer_.blocks.NestedTensorBlock7_pca750_RidgeCV_JITscript.pt,/n/holylabs/LABS/alvarez_lab/Everyone/Accentuate_VVS/Encoding_model_outputs/paul_20250428-20250430/paul_20250428-20250430_dinov2_vitb14_reg_Ch24_readout_.blocks.NestedTensorBlock7_pca750_RidgeCV.pth
dinov2_vitb14_reg__.blocks.NestedTensorBlock9__d45a968c54,paul_20250428-20250430,40,dinov2_vitb14_reg,.blocks.NestedTensorBlock9,2612bcd80edab88b,7b6cbcd0c0a40cca,7be36c1d802686b3,969,750,774,/n/holylabs/LABS/alvarez_lab/Everyone/Accentuate_VVS/accentuation_configs/paul_20250428-20250430/paul_20250428-20250430_dinov2_vitb14_reg_Ch40_accentuation_config.yaml,/n/holylabs/LABS/alvarez_lab/Lab/VVS_Accentuation/Encoding_models/paul_20250428-20250430/posthoc_model_predict_PCA_popul_unit/posthoc_prediction_NSDencimg_PCA_pop_unit_paul_20250428-20250430_unit40_dinov2_vitb14_reg.pkl,/n/holylabs/LABS/alvarez_lab/Everyone/Accentuate_VVS/Encoding_model_outputs/paul_20250428-20250430/paul_20250428-20250430_dinov2_vitb14_reg_Ch40_Xtfmer_.blocks.NestedTensorBlock9_pca750_RidgeCV_JITscript.pt,/n/holylabs/LABS/alvarez_lab/Everyone/Accentuate_VVS/Encoding_model_outputs/paul_20250428-20250430/paul_20250428-20250430_dinov2_vitb14_reg_Ch40_readout_.blocks.NestedTensorBlock9_pca750_RidgeCV.pth
dinov2_vitb14_reg__.blocks.NestedTensorBlock9__d45a968c54,paul_20250428-20250430,47,dinov2_vitb14_reg,.blocks.NestedTensorBlock9,2612bcd80edab88b,7b6cbcd0c0a40cca,7be36c1d802686b3,969,750,774,/n/holylabs/LABS/alvarez_lab/Everyone/Accentuate_VVS/accentuation_configs/paul_20250428-20250430/paul_20250428-20250430_dinov2_vitb14_reg_Ch47_accentuation_config.yaml,/n/holylabs/LABS/alvarez_lab/Lab/VVS_Accentuation/Encoding_models/paul_20250428-20250430/posthoc_model_predict_PCA_popul_unit/posthoc_prediction_NSDencimg_PCA_pop_unit_paul_20250428-20250430_unit47_dinov2_vitb14_reg.pkl,/n/holylabs/LABS/alvarez_lab/Everyone/Accentuate_VVS/Encoding_model_outputs/paul_20250428-20250430/paul_20250428-20250430_dinov2_vitb14_reg_Ch47_Xtfmer_.blocks.NestedTensorBlock9_pca750_RidgeCV_JITscript.pt,/n/holylabs/LABS/alvarez_lab/Everyone/Accentuate_VVS/Encoding_model_outputs/paul_20250428-20250430/paul_20250428-20250430_dinov2_vitb14_reg_Ch47_readout_.blocks.NestedTensorBlock9_pca750_RidgeCV.pth
dinov2_vitb14_reg__.blocks.NestedTensorBlock5__a606b55b61,paul_20250428-20250430,8,dinov2_vitb14_reg,.blocks.NestedTensorBlock5,e1be4b79aa24b22f,7b6cbcd0c0a40cca,7be36c1d802686b3,969,750,774,/n/holylabs/LABS/alvarez_lab/Everyone/Accentuate_VVS/accentuation_configs/paul_20250428-20250430/paul_20250428-20250430_dinov2_vitb14_reg_Ch8_accentuation_config.yaml,/n/holylabs/LABS/alvarez_lab/Lab/VVS_Accentuation/Encoding_models/paul_20250428-20250430/posthoc_model_predict_PCA_popul_unit/posthoc_prediction_NSDencimg_PCA_pop_unit_paul_20250428-20250430_unit8_dinov2_vitb14_reg.pkl,/n/holylabs/LABS/alvarez_lab/Everyone/Accentuate_VVS/Encoding_model_outputs/paul_20250428-20250430/paul_20250428-20250430_dinov2_vitb14_reg_Ch08_Xtfmer_.blocks.NestedTensorBlock5_pca750_RidgeCV_JITscript.pt,/n/holylabs/LABS/alvarez_lab/Everyone/Accentuate_VVS/Encoding_model_outputs/paul_20250428-20250430/paul_20250428-20250430_dinov2_vitb14_reg_Ch08_readout_.blocks.NestedTensorBlock5_pca750_RidgeCV.pth
radio_v2.5-b__.model.blocks.Block10__2a39fcd583,paul_20250428-20250430,0,radio_v2.5-b,.model.blocks.Block10,4a220aa3a55cb09c,7b6cbcd0c0a40cca,7be36c1d802686b3,969,750,774,/n/holylabs/LABS/alvarez_lab/Everyone/Accentuate_VVS/accentuation_configs/paul_20250428-20250430/paul_20250428-20250430_radio_v2.5-b_Ch0_accentuation_config.yaml,/n/holylabs/LABS/alvarez_lab/Lab/VVS_Accentuation/Encoding_models/paul_20250428-20250430/posthoc_model_predict_PCA_popul_unit/posthoc_prediction_NSDencimg_PCA_pop_unit_paul_20250428-20250430_unit0_radio_v2.5-b.pkl,/n/holylabs/LABS/alvarez_lab/Everyone/Accentuate_VVS/Encoding_model_outputs/paul_20250428-20250430/paul_20250428-20250430_radio_v2.5-b_Ch00_Xtfmer_.model.blocks.Block10_pca750_RidgeCV_JITscript.pt,/n/holylabs/LABS/alvarez_lab/Everyone/Accentuate_VVS/Encoding_model_outputs/paul_20250428-20250430/paul_20250428-20250430_radio_v2.5-b_Ch00_readout_.model.blocks.Block10_pca750_RidgeCV.pth
radio_v2.5-b__.model.blocks.Block11__5129994521,paul_20250428-20250430,24,radio_v2.5-b,.model.blocks.Block11,f32f0f37bddb8666,7b6cbcd0c0a40cca,7be36c1d802686b3,969,750,774,/n/holylabs/LABS/alvarez_lab/Everyone/Accentuate_VVS/accentuation_configs/paul_20250428-20250430/paul_20250428-20250430_radio_v2.5-b_Ch24_accentuation_config.yaml,/n/holylabs/LABS/alvarez_lab/Lab/VVS_Accentuation/Encoding_models/paul_20250428-20250430/posthoc_model_predict_PCA_popul_unit/posthoc_prediction_NSDencimg_PCA_pop_unit_paul_20250428-20250430_unit24_radio_v2.5-b.pkl,/n/holylabs/LABS/alvarez_lab/Everyone/Accentuate_VVS/Encoding_model_outputs/paul_20250428-20250430/paul_20250428-20250430_radio_v2.5-b_Ch24_Xtfmer_.model.blocks.Block11_pca750_RidgeCV_JITscript.pt,/n/holylabs/LABS/alvarez_lab/Everyone/Accentuate_VVS/Encoding_model_outputs/paul_20250428-20250430/paul_20250428-20250430_radio_v2.5-b_Ch24_readout_.model.blocks.Block11_pca750_RidgeCV.pth
radio_v2.5-b__.model.blocks.Block10__2a39fcd583,paul_20250428-20250430,40,radio_v2.5-b,.model.blocks.Block10,4a220aa3a55cb09c,7b6cbcd0c0a40cca,7be36c1d802686b3,969,750,774,/n/holylabs/LABS/alvarez_lab/Everyone/Accentuate_VVS/accentuation_configs/paul_20250428-20250430/paul_20250428-20250430_radio_v2.5-b_Ch40_accentuation_config.yaml,/n/holylabs/LABS/alvarez_lab/Lab/VVS_Accentuation/Encoding_models/paul_20250428-20250430/posthoc_model_predict_PCA_popul_unit/posthoc_prediction_NSDencimg_PCA_pop_unit_paul_20250428-20250430_unit40_radio_v2.5-b.pkl,/n/holylabs/LABS/alvarez_lab/Everyone/Accentuate_VVS/Encoding_model_outputs/paul_20250428-20250430/paul_20250428-20250430_radio_v2.5-b_Ch40_Xtfmer_.model.blocks.Block10_pca750_RidgeCV_JITscript.pt,/n/holylabs/LABS/alvarez_lab/Everyone/Accentuate_VVS/Encoding_model_outputs/paul_20250428-20250430/paul_20250428-20250430_radio_v2.5-b_Ch40_readout_.model.blocks.Block10_pca750_RidgeCV.pth
radio_v2.5-b__.model.blocks.Block10__2a39fcd583,paul_20250428-20250430,47,radio_v2.5-b,.model.blocks.Block10,4a220aa3a55cb09c,7b6cbcd0c0a40cca,7be36c1d802686b3,969,750,774,/n/holylabs/LABS/alvarez_lab/Everyone/Accentuate_VVS/accentuation_configs/paul_20250428-20250430/paul_20250428-20250430_radio_v2.5-b_Ch47_accentuation_config.yaml,/n/holylabs/LABS/alvarez_lab/Lab/VVS_Accentuation/Encoding_models/paul_20250428-20250430/posthoc_model_predict_PCA_popul_unit/posthoc_prediction_NSDencimg_PCA_pop_unit_paul_20250428-20250430_unit47_radio_v2.5-b.pkl,/n/holylabs/LABS/alvarez_lab/Everyone/Accentuate_VVS/Encoding_model_outputs/paul_20250428-20250430/paul_20250428-20250430_radio_v2.5-b_Ch47_Xtfmer_.model.blocks.Block10_pca750_RidgeCV_JITscript.pt,/n/holylabs/LABS/alvarez_lab/Everyone/Accentuate_VVS/Encoding_model_outputs/paul_20250428-20250430/paul_20250428-20250430_radio_v2.5-b_Ch47_readout_.model.blocks.Block10_pca750_RidgeCV.pth
radio_v2.5-b__.model.blocks.Block11__5129994521,paul_20250428-20250430,8,radio_v2.5-b,.model.blocks.Block11,f32f0f37bddb8666,7b6cbcd0c0a40cca,7be36c1d802686b3,969,750,774,/n/holylabs/LABS/alvarez_lab/Everyone/Accentuate_VVS/accentuation_configs/paul_20250428-20250430/paul_20250428-20250430_radio_v2.5-b_Ch8_accentuation_config.yaml,/n/holylabs/LABS/alvarez_lab/Lab/VVS_Accentuation/Encoding_models/paul_20250428-20250430/posthoc_model_predict_PCA_popul_unit/posthoc_prediction_NSDencimg_PCA_pop_unit_paul_20250428-20250430_unit8_radio_v2.5-b.pkl,/n/holylabs/LABS/alvarez_lab/Everyone/Accentuate_VVS/Encoding_model_outputs/paul_20250428-20250430/paul_20250428-20250430_radio_v2.5-b_Ch08_Xtfmer_.model.blocks.Block11_pca750_RidgeCV_JITscript.pt,/n/holylabs/LABS/alvarez_lab/Everyone/Accentuate_VVS/Encoding_model_outputs/paul_20250428-20250430/paul_20250428-20250430_radio_v2.5-b_Ch08_readout_.model.blocks.Block11_pca750_RidgeCV.pth
regnety_640__.s3.Bottleneckb8__3e2eb8be42,paul_20250428-20250430,0,regnety_640,.s3.Bottleneckb8,b2197f0fbd9e6d9c,7b6cbcd0c0a40cca,7be36c1d802686b3,969,750,774,/n/holylabs/LABS/alvarez_lab/Everyone/Accentuate_VVS/accentuation_configs/paul_20250428-20250430/paul_20250428-20250430_regnety_640_Ch0_accentuation_config.yaml,/n/holylabs/LABS/alvarez_lab/Lab/VVS_Accentuation/Encoding_models/paul_20250428-20250430/posthoc_model_predict_PCA_popul_unit/posthoc_prediction_NSDencimg_PCA_pop_unit_paul_20250428-20250430_unit0_regnety_640.pkl,/n/holylabs/LABS/alvarez_lab/Everyone/Accentuate_VVS/Encoding_model_outputs/paul_20250428-20250430/paul_20250428-20250430_regnety_640_Ch00_Xtfmer_.s3.Bottleneckb8_pca750_RidgeCV_JITscript.pt,/n/holylabs/LABS/alvarez_lab/Everyone/Accentuate_VVS/Encoding_model_outputs/paul_20250428-20250430/paul_20250428-20250430_regnety_640_Ch00_readout_.s3.Bottleneckb8_pca750_RidgeCV.pth
regnety_640__.s4.Bottleneckb1__7688202083,paul_20250428-20250430,24,regnety_640,.s4.Bottleneckb1,400b113a3d01812f,7b6cbcd0c0a40cca,7be36c1d802686b3,969,750,774,/n/holylabs/LABS/alvarez_lab/Everyone/Accentuate_VVS/accentuation_configs/paul_20250428-20250430/paul_20250428-20250430_regnety_640_Ch24_accentuation_config.yaml,/n/holylabs/LABS/alvarez_lab/Lab/VVS_Accentuation/Encoding_models/paul_20250428-20250430/posthoc_model_predict_PCA_popul_unit/posthoc_prediction_NSDencimg_PCA_pop_unit_paul_20250428-20250430_unit24_regnety_640.pkl,/n/holylabs/LABS/alvarez_lab/Everyone/Accentuate_VVS/Encoding_model_outputs/paul_20250428-20250430/paul_20250428-20250430_regnety_640_Ch24_Xtfmer_.s4.Bottleneckb1_pca750_RidgeCV_JITscript.pt,/n/holylabs/LABS/alvarez_lab/Everyone/Accentuate_VVS/Encoding_model_outputs/paul_20250428-20250430/paul_20250428-20250430_regnety_640_Ch24_readout_.s4.Bottleneckb1_pca750_RidgeCV.pth
regnety_640__.s3.Bottleneckb9__b30282c9d3,paul_20250428-20250430,40,regnety_640,.s3.Bottleneckb9,a293ce71c5af5a8c,7b6cbcd0c0a40cca,7be36c1d802686b3,969,750,774,/n/holylabs/LABS/alvarez_lab/Everyone/Accentuate_VVS/accentuation_configs/paul_20250428-20250430/paul_20250428-20250430_regnety_640_Ch40_accentuation_config.yaml,/n/holylabs/LABS/alvarez_lab/Lab/VVS_Accentuation/Encoding_models/paul_20250428-20250430/posthoc_model_predict_PCA_popul_unit/posthoc_prediction_NSDencimg_PCA_pop_unit_paul_20250428-20250430_unit40_regnety_640.pkl,/n/holylabs/LABS/alvarez_lab/Everyone/Accentuate_VVS/Encoding_model_outputs/paul_20250428-20250430/paul_20250428-20250430_regnety_640_Ch40_Xtfmer_.s3.Bottleneckb9_pca750_RidgeCV_JITscript.pt,/n/holylabs/LABS/alvarez_lab/Everyone/Accentuate_VVS/Encoding_model_outputs/paul_20250428-20250430/paul_20250428-20250430_regnety_640_Ch40_readout_.s3.Bottleneckb9_pca750_RidgeCV.pth
regnety_640__.s4.Bottleneckb1__7688202083,paul_20250428-20250430,47,regnety_640,.s4.Bottleneckb1,400b113a3d01812f,7b6cbcd0c0a40cca,7be36c1d802686b3,969,750,774,/n/holylabs/LABS/alvarez_lab/Everyone/Accentuate_VVS/accentuation_configs/paul_20250428-20250430/paul_20250428-20250430_regnety_640_Ch47_accentuation_config.yaml,/n/holylabs/LABS/alvarez_lab/Lab/VVS_Accentuation/Encoding_models/paul_20250428-20250430/posthoc_model_predict_PCA_popul_unit/posthoc_prediction_NSDencimg_PCA_pop_unit_paul_20250428-20250430_unit47_regnety_640.pkl,/n/holylabs/LABS/alvarez_lab/Everyone/Accentuate_VVS/Encoding_model_outputs/paul_20250428-20250430/paul_20250428-20250430_regnety_640_Ch47_Xtfmer_.s4.Bottleneckb1_pca750_RidgeCV_JITscript.pt,/n/holylabs/LABS/alvarez_lab/Everyone/Accentuate_VVS/Encoding_model_outputs/paul_20250428-20250430/paul_20250428-20250430_regnety_640_Ch47_readout_.s4.Bottleneckb1_pca750_RidgeCV.pth
regnety_640__.s4.Bottleneckb1__7688202083,paul_20250428-20250430,8,regnety_640,.s4.Bottleneckb1,400b113a3d01812f,7b6cbcd0c0a40cca,7be36c1d802686b3,969,750,774,/n/holylabs/LABS/alvarez_lab/Everyone/Accentuate_VVS/accentuation_configs/paul_20250428-20250430/paul_20250428-20250430_regnety_640_Ch8_accentuation_config.yaml,/n/holylabs/LABS/alvarez_lab/Lab/VVS_Accentuation/Encoding_models/paul_20250428-20250430/posthoc_model_predict_PCA_popul_unit/posthoc_prediction_NSDencimg_PCA_pop_unit_paul_20250428-20250430_unit8_regnety_640.pkl,/n/holylabs/LABS/alvarez_lab/Everyone/Accentuate_VVS/Encoding_model_outputs/paul_20250428-20250430/paul_20250428-20250430_regnety_640_Ch08_Xtfmer_.s4.Bottleneckb1_pca750_RidgeCV_JITscript.pt,/n/holylabs/LABS/alvarez_lab/Everyone/Accentuate_VVS/Encoding_model_outputs/paul_20250428-20250430/paul_20250428-20250430_regnety_640_Ch08_readout_.s4.Bottleneckb1_pca750_RidgeCV.pth
resnet50__.layer3.Bottleneck4__fe851e4e44,paul_20250428-20250430,0,resnet50,.layer3.Bottleneck4,659bf53447cec4fe,7b6cbcd0c0a40cca,7be36c1d802686b3,969,750,774,/n/holylabs/LABS/alvarez_lab/Everyone/Accentuate_VVS/accentuation_configs/paul_20250428-20250430/paul_20250428-20250430_resnet50_Ch0_accentuation_config.yaml,/n/holylabs/LABS/alvarez_lab/Lab/VVS_Accentuation/Encoding_models/paul_20250428-20250430/posthoc_model_predict_PCA_popul_unit/posthoc_prediction_NSDencimg_PCA_pop_unit_paul_20250428-20250430_unit0_resnet50.pkl,/n/holylabs/LABS/alvarez_lab/Everyone/Accentuate_VVS/Encoding_model_outputs/paul_20250428-20250430/paul_20250428-20250430_resnet50_Ch00_Xtfmer_.layer3.Bottleneck4_pca750_RidgeCV_JITscript.pt,/n/holylabs/LABS/alvarez_lab/Everyone/Accentuate_VVS/Encoding_model_outputs/paul_20250428-20250430/paul_20250428-20250430_resnet50_Ch00_readout_.layer3.Bottleneck4_pca750_RidgeCV.pth
resnet50__.layer4.Bottleneck0__0e6bada263,paul_20250428-20250430,24,resnet50,.layer4.Bottleneck0,2b6eb6a0f690251b,7b6cbcd0c0a40cca,7be36c1d802686b3,969,750,774,/n/holylabs/LABS/alvarez_lab/Everyone/Accentuate_VVS/accentuation_configs/paul_20250428-20250430/paul_20250428-20250430_resnet50_Ch24_accentuation_config.yaml,/n/holylabs/LABS/alvarez_lab/Lab/VVS_Accentuation/Encoding_models/paul_20250428-20250430/posthoc_model_predict_PCA_popul_unit/posthoc_prediction_NSDencimg_PCA_pop_unit_paul_20250428-20250430_unit24_resnet50.pkl,/n/holylabs/LABS/alvarez_lab/Everyone/Accentuate_VVS/Encoding_model_outputs/paul_20250428-20250430/paul_20250428-20250430_resnet50_Ch24_Xtfmer_.layer4.Bottleneck0_pca750_RidgeCV_JITscript.pt,/n/holylabs/LABS/alvarez_lab/Everyone/Accentuate_VVS/Encoding_model_outputs/paul_20250428-20250430/paul_20250428-20250430_resnet50_Ch24_readout_.layer4.Bottleneck0_pca750_RidgeCV.pth
resnet50__.layer3.Bottleneck5__9270a61b14,paul_20250428-20250430,40,resnet50,.layer3.Bottleneck5,18dc5960d9f12326,7b6cbcd0c0a40cca,7be36c1d802686b3,969,750,774,/n/holylabs/LABS/alvarez_lab/Everyone/Accentuate_VVS/accentuation_configs/paul_20250428-20250430/paul_20250428-20250430_resnet50_Ch40_accentuation_config.yaml,/n/holylabs/LABS/alvarez_lab/Lab/VVS_Accentuation/Encoding_models/paul_20250428-20250430/posthoc_model_predict_PCA_popul_unit/posthoc_prediction_NSDencimg_PCA_pop_unit_paul_20250428-20250430_unit40_resnet50.pkl,/n/holylabs/LABS/alvarez_lab/Everyone/Accentuate_VVS/Encoding_model_outputs/paul_20250428-20250430/paul_20250428-20250430_resnet50_Ch40_Xtfmer_.layer3.Bottleneck5_pca750_RidgeCV_JITscript.pt,/n/holylabs/LABS/alvarez_lab/Everyone/Accentuate_VVS/Encoding_model_outputs/paul_20250428-20250430/paul_20250428-20250430_resnet50_Ch40_readout_.layer3.Bottleneck5_pca750_RidgeCV.pth
resnet50__.layer3.Bottleneck5__9270a61b14,paul_20250428-20250430,47,resnet50,.layer3.Bottleneck5,18dc5960d9f12326,7b6cbcd0c0a40cca,7be36c1d802686b3,969,750,774,/n/holylabs/LABS/alvarez_lab/Everyone/Accentuate_VVS/accentuation_configs/paul_20250428-20250430/paul_20250428-20250430_resnet50_Ch47_accentuation_config.yaml,/n/holylabs/LABS/alvarez_lab/Lab/VVS_Accentuation/Encoding_models/paul_20250428-20250430/posthoc_model_predict_PCA_popul_unit/posthoc_prediction_NSDencimg_PCA_pop_unit_paul_20250428-20250430_unit47_resnet50.pkl,/n/holylabs/LABS/alvarez_lab/Everyone/Accentuate_VVS/Encoding_model_outputs/paul_20250428-20250430/paul_20250428-20250430_resnet50_Ch47_Xtfmer_.layer3.Bottleneck5_pca750_RidgeCV_JITscript.pt,/n/holylabs/LABS/alvarez_lab/Everyone/Accentuate_VVS/Encoding_model_outputs/paul_20250428-20250430/paul_20250428-20250430_resnet50_Ch47_readout_.layer3.Bottleneck5_pca750_RidgeCV.pth
resnet50__.layer4.Bottleneck2__9e38c71090,paul_20250428-20250430,8,resnet50,.layer4.Bottleneck2,e0134a0799642476,7b6cbcd0c0a40cca,7be36c1d802686b3,969,750,774,/n/holylabs/LABS/alvarez_lab/Everyone/Accentuate_VVS/accentuation_configs/paul_20250428-20250430/paul_20250428-20250430_resnet50_Ch8_accentuation_config.yaml,/n/holylabs/LABS/alvarez_lab/Lab/VVS_Accentuation/Encoding_models/paul_20250428-20250430/posthoc_model_predict_PCA_popul_unit/posthoc_prediction_NSDencimg_PCA_pop_unit_paul_20250428-20250430_unit8_resnet50.pkl,/n/holylabs/LABS/alvarez_lab/Everyone/Accentuate_VVS/Encoding_model_outputs/paul_20250428-20250430/paul_20250428-20250430_resnet50_Ch08_Xtfmer_.layer4.Bottleneck2_pca750_RidgeCV_JITscript.pt,/n/holylabs/LABS/alvarez_lab/Everyone/Accentuate_VVS/Encoding_model_outputs/paul_20250428-20250430/paul_20250428-20250430_resnet50_Ch08_readout_.layer4.Bottleneck2_pca750_RidgeCV.pth
resnet50_clip__.layer3.Bottleneck4__7c1cde76ff,paul_20250428-20250430,0,resnet50_clip,.layer3.Bottleneck4,0fbaf4a489d3744d,7b6cbcd0c0a40cca,7be36c1d802686b3,969,750,774,/n/holylabs/LABS/alvarez_lab/Everyone/Accentuate_VVS/accentuation_configs/paul_20250428-20250430/paul_20250428-20250430_resnet50_clip_Ch0_accentuation_config.yaml,/n/holylabs/LABS/alvarez_lab/Lab/VVS_Accentuation/Encoding_models/paul_20250428-20250430/posthoc_model_predict_PCA_popul_unit/posthoc_prediction_NSDencimg_PCA_pop_unit_paul_20250428-20250430_unit0_resnet50_clip.pkl,/n/holylabs/LABS/alvarez_lab/Everyone/Accentuate_VVS/Encoding_model_outputs/paul_20250428-20250430/paul_20250428-20250430_resnet50_clip_Ch00_Xtfmer_.layer3.Bottleneck4_pca750_RidgeCV_JITscript.pt,/n/holylabs/LABS/alvarez_lab/Everyone/Accentuate_VVS/Encoding_model_outputs/paul_20250428-20250430/paul_20250428-20250430_resnet50_clip_Ch00_readout_.layer3.Bottleneck4_pca750_RidgeCV.pth
resnet50_clip__.layer4.Bottleneck2__0d41993ebb,paul_20250428-20250430,24,resnet50_clip,.layer4.Bottleneck2,329eb4e5c34a2dfc,7b6cbcd0c0a40cca,7be36c1d802686b3,969,750,774,/n/holylabs/LABS/alvarez_lab/Everyone/Accentuate_VVS/accentuation_configs/paul_20250428-20250430/paul_20250428-20250430_resnet50_clip_Ch24_accentuation_config.yaml,/n/holylabs/LABS/alvarez_lab/Lab/VVS_Accentuation/Encoding_models/paul_20250428-20250430/posthoc_model_predict_PCA_popul_unit/posthoc_prediction_NSDencimg_PCA_pop_unit_paul_20250428-20250430_unit24_resnet50_clip.pkl,/n/holylabs/LABS/alvarez_lab/Everyone/Accentuate_VVS/Encoding_model_outputs/paul_20250428-20250430/paul_20250428-20250430_resnet50_clip_Ch24_Xtfmer_.layer4.Bottleneck2_pca750_RidgeCV_JITscript.pt,/n/holylabs/LABS/alvarez_lab/Everyone/Accentuate_VVS/Encoding_model_outputs/paul_20250428-20250430/paul_20250428-20250430_resnet50_clip_Ch24_readout_.layer4.Bottleneck2_pca750_RidgeCV.pth
resnet50_clip__.layer4.Bottleneck0__972f01c801,paul_20250428-20250430,40,resnet50_clip,.layer4.Bottleneck0,38c357cb441a3a90,7b6cbcd0c0a40cca,7be36c1d802686b3,969,750,774,/n/holylabs/LABS/alvarez_lab/Everyone/Accentuate_VVS/accentuation_configs/paul_20250428-20250430/paul_20250428-20250430_resnet50_clip_Ch40_accentuation_config.yaml,/n/holylabs/LABS/alvarez_lab/Lab/VVS_Accentuation/Encoding_models/paul_20250428-20250430/posthoc_model_predict_PCA_popul_unit/posthoc_prediction_NSDencimg_PCA_pop_unit_paul_20250428-20250430_unit40_resnet50_clip.pkl,/n/holylabs/LABS/alvarez_lab/Everyone/Accentuate_VVS/Encoding_model_outputs/paul_20250428-20250430/paul_20250428-20250430_resnet50_clip_Ch40_Xtfmer_.layer4.Bottleneck0_pca750_RidgeCV_JITscript.pt,/n/holylabs/LABS/alvarez_lab/Everyone/Accentuate_VVS/Encoding_model_outputs/paul_20250428-20250430/paul_20250428-20250430_resnet50_clip_Ch40_readout_.layer4.Bottleneck0_pca750_RidgeCV.pth
resnet50_clip__.layer4.Bottleneck0__972f01c801,paul_20250428-20250430,47,resnet50_clip,.layer4.Bottleneck0,38c357cb441a3a90,7b6cbcd0c0a40cca,7be36c1d802686b3,969,750,774,/n/holylabs/LABS/alvarez_lab/Everyone/Accentuate_VVS/accentuation_configs/paul_20250428-20250430/paul_20250428-20250430_resnet50_clip_Ch47_accentuation_config.yaml,/n/holylabs/LABS/alvarez_lab/Lab/VVS_Accentuation/Encoding_models/paul_20250428-20250430/posthoc_model_predict_PCA_popul_unit/posthoc_prediction_NSDencimg_PCA_pop_unit_paul_20250428-20250430_unit47_resnet50_clip.pkl,/n/holylabs/LABS/alvarez_lab/Everyone/Accentuate_VVS/Encoding_model_outputs/paul_20250428-20250430/paul_20250428-20250430_resnet50_clip_Ch47_Xtfmer_.layer4.Bottleneck0_pca750_RidgeCV_JITscript.pt,/n/holylabs/LABS/alvarez_lab/Everyone/Accentuate_VVS/Encoding_model_outputs/paul_20250428-20250430/paul_20250428-20250430_resnet50_clip_Ch47_readout_.layer4.Bottleneck0_pca750_RidgeCV.pth
resnet50_clip__.layer4.Bottleneck1__9cfd21d4a8,paul_20250428-20250430,8,resnet50_clip,.layer4.Bottleneck1,3bbd0607de253d06,7b6cbcd0c0a40cca,7be36c1d802686b3,969,750,774,/n/holylabs/LABS/alvarez_lab/Everyone/Accentuate_VVS/accentuation_configs/paul_20250428-20250430/paul_20250428-20250430_resnet50_clip_Ch8_accentuation_config.yaml,/n/holylabs/LABS/alvarez_lab/Lab/VVS_Accentuation/Encoding_models/paul_20250428-20250430/posthoc_model_predict_PCA_popul_unit/posthoc_prediction_NSDencimg_PCA_pop_unit_paul_20250428-20250430_unit8_resnet50_clip.pkl,/n/holylabs/LABS/alvarez_lab/Everyone/Accentuate_VVS/Encoding_model_outputs/paul_20250428-20250430/paul_20250428-20250430_resnet50_clip_Ch08_Xtfmer_.layer4.Bottleneck1_pca750_RidgeCV_JITscript.pt,/n/holylabs/LABS/alvarez_lab/Everyone/Accentuate_VVS/Encoding_model_outputs/paul_20250428-20250430/paul_20250428-20250430_resnet50_clip_Ch08_readout_.layer4.Bottleneck1_pca750_RidgeCV.pth
resnet50_dino__.layer4.Bottleneck1__4435581331,paul_20250428-20250430,0,resnet50_dino,.layer4.Bottleneck1,5d9f31fa85a77529,7b6cbcd0c0a40cca,7be36c1d802686b3,969,750,774,/n/holylabs/LABS/alvarez_lab/Everyone/Accentuate_VVS/accentuation_configs/paul_20250428-20250430/paul_20250428-20250430_resnet50_dino_Ch0_accentuation_config.yaml,/n/holylabs/LABS/alvarez_lab/Lab/VVS_Accentuation/Encoding_models/paul_20250428-20250430/posthoc_model_predict_PCA_popul_unit/posthoc_prediction_NSDencimg_PCA_pop_unit_paul_20250428-20250430_unit0_resnet50_dino.pkl,/n/holylabs/LABS/alvarez_lab/Everyone/Accentuate_VVS/Encoding_model_outputs/paul_20250428-20250430/paul_20250428-20250430_resnet50_dino_Ch00_Xtfmer_.layer4.Bottleneck1_pca750_RidgeCV_JITscript.pt,/n/holylabs/LABS/alvarez_lab/Everyone/Accentuate_VVS/Encoding_model_outputs/paul_20250428-20250430/paul_20250428-20250430_resnet50_dino_Ch00_readout_.layer4.Bottleneck1_pca750_RidgeCV.pth
resnet50_dino__.layer4.Bottleneck2__545b0410c3,paul_20250428-20250430,24,resnet50_dino,.layer4.Bottleneck2,ff664529ad28318e,7b6cbcd0c0a40cca,7be36c1d802686b3,969,750,774,/n/holylabs/LABS/alvarez_lab/Everyone/Accentuate_VVS/accentuation_configs/paul_20250428-20250430/paul_20250428-20250430_resnet50_dino_Ch24_accentuation_config.yaml,/n/holylabs/LABS/alvarez_lab/Lab/VVS_Accentuation/Encoding_models/paul_20250428-20250430/posthoc_model_predict_PCA_popul_unit/posthoc_prediction_NSDencimg_PCA_pop_unit_paul_20250428-20250430_unit24_resnet50_dino.pkl,/n/holylabs/LABS/alvarez_lab/Everyone/Accentuate_VVS/Encoding_model_outputs/paul_20250428-20250430/paul_20250428-20250430_resnet50_dino_Ch24_Xtfmer_.layer4.Bottleneck2_pca750_RidgeCV_JITscript.pt,/n/holylabs/LABS/alvarez_lab/Everyone/Accentuate_VVS/Encoding_model_outputs/paul_20250428-20250430/paul_20250428-20250430_resnet50_dino_Ch24_readout_.layer4.Bottleneck2_pca750_RidgeCV.pth
resnet50_dino__.layer4.Bottleneck1__4435581331,paul_20250428-20250430,40,resnet50_dino,.layer4.Bottleneck1,5d9f31fa85a77529,7b6cbcd0c0a40cca,7be36c1d802686b3,969,750,774,/n/holylabs/LABS/alvarez_lab/Everyone/Accentuate_VVS/accentuation_configs/paul_20250428-20250430/paul_20250428-20250430_resnet50_dino_Ch40_accentuation_config.yaml,/n/holylabs/LABS/alvarez_lab/Lab/VVS_Accentuation/Encoding_models/paul_20250428-20250430/posthoc_model_predict_PCA_popul_unit/posthoc_prediction_NSDencimg_PCA_pop_unit_paul_20250428-20250430_unit40_resnet50_dino.pkl,/n/holylabs/LABS/alvarez_lab/Everyone/Accentuate_VVS/Encoding_model_outputs/paul_20250428-20250430/paul_20250428-20250430_resnet50_dino_Ch40_Xtfmer_.layer4.Bottleneck1_pca750_RidgeCV_JITscript.pt,/n/holylabs/LABS/alvarez_lab/Everyone/Accentuate_VVS/Encoding_model_outputs/paul_20250428-20250430/paul_20250428-20250430_resnet50_dino_Ch40_readout_.layer4.Bottleneck1_pca750_RidgeCV.pth
resnet50_dino__.layer4.Bottleneck1__4435581331,paul_20250428-20250430,47,resnet50_dino,.layer4.Bottleneck1,5d9f31fa85a77529,7b6cbcd0c0a40cca,7be36c1d802686b3,969,750,774,/n/holylabs/LABS/alvarez_lab/Everyone/Accentuate_VVS/accentuation_configs/paul_20250428-20250430/paul_20250428-20250430_resnet50_dino_Ch47_accentuation_config.yaml,/n/holylabs/LABS/alvarez_lab/Lab/VVS_Accentuation/Encoding_models/paul_20250428-20250430/posthoc_model_predict_PCA_popul_unit/posthoc_prediction_NSDencimg_PCA_pop_unit_paul_20250428-20250430_unit47_resnet50_dino.pkl,/n/holylabs/LABS/alvarez_lab/Everyone/Accentuate_VVS/Encoding_model_outputs/paul_20250428-20250430/paul_20250428-20250430_resnet50_dino_Ch47_Xtfmer_.layer4.Bottleneck1_pca750_RidgeCV_JITscript.pt,/n/holylabs/LABS/alvarez_lab/Everyone/Accentuate_VVS/Encoding_model_outputs/paul_20250428-20250430/paul_20250428-20250430_resnet50_dino_Ch47_readout_.layer4.Bottleneck1_pca750_RidgeCV.pth
resnet50_dino__.layer4.Bottleneck2__545b0410c3,paul_20250428-20250430,8,resnet50_dino,.layer4.Bottleneck2,ff664529ad28318e,7b6cbcd0c0a40cca,7be36c1d802686b3,969,750,774,/n/holylabs/LABS/alvarez_lab/Everyone/Accentuate_VVS/accentuation_configs/paul_20250428-20250430/paul_20250428-20250430_resnet50_dino_Ch8_accentuation_config.yaml,/n/holylabs/LABS/alvarez_lab/Lab/VVS_Accentuation/Encoding_models/paul_20250428-20250430/posthoc_model_predict_PCA_popul_unit/posthoc_prediction_NSDencimg_PCA_pop_unit_paul_20250428-20250430_unit8_resnet50_dino.pkl,/n/holylabs/LABS/alvarez_lab/Everyone/Accentuate_VVS/Encoding_model_outputs/paul_20250428-20250430/paul_20250428-20250430_resnet50_dino_Ch08_Xtfmer_.layer4.Bottleneck2_pca750_RidgeCV_JITscript.pt,/n/holylabs/LABS/alvarez_lab/Everyone/Accentuate_VVS/Encoding_model_outputs/paul_20250428-20250430/paul_20250428-20250430_resnet50_dino_Ch08_readout_.layer4.Bottleneck2_pca750_RidgeCV.pth
resnet50_robust__.layer4.Bottleneck0__1fa2410d40,paul_20250428-20250430,0,resnet50_robust,.layer4.Bottleneck0,8d16ff2a4146ce7f,7b6cbcd0c0a40cca,7be36c1d802686b3,969,750,774,/n/holylabs/LABS/alvarez_lab/Everyone/Accentuate_VVS/accentuation_configs/paul_20250428-20250430/paul_20250428-20250430_resnet50_robust_Ch0_accentuation_config.yaml,/n/holylabs/LABS/alvarez_lab/Lab/VVS_Accentuation/Encoding_models/paul_20250428-20250430/posthoc_model_predict_PCA_popul_unit/posthoc_prediction_NSDencimg_PCA_pop_unit_paul_20250428-20250430_unit0_resnet50_robust.pkl,/n/holylabs/LABS/alvarez_lab/Everyone/Accentuate_VVS/Encoding_model_outputs/paul_20250428-20250430/paul_20250428-20250430_resnet50_robust_Ch00_Xtfmer_.layer4.Bottleneck0_pca750_RidgeCV_JITscript.pt,/n/holylabs/LABS/alvarez_lab/Everyone/Accentuate_VVS/Encoding_model_outputs/paul_20250428-20250430/paul_20250428-20250430_resnet50_robust_Ch00_readout_.layer4.Bottleneck0_pca750_RidgeCV.pth
resnet50_robust__.layer4.Bottleneck2__800a8492b7,paul_20250428-20250430,24,resnet50_robust,.layer4.Bottleneck2,f60b4bc475cb0b7c,7b6cbcd0c0a40cca,7be36c1d802686b3,969,750,774,/n/holylabs/LABS/alvarez_lab/Everyone/Accentuate_VVS/accentuation_configs/paul_20250428-20250430/paul_20250428-20250430_resnet50_robust_Ch24_accentuation_config.yaml,/n/holylabs/LABS/alvarez_lab/Lab/VVS_Accentuation/Encoding_models/paul_20250428-20250430/posthoc_model_predict_PCA_popul_unit/posthoc_prediction_NSDencimg_PCA_pop_unit_paul_20250428-20250430_unit24_resnet50_robust.pkl,/n/holylabs/LABS/alvarez_lab/Everyone/Accentuate_VVS/Encoding_model_outputs/paul_20250428-20250430/paul_20250428-20250430_resnet50_robust_Ch24_Xtfmer_.layer4.Bottleneck2_pca750_RidgeCV_JITscript.pt,/n/holylabs/LABS/alvarez_lab/Everyone/Accentuate_VVS/Encoding_model_outputs/paul_20250428-20250430/paul_20250428-20250430_resnet50_robust_Ch24_readout_.layer4.Bottleneck2_pca750_RidgeCV.pth
resnet50_robust__.layer4.Bottleneck0__1fa2410d40,paul_20250428-20250430,40,resnet50_robust,.layer4.Bottleneck0,8d16ff2a4146ce7f,7b6cbcd0c0a40cca,7be36c1d802686b3,969,750,774,/n/holylabs/LABS/alvarez_lab/Everyone/Accentuate_VVS/accentuation_configs/paul_20250428-20250430/paul_20250428-20250430_resnet50_robust_Ch40_accentuation_config.yaml,/n/holylabs/LABS/alvarez_lab/Lab/VVS_Accentuation/Encoding_models/paul_20250428-20250430/posthoc_model_predict_PCA_popul_unit/posthoc_prediction_NSDencimg_PCA_pop_unit_paul_20250428-20250430_unit40_resnet50_robust.pkl,/n/holylabs/LABS/alvarez_lab/Everyone/Accentuate_VVS/Encoding_model_outputs/paul_20250428-20250430/paul_20250428-20250430_resnet50_robust_Ch40_Xtfmer_.layer4.Bottleneck0_pca750_RidgeCV_JITscript.pt,/n/holylabs/LABS/alvarez_lab/Everyone/Accentuate_VVS/Encoding_model_outputs/paul_20250428-20250430/paul_20250428-20250430_resnet50_robust_Ch40_readout_.layer4.Bottleneck0_pca750_RidgeCV.pth
resnet50_robust__.layer4.Bottleneck1__af37fa812c,paul_20250428-20250430,47,resnet50_robust,.layer4.Bottleneck1,20d6f84a7dde6bbc,7b6cbcd0c0a40cca,7be36c1d802686b3,969,750,774,/n/holylabs/LABS/alvarez_lab/Everyone/Accentuate_VVS/accentuation_configs/paul_20250428-20250430/paul_20250428-20250430_resnet50_robust_Ch47_accentuation_config.yaml,/n/holylabs/LABS/alvarez_lab/Lab/VVS_Accentuation/Encoding_models/paul_20250428-20250430/posthoc_model_predict_PCA_popul_unit/posthoc_prediction_NSDencimg_PCA_pop_unit_paul_20250428-20250430_unit47_resnet50_robust.pkl,/n/holylabs/LABS/alvarez_lab/Everyone/Accentuate_VVS/Encoding_model_outputs/paul_20250428-20250430/paul_20250428-20250430_resnet50_robust_Ch47_Xtfmer_.layer4.Bottleneck1_pca750_RidgeCV_JITscript.pt,/n/holylabs/LABS/alvarez_lab/Everyone/Accentuate_VVS/Encoding_model_outputs/paul_20250428-20250430/paul_20250428-20250430_resnet50_robust_Ch47_readout_.layer4.Bottleneck1_pca750_RidgeCV.pth
resnet50_robust__.layer4.Bottleneck2__800a8492b7,paul_20250428-20250430,8,resnet50_robust,.layer4.Bottleneck2,f60b4bc475cb0b7c,7b6cbcd0c0a40cca,7be36c1d802686b3,969,750,774,/n/holylabs/LABS/alvarez_lab/Everyone/Accentuate_VVS/accentuation_configs/paul_20250428-20250430/paul_20250428-20250430_resnet50_robust_Ch8_accentuation_config.yaml,/n/holylabs/LABS/alvarez_lab/Lab/VVS_Accentuation/Encoding_models/paul_20250428-20250430/posthoc_model_predict_PCA_popul_unit/posthoc_prediction_NSDencimg_PCA_pop_unit_paul_20250428-20250430_unit8_resnet50_robust.pkl,/n/holylabs/LABS/alvarez_lab/Everyone/Accentuate_VVS/Encoding_model_outputs/paul_20250428-20250430/paul_20250428-20250430_resnet50_robust_Ch08_Xtfmer_.layer4.Bottleneck2_pca750_RidgeCV_JITscript.pt,/n/holylabs/LABS/alvarez_lab/Everyone/Accentuate_VVS/Encoding_model_outputs/paul_20250428-20250430/paul_20250428-20250430_resnet50_robust_Ch08_readout_.layer4.Bottleneck2_pca750_RidgeCV.pth
siglip2_vitb16__.trunk.blocks.Block6__ad891f0e7d,paul_20250428-20250430,0,siglip2_vitb16,.trunk.blocks.Block6,a0494067a0c41a0d,7b6cbcd0c0a40cca,7be36c1d802686b3,969,750,774,/n/holylabs/LABS/alvarez_lab/Everyone/Accentuate_VVS/accentuation_configs/paul_20250428-20250430/paul_20250428-20250430_siglip2_vitb16_Ch0_accentuation_config.yaml,/n/holylabs/LABS/alvarez_lab/Lab/VVS_Accentuation/Encoding_models/paul_20250428-20250430/posthoc_model_predict_PCA_popul_unit/posthoc_prediction_NSDencimg_PCA_pop_unit_paul_20250428-20250430_unit0_siglip2_vitb16.pkl,/n/holylabs/LABS/alvarez_lab/Everyone/Accentuate_VVS/Encoding_model_outputs/paul_20250428-20250430/paul_20250428-20250430_siglip2_vitb16_Ch00_Xtfmer_.trunk.blocks.Block6_pca750_RidgeCV_JITscript.pt,/n/holylabs/LABS/alvarez_lab/Everyone/Accentuate_VVS/Encoding_model_outputs/paul_20250428-20250430/paul_20250428-20250430_siglip2_vitb16_Ch00_readout_.trunk.blocks.Block6_pca750_RidgeCV.pth
siglip2_vitb16__.trunk.blocks.Block9__6648294970,paul_20250428-20250430,24,siglip2_vitb16,.trunk.blocks.Block9,58a5b648b0725875,7b6cbcd0c0a40cca,7be36c1d802686b3,969,750,774,/n/holylabs/LABS/alvarez_lab/Everyone/Accentuate_VVS/accentuation_configs/paul_20250428-20250430/paul_20250428-20250430_siglip2_vitb16_Ch24_accentuation_config.yaml,/n/holylabs/LABS/alvarez_lab/Lab/VVS_Accentuation/Encoding_models/paul_20250428-20250430/posthoc_model_predict_PCA_popul_unit/posthoc_prediction_NSDencimg_PCA_pop_unit_paul_20250428-20250430_unit24_siglip2_vitb16.pkl,/n/holylabs/LABS/alvarez_lab/Everyone/Accentuate_VVS/Encoding_model_outputs/paul_20250428-20250430/paul_20250428-20250430_siglip2_vitb16_Ch24_Xtfmer_.trunk.blocks.Block9_pca750_RidgeCV_JITscript.pt,/n/holylabs/LABS/alvarez_lab/Everyone/Accentuate_VVS/Encoding_model_outputs/paul_20250428-20250430/paul_20250428-20250430_siglip2_vitb16_Ch24_readout_.trunk.blocks.Block9_pca750_RidgeCV.pth
siglip2_vitb16__.trunk.blocks.Block7__9574be1a2b,paul_20250428-20250430,40,siglip2_vitb16,.trunk.blocks.Block7,dec2d04bebbec3d9,7b6cbcd0c0a40cca,7be36c1d802686b3,969,750,774,/n/holylabs/LABS/alvarez_lab/Everyone/Accentuate_VVS/accentuation_configs/paul_20250428-20250430/paul_20250428-20250430_siglip2_vitb16_Ch40_accentuation_config.yaml,/n/holylabs/LABS/alvarez_lab/Lab/VVS_Accentuation/Encoding_models/paul_20250428-20250430/posthoc_model_predict_PCA_popul_unit/posthoc_prediction_NSDencimg_PCA_pop_unit_paul_20250428-20250430_unit40_siglip2_vitb16.pkl,/n/holylabs/LABS/alvarez_lab/Everyone/Accentuate_VVS/Encoding_model_outputs/paul_20250428-20250430/paul_20250428-20250430_siglip2_vitb16_Ch40_Xtfmer_.trunk.blocks.Block7_pca750_RidgeCV_JITscript.pt,/n/holylabs/LABS/alvarez_lab/Everyone/Accentuate_VVS/Encoding_model_outputs/paul_20250428-20250430/paul_20250428-20250430_siglip2_vitb16_Ch40_readout_.trunk.blocks.Block7_pca750_RidgeCV.pth
siglip2_vitb16__.trunk.blocks.Block10__85aa744400,paul_20250428-20250430,47,siglip2_vitb16,.trunk.blocks.Block10,abc956b94343711e,7b6cbcd0c0a40cca,7be36c1d802686b3,969,750,774,/n/holylabs/LABS/alvarez_lab/Everyone/Accentuate_VVS/accentuation_configs/paul_20250428-20250430/paul_20250428-20250430_siglip2_vitb16_Ch47_accentuation_config.yaml,/n/holylabs/LABS/alvarez_lab/Lab/VVS_Accentuation/Encoding_models/paul_20250428-20250430/posthoc_model_predict_PCA_popul_unit/posthoc_prediction_NSDencimg_PCA_pop_unit_paul_20250428-20250430_unit47_siglip2_vitb16.pkl,/n/holylabs/LABS/alvarez_lab/Everyone/Accentuate_VVS/Encoding_model_outputs/paul_20250428-20250430/paul_20250428-20250430_siglip2_vitb16_Ch47_Xtfmer_.trunk.blocks.Block10_pca750_RidgeCV_JITscript.pt,/n/holylabs/LABS/alvarez_lab/Everyone/Accentuate_VVS/Encoding_model_outputs/paul_20250428-20250430/paul_20250428-20250430_siglip2_vitb16_Ch47_readout_.trunk.blocks.Block10_pca750_RidgeCV.pth
siglip2_vitb16__.trunk.blocks.Block10__85aa744400,paul_20250428-20250430,8,siglip2_vitb16,.trunk.blocks.Block10,abc956b94343711e,7b6cbcd0c0a40cca,7be36c1d802686b3,969,750,774,/n/holylabs/LABS/alvarez_lab/Everyone/Accentuate_VVS/accentuation_configs/paul_20250428-20250430/paul_20250428-20250430_siglip2_vitb16_Ch8_accentuation_config.yaml,/n/holylabs/LABS/alvarez_lab/Lab/VVS_Accentuation/Encoding_models/paul_20250428-20250430/posthoc_model_predict_PCA_popul_unit/posthoc_prediction_NSDencimg_PCA_pop_unit_paul_20250428-20250430_unit8_siglip2_vitb16.pkl,/n/holylabs/LABS/alvarez_lab/Everyone/Accentuate_VVS/Encoding_model_outputs/paul_20250428-20250430/paul_20250428-20250430_siglip2_vitb16_Ch08_Xtfmer_.trunk.blocks.Block10_pca750_RidgeCV_JITscript.pt,/n/holylabs/LABS/alvarez_lab/Everyone/Accentuate_VVS/Encoding_model_outputs/paul_20250428-20250430/paul_20250428-20250430_siglip2_vitb16_Ch08_readout_.trunk.blocks.Block10_pca750_RidgeCV.pth
AlexNet_training_seed_01__.features.MaxPool2d12__2c79becce3,red_20250428-20250430,0,AlexNet_training_seed_01,.features.MaxPool2d12,8f843a1156591bed,7b6cbcd0c0a40cca,7be36c1d802686b3,969,750,774,/n/holylabs/LABS/alvarez_lab/Everyone/Accentuate_VVS/accentuation_configs/red_20250428-20250430/red_20250428-20250430_AlexNet_training_seed_01_Ch0_accentuation_config.yaml,/n/holylabs/LABS/alvarez_lab/Lab/VVS_Accentuation/Encoding_models/red_20250428-20250430/posthoc_model_predict_PCA_popul_unit/posthoc_prediction_NSDencimg_PCA_pop_unit_red_20250428-20250430_unit0_AlexNet_training_seed_01.pkl,/n/holylabs/LABS/alvarez_lab/Everyone/Accentuate_VVS/Encoding_model_outputs/red_20250428-20250430/red_20250428-20250430_AlexNet_training_seed_01_Ch00_Xtfmer_.features.MaxPool2d12_pca750_RidgeCV_JITscript.pt,/n/holylabs/LABS/alvarez_lab/Everyone/Accentuate_VVS/Encoding_model_outputs/red_20250428-20250430/red_20250428-20250430_AlexNet_training_seed_01_Ch00_readout_.features.MaxPool2d12_pca750_RidgeCV.pth
AlexNet_training_seed_01__.features.MaxPool2d12__2c79becce3,red_20250428-20250430,15,AlexNet_training_seed_01,.features.MaxPool2d12,8f843a1156591bed,7b6cbcd0c0a40cca,7be36c1d802686b3,969,750,774,/n/holylabs/LABS/alvarez_lab/Everyone/Accentuate_VVS/accentuation_configs/red_20250428-20250430/red_20250428-20250430_AlexNet_training_seed_01_Ch15_accentuation_config.yaml,/n/holylabs/LABS/alvarez_lab/Lab/VVS_Accentuation/Encoding_models/red_20250428-20250430/posthoc_model_predict_PCA_popul_unit/posthoc_prediction_NSDencimg_PCA_pop_unit_red_20250428-20250430_unit15_AlexNet_training_seed_01.pkl,/n/holylabs/LABS/alvarez_lab/Everyone/Accentuate_VVS/Encoding_model_outputs/red_20250428-20250430/red_20250428-20250430_AlexNet_training_seed_01_Ch15_Xtfmer_.features.MaxPool2d12_pca750_RidgeCV_JITscript.pt,/n/holylabs/LABS/alvarez_lab/Everyone/Accentuate_VVS/Encoding_model_outputs/red_20250428-20250430/red_20250428-20250430_AlexNet_training_seed_01_Ch15_readout_.features.MaxPool2d12_pca750_RidgeCV.pth
AlexNet_training_seed_01__.features.MaxPool2d12__2c79becce3,red_20250428-20250430,19,AlexNet_training_seed_01,.features.MaxPool2d12,8f843a1156591bed,7b6cbcd0c0a40cca,7be36c1d802686b3,969,750,774,/n/holylabs/LABS/alvarez_lab/Everyone/Accentuate_VVS/accentuation_configs/red_20250428-20250430/red_20250428-20250430_AlexNet_training_seed_01_Ch19_accentuation_config.yaml,/n/holylabs/LABS/alvarez_lab/Lab/VVS_Accentuation/Encoding_models/red_20250428-20250430/posthoc_model_predict_PCA_popul_unit/posthoc_prediction_NSDencimg_PCA_pop_unit_red_20250428-20250430_unit19_AlexNet_training_seed_01.pkl,/n/holylabs/LABS/alvarez_lab/Everyone/Accentuate_VVS/Encoding_model_outputs/red_20250428-20250430/red_20250428-20250430_AlexNet_training_seed_01_Ch19_Xtfmer_.features.MaxPool2d12_pca750_RidgeCV_JITscript.pt,/n/holylabs/LABS/alvarez_lab/Everyone/Accentuate_VVS/Encoding_model_outputs/red_20250428-20250430/red_20250428-20250430_AlexNet_training_seed_01_Ch19_readout_.features.MaxPool2d12_pca750_RidgeCV.pth
AlexNet_training_seed_01__.features.MaxPool2d5__58a88f90ea,red_20250428-20250430,2,AlexNet_training_seed_01,.features.MaxPool2d5,c56da27f74a5f1e0,7b6cbcd0c0a40cca,7be36c1d802686b3,969,750,774,/n/holylabs/LABS/alvarez_lab/Everyone/Accentuate_VVS/accentuation_configs/red_20250428-20250430/red_20250428-20250430_AlexNet_training_seed_01_Ch2_accentuation_config.yaml,/n/holylabs/LABS/alvarez_lab/Lab/VVS_Accentuation/Encoding_models/red_20250428-20250430/posthoc_model_predict_PCA_popul_unit/posthoc_prediction_NSDencimg_PCA_pop_unit_red_20250428-20250430_unit2_AlexNet_training_seed_01.pkl,/n/holylabs/LABS/alvarez_lab/Everyone/Accentuate_VVS/Encoding_model_outputs/red_20250428-20250430/red_20250428-20250430_AlexNet_training_seed_01_Ch02_Xtfmer_.features.MaxPool2d5_pca750_RidgeCV_JITscript.pt,/n/holylabs/LABS/alvarez_lab/Everyone/Accentuate_VVS/Encoding_model_outputs/red_20250428-20250430/red_20250428-20250430_AlexNet_training_seed_01_Ch02_readout_.features.MaxPool2d5_pca750_RidgeCV.pth
AlexNet_training_seed_01__.features.ReLU11__4ac23bb22a,red_20250428-20250430,9,AlexNet_training_seed_01,.features.ReLU11,fa2bc0ed331e1510,7b6cbcd0c0a40cca,7be36c1d802686b3,969,750,774,/n/holylabs/LABS/alvarez_lab/Everyone/Accentuate_VVS/accentuation_configs/red_20250428-20250430/red_20250428-20250430_AlexNet_training_seed_01_Ch9_accentuation_config.yaml,/n/holylabs/LABS/alvarez_lab/Lab/VVS_Accentuation/Encoding_models/red_20250428-20250430/posthoc_model_predict_PCA_popul_unit/posthoc_prediction_NSDencimg_PCA_pop_unit_red_20250428-20250430_unit9_AlexNet_training_seed_01.pkl,/n/holylabs/LABS/alvarez_lab/Everyone/Accentuate_VVS/Encoding_model_outputs/red_20250428-20250430/red_20250428-20250430_AlexNet_training_seed_01_Ch09_Xtfmer_.features.ReLU11_pca750_RidgeCV_JITscript.pt,/n/holylabs/LABS/alvarez_lab/Everyone/Accentuate_VVS/Encoding_model_outputs/red_20250428-20250430/red_20250428-20250430_AlexNet_training_seed_01_Ch09_readout_.features.ReLU11_pca750_RidgeCV.pth
clipag_vitb32__.transformer.resblocks.ResidualAttentionBlock8__a5217d79b5,red_20250428-20250430,0,clipag_vitb32,.transformer.resblocks.ResidualAttentionBlock8,6d3e636216696ab9,7b6cbcd0c0a40cca,7be36c1d802686b3,969,750,774,/n/holylabs/LABS/alvarez_lab/Everyone/Accentuate_VVS/accentuation_configs/red_20250428-20250430/red_20250428-20250430_clipag_vitb32_Ch0_accentuation_config.yaml,/n/holylabs/LABS/alvarez_lab/Lab/VVS_Accentuation/Encoding_models/red_20250428-20250430/posthoc_model_predict_PCA_popul_unit/posthoc_prediction_NSDencimg_PCA_pop_unit_red_20250428-20250430_unit0_clipag_vitb32.pkl,/n/holylabs/LABS/alvarez_lab/Everyone/Accentuate_VVS/Encoding_model_outputs/red_20250428-20250430/red_20250428-20250430_clipag_vitb32_Ch00_Xtfmer_.transformer.resblocks.ResidualAttentionBlock8_pca750_RidgeCV_JITscript.pt,/n/holylabs/LABS/alvarez_lab/Everyone/Accentuate_VVS/Encoding_model_outputs/red_20250428-20250430/red_20250428-20250430_clipag_vitb32_Ch00_readout_.transformer.resblocks.ResidualAttentionBlock8_pca750_RidgeCV.pth
clipag_vitb32__.transformer.resblocks.ResidualAttentionBlock6__19cafa0e72,red_20250428-20250430,15,clipag_vitb32,.transformer.resblocks.ResidualAttentionBlock6,61e6e2e2aade3b01,7b6cbcd0c0a40cca,7be36c1d802686b3,969,750,774,/n/holylabs/LABS/alvarez_lab/Everyone/Accentuate_VVS/accentuation_configs/red_20250428-20250430/red_20250428-20250430_clipag_vitb32_Ch15_accentuation_config.yaml,/n/holylabs/LABS/alvarez_lab/Lab/VVS_Accentuation/Encoding_models/red_20250428-20250430/posthoc_model_predict_PCA_popul_unit/posthoc_prediction_NSDencimg_PCA_pop_unit_red_20250428-20250430_unit15_clipag_vitb32.pkl,/n/holylabs/LABS/alvarez_lab/Everyone/Accentuate_VVS/Encoding_model_outputs/red_20250428-20250430/red_20250428-20250430_clipag_vitb32_Ch15_Xtfmer_.transformer.resblocks.ResidualAttentionBlock6_pca750_RidgeCV_JITscript.pt,/n/holylabs/LABS/alvarez_lab/Everyone/Accentuate_VVS/Encoding_model_outputs/red_20250428-20250430/red_20250428-20250430_clipag_vitb32_Ch15_readout_.transformer.resblocks.ResidualAttentionBlock6_pca750_RidgeCV.pth
clipag_vitb32__.transformer.resblocks.ResidualAttentionBlock9__1f6592ce9a,red_20250428-20250430,19,clipag_vitb32,.transformer.resblocks.ResidualAttentionBlock9,c5252e32eb552e0b,7b6cbcd0c0a40cca,7be36c1d802686b3,969,750,774,/n/holylabs/LABS/alvarez_lab/Everyone/Accentuate_VVS/accentuation_configs/red_20250428-20250430/red_20250428-20250430_clipag_vitb32_Ch19_accentuation_config.yaml,/n/holylabs/LABS/alvarez_lab/Lab/VVS_Accentuation/Encoding_models/red_20250428-20250430/posthoc_model_predict_PCA_popul_unit/posthoc_prediction_NSDencimg_PCA_pop_unit_red_20250428-20250430_unit19_clipag_vitb32.pkl,/n/holylabs/LABS/alvarez_lab/Everyone/Accentuate_VVS/Encoding_model_outputs/red_20250428-20250430/red_20250428-20250430_clipag_vitb32_Ch19_Xtfmer_.transformer.resblocks.ResidualAttentionBlock9_pca750_RidgeCV_JITscript.pt,/n/holylabs/LABS/alvarez_lab/Everyone/Accentuate_VVS/Encoding_model_outputs/red_20250428-20250430/red_20250428-20250430_clipag_vitb32_Ch19_readout_.transformer.resblocks.ResidualAttentionBlock9_pca750_RidgeCV.pth
clipag_vitb32__.transformer.resblocks.ResidualAttentionBlock8__a5217d79b5,red_20250428-20250430,2,clipag_vitb32,.transformer.resblocks.ResidualAttentionBlock8,6d3e636216696ab9,7b6cbcd0c0a40cca,7be36c1d802686b3,969,750,774,/n/holylabs/LABS/alvarez_lab/Everyone/Accentuate_VVS/accentuation_configs/red_20250428-20250430/red_20250428-20250430_clipag_vitb32_Ch2_accentuation_config.yaml,/n/holylabs/LABS/alvarez_lab/Lab/VVS_Accentuation/Encoding_models/red_20250428-20250430/posthoc_model_predict_PCA_popul_unit/posthoc_prediction_NSDencimg_PCA_pop_unit_red_20250428-20250430_unit2_clipag_vitb32.pkl,/n/holylabs/LABS/alvarez_lab/Everyone/Accentuate_VVS/Encoding_model_outputs/red_20250428-20250430/red_20250428-20250430_clipag_vitb32_Ch02_Xtfmer_.transformer.resblocks.ResidualAttentionBlock8_pca750_RidgeCV_JITscript.pt,/n/holylabs/LABS/alvarez_lab/Everyone/Accentuate_VVS/Encoding_model_outputs/red_20250428-20250430/red_20250428-20250430_clipag_vitb32_Ch02_readout_.transformer.resblocks.ResidualAttentionBlock8_pca750_RidgeCV.pth
clipag_vitb32__.transformer.resblocks.ResidualAttentionBlock8__a5217d79b5,red_20250428-20250430,9,clipag_vitb32,.transformer.resblocks.ResidualAttentionBlock8,6d3e636216696ab9,7b6cbcd0c0a40cca,7be36c1d802686b3,969,750,774,/n/holylabs/LABS/alvarez_lab/Everyone/Accentuate_VVS/accentuation_configs/red_20250428-20250430/red_20250428-20250430_clipag_vitb32_Ch9_accentuation_config.yaml,/n/holylabs/LABS/alvarez_lab/Lab/VVS_Accentuation/Encoding_models/red_20250428-20250430/posthoc_model_predict_PCA_popul_unit/posthoc_prediction_NSDencimg_PCA_pop_unit_red_20250428-20250430_unit9_clipag_vitb32.pkl,/n/holylabs/LABS/alvarez_lab/Everyone/Accentuate_VVS/Encoding_model_outputs/red_20250428-20250430/red_20250428-20250430_clipag_vitb32_Ch09_Xtfmer_.transformer.resblocks.ResidualAttentionBlock8_pca750_RidgeCV_JITscript.pt,/n/holylabs/LABS/alvarez_lab/Everyone/Accentuate_VVS/Encoding_model_outputs/red_20250428-20250430/red_20250428-20250430_clipag_vitb32_Ch09_readout_.transformer.resblocks.ResidualAttentionBlock8_pca750_RidgeCV.pth
dinov2_vitb14_reg__.blocks.NestedTensorBlock8__e3621f7acb,red_20250428-20250430,0,dinov2_vitb14_reg,.blocks.NestedTensorBlock8,6194b083e4f3065d,7b6cbcd0c0a40cca,7be36c1d802686b3,969,750,774,/n/holylabs/LABS/alvarez_lab/Everyone/Accentuate_VVS/accentuation_configs/red_20250428-20250430/red_20250428-20250430_dinov2_vitb14_reg_Ch0_accentuation_config.yaml,/n/holylabs/LABS/alvarez_lab/Lab/VVS_Accentuation/Encoding_models/red_20250428-20250430/posthoc_model_predict_PCA_popul_unit/posthoc_prediction_NSDencimg_PCA_pop_unit_red_20250428-20250430_unit0_dinov2_vitb14_reg.pkl,/n/holylabs/LABS/alvarez_lab/Everyone/Accentuate_VVS/Encoding_model_outputs/red_20250428-20250430/red_20250428-20250430_dinov2_vitb14_reg_Ch00_Xtfmer_.blocks.NestedTensorBlock8_pca750_RidgeCV_JITscript.pt,/n/holylabs/LABS/alvarez_lab/Everyone/Accentuate_VVS/Encoding_model_outputs/red_20250428-20250430/red_20250428-20250430_dinov2_vitb14_reg_Ch00_readout_.blocks.NestedTensorBlock8_pca750_RidgeCV.pth
dinov2_vitb14_reg__.blocks.NestedTensorBlock8__e3621f7acb,red_20250428-20250430,15,dinov2_vitb14_reg,.blocks.NestedTensorBlock8,6194b083e4f3065d,7b6cbcd0c0a40cca,7be36c1d802686b3,969,750,774,/n/holylabs/LABS/alvarez_lab/Everyone/Accentuate_VVS/accentuation_configs/red_20250428-20250430/red_20250428-20250430_dinov2_vitb14_reg_Ch15_accentuation_config.yaml,/n/holylabs/LABS/alvarez_lab/Lab/VVS_Accentuation/Encoding_models/red_20250428-20250430/posthoc_model_predict_PCA_popul_unit/posthoc_prediction_NSDencimg_PCA_pop_unit_red_20250428-20250430_unit15_dinov2_vitb14_reg.pkl,/n/holylabs/LABS/alvarez_lab/Everyone/Accentuate_VVS/Encoding_model_outputs/red_20250428-20250430/red_20250428-20250430_dinov2_vitb14_reg_Ch15_Xtfmer_.blocks.NestedTensorBlock8_pca750_RidgeCV_JITscript.pt,/n/holylabs/LABS/alvarez_lab/Everyone/Accentuate_VVS/Encoding_model_outputs/red_20250428-20250430/red_20250428-20250430_dinov2_vitb14_reg_Ch15_readout_.blocks.NestedTensorBlock8_pca750_RidgeCV.pth
dinov2_vitb14_reg__.blocks.NestedTensorBlock11__c5a93709b9,red_20250428-20250430,19,dinov2_vitb14_reg,.blocks.NestedTensorBlock11,e798b9c7c85968ae,7b6cbcd0c0a40cca,7be36c1d802686b3,969,750,774,/n/holylabs/LABS/alvarez_lab/Everyone/Accentuate_VVS/accentuation_configs/red_20250428-20250430/red_20250428-20250430_dinov2_vitb14_reg_Ch19_accentuation_config.yaml,/n/holylabs/LABS/alvarez_lab/Lab/VVS_Accentuation/Encoding_models/red_20250428-20250430/posthoc_model_predict_PCA_popul_unit/posthoc_prediction_NSDencimg_PCA_pop_unit_red_20250428-20250430_unit19_dinov2_vitb14_reg.pkl,/n/holylabs/LABS/alvarez_lab/Everyone/Accentuate_VVS/Encoding_model_outputs/red_20250428-20250430/red_20250428-20250430_dinov2_vitb14_reg_Ch19_Xtfmer_.blocks.NestedTensorBlock11_pca750_RidgeCV_JITscript.pt,/n/holylabs/LABS/alvarez_lab/Everyone/Accentuate_VVS/Encoding_model_outputs/red_20250428-20250430/red_20250428-20250430_dinov2_vitb14_reg_Ch19_readout_.blocks.NestedTensorBlock11_pca750_RidgeCV.pth
dinov2_vitb14_reg__.blocks.NestedTensorBlock10__af4119c32e,red_20250428-20250430,2,dinov2_vitb14_reg,.blocks.NestedTensorBlock10,3b52380f5ab52860,7b6cbcd0c0a40cca,7be36c1d802686b3,969,750,774,/n/holylabs/LABS/alvarez_lab/Everyone/Accentuate_VVS/accentuation_configs/red_20250428-20250430/red_20250428-20250430_dinov2_vitb14_reg_Ch2_accentuation_config.yaml,/n/holylabs/LABS/alvarez_lab/Lab/VVS_Accentuation/Encoding_models/red_20250428-20250430/posthoc_model_predict_PCA_popul_unit/posthoc_prediction_NSDencimg_PCA_pop_unit_red_20250428-20250430_unit2_dinov2_vitb14_reg.pkl,/n/holylabs/LABS/alvarez_lab/Everyone/Accentuate_VVS/Encoding_model_outputs/red_20250428-20250430/red_20250428-20250430_dinov2_vitb14_reg_Ch02_Xtfmer_.blocks.NestedTensorBlock10_pca750_RidgeCV_JITscript.pt,/n/holylabs/LABS/alvarez_lab/Everyone/Accentuate_VVS/Encoding_model_outputs/red_20250428-20250430/red_20250428-20250430_dinov2_vitb14_reg_Ch02_readout_.blocks.NestedTensorBlock10_pca750_RidgeCV.pth
dinov2_vitb14_reg__.blocks.NestedTensorBlock11__c5a93709b9,red_20250428-20250430,9,dinov2_vitb14_reg,.blocks.NestedTensorBlock11,e798b9c7c85968ae,7b6cbcd0c0a40cca,7be36c1d802686b3,969,750,774,/n/holylabs/LABS/alvarez_lab/Everyone/Accentuate_VVS/accentuation_configs/red_20250428-20250430/red_20250428-20250430_dinov2_vitb14_reg_Ch9_accentuation_config.yaml,/n/holylabs/LABS/alvarez_lab/Lab/VVS_Accentuation/Encoding_models/red_20250428-20250430/posthoc_model_predict_PCA_popul_unit/posthoc_prediction_NSDencimg_PCA_pop_unit_red_20250428-20250430_unit9_dinov2_vitb14_reg.pkl,/n/holylabs/LABS/alvarez_lab/Everyone/Accentuate_VVS/Encoding_model_outputs/red_20250428-20250430/red_20250428-20250430_dinov2_vitb14_reg_Ch09_Xtfmer_.blocks.NestedTensorBlock11_pca750_RidgeCV_JITscript.pt,/n/holylabs/LABS/alvarez_lab/Everyone/Accentuate_VVS/Encoding_model_outputs/red_20250428-20250430/red_20250428-20250430_dinov2_vitb14_reg_Ch09_readout_.blocks.NestedTensorBlock11_pca750_RidgeCV.pth
radio_v2.5-b__.model.blocks.Block10__2a39fcd583,red_20250428-20250430,0,radio_v2.5-b,.model.blocks.Block10,4a220aa3a55cb09c,7b6cbcd0c0a40cca,7be36c1d802686b3,969,750,774,/n/holylabs/LABS/alvarez_lab/Everyone/Accentuate_VVS/accentuation_configs/red_20250428-20250430/red_20250428-20250430_radio_v2.5-b_Ch0_accentuation_config.yaml,/n/holylabs/LABS/alvarez_lab/Lab/VVS_Accentuation/Encoding_models/red_20250428-20250430/posthoc_model_predict_PCA_popul_unit/posthoc_prediction_NSDencimg_PCA_pop_unit_red_20250428-20250430_unit0_radio_v2.5-b.pkl,/n/holylabs/LABS/alvarez_lab/Everyone/Accentuate_VVS/Encoding_model_outputs/red_20250428-20250430/red_20250428-20250430_radio_v2.5-b_Ch00_Xtfmer_.model.blocks.Block10_pca750_RidgeCV_JITscript.pt,/n/holylabs/LABS/alvarez_lab/Everyone/Accentuate_VVS/Encoding_model_outputs/red_20250428-20250430/red_20250428-20250430_radio_v2.5-b_Ch00_readout_.model.blocks.Block10_pca750_RidgeCV.pth
radio_v2.5-b__.model.blocks.Block10__2a39fcd583,red_20250428-20250430,15,radio_v2.5-b,.model.blocks.Block10,4a220aa3a55cb09c,7b6cbcd0c0a40cca,7be36c1d802686b3,969,750,774,/n/holylabs/LABS/alvarez_lab/Everyone/Accentuate_VVS/accentuation_configs/red_20250428-20250430/red_20250428-20250430_radio_v2.5-b_Ch15_accentuation_config.yaml,/n/holylabs/LABS/alvarez_lab/Lab/VVS_Accentuation/Encoding_models/red_20250428-20250430/posthoc_model_predict_PCA_popul_unit/posthoc_prediction_NSDencimg_PCA_pop_unit_red_20250428-20250430_unit15_radio_v2.5-b.pkl,/n/holylabs/LABS/alvarez_lab/Everyone/Accentuate_VVS/Encoding_model_outputs/red_20250428-20250430/red_20250428-20250430_radio_v2.5-b_Ch15_Xtfmer_.model.blocks.Block10_pca750_RidgeCV_JITscript.pt,/n/holylabs/LABS/alvarez_lab/Everyone/Accentuate_VVS/Encoding_model_outputs/red_20250428-20250430/red_20250428-20250430_radio_v2.5-b_Ch15_readout_.model.blocks.Block10_pca750_RidgeCV.pth
radio_v2.5-b__.model.blocks.Block10__2a39fcd583,red_20250428-20250430,19,radio_v2.5-b,.model.blocks.Block10,4a220aa3a55cb09c,7b6cbcd0c0a40cca,7be36c1d802686b3,969,750,774,/n/holylabs/LABS/alvarez_lab/Everyone/Accentuate_VVS/accentuation_configs/red_20250428-20250430/red_20250428-20250430_radio_v2.5-b_Ch19_accentuation_config.yaml,/n/holylabs/LABS/alvarez_lab/Lab/VVS_Accentuation/Encoding_models/red_20250428-20250430/posthoc_model_predict_PCA_popul_unit/posthoc_prediction_NSDencimg_PCA_pop_unit_red_20250428-20250430_unit19_radio_v2.5-b.pkl,/n/holylabs/LABS/alvarez_lab/Everyone/Accentuate_VVS/Encoding_model_outputs/red_20250428-20250430/red_20250428-20250430_radio_v2.5-b_Ch19_Xtfmer_.model.blocks.Block10_pca750_RidgeCV_JITscript.pt,/n/holylabs/LABS/alvarez_lab/Everyone/Accentuate_VVS/Encoding_model_outputs/red_20250428-20250430/red_20250428-20250430_radio_v2.5-b_Ch19_readout_.model.blocks.Block10_pca750_RidgeCV.pth
radio_v2.5-b__.model.blocks.Block11__5129994521,red_20250428-20250430,2,radio_v2.5-b,.model.blocks.Block11,f32f0f37bddb8666,7b6cbcd0c0a40cca,7be36c1d802686b3,969,750,774,/n/holylabs/LABS/alvarez_lab/Everyone/Accentuate_VVS/accentuation_configs/red_20250428-20250430/red_20250428-20250430_radio_v2.5-b_Ch2_accentuation_config.yaml,/n/holylabs/LABS/alvarez_lab/Lab/VVS_Accentuation/Encoding_models/red_20250428-20250430/posthoc_model_predict_PCA_popul_unit/posthoc_prediction_NSDencimg_PCA_pop_unit_red_20250428-20250430_unit2_radio_v2.5-b.pkl,/n/holylabs/LABS/alvarez_lab/Everyone/Accentuate_VVS/Encoding_model_outputs/red_20250428-20250430/red_20250428-20250430_radio_v2.5-b_Ch02_Xtfmer_.model.blocks.Block11_pca750_RidgeCV_JITscript.pt,/n/holylabs/LABS/alvarez_lab/Everyone/Accentuate_VVS/Encoding_model_outputs/red_20250428-20250430/red_20250428-20250430_radio_v2.5-b_Ch02_readout_.model.blocks.Block11_pca750_RidgeCV.pth
radio_v2.5-b__.model.blocks.Block10__2a39fcd583,red_20250428-20250430,9,radio_v2.5-b,.model.blocks.Block10,4a220aa3a55cb09c,7b6cbcd0c0a40cca,7be36c1d802686b3,969,750,774,/n/holylabs/LABS/alvarez_lab/Everyone/Accentuate_VVS/accentuation_configs/red_20250428-20250430/red_20250428-20250430_radio_v2.5-b_Ch9_accentuation_config.yaml,/n/holylabs/LABS/alvarez_lab/Lab/VVS_Accentuation/Encoding_models/red_20250428-20250430/posthoc_model_predict_PCA_popul_unit/posthoc_prediction_NSDencimg_PCA_pop_unit_red_20250428-20250430_unit9_radio_v2.5-b.pkl,/n/holylabs/LABS/alvarez_lab/Everyone/Accentuate_VVS/Encoding_model_outputs/red_20250428-20250430/red_20250428-20250430_radio_v2.5-b_Ch09_Xtfmer_.model.blocks.Block10_pca750_RidgeCV_JITscript.pt,/n/holylabs/LABS/alvarez_lab/Everyone/Accentuate_VVS/Encoding_model_outputs/red_20250428-20250430/red_20250428-20250430_radio_v2.5-b_Ch09_readout_.model.blocks.Block10_pca750_RidgeCV.pth
regnety_640__.s3.Bottleneckb9__b30282c9d3,red_20250428-20250430,0,regnety_640,.s3.Bottleneckb9,a293ce71c5af5a8c,7b6cbcd0c0a40cca,7be36c1d802686b3,969,750,774,/n/holylabs/LABS/alvarez_lab/Everyone/Accentuate_VVS/accentuation_configs/red_20250428-20250430/red_20250428-20250430_regnety_640_Ch0_accentuation_config.yaml,/n/holylabs/LABS/alvarez_lab/Lab/VVS_Accentuation/Encoding_models/red_20250428-20250430/posthoc_model_predict_PCA_popul_unit/posthoc_prediction_NSDencimg_PCA_pop_unit_red_20250428-20250430_unit0_regnety_640.pkl,/n/holylabs/LABS/alvarez_lab/Everyone/Accentuate_VVS/Encoding_model_outputs/red_20250428-20250430/red_20250428-20250430_regnety_640_Ch00_Xtfmer_.s3.Bottleneckb9_pca750_RidgeCV_JITscript.pt,/n/holylabs/LABS/alvarez_lab/Everyone/Accentuate_VVS/Encoding_model_outputs/red_20250428-20250430/red_20250428-20250430_regnety_640_Ch00_readout_.s3.Bottleneckb9_pca750_RidgeCV.pth
regnety_640__.s3.Bottleneckb9__b30282c9d3,red_20250428-20250430,15,regnety_640,.s3.Bottleneckb9,a293ce71c5af5a8c,7b6cbcd0c0a40cca,7be36c1d802686b3,969,750,774,/n/holylabs/LABS/alvarez_lab/Everyone/Accentuate_VVS/accentuation_configs/red_20250428-20250430/red_20250428-20250430_regnety_640_Ch15_accentuation_config.yaml,/n/holylabs/LABS/alvarez_lab/Lab/VVS_Accentuation/Encoding_models/red_20250428-20250430/posthoc_model_predict_PCA_popul_unit/posthoc_prediction_NSDencimg_PCA_pop_unit_red_20250428-20250430_unit15_regnety_640.pkl,/n/holylabs/LABS/alvarez_lab/Everyone/Accentuate_VVS/Encoding_model_outputs/red_20250428-20250430/red_20250428-20250430_regnety_640_Ch15_Xtfmer_.s3.Bottleneckb9_pca750_RidgeCV_JITscript.pt,/n/holylabs/LABS/alvarez_lab/Everyone/Accentuate_VVS/Encoding_model_outputs/red_20250428-20250430/red_20250428-20250430_regnety_640_Ch15_readout_.s3.Bottleneckb9_pca750_RidgeCV.pth
regnety_640__.s4.Bottleneckb1__7688202083,red_20250428-20250430,19,regnety_640,.s4.Bottleneckb1,400b113a3d01812f,7b6cbcd0c0a40cca,7be36c1d802686b3,969,750,774,/n/holylabs/LABS/alvarez_lab/Everyone/Accentuate_VVS/accentuation_configs/red_20250428-20250430/red_20250428-20250430_regnety_640_Ch19_accentuation_config.yaml,/n/holylabs/LABS/alvarez_lab/Lab/VVS_Accentuation/Encoding_models/red_20250428-20250430/posthoc_model_predict_PCA_popul_unit/posthoc_prediction_NSDencimg_PCA_pop_unit_red_20250428-20250430_unit19_regnety_640.pkl,/n/holylabs/LABS/alvarez_lab/Everyone/Accentuate_VVS/Encoding_model_outputs/red_20250428-20250430/red_20250428-20250430_regnety_640_Ch19_Xtfmer_.s4.Bottleneckb1_pca750_RidgeCV_JITscript.pt,/n/holylabs/LABS/alvarez_lab/Everyone/Accentuate_VVS/Encoding_model_outputs/red_20250428-20250430/red_20250428-20250430_regnety_640_Ch19_readout_.s4.Bottleneckb1_pca750_RidgeCV.pth
regnety_640__.s4.Bottleneckb1__7688202083,red_20250428-20250430,2,regnety_640,.s4.Bottleneckb1,400b113a3d01812f,7b6cbcd0c0a40cca,7be36c1d802686b3,969,750,774,/n/holylabs/LABS/alvarez_lab/Everyone/Accentuate_VVS/accentuation_configs/red_20250428-20250430/red_20250428-20250430_regnety_640_Ch2_accentuation_config.yaml,/n/holylabs/LABS/alvarez_lab/Lab/VVS_Accentuation/Encoding_models/red_20250428-20250430/posthoc_model_predict_PCA_popul_unit/posthoc_prediction_NSDencimg_PCA_pop_unit_red_20250428-20250430_unit2_regnety_640.pkl,/n/holylabs/LABS/alvarez_lab/Everyone/Accentuate_VVS/Encoding_model_outputs/red_20250428-20250430/red_20250428-20250430_regnety_640_Ch02_Xtfmer_.s4.Bottleneckb1_pca750_RidgeCV_JITscript.pt,/n/holylabs/LABS/alvarez_lab/Everyone/Accentuate_VVS/Encoding_model_outputs/red_20250428-20250430/red_20250428-20250430_regnety_640_Ch02_readout_.s4.Bottleneckb1_pca750_RidgeCV.pth
regnety_640__.s4.Bottleneckb1__7688202083,red_20250428-20250430,9,regnety_640,.s4.Bottleneckb1,400b113a3d01812f,7b6cbcd0c0a40cca,7be36c1d802686b3,969,750,774,/n/holylabs/LABS/alvarez_lab/Everyone/Accentuate_VVS/accentuation_configs/red_20250428-20250430/red_20250428-20250430_regnety_640_Ch9_accentuation_config.yaml,/n/holylabs/LABS/alvarez_lab/Lab/VVS_Accentuation/Encoding_models/red_20250428-20250430/posthoc_model_predict_PCA_popul_unit/posthoc_prediction_NSDencimg_PCA_pop_unit_red_20250428-20250430_unit9_regnety_640.pkl,/n/holylabs/LABS/alvarez_lab/Everyone/Accentuate_VVS/Encoding_model_outputs/red_20250428-20250430/red_20250428-20250430_regnety_640_Ch09_Xtfmer_.s4.Bottleneckb1_pca750_RidgeCV_JITscript.pt,/n/holylabs/LABS/alvarez_lab/Everyone/Accentuate_VVS/Encoding_model_outputs/red_20250428-20250430/red_20250428-20250430_regnety_640_Ch09_readout_.s4.Bottleneckb1_pca750_RidgeCV.pth
resnet50__.layer4.Bottleneck0__0e6bada263,red_20250428-20250430,0,resnet50,.layer4.Bottleneck0,2b6eb6a0f690251b,7b6cbcd0c0a40cca,7be36c1d802686b3,969,750,774,/n/holylabs/LABS/alvarez_lab/Everyone/Accentuate_VVS/accentuation_configs/red_20250428-20250430/red_20250428-20250430_resnet50_Ch0_accentuation_config.yaml,/n/holylabs/LABS/alvarez_lab/Lab/VVS_Accentuation/Encoding_models/red_20250428-20250430/posthoc_model_predict_PCA_popul_unit/posthoc_prediction_NSDencimg_PCA_pop_unit_red_20250428-20250430_unit0_resnet50.pkl,/n/holylabs/LABS/alvarez_lab/Everyone/Accentuate_VVS/Encoding_model_outputs/red_20250428-20250430/red_20250428-20250430_resnet50_Ch00_Xtfmer_.layer4.Bottleneck0_pca750_RidgeCV_JITscript.pt,/n/holylabs/LABS/alvarez_lab/Everyone/Accentuate_VVS/Encoding_model_outputs/red_20250428-20250430/red_20250428-20250430_resnet50_Ch00_readout_.layer4.Bottleneck0_pca750_RidgeCV.pth
resnet50__.layer3.Bottleneck5__9270a61b14,red_20250428-20250430,15,resnet50,.layer3.Bottleneck5,18dc5960d9f12326,7b6cbcd0c0a40cca,7be36c1d802686b3,969,750,774,/n/holylabs/LABS/alvarez_lab/Everyone/Accentuate_VVS/accentuation_configs/red_20250428-20250430/red_20250428-20250430_resnet50_Ch15_accentuation_config.yaml,/n/holylabs/LABS/alvarez_lab/Lab/VVS_Accentuation/Encoding_models/red_20250428-20250430/posthoc_model_predict_PCA_popul_unit/posthoc_prediction_NSDencimg_PCA_pop_unit_red_20250428-20250430_unit15_resnet50.pkl,/n/holylabs/LABS/alvarez_lab/Everyone/Accentuate_VVS/Encoding_model_outputs/red_20250428-20250430/red_20250428-20250430_resnet50_Ch15_Xtfmer_.layer3.Bottleneck5_pca750_RidgeCV_JITscript.pt,/n/holylabs/LABS/alvarez_lab/Everyone/Accentuate_VVS/Encoding_model_outputs/red_20250428-20250430/red_20250428-20250430_resnet50_Ch15_readout_.layer3.Bottleneck5_pca750_RidgeCV.pth
resnet50__.layer4.Bottleneck0__0e6bada263,red_20250428-20250430,19,resnet50,.layer4.Bottleneck0,2b6eb6a0f690251b,7b6cbcd0c0a40cca,7be36c1d802686b3,969,750,774,/n/holylabs/LABS/alvarez_lab/Everyone/Accentuate_VVS/accentuation_configs/red_20250428-20250430/red_20250428-20250430_resnet50_Ch19_accentuation_config.yaml,/n/holylabs/LABS/alvarez_lab/Lab/VVS_Accentuation/Encoding_models/red_20250428-20250430/posthoc_model_predict_PCA_popul_unit/posthoc_prediction_NSDencimg_PCA_pop_unit_red_20250428-20250430_unit19_resnet50.pkl,/n/holylabs/LABS/alvarez_lab/Everyone/Accentuate_VVS/Encoding_model_outputs/red_20250428-20250430/red_20250428-20250430_resnet50_Ch19_Xtfmer_.layer4.Bottleneck0_pca750_RidgeCV_JITscript.pt,/n/holylabs/LABS/alvarez_lab/Everyone/Accentuate_VVS/Encoding_model_outputs/red_20250428-20250430/red_20250428-20250430_resnet50_Ch19_readout_.layer4.Bottleneck0_pca750_RidgeCV.pth
resnet50__.layer4.Bottleneck1__d983f3b75e,red_20250428-20250430,2,resnet50,.layer4.Bottleneck1,13726531885e4b75,7b6cbcd0c0a40cca,7be36c1d802686b3,969,750,774,/n/holylabs/LABS/alvarez_lab/Everyone/Accentuate_VVS/accentuation_configs/red_20250428-20250430/red_20250428-20250430_resnet50_Ch2_accentuation_config.yaml,/n/holylabs/LABS/alvarez_lab/Lab/VVS_Accentuation/Encoding_models/red_20250428-20250430/posthoc_model_predict_PCA_popul_unit/posthoc_prediction_NSDencimg_PCA_pop_unit_red_20250428-20250430_unit2_resnet50.pkl,/n/holylabs/LABS/alvarez_lab/Everyone/Accentuate_VVS/Encoding_model_outputs/red_20250428-20250430/red_20250428-20250430_resnet50_Ch02_Xtfmer_.layer4.Bottleneck1_pca750_RidgeCV_JITscript.pt,/n/holylabs/LABS/alvarez_lab/Everyone/Accentuate_VVS/Encoding_model_outputs/red_20250428-20250430/red_20250428-20250430_resnet50_Ch02_readout_.layer4.Bottleneck1_pca750_RidgeCV.pth
resnet50__.layer4.Bottleneck0__0e6bada263,red_20250428-20250430,9,resnet50,.layer4.Bottleneck0,2b6eb6a0f690251b,7b6cbcd0c0a40cca,7be36c1d802686b3,969,750,774,/n/holylabs/LABS/alvarez_lab/Everyone/Accentuate_VVS/accentuation_configs/red_20250428-20250430/red_20250428-20250430_resnet50_Ch9_accentuation_config.yaml,/n/holylabs/LABS/alvarez_lab/Lab/VVS_Accentuation/Encoding_models/red_20250428-20250430/posthoc_model_predict_PCA_popul_unit/posthoc_prediction_NSDencimg_PCA_pop_unit_red_20250428-20250430_unit9_resnet50.pkl,/n/holylabs/LABS/alvarez_lab/Everyone/Accentuate_VVS/Encoding_model_outputs/red_20250428-20250430/red_20250428-20250430_resnet50_Ch09_Xtfmer_.layer4.Bottleneck0_pca750_RidgeCV_JITscript.pt,/n/holylabs/LABS/alvarez_lab/Everyone/Accentuate_VVS/Encoding_model_outputs/red_20250428-20250430/red_20250428-20250430_resnet50_Ch09_readout_.layer4.Bottleneck0_pca750_RidgeCV.pth
resnet50_clip__.layer4.Bottleneck0__972f01c801,red_20250428-20250430,0,resnet50_clip,.layer4.Bottleneck0,38c357cb441a3a90,7b6cbcd0c0a40cca,7be36c1d802686b3,969,750,774,/n/holylabs/LABS/alvarez_lab/Everyone/Accentuate_VVS/accentuation_configs/red_20250428-20250430/red_20250428-20250430_resnet50_clip_Ch0_accentuation_config.yaml,/n/holylabs/LABS/alvarez_lab/Lab/VVS_Accentuation/Encoding_models/red_20250428-20250430/posthoc_model_predict_PCA_popul_unit/posthoc_prediction_NSDencimg_PCA_pop_unit_red_20250428-20250430_unit0_resnet50_clip.pkl,/n/holylabs/LABS/alvarez_lab/Everyone/Accentuate_VVS/Encoding_model_outputs/red_20250428-20250430/red_20250428-20250430_resnet50_clip_Ch00_Xtfmer_.layer4.Bottleneck0_pca750_RidgeCV_JITscript.pt,/n/holylabs/LABS/alvarez_lab/Everyone/Accentuate_VVS/Encoding_model_outputs/red_20250428-20250430/red_20250428-20250430_resnet50_clip_Ch00_readout_.layer4.Bottleneck0_pca750_RidgeCV.pth
resnet50_clip__.layer3.Bottleneck5__cd4b551763,red_20250428-20250430,15,resnet50_clip,.layer3.Bottleneck5,69fa331dd6fbf708,7b6cbcd0c0a40cca,7be36c1d802686b3,969,750,774,/n/holylabs/LABS/alvarez_lab/Everyone/Accentuate_VVS/accentuation_configs/red_20250428-20250430/red_20250428-20250430_resnet50_clip_Ch15_accentuation_config.yaml,/n/holylabs/LABS/alvarez_lab/Lab/VVS_Accentuation/Encoding_models/red_20250428-20250430/posthoc_model_predict_PCA_popul_unit/posthoc_prediction_NSDencimg_PCA_pop_unit_red_20250428-20250430_unit15_resnet50_clip.pkl,/n/holylabs/LABS/alvarez_lab/Everyone/Accentuate_VVS/Encoding_model_outputs/red_20250428-20250430/red_20250428-20250430_resnet50_clip_Ch15_Xtfmer_.layer3.Bottleneck5_pca750_RidgeCV_JITscript.pt,/n/holylabs/LABS/alvarez_lab/Everyone/Accentuate_VVS/Encoding_model_outputs/red_20250428-20250430/red_20250428-20250430_resnet50_clip_Ch15_readout_.layer3.Bottleneck5_pca750_RidgeCV.pth
resnet50_clip__.layer4.Bottleneck1__9cfd21d4a8,red_20250428-20250430,19,resnet50_clip,.layer4.Bottleneck1,3bbd0607de253d06,7b6cbcd0c0a40cca,7be36c1d802686b3,969,750,774,/n/holylabs/LABS/alvarez_lab/Everyone/Accentuate_VVS/accentuation_configs/red_20250428-20250430/red_20250428-20250430_resnet50_clip_Ch19_accentuation_config.yaml,/n/holylabs/LABS/alvarez_lab/Lab/VVS_Accentuation/Encoding_models/red_20250428-20250430/posthoc_model_predict_PCA_popul_unit/posthoc_prediction_NSDencimg_PCA_pop_unit_red_20250428-20250430_unit19_resnet50_clip.pkl,/n/holylabs/LABS/alvarez_lab/Everyone/Accentuate_VVS/Encoding_model_outputs/red_20250428-20250430/red_20250428-20250430_resnet50_clip_Ch19_Xtfmer_.layer4.Bottleneck1_pca750_RidgeCV_JITscript.pt,/n/holylabs/LABS/alvarez_lab/Everyone/Accentuate_VVS/Encoding_model_outputs/red_20250428-20250430/red_20250428-20250430_resnet50_clip_Ch19_readout_.layer4.Bottleneck1_pca750_RidgeCV.pth
resnet50_clip__.layer4.Bottleneck0__972f01c801,red_20250428-20250430,2,resnet50_clip,.layer4.Bottleneck0,38c357cb441a3a90,7b6cbcd0c0a40cca,7be36c1d802686b3,969,750,774,/n/holylabs/LABS/alvarez_lab/Everyone/Accentuate_VVS/accentuation_configs/red_20250428-20250430/red_20250428-20250430_resnet50_clip_Ch2_accentuation_config.yaml,/n/holylabs/LABS/alvarez_lab/Lab/VVS_Accentuation/Encoding_models/red_20250428-20250430/posthoc_model_predict_PCA_popul_unit/posthoc_prediction_NSDencimg_PCA_pop_unit_red_20250428-20250430_unit2_resnet50_clip.pkl,/n/holylabs/LABS/alvarez_lab/Everyone/Accentuate_VVS/Encoding_model_outputs/red_20250428-20250430/red_20250428-20250430_resnet50_clip_Ch02_Xtfmer_.layer4.Bottleneck0_pca750_RidgeCV_JITscript.pt,/n/holylabs/LABS/alvarez_lab/Everyone/Accentuate_VVS/Encoding_model_outputs/red_20250428-20250430/red_20250428-20250430_resnet50_clip_Ch02_readout_.layer4.Bottleneck0_pca750_RidgeCV.pth
resnet50_clip__.layer4.Bottleneck1__9cfd21d4a8,red_20250428-20250430,9,resnet50_clip,.layer4.Bottleneck1,3bbd0607de253d06,7b6cbcd0c0a40cca,7be36c1d802686b3,969,750,774,/n/holylabs/LABS/alvarez_lab/Everyone/Accentuate_VVS/accentuation_configs/red_20250428-20250430/red_20250428-20250430_resnet50_clip_Ch9_accentuation_config.yaml,/n/holylabs/LABS/alvarez_lab/Lab/VVS_Accentuation/Encoding_models/red_20250428-20250430/posthoc_model_predict_PCA_popul_unit/posthoc_prediction_NSDencimg_PCA_pop_unit_red_20250428-20250430_unit9_resnet50_clip.pkl,/n/holylabs/LABS/alvarez_lab/Everyone/Accentuate_VVS/Encoding_model_outputs/red_20250428-20250430/red_20250428-20250430_resnet50_clip_Ch09_Xtfmer_.layer4.Bottleneck1_pca750_RidgeCV_JITscript.pt,/n/holylabs/LABS/alvarez_lab/Everyone/Accentuate_VVS/Encoding_model_outputs/red_20250428-20250430/red_20250428-20250430_resnet50_clip_Ch09_readout_.layer4.Bottleneck1_pca750_RidgeCV.pth
resnet50_dino__.layer4.Bottleneck0__6379bde673,red_20250428-20250430,0,resnet50_dino,.layer4.Bottleneck0,821305d785e80d1b,7b6cbcd0c0a40cca,7be36c1d802686b3,969,750,774,/n/holylabs/LABS/alvarez_lab/Everyone/Accentuate_VVS/accentuation_configs/red_20250428-20250430/red_20250428-20250430_resnet50_dino_Ch0_accentuation_config.yaml,/n/holylabs/LABS/alvarez_lab/Lab/VVS_Accentuation/Encoding_models/red_20250428-20250430/posthoc_model_predict_PCA_popul_unit/posthoc_prediction_NSDencimg_PCA_pop_unit_red_20250428-20250430_unit0_resnet50_dino.pkl,/n/holylabs/LABS/alvarez_lab/Everyone/Accentuate_VVS/Encoding_model_outputs/red_20250428-20250430/red_20250428-20250430_resnet50_dino_Ch00_Xtfmer_.layer4.Bottleneck0_pca750_RidgeCV_JITscript.pt,/n/holylabs/LABS/alvarez_lab/Everyone/Accentuate_VVS/Encoding_model_outputs/red_20250428-20250430/red_20250428-20250430_resnet50_dino_Ch00_readout_.layer4.Bottleneck0_pca750_RidgeCV.pth
resnet50_dino__.layer4.Bottleneck2__545b0410c3,red_20250428-20250430,15,resnet50_dino,.layer4.Bottleneck2,ff664529ad28318e,7b6cbcd0c0a40cca,7be36c1d802686b3,969,750,774,/n/holylabs/LABS/alvarez_lab/Everyone/Accentuate_VVS/accentuation_configs/red_20250428-20250430/red_20250428-20250430_resnet50_dino_Ch15_accentuation_config.yaml,/n/holylabs/LABS/alvarez_lab/Lab/VVS_Accentuation/Encoding_models/red_20250428-20250430/posthoc_model_predict_PCA_popul_unit/posthoc_prediction_NSDencimg_PCA_pop_unit_red_20250428-20250430_unit15_resnet50_dino.pkl,/n/holylabs/LABS/alvarez_lab/Everyone/Accentuate_VVS/Encoding_model_outputs/red_20250428-20250430/red_20250428-20250430_resnet50_dino_Ch15_Xtfmer_.layer4.Bottleneck2_pca750_RidgeCV_JITscript.pt,/n/holylabs/LABS/alvarez_lab/Everyone/Accentuate_VVS/Encoding_model_outputs/red_20250428-20250430/red_20250428-20250430_resnet50_dino_Ch15_readout_.layer4.Bottleneck2_pca750_RidgeCV.pth
resnet50_dino__.layer4.Bottleneck1__4435581331,red_20250428-20250430,19,resnet50_dino,.layer4.Bottleneck1,5d9f31fa85a77529,7b6cbcd0c0a40cca,7be36c1d802686b3,969,750,774,/n/holylabs/LABS/alvarez_lab/Everyone/Accentuate_VVS/accentuation_configs/red_20250428-20250430/red_20250428-20250430_resnet50_dino_Ch19_accentuation_config.yaml,/n/holylabs/LABS/alvarez_lab/Lab/VVS_Accentuation/Encoding_models/red_20250428-20250430/posthoc_model_predict_PCA_popul_unit/posthoc_prediction_NSDencimg_PCA_pop_unit_red_20250428-20250430_unit19_resnet50_dino.pkl,/n/holylabs/LABS/alvarez_lab/Everyone/Accentuate_VVS/Encoding_model_outputs/red_20250428-20250430/red_20250428-20250430_resnet50_dino_Ch19_Xtfmer_.layer4.Bottleneck1_pca750_RidgeCV_JITscript.pt,/n/holylabs/LABS/alvarez_lab/Everyone/Accentuate_VVS/Encoding_model_outputs/red_20250428-20250430/red_20250428-20250430_resnet50_dino_Ch19_readout_.layer4.Bottleneck1_pca750_RidgeCV.pth
resnet50_dino__.layer4.Bottleneck1__4435581331,red_20250428-20250430,2,resnet50_dino,.layer4.Bottleneck1,5d9f31fa85a77529,7b6cbcd0c0a40cca,7be36c1d802686b3,969,750,774,/n/holylabs/LABS/alvarez_lab/Everyone/Accentuate_VVS/accentuation_configs/red_20250428-20250430/red_20250428-20250430_resnet50_dino_Ch2_accentuation_config.yaml,/n/holylabs/LABS/alvarez_lab/Lab/VVS_Accentuation/Encoding_models/red_20250428-20250430/posthoc_model_predict_PCA_popul_unit/posthoc_prediction_NSDencimg_PCA_pop_unit_red_20250428-20250430_unit2_resnet50_dino.pkl,/n/holylabs/LABS/alvarez_lab/Everyone/Accentuate_VVS/Encoding_model_outputs/red_20250428-20250430/red_20250428-20250430_resnet50_dino_Ch02_Xtfmer_.layer4.Bottleneck1_pca750_RidgeCV_JITscript.pt,/n/holylabs/LABS/alvarez_lab/Everyone/Accentuate_VVS/Encoding_model_outputs/red_20250428-20250430/red_20250428-20250430_resnet50_dino_Ch02_readout_.layer4.Bottleneck1_pca750_RidgeCV.pth
resnet50_dino__.layer4.Bottleneck2__545b0410c3,red_20250428-20250430,9,resnet50_dino,.layer4.Bottleneck2,ff664529ad28318e,7b6cbcd0c0a40cca,7be36c1d802686b3,969,750,774,/n/holylabs/LABS/alvarez_lab/Everyone/Accentuate_VVS/accentuation_configs/red_20250428-20250430/red_20250428-20250430_resnet50_dino_Ch9_accentuation_config.yaml,/n/holylabs/LABS/alvarez_lab/Lab/VVS_Accentuation/Encoding_models/red_20250428-20250430/posthoc_model_predict_PCA_popul_unit/posthoc_prediction_NSDencimg_PCA_pop_unit_red_20250428-20250430_unit9_resnet50_dino.pkl,/n/holylabs/LABS/alvarez_lab/Everyone/Accentuate_VVS/Encoding_model_outputs/red_20250428-20250430/red_20250428-20250430_resnet50_dino_Ch09_Xtfmer_.layer4.Bottleneck2_pca750_RidgeCV_JITscript.pt,/n/holylabs/LABS/alvarez_lab/Everyone/Accentuate_VVS/Encoding_model_outputs/red_20250428-20250430/red_20250428-20250430_resnet50_dino_Ch09_readout_.layer4.Bottleneck2_pca750_RidgeCV.pth
resnet50_robust__.layer4.Bottleneck1__af37fa812c,red_20250428-20250430,0,resnet50_robust,.layer4.Bottleneck1,20d6f84a7dde6bbc,7b6cbcd0c0a40cca,7be36c1d802686b3,969,750,774,/n/holylabs/LABS/alvarez_lab/Everyone/Accentuate_VVS/accentuation_configs/red_20250428-20250430/red_20250428-20250430_resnet50_robust_Ch0_accentuation_config.yaml,/n/holylabs/LABS/alvarez_lab/Lab/VVS_Accentuation/Encoding_models/red_20250428-20250430/posthoc_model_predict_PCA_popul_unit/posthoc_prediction_NSDencimg_PCA_pop_unit_red_20250428-20250430_unit0_resnet50_robust.pkl,/n/holylabs/LABS/alvarez_lab/Everyone/Accentuate_VVS/Encoding_model_outputs/red_20250428-20250430/red_20250428-20250430_resnet50_robust_Ch00_Xtfmer_.layer4.Bottleneck1_pca750_RidgeCV_JITscript.pt,/n/holylabs/LABS/alvarez_lab/Everyone/Accentuate_VVS/Encoding_model_outputs/red_20250428-20250430/red_20250428-20250430_resnet50_robust_Ch00_readout_.layer4.Bottleneck1_pca750_RidgeCV.pth
resnet50_robust__.layer4.Bottleneck1__af37fa812c,red_20250428-20250430,15,resnet50_robust,.layer4.Bottleneck1,20d6f84a7dde6bbc,7b6cbcd0c0a40cca,7be36c1d802686b3,969,750,774,/n/holylabs/LABS/alvarez_lab/Everyone/Accentuate_VVS/accentuation_configs/red_20250428-20250430/red_20250428-20250430_resnet50_robust_Ch15_accentuation_config.yaml,/n/holylabs/LABS/alvarez_lab/Lab/VVS_Accentuation/Encoding_models/red_20250428-20250430/posthoc_model_predict_PCA_popul_unit/posthoc_prediction_NSDencimg_PCA_pop_unit_red_20250428-20250430_unit15_resnet50_robust.pkl,/n/holylabs/LABS/alvarez_lab/Everyone/Accentuate_VVS/Encoding_model_outputs/red_20250428-20250430/red_20250428-20250430_resnet50_robust_Ch15_Xtfmer_.layer4.Bottleneck1_pca750_RidgeCV_JITscript.pt,/n/holylabs/LABS/alvarez_lab/Everyone/Accentuate_VVS/Encoding_model_outputs/red_20250428-20250430/red_20250428-20250430_resnet50_robust_Ch15_readout_.layer4.Bottleneck1_pca750_RidgeCV.pth
resnet50_robust__.layer4.Bottleneck2__800a8492b7,red_20250428-20250430,19,resnet50_robust,.layer4.Bottleneck2,f60b4bc475cb0b7c,7b6cbcd0c0a40cca,7be36c1d802686b3,969,750,774,/n/holylabs/LABS/alvarez_lab/Everyone/Accentuate_VVS/accentuation_configs/red_20250428-20250430/red_20250428-20250430_resnet50_robust_Ch19_accentuation_config.yaml,/n/holylabs/LABS/alvarez_lab/Lab/VVS_Accentuation/Encoding_models/red_20250428-20250430/posthoc_model_predict_PCA_popul_unit/posthoc_prediction_NSDencimg_PCA_pop_unit_red_20250428-20250430_unit19_resnet50_robust.pkl,/n/holylabs/LABS/alvarez_lab/Everyone/Accentuate_VVS/Encoding_model_outputs/red_20250428-20250430/red_20250428-20250430_resnet50_robust_Ch19_Xtfmer_.layer4.Bottleneck2_pca750_RidgeCV_JITscript.pt,/n/holylabs/LABS/alvarez_lab/Everyone/Accentuate_VVS/Encoding_model_outputs/red_20250428-20250430/red_20250428-20250430_resnet50_robust_Ch19_readout_.layer4.Bottleneck2_pca750_RidgeCV.pth
resnet50_robust__.layer4.Bottleneck1__af37fa812c,red_20250428-20250430,2,resnet50_robust,.layer4.Bottleneck1,20d6f84a7dde6bbc,7b6cbcd0c0a40cca,7be36c1d802686b3,969,750,774,/n/holylabs/LABS/alvarez_lab/Everyone/Accentuate_VVS/accentuation_configs/red_20250428-20250430/red_20250428-20250430_resnet50_robust_Ch2_accentuation_config.yaml,/n/holylabs/LABS/alvarez_lab/Lab/VVS_Accentuation/Encoding_models/red_20250428-20250430/posthoc_model_predict_PCA_popul_unit/posthoc_prediction_NSDencimg_PCA_pop_unit_red_20250428-20250430_unit2_resnet50_robust.pkl,/n/holylabs/LABS/alvarez_lab/Everyone/Accentuate_VVS/Encoding_model_outputs/red_20250428-20250430/red_20250428-20250430_resnet50_robust_Ch02_Xtfmer_.layer4.Bottleneck1_pca750_RidgeCV_JITscript.pt,/n/holylabs/LABS/alvarez_lab/Everyone/Accentuate_VVS/Encoding_model_outputs/red_20250428-20250430/red_20250428-20250430_resnet50_robust_Ch02_readout_.layer4.Bottleneck1_pca750_RidgeCV.pth
resnet50_robust__.layer4.Bottleneck2__800a8492b7,red_20250428-20250430,9,resnet50_robust,.layer4.Bottleneck2,f60b4bc475cb0b7c,7b6cbcd0c0a40cca,7be36c1d802686b3,969,750,774,/n/holylabs/LABS/alvarez_lab/Everyone/Accentuate_VVS/accentuation_configs/red_20250428-20250430/red_20250428-20250430_resnet50_robust_Ch9_accentuation_config.yaml,/n/holylabs/LABS/alvarez_lab/Lab/VVS_Accentuation/Encoding_models/red_20250428-20250430/posthoc_model_predict_PCA_popul_unit/posthoc_prediction_NSDencimg_PCA_pop_unit_red_20250428-20250430_unit9_resnet50_robust.pkl,/n/holylabs/LABS/alvarez_lab/Everyone/Accentuate_VVS/Encoding_model_outputs/red_20250428-20250430/red_20250428-20250430_resnet50_robust_Ch09_Xtfmer_.layer4.Bottleneck2_pca750_RidgeCV_JITscript.pt,/n/holylabs/LABS/alvarez_lab/Everyone/Accentuate_VVS/Encoding_model_outputs/red_20250428-20250430/red_20250428-20250430_resnet50_robust_Ch09_readout_.layer4.Bottleneck2_pca750_RidgeCV.pth
siglip2_vitb16__.trunk.blocks.Block11__efd32088a3,red_20250428-20250430,0,siglip2_vitb16,.trunk.blocks.Block11,3c14f8cf8fc7a734,7b6cbcd0c0a40cca,7be36c1d802686b3,969,750,774,/n/holylabs/LABS/alvarez_lab/Everyone/Accentuate_VVS/accentuation_configs/red_20250428-20250430/red_20250428-20250430_siglip2_vitb16_Ch0_accentuation_config.yaml,/n/holylabs/LABS/alvarez_lab/Lab/VVS_Accentuation/Encoding_models/red_20250428-20250430/posthoc_model_predict_PCA_popul_unit/posthoc_prediction_NSDencimg_PCA_pop_unit_red_20250428-20250430_unit0_siglip2_vitb16.pkl,/n/holylabs/LABS/alvarez_lab/Everyone/Accentuate_VVS/Encoding_model_outputs/red_20250428-20250430/red_20250428-20250430_siglip2_vitb16_Ch00_Xtfmer_.trunk.blocks.Block11_pca750_RidgeCV_JITscript.pt,/n/holylabs/LABS/alvarez_lab/Everyone/Accentuate_VVS/Encoding_model_outputs/red_20250428-20250430/red_20250428-20250430_siglip2_vitb16_Ch00_readout_.trunk.blocks.Block11_pca750_RidgeCV.pth
siglip2_vitb16__.trunk.blocks.Block8__3e0fcbc0e7,red_20250428-20250430,15,siglip2_vitb16,.trunk.blocks.Block8,d9e081cd668572a3,7b6cbcd0c0a40cca,7be36c1d802686b3,969,750,774,/n/holylabs/LABS/alvarez_lab/Everyone/Accentuate_VVS/accentuation_configs/red_20250428-20250430/red_20250428-20250430_siglip2_vitb16_Ch15_accentuation_config.yaml,/n/holylabs/LABS/alvarez_lab/Lab/VVS_Accentuation/Encoding_models/red_20250428-20250430/posthoc_model_predict_PCA_popul_unit/posthoc_prediction_NSDencimg_PCA_pop_unit_red_20250428-20250430_unit15_siglip2_vitb16.pkl,/n/holylabs/LABS/alvarez_lab/Everyone/Accentuate_VVS/Encoding_model_outputs/red_20250428-20250430/red_20250428-20250430_siglip2_vitb16_Ch15_Xtfmer_.trunk.blocks.Block8_pca750_RidgeCV_JITscript.pt,/n/holylabs/LABS/alvarez_lab/Everyone/Accentuate_VVS/Encoding_model_outputs/red_20250428-20250430/red_20250428-20250430_siglip2_vitb16_Ch15_readout_.trunk.blocks.Block8_pca750_RidgeCV.pth
siglip2_vitb16__.trunk.blocks.Block9__6648294970,red_20250428-20250430,19,siglip2_vitb16,.trunk.blocks.Block9,58a5b648b0725875,7b6cbcd0c0a40cca,7be36c1d802686b3,969,750,774,/n/holylabs/LABS/alvarez_lab/Everyone/Accentuate_VVS/accentuation_configs/red_20250428-20250430/red_20250428-20250430_siglip2_vitb16_Ch19_accentuation_config.yaml,/n/holylabs/LABS/alvarez_lab/Lab/VVS_Accentuation/Encoding_models/red_20250428-20250430/posthoc_model_predict_PCA_popul_unit/posthoc_prediction_NSDencimg_PCA_pop_unit_red_20250428-20250430_unit19_siglip2_vitb16.pkl,/n/holylabs/LABS/alvarez_lab/Everyone/Accentuate_VVS/Encoding_model_outputs/red_20250428-20250430/red_20250428-20250430_siglip2_vitb16_Ch19_Xtfmer_.trunk.blocks.Block9_pca750_RidgeCV_JITscript.pt,/n/holylabs/LABS/alvarez_lab/Everyone/Accentuate_VVS/Encoding_model_outputs/red_20250428-20250430/red_20250428-20250430_siglip2_vitb16_Ch19_readout_.trunk.blocks.Block9_pca750_RidgeCV.pth
siglip2_vitb16__.trunk.blocks.Block7__9574be1a2b,red_20250428-20250430,2,siglip2_vitb16,.trunk.blocks.Block7,dec2d04bebbec3d9,7b6cbcd0c0a40cca,7be36c1d802686b3,969,750,774,/n/holylabs/LABS/alvarez_lab/Everyone/Accentuate_VVS/accentuation_configs/red_20250428-20250430/red_20250428-20250430_siglip2_vitb16_Ch2_accentuation_config.yaml,/n/holylabs/LABS/alvarez_lab/Lab/VVS_Accentuation/Encoding_models/red_20250428-20250430/posthoc_model_predict_PCA_popul_unit/posthoc_prediction_NSDencimg_PCA_pop_unit_red_20250428-20250430_unit2_siglip2_vitb16.pkl,/n/holylabs/LABS/alvarez_lab/Everyone/Accentuate_VVS/Encoding_model_outputs/red_20250428-20250430/red_20250428-20250430_siglip2_vitb16_Ch02_Xtfmer_.trunk.blocks.Block7_pca750_RidgeCV_JITscript.pt,/n/holylabs/LABS/alvarez_lab/Everyone/Accentuate_VVS/Encoding_model_outputs/red_20250428-20250430/red_20250428-20250430_siglip2_vitb16_Ch02_readout_.trunk.blocks.Block7_pca750_RidgeCV.pth
siglip2_vitb16__.trunk.blocks.Block9__6648294970,red_20250428-20250430,9,siglip2_vitb16,.trunk.blocks.Block9,58a5b648b0725875,7b6cbcd0c0a40cca,7be36c1d802686b3,969,750,774,/n/holylabs/LABS/alvarez_lab/Everyone/Accentuate_VVS/accentuation_configs/red_20250428-20250430/red_20250428-20250430_siglip2_vitb16_Ch9_accentuation_config.yaml,/n/holylabs/LABS/alvarez_lab/Lab/VVS_Accentuation/Encoding_models/red_20250428-20250430/posthoc_model_predict_PCA_popul_unit/posthoc_prediction_NSDencimg_PCA_pop_unit_red_20250428-20250430_unit9_siglip2_vitb16.pkl,/n/holylabs/LABS/alvarez_lab/Everyone/Accentuate_VVS/Encoding_model_outputs/red_20250428-20250430/red_20250428-20250430_siglip2_vitb16_Ch09_Xtfmer_.trunk.blocks.Block9_pca750_RidgeCV_JITscript.pt,/n/holylabs/LABS/alvarez_lab/Everyone/Accentuate_VVS/Encoding_model_outputs/red_20250428-20250430/red_20250428-20250430_siglip2_vitb16_Ch09_readout_.trunk.blocks.Block9_pca750_RidgeCV.pth
AlexNet_training_seed_01__.classifier.ReLU4__cae3b3f8a4,three0_250426-250501,120,AlexNet_training_seed_01,.classifier.ReLU4,9ebe0631978a6f33,7b6cbcd0c0a40cca,7be36c1d802686b3,969,750,774,/n/holylabs/LABS/alvarez_lab/Everyone/Accentuate_VVS/accentuation_configs/three0_250426-250501/three0_250426-250501_AlexNet_training_seed_01_Ch120_accentuation_config.yaml,/n/holylabs/LABS/alvarez_lab/Lab/VVS_Accentuation/Encoding_models/three0_250426-250501/posthoc_model_predict_PCA_popul_unit/posthoc_prediction_NSDencimg_PCA_pop_unit_three0_250426-250501_unit120_AlexNet_training_seed_01.pkl,/n/holylabs/LABS/alvarez_lab/Everyone/Accentuate_VVS/Encoding_model_outputs/three0_250426-250501/three0_250426-250501_AlexNet_training_seed_01_Ch120_Xtfmer_.classifier.ReLU4_pca750_RidgeCV_JITscript.pt,/n/holylabs/LABS/alvarez_lab/Everyone/Accentuate_VVS/Encoding_model_outputs/three0_250426-250501/three0_250426-250501_AlexNet_training_seed_01_Ch120_readout_.classifier.ReLU4_pca750_RidgeCV.pth
AlexNet_training_seed_01__.classifier.ReLU4__cae3b3f8a4,three0_250426-250501,168,AlexNet_training_seed_01,.classifier.ReLU4,9ebe0631978a6f33,7b6cbcd0c0a40cca,7be36c1d802686b3,969,750,774,/n/holylabs/LABS/alvarez_lab/Everyone/Accentuate_VVS/accentuation_configs/three0_250426-250501/three0_250426-250501_AlexNet_training_seed_01_Ch168_accentuation_config.yaml,/n/holylabs/LABS/alvarez_lab/Lab/VVS_Accentuation/Encoding_models/three0_250426-250501/posthoc_model_predict_PCA_popul_unit/posthoc_prediction_NSDencimg_PCA_pop_unit_three0_250426-250501_unit168_AlexNet_training_seed_01.pkl,/n/holylabs/LABS/alvarez_lab/Everyone/Accentuate_VVS/Encoding_model_outputs/three0_250426-250501/three0_250426-250501_AlexNet_training_seed_01_Ch168_Xtfmer_.classifier.ReLU4_pca750_RidgeCV_JITscript.pt,/n/holylabs/LABS/alvarez_lab/Everyone/Accentuate_VVS/Encoding_model_outputs/three0_250426-250501/three0_250426-250501_AlexNet_training_seed_01_Ch168_readout_.classifier.ReLU4_pca750_RidgeCV.pth
AlexNet_training_seed_01__.features.MaxPool2d5__58a88f90ea,three0_250426-250501,204,AlexNet_training_seed_01,.features.MaxPool2d5,c56da27f74a5f1e0,7b6cbcd0c0a40cca,7be36c1d802686b3,969,750,774,/n/holylabs/LABS/alvarez_lab/Everyone/Accentuate_VVS/accentuation_configs/three0_250426-250501/three0_250426-250501_AlexNet_training_seed_01_Ch204_accentuation_config.yaml,/n/holylabs/LABS/alvarez_lab/Lab/VVS_Accentuation/Encoding_models/three0_250426-250501/posthoc_model_predict_PCA_popul_unit/posthoc_prediction_NSDencimg_PCA_pop_unit_three0_250426-250501_unit204_AlexNet_training_seed_01.pkl,/n/holylabs/LABS/alvarez_lab/Everyone/Accentuate_VVS/Encoding_model_outputs/three0_250426-250501/three0_250426-250501_AlexNet_training_seed_01_Ch204_Xtfmer_.features.MaxPool2d5_pca750_RidgeCV_JITscript.pt,/n/holylabs/LABS/alvarez_lab/Everyone/Accentuate_VVS/Encoding_model_outputs/three0_250426-250501/three0_250426-250501_AlexNet_training_seed_01_Ch204_readout_.features.MaxPool2d5_pca750_RidgeCV.pth
AlexNet_training_seed_01__.classifier.ReLU4__cae3b3f8a4,three0_250426-250501,56,AlexNet_training_seed_01,.classifier.ReLU4,9ebe0631978a6f33,7b6cbcd0c0a40cca,7be36c1d802686b3,969,750,774,/n/holylabs/LABS/alvarez_lab/Everyone/Accentuate_VVS/accentuation_configs/three0_250426-250501/three0_250426-250501_AlexNet_training_seed_01_Ch56_accentuation_config.yaml,/n/holylabs/LABS/alvarez_lab/Lab/VVS_Accentuation/Encoding_models/three0_250426-250501/posthoc_model_predict_PCA_popul_unit/posthoc_prediction_NSDencimg_PCA_pop_unit_three0_250426-250501_unit56_AlexNet_training_seed_01.pkl,/n/holylabs/LABS/alvarez_lab/Everyone/Accentuate_VVS/Encoding_model_outputs/three0_250426-250501/three0_250426-250501_AlexNet_training_seed_01_Ch56_Xtfmer_.classifier.ReLU4_pca750_RidgeCV_JITscript.pt,/n/holylabs/LABS/alvarez_lab/Everyone/Accentuate_VVS/Encoding_model_outputs/three0_250426-250501/three0_250426-250501_AlexNet_training_seed_01_Ch56_readout_.classifier.ReLU4_pca750_RidgeCV.pth
AlexNet_training_seed_01__.classifier.ReLU4__cae3b3f8a4,three0_250426-250501,74,AlexNet_training_seed_01,.classifier.ReLU4,9ebe0631978a6f33,7b6cbcd0c0a40cca,7be36c1d802686b3,969,750,774,/n/holylabs/LABS/alvarez_lab/Everyone/Accentuate_VVS/accentuation_configs/three0_250426-250501/three0_250426-250501_AlexNet_training_seed_01_Ch74_accentuation_config.yaml,/n/holylabs/LABS/alvarez_lab/Lab/VVS_Accentuation/Encoding_models/three0_250426-250501/posthoc_model_predict_PCA_popul_unit/posthoc_prediction_NSDencimg_PCA_pop_unit_three0_250426-250501_unit74_AlexNet_training_seed_01.pkl,/n/holylabs/LABS/alvarez_lab/Everyone/Accentuate_VVS/Encoding_model_outputs/three0_250426-250501/three0_250426-250501_AlexNet_training_seed_01_Ch74_Xtfmer_.classifier.ReLU4_pca750_RidgeCV_JITscript.pt,/n/holylabs/LABS/alvarez_lab/Everyone/Accentuate_VVS/Encoding_model_outputs/three0_250426-250501/three0_250426-250501_AlexNet_training_seed_01_Ch74_readout_.classifier.ReLU4_pca750_RidgeCV.pth
clipag_vitb32__.transformer.resblocks.ResidualAttentionBlock8__a5217d79b5,three0_250426-250501,120,clipag_vitb32,.transformer.resblocks.ResidualAttentionBlock8,6d3e636216696ab9,7b6cbcd0c0a40cca,7be36c1d802686b3,969,750,774,/n/holylabs/LABS/alvarez_lab/Everyone/Accentuate_VVS/accentuation_configs/three0_250426-250501/three0_250426-250501_clipag_vitb32_Ch120_accentuation_config.yaml,/n/holylabs/LABS/alvarez_lab/Lab/VVS_Accentuation/Encoding_models/three0_250426-250501/posthoc_model_predict_PCA_popul_unit/posthoc_prediction_NSDencimg_PCA_pop_unit_three0_250426-250501_unit120_clipag_vitb32.pkl,/n/holylabs/LABS/alvarez_lab/Everyone/Accentuate_VVS/Encoding_model_outputs/three0_250426-250501/three0_250426-250501_clipag_vitb32_Ch120_Xtfmer_.transformer.resblocks.ResidualAttentionBlock8_pca750_RidgeCV_JITscript.pt,/n/holylabs/LABS/alvarez_lab/Everyone/Accentuate_VVS/Encoding_model_outputs/three0_250426-250501/three0_250426-250501_clipag_vitb32_Ch120_readout_.transformer.resblocks.ResidualAttentionBlock8_pca750_RidgeCV.pth
clipag_vitb32__.transformer.resblocks.ResidualAttentionBlock5__04d09ff54c,three0_250426-250501,168,clipag_vitb32,.transformer.resblocks.ResidualAttentionBlock5,353bc06eb7de1e1a,7b6cbcd0c0a40cca,7be36c1d802686b3,969,750,774,/n/holylabs/LABS/alvarez_lab/Everyone/Accentuate_VVS/accentuation_configs/three0_250426-250501/three0_250426-250501_clipag_vitb32_Ch168_accentuation_config.yaml,/n/holylabs/LABS/alvarez_lab/Lab/VVS_Accentuation/Encoding_models/three0_250426-250501/posthoc_model_predict_PCA_popul_unit/posthoc_prediction_NSDencimg_PCA_pop_unit_three0_250426-250501_unit168_clipag_vitb32.pkl,/n/holylabs/LABS/alvarez_lab/Everyone/Accentuate_VVS/Encoding_model_outputs/three0_250426-250501/three0_250426-250501_clipag_vitb32_Ch168_Xtfmer_.transformer.resblocks.ResidualAttentionBlock5_pca750_RidgeCV_JITscript.pt,/n/holylabs/LABS/alvarez_lab/Everyone/Accentuate_VVS/Encoding_model_outputs/three0_250426-250501/three0_250426-250501_clipag_vitb32_Ch168_readout_.transformer.resblocks.ResidualAttentionBlock5_pca750_RidgeCV.pth
clipag_vitb32__.transformer.resblocks.ResidualAttentionBlock6__19cafa0e72,three0_250426-250501,204,clipag_vitb32,.transformer.resblocks.ResidualAttentionBlock6,61e6e2e2aade3b01,7b6cbcd0c0a40cca,7be36c1d802686b3,969,750,774,/n/holylabs/LABS/alvarez_lab/Everyone/Accentuate_VVS/accentuation_configs/three0_250426-250501/three0_250426-250501_clipag_vitb32_Ch204_accentuation_config.yaml,/n/holylabs/LABS/alvarez_lab/Lab/VVS_Accentuation/Encoding_models/three0_250426-250501/posthoc_model_predict_PCA_popul_unit/posthoc_prediction_NSDencimg_PCA_pop_unit_three0_250426-250501_unit204_clipag_vitb32.pkl,/n/holylabs/LABS/alvarez_lab/Everyone/Accentuate_VVS/Encoding_model_outputs/three0_250426-250501/three0_250426-250501_clipag_vitb32_Ch204_Xtfmer_.transformer.resblocks.ResidualAttentionBlock6_pca750_RidgeCV_JITscript.pt,/n/holylabs/LABS/alvarez_lab/Everyone/Accentuate_VVS/Encoding_model_outputs/three0_250426-250501/three0_250426-250501_clipag_vitb32_Ch204_readout_.transformer.resblocks.ResidualAttentionBlock6_pca750_RidgeCV.pth
clipag_vitb32__.transformer.resblocks.ResidualAttentionBlock4__27100964f3,three0_250426-250501,56,clipag_vitb32,.transformer.resblocks.ResidualAttentionBlock4,3a483a5b5ab6fa1a,7b6cbcd0c0a40cca,7be36c1d802686b3,969,750,774,/n/holylabs/LABS/alvarez_lab/Everyone/Accentuate_VVS/accentuation_configs/three0_250426-250501/three0_250426-250501_clipag_vitb32_Ch56_accentuation_config.yaml,/n/holylabs/LABS/alvarez_lab/Lab/VVS_Accentuation/Encoding_models/three0_250426-250501/posthoc_model_predict_PCA_popul_unit/posthoc_prediction_NSDencimg_PCA_pop_unit_three0_250426-250501_unit56_clipag_vitb32.pkl,/n/holylabs/LABS/alvarez_lab/Everyone/Accentuate_VVS/Encoding_model_outputs/three0_250426-250501/three0_250426-250501_clipag_vitb32_Ch56_Xtfmer_.transformer.resblocks.ResidualAttentionBlock4_pca750_RidgeCV_JITscript.pt,/n/holylabs/LABS/alvarez_lab/Everyone/Accentuate_VVS/Encoding_model_outputs/three0_250426-250501/three0_250426-250501_clipag_vitb32_Ch56_readout_.transformer.resblocks.ResidualAttentionBlock4_pca750_RidgeCV.pth
clipag_vitb32__.transformer.resblocks.ResidualAttentionBlock6__19cafa0e72,three0_250426-250501,74,clipag_vitb32,.transformer.resblocks.ResidualAttentionBlock6,61e6e2e2aade3b01,7b6cbcd0c0a40cca,7be36c1d802686b3,969,750,774,/n/holylabs/LABS/alvarez_lab/Everyone/Accentuate_VVS/accentuation_configs/three0_250426-250501/three0_250426-250501_clipag_vitb32_Ch74_accentuation_config.yaml,/n/holylabs/LABS/alvarez_lab/Lab/VVS_Accentuation/Encoding_models/three0_250426-250501/posthoc_model_predict_PCA_popul_unit/posthoc_prediction_NSDencimg_PCA_pop_unit_three0_250426-250501_unit74_clipag_vitb32.pkl,/n/holylabs/LABS/alvarez_lab/Everyone/Accentuate_VVS/Encoding_model_outputs/three0_250426-250501/three0_250426-250501_clipag_vitb32_Ch74_Xtfmer_.transformer.resblocks.ResidualAttentionBlock6_pca750_RidgeCV_JITscript.pt,/n/holylabs/LABS/alvarez_lab/Everyone/Accentuate_VVS/Encoding_model_outputs/three0_250426-250501/three0_250426-250501_clipag_vitb32_Ch74_readout_.transformer.resblocks.ResidualAttentionBlock6_pca750_RidgeCV.pth
dinov2_vitb14_reg__.blocks.NestedTensorBlock7__7cad87db8b,three0_250426-250501,120,dinov2_vitb14_reg,.blocks.NestedTensorBlock7,34216c6849dc7f70,7b6cbcd0c0a40cca,7be36c1d802686b3,969,750,774,/n/holylabs/LABS/alvarez_lab/Everyone/Accentuate_VVS/accentuation_configs/three0_250426-250501/three0_250426-250501_dinov2_vitb14_reg_Ch120_accentuation_config.yaml,/n/holylabs/LABS/alvarez_lab/Lab/VVS_Accentuation/Encoding_models/three0_250426-250501/posthoc_model_predict_PCA_popul_unit/posthoc_prediction_NSDencimg_PCA_pop_unit_three0_250426-250501_unit120_dinov2_vitb14_reg.pkl,/n/holylabs/LABS/alvarez_lab/Everyone/Accentuate_VVS/Encoding_model_outputs/three0_250426-250501/three0_250426-250501_dinov2_vitb14_reg_Ch120_Xtfmer_.blocks.NestedTensorBlock7_pca750_RidgeCV_JITscript.pt,/n/holylabs/LABS/alvarez_lab/Everyone/Accentuate_VVS/Encoding_model_outputs/three0_250426-250501/three0_250426-250501_dinov2_vitb14_reg_Ch120_readout_.blocks.NestedTensorBlock7_pca750_RidgeCV.pth
dinov2_vitb14_reg__.blocks.NestedTensorBlock7__7cad87db8b,three0_250426-250501,168,dinov2_vitb14_reg,.blocks.NestedTensorBlock7,34216c6849dc7f70,7b6cbcd0c0a40cca,7be36c1d802686b3,969,750,774,/n/holylabs/LABS/alvarez_lab/Everyone/Accentuate_VVS/accentuation_configs/three0_250426-250501/three0_250426-250501_dinov2_vitb14_reg_Ch168_accentuation_config.yaml,/n/holylabs/LABS/alvarez_lab/Lab/VVS_Accentuation/Encoding_models/three0_250426-250501/posthoc_model_predict_PCA_popul_unit/posthoc_prediction_NSDencimg_PCA_pop_unit_three0_250426-250501_unit168_dinov2_vitb14_reg.pkl,/n/holylabs/LABS/alvarez_lab/Everyone/Accentuate_VVS/Encoding_model_outputs/three0_250426-250501/three0_250426-250501_dinov2_vitb14_reg_Ch168_Xtfmer_.blocks.NestedTensorBlock7_pca750_RidgeCV_JITscript.pt,/n/holylabs/LABS/alvarez_lab/Everyone/Accentuate_VVS/Encoding_model_outputs/three0_250426-250501/three0_250426-250501_dinov2_vitb14_reg_Ch168_readout_.blocks.NestedTensorBlock7_pca750_RidgeCV.pth
dinov2_vitb14_reg__.blocks.NestedTensorBlock4__be0babf541,three0_250426-250501,204,dinov2_vitb14_reg,.blocks.NestedTensorBlock4,96a38399851f7335,7b6cbcd0c0a40cca,7be36c1d802686b3,969,750,774,/n/holylabs/LABS/alvarez_lab/Everyone/Accentuate_VVS/accentuation_configs/three0_250426-250501/three0_250426-250501_dinov2_vitb14_reg_Ch204_accentuation_config.yaml,/n/holylabs/LABS/alvarez_lab/Lab/VVS_Accentuation/Encoding_models/three0_250426-250501/posthoc_model_predict_PCA_popul_unit/posthoc_prediction_NSDencimg_PCA_pop_unit_three0_250426-250501_unit204_dinov2_vitb14_reg.pkl,/n/holylabs/LABS/alvarez_lab/Everyone/Accentuate_VVS/Encoding_model_outputs/three0_250426-250501/three0_250426-250501_dinov2_vitb14_reg_Ch204_Xtfmer_.blocks.NestedTensorBlock4_pca750_RidgeCV_JITscript.pt,/n/holylabs/LABS/alvarez_lab/Everyone/Accentuate_VVS/Encoding_model_outputs/three0_250426-250501/three0_250426-250501_dinov2_vitb14_reg_Ch204_readout_.blocks.NestedTensorBlock4_pca750_RidgeCV.pth
dinov2_vitb14_reg__.blocks.NestedTensorBlock6__9baac9e265,three0_250426-250501,56,dinov2_vitb14_reg,.blocks.NestedTensorBlock6,b3ef9b0a5bc9e5e6,7b6cbcd0c0a40cca,7be36c1d802686b3,969,750,774,/n/holylabs/LABS/alvarez_lab/Everyone/Accentuate_VVS/accentuation_configs/three0_250426-250501/three0_250426-250501_dinov2_vitb14_reg_Ch56_accentuation_config.yaml,/n/holylabs/LABS/alvarez_lab/Lab/VVS_Accentuation/Encoding_models/three0_250426-250501/posthoc_model_predict_PCA_popul_unit/posthoc_prediction_NSDencimg_PCA_pop_unit_three0_250426-250501_unit56_dinov2_vitb14_reg.pkl,/n/holylabs/LABS/alvarez_lab/Everyone/Accentuate_VVS/Encoding_model_outputs/three0_250426-250501/three0_250426-250501_dinov2_vitb14_reg_Ch56_Xtfmer_.blocks.NestedTensorBlock6_pca750_RidgeCV_JITscript.pt,/n/holylabs/LABS/alvarez_lab/Everyone/Accentuate_VVS/Encoding_model_outputs/three0_250426-250501/three0_250426-250501_dinov2_vitb14_reg_Ch56_readout_.blocks.NestedTensorBlock6_pca750_RidgeCV.pth
dinov2_vitb14_reg__.blocks.NestedTensorBlock3__8a7507e2d4,three0_250426-250501,74,dinov2_vitb14_reg,.blocks.NestedTensorBlock3,5461b2004eb59018,7b6cbcd0c0a40cca,7be36c1d802686b3,969,750,774,/n/holylabs/LABS/alvarez_lab/Everyone/Accentuate_VVS/accentuation_configs/three0_250426-250501/three0_250426-250501_dinov2_vitb14_reg_Ch74_accentuation_config.yaml,/n/holylabs/LABS/alvarez_lab/Lab/VVS_Accentuation/Encoding_models/three0_250426-250501/posthoc_model_predict_PCA_popul_unit/posthoc_prediction_NSDencimg_PCA_pop_unit_three0_250426-250501_unit74_dinov2_vitb14_reg.pkl,/n/holylabs/LABS/alvarez_lab/Everyone/Accentuate_VVS/Encoding_model_outputs/three0_250426-250501/three0_250426-250501_dinov2_vitb14_reg_Ch74_Xtfmer_.blocks.NestedTensorBlock3_pca750_RidgeCV_JITscript.pt,/n/holylabs/LABS/alvarez_lab/Everyone/Accentuate_VVS/Encoding_model_outputs/three0_250426-250501/three0_250426-250501_dinov2_vitb14_reg_Ch74_readout_.blocks.NestedTensorBlock3_pca750_RidgeCV.pth
radio_v2.5-b__.model.blocks.Block11__5129994521,three0_250426-250501,120,radio_v2.5-b,.model.blocks.Block11,f32f0f37bddb8666,7b6cbcd0c0a40cca,7be36c1d802686b3,969,750,774,/n/holylabs/LABS/alvarez_lab/Everyone/Accentuate_VVS/accentuation_configs/three0_250426-250501/three0_250426-250501_radio_v2.5-b_Ch120_accentuation_config.yaml,/n/holylabs/LABS/alvarez_lab/Lab/VVS_Accentuation/Encoding_models/three0_250426-250501/posthoc_model_predict_PCA_popul_unit/posthoc_prediction_NSDencimg_PCA_pop_unit_three0_250426-250501_unit120_radio_v2.5-b.pkl,/n/holylabs/LABS/alvarez_lab/Everyone/Accentuate_VVS/Encoding_model_outputs/three0_250426-250501/three0_250426-250501_radio_v2.5-b_Ch120_Xtfmer_.model.blocks.Block11_pca750_RidgeCV_JITscript.pt,/n/holylabs/LABS/alvarez_lab/Everyone/Accentuate_VVS/Encoding_model_outputs/three0_250426-250501/three0_250426-250501_radio_v2.5-b_Ch120_readout_.model.blocks.Block11_pca750_RidgeCV.pth
radio_v2.5-b__.model.blocks.Block7__17d2e7ce44,three0_250426-250501,168,radio_v2.5-b,.model.blocks.Block7,e8b99c95295da5ba,7b6cbcd0c0a40cca,7be36c1d802686b3,969,750,774,/n/holylabs/LABS/alvarez_lab/Everyone/Accentuate_VVS/accentuation_configs/three0_250426-250501/three0_250426-250501_radio_v2.5-b_Ch168_accentuation_config.yaml,/n/holylabs/LABS/alvarez_lab/Lab/VVS_Accentuation/Encoding_models/three0_250426-250501/posthoc_model_predict_PCA_popul_unit/posthoc_prediction_NSDencimg_PCA_pop_unit_three0_250426-250501_unit168_radio_v2.5-b.pkl,/n/holylabs/LABS/alvarez_lab/Everyone/Accentuate_VVS/Encoding_model_outputs/three0_250426-250501/three0_250426-250501_radio_v2.5-b_Ch168_Xtfmer_.model.blocks.Block7_pca750_RidgeCV_JITscript.pt,/n/holylabs/LABS/alvarez_lab/Everyone/Accentuate_VVS/Encoding_model_outputs/three0_250426-250501/three0_250426-250501_radio_v2.5-b_Ch168_readout_.model.blocks.Block7_pca750_RidgeCV.pth
radio_v2.5-b__.model.blocks.Block2__a987243f1d,three0_250426-250501,204,radio_v2.5-b,.model.blocks.Block2,c899e579f10d29ad,7b6cbcd0c0a40cca,7be36c1d802686b3,969,750,774,/n/holylabs/LABS/alvarez_lab/Everyone/Accentuate_VVS/accentuation_configs/three0_250426-250501/three0_250426-250501_radio_v2.5-b_Ch204_accentuation_config.yaml,/n/holylabs/LABS/alvarez_lab/Lab/VVS_Accentuation/Encoding_models/three0_250426-250501/posthoc_model_predict_PCA_popul_unit/posthoc_prediction_NSDencimg_PCA_pop_unit_three0_250426-250501_unit204_radio_v2.5-b.pkl,/n/holylabs/LABS/alvarez_lab/Everyone/Accentuate_VVS/Encoding_model_outputs/three0_250426-250501/three0_250426-250501_radio_v2.5-b_Ch204_Xtfmer_.model.blocks.Block2_pca750_RidgeCV_JITscript.pt,/n/holylabs/LABS/alvarez_lab/Everyone/Accentuate_VVS/Encoding_model_outputs/three0_250426-250501/three0_250426-250501_radio_v2.5-b_Ch204_readout_.model.blocks.Block2_pca750_RidgeCV.pth
radio_v2.5-b__.model.blocks.Block2__a987243f1d,three0_250426-250501,56,radio_v2.5-b,.model.blocks.Block2,c899e579f10d29ad,7b6cbcd0c0a40cca,7be36c1d802686b3,969,750,774,/n/holylabs/LABS/alvarez_lab/Everyone/Accentuate_VVS/accentuation_configs/three0_250426-250501/three0_250426-250501_radio_v2.5-b_Ch56_accentuation_config.yaml,/n/holylabs/LABS/alvarez_lab/Lab/VVS_Accentuation/Encoding_models/three0_250426-250501/posthoc_model_predict_PCA_popul_unit/posthoc_prediction_NSDencimg_PCA_pop_unit_three0_250426-250501_unit56_radio_v2.5-b.pkl,/n/holylabs/LABS/alvarez_lab/Everyone/Accentuate_VVS/Encoding_model_outputs/three0_250426-250501/three0_250426-250501_radio_v2.5-b_Ch56_Xtfmer_.model.blocks.Block2_pca750_RidgeCV_JITscript.pt,/n/holylabs/LABS/alvarez_lab/Everyone/Accentuate_VVS/Encoding_model_outputs/three0_250426-250501/three0_250426-250501_radio_v2.5-b_Ch56_readout_.model.blocks.Block2_pca750_RidgeCV.pth
radio_v2.5-b__.model.blocks.Block7__17d2e7ce44,three0_250426-250501,74,radio_v2.5-b,.model.blocks.Block7,e8b99c95295da5ba,7b6cbcd0c0a40cca,7be36c1d802686b3,969,750,774,/n/holylabs/LABS/alvarez_lab/Everyone/Accentuate_VVS/accentuation_configs/three0_250426-250501/three0_250426-250501_radio_v2.5-b_Ch74_accentuation_config.yaml,/n/holylabs/LABS/alvarez_lab/Lab/VVS_Accentuation/Encoding_models/three0_250426-250501/posthoc_model_predict_PCA_popul_unit/posthoc_prediction_NSDencimg_PCA_pop_unit_three0_250426-250501_unit74_radio_v2.5-b.pkl,/n/holylabs/LABS/alvarez_lab/Everyone/Accentuate_VVS/Encoding_model_outputs/three0_250426-250501/three0_250426-250501_radio_v2.5-b_Ch74_Xtfmer_.model.blocks.Block7_pca750_RidgeCV_JITscript.pt,/n/holylabs/LABS/alvarez_lab/Everyone/Accentuate_VVS/Encoding_model_outputs/three0_250426-250501/three0_250426-250501_radio_v2.5-b_Ch74_readout_.model.blocks.Block7_pca750_RidgeCV.pth
regnety_640__.s3.Bottleneckb11__c1599550b0,three0_250426-250501,120,regnety_640,.s3.Bottleneckb11,57d30662ab9c2ef8,7b6cbcd0c0a40cca,7be36c1d802686b3,969,750,774,/n/holylabs/LABS/alvarez_lab/Everyone/Accentuate_VVS/accentuation_configs/three0_250426-250501/three0_250426-250501_regnety_640_Ch120_accentuation_config.yaml,/n/holylabs/LABS/alvarez_lab/Lab/VVS_Accentuation/Encoding_models/three0_250426-250501/posthoc_model_predict_PCA_popul_unit/posthoc_prediction_NSDencimg_PCA_pop_unit_three0_250426-250501_unit120_regnety_640.pkl,/n/holylabs/LABS/alvarez_lab/Everyone/Accentuate_VVS/Encoding_model_outputs/three0_250426-250501/three0_250426-250501_regnety_640_Ch120_Xtfmer_.s3.Bottleneckb11_pca750_RidgeCV_JITscript.pt,/n/holylabs/LABS/alvarez_lab/Everyone/Accentuate_VVS/Encoding_model_outputs/three0_250426-250501/three0_250426-250501_regnety_640_Ch120_readout_.s3.Bottleneckb11_pca750_RidgeCV.pth
regnety_640__.s3.Bottleneckb5__00b2e5825d,three0_250426-250501,168,regnety_640,.s3.Bottleneckb5,39bd4ab5535c5ce3,7b6cbcd0c0a40cca,7be36c1d802686b3,969,750,774,/n/holylabs/LABS/alvarez_lab/Everyone/Accentuate_VVS/accentuation_configs/three0_250426-250501/three0_250426-250501_regnety_640_Ch168_accentuation_config.yaml,/n/holylabs/LABS/alvarez_lab/Lab/VVS_Accentuation/Encoding_models/three0_250426-250501/posthoc_model_predict_PCA_popul_unit/posthoc_prediction_NSDencimg_PCA_pop_unit_three0_250426-250501_unit168_regnety_640.pkl,/n/holylabs/LABS/alvarez_lab/Everyone/Accentuate_VVS/Encoding_model_outputs/three0_250426-250501/three0_250426-250501_regnety_640_Ch168_Xtfmer_.s3.Bottleneckb5_pca750_RidgeCV_JITscript.pt,/n/holylabs/LABS/alvarez_lab/Everyone/Accentuate_VVS/Encoding_model_outputs/three0_250426-250501/three0_250426-250501_regnety_640_Ch168_readout_.s3.Bottleneckb5_pca750_RidgeCV.pth
regnety_640__.s3.Bottleneckb3__dec3b30327,three0_250426-250501,204,regnety_640,.s3.Bottleneckb3,eeeef688fe9c6d09,7b6cbcd0c0a40cca,7be36c1d802686b3,969,750,774,/n/holylabs/LABS/alvarez_lab/Everyone/Accentuate_VVS/accentuation_configs/three0_250426-250501/three0_250426-250501_regnety_640_Ch204_accentuation_config.yaml,/n/holylabs/LABS/alvarez_lab/Lab/VVS_Accentuation/Encoding_models/three0_250426-250501/posthoc_model_predict_PCA_popul_unit/posthoc_prediction_NSDencimg_PCA_pop_unit_three0_250426-250501_unit204_regnety_640.pkl,/n/holylabs/LABS/alvarez_lab/Everyone/Accentuate_VVS/Encoding_model_outputs/three0_250426-250501/three0_250426-250501_regnety_640_Ch204_Xtfmer_.s3.Bottleneckb3_pca750_RidgeCV_JITscript.pt,/n/holylabs/LABS/alvarez_lab/Everyone/Accentuate_VVS/Encoding_model_outputs/three0_250426-250501/three0_250426-250501_regnety_640_Ch204_readout_.s3.Bottleneckb3_pca750_RidgeCV.pth
regnety_640__.s3.Bottleneckb1__b8e9169f5d,three0_250426-250501,56,regnety_640,.s3.Bottleneckb1,504a3f6117a25a67,7b6cbcd0c0a40cca,7be36c1d802686b3,969,750,774,/n/holylabs/LABS/alvarez_lab/Everyone/Accentuate_VVS/accentuation_configs/three0_250426-250501/three0_250426-250501_regnety_640_Ch56_accentuation_config.yaml,/n/holylabs/LABS/alvarez_lab/Lab/VVS_Accentuation/Encoding_models/three0_250426-250501/posthoc_model_predict_PCA_popul_unit/posthoc_prediction_NSDencimg_PCA_pop_unit_three0_250426-250501_unit56_regnety_640.pkl,/n/holylabs/LABS/alvarez_lab/Everyone/Accentuate_VVS/Encoding_model_outputs/three0_250426-250501/three0_250426-250501_regnety_640_Ch56_Xtfmer_.s3.Bottleneckb1_pca750_RidgeCV_JITscript.pt,/n/holylabs/LABS/alvarez_lab/Everyone/Accentuate_VVS/Encoding_model_outputs/three0_250426-250501/three0_250426-250501_regnety_640_Ch56_readout_.s3.Bottleneckb1_pca750_RidgeCV.pth
regnety_640__.s3.Bottleneckb4__a67179bc31,three0_250426-250501,74,regnety_640,.s3.Bottleneckb4,905bc4201c5a359c,7b6cbcd0c0a40cca,7be36c1d802686b3,969,750,774,/n/holylabs/LABS/alvarez_lab/Everyone/Accentuate_VVS/accentuation_configs/three0_250426-250501/three0_250426-250501_regnety_640_Ch74_accentuation_config.yaml,/n/holylabs/LABS/alvarez_lab/Lab/VVS_Accentuation/Encoding_models/three0_250426-250501/posthoc_model_predict_PCA_popul_unit/posthoc_prediction_NSDencimg_PCA_pop_unit_three0_250426-250501_unit74_regnety_640.pkl,/n/holylabs/LABS/alvarez_lab/Everyone/Accentuate_VVS/Encoding_model_outputs/three0_250426-250501/three0_250426-250501_regnety_640_Ch74_Xtfmer_.s3.Bottleneckb4_pca750_RidgeCV_JITscript.pt,/n/holylabs/LABS/alvarez_lab/Everyone/Accentuate_VVS/Encoding_model_outputs/three0_250426-250501/three0_250426-250501_regnety_640_Ch74_readout_.s3.Bottleneckb4_pca750_RidgeCV.pth
resnet50__.layer4.Bottleneck0__0e6bada263,three0_250426-250501,120,resnet50,.layer4.Bottleneck0,2b6eb6a0f690251b,7b6cbcd0c0a40cca,7be36c1d802686b3,969,750,774,/n/holylabs/LABS/alvarez_lab/Everyone/Accentuate_VVS/accentuation_configs/three0_250426-250501/three0_250426-250501_resnet50_Ch120_accentuation_config.yaml,/n/holylabs/LABS/alvarez_lab/Lab/VVS_Accentuation/Encoding_models/three0_250426-250501/posthoc_model_predict_PCA_popul_unit/posthoc_prediction_NSDencimg_PCA_pop_unit_three0_250426-250501_unit120_resnet50.pkl,/n/holylabs/LABS/alvarez_lab/Everyone/Accentuate_VVS/Encoding_model_outputs/three0_250426-250501/three0_250426-250501_resnet50_Ch120_Xtfmer_.layer4.Bottleneck0_pca750_RidgeCV_JITscript.pt,/n/holylabs/LABS/alvarez_lab/Everyone/Accentuate_VVS/Encoding_model_outputs/three0_250426-250501/three0_250426-250501_resnet50_Ch120_readout_.layer4.Bottleneck0_pca750_RidgeCV.pth
resnet50__.layer3.Bottleneck4__fe851e4e44,three0_250426-250501,168,resnet50,.layer3.Bottleneck4,659bf53447cec4fe,7b6cbcd0c0a40cca,7be36c1d802686b3,969,750,774,/n/holylabs/LABS/alvarez_lab/Everyone/Accentuate_VVS/accentuation_configs/three0_250426-250501/three0_250426-250501_resnet50_Ch168_accentuation_config.yaml,/n/holylabs/LABS/alvarez_lab/Lab/VVS_Accentuation/Encoding_models/three0_250426-250501/posthoc_model_predict_PCA_popul_unit/posthoc_prediction_NSDencimg_PCA_pop_unit_three0_250426-250501_unit168_resnet50.pkl,/n/holylabs/LABS/alvarez_lab/Everyone/Accentuate_VVS/Encoding_model_outputs/three0_250426-250501/three0_250426-250501_resnet50_Ch168_Xtfmer_.layer3.Bottleneck4_pca750_RidgeCV_JITscript.pt,/n/holylabs/LABS/alvarez_lab/Everyone/Accentuate_VVS/Encoding_model_outputs/three0_250426-250501/three0_250426-250501_resnet50_Ch168_readout_.layer3.Bottleneck4_pca750_RidgeCV.pth
resnet50__.layer3.Bottleneck0__0088b97a86,three0_250426-250501,204,resnet50,.layer3.Bottleneck0,0a48763eb59d4873,7b6cbcd0c0a40cca,7be36c1d802686b3,969,750,774,/n/holylabs/LABS/alvarez_lab/Everyone/Accentuate_VVS/accentuation_configs/three0_250426-250501/three0_250426-250501_resnet50_Ch204_accentuation_config.yaml,/n/holylabs/LABS/alvarez_lab/Lab/VVS_Accentuation/Encoding_models/three0_250426-250501/posthoc_model_predict_PCA_popul_unit/posthoc_prediction_NSDencimg_PCA_pop_unit_three0_250426-250501_unit204_resnet50.pkl,/n/holylabs/LABS/alvarez_lab/Everyone/Accentuate_VVS/Encoding_model_outputs/three0_250426-250501/three0_250426-250501_resnet50_Ch204_Xtfmer_.layer3.Bottleneck0_pca750_RidgeCV_JITscript.pt,/n/holylabs/LABS/alvarez_lab/Everyone/Accentuate_VVS/Encoding_model_outputs/three0_250426-250501/three0_250426-250501_resnet50_Ch204_readout_.layer3.Bottleneck0_pca750_RidgeCV.pth
resnet50__.layer4.Bottleneck0__0e6bada263,three0_250426-250501,56,resnet50,.layer4.Bottleneck0,2b6eb6a0f690251b,7b6cbcd0c0a40cca,7be36c1d802686b3,969,750,774,/n/holylabs/LABS/alvarez_lab/Everyone/Accentuate_VVS/accentuation_configs/three0_250426-250501/three0_250426-250501_resnet50_Ch56_accentuation_config.yaml,/n/holylabs/LABS/alvarez_lab/Lab/VVS_Accentuation/Encoding_models/three0_250426-250501/posthoc_model_predict_PCA_popul_unit/posthoc_prediction_NSDencimg_PCA_pop_unit_three0_250426-250501_unit56_resnet50.pkl,/n/holylabs/LABS/alvarez_lab/Everyone/Accentuate_VVS/Encoding_model_outputs/three0_250426-250501/three0_250426-250501_resnet50_Ch56_Xtfmer_.layer4.Bottleneck0_pca750_RidgeCV_JITscript.pt,/n/holylabs/LABS/alvarez_lab/Everyone/Accentuate_VVS/Encoding_model_outputs/three0_250426-250501/three0_250426-250501_resnet50_Ch56_readout_.layer4.Bottleneck0_pca750_RidgeCV.pth
resnet50__.layer4.Bottleneck1__d983f3b75e,three0_250426-250501,74,resnet50,.layer4.Bottleneck1,13726531885e4b75,7b6cbcd0c0a40cca,7be36c1d802686b3,969,750,774,/n/holylabs/LABS/alvarez_lab/Everyone/Accentuate_VVS/accentuation_configs/three0_250426-250501/three0_250426-250501_resnet50_Ch74_accentuation_config.yaml,/n/holylabs/LABS/alvarez_lab/Lab/VVS_Accentuation/Encoding_models/three0_250426-250501/posthoc_model_predict_PCA_popul_unit/posthoc_prediction_NSDencimg_PCA_pop_unit_three0_250426-250501_unit74_resnet50.pkl,/n/holylabs/LABS/alvarez_lab/Everyone/Accentuate_VVS/Encoding_model_outputs/three0_250426-250501/three0_250426-250501_resnet50_Ch74_Xtfmer_.layer4.Bottleneck1_pca750_RidgeCV_JITscript.pt,/n/holylabs/LABS/alvarez_lab/Everyone/Accentuate_VVS/Encoding_model_outputs/three0_250426-250501/three0_250426-250501_resnet50_Ch74_readout_.layer4.Bottleneck1_pca750_RidgeCV.pth
resnet50_clip__.layer4.Bottleneck0__972f01c801,three0_250426-250501,120,resnet50_clip,.layer4.Bottleneck0,38c357cb441a3a90,7b6cbcd0c0a40cca,7be36c1d802686b3,969,750,774,/n/holylabs/LABS/alvarez_lab/Everyone/Accentuate_VVS/accentuation_configs/three0_250426-250501/three0_250426-250501_resnet50_clip_Ch120_accentuation_config.yaml,/n/holylabs/LABS/alvarez_lab/Lab/VVS_Accentuation/Encoding_models/three0_250426-250501/posthoc_model_predict_PCA_popul_unit/posthoc_prediction_NSDencimg_PCA_pop_unit_three0_250426-250501_unit120_resnet50_clip.pkl,/n/holylabs/LABS/alvarez_lab/Everyone/Accentuate_VVS/Encoding_model_outputs/three0_250426-250501/three0_250426-250501_resnet50_clip_Ch120_Xtfmer_.layer4.Bottleneck0_pca750_RidgeCV_JITscript.pt,/n/holylabs/LABS/alvarez_lab/Everyone/Accentuate_VVS/Encoding_model_outputs/three0_250426-250501/three0_250426-250501_resnet50_clip_Ch120_readout_.layer4.Bottleneck0_pca750_RidgeCV.pth
resnet50_clip__.layer3.Bottleneck5__cd4b551763,three0_250426-250501,168,resnet50_clip,.layer3.Bottleneck5,69fa331dd6fbf708,7b6cbcd0c0a40cca,7be36c1d802686b3,969,750,774,/n/holylabs/LABS/alvarez_lab/Everyone/Accentuate_VVS/accentuation_configs/three0_250426-250501/three0_250426-250501_resnet50_clip_Ch168_accentuation_config.yaml,/n/holylabs/LABS/alvarez_lab/Lab/VVS_Accentuation/Encoding_models/three0_250426-250501/posthoc_model_predict_PCA_popul_unit/posthoc_prediction_NSDencimg_PCA_pop_unit_three0_250426-250501_unit168_resnet50_clip.pkl,/n/holylabs/LABS/alvarez_lab/Everyone/Accentuate_VVS/Encoding_model_outputs/three0_250426-250501/three0_250426-250501_resnet50_clip_Ch168_Xtfmer_.layer3.Bottleneck5_pca750_RidgeCV_JITscript.pt,/n/holylabs/LABS/alvarez_lab/Everyone/Accentuate_VVS/Encoding_model_outputs/three0_250426-250501/three0_250426-250501_resnet50_clip_Ch168_readout_.layer3.Bottleneck5_pca750_RidgeCV.pth
resnet50_clip__.layer4.Bottleneck0__972f01c801,three0_250426-250501,204,resnet50_clip,.layer4.Bottleneck0,38c357cb441a3a90,7b6cbcd0c0a40cca,7be36c1d802686b3,969,750,774,/n/holylabs/LABS/alvarez_lab/Everyone/Accentuate_VVS/accentuation_configs/three0_250426-250501/three0_250426-250501_resnet50_clip_Ch204_accentuation_config.yaml,/n/holylabs/LABS/alvarez_lab/Lab/VVS_Accentuation/Encoding_models/three0_250426-250501/posthoc_model_predict_PCA_popul_unit/posthoc_prediction_NSDencimg_PCA_pop_unit_three0_250426-250501_unit204_resnet50_clip.pkl,/n/holylabs/LABS/alvarez_lab/Everyone/Accentuate_VVS/Encoding_model_outputs/three0_250426-250501/three0_250426-250501_resnet50_clip_Ch204_Xtfmer_.layer4.Bottleneck0_pca750_RidgeCV_JITscript.pt,/n/holylabs/LABS/alvarez_lab/Everyone/Accentuate_VVS/Encoding_model_outputs/three0_250426-250501/three0_250426-250501_resnet50_clip_Ch204_readout_.layer4.Bottleneck0_pca750_RidgeCV.pth
resnet50_clip__.layer3.Bottleneck1__16a06b893f,three0_250426-250501,56,resnet50_clip,.layer3.Bottleneck1,be90151fa13f497a,7b6cbcd0c0a40cca,7be36c1d802686b3,969,750,774,/n/holylabs/LABS/alvarez_lab/Everyone/Accentuate_VVS/accentuation_configs/three0_250426-250501/three0_250426-250501_resnet50_clip_Ch56_accentuation_config.yaml,/n/holylabs/LABS/alvarez_lab/Lab/VVS_Accentuation/Encoding_models/three0_250426-250501/posthoc_model_predict_PCA_popul_unit/posthoc_prediction_NSDencimg_PCA_pop_unit_three0_250426-250501_unit56_resnet50_clip.pkl,/n/holylabs/LABS/alvarez_lab/Everyone/Accentuate_VVS/Encoding_model_outputs/three0_250426-250501/three0_250426-250501_resnet50_clip_Ch56_Xtfmer_.layer3.Bottleneck1_pca750_RidgeCV_JITscript.pt,/n/holylabs/LABS/alvarez_lab/Everyone/Accentuate_VVS/Encoding_model_outputs/three0_250426-250501/three0_250426-250501_resnet50_clip_Ch56_readout_.layer3.Bottleneck1_pca750_RidgeCV.pth
resnet50_clip__.layer4.Bottleneck0__972f01c801,three0_250426-250501,74,resnet50_clip,.layer4.Bottleneck0,38c357cb441a3a90,7b6cbcd0c0a40cca,7be36c1d802686b3,969,750,774,/n/holylabs/LABS/alvarez_lab/Everyone/Accentuate_VVS/accentuation_configs/three0_250426-250501/three0_250426-250501_resnet50_clip_Ch74_accentuation_config.yaml,/n/holylabs/LABS/alvarez_lab/Lab/VVS_Accentuation/Encoding_models/three0_250426-250501/posthoc_model_predict_PCA_popul_unit/posthoc_prediction_NSDencimg_PCA_pop_unit_three0_250426-250501_unit74_resnet50_clip.pkl,/n/holylabs/LABS/alvarez_lab/Everyone/Accentuate_VVS/Encoding_model_outputs/three0_250426-250501/three0_250426-250501_resnet50_clip_Ch74_Xtfmer_.layer4.Bottleneck0_pca750_RidgeCV_JITscript.pt,/n/holylabs/LABS/alvarez_lab/Everyone/Accentuate_VVS/Encoding_model_outputs/three0_250426-250501/three0_250426-250501_resnet50_clip_Ch74_readout_.layer4.Bottleneck0_pca750_RidgeCV.pth
resnet50_dino__.layer3.Bottleneck4__b8361158b8,three0_250426-250501,120,resnet50_dino,.layer3.Bottleneck4,653a6d348f4a904f,7b6cbcd0c0a40cca,7be36c1d802686b3,969,750,774,/n/holylabs/LABS/alvarez_lab/Everyone/Accentuate_VVS/accentuation_configs/three0_250426-250501/three0_250426-250501_resnet50_dino_Ch120_accentuation_config.yaml,/n/holylabs/LABS/alvarez_lab/Lab/VVS_Accentuation/Encoding_models/three0_250426-250501/posthoc_model_predict_PCA_popul_unit/posthoc_prediction_NSDencimg_PCA_pop_unit_three0_250426-250501_unit120_resnet50_dino.pkl,/n/holylabs/LABS/alvarez_lab/Everyone/Accentuate_VVS/Encoding_model_outputs/three0_250426-250501/three0_250426-250501_resnet50_dino_Ch120_Xtfmer_.layer3.Bottleneck4_pca750_RidgeCV_JITscript.pt,/n/holylabs/LABS/alvarez_lab/Everyone/Accentuate_VVS/Encoding_model_outputs/three0_250426-250501/three0_250426-250501_resnet50_dino_Ch120_readout_.layer3.Bottleneck4_pca750_RidgeCV.pth
resnet50_dino__.layer3.Bottleneck4__b8361158b8,three0_250426-250501,168,resnet50_dino,.layer3.Bottleneck4,653a6d348f4a904f,7b6cbcd0c0a40cca,7be36c1d802686b3,969,750,774,/n/holylabs/LABS/alvarez_lab/Everyone/Accentuate_VVS/accentuation_configs/three0_250426-250501/three0_250426-250501_resnet50_dino_Ch168_accentuation_config.yaml,/n/holylabs/LABS/alvarez_lab/Lab/VVS_Accentuation/Encoding_models/three0_250426-250501/posthoc_model_predict_PCA_popul_unit/posthoc_prediction_NSDencimg_PCA_pop_unit_three0_250426-250501_unit168_resnet50_dino.pkl,/n/holylabs/LABS/alvarez_lab/Everyone/Accentuate_VVS/Encoding_model_outputs/three0_250426-250501/three0_250426-250501_resnet50_dino_Ch168_Xtfmer_.layer3.Bottleneck4_pca750_RidgeCV_JITscript.pt,/n/holylabs/LABS/alvarez_lab/Everyone/Accentuate_VVS/Encoding_model_outputs/three0_250426-250501/three0_250426-250501_resnet50_dino_Ch168_readout_.layer3.Bottleneck4_pca750_RidgeCV.pth
resnet50_dino__.layer3.Bottleneck2__c2bc25709f,three0_250426-250501,204,resnet50_dino,.layer3.Bottleneck2,c51891f088cc7f7f,7b6cbcd0c0a40cca,7be36c1d802686b3,969,750,774,/n/holylabs/LABS/alvarez_lab/Everyone/Accentuate_VVS/accentuation_configs/three0_250426-250501/three0_250426-250501_resnet50_dino_Ch204_accentuation_config.yaml,/n/holylabs/LABS/alvarez_lab/Lab/VVS_Accentuation/Encoding_models/three0_250426-250501/posthoc_model_predict_PCA_popul_unit/posthoc_prediction_NSDencimg_PCA_pop_unit_three0_250426-250501_unit204_resnet50_dino.pkl,/n/holylabs/LABS/alvarez_lab/Everyone/Accentuate_VVS/Encoding_model_outputs/three0_250426-250501/three0_250426-250501_resnet50_dino_Ch204_Xtfmer_.layer3.Bottleneck2_pca750_RidgeCV_JITscript.pt,/n/holylabs/LABS/alvarez_lab/Everyone/Accentuate_VVS/Encoding_model_outputs/three0_250426-250501/three0_250426-250501_resnet50_dino_Ch204_readout_.layer3.Bottleneck2_pca750_RidgeCV.pth
resnet50_dino__.layer4.Bottleneck0__6379bde673,three0_250426-250501,56,resnet50_dino,.layer4.Bottleneck0,821305d785e80d1b,7b6cbcd0c0a40cca,7be36c1d802686b3,969,750,774,/n/holylabs/LABS/alvarez_lab/Everyone/Accentuate_VVS/accentuation_configs/three0_250426-250501/three0_250426-250501_resnet50_dino_Ch56_accentuation_config.yaml,/n/holylabs/LABS/alvarez_lab/Lab/VVS_Accentuation/Encoding_models/three0_250426-250501/posthoc_model_predict_PCA_popul_unit/posthoc_prediction_NSDencimg_PCA_pop_unit_three0_250426-250501_unit56_resnet50_dino.pkl,/n/holylabs/LABS/alvarez_lab/Everyone/Accentuate_VVS/Encoding_model_outputs/three0_250426-250501/three0_250426-250501_resnet50_dino_Ch56_Xtfmer_.layer4.Bottleneck0_pca750_RidgeCV_JITscript.pt,/n/holylabs/LABS/alvarez_lab/Everyone/Accentuate_VVS/Encoding_model_outputs/three0_250426-250501/three0_250426-250501_resnet50_dino_Ch56_readout_.layer4.Bottleneck0_pca750_RidgeCV.pth
resnet50_dino__.layer4.Bottleneck0__6379bde673,three0_250426-250501,74,resnet50_dino,.layer4.Bottleneck0,821305d785e80d1b,7b6cbcd0c0a40cca,7be36c1d802686b3,969,750,774,/n/holylabs/LABS/alvarez_lab/Everyone/Accentuate_VVS/accentuation_configs/three0_250426-250501/three0_250426-250501_resnet50_dino_Ch74_accentuation_config.yaml,/n/holylabs/LABS/alvarez_lab/Lab/VVS_Accentuation/Encoding_models/three0_250426-250501/posthoc_model_predict_PCA_popul_unit/posthoc_prediction_NSDencimg_PCA_pop_unit_three0_250426-250501_unit74_resnet50_dino.pkl,/n/holylabs/LABS/alvarez_lab/Everyone/Accentuate_VVS/Encoding_model_outputs/three0_250426-250501/three0_250426-250501_resnet50_dino_Ch74_Xtfmer_.layer4.Bottleneck0_pca750_RidgeCV_JITscript.pt,/n/holylabs/LABS/alvarez_lab/Everyone/Accentuate_VVS/Encoding_model_outputs/three0_250426-250501/three0_250426-250501_resnet50_dino_Ch74_readout_.layer4.Bottleneck0_pca750_RidgeCV.pth
resnet50_robust__.layer4.Bottleneck2__800a8492b7,three0_250426-250501,120,resnet50_robust,.layer4.Bottleneck2,f60b4bc475cb0b7c,7b6cbcd0c0a40cca,7be36c1d802686b3,969,750,774,/n/holylabs/LABS/alvarez_lab/Everyone/Accentuate_VVS/accentuation_configs/three0_250426-250501/three0_250426-250501_resnet50_robust_Ch120_accentuation_config.yaml,/n/holylabs/LABS/alvarez_lab/Lab/VVS_Accentuation/Encoding_models/three0_250426-250501/posthoc_model_predict_PCA_popul_unit/posthoc_prediction_NSDencimg_PCA_pop_unit_three0_250426-250501_unit120_resnet50_robust.pkl,/n/holylabs/LABS/alvarez_lab/Everyone/Accentuate_VVS/Encoding_model_outputs/three0_250426-250501/three0_250426-250501_resnet50_robust_Ch120_Xtfmer_.layer4.Bottleneck2_pca750_RidgeCV_JITscript.pt,/n/holylabs/LABS/alvarez_lab/Everyone/Accentuate_VVS/Encoding_model_outputs/three0_250426-250501/three0_250426-250501_resnet50_robust_Ch120_readout_.layer4.Bottleneck2_pca750_RidgeCV.pth
resnet50_robust__.layer4.Bottleneck1__af37fa812c,three0_250426-250501,168,resnet50_robust,.layer4.Bottleneck1,20d6f84a7dde6bbc,7b6cbcd0c0a40cca,7be36c1d802686b3,969,750,774,/n/holylabs/LABS/alvarez_lab/Everyone/Accentuate_VVS/accentuation_configs/three0_250426-250501/three0_250426-250501_resnet50_robust_Ch168_accentuation_config.yaml,/n/holylabs/LABS/alvarez_lab/Lab/VVS_Accentuation/Encoding_models/three0_250426-250501/posthoc_model_predict_PCA_popul_unit/posthoc_prediction_NSDencimg_PCA_pop_unit_three0_250426-250501_unit168_resnet50_robust.pkl,/n/holylabs/LABS/alvarez_lab/Everyone/Accentuate_VVS/Encoding_model_outputs/three0_250426-250501/three0_250426-250501_resnet50_robust_Ch168_Xtfmer_.layer4.Bottleneck1_pca750_RidgeCV_JITscript.pt,/n/holylabs/LABS/alvarez_lab/Everyone/Accentuate_VVS/Encoding_model_outputs/three0_250426-250501/three0_250426-250501_resnet50_robust_Ch168_readout_.layer4.Bottleneck1_pca750_RidgeCV.pth
resnet50_robust__.layer4.Bottleneck0__1fa2410d40,three0_250426-250501,204,resnet50_robust,.layer4.Bottleneck0,8d16ff2a4146ce7f,7b6cbcd0c0a40cca,7be36c1d802686b3,969,750,774,/n/holylabs/LABS/alvarez_lab/Everyone/Accentuate_VVS/accentuation_configs/three0_250426-250501/three0_250426-250501_resnet50_robust_Ch204_accentuation_config.yaml,/n/holylabs/LABS/alvarez_lab/Lab/VVS_Accentuation/Encoding_models/three0_250426-250501/posthoc_model_predict_PCA_popul_unit/posthoc_prediction_NSDencimg_PCA_pop_unit_three0_250426-250501_unit204_resnet50_robust.pkl,/n/holylabs/LABS/alvarez_lab/Everyone/Accentuate_VVS/Encoding_model_outputs/three0_250426-250501/three0_250426-250501_resnet50_robust_Ch204_Xtfmer_.layer4.Bottleneck0_pca750_RidgeCV_JITscript.pt,/n/holylabs/LABS/alvarez_lab/Everyone/Accentuate_VVS/Encoding_model_outputs/three0_250426-250501/three0_250426-250501_resnet50_robust_Ch204_readout_.layer4.Bottleneck0_pca750_RidgeCV.pth
resnet50_robust__.layer4.Bottleneck1__af37fa812c,three0_250426-250501,56,resnet50_robust,.layer4.Bottleneck1,20d6f84a7dde6bbc,7b6cbcd0c0a40cca,7be36c1d802686b3,969,750,774,/n/holylabs/LABS/alvarez_lab/Everyone/Accentuate_VVS/accentuation_configs/three0_250426-250501/three0_250426-250501_resnet50_robust_Ch56_accentuation_config.yaml,/n/holylabs/LABS/alvarez_lab/Lab/VVS_Accentuation/Encoding_models/three0_250426-250501/posthoc_model_predict_PCA_popul_unit/posthoc_prediction_NSDencimg_PCA_pop_unit_three0_250426-250501_unit56_resnet50_robust.pkl,/n/holylabs/LABS/alvarez_lab/Everyone/Accentuate_VVS/Encoding_model_outputs/three0_250426-250501/three0_250426-250501_resnet50_robust_Ch56_Xtfmer_.layer4.Bottleneck1_pca750_RidgeCV_JITscript.pt,/n/holylabs/LABS/alvarez_lab/Everyone/Accentuate_VVS/Encoding_model_outputs/three0_250426-250501/three0_250426-250501_resnet50_robust_Ch56_readout_.layer4.Bottleneck1_pca750_RidgeCV.pth
resnet50_robust__.layer4.Bottleneck1__af37fa812c,three0_250426-250501,74,resnet50_robust,.layer4.Bottleneck1,20d6f84a7dde6bbc,7b6cbcd0c0a40cca,7be36c1d802686b3,969,750,774,/n/holylabs/LABS/alvarez_lab/Everyone/Accentuate_VVS/accentuation_configs/three0_250426-250501/three0_250426-250501_resnet50_robust_Ch74_accentuation_config.yaml,/n/holylabs/LABS/alvarez_lab/Lab/VVS_Accentuation/Encoding_models/three0_250426-250501/posthoc_model_predict_PCA_popul_unit/posthoc_prediction_NSDencimg_PCA_pop_unit_three0_250426-250501_unit74_resnet50_robust.pkl,/n/holylabs/LABS/alvarez_lab/Everyone/Accentuate_VVS/Encoding_model_outputs/three0_250426-250501/three0_250426-250501_resnet50_robust_Ch74_Xtfmer_.layer4.Bottleneck1_pca750_RidgeCV_JITscript.pt,/n/holylabs/LABS/alvarez_lab/Everyone/Accentuate_VVS/Encoding_model_outputs/three0_250426-250501/three0_250426-250501_resnet50_robust_Ch74_readout_.layer4.Bottleneck1_pca750_RidgeCV.pth
siglip2_vitb16__.trunk.blocks.Block11__efd32088a3,three0_250426-250501,120,siglip2_vitb16,.trunk.blocks.Block11,3c14f8cf8fc7a734,7b6cbcd0c0a40cca,7be36c1d802686b3,969,750,774,/n/holylabs/LABS/alvarez_lab/Everyone/Accentuate_VVS/accentuation_configs/three0_250426-250501/three0_250426-250501_siglip2_vitb16_Ch120_accentuation_config.yaml,/n/holylabs/LABS/alvarez_lab/Lab/VVS_Accentuation/Encoding_models/three0_250426-250501/posthoc_model_predict_PCA_popul_unit/posthoc_prediction_NSDencimg_PCA_pop_unit_three0_250426-250501_unit120_siglip2_vitb16.pkl,/n/holylabs/LABS/alvarez_lab/Everyone/Accentuate_VVS/Encoding_model_outputs/three0_250426-250501/three0_250426-250501_siglip2_vitb16_Ch120_Xtfmer_.trunk.blocks.Block11_pca750_RidgeCV_JITscript.pt,/n/holylabs/LABS/alvarez_lab/Everyone/Accentuate_VVS/Encoding_model_outputs/three0_250426-250501/three0_250426-250501_siglip2_vitb16_Ch120_readout_.trunk.blocks.Block11_pca750_RidgeCV.pth
siglip2_vitb16__.trunk.blocks.Block7__9574be1a2b,three0_250426-250501,168,siglip2_vitb16,.trunk.blocks.Block7,dec2d04bebbec3d9,7b6cbcd0c0a40cca,7be36c1d802686b3,969,750,774,/n/holylabs/LABS/alvarez_lab/Everyone/Accentuate_VVS/accentuation_configs/three0_250426-250501/three0_250426-250501_siglip2_vitb16_Ch168_accentuation_config.yaml,/n/holylabs/LABS/alvarez_lab/Lab/VVS_Accentuation/Encoding_models/three0_250426-250501/posthoc_model_predict_PCA_popul_unit/posthoc_prediction_NSDencimg_PCA_pop_unit_three0_250426-250501_unit168_siglip2_vitb16.pkl,/n/holylabs/LABS/alvarez_lab/Everyone/Accentuate_VVS/Encoding_model_outputs/three0_250426-250501/three0_250426-250501_siglip2_vitb16_Ch168_Xtfmer_.trunk.blocks.Block7_pca750_RidgeCV_JITscript.pt,/n/holylabs/LABS/alvarez_lab/Everyone/Accentuate_VVS/Encoding_model_outputs/three0_250426-250501/three0_250426-250501_siglip2_vitb16_Ch168_readout_.trunk.blocks.Block7_pca750_RidgeCV.pth
siglip2_vitb16__.trunk.blocks.Block7__9574be1a2b,three0_250426-250501,204,siglip2_vitb16,.trunk.blocks.Block7,dec2d04bebbec3d9,7b6cbcd0c0a40cca,7be36c1d802686b3,969,750,774,/n/holylabs/LABS/alvarez_lab/Everyone/Accentuate_VVS/accentuation_configs/three0_250426-250501/three0_250426-250501_siglip2_vitb16_Ch204_accentuation_config.yaml,/n/holylabs/LABS/alvarez_lab/Lab/VVS_Accentuation/Encoding_models/three0_250426-250501/posthoc_model_predict_PCA_popul_unit/posthoc_prediction_NSDencimg_PCA_pop_unit_three0_250426-250501_unit204_siglip2_vitb16.pkl,/n/holylabs/LABS/alvarez_lab/Everyone/Accentuate_VVS/Encoding_model_outputs/three0_250426-250501/three0_250426-250501_siglip2_vitb16_Ch204_Xtfmer_.trunk.blocks.Block7_pca750_RidgeCV_JITscript.pt,/n/holylabs/LABS/alvarez_lab/Everyone/Accentuate_VVS/Encoding_model_outputs/three0_250426-250501/three0_250426-250501_siglip2_vitb16_Ch204_readout_.trunk.blocks.Block7_pca750_RidgeCV.pth
siglip2_vitb16__.trunk.blocks.Block8__3e0fcbc0e7,three0_250426-250501,56,siglip2_vitb16,.trunk.blocks.Block8,d9e081cd668572a3,7b6cbcd0c0a40cca,7be36c1d802686b3,969,750,774,/n/holylabs/LABS/alvarez_lab/Everyone/Accentuate_VVS/accentuation_configs/three0_250426-250501/three0_250426-250501_siglip2_vitb16_Ch56_accentuation_config.yaml,/n/holylabs/LABS/alvarez_lab/Lab/VVS_Accentuation/Encoding_models/three0_250426-250501/posthoc_model_predict_PCA_popul_unit/posthoc_prediction_NSDencimg_PCA_pop_unit_three0_250426-250501_unit56_siglip2_vitb16.pkl,/n/holylabs/LABS/alvarez_lab/Everyone/Accentuate_VVS/Encoding_model_outputs/three0_250426-250501/three0_250426-250501_siglip2_vitb16_Ch56_Xtfmer_.trunk.blocks.Block8_pca750_RidgeCV_JITscript.pt,/n/holylabs/LABS/alvarez_lab/Everyone/Accentuate_VVS/Encoding_model_outputs/three0_250426-250501/three0_250426-250501_siglip2_vitb16_Ch56_readout_.trunk.blocks.Block8_pca750_RidgeCV.pth
siglip2_vitb16__.trunk.blocks.Block7__9574be1a2b,three0_250426-250501,74,siglip2_vitb16,.trunk.blocks.Block7,dec2d04bebbec3d9,7b6cbcd0c0a40cca,7be36c1d802686b3,969,750,774,/n/holylabs/LABS/alvarez_lab/Everyone/Accentuate_VVS/accentuation_configs/three0_250426-250501/three0_250426-250501_siglip2_vitb16_Ch74_accentuation_config.yaml,/n/holylabs/LABS/alvarez_lab/Lab/VVS_Accentuation/Encoding_models/three0_250426-250501/posthoc_model_predict_PCA_popul_unit/posthoc_prediction_NSDencimg_PCA_pop_unit_three0_250426-250501_unit74_siglip2_vitb16.pkl,/n/holylabs/LABS/alvarez_lab/Everyone/Accentuate_VVS/Encoding_model_outputs/three0_250426-250501/three0_250426-250501_siglip2_vitb16_Ch74_Xtfmer_.trunk.blocks.Block7_pca750_RidgeCV_JITscript.pt,/n/holylabs/LABS/alvarez_lab/Everyone/Accentuate_VVS/Encoding_model_outputs/three0_250426-250501/three0_250426-250501_siglip2_vitb16_Ch74_readout_.trunk.blocks.Block7_pca750_RidgeCV.pth
AlexNet_training_seed_01__.features.ReLU7__e1a249c099,venus_250426-250429,151,AlexNet_training_seed_01,.features.ReLU7,536f4ec119c2ecb6,7b6cbcd0c0a40cca,7be36c1d802686b3,969,750,774,/n/holylabs/LABS/alvarez_lab/Everyone/Accentuate_VVS/accentuation_configs/venus_250426-250429/venus_250426-250429_AlexNet_training_seed_01_Ch151_accentuation_config.yaml,/n/holylabs/LABS/alvarez_lab/Lab/VVS_Accentuation/Encoding_models/venus_250426-250429/posthoc_model_predict_PCA_popul_unit/posthoc_prediction_NSDencimg_PCA_pop_unit_venus_250426-250429_unit151_AlexNet_training_seed_01.pkl,/n/holylabs/LABS/alvarez_lab/Everyone/Accentuate_VVS/Encoding_model_outputs/venus_250426-250429/venus_250426-250429_AlexNet_training_seed_01_Ch151_Xtfmer_.features.ReLU7_pca750_RidgeCV_JITscript.pt,/n/holylabs/LABS/alvarez_lab/Everyone/Accentuate_VVS/Encoding_model_outputs/venus_250426-250429/venus_250426-250429_AlexNet_training_seed_01_Ch151_readout_.features.ReLU7_pca750_RidgeCV.pth
AlexNet_training_seed_01__.features.Conv2d8__cb25aef892,venus_250426-250429,331,AlexNet_training_seed_01,.features.Conv2d8,8d2d14c33f182c51,7b6cbcd0c0a40cca,7be36c1d802686b3,969,750,774,/n/holylabs/LABS/alvarez_lab/Everyone/Accentuate_VVS/accentuation_configs/venus_250426-250429/venus_250426-250429_AlexNet_training_seed_01_Ch331_accentuation_config.yaml,/n/holylabs/LABS/alvarez_lab/Lab/VVS_Accentuation/Encoding_models/venus_250426-250429/posthoc_model_predict_PCA_popul_unit/posthoc_prediction_NSDencimg_PCA_pop_unit_venus_250426-250429_unit331_AlexNet_training_seed_01.pkl,/n/holylabs/LABS/alvarez_lab/Everyone/Accentuate_VVS/Encoding_model_outputs/venus_250426-250429/venus_250426-250429_AlexNet_training_seed_01_Ch331_Xtfmer_.features.Conv2d8_pca750_RidgeCV_JITscript.pt,/n/holylabs/LABS/alvarez_lab/Everyone/Accentuate_VVS/Encoding_model_outputs/venus_250426-250429/venus_250426-250429_AlexNet_training_seed_01_Ch331_readout_.features.Conv2d8_pca750_RidgeCV.pth
AlexNet_training_seed_01__.classifier.Conv2d6__62eed7887c,venus_250426-250429,355,AlexNet_training_seed_01,.classifier.Conv2d6,9e0b45da7f99bbff,7b6cbcd0c0a40cca,7be36c1d802686b3,969,750,774,/n/holylabs/LABS/alvarez_lab/Everyone/Accentuate_VVS/accentuation_configs/venus_250426-250429/venus_250426-250429_AlexNet_training_seed_01_Ch355_accentuation_config.yaml,/n/holylabs/LABS/alvarez_lab/Lab/VVS_Accentuation/Encoding_models/venus_250426-250429/posthoc_model_predict_PCA_popul_unit/posthoc_prediction_NSDencimg_PCA_pop_unit_venus_250426-250429_unit355_AlexNet_training_seed_01.pkl,/n/holylabs/LABS/alvarez_lab/Everyone/Accentuate_VVS/Encoding_model_outputs/venus_250426-250429/venus_250426-250429_AlexNet_training_seed_01_Ch355_Xtfmer_.classifier.Conv2d6_pca750_RidgeCV_JITscript.pt,/n/holylabs/LABS/alvarez_lab/Everyone/Accentuate_VVS/Encoding_model_outputs/venus_250426-250429/venus_250426-250429_AlexNet_training_seed_01_Ch355_readout_.classifier.Conv2d6_pca750_RidgeCV.pth
AlexNet_training_seed_01__.features.ReLU7__e1a249c099,venus_250426-250429,79,AlexNet_training_seed_01,.features.ReLU7,536f4ec119c2ecb6,7b6cbcd0c0a40cca,7be36c1d802686b3,969,750,774,/n/holylabs/LABS/alvarez_lab/Everyone/Accentuate_VVS/accentuation_configs/venus_250426-250429/venus_250426-250429_AlexNet_training_seed_01_Ch79_accentuation_config.yaml,/n/holylabs/LABS/alvarez_lab/Lab/VVS_Accentuation/Encoding_models/venus_250426-250429/posthoc_model_predict_PCA_popul_unit/posthoc_prediction_NSDencimg_PCA_pop_unit_venus_250426-250429_unit79_AlexNet_training_seed_01.pkl,/n/holylabs/LABS/alvarez_lab/Everyone/Accentuate_VVS/Encoding_model_outputs/venus_250426-250429/venus_250426-250429_AlexNet_training_seed_01_Ch79_Xtfmer_.features.ReLU7_pca750_RidgeCV_JITscript.pt,/n/holylabs/LABS/alvarez_lab/Everyone/Accentuate_VVS/Encoding_model_outputs/venus_250426-250429/venus_250426-250429_AlexNet_training_seed_01_Ch79_readout_.features.ReLU7_pca750_RidgeCV.pth
AlexNet_training_seed_01__.features.ReLU7__e1a249c099,venus_250426-250429,9,AlexNet_training_seed_01,.features.ReLU7,536f4ec119c2ecb6,7b6cbcd0c0a40cca,7be36c1d802686b3,969,750,774,/n/holylabs/LABS/alvarez_lab/Everyone/Accentuate_VVS/accentuation_configs/venus_250426-250429/venus_250426-250429_AlexNet_training_seed_01_Ch9_accentuation_config.yaml,/n/holylabs/LABS/alvarez_lab/Lab/VVS_Accentuation/Encoding_models/venus_250426-250429/posthoc_model_predict_PCA_popul_unit/posthoc_prediction_NSDencimg_PCA_pop_unit_venus_250426-250429_unit9_AlexNet_training_seed_01.pkl,/n/holylabs/LABS/alvarez_lab/Everyone/Accentuate_VVS/Encoding_model_outputs/venus_250426-250429/venus_250426-250429_AlexNet_training_seed_01_Ch09_Xtfmer_.features.ReLU7_pca750_RidgeCV_JITscript.pt,/n/holylabs/LABS/alvarez_lab/Everyone/Accentuate_VVS/Encoding_model_outputs/venus_250426-250429/venus_250426-250429_AlexNet_training_seed_01_Ch09_readout_.features.ReLU7_pca750_RidgeCV.pth
clipag_vitb32__.transformer.resblocks.ResidualAttentionBlock4__27100964f3,venus_250426-250429,151,clipag_vitb32,.transformer.resblocks.ResidualAttentionBlock4,3a483a5b5ab6fa1a,7b6cbcd0c0a40cca,7be36c1d802686b3,969,750,774,/n/holylabs/LABS/alvarez_lab/Everyone/Accentuate_VVS/accentuation_configs/venus_250426-250429/venus_250426-250429_clipag_vitb32_Ch151_accentuation_config.yaml,/n/holylabs/LABS/alvarez_lab/Lab/VVS_Accentuation/Encoding_models/venus_250426-250429/posthoc_model_predict_PCA_popul_unit/posthoc_prediction_NSDencimg_PCA_pop_unit_venus_250426-250429_unit151_clipag_vitb32.pkl,/n/holylabs/LABS/alvarez_lab/Everyone/Accentuate_VVS/Encoding_model_outputs/venus_250426-250429/venus_250426-250429_clipag_vitb32_Ch151_Xtfmer_.transformer.resblocks.ResidualAttentionBlock4_pca750_RidgeCV_JITscript.pt,/n/holylabs/LABS/alvarez_lab/Everyone/Accentuate_VVS/Encoding_model_outputs/venus_250426-250429/venus_250426-250429_clipag_vitb32_Ch151_readout_.transformer.resblocks.ResidualAttentionBlock4_pca750_RidgeCV.pth
clipag_vitb32__.transformer.resblocks.ResidualAttentionBlock6__19cafa0e72,venus_250426-250429,331,clipag_vitb32,.transformer.resblocks.ResidualAttentionBlock6,61e6e2e2aade3b01,7b6cbcd0c0a40cca,7be36c1d802686b3,969,750,774,/n/holylabs/LABS/alvarez_lab/Everyone/Accentuate_VVS/accentuation_configs/venus_250426-250429/venus_250426-250429_clipag_vitb32_Ch331_accentuation_config.yaml,/n/holylabs/LABS/alvarez_lab/Lab/VVS_Accentuation/Encoding_models/venus_250426-250429/posthoc_model_predict_PCA_popul_unit/posthoc_prediction_NSDencimg_PCA_pop_unit_venus_250426-250429_unit331_clipag_vitb32.pkl,/n/holylabs/LABS/alvarez_lab/Everyone/Accentuate_VVS/Encoding_model_outputs/venus_250426-250429/venus_250426-250429_clipag_vitb32_Ch331_Xtfmer_.transformer.resblocks.ResidualAttentionBlock6_pca750_RidgeCV_JITscript.pt,/n/holylabs/LABS/alvarez_lab/Everyone/Accentuate_VVS/Encoding_model_outputs/venus_250426-250429/venus_250426-250429_clipag_vitb32_Ch331_readout_.transformer.resblocks.ResidualAttentionBlock6_pca750_RidgeCV.pth
clipag_vitb32__.transformer.resblocks.ResidualAttentionBlock6__19cafa0e72,venus_250426-250429,355,clipag_vitb32,.transformer.resblocks.ResidualAttentionBlock6,61e6e2e2aade3b01,7b6cbcd0c0a40cca,7be36c1d802686b3,969,750,774,/n/holylabs/LABS/alvarez_lab/Everyone/Accentuate_VVS/accentuation_configs/venus_250426-250429/venus_250426-250429_clipag_vitb32_Ch355_accentuation_config.yaml,/n/holylabs/LABS/alvarez_lab/Lab/VVS_Accentuation/Encoding_models/venus_250426-250429/posthoc_model_predict_PCA_popul_unit/posthoc_prediction_NSDencimg_PCA_pop_unit_venus_250426-250429_unit355_clipag_vitb32.pkl,/n/holylabs/LABS/alvarez_lab/Everyone/Accentuate_VVS/Encoding_model_outputs/venus_250426-250429/venus_250426-250429_clipag_vitb32_Ch355_Xtfmer_.transformer.resblocks.ResidualAttentionBlock6_pca750_RidgeCV_JITscript.pt,/n/holylabs/LABS/alvarez_lab/Everyone/Accentuate_VVS/Encoding_model_outputs/venus_250426-250429/venus_250426-250429_clipag_vitb32_Ch355_readout_.transformer.resblocks.ResidualAttentionBlock6_pca750_RidgeCV.pth
clipag_vitb32__.transformer.resblocks.ResidualAttentionBlock5__04d09ff54c,venus_250426-250429,79,clipag_vitb32,.transformer.resblocks.ResidualAttentionBlock5,353bc06eb7de1e1a,7b6cbcd0c0a40cca,7be36c1d802686b3,969,750,774,/n/holylabs/LABS/alvarez_lab/Everyone/Accentuate_VVS/accentuation_configs/venus_250426-250429/venus_250426-250429_clipag_vitb32_Ch79_accentuation_config.yaml,/n/holylabs/LABS/alvarez_lab/Lab/VVS_Accentuation/Encoding_models/venus_250426-250429/posthoc_model_predict_PCA_popul_unit/posthoc_prediction_NSDencimg_PCA_pop_unit_venus_250426-250429_unit79_clipag_vitb32.pkl,/n/holylabs/LABS/alvarez_lab/Everyone/Accentuate_VVS/Encoding_model_outputs/venus_250426-250429/venus_250426-250429_clipag_vitb32_Ch79_Xtfmer_.transformer.resblocks.ResidualAttentionBlock5_pca750_RidgeCV_JITscript.pt,/n/holylabs/LABS/alvarez_lab/Everyone/Accentuate_VVS/Encoding_model_outputs/venus_250426-250429/venus_250426-250429_clipag_vitb32_Ch79_readout_.transformer.resblocks.ResidualAttentionBlock5_pca750_RidgeCV.pth
clipag_vitb32__.transformer.resblocks.ResidualAttentionBlock8__a5217d79b5,venus_250426-250429,9,clipag_vitb32,.transformer.resblocks.ResidualAttentionBlock8,6d3e636216696ab9,7b6cbcd0c0a40cca,7be36c1d802686b3,969,750,774,/n/holylabs/LABS/alvarez_lab/Everyone/Accentuate_VVS/accentuation_configs/venus_250426-250429/venus_250426-250429_clipag_vitb32_Ch9_accentuation_config.yaml,/n/holylabs/LABS/alvarez_lab/Lab/VVS_Accentuation/Encoding_models/venus_250426-250429/posthoc_model_predict_PCA_popul_unit/posthoc_prediction_NSDencimg_PCA_pop_unit_venus_250426-250429_unit9_clipag_vitb32.pkl,/n/holylabs/LABS/alvarez_lab/Everyone/Accentuate_VVS/Encoding_model_outputs/venus_250426-250429/venus_250426-250429_clipag_vitb32_Ch09_Xtfmer_.transformer.resblocks.ResidualAttentionBlock8_pca750_RidgeCV_JITscript.pt,/n/holylabs/LABS/alvarez_lab/Everyone/Accentuate_VVS/Encoding_model_outputs/venus_250426-250429/venus_250426-250429_clipag_vitb32_Ch09_readout_.transformer.resblocks.ResidualAttentionBlock8_pca750_RidgeCV.pth
dinov2_vitb14_reg__.blocks.NestedTensorBlock5__a606b55b61,venus_250426-250429,151,dinov2_vitb14_reg,.blocks.NestedTensorBlock5,e1be4b79aa24b22f,7b6cbcd0c0a40cca,7be36c1d802686b3,969,750,774,/n/holylabs/LABS/alvarez_lab/Everyone/Accentuate_VVS/accentuation_configs/venus_250426-250429/venus_250426-250429_dinov2_vitb14_reg_Ch151_accentuation_config.yaml,/n/holylabs/LABS/alvarez_lab/Lab/VVS_Accentuation/Encoding_models/venus_250426-250429/posthoc_model_predict_PCA_popul_unit/posthoc_prediction_NSDencimg_PCA_pop_unit_venus_250426-250429_unit151_dinov2_vitb14_reg.pkl,/n/holylabs/LABS/alvarez_lab/Everyone/Accentuate_VVS/Encoding_model_outputs/venus_250426-250429/venus_250426-250429_dinov2_vitb14_reg_Ch151_Xtfmer_.blocks.NestedTensorBlock5_pca750_RidgeCV_JITscript.pt,/n/holylabs/LABS/alvarez_lab/Everyone/Accentuate_VVS/Encoding_model_outputs/venus_250426-250429/venus_250426-250429_dinov2_vitb14_reg_Ch151_readout_.blocks.NestedTensorBlock5_pca750_RidgeCV.pth
dinov2_vitb14_reg__.blocks.NestedTensorBlock5__a606b55b61,venus_250426-250429,331,dinov2_vitb14_reg,.blocks.NestedTensorBlock5,e1be4b79aa24b22f,7b6cbcd0c0a40cca,7be36c1d802686b3,969,750,774,/n/holylabs/LABS/alvarez_lab/Everyone/Accentuate_VVS/accentuation_configs/venus_250426-250429/venus_250426-250429_dinov2_vitb14_reg_Ch331_accentuation_config.yaml,/n/holylabs/LABS/alvarez_lab/Lab/VVS_Accentuation/Encoding_models/venus_250426-250429/posthoc_model_predict_PCA_popul_unit/posthoc_prediction_NSDencimg_PCA_pop_unit_venus_250426-250429_unit331_dinov2_vitb14_reg.pkl,/n/holylabs/LABS/alvarez_lab/Everyone/Accentuate_VVS/Encoding_model_outputs/venus_250426-250429/venus_250426-250429_dinov2_vitb14_reg_Ch331_Xtfmer_.blocks.NestedTensorBlock5_pca750_RidgeCV_JITscript.pt,/n/holylabs/LABS/alvarez_lab/Everyone/Accentuate_VVS/Encoding_model_outputs/venus_250426-250429/venus_250426-250429_dinov2_vitb14_reg_Ch331_readout_.blocks.NestedTensorBlock5_pca750_RidgeCV.pth
dinov2_vitb14_reg__.blocks.NestedTensorBlock5__a606b55b61,venus_250426-250429,355,dinov2_vitb14_reg,.blocks.NestedTensorBlock5,e1be4b79aa24b22f,7b6cbcd0c0a40cca,7be36c1d802686b3,969,750,774,/n/holylabs/LABS/alvarez_lab/Everyone/Accentuate_VVS/accentuation_configs/venus_250426-250429/venus_250426-250429_dinov2_vitb14_reg_Ch355_accentuation_config.yaml,/n/holylabs/LABS/alvarez_lab/Lab/VVS_Accentuation/Encoding_models/venus_250426-250429/posthoc_model_predict_PCA_popul_unit/posthoc_prediction_NSDencimg_PCA_pop_unit_venus_250426-250429_unit355_dinov2_vitb14_reg.pkl,/n/holylabs/LABS/alvarez_lab/Everyone/Accentuate_VVS/Encoding_model_outputs/venus_250426-250429/venus_250426-250429_dinov2_vitb14_reg_Ch355_Xtfmer_.blocks.NestedTensorBlock5_pca750_RidgeCV_JITscript.pt,/n/holylabs/LABS/alvarez_lab/Everyone/Accentuate_VVS/Encoding_model_outputs/venus_250426-250429/venus_250426-250429_dinov2_vitb14_reg_Ch355_readout_.blocks.NestedTensorBlock5_pca750_RidgeCV.pth
dinov2_vitb14_reg__.blocks.NestedTensorBlock5__a606b55b61,venus_250426-250429,79,dinov2_vitb14_reg,.blocks.NestedTensorBlock5,e1be4b79aa24b22f,7b6cbcd0c0a40cca,7be36c1d802686b3,969,750,774,/n/holylabs/LABS/alvarez_lab/Everyone/Accentuate_VVS/accentuation_configs/venus_250426-250429/venus_250426-250429_dinov2_vitb14_reg_Ch79_accentuation_config.yaml,/n/holylabs/LABS/alvarez_lab/Lab/VVS_Accentuation/Encoding_models/venus_250426-250429/posthoc_model_predict_PCA_popul_unit/posthoc_prediction_NSDencimg_PCA_pop_unit_venus_250426-250429_unit79_dinov2_vitb14_reg.pkl,/n/holylabs/LABS/alvarez_lab/Everyone/Accentuate_VVS/Encoding_model_outputs/venus_250426-250429/venus_250426-250429_dinov2_vitb14_reg_Ch79_Xtfmer_.blocks.NestedTensorBlock5_pca750_RidgeCV_JITscript.pt,/n/holylabs/LABS/alvarez_lab/Everyone/Accentuate_VVS/Encoding_model_outputs/venus_250426-250429/venus_250426-250429_dinov2_vitb14_reg_Ch79_readout_.blocks.NestedTensorBlock5_pca750_RidgeCV.pth
dinov2_vitb14_reg__.blocks.NestedTensorBlock7__7cad87db8b,venus_250426-250429,9,dinov2_vitb14_reg,.blocks.NestedTensorBlock7,34216c6849dc7f70,7b6cbcd0c0a40cca,7be36c1d802686b3,969,750,774,/n/holylabs/LABS/alvarez_lab/Everyone/Accentuate_VVS/accentuation_configs/venus_250426-250429/venus_250426-250429_dinov2_vitb14_reg_Ch9_accentuation_config.yaml,/n/holylabs/LABS/alvarez_lab/Lab/VVS_Accentuation/Encoding_models/venus_250426-250429/posthoc_model_predict_PCA_popul_unit/posthoc_prediction_NSDencimg_PCA_pop_unit_venus_250426-250429_unit9_dinov2_vitb14_reg.pkl,/n/holylabs/LABS/alvarez_lab/Everyone/Accentuate_VVS/Encoding_model_outputs/venus_250426-250429/venus_250426-250429_dinov2_vitb14_reg_Ch09_Xtfmer_.blocks.NestedTensorBlock7_pca750_RidgeCV_JITscript.pt,/n/holylabs/LABS/alvarez_lab/Everyone/Accentuate_VVS/Encoding_model_outputs/venus_250426-250429/venus_250426-250429_dinov2_vitb14_reg_Ch09_readout_.blocks.NestedTensorBlock7_pca750_RidgeCV.pth
radio_v2.5-b__.model.blocks.Block4__fc63cb6d0a,venus_250426-250429,151,radio_v2.5-b,.model.blocks.Block4,79e72e2fdbaec1bc,7b6cbcd0c0a40cca,7be36c1d802686b3,969,750,774,/n/holylabs/LABS/alvarez_lab/Everyone/Accentuate_VVS/accentuation_configs/venus_250426-250429/venus_250426-250429_radio_v2.5-b_Ch151_accentuation_config.yaml,/n/holylabs/LABS/alvarez_lab/Lab/VVS_Accentuation/Encoding_models/venus_250426-250429/posthoc_model_predict_PCA_popul_unit/posthoc_prediction_NSDencimg_PCA_pop_unit_venus_250426-250429_unit151_radio_v2.5-b.pkl,/n/holylabs/LABS/alvarez_lab/Everyone/Accentuate_VVS/Encoding_model_outputs/venus_250426-250429/venus_250426-250429_radio_v2.5-b_Ch151_Xtfmer_.model.blocks.Block4_pca750_RidgeCV_JITscript.pt,/n/holylabs/LABS/alvarez_lab/Everyone/Accentuate_VVS/Encoding_model_outputs/venus_250426-250429/venus_250426-250429_radio_v2.5-b_Ch151_readout_.model.blocks.Block4_pca750_RidgeCV.pth
radio_v2.5-b__.model.blocks.Block5__9fe153bdbd,venus_250426-250429,331,radio_v2.5-b,.model.blocks.Block5,470e43e9ba864539,7b6cbcd0c0a40cca,7be36c1d802686b3,969,750,774,/n/holylabs/LABS/alvarez_lab/Everyone/Accentuate_VVS/accentuation_configs/venus_250426-250429/venus_250426-250429_radio_v2.5-b_Ch331_accentuation_config.yaml,/n/holylabs/LABS/alvarez_lab/Lab/VVS_Accentuation/Encoding_models/venus_250426-250429/posthoc_model_predict_PCA_popul_unit/posthoc_prediction_NSDencimg_PCA_pop_unit_venus_250426-250429_unit331_radio_v2.5-b.pkl,/n/holylabs/LABS/alvarez_lab/Everyone/Accentuate_VVS/Encoding_model_outputs/venus_250426-250429/venus_250426-250429_radio_v2.5-b_Ch331_Xtfmer_.model.blocks.Block5_pca750_RidgeCV_JITscript.pt,/n/holylabs/LABS/alvarez_lab/Everyone/Accentuate_VVS/Encoding_model_outputs/venus_250426-250429/venus_250426-250429_radio_v2.5-b_Ch331_readout_.model.blocks.Block5_pca750_RidgeCV.pth
radio_v2.5-b__.model.blocks.Block6__acc444f483,venus_250426-250429,355,radio_v2.5-b,.model.blocks.Block6,234aabb76c34aeeb,7b6cbcd0c0a40cca,7be36c1d802686b3,969,750,774,/n/holylabs/LABS/alvarez_lab/Everyone/Accentuate_VVS/accentuation_configs/venus_250426-250429/venus_250426-250429_radio_v2.5-b_Ch355_accentuation_config.yaml,/n/holylabs/LABS/alvarez_lab/Lab/VVS_Accentuation/Encoding_models/venus_250426-250429/posthoc_model_predict_PCA_popul_unit/posthoc_prediction_NSDencimg_PCA_pop_unit_venus_250426-250429_unit355_radio_v2.5-b.pkl,/n/holylabs/LABS/alvarez_lab/Everyone/Accentuate_VVS/Encoding_model_outputs/venus_250426-250429/venus_250426-250429_radio_v2.5-b_Ch355_Xtfmer_.model.blocks.Block6_pca750_RidgeCV_JITscript.pt,/n/holylabs/LABS/alvarez_lab/Everyone/Accentuate_VVS/Encoding_model_outputs/venus_250426-250429/venus_250426-250429_radio_v2.5-b_Ch355_readout_.model.blocks.Block6_pca750_RidgeCV.pth
radio_v2.5-b__.model.blocks.Block7__17d2e7ce44,venus_250426-250429,79,radio_v2.5-b,.model.blocks.Block7,e8b99c95295da5ba,7b6cbcd0c0a40cca,7be36c1d802686b3,969,750,774,/n/holylabs/LABS/alvarez_lab/Everyone/Accentuate_VVS/accentuation_configs/venus_250426-250429/venus_250426-250429_radio_v2.5-b_Ch79_accentuation_config.yaml,/n/holylabs/LABS/alvarez_lab/Lab/VVS_Accentuation/Encoding_models/venus_250426-250429/posthoc_model_predict_PCA_popul_unit/posthoc_prediction_NSDencimg_PCA_pop_unit_venus_250426-250429_unit79_radio_v2.5-b.pkl,/n/holylabs/LABS/alvarez_lab/Everyone/Accentuate_VVS/Encoding_model_outputs/venus_250426-250429/venus_250426-250429_radio_v2.5-b_Ch79_Xtfmer_.model.blocks.Block7_pca750_RidgeCV_JITscript.pt,/n/holylabs/LABS/alvarez_lab/Everyone/Accentuate_VVS/Encoding_model_outputs/venus_250426-250429/venus_250426-250429_radio_v2.5-b_Ch79_readout_.model.blocks.Block7_pca750_RidgeCV.pth
radio_v2.5-b__.model.blocks.Block10__2a39fcd583,venus_250426-250429,9,radio_v2.5-b,.model.blocks.Block10,4a220aa3a55cb09c,7b6cbcd0c0a40cca,7be36c1d802686b3,969,750,774,/n/holylabs/LABS/alvarez_lab/Everyone/Accentuate_VVS/accentuation_configs/venus_250426-250429/venus_250426-250429_radio_v2.5-b_Ch9_accentuation_config.yaml,/n/holylabs/LABS/alvarez_lab/Lab/VVS_Accentuation/Encoding_models/venus_250426-250429/posthoc_model_predict_PCA_popul_unit/posthoc_prediction_NSDencimg_PCA_pop_unit_venus_250426-250429_unit9_radio_v2.5-b.pkl,/n/holylabs/LABS/alvarez_lab/Everyone/Accentuate_VVS/Encoding_model_outputs/venus_250426-250429/venus_250426-250429_radio_v2.5-b_Ch09_Xtfmer_.model.blocks.Block10_pca750_RidgeCV_JITscript.pt,/n/holylabs/LABS/alvarez_lab/Everyone/Accentuate_VVS/Encoding_model_outputs/venus_250426-250429/venus_250426-250429_radio_v2.5-b_Ch09_readout_.model.blocks.Block10_pca750_RidgeCV.pth
regnety_640__.s3.Bottleneckb5__00b2e5825d,venus_250426-250429,151,regnety_640,.s3.Bottleneckb5,39bd4ab5535c5ce3,7b6cbcd0c0a40cca,7be36c1d802686b3,969,750,774,/n/holylabs/LABS/alvarez_lab/Everyone/Accentuate_VVS/accentuation_configs/venus_250426-250429/venus_250426-250429_regnety_640_Ch151_accentuation_config.yaml,/n/holylabs/LABS/alvarez_lab/Lab/VVS_Accentuation/Encoding_models/venus_250426-250429/posthoc_model_predict_PCA_popul_unit/posthoc_prediction_NSDencimg_PCA_pop_unit_venus_250426-250429_unit151_regnety_640.pkl,/n/holylabs/LABS/alvarez_lab/Everyone/Accentuate_VVS/Encoding_model_outputs/venus_250426-250429/venus_250426-250429_regnety_640_Ch151_Xtfmer_.s3.Bottleneckb5_pca750_RidgeCV_JITscript.pt,/n/holylabs/LABS/alvarez_lab/Everyone/Accentuate_VVS/Encoding_model_outputs/venus_250426-250429/venus_250426-250429_regnety_640_Ch151_readout_.s3.Bottleneckb5_pca750_RidgeCV.pth
regnety_640__.s3.Bottleneckb3__dec3b30327,venus_250426-250429,331,regnety_640,.s3.Bottleneckb3,eeeef688fe9c6d09,7b6cbcd0c0a40cca,7be36c1d802686b3,969,750,774,/n/holylabs/LABS/alvarez_lab/Everyone/Accentuate_VVS/accentuation_configs/venus_250426-250429/venus_250426-250429_regnety_640_Ch331_accentuation_config.yaml,/n/holylabs/LABS/alvarez_lab/Lab/VVS_Accentuation/Encoding_models/venus_250426-250429/posthoc_model_predict_PCA_popul_unit/posthoc_prediction_NSDencimg_PCA_pop_unit_venus_250426-250429_unit331_regnety_640.pkl,/n/holylabs/LABS/alvarez_lab/Everyone/Accentuate_VVS/Encoding_model_outputs/venus_250426-250429/venus_250426-250429_regnety_640_Ch331_Xtfmer_.s3.Bottleneckb3_pca750_RidgeCV_JITscript.pt,/n/holylabs/LABS/alvarez_lab/Everyone/Accentuate_VVS/Encoding_model_outputs/venus_250426-250429/venus_250426-250429_regnety_640_Ch331_readout_.s3.Bottleneckb3_pca750_RidgeCV.pth
regnety_640__.s3.Bottleneckb9__b30282c9d3,venus_250426-250429,355,regnety_640,.s3.Bottleneckb9,a293ce71c5af5a8c,7b6cbcd0c0a40cca,7be36c1d802686b3,969,750,774,/n/holylabs/LABS/alvarez_lab/Everyone/Accentuate_VVS/accentuation_configs/venus_250426-250429/venus_250426-250429_regnety_640_Ch355_accentuation_config.yaml,/n/holylabs/LABS/alvarez_lab/Lab/VVS_Accentuation/Encoding_models/venus_250426-250429/posthoc_model_predict_PCA_popul_unit/posthoc_prediction_NSDencimg_PCA_pop_unit_venus_250426-250429_unit355_regnety_640.pkl,/n/holylabs/LABS/alvarez_lab/Everyone/Accentuate_VVS/Encoding_model_outputs/venus_250426-250429/venus_250426-250429_regnety_640_Ch355_Xtfmer_.s3.Bottleneckb9_pca750_RidgeCV_JITscript.pt,/n/holylabs/LABS/alvarez_lab/Everyone/Accentuate_VVS/Encoding_model_outputs/venus_250426-250429/venus_250426-250429_regnety_640_Ch355_readout_.s3.Bottleneckb9_pca750_RidgeCV.pth
regnety_640__.s3.Bottleneckb7__f6f3d2fd33,venus_250426-250429,79,regnety_640,.s3.Bottleneckb7,f5621f887658a5a5,7b6cbcd0c0a40cca,7be36c1d802686b3,969,750,774,/n/holylabs/LABS/alvarez_lab/Everyone/Accentuate_VVS/accentuation_configs/venus_250426-250429/venus_250426-250429_regnety_640_Ch79_accentuation_config.yaml,/n/holylabs/LABS/alvarez_lab/Lab/VVS_Accentuation/Encoding_models/venus_250426-250429/posthoc_model_predict_PCA_popul_unit/posthoc_prediction_NSDencimg_PCA_pop_unit_venus_250426-250429_unit79_regnety_640.pkl,/n/holylabs/LABS/alvarez_lab/Everyone/Accentuate_VVS/Encoding_model_outputs/venus_250426-250429/venus_250426-250429_regnety_640_Ch79_Xtfmer_.s3.Bottleneckb7_pca750_RidgeCV_JITscript.pt,/n/holylabs/LABS/alvarez_lab/Everyone/Accentuate_VVS/Encoding_model_outputs/venus_250426-250429/venus_250426-250429_regnety_640_Ch79_readout_.s3.Bottleneckb7_pca750_RidgeCV.pth
regnety_640__.s3.Bottleneckb3__dec3b30327,venus_250426-250429,9,regnety_640,.s3.Bottleneckb3,eeeef688fe9c6d09,7b6cbcd0c0a40cca,7be36c1d802686b3,969,750,774,/n/holylabs/LABS/alvarez_lab/Everyone/Accentuate_VVS/accentuation_configs/venus_250426-250429/venus_250426-250429_regnety_640_Ch9_accentuation_config.yaml,/n/holylabs/LABS/alvarez_lab/Lab/VVS_Accentuation/Encoding_models/venus_250426-250429/posthoc_model_predict_PCA_popul_unit/posthoc_prediction_NSDencimg_PCA_pop_unit_venus_250426-250429_unit9_regnety_640.pkl,/n/holylabs/LABS/alvarez_lab/Everyone/Accentuate_VVS/Encoding_model_outputs/venus_250426-250429/venus_250426-250429_regnety_640_Ch09_Xtfmer_.s3.Bottleneckb3_pca750_RidgeCV_JITscript.pt,/n/holylabs/LABS/alvarez_lab/Everyone/Accentuate_VVS/Encoding_model_outputs/venus_250426-250429/venus_250426-250429_regnety_640_Ch09_readout_.s3.Bottleneckb3_pca750_RidgeCV.pth
resnet50__.layer3.Bottleneck3__cabefbe255,venus_250426-250429,151,resnet50,.layer3.Bottleneck3,693439598be5fa8d,7b6cbcd0c0a40cca,7be36c1d802686b3,969,750,774,/n/holylabs/LABS/alvarez_lab/Everyone/Accentuate_VVS/accentuation_configs/venus_250426-250429/venus_250426-250429_resnet50_Ch151_accentuation_config.yaml,/n/holylabs/LABS/alvarez_lab/Lab/VVS_Accentuation/Encoding_models/venus_250426-250429/posthoc_model_predict_PCA_popul_unit/posthoc_prediction_NSDencimg_PCA_pop_unit_venus_250426-250429_unit151_resnet50.pkl,/n/holylabs/LABS/alvarez_lab/Everyone/Accentuate_VVS/Encoding_model_outputs/venus_250426-250429/venus_250426-250429_resnet50_Ch151_Xtfmer_.layer3.Bottleneck3_pca750_RidgeCV_JITscript.pt,/n/holylabs/LABS/alvarez_lab/Everyone/Accentuate_VVS/Encoding_model_outputs/venus_250426-250429/venus_250426-250429_resnet50_Ch151_readout_.layer3.Bottleneck3_pca750_RidgeCV.pth
resnet50__.layer3.Bottleneck2__8aca2b9a9a,venus_250426-250429,331,resnet50,.layer3.Bottleneck2,bee8779647697dbc,7b6cbcd0c0a40cca,7be36c1d802686b3,969,750,774,/n/holylabs/LABS/alvarez_lab/Everyone/Accentuate_VVS/accentuation_configs/venus_250426-250429/venus_250426-250429_resnet50_Ch331_accentuation_config.yaml,/n/holylabs/LABS/alvarez_lab/Lab/VVS_Accentuation/Encoding_models/venus_250426-250429/posthoc_model_predict_PCA_popul_unit/posthoc_prediction_NSDencimg_PCA_pop_unit_venus_250426-250429_unit331_resnet50.pkl,/n/holylabs/LABS/alvarez_lab/Everyone/Accentuate_VVS/Encoding_model_outputs/venus_250426-250429/venus_250426-250429_resnet50_Ch331_Xtfmer_.layer3.Bottleneck2_pca750_RidgeCV_JITscript.pt,/n/holylabs/LABS/alvarez_lab/Everyone/Accentuate_VVS/Encoding_model_outputs/venus_250426-250429/venus_250426-250429_resnet50_Ch331_readout_.layer3.Bottleneck2_pca750_RidgeCV.pth
resnet50__.layer3.Bottleneck3__cabefbe255,venus_250426-250429,355,resnet50,.layer3.Bottleneck3,693439598be5fa8d,7b6cbcd0c0a40cca,7be36c1d802686b3,969,750,774,/n/holylabs/LABS/alvarez_lab/Everyone/Accentuate_VVS/accentuation_configs/venus_250426-250429/venus_250426-250429_resnet50_Ch355_accentuation_config.yaml,/n/holylabs/LABS/alvarez_lab/Lab/VVS_Accentuation/Encoding_models/venus_250426-250429/posthoc_model_predict_PCA_popul_unit/posthoc_prediction_NSDencimg_PCA_pop_unit_venus_250426-250429_unit355_resnet50.pkl,/n/holylabs/LABS/alvarez_lab/Everyone/Accentuate_VVS/Encoding_model_outputs/venus_250426-250429/venus_250426-250429_resnet50_Ch355_Xtfmer_.layer3.Bottleneck3_pca750_RidgeCV_JITscript.pt,/n/holylabs/LABS/alvarez_lab/Everyone/Accentuate_VVS/Encoding_model_outputs/venus_250426-250429/venus_250426-250429_resnet50_Ch355_readout_.layer3.Bottleneck3_pca750_RidgeCV.pth
resnet50__.layer3.Bottleneck3__cabefbe255,venus_250426-250429,79,resnet50,.layer3.Bottleneck3,693439598be5fa8d,7b6cbcd0c0a40cca,7be36c1d802686b3,969,750,774,/n/holylabs/LABS/alvarez_lab/Everyone/Accentuate_VVS/accentuation_configs/venus_250426-250429/venus_250426-250429_resnet50_Ch79_accentuation_config.yaml,/n/holylabs/LABS/alvarez_lab/Lab/VVS_Accentuation/Encoding_models/venus_250426-250429/posthoc_model_predict_PCA_popul_unit/posthoc_prediction_NSDencimg_PCA_pop_unit_venus_250426-250429_unit79_resnet50.pkl,/n/holylabs/LABS/alvarez_lab/Everyone/Accentuate_VVS/Encoding_model_outputs/venus_250426-250429/venus_250426-250429_resnet50_Ch79_Xtfmer_.layer3.Bottleneck3_pca750_RidgeCV_JITscript.pt,/n/holylabs/LABS/alvarez_lab/Everyone/Accentuate_VVS/Encoding_model_outputs/venus_250426-250429/venus_250426-250429_resnet50_Ch79_readout_.layer3.Bottleneck3_pca750_RidgeCV.pth
resnet50__.layer3.Bottleneck4__fe851e4e44,venus_250426-250429,9,resnet50,.layer3.Bottleneck4,659bf53447cec4fe,7b6cbcd0c0a40cca,7be36c1d802686b3,969,750,774,/n/holylabs/LABS/alvarez_lab/Everyone/Accentuate_VVS/accentuation_configs/venus_250426-250429/venus_250426-250429_resnet50_Ch9_accentuation_config.yaml,/n/holylabs/LABS/alvarez_lab/Lab/VVS_Accentuation/Encoding_models/venus_250426-250429/posthoc_model_predict_PCA_popul_unit/posthoc_prediction_NSDencimg_PCA_pop_unit_venus_250426-250429_unit9_resnet50.pkl,/n/holylabs/LABS/alvarez_lab/Everyone/Accentuate_VVS/Encoding_model_outputs/venus_250426-250429/venus_250426-250429_resnet50_Ch09_Xtfmer_.layer3.Bottleneck4_pca750_RidgeCV_JITscript.pt,/n/holylabs/LABS/alvarez_lab/Everyone/Accentuate_VVS/Encoding_model_outputs/venus_250426-250429/venus_250426-250429_resnet50_Ch09_readout_.layer3.Bottleneck4_pca750_RidgeCV.pth
resnet50_clip__.layer3.Bottleneck1__16a06b893f,venus_250426-250429,151,resnet50_clip,.layer3.Bottleneck1,be90151fa13f497a,7b6cbcd0c0a40cca,7be36c1d802686b3,969,750,774,/n/holylabs/LABS/alvarez_lab/Everyone/Accentuate_VVS/accentuation_configs/venus_250426-250429/venus_250426-250429_resnet50_clip_Ch151_accentuation_config.yaml,/n/holylabs/LABS/alvarez_lab/Lab/VVS_Accentuation/Encoding_models/venus_250426-250429/posthoc_model_predict_PCA_popul_unit/posthoc_prediction_NSDencimg_PCA_pop_unit_venus_250426-250429_unit151_resnet50_clip.pkl,/n/holylabs/LABS/alvarez_lab/Everyone/Accentuate_VVS/Encoding_model_outputs/venus_250426-250429/venus_250426-250429_resnet50_clip_Ch151_Xtfmer_.layer3.Bottleneck1_pca750_RidgeCV_JITscript.pt,/n/holylabs/LABS/alvarez_lab/Everyone/Accentuate_VVS/Encoding_model_outputs/venus_250426-250429/venus_250426-250429_resnet50_clip_Ch151_readout_.layer3.Bottleneck1_pca750_RidgeCV.pth
resnet50_clip__.layer3.Bottleneck5__cd4b551763,venus_250426-250429,331,resnet50_clip,.layer3.Bottleneck5,69fa331dd6fbf708,7b6cbcd0c0a40cca,7be36c1d802686b3,969,750,774,/n/holylabs/LABS/alvarez_lab/Everyone/Accentuate_VVS/accentuation_configs/venus_250426-250429/venus_250426-250429_resnet50_clip_Ch331_accentuation_config.yaml,/n/holylabs/LABS/alvarez_lab/Lab/VVS_Accentuation/Encoding_models/venus_250426-250429/posthoc_model_predict_PCA_popul_unit/posthoc_prediction_NSDencimg_PCA_pop_unit_venus_250426-250429_unit331_resnet50_clip.pkl,/n/holylabs/LABS/alvarez_lab/Everyone/Accentuate_VVS/Encoding_model_outputs/venus_250426-250429/venus_250426-250429_resnet50_clip_Ch331_Xtfmer_.layer3.Bottleneck5_pca750_RidgeCV_JITscript.pt,/n/holylabs/LABS/alvarez_lab/Everyone/Accentuate_VVS/Encoding_model_outputs/venus_250426-250429/venus_250426-250429_resnet50_clip_Ch331_readout_.layer3.Bottleneck5_pca750_RidgeCV.pth
resnet50_clip__.layer4.Bottleneck1__9cfd21d4a8,venus_250426-250429,355,resnet50_clip,.layer4.Bottleneck1,3bbd0607de253d06,7b6cbcd0c0a40cca,7be36c1d802686b3,969,750,774,/n/holylabs/LABS/alvarez_lab/Everyone/Accentuate_VVS/accentuation_configs/venus_250426-250429/venus_250426-250429_resnet50_clip_Ch355_accentuation_config.yaml,/n/holylabs/LABS/alvarez_lab/Lab/VVS_Accentuation/Encoding_models/venus_250426-250429/posthoc_model_predict_PCA_popul_unit/posthoc_prediction_NSDencimg_PCA_pop_unit_venus_250426-250429_unit355_resnet50_clip.pkl,/n/holylabs/LABS/alvarez_lab/Everyone/Accentuate_VVS/Encoding_model_outputs/venus_250426-250429/venus_250426-250429_resnet50_clip_Ch355_Xtfmer_.layer4.Bottleneck1_pca750_RidgeCV_JITscript.pt,/n/holylabs/LABS/alvarez_lab/Everyone/Accentuate_VVS/Encoding_model_outputs/venus_250426-250429/venus_250426-250429_resnet50_clip_Ch355_readout_.layer4.Bottleneck1_pca750_RidgeCV.pth
resnet50_clip__.layer3.Bottleneck2__a2882187a5,venus_250426-250429,79,resnet50_clip,.layer3.Bottleneck2,c30ce5c80cd9ed3a,7b6cbcd0c0a40cca,7be36c1d802686b3,969,750,774,/n/holylabs/LABS/alvarez_lab/Everyone/Accentuate_VVS/accentuation_configs/venus_250426-250429/venus_250426-250429_resnet50_clip_Ch79_accentuation_config.yaml,/n/holylabs/LABS/alvarez_lab/Lab/VVS_Accentuation/Encoding_models/venus_250426-250429/posthoc_model_predict_PCA_popul_unit/posthoc_prediction_NSDencimg_PCA_pop_unit_venus_250426-250429_unit79_resnet50_clip.pkl,/n/holylabs/LABS/alvarez_lab/Everyone/Accentuate_VVS/Encoding_model_outputs/venus_250426-250429/venus_250426-250429_resnet50_clip_Ch79_Xtfmer_.layer3.Bottleneck2_pca750_RidgeCV_JITscript.pt,/n/holylabs/LABS/alvarez_lab/Everyone/Accentuate_VVS/Encoding_model_outputs/venus_250426-250429/venus_250426-250429_resnet50_clip_Ch79_readout_.layer3.Bottleneck2_pca750_RidgeCV.pth
resnet50_clip__.layer3.Bottleneck5__cd4b551763,venus_250426-250429,9,resnet50_clip,.layer3.Bottleneck5,69fa331dd6fbf708,7b6cbcd0c0a40cca,7be36c1d802686b3,969,750,774,/n/holylabs/LABS/alvarez_lab/Everyone/Accentuate_VVS/accentuation_configs/venus_250426-250429/venus_250426-250429_resnet50_clip_Ch9_accentuation_config.yaml,/n/holylabs/LABS/alvarez_lab/Lab/VVS_Accentuation/Encoding_models/venus_250426-250429/posthoc_model_predict_PCA_popul_unit/posthoc_prediction_NSDencimg_PCA_pop_unit_venus_250426-250429_unit9_resnet50_clip.pkl,/n/holylabs/LABS/alvarez_lab/Everyone/Accentuate_VVS/Encoding_model_outputs/venus_250426-250429/venus_250426-250429_resnet50_clip_Ch09_Xtfmer_.layer3.Bottleneck5_pca750_RidgeCV_JITscript.pt,/n/holylabs/LABS/alvarez_lab/Everyone/Accentuate_VVS/Encoding_model_outputs/venus_250426-250429/venus_250426-250429_resnet50_clip_Ch09_readout_.layer3.Bottleneck5_pca750_RidgeCV.pth
resnet50_dino__.layer3.Bottleneck5__a56147500a,venus_250426-250429,151,resnet50_dino,.layer3.Bottleneck5,510173e3e0bc20cf,7b6cbcd0c0a40cca,7be36c1d802686b3,969,750,774,/n/holylabs/LABS/alvarez_lab/Everyone/Accentuate_VVS/accentuation_configs/venus_250426-250429/venus_250426-250429_resnet50_dino_Ch151_accentuation_config.yaml,/n/holylabs/LABS/alvarez_lab/Lab/VVS_Accentuation/Encoding_models/venus_250426-250429/posthoc_model_predict_PCA_popul_unit/posthoc_prediction_NSDencimg_PCA_pop_unit_venus_250426-250429_unit151_resnet50_dino.pkl,/n/holylabs/LABS/alvarez_lab/Everyone/Accentuate_VVS/Encoding_model_outputs/venus_250426-250429/venus_250426-250429_resnet50_dino_Ch151_Xtfmer_.layer3.Bottleneck5_pca750_RidgeCV_JITscript.pt,/n/holylabs/LABS/alvarez_lab/Everyone/Accentuate_VVS/Encoding_model_outputs/venus_250426-250429/venus_250426-250429_resnet50_dino_Ch151_readout_.layer3.Bottleneck5_pca750_RidgeCV.pth
resnet50_dino__.layer4.Bottleneck0__6379bde673,venus_250426-250429,331,resnet50_dino,.layer4.Bottleneck0,821305d785e80d1b,7b6cbcd0c0a40cca,7be36c1d802686b3,969,750,774,/n/holylabs/LABS/alvarez_lab/Everyone/Accentuate_VVS/accentuation_configs/venus_250426-250429/venus_250426-250429_resnet50_dino_Ch331_accentuation_config.yaml,/n/holylabs/LABS/alvarez_lab/Lab/VVS_Accentuation/Encoding_models/venus_250426-250429/posthoc_model_predict_PCA_popul_unit/posthoc_prediction_NSDencimg_PCA_pop_unit_venus_250426-250429_unit331_resnet50_dino.pkl,/n/holylabs/LABS/alvarez_lab/Everyone/Accentuate_VVS/Encoding_model_outputs/venus_250426-250429/venus_250426-250429_resnet50_dino_Ch331_Xtfmer_.layer4.Bottleneck0_pca750_RidgeCV_JITscript.pt,/n/holylabs/LABS/alvarez_lab/Everyone/Accentuate_VVS/Encoding_model_outputs/venus_250426-250429/venus_250426-250429_resnet50_dino_Ch331_readout_.layer4.Bottleneck0_pca750_RidgeCV.pth
resnet50_dino__.layer3.Bottleneck2__c2bc25709f,venus_250426-250429,355,resnet50_dino,.layer3.Bottleneck2,c51891f088cc7f7f,7b6cbcd0c0a40cca,7be36c1d802686b3,969,750,774,/n/holylabs/LABS/alvarez_lab/Everyone/Accentuate_VVS/accentuation_configs/venus_250426-250429/venus_250426-250429_resnet50_dino_Ch355_accentuation_config.yaml,/n/holylabs/LABS/alvarez_lab/Lab/VVS_Accentuation/Encoding_models/venus_250426-250429/posthoc_model_predict_PCA_popul_unit/posthoc_prediction_NSDencimg_PCA_pop_unit_venus_250426-250429_unit355_resnet50_dino.pkl,/n/holylabs/LABS/alvarez_lab/Everyone/Accentuate_VVS/Encoding_model_outputs/venus_250426-250429/venus_250426-250429_resnet50_dino_Ch355_Xtfmer_.layer3.Bottleneck2_pca750_RidgeCV_JITscript.pt,/n/holylabs/LABS/alvarez_lab/Everyone/Accentuate_VVS/Encoding_model_outputs/venus_250426-250429/venus_250426-250429_resnet50_dino_Ch355_readout_.layer3.Bottleneck2_pca750_RidgeCV.pth
resnet50_dino__.layer4.Bottleneck1__4435581331,venus_250426-250429,79,resnet50_dino,.layer4.Bottleneck1,5d9f31fa85a77529,7b6cbcd0c0a40cca,7be36c1d802686b3,969,750,774,/n/holylabs/LABS/alvarez_lab/Everyone/Accentuate_VVS/accentuation_configs/venus_250426-250429/venus_250426-250429_resnet50_dino_Ch79_accentuation_config.yaml,/n/holylabs/LABS/alvarez_lab/Lab/VVS_Accentuation/Encoding_models/venus_250426-250429/posthoc_model_predict_PCA_popul_unit/posthoc_prediction_NSDencimg_PCA_pop_unit_venus_250426-250429_unit79_resnet50_dino.pkl,/n/holylabs/LABS/alvarez_lab/Everyone/Accentuate_VVS/Encoding_model_outputs/venus_250426-250429/venus_250426-250429_resnet50_dino_Ch79_Xtfmer_.layer4.Bottleneck1_pca750_RidgeCV_JITscript.pt,/n/holylabs/LABS/alvarez_lab/Everyone/Accentuate_VVS/Encoding_model_outputs/venus_250426-250429/venus_250426-250429_resnet50_dino_Ch79_readout_.layer4.Bottleneck1_pca750_RidgeCV.pth
resnet50_dino__.layer3.Bottleneck4__b8361158b8,venus_250426-250429,9,resnet50_dino,.layer3.Bottleneck4,653a6d348f4a904f,7b6cbcd0c0a40cca,7be36c1d802686b3,969,750,774,/n/holylabs/LABS/alvarez_lab/Everyone/Accentuate_VVS/accentuation_configs/venus_250426-250429/venus_250426-250429_resnet50_dino_Ch9_accentuation_config.yaml,/n/holylabs/LABS/alvarez_lab/Lab/VVS_Accentuation/Encoding_models/venus_250426-250429/posthoc_model_predict_PCA_popul_unit/posthoc_prediction_NSDencimg_PCA_pop_unit_venus_250426-250429_unit9_resnet50_dino.pkl,/n/holylabs/LABS/alvarez_lab/Everyone/Accentuate_VVS/Encoding_model_outputs/venus_250426-250429/venus_250426-250429_resnet50_dino_Ch09_Xtfmer_.layer3.Bottleneck4_pca750_RidgeCV_JITscript.pt,/n/holylabs/LABS/alvarez_lab/Everyone/Accentuate_VVS/Encoding_model_outputs/venus_250426-250429/venus_250426-250429_resnet50_dino_Ch09_readout_.layer3.Bottleneck4_pca750_RidgeCV.pth
resnet50_robust__.layer3.Bottleneck3__5f62f97197,venus_250426-250429,151,resnet50_robust,.layer3.Bottleneck3,70b7a1e4acf4001e,7b6cbcd0c0a40cca,7be36c1d802686b3,969,750,774,/n/holylabs/LABS/alvarez_lab/Everyone/Accentuate_VVS/accentuation_configs/venus_250426-250429/venus_250426-250429_resnet50_robust_Ch151_accentuation_config.yaml,/n/holylabs/LABS/alvarez_lab/Lab/VVS_Accentuation/Encoding_models/venus_250426-250429/posthoc_model_predict_PCA_popul_unit/posthoc_prediction_NSDencimg_PCA_pop_unit_venus_250426-250429_unit151_resnet50_robust.pkl,/n/holylabs/LABS/alvarez_lab/Everyone/Accentuate_VVS/Encoding_model_outputs/venus_250426-250429/venus_250426-250429_resnet50_robust_Ch151_Xtfmer_.layer3.Bottleneck3_pca750_RidgeCV_JITscript.pt,/n/holylabs/LABS/alvarez_lab/Everyone/Accentuate_VVS/Encoding_model_outputs/venus_250426-250429/venus_250426-250429_resnet50_robust_Ch151_readout_.layer3.Bottleneck3_pca750_RidgeCV.pth
resnet50_robust__.layer4.Bottleneck1__af37fa812c,venus_250426-250429,331,resnet50_robust,.layer4.Bottleneck1,20d6f84a7dde6bbc,7b6cbcd0c0a40cca,7be36c1d802686b3,969,750,774,/n/holylabs/LABS/alvarez_lab/Everyone/Accentuate_VVS/accentuation_configs/venus_250426-250429/venus_250426-250429_resnet50_robust_Ch331_accentuation_config.yaml,/n/holylabs/LABS/alvarez_lab/Lab/VVS_Accentuation/Encoding_models/venus_250426-250429/posthoc_model_predict_PCA_popul_unit/posthoc_prediction_NSDencimg_PCA_pop_unit_venus_250426-250429_unit331_resnet50_robust.pkl,/n/holylabs/LABS/alvarez_lab/Everyone/Accentuate_VVS/Encoding_model_outputs/venus_250426-250429/venus_250426-250429_resnet50_robust_Ch331_Xtfmer_.layer4.Bottleneck1_pca750_RidgeCV_JITscript.pt,/n/holylabs/LABS/alvarez_lab/Everyone/Accentuate_VVS/Encoding_model_outputs/venus_250426-250429/venus_250426-250429_resnet50_robust_Ch331_readout_.layer4.Bottleneck1_pca750_RidgeCV.pth
resnet50_robust__.layer3.Bottleneck4__8e36524a3a,venus_250426-250429,355,resnet50_robust,.layer3.Bottleneck4,b19595978784cc58,7b6cbcd0c0a40cca,7be36c1d802686b3,969,750,774,/n/holylabs/LABS/alvarez_lab/Everyone/Accentuate_VVS/accentuation_configs/venus_250426-250429/venus_250426-250429_resnet50_robust_Ch355_accentuation_config.yaml,/n/holylabs/LABS/alvarez_lab/Lab/VVS_Accentuation/Encoding_models/venus_250426-250429/posthoc_model_predict_PCA_popul_unit/posthoc_prediction_NSDencimg_PCA_pop_unit_venus_250426-250429_unit355_resnet50_robust.pkl,/n/holylabs/LABS/alvarez_lab/Everyone/Accentuate_VVS/Encoding_model_outputs/venus_250426-250429/venus_250426-250429_resnet50_robust_Ch355_Xtfmer_.layer3.Bottleneck4_pca750_RidgeCV_JITscript.pt,/n/holylabs/LABS/alvarez_lab/Everyone/Accentuate_VVS/Encoding_model_outputs/venus_250426-250429/venus_250426-250429_resnet50_robust_Ch355_readout_.layer3.Bottleneck4_pca750_RidgeCV.pth
resnet50_robust__.layer4.Bottleneck1__af37fa812c,venus_250426-250429,79,resnet50_robust,.layer4.Bottleneck1,20d6f84a7dde6bbc,7b6cbcd0c0a40cca,7be36c1d802686b3,969,750,774,/n/holylabs/LABS/alvarez_lab/Everyone/Accentuate_VVS/accentuation_configs/venus_250426-250429/venus_250426-250429_resnet50_robust_Ch79_accentuation_config.yaml,/n/holylabs/LABS/alvarez_lab/Lab/VVS_Accentuation/Encoding_models/venus_250426-250429/posthoc_model_predict_PCA_popul_unit/posthoc_prediction_NSDencimg_PCA_pop_unit_venus_250426-250429_unit79_resnet50_robust.pkl,/n/holylabs/LABS/alvarez_lab/Everyone/Accentuate_VVS/Encoding_model_outputs/venus_250426-250429/venus_250426-250429_resnet50_robust_Ch79_Xtfmer_.layer4.Bottleneck1_pca750_RidgeCV_JITscript.pt,/n/holylabs/LABS/alvarez_lab/Everyone/Accentuate_VVS/Encoding_model_outputs/venus_250426-250429/venus_250426-250429_resnet50_robust_Ch79_readout_.layer4.Bottleneck1_pca750_RidgeCV.pth
resnet50_robust__.layer3.Bottleneck4__8e36524a3a,venus_250426-250429,9,resnet50_robust,.layer3.Bottleneck4,b19595978784cc58,7b6cbcd0c0a40cca,7be36c1d802686b3,969,750,774,/n/holylabs/LABS/alvarez_lab/Everyone/Accentuate_VVS/accentuation_configs/venus_250426-250429/venus_250426-250429_resnet50_robust_Ch9_accentuation_config.yaml,/n/holylabs/LABS/alvarez_lab/Lab/VVS_Accentuation/Encoding_models/venus_250426-250429/posthoc_model_predict_PCA_popul_unit/posthoc_prediction_NSDencimg_PCA_pop_unit_venus_250426-250429_unit9_resnet50_robust.pkl,/n/holylabs/LABS/alvarez_lab/Everyone/Accentuate_VVS/Encoding_model_outputs/venus_250426-250429/venus_250426-250429_resnet50_robust_Ch09_Xtfmer_.layer3.Bottleneck4_pca750_RidgeCV_JITscript.pt,/n/holylabs/LABS/alvarez_lab/Everyone/Accentuate_VVS/Encoding_model_outputs/venus_250426-250429/venus_250426-250429_resnet50_robust_Ch09_readout_.layer3.Bottleneck4_pca750_RidgeCV.pth
siglip2_vitb16__.trunk.blocks.Block5__f04fd1fc70,venus_250426-250429,151,siglip2_vitb16,.trunk.blocks.Block5,0241898e99015cf0,7b6cbcd0c0a40cca,7be36c1d802686b3,969,750,774,/n/holylabs/LABS/alvarez_lab/Everyone/Accentuate_VVS/accentuation_configs/venus_250426-250429/venus_250426-250429_siglip2_vitb16_Ch151_accentuation_config.yaml,/n/holylabs/LABS/alvarez_lab/Lab/VVS_Accentuation/Encoding_models/venus_250426-250429/posthoc_model_predict_PCA_popul_unit/posthoc_prediction_NSDencimg_PCA_pop_unit_venus_250426-250429_unit151_siglip2_vitb16.pkl,/n/holylabs/LABS/alvarez_lab/Everyone/Accentuate_VVS/Encoding_model_outputs/venus_250426-250429/venus_250426-250429_siglip2_vitb16_Ch151_Xtfmer_.trunk.blocks.Block5_pca750_RidgeCV_JITscript.pt,/n/holylabs/LABS/alvarez_lab/Everyone/Accentuate_VVS/Encoding_model_outputs/venus_250426-250429/venus_250426-250429_siglip2_vitb16_Ch151_readout_.trunk.blocks.Block5_pca750_RidgeCV.pth
siglip2_vitb16__.trunk.blocks.Block7__9574be1a2b,venus_250426-250429,331,siglip2_vitb16,.trunk.blocks.Block7,dec2d04bebbec3d9,7b6cbcd0c0a40cca,7be36c1d802686b3,969,750,774,/n/holylabs/LABS/alvarez_lab/Everyone/Accentuate_VVS/accentuation_configs/venus_250426-250429/venus_250426-250429_siglip2_vitb16_Ch331_accentuation_config.yaml,/n/holylabs/LABS/alvarez_lab/Lab/VVS_Accentuation/Encoding_models/venus_250426-250429/posthoc_model_predict_PCA_popul_unit/posthoc_prediction_NSDencimg_PCA_pop_unit_venus_250426-250429_unit331_siglip2_vitb16.pkl,/n/holylabs/LABS/alvarez_lab/Everyone/Accentuate_VVS/Encoding_model_outputs/venus_250426-250429/venus_250426-250429_siglip2_vitb16_Ch331_Xtfmer_.trunk.blocks.Block7_pca750_RidgeCV_JITscript.pt,/n/holylabs/LABS/alvarez_lab/Everyone/Accentuate_VVS/Encoding_model_outputs/venus_250426-250429/venus_250426-250429_siglip2_vitb16_Ch331_readout_.trunk.blocks.Block7_pca750_RidgeCV.pth
siglip2_vitb16__.trunk.blocks.Block4__54933bacf0,venus_250426-250429,355,siglip2_vitb16,.trunk.blocks.Block4,a3febec3a64da8e3,7b6cbcd0c0a40cca,7be36c1d802686b3,969,750,774,/n/holylabs/LABS/alvarez_lab/Everyone/Accentuate_VVS/accentuation_configs/venus_250426-250429/venus_250426-250429_siglip2_vitb16_Ch355_accentuation_config.yaml,/n/holylabs/LABS/alvarez_lab/Lab/VVS_Accentuation/Encoding_models/venus_250426-250429/posthoc_model_predict_PCA_popul_unit/posthoc_prediction_NSDencimg_PCA_pop_unit_venus_250426-250429_unit355_siglip2_vitb16.pkl,/n/holylabs/LABS/alvarez_lab/Everyone/Accentuate_VVS/Encoding_model_outputs/venus_250426-250429/venus_250426-250429_siglip2_vitb16_Ch355_Xtfmer_.trunk.blocks.Block4_pca750_RidgeCV_JITscript.pt,/n/holylabs/LABS/alvarez_lab/Everyone/Accentuate_VVS/Encoding_model_outputs/venus_250426-250429/venus_250426-250429_siglip2_vitb16_Ch355_readout_.trunk.blocks.Block4_pca750_RidgeCV.pth
siglip2_vitb16__.trunk.blocks.Block5__f04fd1fc70,venus_250426-250429,79,siglip2_vitb16,.trunk.blocks.Block5,0241898e99015cf0,7b6cbcd0c0a40cca,7be36c1d802686b3,969,750,774,/n/holylabs/LABS/alvarez_lab/Everyone/Accentuate_VVS/accentuation_configs/venus_250426-250429/venus_250426-250429_siglip2_vitb16_Ch79_accentuation_config.yaml,/n/holylabs/LABS/alvarez_lab/Lab/VVS_Accentuation/Encoding_models/venus_250426-250429/posthoc_model_predict_PCA_popul_unit/posthoc_prediction_NSDencimg_PCA_pop_unit_venus_250426-250429_unit79_siglip2_vitb16.pkl,/n/holylabs/LABS/alvarez_lab/Everyone/Accentuate_VVS/Encoding_model_outputs/venus_250426-250429/venus_250426-250429_siglip2_vitb16_Ch79_Xtfmer_.trunk.blocks.Block5_pca750_RidgeCV_JITscript.pt,/n/holylabs/LABS/alvarez_lab/Everyone/Accentuate_VVS/Encoding_model_outputs/venus_250426-250429/venus_250426-250429_siglip2_vitb16_Ch79_readout_.trunk.blocks.Block5_pca750_RidgeCV.pth
siglip2_vitb16__.trunk.blocks.Block7__9574be1a2b,venus_250426-250429,9,siglip2_vitb16,.trunk.blocks.Block7,dec2d04bebbec3d9,7b6cbcd0c0a40cca,7be36c1d802686b3,969,750,774,/n/holylabs/LABS/alvarez_lab/Everyone/Accentuate_VVS/accentuation_configs/venus_250426-250429/venus_250426-250429_siglip2_vitb16_Ch9_accentuation_config.yaml,/n/holylabs/LABS/alvarez_lab/Lab/VVS_Accentuation/Encoding_models/venus_250426-250429/posthoc_model_predict_PCA_popul_unit/posthoc_prediction_NSDencimg_PCA_pop_unit_venus_250426-250429_unit9_siglip2_vitb16.pkl,/n/holylabs/LABS/alvarez_lab/Everyone/Accentuate_VVS/Encoding_model_outputs/venus_250426-250429/venus_250426-250429_siglip2_vitb16_Ch09_Xtfmer_.trunk.blocks.Block7_pca750_RidgeCV_JITscript.pt,/n/holylabs/LABS/alvarez_lab/Everyone/Accentuate_VVS/Encoding_model_outputs/venus_250426-250429/venus_250426-250429_siglip2_vitb16_Ch09_readout_.trunk.blocks.Block7_pca750_RidgeCV.pth
